siRNA,mRNA,label,y,td,MFE_guide,GC_content,delta_deltaG_ends,dG_total,dG_seed_only_canonical,dG_seed,n_mismatch,diff_positions,diff_count,diff_band,diff_offset,mismatch_side
CUAAUAUGUUAAUUGAUUU,AAAUUGAAAGGAAUUGUAUAAAUCAAUUAACAUAUUAGCUGAGUUGXXXXXXXXXXX,0.3445190156599553,0,"-1.6,-2.08,-10.48,0,0,-149.37999999999997,0.5263157894736842,0,0.10526315789473684,0,0,0.0,-1.33,0.16666666666666666,1,1,0.0,-0.93,0,0.0,0,-0.93,0.2222222222222222,0",0.000,15.8,-1.6000,-20.5700,-7.9000,-7.9000,0.0,,0,none,19,guide
AAUAUGUUAAUUGAUUUAU,UAAAAUUGAAAGGAAUUGUAUAAAUCAAUUAACAUAUUAGCUGAGUUGXXXXXXXXX,0.2863534675615212,0,"0.17,-0.93,-6.82,0,0,-144.55999999999997,0.5263157894736842,0,0.10526315789473684,0,0,0.0,-1.1,0.16666666666666666,0,0,0.0,-1.1,0,0.0,0,-2.35,0.2222222222222222,0",0.000,10.5,0.1700,-19.2400,-8.8100,-8.8100,0.0,,0,none,19,guide
GAUUUAUACAAUUCCUUUC,CUUAUUUUUAGAUAAAAUUGAAAGGAAUUGUAUAAAUCAAUUAACAUAUUAGCUGAG,0.3832960477255779,0,"0.0,-2.35,-12.44,0,1,-163.86,0.4736842105263158,0,0.05263157894736842,0,0,0.0,-1.1,0.1111111111111111,0,0,0.05555555555555555,-2.35,0,0.0,0,-2.35,0.2777777777777778,0",0.000,26.3,0.0000,-24.6900,-6.7200,-6.7200,0.0,,0,none,19,guide
CAAUUCCUUUCAAUUUUAU,UUGGUCUGCUUAUUUUUAGAUAAAAUUGAAAGGAAUUGUAUAAAUCAAUUAACAUAU,0.2714392244593587,0,"-1.46,-2.11,-10.44,0,0,-152.68999999999994,0.5263157894736842,0,0.0,0,0,0.0,-0.93,0.05555555555555555,0,1,0.05555555555555555,-1.1,0,0.0,0,-1.1,0.3333333333333333,0",0.000,21.1,-1.4600,-22.1900,-10.6500,-10.6500,0.0,,0,none,19,guide
CAGACCAAAAUUAAAUAAG,UGGAAUCUUAUGUAACUUUCUUAUUUAAUUUUGGUCUGCUUAUUUUUAGAUAAAAUU,0.3892617449664429,0,"-0.03,-2.11,-10.44,0,0,-157.33999999999997,0.15789473684210525,0,0.10526315789473684,0,0,0.0,-2.08,0.1111111111111111,0,1,0.05555555555555555,-2.08,0,0.0,0,-0.93,0.05555555555555555,0",0.000,26.3,-0.0300,-23.8100,-12.9700,-12.9700,0.0,,0,none,19,guide
AGACCAAAAUUAAAUAAGA,AUGGAAUCUUAUGUAACUUUCUUAUUUAAUUUUGGUCUGCUUAUUUUUAGAUAAAAU,0.3296047725577927,0,"0.27,-2.08,-10.48,0,0,-151.89999999999995,0.15789473684210525,0,0.10526315789473684,0,0,0.0,-2.35,0.1111111111111111,0,0,0.05555555555555555,-2.35,0,0.0,0,-0.93,0.05555555555555555,1",0.000,21.1,0.2700,-23.2000,-11.8200,-11.8200,0.0,,0,none,19,guide
ACCAAAAUUAAAUAAGAAA,AAAUGGAAUCUUAUGUAACUUUCUUAUUUAAUUUUGGUCUGCUUAUUUUUAGAUAAA,0.3288590604026846,0,"-0.86,-2.24,-11.4,0,0,-142.61999999999995,0.15789473684210525,0,0.05263157894736842,0,0,0.0,-3.26,0.1111111111111111,0,0,0.05555555555555555,-0.93,0,0.0,0,-1.33,0.05555555555555555,1",0.000,15.8,-1.3100,-20.4800,-9.2600,-9.2600,0.0,,0,none,19,guide
CAAAAUUAAAUAAGAAAGU,UCAAAUGGAAUCUUAUGUAACUUUCUUAUUUAAUUUUGGUCUGCUUAUUUUUAGAUA,0.3251304996271439,0,"-0.77,-2.11,-10.44,0,0,-143.43,0.21052631578947367,0,0.10526315789473684,0,0,0.0,-0.93,0.1111111111111111,0,1,0.0,-2.24,0,0.0,0,-2.08,0.05555555555555555,0",0.000,15.8,-0.3200,-20.1500,-6.1500,-6.1500,0.0,,0,none,19,guide
UAAGAAAGUUACAUAAGAU,UUAUGUAUGCUCAAAUGGAAUCUUAUGUAACUUUCUUAUUUAAUUUUGGUCUGCUUA,0.4407158836689038,0,"-0.23,-1.33,-7.69,1,0,-154.43999999999997,0.2631578947368421,0,0.15789473684210525,0,0,0.0,-0.93,0.16666666666666666,0,0,0.0,-1.1,0,0.0,0,-1.1,0.05555555555555555,0",0.000,21.1,-0.2300,-23.7300,-9.3000,-9.3000,0.0,,0,none,19,guide
AAGUUACAUAAGAUUCCAU,UGGCCUUAUGUAUGCUCAAAUGGAAUCUUAUGUAACUUUCUUAUUUAAUUUUGGUCU,0.3810589112602535,0,"0.17,-0.93,-6.82,0,0,-162.65999999999997,0.3157894736842105,0,0.10526315789473684,0,0,0.0,-2.08,0.1111111111111111,0,0,0.05555555555555555,-1.1,0,0.0,0,-1.1,0.1111111111111111,0",0.000,26.3,0.1700,-25.8600,-10.9300,-10.9300,0.0,,0,none,19,guide
ACAUAAGAUUCCAUUUGAG,UAUCAUGGCCUUAUGUAUGCUCAAAUGGAAUCUUAUGUAACUUUCUUAUUUAAUUUU,0.4138702460850112,0,"0.74,-2.24,-11.4,0,0,-170.17,0.3157894736842105,0,0.15789473684210525,0,0,0.0,-2.11,0.05555555555555555,0,0,0.05555555555555555,-2.08,0,0.0,0,-1.1,0.16666666666666666,0",0.000,31.6,0.2900,-27.4500,-9.9000,-9.9000,0.0,,0,none,19,guide
AAGAUUCCAUUUGAGCAUA,AAAGUAUCAUGGCCUUAUGUAUGCUCAAAUGGAAUCUUAUGUAACUUUCUUAUUUAA,0.4079045488441462,0,"0.4,-0.93,-6.82,0,0,-169.92999999999995,0.3157894736842105,0,0.15789473684210525,0,0,0.0,-2.08,0.05555555555555555,0,0,0.05555555555555555,-1.33,0,0.05555555555555555,0,-2.35,0.16666666666666666,1",0.000,31.6,0.4000,-28.0800,-12.0700,-12.0700,0.0,,0,none,19,guide
CCAUUUGAGCAUACAUAAG,CACAUUAAAGUAUCAUGGCCUUAUGUAUGCUCAAAUGGAAUCUUAUGUAACUUUCUU,0.3281133482475764,0,"-0.73,-3.26,-13.39,0,0,-175.19999999999996,0.2631578947368421,0,0.15789473684210525,0,0,0.0,-2.11,0.1111111111111111,0,1,0.05555555555555555,-2.08,1,0.05555555555555555,0,-2.24,0.1111111111111111,0",0.000,36.8,-1.1800,-29.0300,-9.5300,-9.5300,0.0,,0,none,19,guide
CAUUUGAGCAUACAUAAGG,UCACAUUAAAGUAUCAUGGCCUUAUGUAUGCUCAAAUGGAAUCUUAUGUAACUUUCU,0.4854586129753915,0,"0.7,-2.11,-10.44,0,0,-175.2,0.2631578947368421,0,0.21052631578947367,0,0,0.05555555555555555,-1.1,0.1111111111111111,0,1,0.0,-3.26,0,0.05555555555555555,0,-2.11,0.1111111111111111,0",0.000,36.8,1.1500,-29.2300,-9.5000,-9.5000,0.0,,0,none,19,guide
AUAAGGCCAUGAUACUUUA,AAGAAAUGGUGGUUCACAUUAAAGUAUCAUGGCCUUAUGUAUGCUCAAAUGGAAUCU,0.5659955257270693,1,"0.23,-1.1,-9.38,0,0,-167.95999999999995,0.3157894736842105,0,0.15789473684210525,0,0,0.05555555555555555,-1.33,0.16666666666666666,1,0,0.05555555555555555,-1.33,0,0.05555555555555555,0,-1.33,0.1111111111111111,1",-0.300,31.6,0.2300,-28.3500,-14.2800,-14.2800,0.0,,0,none,19,guide
GCCAUGAUACUUUAAUGUG,CUUCCAAGAAAUGGUGGUUCACAUUAAAGUAUCAUGGCCUUAUGUAUGCUCAAAUGG,0.465324384787472,0,"-0.86,-3.42,-14.88,0,1,-176.11999999999995,0.3684210526315789,0,0.21052631578947367,0,1,0.0,-3.26,0.1111111111111111,0,0,0.05555555555555555,-2.11,0,0.05555555555555555,0,-1.33,0.1111111111111111,0",0.000,36.8,-1.3100,-28.9900,-12.0300,-12.0300,0.0,,0,none,19,guide
UUAAUGUGAACCACCAUUU,AUGUCUUCUUUCUUCCAAGAAAUGGUGGUUCACAUUAAAGUAUCAUGGCCUUAUGUA,0.6398210290827739,1,"0.0,-0.93,-6.82,1,0,-164.67999999999995,0.3684210526315789,1,0.10526315789473684,0,0,0.0,-1.33,0.05555555555555555,1,0,0.1111111111111111,-0.93,0,0.0,0,-2.24,0.16666666666666666,0",0.000,31.6,0.0000,-27.7200,-9.8200,-9.8200,0.0,,0,none,19,guide
UGUGAACCACCAUUUCUUG,UUGGAUGUCUUCUUUCUUCCAAGAAAUGGUGGUUCACAUUAAAGUAUCAUGGCCUUA,0.6331096196868009,1,"0.9,-2.11,-10.44,1,0,-177.86999999999995,0.3684210526315789,0,0.15789473684210525,0,0,0.0,-2.24,0.0,0,0,0.1111111111111111,-2.11,0,0.0,0,-0.93,0.16666666666666666,0",0.000,42.1,0.4500,-31.1000,-13.1300,-13.1300,0.0,,0,none,19,guide
GAACCACCAUUUCUUGGAA,CAUUUGGAUGUCUUCUUUCUUCCAAGAAAUGGUGGUUCACAUUAAAGUAUCAUGGCC,0.2856077554064131,0,"-1.87,-2.35,-12.44,0,1,-178.23999999999995,0.2631578947368421,0,0.15789473684210525,0,0,0.05555555555555555,-0.93,0.0,0,0,0.1111111111111111,-0.93,0,0.0,0,-2.08,0.16666666666666666,1",-2.000,42.1,-1.8700,-31.3800,-14.0400,-14.0400,0.0,,0,none,19,guide
AUUUCUUGGAAGAAAGAAG,GAAUCGGACAUUUGGAUGUCUUCUUUCUUCCAAGAAAUGGUGGUUCACAUUAAAGUA,0.4004474272930649,0,"1.43,-1.1,-9.38,0,0,-165.29999999999995,0.2631578947368421,0,0.2631578947368421,0,0,0.05555555555555555,-0.93,0.0,1,0,0.0,-2.08,0,0.0,0,-0.93,0.16666666666666666,0",-2.900,31.6,1.4300,-26.5600,-9.3300,-9.3300,0.0,,0,none,19,guide
UGGAAGAAAGAAGACAUCC,CUCUCUGAAUCGGACAUUUGGAUGUCUUCUUUCUUCCAAGAAAUGGUGGUUCACAUU,0.6204325130499627,1,"1.6,-2.11,-10.44,1,0,-182.03,0.10526315789473684,0,0.2631578947368421,0,0,0.05555555555555555,-3.26,0.0,0,0,0.05555555555555555,-3.26,0,0.0,0,-2.35,0.0,0",-0.100,42.1,1.6000,-31.6500,-11.9000,-11.9000,0.0,,0,none,19,guide
GGAAGAAAGAAGACAUCCA,UCUCUCUGAAUCGGACAUUUGGAUGUCUUCUUUCUUCCAAGAAAUGGUGGUUCACAU,0.5100671140939598,0,"-1.6,-3.26,-13.39,0,1,-182.03000000000003,0.05263157894736842,0,0.2631578947368421,1,0,0.05555555555555555,-2.35,0.0,0,0,0.05555555555555555,-2.11,0,0.0,0,-2.24,0.0,1",-1.800,42.1,-1.6000,-31.7000,-9.5700,-9.5700,0.0,,0,none,19,guide
GAAAGAAGACAUCCAAAUG,ACUUUCUCUCUGAAUCGGACAUUUGGAUGUCUUCUUUCUUCCAAGAAAUGGUGGUUC,0.5488441461595824,1,"-0.24,-2.35,-12.44,0,1,-176.07999999999996,0.10526315789473684,0,0.21052631578947367,0,0,0.0,-0.93,0.0,0,0,0.05555555555555555,-2.11,0,0.0,0,-3.26,0.0,0",0.000,36.8,-0.2400,-28.6500,-9.3000,-9.3000,0.0,,0,none,19,guide
AAGACAUCCAAAUGUCCGA,CAGGAACUUUCUCUCUGAAUCGGACAUUUGGAUGUCUUCUUUCUUCCAAGAAAUGGU,0.6189410887397464,1,"0.97,-0.93,-6.82,0,0,-179.95,0.15789473684210525,0,0.15789473684210525,0,0,0.0,-2.08,0.0,0,0,0.1111111111111111,-2.35,0,0.0,0,-2.11,0.0,1",-3.400,42.1,1.4200,-31.5200,-12.2300,-12.2300,0.0,,0,none,19,guide
CAUCCAAAUGUCCGAUUCA,UGGCCAGGAACUUUCUCUCUGAAUCGGACAUUUGGAUGUCUUCUUUCUUCCAAGAAA,0.2900820283370619,0,"-0.9,-2.11,-10.44,0,0,-181.61,0.2631578947368421,0,0.10526315789473684,0,0,0.0,-1.1,0.0,0,1,0.1111111111111111,-2.11,0,0.0,0,-2.36,0.05555555555555555,1",0.000,42.1,-0.4500,-30.7600,-10.6800,-10.6800,0.0,,0,none,19,guide
UUCCUGGCCAGUCAUCCAG,GAAGAGUGGAGAGAGUCUACUGGAUGACUGGCCAGGAACUUUCUCUCUGAAUCGGAC,0.5645041014168531,1,"1.6,-0.93,-6.82,1,0,-199.23,0.2631578947368421,1,0.21052631578947367,0,0,0.05555555555555555,-2.35,0.0,1,0,0.16666666666666666,-2.08,0,0.05555555555555555,0,-2.11,0.05555555555555555,0",-2.800,57.9,1.6000,-38.3700,-16.4800,-16.4800,0.0,,0,none,19,guide
CCUGGCCAGUCAUCCAGUA,UUGAAGAGUGGAGAGAGUCUACUGGAUGACUGGCCAGGAACUUUCUCUCUGAAUCGG,0.4116331096196868,0,"-1.93,-3.26,-13.39,0,0,-199.06,0.21052631578947367,0,0.21052631578947367,0,0,0.05555555555555555,-2.08,0.05555555555555555,0,1,0.16666666666666666,-1.33,1,0.05555555555555555,0,-2.35,0.0,1",-3.500,57.9,-2.3800,-38.6600,-16.2400,-16.2400,0.0,,0,none,19,guide
AGUCAUCCAGUAGACUCUC,CUUCCCAUUGAAGAGUGGAGAGAGUCUACUGGAUGACUGGCCAGGAACUUUCUCUCU,0.5764354958985831,1,"1.17,-2.08,-10.48,0,0,-192.81,0.2631578947368421,0,0.15789473684210525,0,0,0.0,-2.24,0.05555555555555555,0,0,0.05555555555555555,-2.35,0,0.0,0,-2.35,0.0,0",-2.300,47.4,0.7200,-34.8400,-13.4100,-13.4100,0.0,,0,none,19,guide
AGACUCUCUCCACUCUUCA,AUAAGCAUCACCUUCCCAUUGAAGAGUGGAGAGAGUCUACUGGAUGACUGGCCAGGA,0.5272184936614467,1,"0.03,-2.08,-10.48,0,0,-190.36,0.3157894736842105,0,0.05263157894736842,0,0,0.0,-2.35,0.0,0,0,0.05555555555555555,-2.11,0,0.0,0,-2.08,0.05555555555555555,1",0.000,47.4,0.0300,-34.8300,-13.4500,-13.4500,0.0,,0,none,19,guide
GGAAGGUGAUGCUUAUAUU,CUUUGUAGAGAUUUUUAAAAAUAUAAGCAUCACCUUCCCAUUGAAGAGUGGAGAGAG,0.3862788963460105,0,"-2.33,-3.26,-13.39,0,1,-176.42999999999995,0.3684210526315789,0,0.3157894736842105,1,0,0.1111111111111111,-2.35,0.1111111111111111,0,0,0.0,-0.93,0,0.05555555555555555,0,-0.93,0.1111111111111111,0",-0.400,36.8,-2.7800,-29.8700,-12.9700,-12.9700,0.0,,0,none,19,guide
UCUACAAAGCUCACAUACA,CUAGGAUGUACUGUCUUGUUGUAUGUGAGCUUUGUAGAGAUUUUUAAAAAUAUAAGC,0.5615212527964206,1,"-0.24,-2.35,-12.44,1,0,-174.51,0.21052631578947367,0,0.05263157894736842,0,0,0.0,-2.08,0.1111111111111111,0,0,0.0,-2.11,0,0.05555555555555555,0,-2.24,0.0,1",0.000,36.8,-0.2400,-30.5000,-9.6200,-9.6200,0.0,,0,none,19,guide
CAACAAGACAGUACAUCCU,UCAUAUCAGUCACAAAUCUAGGAUGUACUGUCUUGUUGUAUGUGAGCUUUGUAGAGA,0.6092468307233407,1,"-0.93,-2.11,-10.44,0,0,-180.45,0.15789473684210525,0,0.10526315789473684,0,0,0.0,-0.93,0.05555555555555555,0,1,0.05555555555555555,-2.08,0,0.0,0,-2.24,0.0,0",0.000,42.1,-0.4800,-31.6000,-10.6400,-10.6400,0.0,,0,none,19,guide
ACAGUACAUCCUAGAUUUG,UAAAUGCUCAUAUCAGUCACAAAUCUAGGAUGUACUGUCUUGUUGUAUGUGAGCUUU,0.5920954511558538,1,"0.77,-2.24,-11.4,0,0,-175.67999999999995,0.3157894736842105,0,0.15789473684210525,0,0,0.0,-2.11,0.1111111111111111,0,0,0.05555555555555555,-2.11,0,0.0,0,-2.08,0.1111111111111111,0",0.000,36.8,0.3200,-29.8800,-12.1100,-12.1100,0.0,,0,none,19,guide
UCCUAGAUUUGUGACUGAU,GACAGCCUUAAAUGCUCAUAUCAGUCACAAAUCUAGGAUGUACUGUCUUGUUGUAUG,0.5615212527964206,1,"-0.8,-2.35,-12.44,1,0,-177.74999999999997,0.42105263157894735,0,0.21052631578947367,0,0,0.0,-3.26,0.05555555555555555,0,0,0.05555555555555555,-1.1,0,0.0,0,-2.35,0.1111111111111111,0",0.000,36.8,-1.2500,-30.3100,-12.2000,-12.2000,0.0,,0,none,19,guide
UUUGUGACUGAUAUGAGCA,UGAAAAUGACAGCCUUAAAUGCUCAUAUCAGUCACAAAUCUAGGAUGUACUGUCUUG,0.6234153616703952,1,"0.73,-0.93,-6.82,1,0,-177.19999999999996,0.3684210526315789,1,0.2631578947368421,0,0,0.0,-0.93,0.05555555555555555,1,0,0.0,-2.11,0,0.05555555555555555,0,-1.1,0.1111111111111111,1",0.000,36.8,1.1800,-30.4100,-11.9800,-11.9800,0.0,,0,none,19,guide
UGUGACUGAUAUGAGCAUU,CUUGAAAAUGACAGCCUUAAAUGCUCAUAUCAGUCACAAAUCUAGGAUGUACUGUCU,0.5667412378821775,1,"-0.73,-2.11,-10.44,1,0,-179.75999999999996,0.3684210526315789,0,0.2631578947368421,0,0,0.0,-2.24,0.05555555555555555,0,0,0.0,-0.93,0,0.05555555555555555,0,-2.35,0.05555555555555555,0",-1.300,36.8,-1.1800,-30.7300,-13.1300,-13.1300,0.0,,0,none,19,guide
GCAUUUAAGGCUGUCAUUU,ACUAAACUUUUAUACUUGAAAAUGACAGCCUUAAAUGCUCAUAUCAGUCACAAAUCU,0.3154362416107382,0,"-2.49,-3.42,-14.88,0,1,-172.48999999999995,0.42105263157894735,0,0.21052631578947367,0,1,0.05555555555555555,-2.11,0.05555555555555555,0,0,0.0,-0.93,0,0.1111111111111111,0,-2.24,0.2222222222222222,0",0.000,36.8,-2.9400,-29.2200,-7.3300,-7.3300,0.0,,0,none,19,guide
UUUAAGGCUGUCAUUUUCA,AACACUAAACUUUUAUACUUGAAAAUGACAGCCUUAAAUGCUCAUAUCAGUCACAAA,0.5876211782252051,1,"0.73,-0.93,-6.82,1,0,-163.76999999999995,0.4736842105263158,1,0.15789473684210525,0,0,0.05555555555555555,-0.93,0.05555555555555555,1,0,0.0,-2.11,0,0.05555555555555555,0,-1.1,0.2777777777777778,1",0.000,31.6,1.1800,-27.3300,-11.9500,-11.9500,0.0,,0,none,19,guide
UUAAGGCUGUCAUUUUCAA,GAACACUAAACUUUUAUACUUGAAAAUGACAGCCUUAAAUGCUCAUAUCAGUCACAA,0.6495152870991797,1,"0.0,-0.93,-6.82,1,0,-163.76999999999995,0.42105263157894735,1,0.15789473684210525,0,0,0.05555555555555555,-1.33,0.05555555555555555,1,0,0.0,-0.93,0,0.05555555555555555,0,-0.93,0.2222222222222222,1",0.000,31.6,0.0000,-27.4800,-13.1000,-13.1000,0.0,,0,none,19,guide
AAGUAUAAAAGUUUAGUGU,GCACAGAUUGGGUAAUGGAACACUAAACUUUUAUACUUGAAAAUGACAGCCUUAAAU,0.5674869500372857,1,"0.86,-0.93,-6.82,0,0,-149.8,0.3684210526315789,0,0.21052631578947367,0,0,0.0,-2.08,0.16666666666666666,0,0,0.0,-2.24,0,0.0,0,-0.93,0.1111111111111111,0",0.000,21.1,1.3100,-23.4900,-9.0100,-9.0100,0.0,,0,none,19,guide
UAAAAGUUUAGUGUUCCAU,CUACUGCACAGAUUGGGUAAUGGAACACUAAACUUUUAUACUUGAAAAUGACAGCCU,0.6122296793437733,1,"-0.23,-1.33,-7.69,1,0,-156.5,0.42105263157894735,0,0.15789473684210525,0,0,0.0,-0.93,0.1111111111111111,0,0,0.05555555555555555,-1.1,0,0.0,0,-2.24,0.16666666666666666,0",0.000,26.3,-0.2300,-25.4100,-8.0400,-8.0400,0.0,,0,none,19,guide
GUGUUCCAUUACCCAAUCU,AUAGCUAUGUCUACUGCACAGAUUGGGUAAUGGAACACUAAACUUUUAUACUUGAAA,0.5369127516778524,1,"-1.06,-2.24,-11.4,0,1,-180.63,0.3684210526315789,0,0.10526315789473684,0,0,0.0,-2.11,0.05555555555555555,1,0,0.16666666666666666,-2.08,0,0.0,0,-3.26,0.1111111111111111,0",0.000,42.1,-0.6100,-31.6400,-13.0000,-13.0000,0.0,,0,none,19,guide
UGUUCCAUUACCCAAUCUG,UAUAGCUAUGUCUACUGCACAGAUUGGGUAAUGGAACACUAAACUUUUAUACUUGAA,0.6435495898583147,1,"0.9,-2.11,-10.44,1,0,-179.66999999999996,0.3684210526315789,0,0.10526315789473684,0,0,0.0,-2.24,0.05555555555555555,0,0,0.16666666666666666,-2.11,0,0.0,0,-2.11,0.1111111111111111,0",0.000,42.1,0.4500,-31.7100,-11.9900,-11.9900,0.0,,0,none,19,guide
GUUCCAUUACCCAAUCUGU,UUAUAGCUAUGUCUACUGCACAGAUUGGGUAAUGGAACACUAAACUUUUAUACUUGA,0.3512304250559284,0,"-0.9,-2.24,-11.4,0,1,-180.63,0.3684210526315789,0,0.10526315789473684,0,0,0.0,-0.93,0.05555555555555555,1,0,0.16666666666666666,-2.24,0,0.0,0,-0.93,0.1111111111111111,0",0.000,42.1,-0.4500,-31.8400,-10.6800,-10.6800,0.0,,0,none,19,guide
UGUGCAGUAGACAUAGCUA,UUCACAUGACUUGAGCUUAUAGCUAUGUCUACUGCACAGAUUGGGUAAUGGAACACU,0.6472781506338553,1,"-0.33,-2.11,-10.44,1,0,-181.48,0.2631578947368421,0,0.2631578947368421,0,0,0.0,-2.24,0.16666666666666666,0,0,0.0,-1.33,0,0.1111111111111111,0,-1.1,0.0,1",-0.300,42.1,-0.7800,-33.2700,-14.2000,-14.2000,0.0,,0,none,19,guide
UGCAGUAGACAUAGCUAUA,AAUUCACAUGACUUGAGCUUAUAGCUAUGUCUACUGCACAGAUUGGGUAAUGGAACA,0.5786726323639075,1,"-0.33,-2.11,-10.44,1,0,-176.70999999999995,0.2631578947368421,0,0.21052631578947367,0,0,0.0,-3.42,0.2222222222222222,0,0,0.0,-1.33,0,0.1111111111111111,0,-2.08,0.0,1",-1.200,36.8,-0.7800,-31.0500,-13.2600,-13.2600,0.0,,0,none,19,guide
UAGCUAUAAGCUCAAGUCA,GGGCUUCUGUUAAUUCACAUGACUUGAGCUUAUAGCUAUGUCUACUGCACAGAUUGG,0.6331096196868009,1,"0.33,-1.33,-7.69,1,0,-174.36,0.2631578947368421,0,0.15789473684210525,0,0,0.0,-2.08,0.16666666666666666,0,0,0.0,-2.11,0,0.1111111111111111,0,-2.11,0.0,1",-1.700,36.8,0.7800,-30.7100,-11.3400,-11.3400,0.0,,0,none,19,guide
AUAAGCUCAAGUCAUGUGA,UUGGUGGGCUUCUGUUAAUUCACAUGACUUGAGCUUAUAGCUAUGUCUACUGCACAG,0.6487695749440716,1,"0.8,-1.1,-9.38,0,0,-177.24,0.2631578947368421,0,0.21052631578947367,0,0,0.0,-1.33,0.05555555555555555,1,0,0.0,-2.35,0,0.05555555555555555,0,-2.11,0.0,1",0.000,36.8,1.2500,-30.3800,-12.1900,-12.1900,0.0,,0,none,19,guide
CUCAAGUCAUGUGAAUUAA,UGUCUUUGGUGGGCUUCUGUUAAUUCACAUGACUUGAGCUUAUAGCUAUGUCUACUG,0.4056674123788218,0,"-1.6,-2.08,-10.48,0,0,-169.23999999999995,0.3157894736842105,0,0.15789473684210525,0,0,0.0,-2.35,0.05555555555555555,1,1,0.0,-0.93,0,0.0,0,-2.35,0.05555555555555555,1",0.000,31.6,-1.6000,-27.2400,-12.0600,-12.0600,0.0,,0,none,19,guide
UAUAAUUUGGGCAACAGCA,CCUUUCCUACAUUUAAACUUGCUGUUGCCCAAAUUAUAAUUUUUUAAAUGUCUUUGG,0.6383296047725577,1,"0.33,-1.33,-7.69,1,0,-170.54999999999995,0.2631578947368421,0,0.21052631578947367,0,0,0.1111111111111111,-1.1,0.1111111111111111,0,0,0.0,-2.11,0,0.1111111111111111,0,-0.93,0.1111111111111111,1",-0.700,36.8,0.7800,-30.0600,-6.3200,-6.3200,0.0,,0,none,19,guide
AUAAUUUGGGCAACAGCAA,GCCUUUCCUACAUUUAAACUUGCUGUUGCCCAAAUUAUAAUUUUUUAAAUGUCUUUG,0.622669649515287,1,"-0.17,-1.1,-9.38,0,0,-169.67999999999995,0.21052631578947367,0,0.21052631578947367,0,0,0.1111111111111111,-1.33,0.05555555555555555,1,0,0.0,-0.93,0,0.1111111111111111,0,-2.24,0.1111111111111111,1",-0.700,36.8,-0.1700,-29.6600,-7.3300,-7.3300,0.0,,0,none,19,guide
GCAACAGCAAGUUUAAAUG,UUUUUUCUAGCCUUUCCUACAUUUAAACUUGCUGUUGCCCAAAUUAUAAUUUUUUAA,0.5563012677106637,1,"-0.86,-3.42,-14.88,0,1,-169.65999999999997,0.21052631578947367,0,0.21052631578947367,0,1,0.0,-2.11,0.05555555555555555,0,0,0.0,-2.11,0,0.1111111111111111,0,-0.93,0.1111111111111111,0",-1.000,36.8,-1.3100,-28.3400,-12.8900,-12.8900,0.0,,0,none,19,guide
ACAGCAAGUUUAAAUGUAG,ACAUUUUUUCUAGCCUUUCCUACAUUUAAACUUGCUGUUGCCCAAAUUAUAAUUUUU,0.6152125279642058,1,"0.74,-2.24,-11.4,0,0,-163.36999999999995,0.2631578947368421,0,0.21052631578947367,0,0,0.0,-2.11,0.1111111111111111,0,0,0.0,-2.08,0,0.05555555555555555,0,-0.93,0.1111111111111111,0",0.000,31.6,0.2900,-26.8300,-12.7300,-12.7300,0.0,,0,none,19,guide
AUUGUUUCUCUAAAAUGCA,UUCAUUGUGAACAACCUAAUGCAUUUUAGAGAAACAAUCUCAUCACAUUUUUUCUAG,0.6331096196868009,1,"0.56,-1.1,-9.38,0,0,-159.75999999999996,0.42105263157894735,0,0.10526315789473684,0,0,0.0,-0.93,0.05555555555555555,1,0,0.0,-2.11,0,0.05555555555555555,0,-0.93,0.16666666666666666,1",0.000,26.3,1.0100,-25.3200,-9.4900,-9.4900,0.0,,0,none,19,guide
AUGCAUUAGGUUGUUCACA,GUGUUAGACAAAGCUUCAUUGUGAACAACCUAAUGCAUUUUAGAGAAACAAUCUCAU,0.5622669649515287,1,"0.56,-1.1,-9.38,0,0,-173.45,0.3684210526315789,0,0.21052631578947367,0,0,0.05555555555555555,-2.11,0.05555555555555555,1,0,0.0,-2.11,0,0.05555555555555555,0,-2.24,0.16666666666666666,1",-0.400,36.8,1.0100,-29.9100,-11.0000,-11.0000,0.0,,0,none,19,guide
UGCAUUAGGUUGUUCACAA,GGUGUUAGACAAAGCUUCAUUGUGAACAACCUAAUGCAUUUUAGAGAAACAAUCUCA,0.6189410887397464,1,"-0.73,-2.11,-10.44,1,0,-170.89,0.3684210526315789,0,0.21052631578947367,0,0,0.05555555555555555,-3.42,0.05555555555555555,0,0,0.0,-0.93,0,0.05555555555555555,0,-0.93,0.16666666666666666,1",-0.400,36.8,-1.1800,-29.8900,-10.9700,-10.9700,0.0,,0,none,19,guide
UAACACCAUUAUCUGAUGC,CAUGCAUCAGAUAAUGGAUGCAUCAGAUAAUGGUGUUAGACAAAGCUUCAUUGUGAA,0.6920208799403431,1,"2.09,-1.33,-7.69,1,0,-178.01999999999995,0.3157894736842105,0,0.10526315789473684,0,0,0.0,-0.93,0.1111111111111111,0,0,0.05555555555555555,-3.42,0,0.05555555555555555,0,-2.08,0.05555555555555555,0",0.000,36.8,2.5400,-30.0600,-12.8900,-12.8900,0.0,,0,none,19,guide
AACACCAUUAUCUGAUGCA,CCAUGCAUCAGAUAAUGGAUGCAUCAGAUAAUGGUGUUAGACAAAGCUUCAUUGUGA,0.459358687546607,0,"0.73,-0.93,-6.82,0,0,-177.04999999999995,0.2631578947368421,0,0.10526315789473684,0,0,0.0,-2.24,0.05555555555555555,0,0,0.05555555555555555,-2.11,0,0.05555555555555555,0,-2.11,0.05555555555555555,1",0.000,36.8,1.1800,-30.4900,-13.0600,-13.0600,0.0,,0,none,19,guide
CAUUAUCUGAUGCAUCCAU,AUAUGCCAUGCAUCAGAUAAUGGAUGCAUCAGAUAAUGGUGUUAGACAAAGCUUCAU,0.6152125279642058,1,"-1.46,-2.11,-10.44,0,0,-182.35,0.3684210526315789,0,0.10526315789473684,0,0,0.0,-1.1,0.05555555555555555,0,1,0.05555555555555555,-1.1,0,0.05555555555555555,0,-2.11,0.05555555555555555,0",0.000,36.8,-1.4600,-30.1800,-8.8900,-8.8900,0.0,,0,none,19,guide
UAUCUGAUGCAUCCAUUAU,UGCAUAUGCCAUGCAUCAGAUAAUGGAUGCAUCAGAUAAUGGUGUUAGACAAAGCUU,0.6025354213273677,1,"-0.23,-1.33,-7.69,1,0,-175.87999999999997,0.42105263157894735,0,0.10526315789473684,0,0,0.0,-1.1,0.1111111111111111,0,0,0.05555555555555555,-1.1,0,0.05555555555555555,0,-3.26,0.05555555555555555,0",-0.900,31.6,-0.2300,-28.8500,-11.0900,-11.0900,0.0,,0,none,19,guide
CUGAUGCAUCCAUUAUCUG,UAUUGCAUAUGCCAUGCAUCAGAUAAUGGAUGCAUCAGAUAAUGGUGUUAGACAAAG,0.5995525727069352,1,"0.03,-2.08,-10.48,0,0,-187.17,0.3684210526315789,0,0.15789473684210525,0,0,0.0,-2.11,0.05555555555555555,1,1,0.05555555555555555,-2.11,0,0.05555555555555555,0,-0.93,0.05555555555555555,0",-0.900,42.1,0.0300,-31.5100,-13.2000,-13.2000,0.0,,0,none,19,guide
AUCCAUUAUCUGAUGCAUG,UCUGCCUUAUUGCAUAUGCCAUGCAUCAGAUAAUGGAUGCAUCAGAUAAUGGUGUUA,0.5391498881431768,1,"1.46,-1.1,-9.38,0,0,-182.35,0.3684210526315789,0,0.15789473684210525,0,0,0.0,-2.35,0.05555555555555555,1,0,0.05555555555555555,-2.11,0,0.05555555555555555,0,-1.1,0.05555555555555555,0",0.000,36.8,1.4600,-29.9800,-11.0800,-11.0800,0.0,,0,none,19,guide
CAUUAUCUGAUGCAUGGCA,GGAUCUGCCUUAUUGCAUAUGCCAUGCAUCAGAUAAUGGAUGCAUCAGAUAAUGGUG,0.4451901565995526,0,"-0.9,-2.11,-10.44,0,0,-185.85,0.3157894736842105,0,0.21052631578947367,0,0,0.05555555555555555,-1.1,0.05555555555555555,0,1,0.0,-2.11,0,0.1111111111111111,0,-2.11,0.05555555555555555,1",0.000,42.1,-0.4500,-32.2600,-8.8900,-8.8900,0.0,,0,none,19,guide
UUAUCUGAUGCAUGGCAUA,GUGGAUCUGCCUUAUUGCAUAUGCCAUGCAUCAGAUAAUGGAUGCAUCAGAUAAUGG,0.5645041014168531,1,"0.4,-0.93,-6.82,1,0,-179.37999999999997,0.3684210526315789,1,0.21052631578947367,0,0,0.05555555555555555,-1.33,0.1111111111111111,1,0,0.0,-1.33,0,0.1111111111111111,0,-2.11,0.05555555555555555,1",-1.800,36.8,0.4000,-30.7800,-11.3200,-11.3200,0.0,,0,none,19,guide
AUGCAAUAAGGCAGAUCCA,UUCCUUGUUUGGUCUGCUGUGGAUCUGCCUUAUUGCAUAUGCCAUGCAUCAGAUAAU,0.6614466815809098,1,"0.56,-1.1,-9.38,0,0,-182.56,0.15789473684210525,0,0.21052631578947367,0,0,0.05555555555555555,-2.11,0.05555555555555555,1,0,0.05555555555555555,-2.11,0,0.1111111111111111,0,-2.08,0.0,1",-1.800,42.1,1.0100,-32.6600,-11.0000,-11.0000,0.0,,0,none,19,guide
GCAAUAAGGCAGAUCCACA,XCUUCCUUGUUUGGUCUGCUGUGGAUCUGCCUUAUUGCAUAUGCCAUGCAUCAGAUA,0.5130499627143922,0,"-1.76,-3.42,-14.88,0,1,-188.3,0.10526315789473684,0,0.21052631578947367,0,1,0.05555555555555555,-2.11,0.05555555555555555,0,0,0.05555555555555555,-2.11,0,0.1111111111111111,0,-1.1,0.0,1",-1.100,47.4,-1.7600,-34.2000,-8.4800,-8.4800,0.0,,0,none,19,guide
CAAUAAGGCAGAUCCACAG,XXCUUCCUUGUUUGGUCUGCUGUGGAUCUGCCUUAUUGCAUAUGCCAUGCAUCAGAU,0.5891126025354214,1,"-0.03,-2.11,-10.44,0,0,-187.62,0.10526315789473684,0,0.21052631578947367,0,0,0.05555555555555555,-0.93,0.05555555555555555,0,1,0.05555555555555555,-2.08,0,0.05555555555555555,0,-2.35,0.0,0",0.000,47.4,-0.0300,-33.3600,-9.6300,-9.6300,0.0,,0,none,19,guide
CGUCCCGUAGUAGUCGUCG,AGGGCUCAGACCUCUUCUACGACGACUACUACGGGACGGCGAGGUGGAGGAGGAGGX,0.4675615212527964,0,"0.0,-2.36,-10.64,0,0,-196.39000000000004,0.2631578947368421,0,0.3157894736842105,0,0,0.0,-2.24,0.1111111111111111,0,1,0.1111111111111111,-2.36,0,0.0,1,-2.24,0.0,0",0.000,63.2,0.0000,-37.6400,-15.7100,-15.7100,0.0,,0,none,19,guide
CCCGUAGUAGUCGUCGUAG,ACGAGGGCUCAGACCUCUUCUACGACGACUACUACGGGACGGCGAGGUGGAGGAGGA,0.5145413870246085,0,"-0.73,-3.26,-13.39,0,0,-191.48,0.2631578947368421,0,0.3157894736842105,0,0,0.0,-3.26,0.16666666666666666,0,1,0.1111111111111111,-2.08,1,0.0,0,-2.24,0.0,0",0.000,57.9,-1.1800,-36.1400,-13.5100,-13.5100,0.0,,0,none,19,guide
GUAGUCGUCGUAGAAGAGG,CGCCCGACGAGGGCUCAGACCUCUUCUACGACGACUACUACGGGACGGCGAGGUGGA,0.6167039522744221,1,"0.57,-2.24,-11.4,0,1,-190.54,0.21052631578947367,0,0.42105263157894735,0,0,0.05555555555555555,-1.33,0.1111111111111111,1,0,0.0,-3.26,0,0.0,0,-2.35,0.0,0",-0.800,52.6,1.0200,-34.6600,-12.6000,-12.6000,0.0,,0,none,19,guide
UAGUCGUCGUAGAAGAGGU,GCGCCCGACGAGGGCUCAGACCUCUUCUACGACGACUACUACGGGACGGCGAGGUGG,0.6659209545115585,1,"0.46,-1.33,-7.69,1,0,-183.1,0.2631578947368421,0,0.3684210526315789,0,0,0.05555555555555555,-2.08,0.1111111111111111,0,0,0.0,-2.24,0,0.0,0,-0.93,0.0,0",-1.400,47.4,0.9100,-33.6100,-13.6200,-13.6200,0.0,,0,none,19,guide
GUCGUAGAAGAGGUCUGAG,CGCCGGCGCCCGACGAGGGCUCAGACCUCUUCUACGACGACUACUACGGGACGGCGA,0.2774049217002237,0,"-0.16,-2.24,-11.4,0,1,-194.17,0.21052631578947367,0,0.42105263157894735,0,0,0.05555555555555555,-2.35,0.05555555555555555,1,0,0.0,-2.08,0,0.0,0,-2.24,0.0,0",-0.400,52.6,-0.1600,-35.4700,-12.7100,-12.7100,0.0,,0,none,19,guide
AGAGGUCUGAGCCCUCGUC,GACCAAGGCGCCGGCGCCCGACGAGGGCUCAGACCUCUUCUACGACGACUACUACGG,0.3855331841909023,0,"1.17,-2.08,-10.48,0,0,-206.2,0.21052631578947367,0,0.3157894736842105,0,0,0.05555555555555555,-2.35,0.0,0,0,0.1111111111111111,-2.35,0,0.05555555555555555,0,-3.26,0.0,0",-4.200,63.2,0.7200,-40.0100,-14.3600,-14.3600,0.0,,0,none,19,guide
GUCUGAGCCCUCGUCGGGC,UGAAGACCAAGGCGCCGGCGCCCGACGAGGGCUCAGACCUCUUCUACGACGACUACU,0.2505592841163311,0,"0.73,-2.24,-11.4,0,1,-215.43,0.21052631578947367,0,0.3684210526315789,0,0,0.1111111111111111,-2.35,0.0,1,0,0.1111111111111111,-3.42,0,0.1111111111111111,0,-2.24,0.0,0",-5.900,73.7,1.1800,-43.0400,-14.3900,-14.3900,0.0,,0,none,19,guide
GUCGGGCGCCGGCGCCUUG,CCGAGUACUGCGUGAAGACCAAGGCGCCGGCGCCCGACGAGGGCUCAGACCUCUUCU,0.1998508575689783,0,"-0.13,-2.24,-11.4,0,1,-217.0,0.15789473684210525,0,0.4736842105263158,0,0,0.16666666666666666,-2.35,0.0,1,0,0.1111111111111111,-2.11,0,0.2222222222222222,0,-2.36,0.05555555555555555,0",-6.800,84.2,-0.1300,-45.5400,-17.0100,-17.0100,0.0,,0,none,19,guide
GCGCCGGCGCCUUGGUCUU,GCUGGCCGAGUACUGCGUGAAGACCAAGGCGCCGGCGCCCGACGAGGGCUCAGACCU,0.1901565995525727,0,"-2.49,-3.42,-14.88,0,1,-206.54999999999995,0.2631578947368421,0,0.3684210526315789,0,1,0.1111111111111111,-2.36,0.0,0,0,0.1111111111111111,-0.93,0,0.2222222222222222,0,-2.11,0.1111111111111111,0",-2.400,73.7,-2.9400,-42.3800,-18.0800,-18.0800,0.0,,0,none,19,guide
UGGUCUUCACGCAGUACUC,GGUGCCCACCACGCUGGCCGAGUACUGCGUGAAGACCAAGGCGCCGGCGCCCGACGA,0.5495898583146905,1,"1.14,-2.11,-10.44,1,0,-191.77,0.3157894736842105,0,0.21052631578947367,0,0,0.05555555555555555,-3.26,0.05555555555555555,0,0,0.0,-2.35,0,0.05555555555555555,0,-2.08,0.05555555555555555,0",0.000,52.6,0.6900,-35.7400,-13.2100,-13.2100,0.0,,0,none,19,guide
GUCUUCACGCAGUACUCGG,AAGGUGCCCACCACGCUGGCCGAGUACUGCGUGAAGACCAAGGCGCCGGCGCCCGAC,0.4399701715137956,0,"0.57,-2.24,-11.4,0,1,-195.69,0.2631578947368421,0,0.2631578947368421,0,0,0.05555555555555555,-2.35,0.05555555555555555,1,0,0.0,-3.26,0,0.05555555555555555,0,-1.33,0.05555555555555555,0",0.000,57.9,1.0200,-36.5400,-12.0600,-12.0600,0.0,,0,none,19,guide
UUCACGCAGUACUCGGCCA,GUGAAGGUGCCCACCACGCUGGCCGAGUACUGCGUGAAGACCAAGGCGCCGGCGCCC,0.4862043251304996,0,"0.73,-0.93,-6.82,1,0,-192.64,0.21052631578947367,1,0.21052631578947367,0,0,0.05555555555555555,-2.35,0.05555555555555555,1,0,0.05555555555555555,-2.11,0,0.1111111111111111,0,-2.35,0.05555555555555555,1",-0.400,57.9,1.1800,-37.6100,-14.5900,-14.5900,0.0,,0,none,19,guide
CGCAGUACUCGGCCAGCGU,CGGCGUGAAGGUGCCCACCACGCUGGCCGAGUACUGCGUGAAGACCAAGGCGCCGGC,0.3907531692766592,0,"-0.57,-2.36,-10.64,0,0,-202.66,0.15789473684210525,0,0.3157894736842105,0,0,0.05555555555555555,-3.42,0.05555555555555555,0,1,0.05555555555555555,-2.24,0,0.16666666666666666,1,-3.26,0.0,0",-1.500,68.4,-0.5700,-40.4300,-13.4200,-13.4200,0.0,,0,none,19,guide
GUCACGCUCCGCGUCCACC,AGCAGGUCCUGGGGACCAAGGUGGACGCGGAGCGUGACGGCGUGAAGGUGCCCACCA,0.3982102908277405,0,"0.57,-2.24,-11.4,0,1,-212.52000000000004,0.15789473684210525,0,0.21052631578947367,0,0,0.0,-2.35,0.0,1,0,0.16666666666666666,-3.26,0,0.1111111111111111,0,-2.24,0.0,0",-2.700,73.7,1.0200,-42.6200,-14.5600,-14.5600,0.0,,0,none,19,guide
CCUUGGUCCCCAGGACCUG,CACAGACAUCAUCCGGAAGCAGGUCCUGGGGACCAAGGUGGACGCGGAGCGUGACGG,0.3206562266964951,0,"-0.7,-3.26,-13.39,0,0,-207.38,0.21052631578947367,0,0.2631578947368421,0,0,0.1111111111111111,-2.08,0.0,0,1,0.2777777777777778,-2.11,1,0.0,0,-3.26,0.05555555555555555,0",-7.000,68.4,-1.1500,-41.9100,-12.9700,-12.9700,0.0,,0,none,19,guide
GUCCCCAGGACCUGCUUCC,GAGUACACAGACAUCAUCCGGAAGCAGGUCCUGGGGACCAAGGUGGACGCGGAGCGU,0.4354958985831468,0,"0.57,-2.24,-11.4,0,1,-210.86999999999995,0.21052631578947367,0,0.21052631578947367,0,0,0.05555555555555555,-2.35,0.0,1,0,0.2777777777777778,-3.26,0,0.05555555555555555,0,-2.11,0.05555555555555555,0",-3.300,68.4,1.0200,-42.1100,-16.3200,-16.3200,0.0,,0,none,19,guide
GCUUCCGGAUGAUGUCUGU,GGGGAAGGAUCGGGAGUACACAGACAUCAUCCGGAAGCAGGUCCUGGGGACCAAGGU,0.2602535421327367,0,"-1.63,-3.42,-14.88,0,1,-195.39,0.3684210526315789,0,0.3157894736842105,0,1,0.05555555555555555,-2.08,0.0,0,0,0.05555555555555555,-2.24,0,0.05555555555555555,0,-2.11,0.05555555555555555,0",-2.400,52.6,-1.6300,-35.7100,-14.2400,-14.2400,0.0,,0,none,19,guide
GAUGAUGUCUGUGUACUCC,AGAGCAAGGGGAAGGAUCGGGAGUACACAGACAUCAUCCGGAAGCAGGUCCUGGGGA,0.5712155108128263,1,"0.46,-2.35,-12.44,0,1,-194.31,0.3684210526315789,0,0.2631578947368421,0,0,0.0,-1.1,0.05555555555555555,0,0,0.05555555555555555,-3.26,0,0.0,0,-2.24,0.0,0",0.000,47.4,0.9100,-34.1600,-11.0100,-11.0100,0.0,,0,none,19,guide
UGUGUACUCCCGAUCCUUC,AGUGGAAAGAGAGCAAGGGGAAGGAUCGGGAGUACACAGACAUCAUCCGGAAGCAGG,0.5540641312453393,1,"1.14,-2.11,-10.44,1,0,-193.17,0.3684210526315789,0,0.15789473684210525,0,0,0.0,-2.24,0.05555555555555555,0,0,0.16666666666666666,-2.35,0,0.0,0,-1.1,0.05555555555555555,0",0.000,52.6,0.6900,-36.0600,-12.2400,-12.2400,0.0,,0,none,19,guide
GUGUACUCCCGAUCCUUCC,AAGUGGAAAGAGAGCAAGGGGAAGGAUCGGGAGUACACAGACAUCAUCCGGAAGCAG,0.4213273676360924,0,"0.57,-2.24,-11.4,0,1,-199.84,0.3157894736842105,0,0.15789473684210525,0,0,0.0,-2.11,0.05555555555555555,1,0,0.2222222222222222,-3.26,0,0.0,0,-2.35,0.05555555555555555,0",0.000,57.9,1.0200,-37.7600,-12.3500,-12.3500,0.0,,0,none,19,guide
CCCGAUCCUUCCCCUUGCU,GUACAGGAAGUGGAAAGAGAGCAAGGGGAAGGAUCGGGAGUACACAGACAUCAUCCG,0.3072334079045488,0,"-1.63,-3.26,-13.39,0,0,-200.75,0.3157894736842105,0,0.10526315789473684,0,0,0.0,-3.26,0.0,0,1,0.3333333333333333,-2.08,1,0.05555555555555555,0,-3.26,0.1111111111111111,0",0.000,63.2,-1.6300,-39.7600,-14.6800,-14.6800,0.0,,0,none,19,guide
UUUCCACUUCCUGUACAUC,CAAACGUGGACGCCUCCGUGAUGUACAGGAAGUGGAAAGAGAGCAAGGGGAAGGAUC,0.6181953765846383,1,"1.87,-0.93,-6.82,1,0,-180.78,0.42105263157894735,1,0.05263157894736842,0,0,0.0,-0.93,0.05555555555555555,1,0,0.1111111111111111,-2.35,0,0.0,0,-2.24,0.16666666666666666,0",0.000,42.1,1.8700,-31.8600,-12.9700,-12.9700,0.0,,0,none,19,guide
CCUGUACAUCACGGAGGCG,UCUCGCCCGCAAACGUGGACGCCUCCGUGAUGUACAGGAAGUGGAAAGAGAGCAAGG,0.2714392244593587,0,"-0.9,-3.26,-13.39,0,0,-201.15,0.15789473684210525,0,0.3157894736842105,0,0,0.1111111111111111,-2.08,0.05555555555555555,0,1,0.05555555555555555,-2.36,1,0.05555555555555555,0,-3.26,0.0,0",-1.800,63.2,-0.9000,-38.8700,-12.1100,-12.1100,0.0,,0,none,19,guide
CAUCACGGAGGCGUCCACG,ACACCUUCUCGCCCGCAAACGUGGACGCCUCCGUGAUGUACAGGAAGUGGAAAGAGA,0.5920954511558538,1,"-0.2,-2.11,-10.44,0,0,-206.06,0.10526315789473684,0,0.3157894736842105,0,0,0.1111111111111111,-1.1,0.0,0,1,0.05555555555555555,-2.36,0,0.05555555555555555,0,-2.24,0.0,0",-2.700,68.4,0.2500,-39.9700,-13.4200,-13.4200,0.0,,0,none,19,guide
UCACGGAGGCGUCCACGUU,CAACACCUUCUCGCCCGCAAACGUGGACGCCUCCGUGAUGUACAGGAAGUGGAAAGA,0.4116331096196868,0,"-0.97,-2.35,-12.44,1,0,-197.02,0.21052631578947367,0,0.3157894736842105,0,0,0.1111111111111111,-2.11,0.0,0,0,0.05555555555555555,-0.93,0,0.05555555555555555,0,-3.26,0.05555555555555555,0",-2.700,63.2,-1.4200,-38.8800,-14.4000,-14.4000,0.0,,0,none,19,guide
CGGGCGAGAAGGUGUUGGG,GAUCUCCCUCCUGAACGAGCCCAACACCUUCUCGCCCGCAAACGUGGACGCCUCCGU,0.3422818791946309,0,"0.9,-2.36,-10.64,0,0,-202.66000000000003,0.15789473684210525,0,0.5789473684210527,0,0,0.2777777777777778,-3.26,0.0,0,1,0.0,-3.26,0,0.05555555555555555,1,-2.11,0.05555555555555555,0",-2.000,68.4,0.9000,-40.2700,-16.7300,-16.7300,0.0,,0,none,19,guide
GUUGGGCUCGUUCAGGAGG,UUCUCCUGAGUGUGAUCUCCCUCCUGAACGAGCCCAACACCUUCUCGCCCGCAAACG,0.5085756897837436,0,"0.57,-2.24,-11.4,0,1,-201.55,0.2631578947368421,0,0.4736842105263158,0,0,0.2222222222222222,-0.93,0.0,1,0,0.0,-3.26,0,0.05555555555555555,0,-2.11,0.1111111111111111,0",-2.900,63.2,1.0200,-39.0800,-15.0600,-15.0600,0.0,,0,none,19,guide
UCGUUCAGGAGGGAGAUCA,AGGACCAUUCUCCUGAGUGUGAUCUCCCUCCUGAACGAGCCCAACACCUUCUCGCCC,0.5219985085756897,1,"-0.24,-2.35,-12.44,1,0,-194.32,0.21052631578947367,0,0.3684210526315789,0,0,0.16666666666666666,-2.36,0.0,0,0,0.0,-2.11,0,0.0,0,-2.35,0.05555555555555555,1",-0.600,52.6,-0.2400,-36.4800,-12.0700,-12.0700,0.0,,0,none,19,guide
GGAGGGAGAUCACACUCAG,GAACGUCAGGACCAUUCUCCUGAGUGUGAUCUCCCUCCUGAACGAGCCCAACACCUU,0.1730052199850857,0,"-0.73,-3.26,-13.39,0,1,-204.18,0.10526315789473684,0,0.3684210526315789,1,0,0.16666666666666666,-2.35,0.0,0,0,0.0,-2.08,0,0.0,0,-2.11,0.0,0",-1.900,57.9,-1.1800,-37.9700,-15.3800,-15.3800,0.0,,0,none,19,guide
GAGGGAGAUCACACUCAGG,AGAACGUCAGGACCAUUCUCCUGAGUGUGAUCUCCCUCCUGAACGAGCCCAACACCU,0.4354958985831468,0,"0.46,-2.35,-12.44,0,1,-204.18,0.10526315789473684,0,0.3684210526315789,0,0,0.16666666666666666,-2.08,0.0,0,0,0.0,-3.26,0,0.0,0,-2.24,0.0,0",-2.200,57.9,0.9100,-37.9700,-15.3800,-15.3800,0.0,,0,none,19,guide
GGGAGAUCACACUCAGGAG,GCAGAACGUCAGGACCAUUCUCCUGAGUGUGAUCUCCCUCCUGAACGAGCCCAACAC,0.3154362416107382,0,"-0.73,-3.26,-13.39,0,1,-204.18,0.10526315789473684,0,0.3684210526315789,1,0,0.16666666666666666,-3.26,0.0,0,0,0.0,-2.08,0,0.0,0,-2.35,0.0,0",-1.600,57.9,-1.1800,-37.9700,-13.4900,-13.4900,0.0,,0,none,19,guide
UCACACUCAGGAGAAUGGU,CCCCACGCAGAACGUCAGGACCAUUCUCCUGAGUGUGAUCUCCCUCCUGAACGAGCC,0.6062639821029082,1,"-0.11,-2.35,-12.44,1,0,-189.09,0.21052631578947367,0,0.2631578947368421,0,0,0.1111111111111111,-2.11,0.0,0,0,0.0,-2.24,0,0.0,0,-2.35,0.0,0",-0.100,47.4,-0.1100,-34.7100,-13.1300,-13.1300,0.0,,0,none,19,guide
CACACUCAGGAGAAUGGUC,ACCCCACGCAGAACGUCAGGACCAUUCUCCUGAGUGUGAUCUCCCUCCUGAACGAGC,0.3348247576435496,0,"0.24,-2.11,-10.44,0,0,-196.53,0.15789473684210525,0,0.2631578947368421,0,0,0.1111111111111111,-2.24,0.0,0,1,0.0,-2.35,0,0.0,0,-0.93,0.0,0",-0.100,52.6,0.2400,-35.9600,-13.1300,-13.1300,0.0,,0,none,19,guide
CAGGAGAAUGGUCCUGACG,GGUGGAACCCCACGCAGAACGUCAGGACCAUUCUCCUGAGUGUGAUCUCCCUCCUGA,0.5376584638329605,1,"-0.2,-2.11,-10.44,0,0,-198.72,0.15789473684210525,0,0.3684210526315789,0,0,0.1111111111111111,-2.08,0.0,0,1,0.05555555555555555,-2.36,0,0.0,0,-3.26,0.0,0",-6.700,57.9,0.2500,-37.2300,-13.0500,-13.0500,0.0,,0,none,19,guide
AGGAGAAUGGUCCUGACGU,AGGUGGAACCCCACGCAGAACGUCAGGACCAUUCUCCUGAGUGUGAUCUCCCUCCUG,0.5384041759880686,1,"0.16,-2.08,-10.48,0,0,-192.24,0.21052631578947367,0,0.3684210526315789,0,0,0.1111111111111111,-3.26,0.0,0,0,0.05555555555555555,-2.24,0,0.0,0,-2.08,0.0,0",-3.700,52.6,0.1600,-36.2600,-12.0700,-12.0700,0.0,,0,none,19,guide
CUGACGUUCUGCGUGGGGU,CUGCCCUCAGAGAGGUGGAACCCCACGCAGAACGUCAGGACCAUUCUCCUGAGUGUG,0.4310216256524981,0,"-0.74,-2.08,-10.48,0,0,-198.58,0.3157894736842105,0,0.42105263157894735,0,0,0.16666666666666666,-2.11,0.0,1,1,0.0,-2.24,0,0.05555555555555555,0,-2.24,0.05555555555555555,0",-5.300,63.2,-0.2900,-39.0600,-12.2300,-12.2300,0.0,,0,none,19,guide
UCUGCGUGGGGUUCCACCU,CGGGGAGCUGCCCUCAGAGAGGUGGAACCCCACGCAGAACGUCAGGACCAUUCUCCU,0.5413870246085011,1,"-0.27,-2.35,-12.44,1,0,-199.6,0.3157894736842105,0,0.3157894736842105,0,0,0.16666666666666666,-2.08,0.0,0,0,0.1111111111111111,-2.08,0,0.05555555555555555,0,-2.35,0.05555555555555555,0",-4.600,63.2,-0.2700,-40.4300,-14.3200,-14.3200,0.0,,0,none,19,guide
CCACCUCUCUGAGGGCAGC,ACGACCCCCAGAGCGGGGAGCUGCCCUCAGAGAGGUGGAACCCCACGCAGAACGUCA,0.2930648769574944,0,"0.16,-3.26,-13.39,0,0,-212.14999999999995,0.15789473684210525,0,0.2631578947368421,0,0,0.1111111111111111,-2.11,0.0,0,1,0.1111111111111111,-3.42,1,0.1111111111111111,0,-3.26,0.0,0",-4.000,68.4,0.1600,-42.5100,-14.1200,-14.1200,0.0,,0,none,19,guide
GGUCGUCCACCGGCGGGUG,CGUGUGUAUCUCCAUCCUCCACCCGCCGGUGGACGACCCCCAGAGCGGGGAGCUGCC,0.1894108873974646,0,"-0.7,-3.26,-13.39,0,1,-214.89,0.15789473684210525,0,0.4736842105263158,1,0,0.2222222222222222,-2.24,0.0,0,0,0.1111111111111111,-2.11,0,0.05555555555555555,0,-3.42,0.0,0",-4.700,78.9,-1.1500,-44.1500,-14.8000,-14.8000,0.0,,0,none,19,guide
GUCGUCCACCGGCGGGUGG,ACGUGUGUAUCUCCAUCCUCCACCCGCCGGUGGACGACCCCCAGAGCGGGGAGCUGC,0.3296047725577927,0,"0.57,-2.24,-11.4,0,1,-214.89,0.15789473684210525,0,0.4736842105263158,0,0,0.2222222222222222,-2.35,0.0,1,0,0.1111111111111111,-3.26,0,0.05555555555555555,0,-2.36,0.0,0",-7.800,78.9,1.0200,-44.1500,-14.6700,-14.6700,0.0,,0,none,19,guide
CGUAGAUGUUAGGGUGCCA,UCGGUUCCUGACCAAGAUGUGGCACCCUAACAUCUACGAGACGGGGGACGUGUGUAU,0.1871737509321402,0,"-0.7,-2.36,-10.64,0,0,-188.86,0.2631578947368421,0,0.3684210526315789,0,0,0.1111111111111111,-2.24,0.1111111111111111,0,1,0.05555555555555555,-2.11,0,0.05555555555555555,1,-3.26,0.05555555555555555,1",0.000,52.6,-0.7000,-35.8700,-11.2100,-11.2100,0.0,,0,none,19,guide
UGUUAGGGUGCCACAUCUU,AGCCUUUCGGUUCCUGACCAAGAUGUGGCACCCUAACAUCUACGAGACGGGGGACGU,0.273676360924683,0,"-0.73,-2.11,-10.44,1,0,-184.07,0.3684210526315789,0,0.2631578947368421,0,0,0.1111111111111111,-2.24,0.05555555555555555,0,0,0.05555555555555555,-0.93,0,0.05555555555555555,0,-2.24,0.1111111111111111,0",-2.000,47.4,-1.1800,-34.3700,-13.1000,-13.1000,0.0,,0,none,19,guide
GUGGAGAGUAUGGGUAGUC,GCGCCUCAAGUUCCCCAUCGACUACCCAUACUCUCCACCAGCCUUUCGGUUCCUGAC,0.4914243102162565,0,"0.11,-2.24,-11.4,0,1,-196.56,0.2631578947368421,0,0.4736842105263158,0,0,0.16666666666666666,-2.11,0.1111111111111111,1,0,0.0,-2.35,0,0.0,0,-3.26,0.0,0",0.000,52.6,0.1100,-36.2200,-14.2300,-14.2300,0.0,,0,none,19,guide
GUAUGGGUAGUCGAUGGGG,UCAAGGCGCGCCUCAAGUUCCCCAUCGACUACCCAUACUCUCCACCAGCCUUUCGGU,0.3348247576435496,0,"0.57,-2.24,-11.4,0,1,-198.56,0.2631578947368421,0,0.5263157894736842,0,0,0.2777777777777778,-1.33,0.1111111111111111,1,0,0.0,-3.26,0,0.0,0,-2.35,0.0,0",0.000,57.9,1.0200,-37.4500,-13.3000,-13.3000,0.0,,0,none,19,guide
GAUGGGGAACUUGAGGCGC,AGGGCGGCUACUUCAAGGCGCGCCUCAAGUUCCCCAUCGACUACCCAUACUCUCCAC,0.4325130499627144,0,"0.62,-2.35,-12.44,0,1,-203.92999999999995,0.15789473684210525,0,0.4736842105263158,0,0,0.2222222222222222,-1.1,0.0,0,0,0.0,-3.42,0,0.1111111111111111,0,-2.35,0.05555555555555555,0",0.000,63.2,1.0700,-39.2800,-15.3400,-15.3400,0.0,,0,none,19,guide
AUGGGGAACUUGAGGCGCG,GAGGGCGGCUACUUCAAGGCGCGCCUCAAGUUCCCCAUCGACUACCCAUACUCUCCA,0.3810589112602535,0,"1.26,-1.1,-9.38,0,0,-198.41,0.15789473684210525,0,0.4736842105263158,0,0,0.2222222222222222,-2.11,0.0,1,0,0.0,-2.36,0,0.1111111111111111,0,-2.08,0.05555555555555555,0",0.000,63.2,1.7100,-38.7900,-15.1700,-15.1700,0.0,,0,none,19,guide
CGCCUUGAAGUAGCCGCCC,CCCCCAACACCUACUACGAGGGCGGCUACUUCAAGGCGCGCCUCAAGUUCCCCAUCG,0.2222222222222222,0,"0.9,-2.36,-10.64,0,0,-202.92,0.15789473684210525,0,0.2631578947368421,0,0,0.0,-3.42,0.05555555555555555,0,1,0.2222222222222222,-3.26,0,0.16666666666666666,1,-3.42,0.05555555555555555,0",0.000,68.4,0.9000,-40.5600,-14.1500,-14.1500,0.0,,0,none,19,guide
GAAGUAGCCGCCCUCGUAG,UCGGGCCCCCCAACACCUACUACGAGGGCGGCUACUUCAAGGCGCGCCUCAAGUUCC,0.4459358687546607,0,"-0.27,-2.35,-12.44,0,1,-199.4,0.15789473684210525,0,0.3157894736842105,0,0,0.0,-0.93,0.1111111111111111,0,0,0.16666666666666666,-2.08,0,0.1111111111111111,0,-2.08,0.0,0",0.000,63.2,-0.2700,-39.0400,-12.0800,-12.0800,0.0,,0,none,19,guide
AAGUAGCCGCCCUCGUAGU,UUCGGGCCCCCCAACACCUACUACGAGGGCGGCUACUUCAAGGCGCGCCUCAAGUUC,0.5495898583146905,1,"0.86,-0.93,-6.82,0,0,-190.92,0.21052631578947367,0,0.2631578947368421,0,0,0.0,-2.08,0.1111111111111111,0,0,0.16666666666666666,-2.24,0,0.1111111111111111,0,-2.35,0.0,0",0.000,57.9,1.3100,-37.5300,-14.4100,-14.4100,0.0,,0,none,19,guide
CCUCCCAGUUGUAUAGAUC,GACACUGGUGGACGAGGGCGAUCUAUACAACUGGGAGGUGGCCAUCUUCGGGCCCCC,0.3109619686800894,0,"-0.46,-3.26,-13.39,0,0,-189.96,0.3157894736842105,0,0.15789473684210525,0,0,0.0,-2.08,0.1111111111111111,0,1,0.16666666666666666,-2.35,1,0.0,0,-1.1,0.05555555555555555,0",0.000,47.4,-0.9100,-33.7700,-15.1400,-15.1400,0.0,,0,none,19,guide
UCCCAGUUGUAUAGAUCGC,GUGACACUGGUGGACGAGGGCGAUCUAUACAACUGGGAGGUGGCCAUCUUCGGGCCC,0.5518269947800151,1,"1.52,-2.35,-12.44,1,0,-187.89,0.3157894736842105,0,0.21052631578947367,0,0,0.0,-3.26,0.1111111111111111,0,0,0.1111111111111111,-3.42,0,0.05555555555555555,0,-2.08,0.05555555555555555,0",0.000,47.4,1.5200,-34.0600,-13.8800,-13.8800,0.0,,0,none,19,guide
GUUGUAUAGAUCGCCCUCG,UCCGCGUGACACUGGUGGACGAGGGCGAUCUAUACAACUGGGAGGUGGCCAUCUUCG,0.5421327367636093,1,"-0.33,-2.24,-11.4,0,1,-191.81,0.3157894736842105,0,0.2631578947368421,0,0,0.0,-0.93,0.1111111111111111,1,0,0.1111111111111111,-2.36,0,0.05555555555555555,0,-3.42,0.05555555555555555,0",0.000,52.6,0.1200,-34.6600,-9.0400,-9.0400,0.0,,0,none,19,guide
UGUAUAGAUCGCCCUCGUC,AUUCCGCGUGACACUGGUGGACGAGGGCGAUCUAUACAACUGGGAGGUGGCCAUCUU,0.4794929157345265,0,"1.14,-2.11,-10.44,1,0,-193.71,0.3157894736842105,0,0.21052631578947367,0,0,0.0,-2.24,0.1111111111111111,0,0,0.1111111111111111,-2.35,0,0.05555555555555555,0,-3.26,0.0,0",0.000,52.6,0.6900,-35.7300,-10.4300,-10.4300,0.0,,0,none,19,guide
UCGCCCUCGUCCACCAGUG,GUCGAGGGAUUCCGCGUGACACUGGUGGACGAGGGCGAUCUAUACAACUGGGAGGUG,0.5630126771066368,1,"0.66,-2.35,-12.44,1,0,-206.19,0.21052631578947367,0,0.21052631578947367,0,0,0.0,-2.36,0.0,0,0,0.2222222222222222,-2.11,0,0.05555555555555555,0,-2.24,0.0,0",0.000,68.4,0.2100,-41.3500,-16.7300,-16.7300,0.0,,0,none,19,guide
CGUCCACCAGUGUCACGCG,AGAGCCGGUCGAGGGAUUCCGCGUGACACUGGUGGACGAGGGCGAUCUAUACAACUG,0.5018642803877703,0,"0.0,-2.36,-10.64,0,0,-204.09,0.15789473684210525,0,0.2631578947368421,0,0,0.0,-2.24,0.0,0,1,0.1111111111111111,-2.36,0,0.05555555555555555,1,-2.35,0.0,0",0.000,68.4,0.0000,-39.8500,-15.4600,-15.4600,0.0,,0,none,19,guide
CCCUCGACCGGCUCUUCCU,XXXXXXXXCAAGGGGCUGCAGGAAGAGCCGGUCGAGGGAUUCCGCGUGACACUGGUG,0.3303504847129008,0,"-1.63,-3.26,-13.39,0,0,-205.68,0.2631578947368421,0,0.15789473684210525,0,0,0.05555555555555555,-3.26,0.0,0,1,0.2222222222222222,-2.08,1,0.05555555555555555,0,-2.35,0.05555555555555555,0",0.000,68.4,-1.6300,-41.2400,-14.6400,-14.6400,0.0,,0,none,19,guide
CGGCUCUUCCUGCAGCCCC,XXXXXXXXXXXXXXXXCAAGGGGCUGCAGGAAGAGCCGGUCGAGGGAUUCCGCGUGA,0.354958985831469,0,"0.9,-2.36,-10.64,0,0,-213.11999999999995,0.21052631578947367,0,0.21052631578947367,0,0,0.05555555555555555,-3.26,0.0,0,1,0.2222222222222222,-3.26,0,0.16666666666666666,1,-2.11,0.05555555555555555,0",-4.900,73.7,0.9000,-43.7000,-14.1200,-14.1200,0.0,,0,none,19,guide
GUCUGUUUUAUAGAUCCGU,CCCUAGUGCCAGAGAUUGCACGGAUCUAUAAAACAGACAGAGXXXXXXXXXXXXXXX,0.5093214019388517,0,"-0.9,-2.24,-11.4,0,1,-174.22,0.4736842105263158,0,0.21052631578947367,0,0,0.0,-2.35,0.1111111111111111,1,0,0.05555555555555555,-2.24,0,0.0,0,-2.35,0.16666666666666666,0",-2.000,36.8,-0.4500,-29.2200,-10.6400,-10.6400,0.0,,0,none,19,guide
UUUAUAGAUCCGUGCAAUC,AUGACCCCCUAGUGCCAGAGAUUGCACGGAUCUAUAAAACAGACAGAGXXXXXXXXX,0.6890380313199106,1,"1.87,-0.93,-6.82,1,0,-175.64,0.3684210526315789,1,0.15789473684210525,0,0,0.0,-0.93,0.1111111111111111,1,0,0.05555555555555555,-2.35,0,0.05555555555555555,0,-2.11,0.1111111111111111,0",0.000,36.8,1.8700,-29.4400,-9.1200,-9.1200,0.0,,0,none,19,guide
AGAUCCGUGCAAUCUCUGG,CCCAGAUGACCCCCUAGUGCCAGAGAUUGCACGGAUCUAUAAAACAGACAGAGXXXX,0.6114839671886652,1,"1.63,-2.08,-10.48,0,0,-194.47,0.2631578947368421,0,0.2631578947368421,0,0,0.05555555555555555,-2.35,0.0,0,0,0.05555555555555555,-3.26,0,0.05555555555555555,0,-2.35,0.0,0",0.000,52.6,1.6300,-35.7000,-13.6600,-13.6600,0.0,,0,none,19,guide
CGUGCAAUCUCUGGCACUA,CCAAACCCAGAUGACCCCCUAGUGCCAGAGAUUGCACGGAUCUAUAAAACAGACAGA,0.465324384787472,0,"-1.03,-2.36,-10.64,0,0,-191.23,0.2631578947368421,0,0.21052631578947367,0,0,0.05555555555555555,-2.24,0.05555555555555555,0,1,0.0,-1.33,0,0.1111111111111111,1,-3.26,0.0,1",-5.000,52.6,-1.4800,-35.5900,-11.9100,-11.9100,0.0,,0,none,19,guide
UGCAAUCUCUGGCACUAGG,AUCCAAACCCAGAUGACCCCCUAGUGCCAGAGAUUGCACGGAUCUAUAAAACAGACA,0.6428038777032066,1,"1.6,-2.11,-10.44,1,0,-193.06,0.2631578947368421,0,0.2631578947368421,0,0,0.1111111111111111,-3.42,0.05555555555555555,0,0,0.0,-3.26,0,0.1111111111111111,0,-2.11,0.0,0",-1.400,52.6,1.6000,-36.1300,-11.9900,-11.9900,0.0,,0,none,19,guide
GGGUCAUCUGGGUUUGGAU,AUUUGUUCACUGCUAUGUGAUCCAAACCCAGAUGACCCCCUAGUGCCAGAGAUUGCA,0.3318419090231171,0,"-2.16,-3.26,-13.39,0,1,-193.94,0.3684210526315789,0,0.42105263157894735,1,0,0.2777777777777778,-3.26,0.0,0,0,0.0,-1.1,0,0.0,0,-0.93,0.1111111111111111,0",-0.300,52.6,-2.6100,-36.1600,-13.4100,-13.4100,0.0,,0,none,19,guide
GGUCAUCUGGGUUUGGAUC,CAUUUGUUCACUGCUAUGUGAUCCAAACCCAGAUGACCCCCUAGUGCCAGAGAUUGC,0.4213273676360924,0,"-0.46,-3.26,-13.39,0,1,-196.71,0.3684210526315789,0,0.3684210526315789,1,0,0.2222222222222222,-2.24,0.0,0,0,0.0,-2.35,0,0.0,0,-0.93,0.1111111111111111,0",-0.600,52.6,-0.9100,-35.6000,-12.2300,-12.2300,0.0,,0,none,19,guide
CUGGGUUUGGAUCACAUAG,UUUAUCCAUUUGUUCACUGCUAUGUGAUCCAAACCCAGAUGACCCCCUAGUGCCAGA,0.7143922445935869,1,"0.0,-2.08,-10.48,0,0,-187.05,0.3157894736842105,0,0.3157894736842105,0,0,0.16666666666666666,-2.11,0.05555555555555555,1,1,0.0,-2.08,0,0.0,0,-2.11,0.1111111111111111,0",0.000,47.4,0.0000,-33.5600,-12.7300,-12.7300,0.0,,0,none,19,guide
GGGUUUGGAUCACAUAGCA,CUUUUAUCCAUUUGUUCACUGCUAUGUGAUCCAAACCCAGAUGACCCCCUAGUGCCA,0.3146905294556301,0,"-1.6,-3.26,-13.39,0,1,-187.73,0.2631578947368421,0,0.3157894736842105,1,0,0.16666666666666666,-3.26,0.05555555555555555,0,0,0.0,-2.11,0,0.05555555555555555,0,-2.11,0.1111111111111111,1",-0.500,47.4,-1.6000,-34.2000,-12.7300,-12.7300,0.0,,0,none,19,guide
UUGGAUCACAUAGCAGUGA,AGUUCUUUUAUCCAUUUGUUCACUGCUAUGUGAUCCAAACCCAGAUGACCCCCUAGU,0.7099179716629381,1,"0.97,-0.93,-6.82,1,0,-183.77,0.2631578947368421,1,0.2631578947368421,0,0,0.05555555555555555,-2.11,0.05555555555555555,1,0,0.0,-2.35,0,0.05555555555555555,0,-3.42,0.05555555555555555,1",-2.600,42.1,1.4200,-32.7400,-13.2800,-13.2800,0.0,,0,none,19,guide
CAUAGCAGUGAACAAAUGG,AUUUCUAAAGUUCUUUUAUCCAUUUGUUCACUGCUAUGUGAUCCAAACCCAGAUGAC,0.7046979865771812,1,"0.7,-2.11,-10.44,0,0,-179.96999999999997,0.15789473684210525,0,0.2631578947368421,0,0,0.05555555555555555,-1.1,0.05555555555555555,0,1,0.0,-3.26,0,0.05555555555555555,0,-2.11,0.0,0",0.000,42.1,1.1500,-30.7500,-12.1200,-12.1200,0.0,,0,none,19,guide
AUAGCAGUGAACAAAUGGA,AAUUUCUAAAGUUCUUUUAUCCAUUUGUUCACUGCUAUGUGAUCCAAACCCAGAUGA,0.7337807606263982,1,"0.8,-1.1,-9.38,0,0,-174.52999999999997,0.15789473684210525,0,0.2631578947368421,0,0,0.05555555555555555,-1.33,0.05555555555555555,1,0,0.0,-2.35,0,0.05555555555555555,0,-0.93,0.0,1",0.000,36.8,1.2500,-30.2900,-13.2600,-13.2600,0.0,,0,none,19,guide
UAGCAGUGAACAAAUGGAU,CAAUUUCUAAAGUUCUUUUAUCCAUUUGUUCACUGCUAUGUGAUCCAAACCCAGAUG,0.7166293810589113,1,"-0.23,-1.33,-7.69,1,0,-174.52999999999997,0.21052631578947367,0,0.2631578947368421,0,0,0.05555555555555555,-2.08,0.05555555555555555,0,0,0.0,-1.1,0,0.05555555555555555,0,-0.93,0.0,0",0.000,36.8,-0.2300,-29.9900,-14.0400,-14.0400,0.0,,0,none,19,guide
GCAGUGAACAAAUGGAUAA,AACAAUUUCUAAAGUUCUUUUAUCCAUUUGUUCACUGCUAUGUGAUCCAAACCCAGA,0.1759880686055182,0,"-2.49,-3.42,-14.88,0,1,-174.58999999999997,0.15789473684210525,0,0.2631578947368421,0,1,0.05555555555555555,-2.11,0.05555555555555555,0,0,0.0,-0.93,0,0.05555555555555555,0,-2.11,0.0,1",0.000,36.8,-2.9400,-29.3400,-11.8200,-11.8200,0.0,,0,none,19,guide
GUGAACAAAUGGAUAAAAG,UUUAACAAUUUCUAAAGUUCUUUUAUCCAUUUGUUCACUGCUAUGUGAUCCAAACCC,0.2013422818791946,0,"-0.16,-2.24,-11.4,0,1,-166.62999999999997,0.15789473684210525,0,0.2631578947368421,0,0,0.05555555555555555,-2.11,0.05555555555555555,1,0,0.0,-2.08,0,0.0,0,-1.1,0.0,0",0.000,31.6,-0.1600,-26.1700,-10.6700,-10.6700,0.0,,0,none,19,guide
UGGAUAAAAGAACUUUAGA,GUCGCCUGCUUUAACAAUUUCUAAAGUUCUUUUAUCCAUUUGUUCACUGCUAUGUGA,0.4787472035794183,0,"0.24,-2.11,-10.44,1,0,-158.62,0.2631578947368421,0,0.21052631578947367,0,0,0.05555555555555555,-3.26,0.1111111111111111,0,0,0.0,-2.35,0,0.0,0,-2.08,0.1111111111111111,1",0.000,26.3,0.2400,-25.4500,-9.9000,-9.9000,0.0,,0,none,19,guide
GAUAAAAGAACUUUAGAAA,UGGUCGCCUGCUUUAACAAUUUCUAAAGUUCUUUUAUCCAUUUGUUCACUGCUAUGU,0.2281879194630872,0,"-1.87,-2.35,-12.44,0,1,-152.15,0.21052631578947367,0,0.15789473684210525,0,0,0.0,-1.1,0.1111111111111111,0,0,0.0,-0.93,0,0.0,0,-0.93,0.1111111111111111,1",0.000,21.1,-1.8700,-22.5900,-7.3000,-7.3000,0.0,,0,none,19,guide
AAAAGAACUUUAGAAAUUG,CAGUGGUCGCCUGCUUUAACAAUUUCUAAAGUUCUUUUAUCCAUUUGUUCACUGCUA,0.6010439970171514,1,"1.63,-0.93,-6.82,0,0,-149.27999999999997,0.2631578947368421,0,0.15789473684210525,0,0,0.0,-0.93,0.05555555555555555,0,0,0.0,-2.11,0,0.0,0,-2.35,0.16666666666666666,0",0.000,21.1,1.6300,-22.1500,-9.4600,-9.4600,0.0,,0,none,19,guide
UUUAGAAAUUGUUAAAGCA,UAAGAUCACAGUGGUCGCCUGCUUUAACAAUUUCUAAAGUUCUUUUAUCCAUUUGUU,0.6860551826994781,1,"0.73,-0.93,-6.82,1,0,-148.83,0.3684210526315789,1,0.15789473684210525,0,0,0.0,-0.93,0.1111111111111111,1,0,0.0,-2.11,0,0.05555555555555555,0,-1.33,0.2222222222222222,1",0.000,21.1,1.1800,-22.9500,-8.5500,-8.5500,0.0,,0,none,19,guide
UUAGAAAUUGUUAAAGCAG,CUAAGAUCACAGUGGUCGCCUGCUUUAACAAUUUCUAAAGUUCUUUUAUCCAUUUGU,0.6689038031319909,1,"1.6,-0.93,-6.82,1,0,-156.21,0.3157894736842105,1,0.21052631578947367,0,0,0.0,-1.33,0.1111111111111111,1,0,0.0,-2.08,0,0.05555555555555555,0,-0.93,0.16666666666666666,0",0.000,26.3,1.6000,-24.6000,-8.7200,-8.7200,0.0,,0,none,19,guide
AUUGUUAAAGCAGGCGACC,GAUAUUCUAAGAUCACAGUGGUCGCCUGCUUUAACAAUUUCUAAAGUUCUUUUAUCC,0.6301267710663684,1,"2.16,-1.1,-9.38,0,0,-181.28000000000003,0.21052631578947367,0,0.2631578947368421,0,0,0.05555555555555555,-0.93,0.05555555555555555,1,0,0.05555555555555555,-3.26,0,0.1111111111111111,0,-3.26,0.1111111111111111,0",-0.900,47.4,2.6100,-32.7900,-8.4700,-8.4700,0.0,,0,none,19,guide
UUGUUAAAGCAGGCGACCA,CGAUAUUCUAAGAUCACAGUGGUCGCCUGCUUUAACAAUUUCUAAAGUUCUUUUAUC,0.6733780760626399,1,"0.73,-0.93,-6.82,1,0,-178.62,0.21052631578947367,1,0.2631578947368421,0,0,0.05555555555555555,-2.11,0.05555555555555555,1,0,0.05555555555555555,-2.11,0,0.1111111111111111,0,-3.42,0.1111111111111111,1",-0.800,47.4,1.1800,-33.4500,-8.4700,-8.4700,0.0,,0,none,19,guide
UGUUAAAGCAGGCGACCAC,UCGAUAUUCUAAGAUCACAGUGGUCGCCUGCUUUAACAAUUUCUAAAGUUCUUUUAU,0.7472035794183445,1,"1.03,-2.11,-10.44,1,0,-186.92,0.15789473684210525,0,0.2631578947368421,0,0,0.05555555555555555,-2.24,0.05555555555555555,0,0,0.05555555555555555,-2.24,0,0.1111111111111111,0,-2.36,0.05555555555555555,0",0.000,52.6,0.5800,-35.4600,-8.4400,-8.4400,0.0,,0,none,19,guide
GGCGACCACUGUGAUCUUA,AGCAUUUGUCUCGAUAUUCUAAGAUCACAGUGGUCGCCUGCUUUAACAAUUUCUAAA,0.4146159582401194,0,"-1.93,-3.26,-13.39,0,1,-192.66,0.2631578947368421,0,0.2631578947368421,1,0,0.05555555555555555,-3.42,0.05555555555555555,0,0,0.05555555555555555,-1.33,0,0.05555555555555555,0,-2.35,0.05555555555555555,1",0.000,52.6,-2.3800,-35.6300,-15.7400,-15.7400,0.0,,0,none,19,guide
CGACCACUGUGAUCUUAGA,GCAGCAUUUGUCUCGAUAUUCUAAGAUCACAGUGGUCGCCUGCUUUAACAAUUUCUA,0.3228933631618195,0,"-0.46,-2.36,-10.64,0,0,-187.31,0.2631578947368421,0,0.21052631578947367,0,0,0.0,-2.35,0.05555555555555555,0,1,0.05555555555555555,-2.35,0,0.0,1,-2.35,0.05555555555555555,1",0.000,47.4,-0.4600,-33.3800,-14.2800,-14.2800,0.0,,0,none,19,guide
UGAUCUUAGAAUAUCGAGA,ACAGUAAUGGCAGCAUUUGUCUCGAUAUUCUAAGAUCACAGUGGUCGCCUGCUUUAA,0.7315436241610738,1,"0.24,-2.11,-10.44,1,0,-173.26999999999995,0.3157894736842105,0,0.21052631578947367,0,0,0.0,-2.35,0.1111111111111111,0,0,0.0,-2.35,0,0.0,0,-1.1,0.05555555555555555,1",-0.400,31.6,0.2400,-27.9900,-10.1400,-10.1400,0.0,,0,none,19,guide
GAAUAUCGAGACAAAUGCU,AAAUAUUAACAGUAAUGGCAGCAUUUGUCUCGAUAUUCUAAGAUCACAGUGGUCGCC,0.5906040268456376,1,"-1.17,-2.35,-12.44,0,1,-177.48,0.21052631578947367,0,0.21052631578947367,0,0,0.0,-0.93,0.05555555555555555,0,0,0.0,-2.08,0,0.05555555555555555,0,-0.93,0.0,0",0.000,36.8,-0.7200,-28.9300,-9.1700,-9.1700,0.0,,0,none,19,guide
AAUAUCGAGACAAAUGCUG,CAAAUAUUAACAGUAAUGGCAGCAUUUGUCUCGAUAUUCUAAGAUCACAGUGGUCGC,0.7099179716629381,1,"1.63,-0.93,-6.82,0,0,-175.47999999999996,0.21052631578947367,0,0.21052631578947367,0,0,0.0,-1.1,0.05555555555555555,0,0,0.0,-2.11,0,0.05555555555555555,0,-0.93,0.0,0",0.000,36.8,1.6300,-28.8900,-10.5900,-10.5900,0.0,,0,none,19,guide
AUCGAGACAAAUGCUGCCA,AUCCAAAUAUUAACAGUAAUGGCAGCAUUUGUCUCGAUAUUCUAAGAUCACAGUGGU,0.7427293064876958,1,"0.56,-1.1,-9.38,0,0,-186.58,0.15789473684210525,0,0.21052631578947367,0,0,0.0,-2.35,0.0,1,0,0.05555555555555555,-2.11,0,0.1111111111111111,0,-3.42,0.0,1",0.000,47.4,1.0100,-33.9200,-13.7300,-13.7300,0.0,,0,none,19,guide
ACAAAUGCUGCCAUUACUG,UUUAUCAUCCAAAUAUUAACAGUAAUGGCAGCAUUUGUCUCGAUAUUCUAAGAUCAC,0.7263236390753169,1,"0.77,-2.24,-11.4,0,0,-178.68999999999997,0.2631578947368421,0,0.15789473684210525,0,0,0.0,-2.11,0.05555555555555555,0,0,0.05555555555555555,-2.11,0,0.1111111111111111,0,-1.1,0.05555555555555555,0",0.000,42.1,0.3200,-31.5200,-10.6000,-10.6000,0.0,,0,none,19,guide
UGCUGCCAUUACUGUUAAU,AAGAAUUUAUCAUCCAAAUAUUAACAGUAAUGGCAGCAUUUGUCUCGAUAUUCUAAG,0.4295302013422818,0,"-0.56,-2.11,-10.44,1,0,-172.22,0.42105263157894735,0,0.15789473684210525,0,0,0.0,-3.42,0.1111111111111111,0,0,0.05555555555555555,-1.1,0,0.1111111111111111,0,-2.11,0.1111111111111111,0",0.000,36.8,-1.0100,-30.0400,-16.4000,-16.4000,0.0,,0,none,19,guide
CUGUUAAUAUUUGGAUGAU,GCAUUUACAACAAGAAUUUAUCAUCCAAAUAUUAACAGUAAUGGCAGCAUUUGUCUC,0.23862788963460102,0,"-1.43,-2.08,-10.48,0,0,-164.32,0.4736842105263158,0,0.21052631578947367,0,0,0.05555555555555555,-2.11,0.1111111111111111,1,1,0.0,-1.1,0,0.0,0,-3.26,0.16666666666666666,0",0.000,26.3,-1.4300,-25.1000,-8.6400,-8.6400,0.0,,0,none,19,guide
UAAUAUUUGGAUGAUAAAU,GGUUGCAUUUACAACAAGAAUUUAUCAUCCAAAUAUUAACAGUAAUGGCAGCAUUUG,0.5682326621923938,1,"-0.23,-1.33,-7.69,1,0,-152.16999999999996,0.42105263157894735,0,0.15789473684210525,0,0,0.05555555555555555,-0.93,0.16666666666666666,0,0,0.0,-1.1,0,0.0,0,-2.35,0.1111111111111111,0",0.000,15.8,-0.2300,-21.8300,-6.3200,-6.3200,0.0,,0,none,19,guide
UUUGGAUGAUAAAUUCUUG,CCUAAGGUUGCAUUUACAACAAGAAUUUAUCAUCCAAAUAUUAACAGUAAUGGCAGC,0.6942580164056674,1,"1.63,-0.93,-6.82,1,0,-161.92999999999995,0.4736842105263158,1,0.21052631578947367,0,0,0.05555555555555555,-0.93,0.05555555555555555,1,0,0.0,-2.11,0,0.0,0,-1.1,0.2222222222222222,0",-0.900,26.3,1.6300,-24.8400,-11.8600,-11.8600,0.0,,0,none,19,guide
GAUAAAUUCUUGUUGUAAA,CAAACCACCUAAGGUUGCAUUUACAACAAGAAUUUAUCAUCCAAAUAUUAACAGUAA,0.3639075316927666,0,"-1.87,-2.35,-12.44,0,1,-153.59,0.42105263157894735,0,0.15789473684210525,0,0,0.0,-1.1,0.1111111111111111,0,0,0.0,-0.93,0,0.0,0,-0.93,0.16666666666666666,1",0.000,21.1,-1.8700,-22.9100,-6.3200,-6.3200,0.0,,0,none,19,guide
AUAAAUUCUUGUUGUAAAU,UCAAACCACCUAAGGUUGCAUUUACAACAAGAAUUUAUCAUCCAAAUAUUAACAGUA,0.5548098434004475,1,"0.0,-1.1,-9.38,0,0,-146.80999999999997,0.4736842105263158,0,0.10526315789473684,0,0,0.0,-1.33,0.1111111111111111,1,0,0.0,-1.1,0,0.0,0,-2.11,0.16666666666666666,0",0.000,15.8,0.0000,-20.8100,-7.5700,-7.5700,0.0,,0,none,19,guide
UAAAUUCUUGUUGUAAAUG,UUCAAACCACCUAAGGUUGCAUUUACAACAAGAAUUUAUCAUCCAAAUAUUAACAGU,0.5219985085756897,1,"1.23,-1.33,-7.69,1,0,-151.59,0.4736842105263158,0,0.15789473684210525,0,0,0.0,-0.93,0.1111111111111111,0,0,0.0,-2.11,0,0.0,0,-2.24,0.16666666666666666,0",0.000,21.1,1.2300,-22.5200,-8.3200,-8.3200,0.0,,0,none,19,guide
AAUUCUUGUUGUAAAUGCA,CCUUCAAACCACCUAAGGUUGCAUUUACAACAAGAAUUUAUCAUCCAAAUAUUAACA,0.6211782252050708,1,"0.73,-0.93,-6.82,0,0,-158.67999999999995,0.42105263157894735,0,0.15789473684210525,0,0,0.0,-1.1,0.05555555555555555,0,0,0.0,-2.11,0,0.05555555555555555,0,-0.93,0.16666666666666666,1",0.000,26.3,1.1800,-25.0900,-9.5000,-9.5000,0.0,,0,none,19,guide
AUUCUUGUUGUAAAUGCAA,CCCUUCAAACCACCUAAGGUUGCAUUUACAACAAGAAUUUAUCAUCCAAAUAUUAAC,0.5100671140939598,0,"-0.17,-1.1,-9.38,0,0,-158.67999999999995,0.42105263157894735,0,0.15789473684210525,0,0,0.0,-0.93,0.05555555555555555,1,0,0.0,-0.93,0,0.05555555555555555,0,-0.93,0.16666666666666666,1",0.000,26.3,-0.1700,-25.2400,-10.6400,-10.6400,0.0,,0,none,19,guide
CUUGUUGUAAAUGCAACCU,UACCCCUUCAAACCACCUAAGGUUGCAUUUACAACAAGAAUUUAUCAUCCAAAUAUU,0.6457867263236391,1,"-0.9,-2.08,-10.48,0,0,-169.02999999999994,0.3684210526315789,0,0.15789473684210525,0,0,0.0,-0.93,0.05555555555555555,1,1,0.05555555555555555,-2.08,0,0.05555555555555555,0,-3.42,0.1111111111111111,0",-3.200,36.8,-0.4500,-29.1400,-10.5600,-10.5600,0.0,,0,none,19,guide
UUGUUGUAAAUGCAACCUU,CUACCCCUUCAAACCACCUAAGGUUGCAUUUACAACAAGAAUUUAUCAUCCAAAUAU,0.6189410887397464,1,"0.0,-0.93,-6.82,1,0,-161.64999999999995,0.42105263157894735,1,0.15789473684210525,0,0,0.0,-2.11,0.05555555555555555,1,0,0.05555555555555555,-0.93,0,0.05555555555555555,0,-2.11,0.16666666666666666,0",-3.200,31.6,0.0000,-27.2900,-10.9600,-10.9600,0.0,,0,none,19,guide
GUUGUAAAUGCAACCUUAG,GACUACCCCUUCAAACCACCUAAGGUUGCAUUUACAACAAGAAUUUAUCAUCCAAAU,0.6032811334824758,1,"-0.16,-2.24,-11.4,0,1,-169.99999999999994,0.3157894736842105,0,0.21052631578947367,0,0,0.0,-0.93,0.1111111111111111,1,0,0.05555555555555555,-2.08,0,0.05555555555555555,0,-2.24,0.1111111111111111,0",-3.200,36.8,-0.1600,-28.7100,-8.4700,-8.4700,0.0,,0,none,19,guide
CAACCUUAGGUGGUUUGAA,UUUUCCUACAGACUACCCCUUCAAACCACCUAAGGUUGCAUUUACAACAAGAAUUUA,0.4802386278896346,0,"-1.63,-2.11,-10.44,0,0,-173.54999999999995,0.3157894736842105,0,0.2631578947368421,0,0,0.1111111111111111,-0.93,0.05555555555555555,0,1,0.05555555555555555,-0.93,0,0.0,0,-2.24,0.16666666666666666,1",-3.200,42.1,-1.6300,-31.0300,-10.7700,-10.7700,0.0,,0,none,19,guide
ACCUUAGGUGGUUUGAAGG,CAUUUUCCUACAGACUACCCCUUCAAACCACCUAAGGUUGCAUUUACAACAAGAAUU,0.7046979865771812,1,"1.47,-2.24,-11.4,0,0,-180.16,0.3157894736842105,0,0.3684210526315789,0,0,0.16666666666666666,-3.26,0.05555555555555555,0,0,0.05555555555555555,-3.26,0,0.0,0,-0.93,0.16666666666666666,0",-1.800,47.4,1.4700,-33.3300,-12.9400,-12.9400,0.0,,0,none,19,guide
GGUGGUUUGAAGGGGUAGU,ACAAUUCAUUUUCCUACAGACUACCCCUUCAAACCACCUAAGGUUGCAUUUACAACA,0.4705443698732289,0,"-1.47,-3.26,-13.39,0,1,-187.65,0.3157894736842105,0,0.5263157894736842,1,0,0.2777777777777778,-2.24,0.05555555555555555,0,0,0.0,-2.24,0,0.0,0,-3.26,0.1111111111111111,0",0.000,52.6,-1.4700,-35.9700,-11.7100,-11.7100,0.0,,0,none,19,guide
GUGGUUUGAAGGGGUAGUC,GACAAUUCAUUUUCCUACAGACUACCCCUUCAAACCACCUAAGGUUGCAUUUACAAC,0.6532438478747203,1,"0.11,-2.24,-11.4,0,1,-190.42,0.3157894736842105,0,0.4736842105263158,0,0,0.2222222222222222,-2.11,0.05555555555555555,1,0,0.0,-2.35,0,0.0,0,-3.26,0.1111111111111111,0",0.000,52.6,0.1100,-35.6100,-11.5800,-11.5800,0.0,,0,none,19,guide
UUGAAGGGGUAGUCUGUAG,UUUUUGACAAUUCAUUUUCCUACAGACUACCCCUUCAAACCACCUAAGGUUGCAUUU,0.7076808351976137,1,"1.6,-0.93,-6.82,1,0,-183.74,0.3157894736842105,1,0.42105263157894735,0,0,0.16666666666666666,-2.11,0.1111111111111111,1,0,0.0,-2.08,0,0.0,0,-2.35,0.05555555555555555,0",0.000,47.4,1.6000,-34.1200,-13.9900,-13.9900,0.0,,0,none,19,guide
UGAAGGGGUAGUCUGUAGG,CUUUUUGACAAUUCAUUUUCCUACAGACUACCCCUUCAAACCACCUAAGGUUGCAUU,0.7449664429530202,1,"1.6,-2.11,-10.44,1,0,-190.31,0.2631578947368421,0,0.4736842105263158,0,0,0.2222222222222222,-2.35,0.1111111111111111,0,0,0.0,-3.26,0,0.0,0,-2.08,0.0,0",0.000,52.6,1.6000,-36.4500,-15.1400,-15.1400,0.0,,0,none,19,guide
UAGUCUGUAGGAAAAUGAA,GGUGUAUUCUUUUUGACAAUUCAUUUUCCUACAGACUACCCCUUCAAACCACCUAAG,0.6338553318419089,1,"-0.4,-1.33,-7.69,1,0,-166.81999999999996,0.2631578947368421,0,0.2631578947368421,0,0,0.05555555555555555,-2.08,0.1111111111111111,0,0,0.0,-0.93,0,0.0,0,-0.93,0.0,1",0.000,31.6,-0.4000,-28.0900,-13.1000,-13.1000,0.0,,0,none,19,guide
GUCUGUAGGAAAAUGAAUU,GCGGUGUAUUCUUUUUGACAAUUCAUUUUCCUACAGACUACCCCUUCAAACCACCUA,0.4645786726323639,0,"-1.76,-2.24,-11.4,0,1,-168.56999999999996,0.3157894736842105,0,0.2631578947368421,0,0,0.05555555555555555,-2.35,0.05555555555555555,1,0,0.0,-0.93,0,0.0,0,-1.1,0.05555555555555555,0",0.000,31.6,-1.7600,-27.0600,-12.1900,-12.1900,0.0,,0,none,19,guide
CUGUAGGAAAAUGAAUUGU,AGGCGGUGUAUUCUUUUUGACAAUUCAUUUUCCUACAGACUACCCCUUCAAACCACC,0.5682326621923938,1,"-0.74,-2.08,-10.48,0,0,-166.56999999999996,0.3157894736842105,0,0.2631578947368421,0,0,0.05555555555555555,-2.11,0.05555555555555555,1,1,0.0,-2.24,0,0.0,0,-2.35,0.05555555555555555,0",0.000,31.6,-0.2900,-27.1700,-13.3700,-13.3700,0.0,,0,none,19,guide
UGUAGGAAAAUGAAUUGUC,AAGGCGGUGUAUUCUUUUUGACAAUUCAUUUUCCUACAGACUACCCCUUCAAACCAC,0.6882923191648024,1,"1.14,-2.11,-10.44,1,0,-168.52999999999997,0.3157894736842105,0,0.2631578947368421,0,0,0.05555555555555555,-2.24,0.05555555555555555,0,0,0.0,-2.35,0,0.0,0,-0.93,0.05555555555555555,0",0.000,31.6,0.6900,-27.2400,-12.1900,-12.1900,0.0,,0,none,19,guide
GUAGGAAAAUGAAUUGUCA,CAAGGCGGUGUAUUCUUUUUGACAAUUCAUUUUCCUACAGACUACCCCUUCAAACCA,0.4131245339299031,0,"-1.03,-2.24,-11.4,0,1,-168.52999999999997,0.2631578947368421,0,0.2631578947368421,0,0,0.05555555555555555,-1.33,0.05555555555555555,1,0,0.0,-2.11,0,0.0,0,-1.1,0.05555555555555555,1",0.000,31.6,-0.5800,-27.2900,-10.8800,-10.8800,0.0,,0,none,19,guide
AAAAGAAUACACCGCCUUG,ACCUAAUGACAGCCCAUAUCAAGGCGGUGUAUUCUUUUUGACAAUUCAUUUUCCUAC,0.7792692020879941,1,"1.63,-0.93,-6.82,0,0,-173.22,0.15789473684210525,0,0.15789473684210525,0,0,0.0,-0.93,0.05555555555555555,0,0,0.1111111111111111,-2.11,0,0.05555555555555555,0,-2.36,0.05555555555555555,0",0.000,42.1,1.6300,-30.3000,-8.3200,-8.3200,0.0,,0,none,19,guide
AGAAUACACCGCCUUGAUA,GGGACCUAAUGACAGCCCAUAUCAAGGCGGUGUAUUCUUUUUGACAAUUCAUUUUCC,0.7419835943325876,1,"-0.3,-2.08,-10.48,0,0,-178.54999999999995,0.21052631578947367,0,0.15789473684210525,0,0,0.0,-2.35,0.1111111111111111,0,0,0.1111111111111111,-1.33,0,0.05555555555555555,0,-2.08,0.05555555555555555,1",0.000,42.1,-0.7500,-31.9400,-10.0600,-10.0600,0.0,,0,none,19,guide
CUUGAUAUGGGCUGUCAUU,AGCCACAAUUAUGGGACCUAAUGACAGCCCAUAUCAAGGCGGUGUAUUCUUUUUGAC,0.5965697240865027,1,"-1.6,-2.08,-10.48,0,0,-182.8,0.42105263157894735,0,0.2631578947368421,0,0,0.1111111111111111,-0.93,0.05555555555555555,1,1,0.0,-0.93,0,0.05555555555555555,0,-2.11,0.1111111111111111,0",-1.800,42.1,-1.6000,-31.8800,-8.9200,-8.9200,0.0,,0,none,19,guide
UUGAUAUGGGCUGUCAUUA,AAGCCACAAUUAUGGGACCUAAUGACAGCCCAUAUCAAGGCGGUGUAUUCUUUUUGA,0.7285607755406414,1,"0.4,-0.93,-6.82,1,0,-176.29,0.42105263157894735,1,0.2631578947368421,0,0,0.1111111111111111,-2.11,0.1111111111111111,1,0,0.0,-1.33,0,0.05555555555555555,0,-2.24,0.1111111111111111,1",-1.800,36.8,0.4000,-30.5800,-10.1000,-10.1000,0.0,,0,none,19,guide
GGGCUGUCAUUAGGUCCCA,CAUUGGCAAGCCACAAUUAUGGGACCUAAUGACAGCCCAUAUCAAGGCGGUGUAUUC,0.3624161073825503,0,"-1.6,-3.26,-13.39,0,1,-198.35,0.2631578947368421,0,0.3157894736842105,1,0,0.16666666666666666,-3.26,0.05555555555555555,0,0,0.1111111111111111,-2.11,0,0.05555555555555555,0,-3.26,0.05555555555555555,1",-5.100,57.9,-1.6000,-38.8100,-15.4600,-15.4600,0.0,,0,none,19,guide
GCUGUCAUUAGGUCCCAUA,UUCAUUGGCAAGCCACAAUUAUGGGACCUAAUGACAGCCCAUAUCAAGGCGGUGUAU,0.3310961968680089,0,"-2.09,-3.42,-14.88,0,1,-188.64,0.3157894736842105,0,0.21052631578947367,0,1,0.05555555555555555,-2.08,0.1111111111111111,0,0,0.1111111111111111,-1.33,0,0.05555555555555555,0,-2.35,0.05555555555555555,1",0.000,47.4,-2.5400,-34.3700,-11.9900,-11.9900,0.0,,0,none,19,guide
UGUCAUUAGGUCCCAUAAU,GUUUCAUUGGCAAGCCACAAUUAUGGGACCUAAUGACAGCCCAUAUCAAGGCGGUGU,0.4780014914243102,0,"-0.56,-2.11,-10.44,1,0,-175.76,0.3684210526315789,0,0.15789473684210525,0,0,0.05555555555555555,-2.24,0.1111111111111111,0,0,0.1111111111111111,-1.1,0,0.0,0,-3.26,0.05555555555555555,0",0.000,36.8,-1.0100,-30.7000,-10.0600,-10.0600,0.0,,0,none,19,guide
GGUCCCAUAAUUGUGGCUU,GAUGAUAUGUUUCAUUGGCAAGCCACAAUUAUGGGACCUAAUGACAGCCCAUAUCAA,0.3877703206562267,0,"-2.33,-3.26,-13.39,0,1,-185.06,0.3684210526315789,0,0.2631578947368421,1,0,0.1111111111111111,-2.24,0.05555555555555555,0,0,0.1111111111111111,-0.93,0,0.05555555555555555,0,-2.24,0.1111111111111111,0",-2.800,47.4,-2.7800,-33.7300,-14.3200,-14.3200,0.0,,0,none,19,guide
GUCCCAUAAUUGUGGCUUG,GGAUGAUAUGUUUCAUUGGCAAGCCACAAUUAUGGGACCUAAUGACAGCCCAUAUCA,0.2624906785980611,0,"-0.13,-2.24,-11.4,0,1,-185.83,0.3684210526315789,0,0.2631578947368421,0,0,0.05555555555555555,-2.35,0.05555555555555555,1,0,0.1111111111111111,-2.11,0,0.05555555555555555,0,-2.11,0.1111111111111111,0",-2.300,47.4,-0.1300,-33.2800,-13.4100,-13.4100,0.0,,0,none,19,guide
UCCCAUAAUUGUGGCUUGC,GGGAUGAUAUGUUUCAUUGGCAAGCCACAAUUAUGGGACCUAAUGACAGCCCAUAUC,0.5652498135719612,1,"1.52,-2.35,-12.44,1,0,-185.58999999999997,0.3684210526315789,0,0.21052631578947367,0,0,0.05555555555555555,-3.26,0.05555555555555555,0,0,0.1111111111111111,-3.42,0,0.1111111111111111,0,-3.26,0.1111111111111111,0",-2.200,47.4,1.5200,-33.9600,-11.9900,-11.9900,0.0,,0,none,19,guide
CCCAUAAUUGUGGCUUGCC,GGGGAUGAUAUGUUUCAUUGGCAAGCCACAAUUAUGGGACCUAAUGACAGCCCAUAU,0.4489187173750932,0,"0.0,-3.26,-13.39,0,0,-190.26,0.3157894736842105,0,0.21052631578947367,0,0,0.05555555555555555,-3.26,0.05555555555555555,0,1,0.16666666666666666,-3.26,1,0.1111111111111111,0,-3.42,0.1111111111111111,0",-2.200,52.6,0.0000,-35.3700,-9.8300,-9.8300,0.0,,0,none,19,guide
UAAUUGUGGCUUGCCAAUG,AGUUGGGGAUGAUAUGUUUCAUUGGCAAGCCACAAUUAUGGGACCUAAUGACAGCCC,0.7479492915734526,1,"1.23,-1.33,-7.69,1,0,-177.01999999999995,0.3684210526315789,0,0.2631578947368421,0,0,0.05555555555555555,-0.93,0.05555555555555555,0,0,0.05555555555555555,-2.11,0,0.1111111111111111,0,-3.42,0.1111111111111111,0",-1.200,42.1,1.2300,-31.1900,-9.4200,-9.4200,0.0,,0,none,19,guide
UUGUGGCUUGCCAAUGAAA,UCCAGUUGGGGAUGAUAUGUUUCAUUGGCAAGCCACAAUUAUGGGACCUAAUGACAG,0.6360924683072334,1,"0.0,-0.93,-6.82,1,0,-175.48999999999995,0.3157894736842105,1,0.2631578947368421,0,0,0.05555555555555555,-2.11,0.0,1,0,0.05555555555555555,-0.93,0,0.1111111111111111,0,-0.93,0.1111111111111111,1",-1.200,42.1,0.0000,-31.6900,-15.2200,-15.2200,0.0,,0,none,19,guide
UGUGGCUUGCCAAUGAAAC,GUCCAGUUGGGGAUGAUAUGUUUCAUUGGCAAGCCACAAUUAUGGGACCUAAUGACA,0.7076808351976137,1,"1.03,-2.11,-10.44,1,0,-183.79,0.2631578947368421,0,0.2631578947368421,0,0,0.05555555555555555,-2.24,0.0,0,0,0.05555555555555555,-2.24,0,0.1111111111111111,0,-1.1,0.05555555555555555,0",-1.200,47.4,0.5800,-33.5000,-14.0400,-14.0400,0.0,,0,none,19,guide
UGGCUUGCCAAUGAAACAU,AGGUCCAGUUGGGGAUGAUAUGUUUCAUUGGCAAGCCACAAUUAUGGGACCUAAUGA,0.6763609246830724,1,"-0.56,-2.11,-10.44,1,0,-178.04999999999995,0.2631578947368421,0,0.21052631578947367,0,0,0.05555555555555555,-3.26,0.0,0,0,0.05555555555555555,-1.1,0,0.1111111111111111,0,-2.35,0.05555555555555555,0",-1.200,42.1,-1.0100,-31.7100,-15.2200,-15.2200,0.0,,0,none,19,guide
GGCUUGCCAAUGAAACAUA,CAGGUCCAGUUGGGGAUGAUAUGUUUCAUUGGCAAGCCACAAUUAUGGGACCUAAUG,0.3333333333333333,0,"-1.93,-3.26,-13.39,0,1,-179.01999999999995,0.21052631578947367,0,0.21052631578947367,1,0,0.05555555555555555,-3.42,0.05555555555555555,0,0,0.05555555555555555,-1.33,0,0.1111111111111111,0,-0.93,0.05555555555555555,1",-0.500,42.1,-2.3800,-31.7800,-15.2200,-15.2200,0.0,,0,none,19,guide
GCCAAUGAAACAUAUCAUC,UUCUGCAGGUCCAGUUGGGGAUGAUAUGUUUCAUUGGCAAGCCACAAUUAUGGGACC,0.4929157345264728,0,"-0.62,-3.42,-14.88,0,1,-180.81,0.21052631578947367,0,0.10526315789473684,0,1,0.0,-3.26,0.05555555555555555,0,0,0.05555555555555555,-2.35,0,0.05555555555555555,0,-1.33,0.0,0",-0.700,36.8,-1.0700,-29.5400,-11.8600,-11.8600,0.0,,0,none,19,guide
CAAUGAAACAUAUCAUCCC,UGUUCUGCAGGUCCAGUUGGGGAUGAUAUGUUUCAUUGGCAAGCCACAAUUAUGGGA,0.7084265473527218,1,"0.7,-2.11,-10.44,0,0,-179.32,0.21052631578947367,0,0.05263157894736842,0,0,0.0,-0.93,0.05555555555555555,0,1,0.1111111111111111,-3.26,0,0.0,0,-2.35,0.0,0",-0.700,36.8,1.1500,-29.3800,-8.3500,-8.3500,0.0,,0,none,19,guide
AUAUCAUCCCCAACUGGAC,CCAGCACAAUGUUCUGCAGGUCCAGUUGGGGAUGAUAUGUUUCAUUGGCAAGCCACA,0.6584638329604773,1,"1.59,-1.1,-9.38,0,0,-190.8,0.21052631578947367,0,0.10526315789473684,0,0,0.05555555555555555,-1.33,0.05555555555555555,1,0,0.16666666666666666,-2.24,0,0.0,0,-2.24,0.0,0",-1.200,47.4,1.5900,-34.6000,-10.3400,-10.3400,0.0,,0,none,19,guide
UAUCAUCCCCAACUGGACC,UCCAGCACAAUGUUCUGCAGGUCCAGUUGGGGAUGAUAUGUUUCAUUGGCAAGCCAC,0.6987322893363163,1,"1.93,-1.33,-7.69,1,0,-194.81,0.21052631578947367,0,0.10526315789473684,0,0,0.05555555555555555,-1.1,0.05555555555555555,0,0,0.2222222222222222,-3.26,0,0.0,0,-2.08,0.0,0",-1.200,52.6,2.3800,-36.6100,-12.2700,-12.2700,0.0,,0,none,19,guide
CCCCAACUGGACCUGCAGA,XXXXXXUCCAGCACAAUGUUCUGCAGGUCCAGUUGGGGAUGAUAUGUUUCAUUGGCA,0.2453392990305742,0,"-1.36,-3.26,-13.39,0,0,-202.2,0.10526315789473684,0,0.21052631578947367,0,0,0.05555555555555555,-3.26,0.0,0,1,0.2222222222222222,-2.35,1,0.05555555555555555,0,-2.08,0.0,1",-2.100,63.2,-1.3600,-40.4200,-13.8800,-13.8800,0.0,,0,none,19,guide
CCCAACUGGACCUGCAGAA,XXXXXXXUCCAGCACAAUGUUCUGCAGGUCCAGUUGGGGAUGAUAUGUUUCAUUGGC,0.3728560775540641,0,"-2.33,-3.26,-13.39,0,0,-195.63,0.10526315789473684,0,0.21052631578947367,0,0,0.05555555555555555,-3.26,0.0,0,1,0.16666666666666666,-0.93,1,0.05555555555555555,0,-2.11,0.0,1",-2.100,57.9,-2.7800,-38.2400,-12.7300,-12.7300,0.0,,0,none,19,guide
GACCUGCAGAACAUUGUGC,XXXXXXXXXXXXXXXUCCAGCACAAUGUUCUGCAGGUCCAGUUGGGGAUGAUAUGUU,0.7479492915734526,1,"0.62,-2.35,-12.44,0,1,-194.8,0.21052631578947367,0,0.2631578947368421,0,0,0.0,-2.24,0.0,0,0,0.05555555555555555,-3.42,0,0.1111111111111111,0,-1.1,0.05555555555555555,0",-1.100,52.6,1.0700,-35.6000,-15.2200,-15.2200,0.0,,0,none,19,guide
ACCUGCAGAACAUUGUGCU,XXXXXXXXXXXXXXXXUCCAGCACAAUGUUCUGCAGGUCCAGUUGGGGAUGAUAUGU,0.7568978374347501,1,"-0.16,-2.24,-11.4,0,0,-185.4,0.2631578947368421,0,0.21052631578947367,0,0,0.0,-3.26,0.0,0,0,0.05555555555555555,-2.08,0,0.1111111111111111,0,-0.93,0.05555555555555555,0",-2.300,47.4,-0.1600,-34.1300,-15.0600,-15.0600,0.0,,0,none,19,guide
CCUGCAGAACAUUGUGCUG,XXXXXXXXXXXXXXXXXUCCAGCACAAUGUUCUGCAGGUCCAGUUGGGGAUGAUAUG,0.6547352721849367,1,"-0.7,-3.26,-13.39,0,0,-191.88,0.2631578947368421,0,0.2631578947368421,0,0,0.0,-2.08,0.0,0,1,0.05555555555555555,-2.11,1,0.1111111111111111,0,-2.11,0.05555555555555555,0",-2.300,52.6,-1.1500,-35.0000,-14.1500,-14.1500,0.0,,0,none,19,guide
CUUUGUUCAACAAUGGCCG,GAAUAUGAGAAAAGAGUUUCGGCCAUUGUUGAACAAAGCXXXXXXXXXXXXXXXXXX,0.5704697986577182,1,"-0.17,-2.08,-10.48,0,0,-179.64999999999995,0.3157894736842105,0,0.21052631578947367,0,0,0.05555555555555555,-0.93,0.0,1,1,0.05555555555555555,-2.36,0,0.05555555555555555,0,-1.1,0.16666666666666666,0",0.000,47.4,0.2800,-31.6100,-9.4900,-9.4900,0.0,,0,none,19,guide
GUUCAACAAUGGCCGAAAC,ACGAGAAUAUGAGAAAAGAGUUUCGGCCAUUGUUGAACAAAGCXXXXXXXXXXXXXX,0.459358687546607,0,"0.0,-2.24,-11.4,0,1,-182.57,0.15789473684210525,0,0.21052631578947367,0,0,0.05555555555555555,-0.93,0.0,1,0,0.05555555555555555,-2.24,0,0.05555555555555555,0,-3.26,0.05555555555555555,0",0.000,47.4,0.0000,-32.4100,-10.6700,-10.6700,0.0,,0,none,19,guide
CAAUGGCCGAAACUCUUUU,AAACAAACGAGAAUAUGAGAAAAGAGUUUCGGCCAUUGUUGAACAAAGCXXXXXXXX,0.3668903803131991,0,"-1.63,-2.11,-10.44,0,0,-173.38999999999996,0.3157894736842105,0,0.15789473684210525,0,0,0.05555555555555555,-0.93,0.0,0,1,0.05555555555555555,-0.93,0,0.05555555555555555,0,-2.08,0.16666666666666666,0",0.000,42.1,-1.6300,-30.1600,-14.0800,-14.0800,0.0,,0,none,19,guide
AUGGCCGAAACUCUUUUCU,GAAAACAAACGAGAAUAUGAGAAAAGAGUUUCGGCCAUUGUUGAACAAAGCXXXXXX,0.5801640566741239,1,"0.53,-1.1,-9.38,0,0,-175.32999999999996,0.3684210526315789,0,0.15789473684210525,0,0,0.05555555555555555,-2.11,0.0,1,0,0.05555555555555555,-2.08,0,0.05555555555555555,0,-2.08,0.16666666666666666,0",-0.200,42.1,0.9800,-31.0500,-16.7600,-16.7600,0.0,,0,none,19,guide
UGGCCGAAACUCUUUUCUC,GGAAAACAAACGAGAAUAUGAGAAAAGAGUUUCGGCCAUUGUUGAACAAAGCXXXXX,0.6167039522744221,1,"1.14,-2.11,-10.44,1,0,-182.11,0.3684210526315789,0,0.15789473684210525,0,0,0.05555555555555555,-3.26,0.0,0,0,0.05555555555555555,-2.35,0,0.05555555555555555,0,-0.93,0.16666666666666666,0",-0.200,47.4,0.6900,-32.6500,-15.5800,-15.5800,0.0,,0,none,19,guide
CGAAACUCUUUUCUCAUAU,AUCAGGAAAACAAACGAGAAUAUGAGAAAAGAGUUUCGGCCAUUGUUGAACAAAGCX,0.3452647278150634,0,"-1.26,-2.36,-10.64,0,0,-166.89999999999995,0.42105263157894735,0,0.05263157894736842,0,0,0.0,-2.35,0.05555555555555555,0,1,0.0,-1.1,0,0.0,1,-2.08,0.16666666666666666,0",-0.200,31.6,-1.7100,-26.5900,-10.8800,-10.8800,0.0,,0,none,19,guide
AAACUCUUUUCUCAUAUUC,UUAUCAGGAAAACAAACGAGAAUAUGAGAAAAGAGUUUCGGCCAUUGUUGAACAAAG,0.586875466070097,1,"1.87,-0.93,-6.82,0,0,-163.07999999999996,0.4736842105263158,0,0.0,0,0,0.0,-0.93,0.05555555555555555,0,0,0.0,-2.35,0,0.0,0,-2.11,0.2222222222222222,0",0.000,26.3,1.8700,-25.0100,-10.6100,-10.6100,0.0,,0,none,19,guide
ACUCUUUUCUCAUAUUCUC,CUUUAUCAGGAAAACAAACGAGAAUAUGAGAAAAGAGUUUCGGCCAUUGUUGAACAA,0.6234153616703952,1,"1.01,-2.24,-11.4,0,0,-172.36,0.5263157894736842,0,0.0,0,0,0.0,-2.08,0.05555555555555555,0,0,0.0,-2.35,0,0.0,0,-1.33,0.2222222222222222,0",0.000,31.6,0.5600,-27.3800,-9.3000,-9.3000,0.0,,0,none,19,guide
CUCUUUUCUCAUAUUCUCG,GCUUUAUCAGGAAAACAAACGAGAAUAUGAGAAAAGAGUUUCGGCCAUUGUUGAACA,0.5480984340044742,1,"-0.17,-2.08,-10.48,0,0,-175.32,0.5263157894736842,0,0.05263157894736842,0,0,0.0,-2.35,0.05555555555555555,1,1,0.0,-2.36,0,0.0,0,-1.1,0.2222222222222222,0",0.000,36.8,0.2800,-28.2000,-9.5700,-9.5700,0.0,,0,none,19,guide
UCUUUUCUCAUAUUCUCGU,AGCUUUAUCAGGAAAACAAACGAGAAUAUGAGAAAAGAGUUUCGGCCAUUGUUGAAC,0.6278896346010439,1,"-0.11,-2.35,-12.44,1,0,-168.79999999999995,0.5789473684210527,0,0.05263157894736842,0,0,0.0,-2.08,0.05555555555555555,0,0,0.0,-2.24,0,0.0,0,-0.93,0.2222222222222222,0",0.000,31.6,-0.1100,-27.4600,-9.3000,-9.3000,0.0,,0,none,19,guide
AUUCUCGUUUGUUUUCCUG,CCAGGCAGCACAGCUUUAUCAGGAAAACAAACGAGAAUAUGAGAAAAGAGUUUCGGC,0.6263982102908278,1,"1.46,-1.1,-9.38,0,0,-168.95999999999995,0.5789473684210527,0,0.15789473684210525,0,0,0.0,-0.93,0.0,1,0,0.05555555555555555,-2.11,0,0.0,0,-0.93,0.3333333333333333,0",0.000,36.8,1.4600,-28.0700,-12.3100,-12.3100,0.0,,0,none,19,guide
UUUGUUUUCCUGAUAAAGC,CCAAUAGCCAGGCAGCACAGCUUUAUCAGGAAAACAAACGAGAAUAUGAGAAAAGAG,0.5995525727069352,1,"2.49,-0.93,-6.82,1,0,-163.86999999999995,0.4736842105263158,1,0.15789473684210525,0,0,0.0,-0.93,0.05555555555555555,1,0,0.05555555555555555,-3.42,0,0.05555555555555555,0,-1.1,0.2777777777777778,0",-1.000,31.6,2.9400,-26.8500,-8.0700,-8.0700,0.0,,0,none,19,guide
UUUCCUGAUAAAGCUGUGC,UCCAGCCAAUAGCCAGGCAGCACAGCUUUAUCAGGAAAACAAACGAGAAUAUGAGAA,0.6249067859806114,1,"2.49,-0.93,-6.82,1,0,-179.20999999999995,0.3684210526315789,1,0.21052631578947367,0,0,0.0,-0.93,0.05555555555555555,1,0,0.05555555555555555,-3.42,0,0.1111111111111111,0,-3.42,0.1111111111111111,0",0.000,42.1,2.9400,-31.8200,-13.0800,-13.0800,0.0,,0,none,19,guide
UCCUGAUAAAGCUGUGCUG,AGUCCAGCCAAUAGCCAGGCAGCACAGCUUUAUCAGGAAAACAAACGAGAAUAUGAG,0.5779269202087994,1,"0.66,-2.35,-12.44,1,0,-186.49,0.3157894736842105,0,0.2631578947368421,0,0,0.0,-3.26,0.05555555555555555,0,0,0.05555555555555555,-2.11,0,0.1111111111111111,0,-2.11,0.0,0",-0.700,47.4,0.2100,-34.1500,-12.2300,-12.2300,0.0,,0,none,19,guide
GAUAAAGCUGUGCUGCCUG,UAACAGUCCAGCCAAUAGCCAGGCAGCACAGCUUUAUCAGGAAAACAAACGAGAAUA,0.5600298284862043,1,"-0.24,-2.35,-12.44,0,1,-192.64999999999995,0.2631578947368421,0,0.3157894736842105,0,0,0.0,-1.1,0.05555555555555555,0,0,0.05555555555555555,-2.11,0,0.16666666666666666,0,-2.08,0.0,0",-1.100,52.6,-0.2400,-35.5700,-9.7900,-9.7900,0.0,,0,none,19,guide
AAAGCUGUGCUGCCUGGCU,UCCUAACAGUCCAGCCAAUAGCCAGGCAGCACAGCUUUAUCAGGAAAACAAACGAGA,0.5324384787472035,1,"0.7,-0.93,-6.82,0,0,-194.45,0.2631578947368421,0,0.3157894736842105,0,0,0.05555555555555555,-0.93,0.0,0,0,0.05555555555555555,-2.08,0,0.2222222222222222,0,-3.26,0.0,0",-1.400,57.9,1.1500,-38.5000,-12.8600,-12.8600,0.0,,0,none,19,guide
AGCUGUGCUGCCUGGCUAU,AAUCCUAACAGUCCAGCCAAUAGCCAGGCAGCACAGCUUUAUCAGGAAAACAAACGA,0.5309470544369873,1,"-0.53,-2.08,-10.48,0,0,-197.88,0.3157894736842105,0,0.3157894736842105,0,0,0.05555555555555555,-3.42,0.05555555555555555,0,0,0.05555555555555555,-1.1,0,0.2222222222222222,0,-2.11,0.0,0",-1.800,57.9,-0.9800,-39.0700,-15.3800,-15.3800,0.0,,0,none,19,guide
GCUGUGCUGCCUGGCUAUU,GAAUCCUAACAGUCCAGCCAAUAGCCAGGCAGCACAGCUUUAUCAGGAAAACAAACG,0.3803131991051454,0,"-2.49,-3.42,-14.88,0,1,-197.94,0.3684210526315789,0,0.3157894736842105,0,1,0.05555555555555555,-2.08,0.05555555555555555,0,0,0.05555555555555555,-0.93,0,0.2222222222222222,0,-3.26,0.05555555555555555,0",-1.400,57.9,-2.9400,-38.2700,-14.0400,-14.0400,0.0,,0,none,19,guide
UGCUGCCUGGCUAUUGGCU,AACCGAAUCCUAACAGUCCAGCCAAUAGCCAGGCAGCACAGCUUUAUCAGGAAAACA,0.5659955257270693,1,"-0.03,-2.11,-10.44,1,0,-196.20999999999995,0.3684210526315789,0,0.3157894736842105,0,0,0.1111111111111111,-3.42,0.05555555555555555,0,0,0.05555555555555555,-2.08,0,0.2222222222222222,0,-1.1,0.05555555555555555,0",-4.500,57.9,-0.0300,-38.7900,-16.3700,-16.3700,0.0,,0,none,19,guide
CCUGGCUAUUGGCUGGACU,GGAUGAACCGAAUCCUAACAGUCCAGCCAAUAGCCAGGCAGCACAGCUUUAUCAGGA,0.5123042505592842,0,"-1.63,-3.26,-13.39,0,0,-196.96,0.3157894736842105,0,0.3157894736842105,0,0,0.16666666666666666,-2.08,0.05555555555555555,0,1,0.05555555555555555,-2.08,1,0.1111111111111111,0,-2.08,0.05555555555555555,0",-5.000,57.9,-1.6300,-38.1900,-14.2800,-14.2800,0.0,,0,none,19,guide
GGACUGUUAGGAUUCGGUU,AUUCAGUCUCUGCUGGAUGAACCGAAUCCUAACAGUCCAGCCAAUAGCCAGGCAGCA,0.37211036539895603,0,"-2.33,-3.26,-13.39,0,1,-183.93,0.3684210526315789,0,0.3684210526315789,1,0,0.16666666666666666,-2.35,0.05555555555555555,0,0,0.0,-0.93,0,0.0,0,-0.93,0.16666666666666666,0",-3.000,47.4,-2.7800,-33.4600,-11.9500,-11.9500,0.0,,0,none,19,guide
GACUGUUAGGAUUCGGUUC,AAUUCAGUCUCUGCUGGAUGAACCGAAUCCUAACAGUCCAGCCAAUAGCCAGGCAGC,0.5421327367636093,1,"0.0,-2.35,-12.44,0,1,-186.7,0.3684210526315789,0,0.3157894736842105,0,0,0.1111111111111111,-2.24,0.05555555555555555,0,0,0.0,-2.35,0,0.0,0,-2.35,0.16666666666666666,0",-2.700,47.4,0.0000,-32.7000,-10.9300,-10.9300,0.0,,0,none,19,guide
UUAGGAUUCGGUUCAUCCA,ACAUCAAUUCAGUCUCUGCUGGAUGAACCGAAUCCUAACAGUCCAGCCAAUAGCCAG,0.5540641312453393,1,"0.73,-0.93,-6.82,1,0,-179.19,0.3684210526315789,1,0.21052631578947367,0,0,0.1111111111111111,-1.33,0.05555555555555555,1,0,0.05555555555555555,-2.11,0,0.0,0,-2.35,0.16666666666666666,1",-2.400,42.1,1.1800,-31.6100,-11.0500,-11.0500,0.0,,0,none,19,guide
AGGAUUCGGUUCAUCCAGC,UAACAUCAAUUCAGUCUCUGCUGGAUGAACCGAAUCCUAACAGUCCAGCCAAUAGCC,0.6077554064131245,1,"1.79,-2.08,-10.48,0,0,-193.76,0.2631578947368421,0,0.2631578947368421,0,0,0.1111111111111111,-3.26,0.0,0,0,0.05555555555555555,-3.42,0,0.05555555555555555,0,-1.1,0.1111111111111111,0",-2.400,52.6,1.7900,-35.5000,-12.3500,-12.3500,0.0,,0,none,19,guide
GGUUCAUCCAGCAGAGACU,UCUAUCUUAACAUCAAUUCAGUCUCUGCUGGAUGAACCGAAUCCUAACAGUCCAGCC,0.3959731543624161,0,"-1.63,-3.26,-13.39,0,1,-196.33,0.21052631578947367,0,0.2631578947368421,1,0,0.05555555555555555,-2.24,0.0,0,0,0.05555555555555555,-2.08,0,0.05555555555555555,0,-2.08,0.05555555555555555,0",-0.900,52.6,-1.6300,-36.4100,-11.0800,-11.0800,0.0,,0,none,19,guide
UUCAUCCAGCAGAGACUGA,CUUCUAUCUUAACAUCAAUUCAGUCUCUGCUGGAUGAACCGAAUCCUAACAGUCCAG,0.465324384787472,0,"0.97,-0.93,-6.82,1,0,-190.7,0.21052631578947367,1,0.21052631578947367,0,0,0.0,-2.35,0.0,1,0,0.05555555555555555,-2.35,0,0.05555555555555555,0,-2.08,0.05555555555555555,1",-1.400,47.4,1.4200,-34.6700,-13.2800,-13.2800,0.0,,0,none,19,guide
AUCCAGCAGAGACUGAAUU,UAUCUUCUAUCUUAACAUCAAUUCAGUCUCUGCUGGAUGAACCGAAUCCUAACAGUC,0.45339299030574204,0,"-0.17,-1.1,-9.38,0,0,-184.02,0.21052631578947367,0,0.21052631578947367,0,0,0.0,-2.35,0.0,1,0,0.05555555555555555,-0.93,0,0.05555555555555555,0,-2.08,0.05555555555555555,0",-1.400,42.1,-0.1700,-32.3900,-15.3300,-15.3300,0.0,,0,none,19,guide
CUGAAUUGAUGUUAAGAUA,CAACAUAUGAUGUAUCUUCUAUCUUAACAUCAAUUCAGUCUCUGCUGGAUGAACCGA,0.3765846383296047,0,"-1.2,-2.08,-10.48,0,0,-164.46999999999997,0.3684210526315789,0,0.21052631578947367,0,0,0.0,-2.11,0.1111111111111111,1,1,0.0,-1.33,0,0.0,0,-1.33,0.1111111111111111,1",0.000,26.3,-1.2000,-25.1700,-9.5300,-9.5300,0.0,,0,none,19,guide
UUAAGAUAGAAGAUACAUC,UCGAUGGAGUCCAACAUAUGAUGUAUCUUCUAUCUUAACAUCAAUUCAGUCUCUGCU,0.6316181953765846,1,"1.87,-0.93,-6.82,1,0,-167.37999999999997,0.2631578947368421,1,0.15789473684210525,0,0,0.0,-1.33,0.16666666666666666,1,0,0.0,-2.35,0,0.0,0,-1.1,0.05555555555555555,0",0.000,26.3,1.8700,-25.7800,-9.1200,-9.1200,0.0,,0,none,19,guide
AUAGAAGAUACAUCAUAUG,CAGAAUCGAUGGAGUCCAACAUAUGAUGUAUCUUCUAUCUUAACAUCAAUUCAGUCU,0.6256524981357195,1,"1.46,-1.1,-9.38,0,0,-170.45999999999995,0.2631578947368421,0,0.15789473684210525,0,0,0.0,-1.33,0.16666666666666666,1,0,0.0,-2.11,0,0.0,0,-2.35,0.0,0",0.000,26.3,1.4600,-26.1100,-11.1200,-11.1200,0.0,,0,none,19,guide
AUACAUCAUAUGUUGGACU,UAUCCUUCAGAAUCGAUGGAGUCCAACAUAUGAUGUAUCUUCUAUCUUAACAUCAAU,0.6234153616703952,1,"0.53,-1.1,-9.38,0,0,-173.38,0.3684210526315789,0,0.15789473684210525,0,0,0.05555555555555555,-1.33,0.1111111111111111,1,0,0.0,-2.08,0,0.0,0,-0.93,0.05555555555555555,0",0.000,31.6,0.9800,-28.5500,-11.2400,-11.2400,0.0,,0,none,19,guide
AUGUUGGACUCCAUCGAUU,AUGUUUAGAUAUCCUUCAGAAUCGAUGGAGUCCAACAUAUGAUGUAUCUUCUAUCUU,0.5548098434004475,1,"-0.17,-1.1,-9.38,0,0,-182.51,0.3684210526315789,0,0.21052631578947367,0,0,0.05555555555555555,-2.11,0.0,1,0,0.05555555555555555,-0.93,0,0.0,0,-1.1,0.1111111111111111,0",-0.700,42.1,-0.1700,-31.8400,-13.0000,-13.0000,0.0,,0,none,19,guide
UGUUGGACUCCAUCGAUUC,UAUGUUUAGAUAUCCUUCAGAAUCGAUGGAGUCCAACAUAUGAUGUAUCUUCUAUCU,0.6271439224459359,1,"1.14,-2.11,-10.44,1,0,-189.29,0.3684210526315789,0,0.21052631578947367,0,0,0.05555555555555555,-2.24,0.0,0,0,0.05555555555555555,-2.35,0,0.0,0,-2.35,0.1111111111111111,0",-0.900,47.4,0.6900,-33.4900,-13.1300,-13.1300,0.0,,0,none,19,guide
GUUGGACUCCAUCGAUUCU,AUAUGUUUAGAUAUCCUUCAGAAUCGAUGGAGUCCAACAUAUGAUGUAUCUUCUAUC,0.4832214765100671,0,"-1.06,-2.24,-11.4,0,1,-189.33,0.3684210526315789,0,0.21052631578947367,0,0,0.05555555555555555,-0.93,0.0,1,0,0.05555555555555555,-2.08,0,0.0,0,-2.36,0.1111111111111111,0",-0.900,47.4,-0.6100,-33.4600,-12.9700,-12.9700,0.0,,0,none,19,guide
UUGGACUCCAUCGAUUCUG,CAUAUGUUUAGAUAUCCUUCAGAAUCGAUGGAGUCCAACAUAUGAUGUAUCUUCUAU,0.6435495898583147,1,"1.63,-0.93,-6.82,1,0,-188.37,0.3684210526315789,1,0.21052631578947367,0,0,0.05555555555555555,-2.11,0.0,1,0,0.05555555555555555,-2.11,0,0.0,0,-2.35,0.1111111111111111,0",-0.800,47.4,1.6300,-33.1300,-14.3900,-14.3900,0.0,,0,none,19,guide
GACUCCAUCGAUUCUGAAG,UAGCAUAUGUUUAGAUAUCCUUCAGAAUCGAUGGAGUCCAACAUAUGAUGUAUCUUC,0.5384041759880686,1,"-0.27,-2.35,-12.44,0,1,-191.17999999999995,0.2631578947368421,0,0.21052631578947367,0,0,0.0,-2.24,0.0,0,0,0.05555555555555555,-2.08,0,0.0,0,-2.35,0.05555555555555555,0",0.000,47.4,-0.2700,-32.6900,-13.1400,-13.1400,0.0,,0,none,19,guide
CUCCAUCGAUUCUGAAGGA,GGUAGCAUAUGUUUAGAUAUCCUUCAGAAUCGAUGGAGUCCAACAUAUGAUGUAUCU,0.3728560775540641,0,"-0.63,-2.08,-10.48,0,0,-189.45,0.2631578947368421,0,0.21052631578947367,0,0,0.05555555555555555,-2.35,0.0,1,1,0.05555555555555555,-2.35,0,0.0,0,-2.11,0.05555555555555555,1",-2.800,47.4,-0.1800,-33.3600,-13.5300,-13.5300,0.0,,0,none,19,guide
UCCAUCGAUUCUGAAGGAU,UGGUAGCAUAUGUUUAGAUAUCCUUCAGAAUCGAUGGAGUCCAACAUAUGAUGUAUC,0.575689783743475,1,"-0.8,-2.35,-12.44,1,0,-184.63,0.3157894736842105,0,0.21052631578947367,0,0,0.05555555555555555,-3.26,0.0,0,0,0.05555555555555555,-1.1,0,0.0,0,-2.35,0.05555555555555555,0",-3.300,42.1,-1.2500,-31.8800,-13.5300,-13.5300,0.0,,0,none,19,guide
CGAUUCUGAAGGAUAUCUA,GCUGAUGGUAGCAUAUGUUUAGAUAUCCUUCAGAAUCGAUGGAGUCCAACAUAUGAU,0.3571961222967934,0,"-1.03,-2.36,-10.64,0,0,-177.93999999999997,0.3157894736842105,0,0.21052631578947367,0,0,0.05555555555555555,-2.35,0.1111111111111111,0,1,0.0,-1.33,0,0.0,1,-1.1,0.05555555555555555,1",-0.600,36.8,-1.4800,-29.4500,-10.9200,-10.9200,0.0,,0,none,19,guide
CUGAAGGAUAUCUAAACAU,UGUAUGCUGAUGGUAGCAUAUGUUUAGAUAUCCUUCAGAAUCGAUGGAGUCCAACAU,0.3482475764354959,0,"-1.43,-2.08,-10.48,0,0,-171.07999999999996,0.2631578947368421,0,0.15789473684210525,0,0,0.05555555555555555,-2.11,0.1111111111111111,1,1,0.0,-1.1,0,0.0,0,-1.33,0.0,0",0.000,31.6,-1.4300,-27.6700,-13.0800,-13.0800,0.0,,0,none,19,guide
UGAAGGAUAUCUAAACAUA,GUGUAUGCUGAUGGUAGCAUAUGUUUAGAUAUCCUUCAGAAUCGAUGGAGUCCAACA,0.4735272184936615,0,"-0.33,-2.11,-10.44,1,0,-164.56999999999996,0.2631578947368421,0,0.15789473684210525,0,0,0.05555555555555555,-2.35,0.16666666666666666,0,0,0.0,-1.33,0,0.0,0,-0.93,0.0,1",0.000,26.3,-0.7800,-26.5200,-12.0700,-12.0700,0.0,,0,none,19,guide
UCUAAACAUAUGCUACCAU,CAUCCAAAUGUGUAUGCUGAUGGUAGCAUAUGUUUAGAUAUCCUUCAGAAUCGAUGG,0.517524235645041,0,"-0.8,-2.35,-12.44,1,0,-169.58999999999997,0.3157894736842105,0,0.05263157894736842,0,0,0.0,-2.08,0.16666666666666666,0,0,0.05555555555555555,-1.1,0,0.05555555555555555,0,-2.08,0.0,0",0.000,31.6,-1.2500,-28.5100,-9.6200,-9.6200,0.0,,0,none,19,guide
UAUGCUACCAUCAGCAUAC,AAAUGUUUCAUCCAAAUGUGUAUGCUGAUGGUAGCAUAUGUUUAGAUAUCCUUCAGA,0.5645041014168531,1,"1.36,-1.33,-7.69,1,0,-184.99,0.2631578947368421,0,0.10526315789473684,0,0,0.0,-1.1,0.16666666666666666,0,0,0.05555555555555555,-2.24,0,0.1111111111111111,0,-2.08,0.0,0",-4.900,42.1,1.3600,-32.5300,-12.2800,-12.2800,0.0,,0,none,19,guide
CCAUCAGCAUACACAUUUG,UUAUCCAAAAUGUUUCAUCCAAAUGUGUAUGCUGAUGGUAGCAUAUGUUUAGAUAUC,0.4668158090976883,0,"-0.7,-3.26,-13.39,0,0,-182.48999999999995,0.2631578947368421,0,0.10526315789473684,0,0,0.0,-2.11,0.05555555555555555,0,1,0.05555555555555555,-2.11,1,0.05555555555555555,0,-2.24,0.1111111111111111,0",0.000,42.1,-1.1500,-30.9500,-13.1700,-13.1700,0.0,,0,none,19,guide
UCAGCAUACACAUUUGGAU,UUUUUAUCCAAAAUGUUUCAUCCAAAUGUGUAUGCUGAUGGUAGCAUAUGUUUAGAU,0.5443698732289336,1,"-0.8,-2.35,-12.44,1,0,-177.05,0.3157894736842105,0,0.15789473684210525,0,0,0.05555555555555555,-2.11,0.05555555555555555,0,0,0.0,-1.1,0,0.05555555555555555,0,-0.93,0.1111111111111111,0",0.000,36.8,-1.2500,-30.1900,-12.1500,-12.1500,0.0,,0,none,19,guide
GCAUACACAUUUGGAUGAA,AGGUUUUUAUCCAAAAUGUUUCAUCCAAAUGUGUAUGCUGAUGGUAGCAUAUGUUUA,0.343027591349739,0,"-2.49,-3.42,-14.88,0,1,-177.11,0.2631578947368421,0,0.21052631578947367,0,1,0.05555555555555555,-2.11,0.05555555555555555,0,0,0.0,-0.93,0,0.05555555555555555,0,-3.26,0.1111111111111111,1",-0.200,36.8,-2.9400,-29.5400,-11.1300,-11.1300,0.0,,0,none,19,guide
CACAUUUGGAUGAAACAUU,CUGUUAGGUUUUUAUCCAAAAUGUUUCAUCCAAAUGUGUAUGCUGAUGGUAGCAUAU,0.4735272184936615,0,"-1.63,-2.11,-10.44,0,0,-168.17999999999995,0.3157894736842105,0,0.15789473684210525,0,0,0.05555555555555555,-2.24,0.0,0,1,0.0,-0.93,0,0.0,0,-0.93,0.16666666666666666,0",0.000,31.6,-1.6300,-26.8000,-9.4200,-9.4200,0.0,,0,none,19,guide
UUUGGAUGAAACAUUUUGG,CCAACUGUUAGGUUUUUAUCCAAAAUGUUUCAUCCAAAUGUGUAUGCUGAUGGUAGC,0.6308724832214765,1,"2.33,-0.93,-6.82,1,0,-163.98999999999995,0.42105263157894735,1,0.2631578947368421,0,0,0.1111111111111111,-0.93,0.0,1,0,0.0,-3.26,0,0.0,0,-1.1,0.2777777777777778,0",0.000,31.6,2.7800,-26.3200,-11.8600,-11.8600,0.0,,0,none,19,guide
GGAUGAAACAUUUUGGAUA,CCACCAACUGUUAGGUUUUUAUCCAAAAUGUUUCAUCCAAAUGUGUAUGCUGAUGGU,0.3594332587621178,0,"-1.93,-3.26,-13.39,0,1,-169.41999999999996,0.3157894736842105,0,0.2631578947368421,1,0,0.1111111111111111,-2.35,0.05555555555555555,0,0,0.0,-1.33,0,0.0,0,-0.93,0.16666666666666666,1",0.000,31.6,-2.3800,-27.3300,-9.7700,-9.7700,0.0,,0,none,19,guide
AAAACCUAACAGUUGGUGG,UGAAGAAUAUCCAAAUAAACCACCAACUGUUAGGUUUUUAUCCAAAAUGUUUCAUCC,0.5197613721103653,0,"2.33,-0.93,-6.82,0,0,-172.51000000000005,0.21052631578947367,0,0.2631578947368421,0,0,0.1111111111111111,-0.93,0.05555555555555555,0,0,0.05555555555555555,-3.26,0,0.0,0,-0.93,0.05555555555555555,0",-2.700,42.1,2.7800,-31.1200,-10.7700,-10.7700,0.0,,0,none,19,guide
AGUUGGUGGUUUAUUUGGA,UAGAAUUUUCUGAAGAAUAUCCAAAUAAACCACCAACUGUUAGGUUUUUAUCCAAAA,0.4608501118568233,0,"0.27,-2.08,-10.48,0,0,-168.72999999999996,0.4736842105263158,0,0.3684210526315789,0,0,0.16666666666666666,-2.24,0.05555555555555555,0,0,0.0,-2.35,0,0.0,0,-1.1,0.2777777777777778,1",0.000,36.8,0.2700,-29.8500,-12.8900,-12.8900,0.0,,0,none,19,guide
GUUUAUUUGGAUAUUCUUC,ACUAGUAAUAGAAUUUUCUGAAGAAUAUCCAAAUAAACCACCAACUGUUAGGUUUUU,0.5794183445190156,1,"0.11,-2.24,-11.4,0,1,-163.85999999999996,0.5789473684210527,0,0.15789473684210525,0,0,0.05555555555555555,-0.93,0.1111111111111111,1,0,0.0,-2.35,0,0.0,0,-1.1,0.3333333333333333,0",0.000,26.3,0.1100,-24.4900,-6.1500,-6.1500,0.0,,0,none,19,guide
UUAUUUGGAUAUUCUUCAG,AAACUAGUAAUAGAAUUUUCUGAAGAAUAUCCAAAUAAACCACCAACUGUUAGGUUU,0.5973154362416108,1,"1.6,-0.93,-6.82,1,0,-162.83999999999997,0.5263157894736842,1,0.15789473684210525,0,0,0.05555555555555555,-1.33,0.1111111111111111,1,0,0.0,-2.08,0,0.0,0,-2.35,0.2777777777777778,0",0.000,26.3,1.6000,-25.1600,-9.6600,-9.6600,0.0,,0,none,19,guide
UUUGGAUAUUCUUCAGAAA,UUUAAACUAGUAAUAGAAUUUUCUGAAGAAUAUCCAAAUAAACCACCAACUGUUAGG,0.6152125279642058,1,"0.0,-0.93,-6.82,1,0,-161.30999999999997,0.42105263157894735,1,0.15789473684210525,0,0,0.05555555555555555,-0.93,0.05555555555555555,1,0,0.0,-0.93,0,0.0,0,-2.35,0.2222222222222222,1",-1.700,26.3,0.0000,-25.3600,-11.0800,-11.0800,0.0,,0,none,19,guide
UUGGAUAUUCUUCAGAAAA,UUUUAAACUAGUAAUAGAAUUUUCUGAAGAAUAUCCAAAUAAACCACCAACUGUUAG,0.6360924683072334,1,"0.0,-0.93,-6.82,1,0,-161.30999999999997,0.3684210526315789,1,0.15789473684210525,0,0,0.05555555555555555,-2.11,0.05555555555555555,1,0,0.0,-0.93,0,0.0,0,-2.11,0.16666666666666666,1",-0.400,26.3,0.0000,-25.6600,-11.2500,-11.2500,0.0,,0,none,19,guide
UGGAUAUUCUUCAGAAAAU,CUUUUAAACUAGUAAUAGAAUUUUCUGAAGAAUAUCCAAAUAAACCACCAACUGUUA,0.4750186428038777,0,"-0.56,-2.11,-10.44,1,0,-163.87,0.3684210526315789,0,0.15789473684210525,0,0,0.05555555555555555,-3.26,0.05555555555555555,0,0,0.0,-1.1,0,0.0,0,-2.08,0.1111111111111111,0",0.000,26.3,-1.0100,-25.8300,-10.0700,-10.0700,0.0,,0,none,19,guide
UCAGAAAAUUCUAUUACUA,GAAGAUGGUACUUUUAAACUAGUAAUAGAAUUUUCUGAAGAAUAUCCAAAUAAACCA,0.5391498881431768,1,"-0.57,-2.35,-12.44,1,0,-155.48,0.3684210526315789,0,0.05263157894736842,0,0,0.0,-2.11,0.16666666666666666,0,0,0.0,-1.33,0,0.0,0,-1.1,0.1111111111111111,1",0.000,21.1,-1.0200,-23.8400,-9.3300,-9.3300,0.0,,0,none,19,guide
AAAAUUCUAUUACUAGUUU,UUUUGAAGAUGGUACUUUUAAACUAGUAAUAGAAUUUUCUGAAGAAUAUCCAAAUAA,0.3542132736763609,0,"0.0,-0.93,-6.82,0,0,-145.2,0.4736842105263158,0,0.05263157894736842,0,0,0.0,-0.93,0.16666666666666666,0,0,0.0,-0.93,0,0.0,0,-2.08,0.2222222222222222,0",0.000,15.8,0.0000,-20.9800,-8.3200,-8.3200,0.0,,0,none,19,guide
AAUUCUAUUACUAGUUUAA,CCUUUUGAAGAUGGUACUUUUAAACUAGUAAUAGAAUUUUCUGAAGAAUAUCCAAAU,0.3482475764354959,0,"0.0,-0.93,-6.82,0,0,-146.07,0.4736842105263158,0,0.05263157894736842,0,0,0.0,-1.1,0.2222222222222222,0,0,0.0,-0.93,0,0.0,0,-2.08,0.2222222222222222,1",0.000,15.8,0.0000,-21.3800,-8.8900,-8.8900,0.0,,0,none,19,guide
AUUACUAGUUUAAAAGUAC,GGGACACCUUUUGAAGAUGGUACUUUUAAACUAGUAAUAGAAUUUUCUGAAGAAUAU,0.6428038777032066,1,"1.59,-1.1,-9.38,0,0,-150.76999999999995,0.3684210526315789,0,0.10526315789473684,0,0,0.0,-0.93,0.2222222222222222,1,0,0.0,-2.24,0,0.0,0,-0.93,0.16666666666666666,0",-0.800,21.1,1.5900,-23.2600,-9.9900,-9.9900,0.0,,0,none,19,guide
AUCUUCAAAAGGUGUCCCU,CAGUUAUAUUUGGACCAGAAGGGACACCUUUUGAAGAUGGUACUUUUAAACUAGUAA,0.5824011931394482,1,"0.53,-1.1,-9.38,0,0,-178.22,0.3157894736842105,0,0.15789473684210525,0,0,0.05555555555555555,-2.35,0.0,1,0,0.1111111111111111,-2.08,0,0.0,0,-2.11,0.05555555555555555,0",-0.600,42.1,0.9800,-32.1000,-10.7500,-10.7500,0.0,,0,none,19,guide
CUUCAAAAGGUGUCCCUUC,UGCAGUUAUAUUUGGACCAGAAGGGACACCUUUUGAAGAUGGUACUUUUAAACUAGU,0.5950782997762863,1,"0.27,-2.08,-10.48,0,0,-183.1,0.3157894736842105,0,0.15789473684210525,0,0,0.05555555555555555,-0.93,0.0,1,1,0.1111111111111111,-2.35,0,0.0,0,-2.35,0.1111111111111111,0",-1.900,47.4,0.2700,-33.0300,-8.1800,-8.1800,0.0,,0,none,19,guide
UUCUGGUCCAAAUAUAACU,ACAUCAUGCAGUGGAAUGCAGUUAUAUUUGGACCAGAAGGGACACCUUUUGAAGAUG,0.5891126025354214,1,"0.7,-0.93,-6.82,1,0,-166.66999999999996,0.3684210526315789,1,0.10526315789473684,0,0,0.05555555555555555,-2.35,0.1111111111111111,1,0,0.05555555555555555,-2.08,0,0.0,0,-1.33,0.05555555555555555,0",0.000,31.6,1.1500,-28.0200,-14.3900,-14.3900,0.0,,0,none,19,guide
UGGUCCAAAUAUAACUGCA,ACAACAUCAUGCAGUGGAAUGCAGUUAUAUUUGGACCAGAAGGGACACCUUUUGAAG,0.6092468307233407,1,"0.0,-2.11,-10.44,1,0,-172.68999999999997,0.2631578947368421,0,0.15789473684210525,0,0,0.05555555555555555,-3.26,0.1111111111111111,0,0,0.05555555555555555,-2.11,0,0.05555555555555555,0,-0.93,0.0,1",0.000,36.8,0.0000,-30.4500,-14.1500,-14.1500,0.0,,0,none,19,guide
GGUCCAAAUAUAACUGCAU,AACAACAUCAUGCAGUGGAAUGCAGUUAUAUUUGGACCAGAAGGGACACCUUUUGAA,0.3967188665175242,0,"-2.16,-3.26,-13.39,0,1,-175.34999999999997,0.2631578947368421,0,0.15789473684210525,1,0,0.05555555555555555,-2.24,0.1111111111111111,0,0,0.05555555555555555,-1.1,0,0.05555555555555555,0,-2.24,0.0,0",0.000,36.8,-2.6100,-29.9900,-11.8200,-11.8200,0.0,,0,none,19,guide
AAAUAUAACUGCAUUCCAC,CUGAAAACAACAUCAUGCAGUGGAAUGCAGUUAUAUUUGGACCAGAAGGGACACCUU,0.6308724832214765,1,"1.76,-0.93,-6.82,0,0,-168.78,0.2631578947368421,0,0.05263157894736842,0,0,0.0,-0.93,0.1111111111111111,0,0,0.05555555555555555,-2.24,0,0.05555555555555555,0,-1.1,0.05555555555555555,0",0.000,31.6,1.7600,-27.6600,-6.7200,-6.7200,0.0,,0,none,19,guide
AUAUAACUGCAUUCCACUG,AUCUGAAAACAACAUCAUGCAGUGGAAUGCAGUUAUAUUUGGACCAGAAGGGACACC,0.622669649515287,1,"1.46,-1.1,-9.38,0,0,-176.06,0.3157894736842105,0,0.10526315789473684,0,0,0.0,-1.33,0.1111111111111111,1,0,0.05555555555555555,-2.11,0,0.05555555555555555,0,-2.35,0.05555555555555555,0",0.000,36.8,1.4600,-29.8400,-9.0100,-9.0100,0.0,,0,none,19,guide
CAUUCCACUGCAUGAUGUU,UGGCGCACCAUCUGAAAACAACAUCAUGCAGUGGAAUGCAGUUAUAUUUGGACCAGA,0.4101416853094706,0,"-1.63,-2.11,-10.44,0,0,-183.52,0.3684210526315789,0,0.15789473684210525,0,0,0.0,-1.1,0.0,0,1,0.05555555555555555,-0.93,0,0.05555555555555555,0,-2.11,0.1111111111111111,0",0.000,42.1,-1.6300,-31.4700,-11.9900,-11.9900,0.0,,0,none,19,guide
UCCACUGCAUGAUGUUGUU,CAGUGGCGCACCAUCUGAAAACAACAUCAUGCAGUGGAAUGCAGUUAUAUUUGGACC,0.4205816554809843,0,"-0.97,-2.35,-12.44,1,0,-181.82,0.42105263157894735,0,0.21052631578947367,0,0,0.0,-3.26,0.0,0,0,0.05555555555555555,-0.93,0,0.05555555555555555,0,-2.11,0.1111111111111111,0",-0.400,42.1,-1.4200,-32.4100,-15.2200,-15.2200,0.0,,0,none,19,guide
GCAUGAUGUUGUUUUCAGA,GGGUGUCAGUGGCGCACCAUCUGAAAACAACAUCAUGCAGUGGAAUGCAGUUAUAUU,0.3601789709172259,0,"-1.52,-3.42,-14.88,0,1,-176.39,0.42105263157894735,0,0.2631578947368421,0,1,0.0,-2.11,0.0,0,0,0.0,-2.35,0,0.05555555555555555,0,-0.93,0.2222222222222222,1",-0.500,36.8,-1.5200,-29.5600,-10.8800,-10.8800,0.0,,0,none,19,guide
GAUGUUGUUUUCAGAUGGU,CUGUGGGUGUCAGUGGCGCACCAUCUGAAAACAACAUCAUGCAGUGGAAUGCAGUUA,0.3788217747949292,0,"-1.01,-2.35,-12.44,0,1,-175.86,0.4736842105263158,0,0.3157894736842105,0,0,0.05555555555555555,-1.1,0.0,0,0,0.0,-2.24,0,0.0,0,-2.08,0.2222222222222222,0",0.000,36.8,-0.5600,-29.3800,-10.7300,-10.7300,0.0,,0,none,19,guide
UGUUGUUUUCAGAUGGUGC,ACCUGUGGGUGUCAGUGGCGCACCAUCUGAAAACAACAUCAUGCAGUGGAAUGCAGU,0.5533184190902312,1,"1.76,-2.11,-10.44,1,0,-179.36,0.4736842105263158,0,0.3157894736842105,0,0,0.05555555555555555,-2.24,0.0,0,0,0.0,-3.42,0,0.05555555555555555,0,-1.1,0.2222222222222222,0",0.000,42.1,1.7600,-31.2600,-9.3800,-9.3800,0.0,,0,none,19,guide
UUGUUUUCAGAUGGUGCGC,CCACCUGUGGGUGUCAGUGGCGCACCAUCUGAAAACAACAUCAUGCAGUGGAAUGCA,0.5428784489187174,1,"2.49,-0.93,-6.82,1,0,-183.04,0.42105263157894735,1,0.3157894736842105,0,0,0.05555555555555555,-2.11,0.0,1,0,0.0,-3.42,0,0.1111111111111111,0,-3.26,0.2222222222222222,0",0.000,47.4,2.9400,-32.8900,-9.4900,-9.4900,0.0,,0,none,19,guide
UUCAGAUGGUGCGCCACUG,AGGACCCACCUGUGGGUGUCAGUGGCGCACCAUCUGAAAACAACAUCAUGCAGUGGA,0.4608501118568233,0,"1.63,-0.93,-6.82,1,0,-196.89,0.2631578947368421,1,0.3157894736842105,0,0,0.05555555555555555,-2.35,0.0,1,0,0.05555555555555555,-2.11,0,0.1111111111111111,0,-3.42,0.05555555555555555,0",-3.600,57.9,1.6300,-37.5000,-12.1000,-12.1000,0.0,,0,none,19,guide
GCCACUGACACCCACAGGU,AGCGGUUACAAGAGGACCCACCUGUGGGUGUCAGUGGCGCACCAUCUGAAAACAACA,0.5719612229679344,1,"-1.63,-3.42,-14.88,0,1,-203.71,0.10526315789473684,0,0.21052631578947367,0,1,0.05555555555555555,-3.26,0.0,0,0,0.16666666666666666,-2.24,0,0.05555555555555555,0,-2.11,0.0,0",-1.400,63.2,-1.6300,-40.6300,-14.1500,-14.1500,0.0,,0,none,19,guide
CACAGGUGGGUCCUCUUGU,UGCGGGAUUUCAAGCGGUUACAAGAGGACCCACCUGUGGGUGUCAGUGGCGCACCAU,0.4556301267710663,0,"-0.77,-2.11,-10.44,0,0,-196.73,0.3157894736842105,0,0.3157894736842105,0,0,0.16666666666666666,-2.24,0.0,0,1,0.05555555555555555,-2.24,0,0.0,0,-2.08,0.05555555555555555,0",-2.900,57.9,-0.3200,-38.2200,-14.0400,-14.0400,0.0,,0,none,19,guide
CUCUUGUAACCGCUUGAAA,XXXXXXXXCUCAUGCGGGAUUUCAAGCGGUUACAAGAGGACCCACCUGUGGGUGUCA,0.3392990305741983,0,"-1.6,-2.08,-10.48,0,0,-173.36999999999995,0.3157894736842105,0,0.15789473684210525,0,0,0.0,-2.35,0.05555555555555555,1,1,0.05555555555555555,-0.93,0,0.05555555555555555,0,-2.08,0.1111111111111111,1",-0.500,42.1,-1.6000,-30.7200,-11.0400,-11.0400,0.0,,0,none,19,guide
UCUUGUAACCGCUUGAAAU,XXXXXXXXXCUCAUGCGGGAUUUCAAGCGGUUACAAGAGGACCCACCUGUGGGUGUC,0.5831469052945564,1,"-0.8,-2.35,-12.44,1,0,-168.54999999999995,0.3684210526315789,0,0.15789473684210525,0,0,0.0,-2.08,0.05555555555555555,0,0,0.05555555555555555,-1.1,0,0.05555555555555555,0,-0.93,0.1111111111111111,0",-0.300,36.8,-1.2500,-29.1900,-9.6200,-9.6200,0.0,,0,none,19,guide
GUAACCGCUUGAAAUCCCG,XXXXXXXXXXXXXCUCAUGCGGGAUUUCAAGCGGUUACAAGAGGACCCACCUGUGGG,0.6346010439970171,1,"-0.33,-2.24,-11.4,0,1,-185.67,0.21052631578947367,0,0.21052631578947367,0,0,0.0,-1.33,0.05555555555555555,1,0,0.16666666666666666,-2.36,0,0.05555555555555555,0,-0.93,0.05555555555555555,0",0.000,52.6,0.1200,-34.0500,-13.5400,-13.5400,0.0,,0,none,19,guide
GGAGCCGAUGUAGCCACCC,ACGUGCAGCGCUCCAUGCGGGGUGGCUACAUCGGCUCCACCUACUUUGXXXXXXXXX,0.4332587621178225,0,"0.0,-3.26,-13.39,0,1,-210.33,0.10526315789473684,0,0.3157894736842105,1,0,0.05555555555555555,-2.35,0.05555555555555555,0,0,0.2222222222222222,-3.26,0,0.1111111111111111,0,-3.42,0.0,0",-0.600,68.4,0.0000,-42.1000,-15.8200,-15.8200,0.0,,0,none,19,guide
AGCCGAUGUAGCCACCCCG,GAACGUGCAGCGCUCCAUGCGGGGUGGCUACAUCGGCUCCACCUACUUUGXXXXXXX,0.4049217002237136,0,"0.73,-2.08,-10.48,0,0,-204.81,0.10526315789473684,0,0.2631578947368421,0,0,0.0,-3.42,0.05555555555555555,0,0,0.2777777777777778,-2.36,0,0.1111111111111111,0,-2.11,0.0,0",0.000,68.4,0.7300,-41.4100,-14.6000,-14.6000,0.0,,0,none,19,guide
GAUGUAGCCACCCCGCAUG,AGCAGAACGUGCAGCGCUCCAUGCGGGGUGGCUACAUCGGCUCCACCUACUUUGXXX,0.5048471290082028,0,"-0.24,-2.35,-12.44,0,1,-204.28,0.15789473684210525,0,0.2631578947368421,0,0,0.0,-1.1,0.05555555555555555,0,0,0.2222222222222222,-2.11,0,0.1111111111111111,0,-3.26,0.0,0",-0.600,63.2,-0.2400,-39.5300,-12.2800,-12.2800,0.0,,0,none,19,guide
GCAUGGAGCGCUGCACGUU,CCGGCGGCUGUUUGAGCAGAACGUGCAGCGCUCCAUGCGGGGUGGCUACAUCGGCUC,0.4563758389261745,0,"-2.49,-3.42,-14.88,0,1,-201.02,0.21052631578947367,0,0.3684210526315789,0,1,0.05555555555555555,-2.11,0.0,0,0,0.0,-0.93,0,0.2222222222222222,0,-3.42,0.05555555555555555,0",-2.000,63.2,-2.9400,-39.1800,-13.0100,-13.0100,0.0,,0,none,19,guide
UUCUGCUCAAACAGCCGCC,GAGGUCCUGCAGAACAACCGGCGGCUGUUUGAGCAGAACGUGCAGCGCUCCAUGCGG,0.5712155108128263,1,"2.33,-0.93,-6.82,1,0,-194.23,0.21052631578947367,1,0.15789473684210525,0,0,0.0,-2.35,0.0,1,0,0.1111111111111111,-3.26,0,0.16666666666666666,0,-2.08,0.05555555555555555,0",-0.700,57.9,2.7800,-37.1500,-14.3900,-14.3900,0.0,,0,none,19,guide
AACAGCCGCCGGUUGUUCU,GAGGCCGCAGAGGUCCUGCAGAACAACCGGCGGCUGUUUGAGCAGAACGUGCAGCGC,0.4563758389261745,0,"0.7,-0.93,-6.82,0,0,-189.1,0.2631578947368421,0,0.2631578947368421,0,0,0.05555555555555555,-2.24,0.0,0,0,0.1111111111111111,-2.08,0,0.1111111111111111,0,-0.93,0.1111111111111111,0",-5.800,57.9,1.1500,-36.7900,-15.4700,-15.4700,0.0,,0,none,19,guide
AGCCGCCGGUUGUUCUGCA,AAGGAGGCCGCAGAGGUCCUGCAGAACAACCGGCGGCUGUUUGAGCAGAACGUGCAG,0.5041014168530947,0,"0.03,-2.08,-10.48,0,0,-196.2,0.2631578947368421,0,0.3157894736842105,0,0,0.05555555555555555,-3.42,0.0,0,0,0.1111111111111111,-2.11,0,0.16666666666666666,0,-0.93,0.1111111111111111,1",-1.300,63.2,0.0300,-39.3000,-18.0800,-18.0800,0.0,,0,none,19,guide
GCCGCCGGUUGUUCUGCAG,CAAGGAGGCCGCAGAGGUCCUGCAGAACAACCGGCGGCUGUUUGAGCAGAACGUGCA,0.4780014914243102,0,"-0.89,-3.42,-14.88,0,1,-203.64,0.2631578947368421,0,0.3684210526315789,0,1,0.05555555555555555,-3.26,0.0,0,0,0.1111111111111111,-2.08,0,0.16666666666666666,0,-2.35,0.1111111111111111,0",-1.300,68.4,-1.3400,-40.1500,-17.9200,-17.9200,0.0,,0,none,19,guide
UGUUCUGCAGGACCUCUGC,CCCACUGAACAAGGAGGCCGCAGAGGUCCUGCAGAACAACCGGCGGCUGUUUGAGCA,0.5212527964205816,0,"1.76,-2.11,-10.44,1,0,-199.83,0.3157894736842105,0,0.2631578947368421,0,0,0.05555555555555555,-2.24,0.0,0,0,0.05555555555555555,-3.42,0,0.1111111111111111,0,-3.26,0.05555555555555555,0",-3.400,57.9,1.7600,-38.4400,-13.1300,-13.1300,0.0,,0,none,19,guide
UUCUGCAGGACCUCUGCGG,GACCCACUGAACAAGGAGGCCGCAGAGGUCCUGCAGAACAACCGGCGGCUGUUUGAG,0.5003728560775541,0,"2.33,-0.93,-6.82,1,0,-202.02,0.2631578947368421,1,0.3157894736842105,0,0,0.1111111111111111,-2.35,0.0,1,0,0.05555555555555555,-3.26,0,0.1111111111111111,0,-2.35,0.05555555555555555,0",-7.000,63.2,2.7800,-39.7600,-14.1500,-14.1500,0.0,,0,none,19,guide
CUGCAGGACCUCUGCGGCC,AGGACCCACUGAACAAGGAGGCCGCAGAGGUCCUGCAGAACAACCGGCGGCUGUUUG,0.4951528709917972,0,"0.73,-2.08,-10.48,0,0,-214.74999999999997,0.15789473684210525,0,0.3157894736842105,0,0,0.1111111111111111,-2.11,0.0,1,1,0.1111111111111111,-3.26,0,0.16666666666666666,0,-2.11,0.0,0",-7.300,73.7,1.1800,-43.8600,-15.3300,-15.3300,0.0,,0,none,19,guide
UGCAGGACCUCUGCGGCCU,GAGGACCCACUGAACAAGGAGGCCGCAGAGGUCCUGCAGAACAACCGGCGGCUGUUU,0.4876957494407159,0,"-0.03,-2.11,-10.44,1,0,-207.31,0.21052631578947367,0,0.3157894736842105,0,0,0.1111111111111111,-3.42,0.0,0,0,0.1111111111111111,-2.08,0,0.16666666666666666,0,-3.42,0.0,0",-5.100,68.4,-0.0300,-42.7600,-15.4600,-15.4600,0.0,,0,none,19,guide
UCUGCGGCCUCCUUGUUCA,CCCAACCCCGAGGACCCACUGAACAAGGAGGCCGCAGAGGUCCUGCAGAACAACCGG,0.4914243102162565,0,"-0.24,-2.35,-12.44,1,0,-194.64,0.3684210526315789,0,0.21052631578947367,0,0,0.05555555555555555,-2.08,0.0,0,0,0.1111111111111111,-2.11,0,0.1111111111111111,0,-0.93,0.1111111111111111,1",0.000,57.9,-0.2400,-38.0600,-16.6500,-16.6500,0.0,,0,none,19,guide
CUGCGGCCUCCUUGUUCAG,GCCCAACCCCGAGGACCCACUGAACAAGGAGGCCGCAGAGGUCCUGCAGAACAACCG,0.5115585384041761,0,"0.0,-2.08,-10.48,0,0,-200.12,0.3157894736842105,0,0.2631578947368421,0,0,0.05555555555555555,-2.11,0.0,1,1,0.1111111111111111,-2.08,0,0.1111111111111111,0,-2.11,0.1111111111111111,0",-0.300,63.2,0.0000,-39.0400,-17.8300,-17.8300,0.0,,0,none,19,guide
CUCCUUGUUCAGUGGGUCC,UCUUGGAGCCCAACCCCGAGGACCCACUGAACAAGGAGGCCGCAGAGGUCCUGCAGA,0.4705443698732289,0,"0.73,-2.08,-10.48,0,0,-197.87,0.3684210526315789,0,0.2631578947368421,0,0,0.1111111111111111,-2.35,0.0,1,1,0.1111111111111111,-3.26,0,0.0,0,-2.11,0.1111111111111111,0",-1.500,57.9,1.1800,-37.8500,-12.9700,-12.9700,0.0,,0,none,19,guide
CAGUGGGUCCUCGGGGUUG,AGUAUCUCUUCUUGGAGCCCAACCCCGAGGACCCACUGAACAAGGAGGCCGCAGAGG,0.4683072334079045,0,"0.0,-2.11,-10.44,0,0,-205.55,0.2631578947368421,0,0.4736842105263158,0,0,0.2777777777777778,-2.08,0.0,0,1,0.05555555555555555,-2.11,0,0.0,0,-3.26,0.05555555555555555,0",-0.500,68.4,0.0000,-41.1700,-15.1900,-15.1900,0.0,,0,none,19,guide
CUCGGGGUUGGGCUCCAAG,AUGGCCUGCAGUAUCUCUUCUUGGAGCCCAACCCCGAGGACCCACUGAACAAGGAGG,0.4809843400447428,0,"0.0,-2.08,-10.48,0,0,-204.49,0.21052631578947367,0,0.42105263157894735,0,0,0.2777777777777778,-2.35,0.0,1,1,0.05555555555555555,-2.08,0,0.05555555555555555,0,-2.08,0.05555555555555555,0",-5.000,68.4,0.0000,-41.0100,-16.7300,-16.7300,0.0,,0,none,19,guide
GGGGUUGGGCUCCAAGAAG,UUUAUGGCCUGCAGUAUCUCUUCUUGGAGCCCAACCCCGAGGACCCACUGAACAAGG,0.4571215510812826,0,"-0.73,-3.26,-13.39,0,1,-200.67,0.15789473684210525,0,0.4736842105263158,1,0,0.2777777777777778,-3.26,0.0,0,0,0.05555555555555555,-2.08,0,0.05555555555555555,0,-2.11,0.05555555555555555,0",-5.200,63.2,-1.1800,-39.5800,-15.0600,-15.0600,0.0,,0,none,19,guide
GGGUUGGGCUCCAAGAAGA,AUUUAUGGCCUGCAGUAUCUCUUCUUGGAGCCCAACCCCGAGGACCCACUGAACAAG,0.41834451901566,0,"-1.36,-3.26,-13.39,0,1,-196.0,0.15789473684210525,0,0.42105263157894735,1,0,0.2222222222222222,-3.26,0.0,0,0,0.05555555555555555,-2.35,0,0.05555555555555555,0,-0.93,0.05555555555555555,1",-1.400,57.9,-1.3600,-37.9700,-15.0600,-15.0600,0.0,,0,none,19,guide
GUUGGGCUCCAAGAAGAGA,UAAUUUAUGGCCUGCAGUAUCUCUUCUUGGAGCCCAACCCCGAGGACCCACUGAACA,0.5197613721103653,0,"-0.79,-2.24,-11.4,0,1,-192.14,0.15789473684210525,0,0.3684210526315789,0,0,0.1111111111111111,-0.93,0.0,1,0,0.05555555555555555,-2.35,0,0.05555555555555555,0,-2.35,0.05555555555555555,1",-1.400,52.6,-0.3400,-36.0300,-15.0600,-15.0600,0.0,,0,none,19,guide
UUGGGCUCCAAGAAGAGAU,AUAAUUUAUGGCCUGCAGUAUCUCUUCUUGGAGCCCAACCCCGAGGACCCACUGAAC,0.5749440715883669,1,"0.17,-0.93,-6.82,1,0,-186.4,0.21052631578947367,1,0.3157894736842105,0,0,0.1111111111111111,-2.11,0.0,1,0,0.05555555555555555,-1.1,0,0.05555555555555555,0,-0.93,0.05555555555555555,0",-1.400,47.4,0.1700,-34.2400,-16.4800,-16.4800,0.0,,0,none,19,guide
AGAAGAGAUACUGCAGGCC,GAUAAACUCCAUAAUUUAUGGCCUGCAGUAUCUCUUCUUGGAGCCCAACCCCGAGGA,0.5980611483967189,1,"1.63,-2.08,-10.48,0,0,-195.1,0.10526315789473684,0,0.3157894736842105,0,0,0.05555555555555555,-2.35,0.05555555555555555,0,0,0.05555555555555555,-3.26,0,0.1111111111111111,0,-3.42,0.0,0",0.000,52.6,1.6300,-36.3400,-12.1400,-12.1400,0.0,,0,none,19,guide
UACUGCAGGCCAUAAAUUA,GUCCUUACGAUAAACUCCAUAAUUUAUGGCCUGCAGUAUCUCUUCUUGGAGCCCAAC,0.4996271439224459,0,"0.0,-1.33,-7.69,1,0,-171.45999999999995,0.2631578947368421,0,0.15789473684210525,0,0,0.05555555555555555,-2.24,0.16666666666666666,0,0,0.05555555555555555,-1.33,0,0.1111111111111111,0,-1.33,0.05555555555555555,1",0.000,36.8,0.0000,-30.4300,-14.0400,-14.0400,0.0,,0,none,19,guide
GGCCAUAAAUUAUGGAGUU,GAAGCCAGUCCUUACGAUAAACUCCAUAAUUUAUGGCCUGCAGUAUCUCUUCUUGGA,0.3706189410887398,0,"-2.33,-3.26,-13.39,0,1,-173.71999999999997,0.3157894736842105,0,0.2631578947368421,1,0,0.1111111111111111,-3.42,0.1111111111111111,0,0,0.05555555555555555,-0.93,0,0.05555555555555555,0,-2.11,0.1111111111111111,0",-3.200,36.8,-2.7800,-29.6300,-12.1500,-12.1500,0.0,,0,none,19,guide
AAAUUAUGGAGUUUAUCGU,GGACUGGAAGCCAGUCCUUACGAUAAACUCCAUAAUUUAUGGCCUGCAGUAUCUCUU,0.6129753914988814,1,"0.86,-0.93,-6.82,0,0,-159.20000000000005,0.42105263157894735,0,0.21052631578947367,0,0,0.05555555555555555,-0.93,0.1111111111111111,0,0,0.0,-2.24,0,0.0,0,-0.93,0.16666666666666666,0",0.000,26.3,1.3100,-24.9600,-7.5000,-7.5000,0.0,,0,none,19,guide
UGGAGUUUAUCGUAAGGAC,CAGAGAGGACUGGAAGCCAGUCCUUACGAUAAACUCCAUAAUUUAUGGCCUGCAGUA,0.5719612229679344,1,"1.03,-2.11,-10.44,1,0,-178.23,0.3157894736842105,0,0.3157894736842105,0,0,0.1111111111111111,-3.26,0.1111111111111111,0,0,0.0,-2.24,0,0.0,0,-1.33,0.1111111111111111,0",0.000,42.1,0.5800,-31.3800,-11.7900,-11.7900,0.0,,0,none,19,guide
GGAGUUUAUCGUAAGGACU,UCAGAGAGGACUGGAAGCCAGUCCUUACGAUAAACUCCAUAAUUUAUGGCCUGCAGU,0.4519015659955257,0,"-1.63,-3.26,-13.39,0,1,-178.26999999999995,0.3157894736842105,0,0.3157894736842105,1,0,0.1111111111111111,-2.35,0.1111111111111111,0,0,0.0,-2.08,0,0.0,0,-0.93,0.1111111111111111,0",-0.500,42.1,-1.6300,-31.3500,-9.8600,-9.8600,0.0,,0,none,19,guide
GUUUAUCGUAAGGACUGGC,UCCUCAGAGAGGACUGGAAGCCAGUCCUUACGAUAAACUCCAUAAUUUAUGGCCUGC,0.5108128262490679,0,"0.73,-2.24,-11.4,0,1,-184.39,0.3157894736842105,0,0.3157894736842105,0,0,0.1111111111111111,-0.93,0.1111111111111111,1,0,0.0,-3.42,0,0.05555555555555555,0,-2.35,0.1111111111111111,0",0.000,47.4,1.1800,-32.9500,-9.0000,-9.0000,0.0,,0,none,19,guide
AGGACUGGCUUCCAGUCCU,UGCCUCAACAUCCUCAGAGAGGACUGGAAGCCAGUCCUUACGAUAAACUCCAUAAUU,0.4034302759134974,0,"0.0,-2.08,-10.48,0,0,-197.61,0.2631578947368421,0,0.2631578947368421,0,0,0.1111111111111111,-3.26,0.0,0,0,0.1111111111111111,-2.08,0,0.05555555555555555,0,-2.11,0.05555555555555555,0",-11.600,57.9,0.0000,-38.9000,-15.3000,-15.3000,0.0,,0,none,19,guide
AGGAUGUUGAGGCAGACGU,AACAUUGACCUCGAGGGCAACGUCUGCCUCAACAUCCUCAGAGAGGACUGGAAGCCA,0.5995525727069352,1,"0.16,-2.08,-10.48,0,0,-191.73,0.21052631578947367,0,0.42105263157894735,0,0,0.1111111111111111,-3.26,0.0,0,0,0.0,-2.24,0,0.05555555555555555,0,-2.11,0.05555555555555555,0",-1.700,52.6,0.1600,-36.0300,-11.9900,-11.9900,0.0,,0,none,19,guide
UUGAGGCAGACGUUGCCCU,CACCCCAACAUUGACCUCGAGGGCAACGUCUGCCUCAACAUCCUCAGAGAGGACUGG,0.592841163310962,1,"0.7,-0.93,-6.82,1,0,-193.6,0.2631578947368421,1,0.3157894736842105,0,0,0.05555555555555555,-2.11,0.0,1,0,0.1111111111111111,-2.08,0,0.1111111111111111,0,-0.93,0.1111111111111111,0",-4.600,57.9,1.1500,-37.9500,-15.3300,-15.3300,0.0,,0,none,19,guide
CGAGGUCAAUGUUGGGGUG,GUGUGAGACAAUGGUCUAUCACCCCAACAUUGACCUCGAGGGCAACGUCUGCCUCAA,0.4660700969425801,0,"0.2,-2.36,-10.64,0,0,-194.93,0.2631578947368421,0,0.4736842105263158,0,0,0.2222222222222222,-2.35,0.0,0,1,0.0,-2.11,0,0.0,1,-2.11,0.05555555555555555,0",0.000,57.9,-0.2500,-36.7100,-14.3900,-14.3900,0.0,,0,none,19,guide
GAGGUCAAUGUUGGGGUGA,AGUGUGAGACAAUGGUCUAUCACCCCAACAUUGACCUCGAGGGCAACGUCUGCCUCA,0.4876957494407159,0,"-0.9,-2.35,-12.44,0,1,-193.01,0.2631578947368421,0,0.4736842105263158,0,0,0.2222222222222222,-2.08,0.0,0,0,0.0,-2.35,0,0.0,0,-3.26,0.05555555555555555,1",0.000,52.6,-0.4500,-36.3500,-12.9700,-12.9700,0.0,,0,none,19,guide
AAUGUUGGGGUGAUAGACC,AGGUGAAGUGUGAGACAAUGGUCUAUCACCCCAACAUUGACCUCGAGGGCAACGUCU,0.5943325876211782,1,"2.33,-0.93,-6.82,0,0,-187.2,0.2631578947368421,0,0.3684210526315789,0,0,0.16666666666666666,-1.1,0.05555555555555555,0,0,0.05555555555555555,-3.26,0,0.0,0,-1.1,0.05555555555555555,0",-1.300,47.4,2.7800,-34.1200,-11.7500,-11.7500,0.0,,0,none,19,guide
UGUUGGGGUGAUAGACCAU,CAAGGUGAAGUGUGAGACAAUGGUCUAUCACCCCAACAUUGACCUCGAGGGCAACGU,0.5316927665920954,1,"-0.56,-2.11,-10.44,1,0,-187.1,0.3157894736842105,0,0.3684210526315789,0,0,0.16666666666666666,-2.24,0.05555555555555555,0,0,0.05555555555555555,-1.1,0,0.0,0,-2.08,0.05555555555555555,0",-2.700,47.4,-1.0100,-34.8000,-15.0600,-15.0600,0.0,,0,none,19,guide
UUGGGGUGAUAGACCAUUG,CCCAAGGUGAAGUGUGAGACAAUGGUCUAUCACCCCAACAUUGACCUCGAGGGCAAC,0.6420581655480985,1,"1.63,-0.93,-6.82,1,0,-186.23999999999995,0.3157894736842105,1,0.3684210526315789,0,0,0.16666666666666666,-2.11,0.05555555555555555,1,0,0.05555555555555555,-2.11,0,0.0,0,-2.24,0.1111111111111111,0",-2.700,47.4,1.6300,-34.0400,-16.2400,-16.2400,0.0,,0,none,19,guide
GGGGUGAUAGACCAUUGUC,CCCCCAAGGUGAAGUGUGAGACAAUGGUCUAUCACCCCAACAUUGACCUCGAGGGCA,0.4608501118568233,0,"-0.46,-3.26,-13.39,0,1,-196.54,0.2631578947368421,0,0.3684210526315789,1,0,0.16666666666666666,-3.26,0.05555555555555555,0,0,0.05555555555555555,-2.35,0,0.0,0,-2.11,0.05555555555555555,0",-2.700,52.6,-0.9100,-36.2900,-14.3200,-14.3200,0.0,,0,none,19,guide
UAGACCAUUGUCUCACACU,CAUGAUCCCCCCAAGGUGAAGUGUGAGACAAUGGUCUAUCACCCCAACAUUGACCUC,0.6868008948545862,1,"0.3,-1.33,-7.69,1,0,-182.35,0.3157894736842105,0,0.10526315789473684,0,0,0.0,-2.08,0.05555555555555555,0,0,0.05555555555555555,-2.08,0,0.0,0,-2.35,0.05555555555555555,0",-1.900,42.1,0.7500,-32.6700,-13.1400,-13.1400,0.0,,0,none,19,guide
CAUUGUCUCACACUUCACC,ACCCGCAUGAUCCCCCCAAGGUGAAGUGUGAGACAAUGGUCUAUCACCCCAACAUUG,0.6092468307233407,1,"0.7,-2.11,-10.44,0,0,-188.88,0.3157894736842105,0,0.05263157894736842,0,0,0.0,-1.1,0.0,0,1,0.05555555555555555,-3.26,0,0.0,0,-2.08,0.1111111111111111,0",0.000,47.4,1.1500,-33.5500,-10.8100,-10.8100,0.0,,0,none,19,guide
CAUGCGGGUAACCCUGGCC,UGUGUUCAGUUUUAAGGUGGGCCAGGGUUACCCGCAUGAUCCCCCCAAGGUGAAGUG,0.5503355704697986,1,"0.7,-2.11,-10.44,0,0,-205.62,0.15789473684210525,0,0.3157894736842105,0,0,0.16666666666666666,-1.1,0.05555555555555555,0,1,0.16666666666666666,-3.26,0,0.1111111111111111,0,-3.26,0.0,0",-3.600,68.4,1.1500,-41.6200,-15.5100,-15.5100,0.0,,0,none,19,guide
AUGCGGGUAACCCUGGCCC,UUGUGUUCAGUUUUAAGGUGGGCCAGGGUUACCCGCAUGAUCCCCCCAAGGUGAAGU,0.5913497390007457,1,"2.16,-1.1,-9.38,0,0,-204.85,0.15789473684210525,0,0.3157894736842105,0,0,0.16666666666666666,-2.11,0.05555555555555555,1,0,0.2222222222222222,-3.26,0,0.1111111111111111,0,-2.08,0.0,0",-4.000,68.4,2.6100,-42.0200,-16.6500,-16.6500,0.0,,0,none,19,guide
GCGGGUAACCCUGGCCCAC,GUUUGUGUUCAGUUUUAAGGUGGGCCAGGGUUACCCGCAUGAUCCCCCCAAGGUGAA,0.4205816554809843,0,"-0.73,-3.42,-14.88,0,1,-210.59,0.10526315789473684,0,0.3157894736842105,0,1,0.16666666666666666,-2.36,0.05555555555555555,0,0,0.2222222222222222,-2.24,0,0.1111111111111111,0,-3.26,0.0,0",-5.200,73.7,-1.1800,-43.9100,-13.3800,-13.3800,0.0,,0,none,19,guide
GUAACCCUGGCCCACCUUA,GGAAGUUUGUGUUCAGUUUUAAGGUGGGCCAGGGUUACCCGCAUGAUCCCCCCAAGG,0.5212527964205816,0,"-1.36,-2.24,-11.4,0,1,-192.95,0.21052631578947367,0,0.15789473684210525,0,0,0.05555555555555555,-1.33,0.1111111111111111,1,0,0.2777777777777778,-1.33,0,0.05555555555555555,0,-2.11,0.05555555555555555,1",0.000,57.9,-1.3600,-38.3100,-13.1000,-13.1000,0.0,,0,none,19,guide
GCCCACCUUAAAACUGAAC,ACAAGAGUGGGAAGUUUGUGUUCAGUUUUAAGGUGGGCCAGGGUUACCCGCAUGAUC,0.4019388516032812,0,"-0.73,-3.42,-14.88,0,1,-181.71,0.15789473684210525,0,0.10526315789473684,0,1,0.0,-3.26,0.05555555555555555,0,0,0.16666666666666666,-2.24,0,0.05555555555555555,0,-2.24,0.05555555555555555,0",0.000,47.4,-1.1800,-32.8400,-16.2100,-16.2100,0.0,,0,none,19,guide
CCUUAAAACUGAACACAAA,CUUCUACAAGAGUGGGAAGUUUGUGUUCAGUUUUAAGGUGGGCCAGGGUUACCCGCA,0.3810589112602535,0,"-2.33,-3.26,-13.39,0,0,-160.41,0.15789473684210525,0,0.05263157894736842,0,0,0.0,-2.08,0.05555555555555555,0,1,0.05555555555555555,-0.93,1,0.0,0,-2.24,0.05555555555555555,1",0.000,31.6,-2.7800,-26.5200,-7.1300,-7.1300,0.0,,0,none,19,guide
ACACAAACUUCCCACUCUU,UCCUGAUGAGGGCUUCUACAAGAGUGGGAAGUUUGUGUUCAGUUUUAAGGUGGGCCA,0.6346010439970171,1,"-0.86,-2.24,-11.4,0,0,-176.24999999999997,0.2631578947368421,0,0.0,0,0,0.0,-2.11,0.0,0,0,0.1111111111111111,-0.93,0,0.0,0,-2.11,0.1111111111111111,0",0.000,42.1,-1.3100,-31.6800,-10.5600,-10.5600,0.0,,0,none,19,guide
AAACUUCCCACUCUUGUAG,UCUGUCCUGAUGAGGGCUUCUACAAGAGUGGGAAGUUUGUGUUCAGUUUUAAGGUGG,0.651006711409396,1,"1.6,-0.93,-6.82,0,0,-176.29999999999995,0.3157894736842105,0,0.10526315789473684,0,0,0.0,-0.93,0.05555555555555555,0,0,0.1111111111111111,-2.08,0,0.0,0,-2.08,0.1111111111111111,0",0.000,42.1,1.6000,-31.3900,-11.7900,-11.7900,0.0,,0,none,19,guide
ACUUCCCACUCUUGUAGAA,CAUCUGUCCUGAUGAGGGCUUCUACAAGAGUGGGAAGUUUGUGUUCAGUUUUAAGGU,0.5137956748695003,0,"-0.86,-2.24,-11.4,0,0,-178.2,0.3157894736842105,0,0.10526315789473684,0,0,0.0,-2.08,0.05555555555555555,0,0,0.1111111111111111,-0.93,0,0.0,0,-2.11,0.1111111111111111,1",0.000,42.1,-1.3100,-32.1600,-13.9900,-13.9900,0.0,,0,none,19,guide
CUUCCCACUCUUGUAGAAG,UCAUCUGUCCUGAUGAGGGCUUCUACAAGAGUGGGAAGUUUGUGUUCAGUUUUAAGG,0.5659955257270693,1,"0.0,-2.08,-10.48,0,0,-184.72,0.3157894736842105,0,0.15789473684210525,0,0,0.0,-0.93,0.05555555555555555,1,1,0.1111111111111111,-2.08,0,0.0,0,-2.24,0.1111111111111111,0",-1.100,47.4,0.0000,-33.2000,-14.1500,-14.1500,0.0,,0,none,19,guide
UCUUGUAGAAGCCCUCAUC,CAAGCUGGUCAUCUGUCCUGAUGAGGGCUUCUACAAGAGUGGGAAGUUUGUGUUCAG,0.6167039522744221,1,"0.9,-2.35,-12.44,1,0,-189.0,0.3157894736842105,0,0.15789473684210525,0,0,0.0,-2.08,0.05555555555555555,0,0,0.1111111111111111,-2.35,0,0.05555555555555555,0,-3.26,0.05555555555555555,0",0.000,47.4,0.4500,-34.2700,-10.7700,-10.7700,0.0,,0,none,19,guide
UGUAGAAGCCCUCAUCAGG,CUUCAAGCUGGUCAUCUGUCCUGAUGAGGGCUUCUACAAGAGUGGGAAGUUUGUGUU,0.5809097688292321,1,"1.6,-2.11,-10.44,1,0,-193.57,0.21052631578947367,0,0.2631578947368421,0,0,0.05555555555555555,-2.24,0.05555555555555555,0,0,0.1111111111111111,-3.26,0,0.05555555555555555,0,-2.11,0.0,0",-0.200,52.6,1.6000,-36.3600,-11.0100,-11.0100,0.0,,0,none,19,guide
UAGAAGCCCUCAUCAGGAC,AACUUCAAGCUGGUCAUCUGUCCUGAUGAGGGCUUCUACAAGAGUGGGAAGUUUGUG,0.5988068605518271,1,"1.36,-1.33,-7.69,1,0,-195.57,0.15789473684210525,0,0.21052631578947367,0,0,0.05555555555555555,-2.08,0.05555555555555555,0,0,0.1111111111111111,-2.24,0,0.05555555555555555,0,-2.35,0.0,0",-1.400,52.6,1.3600,-36.4500,-14.1200,-14.1200,0.0,,0,none,19,guide
CCCUCAUCAGGACAGAUGA,CUCCUCAACUUCAAGCUGGUCAUCUGUCCUGAUGAGGGCUUCUACAAGAGUGGGAAG,0.4287844891871737,0,"-1.36,-3.26,-13.39,0,0,-198.4,0.15789473684210525,0,0.21052631578947367,0,0,0.05555555555555555,-3.26,0.0,0,1,0.1111111111111111,-2.35,1,0.0,0,-2.11,0.0,1",-3.700,52.6,-1.3600,-36.5100,-13.2500,-13.2500,0.0,,0,none,19,guide
CCUCAUCAGGACAGAUGAC,CCUCCUCAACUUCAAGCUGGUCAUCUGUCCUGAUGAGGGCUUCUACAAGAGUGGGAA,0.4392244593586875,0,"-0.57,-3.26,-13.39,0,0,-200.13,0.15789473684210525,0,0.21052631578947367,0,0,0.05555555555555555,-2.08,0.0,0,1,0.05555555555555555,-2.24,1,0.0,0,-2.08,0.0,0",-4.300,52.6,-1.0200,-36.2400,-12.1000,-12.1000,0.0,,0,none,19,guide
CAUCAGGACAGAUGACCAG,CGACCUCCUCAACUUCAAGCUGGUCAUCUGUCCUGAUGAGGGCUUCUACAAGAGUGG,0.5719612229679344,1,"-0.03,-2.11,-10.44,0,0,-198.13,0.10526315789473684,0,0.2631578947368421,0,0,0.05555555555555555,-1.1,0.0,0,1,0.05555555555555555,-2.08,0,0.0,0,-2.11,0.0,0",-2.800,52.6,-0.0300,-36.0000,-13.2500,-13.2500,0.0,,0,none,19,guide
ACAGAUGACCAGCUUGAAG,AUCCAGACGACCUCCUCAACUUCAAGCUGGUCAUCUGUCCUGAUGAGGGCUUCUACA,0.5741983594332588,1,"0.74,-2.24,-11.4,0,0,-187.76,0.15789473684210525,0,0.2631578947368421,0,0,0.0,-2.11,0.0,0,0,0.05555555555555555,-2.08,0,0.05555555555555555,0,-2.08,0.05555555555555555,0",0.000,47.4,0.2900,-33.8400,-12.1000,-12.1000,0.0,,0,none,19,guide
GUCGUCUGGAUCUGAGAAG,CCAAGACGUGUGAUAUCAGCUUCUCAGAUCCAGACGACCUCCUCAACUUCAAGCUGG,0.4891871737509322,0,"-0.16,-2.24,-11.4,0,1,-196.86,0.2631578947368421,0,0.3684210526315789,0,0,0.05555555555555555,-2.35,0.0,1,0,0.0,-2.08,0,0.0,0,-2.11,0.0,0",-0.300,52.6,-0.1600,-35.1800,-13.4900,-13.4900,0.0,,0,none,19,guide
GUCUGGAUCUGAGAAGCUG,UGCCCAAGACGUGUGAUAUCAGCUUCUCAGAUCCAGACGACCUCCUCAACUUCAAGC,0.5913497390007457,1,"-0.13,-2.24,-11.4,0,1,-198.17999999999995,0.2631578947368421,0,0.3684210526315789,0,0,0.05555555555555555,-2.35,0.0,1,0,0.0,-2.11,0,0.05555555555555555,0,-2.35,0.0,0",-0.300,52.6,-0.1300,-35.8400,-13.2500,-13.2500,0.0,,0,none,19,guide
GAUCUGAGAAGCUGAUAUC,GAACCUGCCCAAGACGUGUGAUAUCAGCUUCUCAGAUCCAGACGACCUCCUCAACUU,0.4511558538404175,0,"0.0,-2.35,-12.44,0,1,-191.36,0.2631578947368421,0,0.2631578947368421,0,0,0.0,-1.1,0.05555555555555555,0,0,0.0,-2.35,0,0.05555555555555555,0,-2.11,0.0,0",0.000,42.1,0.0000,-31.8300,-12.0700,-12.0700,0.0,,0,none,19,guide
UCUGAGAAGCUGAUAUCAC,CUGAACCUGCCCAAGACGUGUGAUAUCAGCUUCUCAGAUCCAGACGACCUCCUCAAC,0.5242356450410142,1,"0.79,-2.35,-12.44,1,0,-187.66,0.2631578947368421,0,0.21052631578947367,0,0,0.0,-2.08,0.05555555555555555,0,0,0.0,-2.24,0,0.05555555555555555,0,-1.1,0.0,0",0.000,42.1,0.3400,-32.2300,-11.9000,-11.9000,0.0,,0,none,19,guide
GUCUUGGGCAGGUUCAGCU,AUCCAGAAGGACAUAAACGAGCUGAACCUGCCCAAGACGUGUGAUAUCAGCUUCUCA,0.5354213273676359,1,"-1.06,-2.24,-11.4,0,1,-197.16,0.3157894736842105,0,0.3684210526315789,0,0,0.16666666666666666,-2.35,0.0,1,0,0.0,-2.08,0,0.1111111111111111,0,-0.93,0.1111111111111111,0",-0.900,57.9,-0.6100,-38.3700,-13.9900,-13.9900,0.0,,0,none,19,guide
CUUGGGCAGGUUCAGCUCG,GGAUCCAGAAGGACAUAAACGAGCUGAACCUGCCCAAGACGUGUGAUAUCAGCUUCU,0.5361670395227442,1,"-0.17,-2.08,-10.48,0,0,-200.12,0.2631578947368421,0,0.3684210526315789,0,0,0.16666666666666666,-0.93,0.0,1,1,0.0,-2.36,0,0.1111111111111111,0,-2.11,0.1111111111111111,0",-4.000,63.2,0.2800,-39.0400,-15.0900,-15.0900,0.0,,0,none,19,guide
UUGGGCAGGUUCAGCUCGU,CGGAUCCAGAAGGACAUAAACGAGCUGAACCUGCCCAAGACGUGUGAUAUCAGCUUC,0.4921700223713647,0,"0.86,-0.93,-6.82,1,0,-193.6,0.3157894736842105,1,0.3684210526315789,0,0,0.16666666666666666,-2.11,0.0,1,0,0.0,-2.24,0,0.1111111111111111,0,-2.08,0.1111111111111111,0",-4.000,57.9,1.3100,-38.1000,-16.2400,-16.2400,0.0,,0,none,19,guide
CGUUUAUGUCCUUCUGGAU,GUCGGCGGCGCAGCUGCGGAUCCAGAAGGACAUAAACGAGCUGAACCUGCCCAAGAC,0.4205816554809843,0,"-1.26,-2.36,-10.64,0,0,-178.95999999999995,0.4736842105263158,0,0.21052631578947367,0,0,0.05555555555555555,-2.24,0.05555555555555555,0,1,0.05555555555555555,-1.1,0,0.0,1,-2.35,0.16666666666666666,0",-3.300,42.1,-1.7100,-31.1700,-8.6400,-8.6400,0.0,,0,none,19,guide
GAUCCGCAGCUGCGCCGCC,GCAGCAGCAAGAAGGCGUCGGCGGCGCAGCUGCGGAUCCAGAAGGACAUAAACGAGC,0.5346756152125279,1,"0.46,-2.35,-12.44,0,1,-218.98,0.10526315789473684,0,0.3157894736842105,0,0,0.0,-1.1,0.0,0,0,0.16666666666666666,-3.26,0,0.2777777777777778,0,-2.36,0.0,0",-2.400,78.9,0.9100,-44.3500,-14.6000,-14.6000,0.0,,0,none,19,guide
AUCCGCAGCUGCGCCGCCG,GGCAGCAGCAAGAAGGCGUCGGCGGCGCAGCUGCGGAUCCAGAAGGACAUAAACGAG,0.5212527964205816,0,"1.26,-1.1,-9.38,0,0,-213.45999999999992,0.10526315789473684,0,0.3157894736842105,0,0,0.0,-2.35,0.0,1,0,0.16666666666666666,-2.36,0,0.2777777777777778,0,-3.42,0.0,0",-2.400,78.9,1.7100,-43.8600,-15.5800,-15.5800,0.0,,0,none,19,guide
AGCUGCGCCGCCGACGCCU,ACCAAGGGCAGCAGCAAGAAGGCGUCGGCGGCGCAGCUGCGGAUCCAGAAGGACAUA,0.3855331841909023,0,"0.0,-2.08,-10.48,0,0,-211.8,0.10526315789473684,0,0.3157894736842105,0,0,0.0,-3.42,0.0,0,0,0.16666666666666666,-2.08,0,0.2777777777777778,0,-2.35,0.0,0",-1.700,78.9,0.0000,-44.7700,-16.8100,-16.8100,0.0,,0,none,19,guide
CCGACGCCUUCUUGCUGCU,GGCGGGCGGCACCAAGGGCAGCAGCAAGAAGGCGUCGGCGGCGCAGCUGCGGAUCCA,0.395227442207308,0,"-1.63,-3.26,-13.39,0,0,-198.09,0.3157894736842105,0,0.21052631578947367,0,0,0.0,-2.36,0.0,0,1,0.1111111111111111,-2.08,1,0.16666666666666666,0,-2.11,0.1111111111111111,0",-0.200,63.2,-1.6300,-38.5500,-15.9900,-15.9900,0.0,,0,none,19,guide
GACGCCUUCUUGCUGCUGC,UCGGCGGGCGGCACCAAGGGCAGCAGCAAGAAGGCGUCGGCGGCGCAGCUGCGGAUC,0.4548844146159582,0,"0.62,-2.35,-12.44,0,1,-203.1,0.3157894736842105,0,0.2631578947368421,0,0,0.0,-2.24,0.0,0,0,0.05555555555555555,-3.42,0,0.2222222222222222,0,-2.08,0.1111111111111111,0",-0.200,63.2,1.0700,-39.3600,-14.2900,-14.2900,0.0,,0,none,19,guide
CGCCUUCUUGCUGCUGCCC,AGUCGGCGGGCGGCACCAAGGGCAGCAGCAAGAAGGCGUCGGCGGCGCAGCUGCGGA,0.4392244593586875,0,"0.9,-2.36,-10.64,0,0,-206.04,0.3157894736842105,0,0.21052631578947367,0,0,0.0,-3.42,0.0,0,1,0.16666666666666666,-3.26,0,0.2222222222222222,1,-3.42,0.1111111111111111,0",-0.700,68.4,0.9000,-41.0900,-14.1200,-14.1200,0.0,,0,none,19,guide
GCUGCCCUUGGUGCCGCCC,AGAAGGAGGAGGAGUCGGCGGGCGGCACCAAGGGCAGCAGCAAGAAGGCGUCGGCGG,0.4839671886651752,0,"-0.16,-3.42,-14.88,0,1,-217.39,0.21052631578947367,0,0.3157894736842105,0,1,0.05555555555555555,-2.08,0.0,0,0,0.2777777777777778,-3.26,0,0.2222222222222222,0,-3.42,0.05555555555555555,0",-2.200,78.9,-0.1600,-45.6700,-16.2100,-16.2100,0.0,,0,none,19,guide
UUGGUGCCGCCCGCCGACU,CAGCAGAAGAAGGAGGAGGAGUCGGCGGGCGGCACCAAGGGCAGCAGCAAGAAGGCG,0.5488441461595824,1,"0.7,-0.93,-6.82,1,0,-205.88,0.21052631578947367,1,0.3157894736842105,0,0,0.05555555555555555,-2.11,0.0,1,0,0.2222222222222222,-2.08,0,0.16666666666666666,0,-3.42,0.05555555555555555,0",-4.900,73.7,1.1500,-43.2100,-16.4000,-16.4000,0.0,,0,none,19,guide
UGGUGCCGCCCGCCGACUC,XCAGCAGAAGAAGGAGGAGGAGUCGGCGGGCGGCACCAAGGGCAGCAGCAAGAAGGC,0.395227442207308,0,"1.14,-2.11,-10.44,1,0,-215.22,0.15789473684210525,0,0.3157894736842105,0,0,0.05555555555555555,-3.26,0.0,0,0,0.2222222222222222,-2.35,0,0.16666666666666666,0,-3.26,0.0,0",-3.900,78.9,0.6900,-45.1800,-16.6500,-16.6500,0.0,,0,none,19,guide
UGCCGCCCGCCGACUCCUC,XXXXCAGCAGAAGAAGGAGGAGGAGUCGGCGGGCGGCACCAAGGGCAGCAGCAAGAA,0.4466815809097688,0,"1.14,-2.11,-10.44,1,0,-216.3,0.15789473684210525,0,0.21052631578947367,0,0,0.0,-3.42,0.0,0,0,0.2777777777777778,-2.35,0,0.16666666666666666,0,-2.24,0.0,0",0.000,78.9,0.6900,-45.1100,-18.9800,-18.9800,0.0,,0,none,19,guide
CCCGCCGACUCCUCCUCCU,XXXXXXXXXCAGCAGAAGAAGGAGGAGGAGUCGGCGGGCGGCACCAAGGGCAGCAGC,0.3109619686800894,0,"-1.63,-3.26,-13.39,0,0,-212.25,0.21052631578947367,0,0.10526315789473684,0,0,0.0,-3.26,0.0,0,1,0.3333333333333333,-2.08,1,0.05555555555555555,0,-2.35,0.0,0",0.000,73.7,-1.6300,-43.5200,-17.0100,-17.0100,0.0,,0,none,19,guide
GACUCCUCCUCCUUCUUCU,XXXXXXXXXXXXXXXCAGCAGAAGAAGGAGGAGGAGUCGGCGGGCGGCACCAAGGGC,0.4429530201342281,0,"-1.17,-2.35,-12.44,0,1,-195.39999999999995,0.42105263157894735,0,0.05263157894736842,0,0,0.0,-2.24,0.0,0,0,0.16666666666666666,-2.08,0,0.0,0,-0.93,0.1111111111111111,0",0.000,52.6,-0.7200,-36.3700,-14.3600,-14.3600,0.0,,0,none,19,guide
ACUGGAAGUCUGUGUCCGU,GAUGCCACCCGACGCCCUCACGGACACAGACUUCCAGUCXXXXXXXXXXXXXXXXXX,0.639075316927666,1,"0.0,-2.24,-11.4,0,0,-190.27,0.3157894736842105,0,0.3157894736842105,0,0,0.05555555555555555,-2.08,0.0,0,0,0.05555555555555555,-2.24,0,0.0,0,-2.11,0.0,0",-2.200,52.6,0.0000,-35.8400,-12.8100,-12.8100,0.0,,0,none,19,guide
GUCUGUGUCCGUGAGGGCG,AGUUGCUGAUGCCACCCGACGCCCUCACGGACACAGACUUCCAGUCXXXXXXXXXXX,0.4407158836689038,0,"-0.33,-2.24,-11.4,0,1,-207.92,0.2631578947368421,0,0.4736842105263158,0,0,0.1111111111111111,-2.35,0.0,1,0,0.05555555555555555,-2.36,0,0.05555555555555555,0,-2.35,0.0,0",-5.500,68.4,0.1200,-40.8300,-13.1300,-13.1300,0.0,,0,none,19,guide
CUCAUCUUGGGAUGAGGAU,CAGGGGAUGAGCCCCCAUCAUCCUCAUCCCAAGAUGAGGAGUUGCUGAUGCCACCCG,0.401193139448173,0,"-1.43,-2.08,-10.48,0,0,-192.76,0.3157894736842105,0,0.3157894736842105,0,0,0.16666666666666666,-2.35,0.0,1,1,0.0,-1.1,0,0.0,0,-2.11,0.05555555555555555,0",-6.800,47.4,-1.4300,-34.2400,-10.9200,-10.9200,0.0,,0,none,19,guide
GGGGCUCAUCCCCUGAGCU,UGGGGAUGGGGCUCCUGGGAGCUCAGGGGAUGAGCCCCCAUCAUCCUCAUCCCAAGA,0.3206562266964951,0,"-1.63,-3.26,-13.39,0,1,-212.26999999999995,0.21052631578947367,0,0.3157894736842105,1,0,0.16666666666666666,-3.26,0.0,0,0,0.16666666666666666,-2.08,0,0.1111111111111111,0,-2.08,0.0,0",-6.600,68.4,-1.6300,-42.9500,-16.4800,-16.4800,0.0,,0,none,19,guide
CCUGAGCUCCCAGGAGCCC,GUGGACGGGGAUGGGGAUGGGGCUCCUGGGAGCUCAGGGGAUGAGCCCCCAUCAUCC,0.2706935123042505,0,"0.0,-3.26,-13.39,0,0,-217.09,0.10526315789473684,0,0.2631578947368421,0,0,0.05555555555555555,-2.08,0.0,0,1,0.2777777777777778,-3.26,1,0.1111111111111111,0,-3.26,0.0,0",-5.500,73.7,0.0000,-44.6800,-14.1200,-14.1200,0.0,,0,none,19,guide
CUCCCAGGAGCCCCAUCCC,UCAGAGGUGGACGGGGAUGGGGAUGGGGCUCCUGGGAGCUCAGGGGAUGAGCCCCCA,0.3228933631618195,0,"0.73,-2.08,-10.48,0,0,-217.41,0.10526315789473684,0,0.15789473684210525,0,0,0.05555555555555555,-2.35,0.0,1,1,0.3888888888888889,-3.26,0,0.05555555555555555,0,-3.26,0.0,0",-2.500,73.7,1.1800,-44.5200,-16.3200,-16.3200,0.0,,0,none,19,guide
CAUCCCCGUCCACCUCUGA,CGCUCAGGUGCUGCAGGACUCAGAGGUGGACGGGGAUGGGGAUGGGGCUCCUGGGAG,0.2199850857568978,0,"-0.66,-2.11,-10.44,0,0,-204.48,0.21052631578947367,0,0.10526315789473684,0,0,0.0,-1.1,0.0,0,1,0.2777777777777778,-2.35,0,0.0,0,-3.26,0.0,1",0.000,63.2,-0.2100,-40.0400,-15.5900,-15.5900,0.0,,0,none,19,guide
UCUGAGUCCUGCAGCACCU,UCUGCGAAAUACAUCGCUCAGGUGCUGCAGGACUCAGAGGUGGACGGGGAUGGGGAU,0.4608501118568233,0,"-0.27,-2.35,-12.44,1,0,-199.77,0.2631578947368421,0,0.21052631578947367,0,0,0.0,-2.08,0.0,0,0,0.1111111111111111,-2.08,0,0.1111111111111111,0,-2.08,0.0,0",0.000,57.9,-0.2700,-39.0900,-13.2100,-13.2100,0.0,,0,none,19,guide
AUUUCGCAGAUUUGGGGAC,GCCCCCCACUGCUGCUGCUGUCCCCAAAUCUGCGAAAUACAUCGCUCAGGUGCUGCA,0.6114839671886652,1,"1.59,-1.1,-9.38,0,0,-184.48,0.3157894736842105,0,0.3157894736842105,0,0,0.16666666666666666,-0.93,0.0,1,0,0.0,-2.24,0,0.05555555555555555,0,-2.11,0.2222222222222222,0",-2.200,47.4,1.5900,-32.9300,-12.1000,-12.1000,0.0,,0,none,19,guide
UUGCUUCUGGGGUCCACAG,GAGCACACGGAGACAGAUACUGUGGACCCCAGAAGCAAUGGACGGCCCCCCACUGCU,0.5622669649515287,1,"1.6,-0.93,-6.82,1,0,-195.63,0.3157894736842105,1,0.3157894736842105,0,0,0.16666666666666666,-2.11,0.0,1,0,0.05555555555555555,-2.08,0,0.05555555555555555,0,-2.35,0.1111111111111111,0",-0.800,57.9,1.6000,-38.0900,-12.9700,-12.9700,0.0,,0,none,19,guide
UCUUGUAGUUGUGGGCACU,UGGACACUUCAAAUACCUCAGUGCCCACAACUACAAGAUUGAGCACACGGAGACAGA,0.6092468307233407,1,"-0.27,-2.35,-12.44,1,0,-183.18,0.42105263157894735,0,0.3157894736842105,0,0,0.1111111111111111,-2.08,0.05555555555555555,0,0,0.0,-2.08,0,0.05555555555555555,0,-3.26,0.1111111111111111,0",0.000,47.4,-0.2700,-34.3300,-10.7700,-10.7700,0.0,,0,none,19,guide
CACUGAGGUAUUUGAAGUG,CUGCCACGUCUGCUUUGGACACUUCAAAUACCUCAGUGCCCACAACUACAAGAUUGA,0.4101416853094706,0,"0.0,-2.11,-10.44,0,0,-179.58999999999997,0.3157894736842105,0,0.3157894736842105,0,0,0.05555555555555555,-2.24,0.05555555555555555,0,1,0.0,-2.11,0,0.0,0,-2.11,0.1111111111111111,0",-1.300,42.1,0.0000,-30.9900,-14.1200,-14.1200,0.0,,0,none,19,guide
CAGACGUGGCAGAGACAGA,CUGGUCAUCACCAUCGUCAUCUGUCUCUGCCACGUCUGCUUUGGACACUUCAAAUAC,0.5093214019388517,0,"-0.66,-2.11,-10.44,0,0,-199.22,0.05263157894736842,0,0.3684210526315789,0,0,0.05555555555555555,-2.08,0.0,0,1,0.0,-2.35,0,0.05555555555555555,0,-2.08,0.0,1",0.000,57.9,-0.2100,-37.7800,-13.3800,-13.3800,0.0,,0,none,19,guide
ACAUAGACGUGGGAGCUAG,CACCAUGCGCACGGGGUUCCUAGCUCCCACGUCUAUGUUCACAUUUGUGGUCCUGGU,0.4973900074571216,0,"0.74,-2.24,-11.4,0,0,-191.61,0.15789473684210525,0,0.3684210526315789,0,0,0.1111111111111111,-2.11,0.1111111111111111,0,0,0.0,-2.08,0,0.05555555555555555,0,-2.35,0.0,0",-0.200,52.6,0.2900,-35.7300,-11.2100,-11.2100,0.0,,0,none,19,guide
AUAGACGUGGGAGCUAGGA,UCCACCAUGCGCACGGGGUUCCUAGCUCCCACGUCUAUGUUCACAUUUGUGGUCCUG,0.5943325876211782,1,"0.8,-1.1,-9.38,0,0,-191.88,0.15789473684210525,0,0.42105263157894735,0,0,0.16666666666666666,-1.33,0.1111111111111111,1,0,0.0,-2.35,0,0.05555555555555555,0,-3.42,0.0,1",-0.200,52.6,1.2500,-36.6400,-12.6000,-12.6000,0.0,,0,none,19,guide
ACGUGGGAGCUAGGAACCC,CUUUUCCACCAUGCGCACGGGGUUCCUAGCUCCCACGUCUAUGUUCACAUUUGUGGU,0.4317673378076062,0,"1.47,-2.24,-11.4,0,0,-200.61,0.10526315789473684,0,0.3684210526315789,0,0,0.16666666666666666,-2.36,0.05555555555555555,0,0,0.1111111111111111,-3.26,0,0.05555555555555555,0,-3.26,0.0,0",-1.300,63.2,1.4700,-40.0200,-15.5800,-15.5800,0.0,,0,none,19,guide
CAGAAGAGGCAGAGGAUGG,AACCAGGUGGUGGCCGCGCCCAUCCUCUGCCUCUUCUGGCUGCUCUUCUUUUCCACC,0.3967188665175242,0,"0.7,-2.11,-10.44,0,0,-201.11999999999995,0.05263157894736842,0,0.4736842105263158,0,0,0.16666666666666666,-2.08,0.0,0,1,0.0,-3.26,0,0.05555555555555555,0,-2.08,0.0,0",0.000,57.9,1.1500,-37.7700,-11.8700,-11.8700,0.0,,0,none,19,guide
CUUCUUGUCCAGCUUGGCC,UCUACUACGCCUACCUGCCGGCCAAGCUGGACAAGAAGAUCCACUCGGGGGCUGUGA,0.4847129008202834,0,"0.73,-2.08,-10.48,0,0,-196.29999999999995,0.3684210526315789,0,0.21052631578947367,0,0,0.05555555555555555,-0.93,0.0,1,1,0.1111111111111111,-3.26,0,0.1111111111111111,0,-2.08,0.16666666666666666,0",-0.200,57.9,1.1800,-37.4100,-10.6400,-10.6400,0.0,,0,none,19,guide
UGUCCAGCUUGGCCGGCAG,CAAUCUCUACUACGCCUACCUGCCGGCCAAGCUGGACAAGAAGAUCCACUCGGGGGC,0.4862043251304996,0,"0.87,-2.11,-10.44,1,0,-205.37,0.21052631578947367,0,0.3684210526315789,0,0,0.1111111111111111,-2.24,0.0,0,0,0.1111111111111111,-2.08,0,0.16666666666666666,0,-3.26,0.05555555555555555,0",-2.800,68.4,0.4200,-41.7200,-15.4600,-15.4600,0.0,,0,none,19,guide
CUACCAGGUGCUUCAGCAG,CUUCGGGCUCAUGUACAUGCUGCUGAAGCACCUGGUAGACAGGUACAAUCUCUACUA,0.5592841163310962,1,"0.0,-2.08,-10.48,0,0,-196.84,0.21052631578947367,0,0.2631578947368421,0,0,0.05555555555555555,-1.33,0.05555555555555555,1,1,0.05555555555555555,-2.08,0,0.1111111111111111,0,-2.35,0.05555555555555555,0",-1.200,57.9,0.0000,-37.9000,-14.2800,-14.2800,0.0,,0,none,19,guide
UACCAGGUGCUUCAGCAGC,CCUUCGGGCUCAUGUACAUGCUGCUGAAGCACCUGGUAGACAGGUACAAUCUCUACU,0.6144668158090977,1,"2.09,-1.33,-7.69,1,0,-197.52,0.21052631578947367,0,0.2631578947368421,0,0,0.05555555555555555,-2.24,0.05555555555555555,0,0,0.05555555555555555,-3.42,0,0.16666666666666666,0,-2.11,0.05555555555555555,0",-2.500,57.9,2.5400,-38.4900,-15.1900,-15.1900,0.0,,0,none,19,guide
AUGACCACCGUGAAGACGC,GCCUACGCCUGGAUGAUGUGCGUCUUCACGGUGGUCAUGACCUACAGUAUCACCUGC,0.5659955257270693,1,"2.32,-1.1,-9.38,0,0,-196.53,0.10526315789473684,0,0.2631578947368421,0,0,0.0,-2.11,0.0,1,0,0.1111111111111111,-3.42,0,0.05555555555555555,0,-0.93,0.0,0",-1.200,57.9,2.7700,-36.9700,-14.3100,-14.3100,0.0,,0,none,19,guide
GCGUAGGCUGCGCCAAACU,CAUCAGGCCUACGAGUUCCAGUUUGGCGCAGCCUACGCCUGGAUGAUGUGCGUCUUC,0.4541387024608501,0,"-1.79,-3.42,-14.88,0,1,-196.7,0.15789473684210525,0,0.3157894736842105,0,1,0.05555555555555555,-2.36,0.05555555555555555,0,0,0.05555555555555555,-2.08,0,0.2222222222222222,0,-3.26,0.0,0",-4.200,63.2,-1.7900,-38.7600,-14.6900,-14.6900,0.0,,0,none,19,guide
UGAUGCCGCUUCACGUUGC,CGCUCGGCCGCCGAGAGGCGCAACGUGAAGCGGCAUCAGGCCUACGAGUUCCAGUUU,0.5398956002982849,1,"1.76,-2.11,-10.44,1,0,-194.92,0.3157894736842105,0,0.2631578947368421,0,0,0.0,-2.35,0.0,0,0,0.05555555555555555,-3.42,0,0.16666666666666666,0,-2.24,0.1111111111111111,0",-0.400,57.9,1.7600,-36.7600,-14.6000,-14.6000,0.0,,0,none,19,guide
GCUUCACGUUGCGCCUCUC,CCUGGCGCGCUCGGCCGCCGAGAGGCGCAACGUGAAGCGGCAUCAGGCCUACGAGUU,0.4235645041014168,0,"-0.62,-3.42,-14.88,0,1,-201.78,0.3157894736842105,0,0.21052631578947367,0,1,0.0,-2.08,0.0,0,0,0.05555555555555555,-2.35,0,0.16666666666666666,0,-3.42,0.1111111111111111,0",-1.700,63.2,-1.0700,-38.5000,-12.0700,-12.0700,0.0,,0,none,19,guide
UUGCGCCUCUCGGCGGCCG,CGGCUCUGCCUGGCGCGCUCGGCCGCCGAGAGGCGCAACGUGAAGCGGCAUCAGGCC,0.5436241610738255,1,"1.43,-0.93,-6.82,1,0,-211.41,0.21052631578947367,1,0.3684210526315789,0,0,0.1111111111111111,-2.11,0.0,1,0,0.1111111111111111,-2.36,0,0.2222222222222222,0,-3.42,0.05555555555555555,0",-6.300,78.9,1.8800,-43.7700,-16.6500,-16.6500,0.0,,0,none,19,guide
GGAUCAUGUACAUGAGCAG,CCUGCUGCGCAUCCCAGGCCUGCUCAUGUACAUGAUCCGGCUCUGCCUGGCGCGCUC,0.3653989560029828,0,"-0.73,-3.26,-13.39,0,1,-193.77,0.21052631578947367,0,0.3157894736842105,1,0,0.05555555555555555,-2.35,0.05555555555555555,0,0,0.0,-2.08,0,0.05555555555555555,0,-2.11,0.0,0",-0.600,47.4,-1.1800,-33.9600,-11.1200,-11.1200,0.0,,0,none,19,guide
UCAUGUACAUGAGCAGGCC,GGACCUGCUGCGCAUCCCAGGCCUGCUCAUGUACAUGAUCCGGCUCUGCCUGGCGCG,0.5361670395227442,1,"1.36,-2.35,-12.44,1,0,-196.49999999999997,0.21052631578947367,0,0.2631578947368421,0,0,0.05555555555555555,-2.11,0.05555555555555555,0,0,0.05555555555555555,-3.26,0,0.1111111111111111,0,-3.42,0.0,0",-0.600,52.6,1.3600,-36.6900,-11.1300,-11.1300,0.0,,0,none,19,guide
AGCAGGUCCAUGGCGUUGC,AUUGCCUCAGCCUUUAUCGGCAACGCCAUGGACCUGCUGCGCAUCCCAGGCCUGCUC,0.5302013422818792,1,"1.79,-2.08,-10.48,0,0,-202.28,0.21052631578947367,0,0.3684210526315789,0,0,0.1111111111111111,-3.42,0.0,0,0,0.05555555555555555,-3.42,0,0.16666666666666666,0,-3.42,0.05555555555555555,0",-3.200,63.2,1.7900,-39.9200,-15.4600,-15.4600,0.0,,0,none,19,guide
UCCAUGGCGUUGCCGAUAA,UACGUCAUUGCCUCAGCCUUUAUCGGCAACGCCAUGGACCUGCUGCGCAUCCCAGGC,0.4675615212527964,0,"-0.97,-2.35,-12.44,1,0,-187.85,0.2631578947368421,0,0.2631578947368421,0,0,0.05555555555555555,-3.26,0.05555555555555555,0,0,0.1111111111111111,-0.93,0,0.1111111111111111,0,-3.26,0.05555555555555555,1",-2.800,52.6,-1.4200,-35.2100,-15.2600,-15.2600,0.0,,0,none,19,guide
GAAAGUGUAGCACUUGUGC,GGGAGAACAGGACAACCAUGCACAAGUGCUACACUUUCCUCAUCUUCAUGGUGCUGC,0.6234153616703952,1,"0.62,-2.35,-12.44,0,1,-185.54,0.2631578947368421,0,0.3157894736842105,0,0,0.0,-0.93,0.05555555555555555,0,0,0.0,-3.42,0,0.1111111111111111,0,-2.08,0.05555555555555555,0",-2.500,47.4,1.0700,-33.1600,-10.5300,-10.5300,0.0,,0,none,19,guide
AAAGUGUAGCACUUGUGCA,GGGGAGAACAGGACAACCAUGCACAAGUGCUACACUUUCCUCAUCUUCAUGGUGCUG,0.7390007457121551,1,"0.73,-0.93,-6.82,0,0,-176.1,0.2631578947368421,0,0.2631578947368421,0,0,0.0,-0.93,0.05555555555555555,0,0,0.0,-2.11,0,0.1111111111111111,0,-0.93,0.05555555555555555,1",-2.500,42.1,1.1800,-32.0700,-10.9300,-10.9300,0.0,,0,none,19,guide
GGAGGGCCGAGAAGCACCA,CUUCCCCACCCUGCUGCUGUGGUGCUUCUCGGCCCUCCUUCCCACCAUCGUCUACUA,0.4854586129753915,0,"-1.6,-3.26,-13.39,0,1,-207.88,0.0,0,0.42105263157894735,1,0,0.16666666666666666,-2.35,0.0,0,0,0.1111111111111111,-2.11,0,0.1111111111111111,0,-2.08,0.0,1",-3.300,68.4,-1.6000,-42.0400,-17.6300,-17.6300,0.0,,0,none,19,guide
GGUGGGGAAGAACUGGGUG,ACCUCAACAACCCCAUCAUCACCCAGUUCUUCCCCACCCUGCUGCUGUGGUGCUUCU,0.41834451901566,0,"-0.7,-3.26,-13.39,0,1,-201.73,0.15789473684210525,0,0.5789473684210527,1,0,0.3333333333333333,-2.24,0.0,0,0,0.0,-2.11,0,0.0,0,-2.08,0.0,0",-0.800,63.2,-1.1500,-39.5400,-16.4800,-16.4800,0.0,,0,none,19,guide
UCCAUGGUGGUGAUGAUGA,UUCCUCACCACUCCAGCCAUCAUCAUCACCACCAUGGACAAGUUCAACGUCACCAAG,0.5906040268456376,1,"0.0,-2.35,-12.44,1,0,-192.46,0.3157894736842105,0,0.3684210526315789,0,0,0.1111111111111111,-3.26,0.0,0,0,0.05555555555555555,-2.35,0,0.0,0,-1.1,0.0,1",-2.700,47.4,0.0000,-34.9800,-14.0800,-14.0800,0.0,,0,none,19,guide
CCAUGGUGGUGAUGAUGAU,CUUCCUCACCACUCCAGCCAUCAUCAUCACCACCAUGGACAAGUUCAACGUCACCAA,0.4436987322893363,0,"-2.16,-3.26,-13.39,0,0,-193.12,0.3157894736842105,0,0.3684210526315789,0,0,0.1111111111111111,-2.11,0.0,0,1,0.05555555555555555,-1.1,1,0.0,0,-2.11,0.0,0",-2.700,47.4,-2.6100,-34.2800,-12.9300,-12.9300,0.0,,0,none,19,guide
AUGAUGAUGGCUGGAGUGG,AUCCUCCUCUUCUUCCUCACCACUCCAGCCAUCAUCAUCACCACCAUGGACAAGUUC,0.5771812080536913,1,"2.16,-1.1,-9.38,0,0,-197.73999999999995,0.2631578947368421,0,0.4736842105263158,0,0,0.16666666666666666,-2.11,0.0,1,0,0.0,-3.26,0,0.05555555555555555,0,-3.26,0.0,0",0.000,52.6,2.6100,-36.4100,-11.1200,-11.1200,0.0,,0,none,19,guide
GAUGAUGGCUGGAGUGGUG,UCAUCCUCCUCUUCUUCCUCACCACUCCAGCCAUCAUCAUCACCACCAUGGACAAGU,0.5234899328859061,1,"-0.24,-2.35,-12.44,0,1,-203.48,0.2631578947368421,0,0.5263157894736842,0,0,0.16666666666666666,-1.1,0.0,0,0,0.0,-2.11,0,0.05555555555555555,0,-2.08,0.0,0",-0.700,57.9,-0.2400,-38.0500,-12.0300,-12.0300,0.0,,0,none,19,guide
UGGUGAGGAAGAAGAGGAG,CAAUGUCGUCCUCUUCAUCCUCCUCUUCUUCCUCACCACUCCAGCCAUCAUCAUCAC,0.5070842654735273,0,"0.87,-2.11,-10.44,1,0,-193.36,0.10526315789473684,0,0.5263157894736842,0,0,0.16666666666666666,-3.26,0.0,0,0,0.0,-2.08,0,0.0,0,-2.08,0.0,0",0.000,52.6,0.4200,-35.9600,-15.3000,-15.3000,0.0,,0,none,19,guide
AGGAGGAUGAAGAGGACGA,CGCUGCCUGGUCAUCAAUGUCGUCCUCUUCAUCCUCCUCUUCUUCCUCACCACUCCA,0.4161073825503356,0,"0.27,-2.08,-10.48,0,0,-194.36,0.05263157894736842,0,0.4736842105263158,0,0,0.16666666666666666,-3.26,0.0,0,0,0.0,-2.35,0,0.0,0,-2.08,0.0,1",0.000,52.6,0.2700,-36.3000,-14.4000,-14.4000,0.0,,0,none,19,guide
AGAUGAAGCCUCGGAUGGA,CAUCUACUGGGAGCACCUCUCCAUCCGAGGCUUCAUCUGGUGGCUGCGCUGCCUGGU,0.4869500372856077,0,"0.27,-2.08,-10.48,0,0,-194.73999999999995,0.15789473684210525,0,0.3684210526315789,0,0,0.1111111111111111,-2.35,0.0,0,0,0.05555555555555555,-2.35,0,0.05555555555555555,0,-3.26,0.0,1",-1.300,52.6,0.2700,-36.2600,-10.9200,-10.9200,0.0,,0,none,19,guide
GGCGUGGCUCCCCACGGCA,UAAAUGCCAGGGCUGCACCUGCCGUGGGGAGCCACGCCCCUCAUCCUGCAGCGAGUC,0.4675615212527964,0,"-1.6,-3.26,-13.39,0,1,-215.97,0.10526315789473684,0,0.3684210526315789,1,0,0.16666666666666666,-3.42,0.0,0,0,0.16666666666666666,-2.11,0,0.16666666666666666,0,-2.11,0.0,1",-9.100,78.9,-1.6000,-45.4900,-16.8100,-16.8100,0.0,,0,none,19,guide
AUUUACACACGUUGAAGUC,CACCGCCAUCAUCCUGAAGGACUUCAACGUGUGUAAAUGCCAGGGCUGCACCUGCCG,0.7576435495898584,1,"1.7,-1.1,-9.38,0,0,-171.34,0.3157894736842105,0,0.15789473684210525,0,0,0.0,-0.93,0.05555555555555555,1,0,0.0,-2.35,0,0.0,0,-2.11,0.16666666666666666,0",0.000,36.8,1.7000,-28.8800,-9.7800,-9.7800,0.0,,0,none,19,guide
CACGUUGAAGUCCUUCAGG,AGACUAUCACCGCCAUCAUCCUGAAGGACUUCAACGUGUGUAAAUGCCAGGGCUGCA,0.6301267710663684,1,"0.7,-2.11,-10.44,0,0,-188.54999999999995,0.2631578947368421,0,0.2631578947368421,0,0,0.05555555555555555,-2.24,0.0,0,1,0.05555555555555555,-3.26,0,0.0,0,-2.08,0.1111111111111111,0",-1.200,52.6,1.1500,-34.2200,-12.2300,-12.2300,0.0,,0,none,19,guide
AUAGUCUCAUUGUGGAAGG,CUUGGCAUGGCCUUUGUCACCUUCCACAAUGAGACUAUCACCGCCAUCAUCCUGAAG,0.5391498881431768,1,"2.16,-1.1,-9.38,0,0,-182.42,0.3157894736842105,0,0.3157894736842105,0,0,0.1111111111111111,-1.33,0.05555555555555555,1,0,0.0,-3.26,0,0.0,0,-2.11,0.05555555555555555,0",0.000,42.1,2.6100,-31.9200,-12.4300,-12.4300,0.0,,0,none,19,guide
UUGUGGAAGGUGACAAAGG,GAGAAGCCUCUUGGCAUGGCCUUUGUCACCUUCCACAAUGAGACUAUCACCGCCAUC,0.5533184190902312,1,"2.33,-0.93,-6.82,1,0,-181.92,0.21052631578947367,1,0.42105263157894735,0,0,0.16666666666666666,-2.11,0.0,1,0,0.0,-3.26,0,0.0,0,-2.24,0.05555555555555555,0",-1.500,47.4,2.7800,-33.4300,-13.0000,-13.0000,0.0,,0,none,19,guide
UCAAUGGCCUCCACCUGCU,UGUGUGGUGCGAGGCUGUGAGCAGGUGGAGGCCAUUGAGUACUACACAAAGCUGGAG,0.575689783743475,1,"-0.27,-2.35,-12.44,1,0,-197.95,0.2631578947368421,0,0.15789473684210525,0,0,0.05555555555555555,-2.11,0.0,0,0,0.16666666666666666,-2.08,0,0.1111111111111111,0,-2.24,0.0,0",-0.500,57.9,-0.2700,-39.0400,-12.9300,-12.9300,0.0,,0,none,19,guide
CCACCUGCUCACAGCCUCG,CCUCUGCUGCUGUGUGGUGCGAGGCUGUGAGCAGGUGGAGGCCAUUGAGUACUACAC,0.3146905294556301,0,"-0.9,-3.26,-13.39,0,0,-208.32,0.15789473684210525,0,0.15789473684210525,0,0,0.0,-2.11,0.0,0,1,0.16666666666666666,-2.36,1,0.1111111111111111,0,-2.08,0.0,0",-0.400,68.4,-0.9000,-41.5300,-15.2200,-15.2200,0.0,,0,none,19,guide
UGAUCAUGGUAGGCACGUU,AAACCUCCAGAGCAAGGAGAACGUGCCUACCAUGAUCAACCCCAAGCCCUGUGGCCA,0.5973154362416108,1,"-0.73,-2.11,-10.44,1,0,-185.84,0.3157894736842105,0,0.3157894736842105,0,0,0.1111111111111111,-2.35,0.05555555555555555,0,0,0.0,-0.93,0,0.05555555555555555,0,-3.42,0.05555555555555555,0",0.000,47.4,-1.1800,-34.2100,-11.1200,-11.1200,0.0,,0,none,19,guide
GGAGGUUUGUGAAGUACAG,GAAGGCCGAGCGGGGAAAGCUGUACUUCACAAACCUCCAGAGCAAGGAGAACGUGCC,0.4280387770320656,0,"-0.73,-3.26,-13.39,0,1,-184.56,0.2631578947368421,0,0.42105263157894735,1,0,0.1111111111111111,-2.35,0.05555555555555555,0,0,0.0,-2.08,0,0.0,0,-2.08,0.1111111111111111,0",0.000,47.4,-1.1800,-33.4800,-11.7900,-11.7900,0.0,,0,none,19,guide
CUCGGCCUUCUUCCUCUCU,GCCUAAUGUUCCUCGAUGCAGAGAGGAAGAAGGCCGAGCGGGGAAAGCUGUACUUCA,0.3683818046234153,0,"-0.9,-2.08,-10.48,0,0,-197.08,0.42105263157894735,0,0.10526315789473684,0,0,0.05555555555555555,-2.35,0.0,1,1,0.1111111111111111,-2.08,0,0.05555555555555555,0,-3.26,0.1111111111111111,0",0.000,57.9,-0.4500,-37.3600,-16.7300,-16.7300,0.0,,0,none,19,guide
CUUCUUCCUCUCUGCAUCG,UGGCUCGCCUAAUGUUCCUCGAUGCAGAGAGGAAGAAGGCCGAGCGGGGAAAGCUGU,0.4205816554809843,0,"-0.17,-2.08,-10.48,0,0,-193.8,0.42105263157894735,0,0.10526315789473684,0,0,0.0,-0.93,0.0,1,1,0.05555555555555555,-2.36,0,0.05555555555555555,0,-2.11,0.1111111111111111,0",0.000,52.6,0.2800,-34.7800,-11.9000,-11.9000,0.0,,0,none,19,guide
AUCGAGGAACAUUAGGCGA,GCCCGUGUUACAACGUGGCUCGCCUAAUGUUCCUCGAUGCAGAGAGGAAGAAGGCCG,0.5809097688292321,1,"0.8,-1.1,-9.38,0,0,-184.54,0.15789473684210525,0,0.3157894736842105,0,0,0.1111111111111111,-2.35,0.05555555555555555,1,0,0.0,-2.35,0,0.05555555555555555,0,-1.33,0.05555555555555555,1",0.000,47.4,1.2500,-33.3200,-14.7500,-14.7500,0.0,,0,none,19,guide
CGAGCCACGUUGUAACACG,ACAGUUCUCGAAGCCCGCCCGUGUUACAACGUGGCUCGCCUAAUGUUCCUCGAUGCA,0.6830723340790456,1,"0.0,-2.36,-10.64,0,0,-189.15000000000003,0.15789473684210525,0,0.2631578947368421,0,0,0.0,-2.35,0.05555555555555555,0,1,0.05555555555555555,-2.36,0,0.05555555555555555,1,-1.33,0.05555555555555555,0",0.000,57.9,0.0000,-35.1200,-15.4600,-15.4600,0.0,,0,none,19,guide
AGCCACGUUGUAACACGGG,GCACAGUUCUCGAAGCCCGCCCGUGUUACAACGUGGCUCGCCUAAUGUUCCUCGAUG,0.5652498135719612,1,"1.63,-2.08,-10.48,0,0,-189.13,0.15789473684210525,0,0.3157894736842105,0,0,0.1111111111111111,-3.42,0.05555555555555555,0,0,0.05555555555555555,-3.26,0,0.05555555555555555,0,-2.24,0.05555555555555555,0",-2.300,57.9,1.6300,-36.6300,-15.6300,-15.6300,0.0,,0,none,19,guide
UGUGCAGUUGGGGUAGGCU,UCAAGAAGCAUUUUGAGGAAGCCUACCCCAACUGCACAGUUCUCGAAGCCCGCCCGU,0.5272184936614467,1,"-0.03,-2.11,-10.44,1,0,-194.18,0.3157894736842105,0,0.4736842105263158,0,0,0.2222222222222222,-2.24,0.05555555555555555,0,0,0.0,-2.08,0,0.1111111111111111,0,-2.24,0.05555555555555555,0",-0.400,57.9,-0.0300,-39.0500,-14.2000,-14.2000,0.0,,0,none,19,guide
CAAAAUGCUUCUUGAUCUU,CAAAUAUGCAGAGUCAGAAAAGAUCAAGAAGCAUUUUGAGGAAGCCUACCCCAACUG,0.4601043997017151,0,"-1.63,-2.11,-10.44,0,0,-167.30999999999997,0.42105263157894735,0,0.10526315789473684,0,0,0.0,-0.93,0.0,0,1,0.0,-0.93,0,0.05555555555555555,0,-2.11,0.16666666666666666,0",0.000,31.6,-1.6300,-26.8800,-9.4200,-9.4200,0.0,,0,none,19,guide
GCAUAUUUGGAGAUUCCAU,AAGCGGACCCUCUUCAUCAAUGGAAUCUCCAAAUAUGCAGAGUCAGAAAAGAUCAAG,0.586875466070097,1,"-2.32,-3.42,-14.88,0,1,-179.12,0.3684210526315789,0,0.21052631578947367,0,1,0.05555555555555555,-2.11,0.05555555555555555,0,0,0.05555555555555555,-1.1,0,0.05555555555555555,0,-1.1,0.16666666666666666,0",-2.200,36.8,-2.7700,-29.9800,-7.5000,-7.5000,0.0,,0,none,19,guide
GAUCAUCCUCCUUGUAGCG,UAGACACACCUCCAAGAUGCGCUACAAGGAGGAUGAUCUGGUGAAGCGGACCCUCUU,0.5913497390007457,1,"-0.44,-2.35,-12.44,0,1,-195.44,0.3157894736842105,0,0.21052631578947367,0,0,0.0,-1.1,0.05555555555555555,0,0,0.1111111111111111,-2.36,0,0.05555555555555555,0,-2.11,0.05555555555555555,0",0.000,52.6,0.0100,-35.2700,-12.2700,-12.2700,0.0,,0,none,19,guide
UGGAGGUGUGUCUACGCAU,GCUGCUCACCGUCUACAGCAUGCGUAGACACACCUCCAAGAUGCGCUACAAGGAGGA,0.5727069351230425,1,"-0.56,-2.11,-10.44,1,0,-191.52000000000004,0.3157894736842105,0,0.3684210526315789,0,0,0.1111111111111111,-3.26,0.05555555555555555,0,0,0.0,-1.1,0,0.05555555555555555,0,-1.33,0.0,0",-2.800,52.6,-1.0100,-36.3500,-15.3000,-15.3000,0.0,,0,none,19,guide
GACGGUGAGCAGCAGAUAC,ACACCUCCUUCGCCUUCCUGUAUCUGCUGCUCACCGUCUACAGCAUGCGUAGACACA,0.4876957494407159,0,"-0.11,-2.35,-12.44,0,1,-201.53,0.10526315789473684,0,0.3684210526315789,0,0,0.05555555555555555,-2.24,0.05555555555555555,0,0,0.0,-2.24,0,0.1111111111111111,0,-2.11,0.0,0",0.000,57.9,-0.1100,-37.4400,-14.5600,-14.5600,0.0,,0,none,19,guide
GUUGUUCCCUGAUUUCAAG,GGAGAACCACCAUUGCCAACUUGAAAUCAGGGAACAACCUGCUAUGGCUGCACACCU,0.5302013422818792,1,"-0.16,-2.24,-11.4,0,1,-179.04999999999995,0.42105263157894735,0,0.21052631578947367,0,0,0.0,-0.93,0.0,1,0,0.1111111111111111,-2.08,0,0.0,0,-0.93,0.2222222222222222,0",0.000,42.1,-0.1600,-30.7000,-11.8200,-11.8200,0.0,,0,none,19,guide
AUGGUGGUUCUCCCAAAGC,CUGGAGAACAAUGCCUACAGCUUUGGGAGAACCACCAUUGCCAACUUGAAAUCAGGG,0.5652498135719612,1,"2.32,-1.1,-9.38,0,0,-190.91,0.2631578947368421,0,0.2631578947368421,0,0,0.1111111111111111,-2.11,0.0,1,0,0.1111111111111111,-3.42,0,0.05555555555555555,0,-3.26,0.05555555555555555,0",-1.200,52.6,2.7700,-35.9300,-15.2200,-15.2200,0.0,,0,none,19,guide
GUUCUCCCAAAGCUGUAGG,GACCUGCUGGAGAACAAUGCCUACAGCUUUGGGAGAACCACCAUUGCCAACUUGAAA,0.610738255033557,1,"0.57,-2.24,-11.4,0,1,-190.07,0.2631578947368421,0,0.2631578947368421,0,0,0.05555555555555555,-0.93,0.05555555555555555,1,0,0.1111111111111111,-3.26,0,0.05555555555555555,0,-2.08,0.05555555555555555,0",0.000,52.6,1.0200,-35.4500,-14.2300,-14.2300,0.0,,0,none,19,guide
GCACGAUGCCUACGGAGAG,GCUGGUGGUUGUGGGCGUCCUCUCCGUAGGCAUCGUGCUGCCUGUCAACUUCUCAGG,0.5652498135719612,1,"-0.89,-3.42,-14.88,0,1,-203.72,0.10526315789473684,0,0.3684210526315789,0,1,0.05555555555555555,-2.11,0.05555555555555555,0,0,0.05555555555555555,-2.08,0,0.1111111111111111,0,-2.36,0.0,0",-0.400,63.2,-1.3400,-38.7100,-12.2700,-12.2700,0.0,,0,none,19,guide
CAGCAGCCCGAUGAUGUGC,ACUACCUGUCCUUUCAGCGGCACAUCAUCGGGCUGCUGGUGGUUGUGGGCGUCCUCU,0.5212527964205816,0,"0.86,-2.11,-10.44,0,0,-206.65,0.15789473684210525,0,0.3157894736842105,0,0,0.0,-2.08,0.0,0,1,0.1111111111111111,-3.42,0,0.16666666666666666,0,-2.35,0.0,0",-0.200,63.2,1.3100,-39.6000,-16.3700,-16.3700,0.0,,0,none,19,guide
AAGGACAGGUAGUGCACGG,GACAAAUGUGGGGGCGAUGCCGUGCACUACCUGUCCUUUCAGCGGCACAUCAUCGGG,0.6472781506338553,1,"2.33,-0.93,-6.82,0,0,-193.67,0.10526315789473684,0,0.42105263157894735,0,0,0.16666666666666666,-2.08,0.05555555555555555,0,0,0.0,-3.26,0,0.05555555555555555,0,-2.11,0.0,0",-0.900,57.9,2.7800,-37.6100,-14.1200,-14.1200,0.0,,0,none,19,guide
GUCCCGGAUCUCAUCAUCC,CAGCCAUCUUCAGGAUAAAGGAUGAUGAGAUCCGGGACAAAUGUGGGGGCGAUGCCG,0.6659209545115585,1,"0.57,-2.24,-11.4,0,1,-206.13,0.2631578947368421,0,0.15789473684210525,0,0,0.05555555555555555,-2.35,0.0,1,0,0.16666666666666666,-3.26,0,0.0,0,-1.1,0.0,0",-1.800,57.9,1.0200,-37.9500,-16.8400,-16.8400,0.0,,0,none,19,guide
CGGAUCUCAUCAUCCUUUA,CUGACAGCCAUCUUCAGGAUAAAGGAUGAUGAGAUCCGGGACAAAUGUGGGGGCGAU,0.1841909023117076,0,"-1.03,-2.36,-10.64,0,0,-183.59999999999997,0.3684210526315789,0,0.10526315789473684,0,0,0.05555555555555555,-3.26,0.05555555555555555,0,1,0.05555555555555555,-1.33,0,0.0,1,-2.35,0.1111111111111111,1",-2.900,42.1,-1.4800,-31.5600,-13.4900,-13.4900,0.0,,0,none,19,guide
UGUCCCUUUGGUCAAAGUC,CUCUGUCUCCAGCUCCGUUGACUUUGACCAAAGGGACAAUGGUUUCUUCCUGGCUGA,0.6674123788217748,1,"1.14,-2.11,-10.44,1,0,-183.92,0.3684210526315789,0,0.21052631578947367,0,0,0.05555555555555555,-2.24,0.0,0,0,0.1111111111111111,-2.35,0,0.0,0,-2.11,0.1111111111111111,0",-1.500,47.4,0.6900,-33.6200,-14.1200,-14.1200,0.0,,0,none,19,guide
UUGGUCAAAGUCAACGGAG,GUCUCACCUCUGUCUCCAGCUCCGUUGACUUUGACCAAAGGGACAAUGGUUUCUUCC,0.7352721849366145,1,"1.6,-0.93,-6.82,1,0,-181.17,0.21052631578947367,1,0.3157894736842105,0,0,0.1111111111111111,-2.11,0.0,1,0,0.0,-2.08,0,0.0,0,-0.93,0.05555555555555555,0",0.000,47.4,1.6000,-32.9200,-13.0000,-13.0000,0.0,,0,none,19,guide
AGUCAACGGAGCUGGAGAC,GUAUGAGCGUCUCACCUCUGUCUCCAGCUCCGUUGACUUUGACCAAAGGGACAAUGG,0.5182699478001491,0,"1.06,-2.08,-10.48,0,0,-198.55,0.10526315789473684,0,0.3684210526315789,0,0,0.1111111111111111,-2.24,0.0,0,0,0.0,-2.24,0,0.05555555555555555,0,-2.11,0.0,0",-1.400,57.9,0.6100,-37.6000,-12.2300,-12.2300,0.0,,0,none,19,guide
CUGGAGACAGAGGUGAGAC,AGCCAUGACCGGUAUGAGCGUCUCACCUCUGUCUCCAGCUCCGUUGACUUUGACCAA,0.6607009694258017,1,"0.16,-2.08,-10.48,0,0,-203.29,0.10526315789473684,0,0.42105263157894735,0,0,0.1111111111111111,-2.11,0.0,1,1,0.0,-2.24,0,0.0,0,-2.24,0.0,0",-2.200,57.9,0.1600,-37.9300,-14.3900,-14.3900,0.0,,0,none,19,guide
UGAGACGCUCAUACCGGUC,UAUGCACGGGGACAGCCAUGACCGGUAUGAGCGUCUCACCUCUGUCUCCAGCUCCGU,0.7382550335570469,1,"1.14,-2.11,-10.44,1,0,-198.48,0.21052631578947367,0,0.2631578947368421,0,0,0.05555555555555555,-2.35,0.05555555555555555,0,0,0.05555555555555555,-2.35,0,0.05555555555555555,0,-2.24,0.0,0",-1.300,57.9,0.6900,-37.3000,-14.8000,-14.8000,0.0,,0,none,19,guide
UCAUACCGGUCAUGGCUGU,GCUUCAGCUAUGCACGGGGACAGCCAUGACCGGUAUGAGCGUCUCACCUCUGUCUCC,0.4205816554809843,0,"-0.11,-2.35,-12.44,1,0,-192.41000000000003,0.3157894736842105,0,0.2631578947368421,0,0,0.1111111111111111,-2.11,0.05555555555555555,0,0,0.05555555555555555,-2.24,0,0.05555555555555555,0,-2.11,0.0,0",-1.600,52.6,-0.1100,-36.5400,-12.4000,-12.4000,0.0,,0,none,19,guide
GGCUGUCCCCGUGCAUAGC,XXAGGAAUAUGUGGCUUCAGCUAUGCACGGGGACAGCCAUGACCGGUAUGAGCGUCU,0.5458612975391499,1,"0.16,-3.26,-13.39,0,1,-209.82,0.21052631578947367,0,0.3157894736842105,1,0,0.05555555555555555,-3.42,0.05555555555555555,0,0,0.16666666666666666,-3.42,0,0.16666666666666666,0,-3.42,0.0,0",-2.500,68.4,0.1600,-42.0200,-15.4600,-15.4600,0.0,,0,none,19,guide
GGAAGUCUGUGUCCGUGAG,GCUGAUGCCACCCGACGCCCUCACGGACACAGACUUCCAGUCXXXXXXXXXXXXXXX,0.4601043997017151,0,"-0.73,-3.26,-13.39,0,1,-198.75,0.2631578947368421,0,0.42105263157894735,1,0,0.05555555555555555,-2.35,0.0,0,0,0.05555555555555555,-2.08,0,0.0,0,-3.26,0.0,0",-2.200,57.9,-1.1800,-37.1500,-12.0300,-12.0300,0.0,,0,none,19,guide
GUGAGGGCGUCGGGUGGCA,CAAGAUGAGGAGUUGCUGAUGCCACCCGACGCCCUCACGGACACAGACUUCCAGUCX,0.0947054436987323,0,"-1.03,-2.24,-11.4,0,1,-211.54,0.15789473684210525,0,0.5789473684210527,0,0,0.2777777777777778,-2.11,0.0,1,0,0.0,-2.11,0,0.1111111111111111,0,-3.26,0.0,1",-1.700,73.7,-0.5800,-43.7500,-16.4800,-16.4800,0.0,,0,none,19,guide
CGUCGGGUGGCAUCAGCAA,CUCAUCCCAAGAUGAGGAGUUGCUGAUGCCACCCGACGCCCUCACGGACACAGACUU,0.2960477255779269,0,"-1.43,-2.36,-10.64,0,0,-200.0,0.15789473684210525,0,0.3684210526315789,0,0,0.16666666666666666,-2.24,0.0,0,1,0.0,-0.93,0,0.1111111111111111,1,-2.35,0.0,1",-1.400,63.2,-1.8800,-38.9300,-15.7100,-15.7100,0.0,,0,none,19,guide
AACUCCUCAUCUUGGGAUG,GAUGAGCCCCCAUCAUCCUCAUCCCAAGAUGAGGAGUUGCUGAUGCCACCCGACGCC,0.395227442207308,0,"1.63,-0.93,-6.82,0,0,-189.16,0.3157894736842105,0,0.21052631578947367,0,0,0.1111111111111111,-2.24,0.0,0,0,0.05555555555555555,-2.11,0,0.0,0,-2.11,0.05555555555555555,0",-2.700,47.4,1.6300,-33.9100,-14.3600,-14.3600,0.0,,0,none,19,guide
AUCCCCUGAGCUCCCAGGA,ACGGGGAUGGGGAUGGGGCUCCUGGGAGCUCAGGGGAUGAGCCCCCAUCAUCCUCAU,0.3877703206562267,0,"0.8,-1.1,-9.38,0,0,-206.11,0.15789473684210525,0,0.21052631578947367,0,0,0.05555555555555555,-2.35,0.0,1,0,0.2777777777777778,-2.35,0,0.05555555555555555,0,-3.26,0.0,1",-5.100,63.2,1.2500,-41.3800,-16.3200,-16.3200,0.0,,0,none,19,guide
GUCCUGCAGCACCUGAGCG,CCAAAUCUGCGAAAUACAUCGCUCAGGUGCUGCAGGACUCAGAGGUGGACGGGGAUG,0.3445190156599553,0,"-0.33,-2.24,-11.4,0,1,-209.80999999999997,0.15789473684210525,0,0.3157894736842105,0,0,0.0,-2.35,0.0,1,0,0.1111111111111111,-2.36,0,0.16666666666666666,0,-2.08,0.0,0",-0.900,68.4,0.1200,-41.2900,-15.3300,-15.3300,0.0,,0,none,19,guide
CCUGAGCGAUGUAUUUCGC,UGCUGCUGUCCCCAAAUCUGCGAAAUACAUCGCUCAGGUGCUGCAGGACUCAGAGGU,0.2997762863534676,0,"0.16,-3.26,-13.39,0,0,-191.47,0.3157894736842105,0,0.2631578947368421,0,0,0.0,-2.08,0.05555555555555555,0,1,0.05555555555555555,-3.42,1,0.1111111111111111,0,-1.1,0.1111111111111111,0",-4.200,52.6,0.1600,-34.0900,-14.4000,-14.4000,0.0,,0,none,19,guide
AGCGAUGUAUUUCGCAGAU,CUGCUGCUGCUGUCCCCAAAUCUGCGAAAUACAUCGCUCAGGUGCUGCAGGACUCAG,0.3765846383296047,0,"-0.53,-2.08,-10.48,0,0,-180.01999999999995,0.3157894736842105,0,0.2631578947368421,0,0,0.0,-3.42,0.05555555555555555,0,0,0.0,-1.1,0,0.1111111111111111,0,-2.36,0.1111111111111111,0",-5.500,42.1,-0.9800,-31.0800,-13.5800,-13.5800,0.0,,0,none,19,guide
UUCUGGGGUCCACAGUAUC,GAUUGAGCACACGGAGACAGAUACUGUGGACCCCAGAAGCAAUGGACGGCCCCCCAC,0.5503355704697986,1,"1.87,-0.93,-6.82,1,0,-193.92,0.3157894736842105,1,0.2631578947368421,0,0,0.16666666666666666,-2.35,0.05555555555555555,1,0,0.05555555555555555,-2.35,0,0.0,0,-2.11,0.05555555555555555,0",-1.400,52.6,1.8700,-36.7200,-16.3200,-16.3200,0.0,,0,none,19,guide
AGUUGUGGGCACUGAGGUA,CUGCUUUGGACACUUCAAAUACCUCAGUGCCCACAACUACAAGAUUGAGCACACGGA,0.3825503355704698,0,"-0.3,-2.08,-10.48,0,0,-189.75,0.2631578947368421,0,0.42105263157894735,0,0,0.16666666666666666,-2.24,0.05555555555555555,0,0,0.0,-1.33,0,0.05555555555555555,0,-2.11,0.05555555555555555,1",0.000,52.6,-0.7500,-36.9600,-12.8900,-12.8900,0.0,,0,none,19,guide
UGACGAUGGUGAUGACCAG,UAUGUUCACAUUUGUGGUCCUGGUCAUCACCAUCGUCAUCUGUCUCUGCCACGUCUG,0.4996271439224459,0,"0.87,-2.11,-10.44,1,0,-195.49,0.21052631578947367,0,0.3684210526315789,0,0,0.05555555555555555,-2.35,0.0,0,0,0.05555555555555555,-2.08,0,0.0,0,-2.11,0.0,0",-3.800,52.6,0.4200,-35.5400,-12.5100,-12.5100,0.0,,0,none,19,guide
CGUGCGCAUGGUGGAAAAG,GCCUCUUCUGGCUGCUCUUCUUUUCCACCAUGCGCACGGGGUUCCUAGCUCCCACGU,0,0,"0.17,-2.36,-10.64,0,0,-191.52999999999997,0.15789473684210525,0,0.42105263157894735,0,0,0.1111111111111111,-2.24,0.0,0,1,0.0,-2.08,0,0.1111111111111111,1,-3.26,0.0,0",-0.200,57.9,-0.2800,-35.7300,-15.6600,-15.6600,0.0,,0,none,19,guide
GCGCAUGGUGGAAAAGAAG,UCUGCCUCUUCUGGCUGCUCUUCUUUUCCACCAUGCGCACGGGGUUCCUAGCUCCCA,0.2960477255779269,0,"-0.89,-3.42,-14.88,0,1,-188.79,0.10526315789473684,0,0.42105263157894735,0,1,0.1111111111111111,-2.36,0.0,0,0,0.0,-2.08,0,0.1111111111111111,0,-0.93,0.0,0",0.000,52.6,-1.3400,-34.3800,-14.3600,-14.3600,0.0,,0,none,19,guide
GAGGAUGGGCGCGGCCACC,CGGGGGCUGUGAACCAGGUGGUGGCCGCGCCCAUCCUCUGCCUCUUCUGGCUGCUCU,0.3683818046234153,0,"0.46,-2.35,-12.44,0,1,-219.67,0.05263157894736842,0,0.4736842105263158,0,0,0.2222222222222222,-2.08,0.0,0,0,0.1111111111111111,-3.26,0,0.16666666666666666,0,-3.26,0.0,0",-4.100,78.9,0.9100,-45.0900,-14.1600,-14.1600,0.0,,0,none,19,guide
GGAUGGGCGCGGCCACCAC,CUCGGGGGCUGUGAACCAGGUGGUGGCCGCGCCCAUCCUCUGCCUCUUCUGGCUGCU,0.3452647278150634,0,"-0.57,-3.26,-13.39,0,1,-218.59,0.05263157894736842,0,0.42105263157894735,1,0,0.2222222222222222,-2.35,0.0,0,0,0.1111111111111111,-2.24,0,0.16666666666666666,0,-3.26,0.0,0",-5.600,78.9,-1.0200,-45.2100,-15.5000,-15.5000,0.0,,0,none,19,guide
GGCGCGGCCACCACCUGGU,AUCCACUCGGGGGCUGUGAACCAGGUGGUGGCCGCGCCCAUCCUCUGCCUCUUCUGG,0.4295302013422818,0,"-1.47,-3.26,-13.39,0,1,-214.93000000000004,0.10526315789473684,0,0.3684210526315789,1,0,0.16666666666666666,-3.42,0.0,0,0,0.16666666666666666,-2.24,0,0.16666666666666666,0,-2.24,0.0,0",-4.200,78.9,-1.4700,-45.5300,-18.2400,-18.2400,0.0,,0,none,19,guide
GCAGGUAGGCGUAGUAGAG,CCUGGUAGACAGGUACAAUCUCUACUACGCCUACCUGCCGGCCAAGCUGGACAAGAA,0.4205816554809843,0,"-0.89,-3.42,-14.88,0,1,-196.12,0.15789473684210525,0,0.4736842105263158,0,1,0.1111111111111111,-2.11,0.16666666666666666,0,0,0.0,-2.08,0,0.1111111111111111,0,-2.08,0.0,0",-1.100,57.9,-1.3400,-37.5000,-13.1000,-13.1000,0.0,,0,none,19,guide
ACGAUGAUGGGGCAGGUGA,GUGGUCAUGACCUACAGUAUCACCUGCCCCAUCAUCGUGCCCUUCGGGCUCAUGUAC,0.5443698732289336,1,"0.11,-2.24,-11.4,0,0,-199.15,0.15789473684210525,0,0.4736842105263158,0,0,0.2222222222222222,-2.36,0.0,0,0,0.0,-2.35,0,0.05555555555555555,0,-2.11,0.0,1",0.000,57.9,0.1100,-38.5800,-11.3700,-11.3700,0.0,,0,none,19,guide
GGUGAUACUGUAGGUCAUG,UGUGCGUCUUCACGGUGGUCAUGACCUACAGUAUCACCUGCCCCAUCAUCGUGCCCU,0.4392244593586875,0,"-0.7,-3.26,-13.39,0,1,-190.51,0.3157894736842105,0,0.3684210526315789,1,0,0.1111111111111111,-2.24,0.1111111111111111,0,0,0.0,-2.11,0,0.0,0,-3.26,0.0,0",-2.200,47.4,-1.1500,-33.8500,-11.3700,-11.3700,0.0,,0,none,19,guide
GUGAUACUGUAGGUCAUGA,AUGUGCGUCUUCACGGUGGUCAUGACCUACAGUAUCACCUGCCCCAUCAUCGUGCCC,0.4489187173750932,0,"-0.79,-2.24,-11.4,0,1,-185.84,0.3157894736842105,0,0.3157894736842105,0,0,0.05555555555555555,-2.11,0.1111111111111111,1,0,0.0,-2.35,0,0.0,0,-2.24,0.0,1",-2.100,42.1,-0.3400,-32.5900,-11.2100,-11.2100,0.0,,0,none,19,guide
ACAUCAUCCAGGCGUAGGC,CGAGUUCCAGUUUGGCGCAGCCUACGCCUGGAUGAUGUGCGUCUUCACGGUGGUCAU,0.5391498881431768,1,"1.63,-2.24,-11.4,0,0,-199.65,0.15789473684210525,0,0.2631578947368421,0,0,0.1111111111111111,-2.11,0.05555555555555555,0,0,0.05555555555555555,-3.42,0,0.1111111111111111,0,-2.36,0.0,0",-0.200,57.9,1.6300,-38.2400,-11.1200,-11.1200,0.0,,0,none,19,guide
CCGCUUCACGUUGCGCCUC,UGGCGCGCUCGGCCGCCGAGAGGCGCAACGUGAAGCGGCAUCAGGCCUACGAGUUCC,0.4436987322893363,0,"-0.46,-3.26,-13.39,0,0,-202.89,0.2631578947368421,0,0.21052631578947367,0,0,0.0,-2.36,0.0,0,1,0.1111111111111111,-2.35,1,0.16666666666666666,0,-3.42,0.1111111111111111,0",-3.100,68.4,-0.9100,-39.6900,-13.2500,-13.2500,0.0,,0,none,19,guide
CGCUUCACGUUGCGCCUCU,CUGGCGCGCUCGGCCGCCGAGAGGCGCAACGUGAAGCGGCAUCAGGCCUACGAGUUC,0.2662192393736017,0,"-0.73,-2.36,-10.64,0,0,-196.25999999999996,0.3157894736842105,0,0.21052631578947367,0,0,0.0,-3.42,0.0,0,1,0.05555555555555555,-2.08,0,0.16666666666666666,1,-2.36,0.1111111111111111,0",-2.800,63.2,-0.7300,-38.1600,-13.1300,-13.1300,0.0,,0,none,19,guide
ACGUUGCGCCUCUCGGCGG,CUCUGCCUGGCGCGCUCGGCCGCCGAGAGGCGCAACGUGAAGCGGCAUCAGGCCUAC,0.1625652498135719,0,"1.47,-2.24,-11.4,0,0,-205.93999999999997,0.21052631578947367,0,0.3684210526315789,0,0,0.1111111111111111,-2.36,0.0,0,0,0.05555555555555555,-3.26,0,0.16666666666666666,0,-2.35,0.05555555555555555,0",-6.300,73.7,1.4700,-41.9200,-13.4200,-13.4200,0.0,,0,none,19,guide
GCAGAGCCGGAUCAUGUAC,GCAUCCCAGGCCUGCUCAUGUACAUGAUCCGGCUCUGCCUGGCGCGCUCGGCCGCCG,0.3489932885906041,0,"-0.73,-3.42,-14.88,0,1,-202.42,0.15789473684210525,0,0.3157894736842105,0,1,0.05555555555555555,-2.11,0.05555555555555555,0,0,0.05555555555555555,-2.24,0,0.1111111111111111,0,-2.11,0.0,0",-1.300,57.9,-1.1800,-37.4800,-15.3000,-15.3000,0.0,,0,none,19,guide
GAUCAUGUACAUGAGCAGG,ACCUGCUGCGCAUCCCAGGCCUGCUCAUGUACAUGAUCCGGCUCUGCCUGGCGCGCU,0.5451155853840417,1,"0.46,-2.35,-12.44,0,1,-193.77,0.21052631578947367,0,0.3157894736842105,0,0,0.05555555555555555,-1.1,0.05555555555555555,0,0,0.0,-3.26,0,0.05555555555555555,0,-2.35,0.0,0",-0.800,47.4,0.9100,-33.9600,-11.0100,-11.0100,0.0,,0,none,19,guide
AUGUACAUGAGCAGGCCUG,AUGGACCUGCUGCGCAUCCCAGGCCUGCUCAUGUACAUGAUCCGGCUCUGCCUGGCG,0.5376584638329605,1,"1.46,-1.1,-9.38,0,0,-194.54,0.21052631578947367,0,0.3157894736842105,0,0,0.05555555555555555,-2.11,0.05555555555555555,1,0,0.05555555555555555,-2.11,0,0.1111111111111111,0,-2.08,0.0,0",0.000,52.6,1.4600,-36.3700,-11.1300,-11.1300,0.0,,0,none,19,guide
UGAGCAGGCCUGGGAUGCG,CAACGCCAUGGACCUGCUGCGCAUCCCAGGCCUGCUCAUGUACAUGAUCCGGCUCUG,0.5585384041759881,1,"0.7,-2.11,-10.44,1,0,-208.97,0.15789473684210525,0,0.4736842105263158,0,0,0.16666666666666666,-2.35,0.0,0,0,0.05555555555555555,-2.36,0,0.16666666666666666,0,-3.26,0.0,0",-1.700,68.4,0.7000,-42.0500,-15.3000,-15.3000,0.0,,0,none,19,guide
GCAGCAGGUCCAUGGCGUU,UGCCUCAGCCUUUAUCGGCAACGCCAUGGACCUGCUGCGCAUCCCAGGCCUGCUCAU,0.2028337061894109,0,"-2.49,-3.42,-14.88,0,1,-202.28,0.21052631578947367,0,0.3684210526315789,0,1,0.1111111111111111,-2.11,0.0,0,0,0.05555555555555555,-0.93,0,0.16666666666666666,0,-2.11,0.05555555555555555,0",-0.300,63.2,-2.9400,-39.7700,-15.0600,-15.0600,0.0,,0,none,19,guide
CCAUGGCGUUGCCGAUAAA,CUACGUCAUUGCCUCAGCCUUUAUCGGCAACGCCAUGGACCUGCUGCGCAUCCCAGG,0.273676360924683,0,"-2.33,-3.26,-13.39,0,0,-185.95,0.21052631578947367,0,0.2631578947368421,0,0,0.05555555555555555,-2.11,0.05555555555555555,0,1,0.1111111111111111,-0.93,1,0.1111111111111111,0,-2.36,0.05555555555555555,1",-2.800,52.6,-2.7800,-34.4900,-14.3600,-14.3600,0.0,,0,none,19,guide
ACCAUGAAGAUGAGGAAAG,ACCAUGCACAAGUGCUACACUUUCCUCAUCUUCAUGGUGCUGCUCCUACCCUCGCUG,0.5421327367636093,1,"0.74,-2.24,-11.4,0,0,-182.58999999999997,0.10526315789473684,0,0.3157894736842105,0,0,0.05555555555555555,-3.26,0.0,0,0,0.05555555555555555,-2.08,0,0.0,0,-2.08,0.0,0",-0.600,42.1,0.2900,-31.7800,-11.8600,-11.8600,0.0,,0,none,19,guide
CUUGUGCAUGGUUGUCCUG,GGACACGCUCUGGGGAGAACAGGACAACCAUGCACAAGUGCUACACUUUCCUCAUCU,0.4586129753914988,0,"0.03,-2.08,-10.48,0,0,-191.31,0.42105263157894735,0,0.3157894736842105,0,0,0.05555555555555555,-0.93,0.0,1,1,0.05555555555555555,-2.11,0,0.05555555555555555,0,-2.11,0.1111111111111111,0",-0.500,52.6,0.0300,-35.2000,-12.9200,-12.9200,0.0,,0,none,19,guide
AUGGUUGUCCUGUUCUCCC,GCCCACUGGACACGCUCUGGGGAGAACAGGACAACCAUGCACAAGUGCUACACUUUC,0.4914243102162565,0,"2.16,-1.1,-9.38,0,0,-193.04999999999995,0.42105263157894735,0,0.21052631578947367,0,0,0.05555555555555555,-2.11,0.0,1,0,0.16666666666666666,-3.26,0,0.0,0,-0.93,0.1111111111111111,0",-0.500,52.6,2.6100,-36.3200,-12.8900,-12.8900,0.0,,0,none,19,guide
UUGUCCUGUUCUCCCCAGA,UGAAGCCCACUGGACACGCUCUGGGGAGAACAGGACAACCAUGCACAAGUGCUACAC,0.5070842654735273,0,"0.97,-0.93,-6.82,1,0,-191.47,0.3684210526315789,1,0.15789473684210525,0,0,0.0,-2.11,0.0,1,0,0.2222222222222222,-2.35,0,0.0,0,-3.26,0.1111111111111111,1",-0.700,52.6,1.4200,-36.5600,-14.1500,-14.1500,0.0,,0,none,19,guide
CCUGUUCUCCCCAGAGCGU,UCUUUGAAGCCCACUGGACACGCUCUGGGGAGAACAGGACAACCAUGCACAAGUGCU,0.3601789709172259,0,"-1.47,-3.26,-13.39,0,0,-201.49,0.2631578947368421,0,0.21052631578947367,0,0,0.0,-2.08,0.0,0,1,0.2222222222222222,-2.24,1,0.05555555555555555,0,-2.08,0.05555555555555555,0",-3.800,63.2,-1.4700,-39.7300,-11.7900,-11.7900,0.0,,0,none,19,guide
AGCACCACAGCAGCAGGGU,CAUCACCCAGUUCUUCCCCACCCUGCUGCUGUGGUGCUUCUCGGCCCUCCUUCCCAC,0.436241610738255,0,"0.16,-2.08,-10.48,0,0,-202.08,0.05263157894736842,0,0.3157894736842105,0,0,0.1111111111111111,-3.42,0.0,0,0,0.05555555555555555,-2.24,0,0.16666666666666666,0,-3.42,0.0,0",-1.000,63.2,0.1600,-40.8400,-15.3800,-15.3800,0.0,,0,none,19,guide
AGAACUGGGUGAUGAUGGG,UGUGGAGUACCUCAACAACCCCAUCAUCACCCAGUUCUUCCCCACCCUGCUGCUGUG,0.5123042505592842,0,"1.63,-2.08,-10.48,0,0,-194.65,0.21052631578947367,0,0.4736842105263158,0,0,0.2222222222222222,-2.35,0.0,0,0,0.0,-3.26,0,0.0,0,-2.11,0.0,0",0.000,52.6,1.6300,-36.0100,-12.9700,-12.9700,0.0,,0,none,19,guide
AACUUGUCCAUGGUGGUGA,ACCACUCCAGCCAUCAUCAUCACCACCAUGGACAAGUUCAACGUCACCAAGCCUGUG,0.5048471290082028,0,"0.97,-0.93,-6.82,0,0,-185.3,0.3157894736842105,0,0.3157894736842105,0,0,0.1111111111111111,-2.24,0.0,0,0,0.05555555555555555,-2.35,0,0.0,0,-2.24,0.05555555555555555,1",-0.500,47.4,1.4200,-34.3900,-11.9500,-11.9500,0.0,,0,none,19,guide
GUGGUGAUGAUGAUGGCUG,CUCUUCUUCCUCACCACUCCAGCCAUCAUCAUCACCACCAUGGACAAGUUCAACGUC,0.5540641312453393,1,"-0.13,-2.24,-11.4,0,1,-199.43,0.3157894736842105,0,0.4736842105263158,0,0,0.1111111111111111,-2.11,0.0,1,0,0.0,-2.11,0,0.05555555555555555,0,-1.1,0.0,0",-2.600,52.6,-0.1300,-35.7200,-13.1700,-13.1700,0.0,,0,none,19,guide
AAGAAGAGGAGGAUGAAGA,CUGGUCAUCAAUGUCGUCCUCUUCAUCCUCCUCUUCUUCCUCACCACUCCAGCCAUC,0.4354958985831468,0,"0.97,-0.93,-6.82,0,0,-183.05,0.05263157894736842,0,0.42105263157894735,0,0,0.1111111111111111,-2.08,0.0,0,0,0.0,-2.35,0,0.0,0,-1.1,0.0,1",0.000,42.1,1.4200,-32.2300,-11.8700,-11.8700,0.0,,0,none,19,guide
UGAAGAGGACGACAUUGAU,GUGGCUGCGCUGCCUGGUCAUCAAUGUCGUCCUCUUCAUCCUCCUCUUCUUCCUCAC,0.3668903803131991,0,"-0.56,-2.11,-10.44,1,0,-182.66,0.21052631578947367,0,0.3157894736842105,0,0,0.05555555555555555,-2.35,0.0,0,0,0.0,-1.1,0,0.0,0,-2.11,0.05555555555555555,0",0.000,42.1,-1.0100,-31.6100,-13.0500,-13.0500,0.0,,0,none,19,guide
GACGACAUUGAUGACCAGG,UCAUCUGGUGGCUGCGCUGCCUGGUCAUCAAUGUCGUCCUCUUCAUCCUCCUCUUCU,0.4504101416853094,0,"0.46,-2.35,-12.44,0,1,-195.59,0.15789473684210525,0,0.3157894736842105,0,0,0.05555555555555555,-2.24,0.0,0,0,0.05555555555555555,-3.26,0,0.0,0,-2.35,0.05555555555555555,0",0.000,52.6,0.9100,-35.0600,-12.4000,-12.4000,0.0,,0,none,19,guide
UGAUGACCAGGCAGCGCAG,CCGAGGCUUCAUCUGGUGGCUGCGCUGCCUGGUCAUCAAUGUCGUCCUCUUCAUCCU,0.4929157345264728,0,"0.87,-2.11,-10.44,1,0,-204.02999999999997,0.10526315789473684,0,0.3684210526315789,0,0,0.05555555555555555,-2.35,0.0,0,0,0.05555555555555555,-2.08,0,0.16666666666666666,0,-2.08,0.0,0",0.000,63.2,0.4200,-40.0300,-13.4100,-13.4100,0.0,,0,none,19,guide
GCAGCGCAGCCACCAGAUG,ACCUCUCCAUCCGAGGCUUCAUCUGGUGGCUGCGCUGCCUGGUCAUCAAUGUCGUCC,0.2184936614466815,0,"-0.86,-3.42,-14.88,0,1,-210.19,0.05263157894736842,0,0.3157894736842105,0,1,0.0,-2.11,0.0,0,0,0.1111111111111111,-2.11,0,0.2222222222222222,0,-3.26,0.0,0",-0.300,68.4,-1.3100,-41.2500,-15.5000,-15.5000,0.0,,0,none,19,guide
CACCAGAUGAAGCCUCGGA,UACUGGGAGCACCUCUCCAUCCGAGGCUUCAUCUGGUGGCUGCGCUGCCUGGUCAUC,0.2177479492915734,0,"-0.66,-2.11,-10.44,0,0,-198.48,0.10526315789473684,0,0.2631578947368421,0,0,0.05555555555555555,-2.24,0.0,0,1,0.1111111111111111,-2.35,0,0.05555555555555555,0,-3.26,0.0,1",-0.300,57.9,-0.2100,-37.8600,-13.1400,-13.1400,0.0,,0,none,19,guide
UGUGCAGGGACUCGCUGCA,GGAGCCACGCCCCUCAUCCUGCAGCGAGUCCCUGCACAUCUCCAACUGGACCGUGUC,0.1931394481730052,0,"0.0,-2.11,-10.44,1,0,-202.33,0.21052631578947367,0,0.3684210526315789,0,0,0.1111111111111111,-2.24,0.0,0,0,0.0,-2.11,0,0.16666666666666666,0,-2.36,0.0,1",-6.200,63.2,0.0000,-40.3200,-15.2200,-15.2200,0.0,,0,none,19,guide
CAGCCCUGGCAUUUACACA,AUCCUGAAGGACUUCAACGUGUGUAAAUGCCAGGGCUGCACCUGCCGUGGGGAGCCA,0.4981357196122297,0,"-0.9,-2.11,-10.44,0,0,-189.27,0.21052631578947367,0,0.15789473684210525,0,0,0.05555555555555555,-2.08,0.05555555555555555,0,1,0.1111111111111111,-2.11,0,0.1111111111111111,0,-0.93,0.1111111111111111,1",-0.300,52.6,-0.4500,-35.9600,-16.2100,-16.2100,0.0,,0,none,19,guide
GCCCUGGCAUUUACACACG,UCAUCCUGAAGGACUUCAACGUGUGUAAAUGCCAGGGCUGCACCUGCCGUGGGGAGC,0.3885160328113348,0,"-1.06,-3.42,-14.88,0,1,-194.11,0.21052631578947367,0,0.21052631578947367,0,1,0.05555555555555555,-3.26,0.05555555555555555,0,0,0.1111111111111111,-2.36,0,0.1111111111111111,0,-2.24,0.1111111111111111,0",-0.500,57.9,-1.0600,-36.9200,-17.3900,-17.3900,0.0,,0,none,19,guide
UGUGGAAGGUGACAAAGGC,UGAGAAGCCUCUUGGCAUGGCCUUUGUCACCUUCCACAAUGAGACUAUCACCGCCAU,0.540641312453393,1,"1.76,-2.11,-10.44,1,0,-189.98,0.15789473684210525,0,0.42105263157894735,0,0,0.16666666666666666,-2.24,0.0,0,0,0.0,-3.42,0,0.05555555555555555,0,-2.11,0.0,0",-0.600,52.6,1.7600,-36.0700,-12.9700,-12.9700,0.0,,0,none,19,guide
CCAAGAGGCUUCUCAUUCA,AAGCGGGAGAAGGAGAAGGUGAAUGAGAAGCCUCUUGGCAUGGCCUUUGUCACCUUC,0.2945563012677107,0,"-1.6,-3.26,-13.39,0,0,-187.17,0.2631578947368421,0,0.15789473684210525,0,0,0.05555555555555555,-2.11,0.0,0,1,0.05555555555555555,-2.11,1,0.05555555555555555,0,-2.35,0.1111111111111111,1",-1.900,47.4,-1.6000,-33.7400,-12.8100,-12.8100,0.0,,0,none,19,guide
CAAGAGGCUUCUCAUUCAC,CAAGCGGGAGAAGGAGAAGGUGAAUGAGAAGCCUCUUGGCAUGGCCUUUGUCACCUU,0.5167785234899328,0,"0.13,-2.11,-10.44,0,0,-188.9,0.2631578947368421,0,0.15789473684210525,0,0,0.05555555555555555,-0.93,0.0,0,1,0.0,-2.24,0,0.05555555555555555,0,-2.11,0.1111111111111111,0",-1.900,47.4,0.1300,-33.4700,-14.1200,-14.1200,0.0,,0,none,19,guide
UCCUUCUCCCGCUUGUAGU,GAGCAGAAGCUGAAGGAAGACUACAAGCGGGAGAAGGAGAAGGUGAAUGAGAAGCCU,0.5369127516778524,1,"-0.11,-2.35,-12.44,1,0,-188.45,0.42105263157894735,0,0.15789473684210525,0,0,0.0,-3.26,0.05555555555555555,0,0,0.16666666666666666,-2.24,0,0.05555555555555555,0,-0.93,0.1111111111111111,0",0.000,52.6,-0.1100,-36.2200,-13.0500,-13.0500,0.0,,0,none,19,guide
CUCCAGCUUUGUGUAGUAC,AGCAGGUGGAGGCCAUUGAGUACUACACAAAGCUGGAGCAGAAGCUGAAGGAAGACU,0.4354958985831468,0,"0.16,-2.08,-10.48,0,0,-184.96,0.3684210526315789,0,0.21052631578947367,0,0,0.0,-2.35,0.1111111111111111,1,1,0.05555555555555555,-2.24,0,0.05555555555555555,0,-2.24,0.1111111111111111,0",-0.600,47.4,0.1600,-33.5700,-15.3000,-15.3000,0.0,,0,none,19,guide
GGGGUUGAUCAUGGUAGGC,UCCAGAGCAAGGAGAACGUGCCUACCAUGAUCAACCCCAAGCCCUGUGGCCACCUCU,0.2953020134228188,0,"0.16,-3.26,-13.39,0,1,-200.97,0.2631578947368421,0,0.4736842105263158,1,0,0.2777777777777778,-3.26,0.05555555555555555,0,0,0.0,-3.42,0,0.05555555555555555,0,-3.26,0.05555555555555555,0",0.000,57.9,0.1600,-38.1800,-14.1500,-14.1500,0.0,,0,none,19,guide
UGGUAGGCACGUUCUCCUU,CUUCACAAACCUCCAGAGCAAGGAGAACGUGCCUACCAUGAUCAACCCCAAGCCCUG,0.5234899328859061,1,"-0.73,-2.11,-10.44,1,0,-187.37,0.3684210526315789,0,0.2631578947368421,0,0,0.1111111111111111,-3.26,0.05555555555555555,0,0,0.05555555555555555,-0.93,0,0.05555555555555555,0,-2.35,0.1111111111111111,0",-1.200,52.6,-1.1800,-35.8400,-15.5900,-15.5900,0.0,,0,none,19,guide
GGGUAGGCUUCCUCAAAAU,UCAGAAAAGAUCAAGAAGCAUUUUGAGGAAGCCUACCCCAACUGCACAGUUCUCGAA,0.2073079791200597,0,"-2.16,-3.26,-13.39,0,1,-183.62,0.2631578947368421,0,0.2631578947368421,1,0,0.16666666666666666,-3.26,0.05555555555555555,0,0,0.05555555555555555,-1.1,0,0.05555555555555555,0,-2.35,0.05555555555555555,0",-1.600,47.4,-2.6100,-33.6100,-15.5900,-15.5900,0.0,,0,none,19,guide
GUAGGCUUCCUCAAAAUGC,AGUCAGAAAAGAUCAAGAAGCAUUUUGAGGAAGCCUACCCCAACUGCACAGUUCUCG,0.651006711409396,1,"0.73,-2.24,-11.4,0,1,-185.88,0.2631578947368421,0,0.21052631578947367,0,0,0.05555555555555555,-1.33,0.05555555555555555,1,0,0.05555555555555555,-3.42,0,0.1111111111111111,0,-0.93,0.05555555555555555,0",-0.300,47.4,1.1800,-33.3200,-13.1000,-13.1000,0.0,,0,none,19,guide
GAUUCCAUUGAUGAAGAGG,AUGAUCUGGUGAAGCGGACCCUCUUCAUCAAUGGAAUCUCCAAAUAUGCAGAGUCAG,0.5510812826249067,1,"0.46,-2.35,-12.44,0,1,-186.24999999999997,0.2631578947368421,0,0.3157894736842105,0,0,0.05555555555555555,-1.1,0.0,0,0,0.05555555555555555,-3.26,0,0.0,0,-2.35,0.1111111111111111,0",0.000,42.1,0.9100,-31.0600,-10.8500,-10.8500,0.0,,0,none,19,guide
CCGCUUCACCAGAUCAUCC,CCAAGAUGCGCUACAAGGAGGAUGAUCUGGUGAAGCGGACCCUCUUCAUCAAUGGAA,0.476510067114094,0,"0.0,-3.26,-13.39,0,0,-201.1,0.21052631578947367,0,0.10526315789473684,0,0,0.0,-2.36,0.0,0,1,0.16666666666666666,-3.26,1,0.05555555555555555,0,-1.1,0.05555555555555555,0",0.000,57.9,0.0000,-37.4300,-13.2500,-13.2500,0.0,,0,none,19,guide
UUCACCAGAUCAUCCUCCU,ACCUCCAAGAUGCGCUACAAGGAGGAUGAUCUGGUGAAGCGGACCCUCUUCAUCAAU,0.5771812080536913,1,"0.7,-0.93,-6.82,1,0,-191.06,0.3157894736842105,1,0.05263157894736842,0,0,0.0,-2.35,0.0,1,0,0.16666666666666666,-2.08,0,0.0,0,-2.35,0.05555555555555555,0",0.000,47.4,1.1500,-34.9800,-14.1500,-14.1500,0.0,,0,none,19,guide
GAGCAGCAGAUACAGGAAG,GGCUGCACACCUCCUUCGCCUUCCUGUAUCUGCUGCUCACCGUCUACAGCAUGCGUA,0.5652498135719612,1,"-0.27,-2.35,-12.44,0,1,-195.87,0.05263157894736842,0,0.3684210526315789,0,0,0.05555555555555555,-2.08,0.05555555555555555,0,0,0.0,-2.08,0,0.1111111111111111,0,-2.11,0.0,0",0.000,52.6,-0.2700,-35.8900,-15.2200,-15.2200,0.0,,0,none,19,guide
UUGUUCCCUGAUUUCAAGU,GGGAGAACCACCAUUGCCAACUUGAAAUCAGGGAACAACCUGCUAUGGCUGCACACC,0.2565249813571961,0,"0.86,-0.93,-6.82,1,0,-171.60999999999996,0.4736842105263158,1,0.15789473684210525,0,0,0.0,-2.11,0.0,1,0,0.1111111111111111,-2.24,0,0.0,0,-0.93,0.2222222222222222,0",0.000,36.8,1.3100,-29.6500,-14.1500,-14.1500,0.0,,0,none,19,guide
CAAGUUGGCAAUGGUGGUU,AUGCCUACAGCUUUGGGAGAACCACCAUUGCCAACUUGAAAUCAGGGAACAACCUGC,0.2550335570469799,0,"-1.63,-2.11,-10.44,0,0,-181.26,0.3157894736842105,0,0.3684210526315789,0,0,0.16666666666666666,-0.93,0.0,0,1,0.0,-0.93,0,0.05555555555555555,0,-3.26,0.1111111111111111,0",0.000,47.4,-1.6300,-33.4300,-11.5500,-11.5500,0.0,,0,none,19,guide
GGCAAUGGUGGUUCUCCCA,AGAACAAUGCCUACAGCUUUGGGAGAACCACCAUUGCCAACUUGAAAUCAGGGAACA,0.3266219239373601,0,"-1.6,-3.26,-13.39,0,1,-197.44,0.2631578947368421,0,0.3157894736842105,1,0,0.16666666666666666,-3.42,0.0,0,0,0.1111111111111111,-2.11,0,0.05555555555555555,0,-2.35,0.05555555555555555,1",-0.700,57.9,-1.6000,-38.2900,-12.9300,-12.9300,0.0,,0,none,19,guide
GAGAAGUUGACAGGCAGCA,GUCCUCUCCGUAGGCAUCGUGCUGCCUGUCAACUUCUCAGGGGACCUGCUGGAGAAC,0.4511558538404175,0,"-1.14,-2.35,-12.44,0,1,-193.26,0.10526315789473684,0,0.3684210526315789,0,0,0.05555555555555555,-2.08,0.0,0,0,0.0,-2.11,0,0.1111111111111111,0,-3.26,0.05555555555555555,1",-2.300,52.6,-0.6900,-36.3100,-10.6100,-10.6100,0.0,,0,none,19,guide
AGAGGACGCCCACAACCAC,GCACAUCAUCGGGCUGCUGGUGGUUGUGGGCGUCCUCUCCGUAGGCAUCGUGCUGCC,0.3989560029828486,0,"1.06,-2.08,-10.48,0,0,-201.33,0.0,0,0.21052631578947367,0,0,0.05555555555555555,-2.35,0.0,0,0,0.16666666666666666,-2.24,0,0.05555555555555555,0,-2.11,0.0,0",-0.700,63.2,0.6100,-39.8100,-14.6400,-14.6400,0.0,,0,none,19,guide
GAUGUGCCGCUGAAAGGAC,GCGAUGCCGUGCACUACCUGUCCUUUCAGCGGCACAUCAUCGGGCUGCUGGUGGUUG,0.4854586129753915,0,"-0.11,-2.35,-12.44,0,1,-198.99,0.15789473684210525,0,0.3684210526315789,0,0,0.05555555555555555,-1.1,0.0,0,0,0.05555555555555555,-2.24,0,0.1111111111111111,0,-0.93,0.0,0",-0.900,57.9,-0.1100,-37.1100,-14.2400,-14.2400,0.0,,0,none,19,guide
ACCAUUGUCCCUUUGGUCA,UCUCCAGCUCCGUUGACUUUGACCAAAGGGACAAUGGUUUCUUCCUGGCUGACAGCC,0.5287099179716629,1,"-0.13,-2.24,-11.4,0,0,-183.67,0.3684210526315789,0,0.15789473684210525,0,0,0.05555555555555555,-3.26,0.0,0,0,0.16666666666666666,-2.11,0,0.0,0,-0.93,0.16666666666666666,1",-2.000,47.4,-0.1300,-34.0800,-11.7500,-11.7500,0.0,,0,none,19,guide
GUCAAAGUCAACGGAGCUG,AGCGUCUCACCUCUGUCUCCAGCUCCGUUGACUUUGACCAAAGGGACAAUGGUUUCU,0.6293810589112603,1,"-0.13,-2.24,-11.4,0,1,-190.04,0.15789473684210525,0,0.3157894736842105,0,0,0.05555555555555555,-2.35,0.0,1,0,0.0,-2.11,0,0.05555555555555555,0,-3.26,0.0,0",0.000,52.6,-0.1300,-34.3800,-10.6400,-10.6400,0.0,,0,none,19,guide
CAGCACACGAAUCAAGGAA,AAGACCAUACACUUGUCAAUUCCUUGAUUCGUGUGCUGCAGACAUUGCAGGAGUUCA,0.1648023862788963,0,"-1.63,-2.11,-10.44,0,0,-184.25999999999996,0.05263157894736842,0,0.21052631578947367,0,0,0.05555555555555555,-2.08,0.0,0,1,0.0,-0.93,0,0.05555555555555555,0,-2.11,0.0,1",0.000,47.4,-1.6300,-32.9200,-14.2000,-14.2000,0.0,,0,none,19,guide
AGCCAGCAGGGCAAUCCAG,GAGAUCACCUCCUACACCACUGGAUUGCCCUGCUGGCUGACUGCCCCAUCACUGCAC,0.4750186428038777,0,"0.9,-2.08,-10.48,0,0,-203.19,0.05263157894736842,0,0.3157894736842105,0,0,0.1111111111111111,-3.42,0.0,0,0,0.1111111111111111,-2.08,0,0.16666666666666666,0,-0.93,0.0,0",-3.900,63.2,0.4500,-40.5000,-16.4000,-16.4000,0.0,,0,none,19,guide
UAAUGUCUCAUAAUAGGUU,AUUUCCUGGAAAAAGCACAAACCUAUUAUGAGACAUUAGAGAAGAAUGAAGUAGUCC,0.494407158836689,0,"-0.4,-1.33,-7.69,1,0,-163.52999999999994,0.42105263157894735,0,0.15789473684210525,0,0,0.05555555555555555,-0.93,0.16666666666666666,0,0,0.0,-0.93,0,0.0,0,-1.1,0.05555555555555555,0",0.000,26.3,-0.4000,-26.4100,-10.8100,-10.8100,0.0,,0,none,19,guide
CUCCACAGAGCAACAGCGU,GAAAGAGCGAGGCAGUCUGACGCUGUUGCUCUGUGGAGAGUGUGGCCUUGUCUCGGC,0.4526472781506338,0,"-0.74,-2.08,-10.48,0,0,-196.04,0.10526315789473684,0,0.21052631578947367,0,0,0.0,-2.35,0.0,1,1,0.05555555555555555,-2.24,0,0.1111111111111111,0,-2.24,0.0,0",-0.700,57.9,-0.2900,-37.6300,-14.1500,-14.1500,0.0,,0,none,19,guide
CUCAGGCUUAUGGAAGUGC,CAGUCAAUGGCAUUGUGAAGCACUUCCAUAAGCCUGAGAAAGAGCGAGGCAGUCUGA,0.586875466070097,1,"0.89,-2.08,-10.48,0,0,-193.16,0.2631578947368421,0,0.3157894736842105,0,0,0.1111111111111111,-2.35,0.05555555555555555,1,1,0.0,-3.42,0,0.1111111111111111,0,-2.35,0.05555555555555555,0",-0.700,52.6,1.3400,-35.8500,-15.3000,-15.3000,0.0,,0,none,19,guide
GCUGGGAUGUGAGCAGCUC,GGAGCGGAUCCUAGUUGGGGAGCUGCUCACAUCCCAGCCUGAGGUGGAUGAGAGGCC,0.3176733780760626,0,"-0.62,-3.42,-14.88,0,1,-209.58999999999997,0.21052631578947367,0,0.42105263157894735,0,1,0.1111111111111111,-2.08,0.0,0,0,0.0,-2.35,0,0.16666666666666666,0,-3.42,0.0,0",-4.600,63.2,-1.0700,-40.3400,-14.1600,-14.1600,0.0,,0,none,19,guide
CACAUACUCCACCAGCCAU,ACUCUGGGCUGUAUGCCAAAUGGCUGGUGGAGUAUGUGAUGGUCAGGAAUGAGAUCA,0.5361670395227442,1,"-1.46,-2.11,-10.44,0,0,-193.97,0.15789473684210525,0,0.05263157894736842,0,0,0.0,-2.24,0.05555555555555555,0,1,0.16666666666666666,-1.1,0,0.05555555555555555,0,-2.11,0.0,0",0.000,52.6,-1.4600,-36.5700,-11.1000,-11.1000,0.0,,0,none,19,guide
GUAAGCUUCCCCAAGUUCU,GAGAUGACCUUCGAGUGCCAGAACUUGGGGAAGCUUACUACUGUCCAGAUUGGCCAU,0.6577181208053692,1,"-1.06,-2.24,-11.4,0,1,-182.73,0.3157894736842105,0,0.15789473684210525,0,0,0.0,-1.33,0.05555555555555555,1,0,0.16666666666666666,-2.08,0,0.05555555555555555,0,-0.93,0.1111111111111111,0",-0.800,47.4,-0.6100,-33.5700,-10.7700,-10.7700,0.0,,0,none,19,guide
CUUCCCCAAGUUCUGGCAC,UGCUAGAGAUGACCUUCGAGUGCCAGAACUUGGGGAAGCUUACUACUGUCCAGAUUG,0.3124533929903057,0,"0.16,-2.08,-10.48,0,0,-195.73,0.2631578947368421,0,0.15789473684210525,0,0,0.05555555555555555,-0.93,0.0,1,1,0.16666666666666666,-2.24,0,0.05555555555555555,0,-2.08,0.1111111111111111,0",-0.900,57.9,0.1600,-37.4100,-15.1700,-15.1700,0.0,,0,none,19,guide
UGUCUCACCCAAUUCUCCU,ACCCAUGGAUCUGUAUAUCAGGAGAAUUGGGUGAGACACAGAUCAUGCAGAUUCCCA,0.5257270693512304,1,"-0.03,-2.11,-10.44,1,0,-187.45999999999995,0.3684210526315789,0,0.05263157894736842,0,0,0.0,-2.24,0.0,0,0,0.16666666666666666,-2.08,0,0.0,0,-0.93,0.05555555555555555,0",0.000,47.4,-0.0300,-34.4000,-13.3700,-13.3700,0.0,,0,none,19,guide
UCUUGCUUGGUACGAUCAG,CCUGAUCCCGUACCACAUUCUGAUCGUACCAAGCAAGAAGCUGGGGGGCUCCAUGUU,0.4079045488441462,0,"0.63,-2.35,-12.44,1,0,-185.17,0.3684210526315789,0,0.2631578947368421,0,0,0.05555555555555555,-2.08,0.05555555555555555,0,0,0.0,-2.08,0,0.05555555555555555,0,-2.36,0.1111111111111111,0",0.000,47.4,0.1800,-33.2900,-11.5500,-11.5500,0.0,,0,none,19,guide
UAAUCGACGGCAUUGAAAG,UUCCUCUAUCACCUCCUGUCUUUCAAUGCCGUCGAUUACUUUUGCUUCACCAAUGUC,0.5727069351230425,1,"1.2,-1.33,-7.69,1,0,-176.02999999999997,0.21052631578947367,0,0.2631578947368421,0,0,0.05555555555555555,-0.93,0.05555555555555555,0,0,0.0,-2.08,0,0.05555555555555555,0,-0.93,0.05555555555555555,0",0.000,42.1,1.2000,-29.9500,-11.3300,-11.3300,0.0,,0,none,19,guide
CGACGGCAUUGAAAGACAG,GCAGUUCCUCUAUCACCUCCUGUCUUUCAAUGCCGUCGAUUACUUUUGCUUCACCAA,0.3534675615212528,0,"0.17,-2.36,-10.64,0,0,-188.17999999999995,0.10526315789473684,0,0.3157894736842105,0,0,0.05555555555555555,-2.35,0.0,0,1,0.0,-2.08,0,0.05555555555555555,1,-0.93,0.05555555555555555,0",0.000,52.6,-0.2800,-33.7200,-15.7400,-15.7400,0.0,,0,none,19,guide
UCCCCGAUGUUCUGGAUGU,CUGAUUCAGGAUAUGAGGCACAUCCAGAACAUCGGGGAAAUCAAGACUGAUGUGGGA,0.3310961968680089,0,"-0.11,-2.35,-12.44,1,0,-193.09,0.3684210526315789,0,0.2631578947368421,0,0,0.05555555555555555,-3.26,0.0,0,0,0.16666666666666666,-2.24,0,0.0,0,-2.11,0.05555555555555555,0",-1.300,52.6,-0.1100,-36.1800,-15.5900,-15.5900,0.0,,0,none,19,guide
GAAUCAGGGAGAUCCUCAG,CAGCUCACUCAUGCCUCCCCUGAGGAUCUCCCUGAUUCAGGAUAUGAGGCACAUCCA,0.4519015659955257,0,"-0.27,-2.35,-12.44,0,1,-199.58,0.15789473684210525,0,0.3157894736842105,0,0,0.1111111111111111,-0.93,0.0,0,0,0.05555555555555555,-2.08,0,0.0,0,-2.35,0.0,0",-1.500,52.6,-0.2700,-35.9600,-11.8300,-11.8300,0.0,,0,none,19,guide
GGGACCAUAAGGCUGAUUU,ACUACAAGUGAAACAGGGGAAAUCAGCCUUAUGGUCCCACCUGUUACAUUAUCAGGA,0.3124533929903057,0,"-2.33,-3.26,-13.39,0,1,-186.14,0.2631578947368421,0,0.3157894736842105,1,0,0.16666666666666666,-3.26,0.05555555555555555,0,0,0.05555555555555555,-0.93,0,0.05555555555555555,0,-2.08,0.1111111111111111,0",-1.200,47.4,-2.7800,-34.1600,-14.3200,-14.3200,0.0,,0,none,19,guide
ACCAUAAGGCUGAUUUCCC,UGGACUACAAGUGAAACAGGGGAAAUCAGCCUUAUGGUCCCACCUGUUACAUUAUCA,0.4556301267710663,0,"1.47,-2.24,-11.4,0,0,-186.14,0.2631578947368421,0,0.15789473684210525,0,0,0.05555555555555555,-3.26,0.05555555555555555,0,0,0.16666666666666666,-3.26,0,0.05555555555555555,0,-1.1,0.1111111111111111,0",-0.300,47.4,1.4700,-34.0100,-10.8100,-10.8100,0.0,,0,none,19,guide
UUAUUGCGGCAUUCCUUCA,AAGUUUGUAGAGGGCCUGCUGAAGGAAUGCCGCAAUAAGACCAAGAGGAUGCUGGUG,0.5794183445190156,1,"0.73,-0.93,-6.82,1,0,-176.54,0.42105263157894735,1,0.15789473684210525,0,0,0.05555555555555555,-1.33,0.05555555555555555,1,0,0.05555555555555555,-2.11,0,0.1111111111111111,0,-2.35,0.2222222222222222,1",0.000,42.1,1.1800,-31.4400,-11.2500,-11.2500,0.0,,0,none,19,guide
ACAGUUUGGGCUGGCGGAU,CAGGACUAUGGGCAGCACUAUCCGCCAGCCCAAACUGUCCAACCUCUCUCCAUCAGU,0.3049962714392244,0,"-0.69,-2.24,-11.4,0,0,-193.45,0.2631578947368421,0,0.42105263157894735,0,0,0.2222222222222222,-2.11,0.0,0,0,0.0,-1.1,0,0.1111111111111111,0,-3.26,0.1111111111111111,0",-2.900,57.9,-1.1400,-37.7300,-10.4000,-10.4000,0.0,,0,none,19,guide
UGGAUGUACUUCUCCCUCU,CUGCGUUUAGAUAAUGACCAGAGGGAGAAGUACAUCCAGGAAGCCAGGACUAUGGGC,0.6017897091722596,1,"-0.03,-2.11,-10.44,1,0,-188.37,0.42105263157894735,0,0.15789473684210525,0,0,0.05555555555555555,-3.26,0.05555555555555555,0,0,0.1111111111111111,-2.08,0,0.0,0,-2.35,0.05555555555555555,0",-1.300,47.4,-0.0300,-34.9200,-12.3900,-12.3900,0.0,,0,none,19,guide
CACUUGUUGCUGGCUGGCC,UCUGAUGUACUUUCCACUGGGCCAGCCAGCAACAAGUGGACGAAAAGGAAUGCCCCU,0.5495898583146905,1,"0.7,-2.11,-10.44,0,0,-201.28,0.3157894736842105,0,0.3157894736842105,0,0,0.1111111111111111,-2.24,0.0,0,1,0.05555555555555555,-3.26,0,0.16666666666666666,0,-3.42,0.1111111111111111,0",-1.000,63.2,1.1500,-39.7800,-10.5300,-10.5300,0.0,,0,none,19,guide
CCUUGUCCAAUCUUCAUGU,AUUCACCCACAUUUACUUGACAUGAAGAUUGGACAAGGGAAAUAUGAGCCGGGCUUC,0.5257270693512304,1,"-1.47,-3.26,-13.39,0,0,-181.51,0.42105263157894735,0,0.10526315789473684,0,0,0.0,-2.08,0.0,0,1,0.1111111111111111,-2.24,1,0.0,0,-0.93,0.1111111111111111,0",0.000,42.1,-1.4700,-31.7000,-12.9700,-12.9700,0.0,,0,none,19,guide
GAAUUGCAGUAUGGUCAAU,UGAGCUGCGUCUGGCAAAAAUUGACCAUACUGCAAUUCACCCACAUUUACUUGACAU,0.3422818791946309,0,"-1.7,-2.35,-12.44,0,1,-177.14999999999995,0.3157894736842105,0,0.2631578947368421,0,0,0.05555555555555555,-0.93,0.05555555555555555,0,0,0.0,-1.1,0,0.05555555555555555,0,-3.26,0.05555555555555555,0",0.000,36.8,-1.7000,-29.8600,-10.6000,-10.6000,0.0,,0,none,19,guide
GAUGUACGGAGAGUAGGUG,AGGCUGUUGAAUGUUCGGACACCUACUCUCCGUACAUCCAUGUACCAGAAGUGUACC,0.4079045488441462,0,"-0.24,-2.35,-12.44,0,1,-193.81,0.21052631578947367,0,0.4736842105263158,0,0,0.1111111111111111,-1.1,0.1111111111111111,0,0,0.0,-2.11,0,0.0,0,-2.24,0.0,0",-2.900,52.6,-0.2400,-35.5200,-11.3800,-11.3800,0.0,,0,none,19,guide
GUAGGUGUCCGAACAUUCA,GUUGACAAGAUCAGGCUGUUGAAUGUUCGGACACCUACUCUCCGUACAUCCAUGUAC,0.3653989560029828,0,"-1.03,-2.24,-11.4,0,1,-185.52,0.2631578947368421,0,0.2631578947368421,0,0,0.05555555555555555,-1.33,0.05555555555555555,1,0,0.05555555555555555,-2.11,0,0.0,0,-2.24,0.05555555555555555,1",-1.000,47.4,-0.5800,-33.3000,-13.2600,-13.2600,0.0,,0,none,19,guide
UUAUUUUGUUGUCAAUGAA,GACCCAGAUGUUUGCAUCUUUCAUUGACAACAAAAUAAUGUGUCAUGAUGAUGAUGA,0.7293064876957495,1,"0.0,-0.93,-6.82,1,0,-152.57999999999996,0.5263157894736842,1,0.15789473684210525,0,0,0.0,-1.33,0.05555555555555555,1,0,0.0,-0.93,0,0.0,0,-2.11,0.2777777777777778,1",0.000,21.1,0.0000,-22.8700,-7.3300,-7.3300,0.0,,0,none,19,guide
UGAAAGAUGCAAACAUCUG,CUCAAGAUUCCUGGAGACCCAGAUGUUUGCAUCUUUCAUUGACAACAAAAUAAUGUG,0.5615212527964206,1,"0.9,-2.11,-10.44,1,0,-175.46999999999997,0.21052631578947367,0,0.21052631578947367,0,0,0.0,-2.35,0.0,0,0,0.0,-2.11,0,0.05555555555555555,0,-2.24,0.0,0",-3.800,36.8,0.4500,-29.0500,-9.7400,-9.7400,0.0,,0,none,19,guide
AGAUGCAAACAUCUGGGUC,UCCUCUCAAGAUUCCUGGAGACCCAGAUGUUUGCAUCUUUCAUUGACAACAAAAUAA,0.5361670395227442,1,"1.17,-2.08,-10.48,0,0,-189.57,0.21052631578947367,0,0.2631578947368421,0,0,0.1111111111111111,-2.35,0.0,0,0,0.0,-2.35,0,0.05555555555555555,0,-2.08,0.0,0",-3.400,47.4,0.7200,-34.0400,-12.0200,-12.0200,0.0,,0,none,19,guide
CUUGAGAGGAAGGGCAGGU,UCAGAUCAGCCUGAGCCCUACCUGCCCUUCCUCUCAAGAUUCCUGGAGACCCAGAUG,0.3967188665175242,0,"-0.74,-2.08,-10.48,0,0,-196.75000000000003,0.15789473684210525,0,0.4736842105263158,0,0,0.2222222222222222,-0.93,0.0,1,1,0.0,-2.24,0,0.05555555555555555,0,-3.26,0.05555555555555555,0",-0.400,57.9,-0.2900,-38.1400,-11.9000,-11.9000,0.0,,0,none,19,guide
GUUUUGCAUUUGCUCCCUG,AGGAAUCCUGGUUUACCAACAGGGAGCAAAUGCAAAACUUUGAUAAAGCAUCUUUUC,0.5063385533184191,0,"-0.13,-2.24,-11.4,0,1,-182.97,0.4736842105263158,0,0.21052631578947367,0,0,0.0,-0.93,0.0,1,0,0.1111111111111111,-2.11,0,0.1111111111111111,0,-2.08,0.2777777777777778,0",-0.500,47.4,-0.1300,-32.7100,-10.4300,-10.4300,0.0,,0,none,19,guide
UUUGCAUUUGCUCCCUGUU,UAAGGAAUCCUGGUUUACCAACAGGGAGCAAAUGCAAAACUUUGAUAAAGCAUCUUU,0.3668903803131991,0,"0.0,-0.93,-6.82,1,0,-175.52999999999997,0.5263157894736842,1,0.15789473684210525,0,0,0.0,-0.93,0.0,1,0,0.1111111111111111,-0.93,0,0.1111111111111111,0,-3.26,0.2777777777777778,0",-0.500,42.1,0.0000,-31.6600,-10.6000,-10.6000,0.0,,0,none,19,guide
UAUCCUGGCUGGGUUGGAU,AGAUUAUGAGGCGUUUGUCAUCCAACCCAGCCAGGAUAAGGAAUCCUGGUUUACCAA,0.3862788963460105,0,"-0.23,-1.33,-7.69,1,0,-192.61,0.3684210526315789,0,0.3684210526315789,0,0,0.2222222222222222,-1.1,0.05555555555555555,0,0,0.05555555555555555,-1.1,0,0.05555555555555555,0,-2.24,0.05555555555555555,0",-2.600,52.6,-0.2300,-36.9700,-14.1600,-14.1600,0.0,,0,none,19,guide
GUAAAUCCUGAGUUCUUCU,UCAAAGUUCAGUGUGAUGAAGAAGAACUCAGGAUUUACCAGCUAAACAUUCAGAUCC,0.3333333333333333,0,"-1.06,-2.24,-11.4,0,1,-175.32999999999996,0.42105263157894735,0,0.15789473684210525,0,0,0.0,-1.33,0.05555555555555555,1,0,0.05555555555555555,-2.08,0,0.0,0,-0.93,0.1111111111111111,0",0.000,36.8,-0.6100,-29.5800,-9.9000,-9.9000,0.0,,0,none,19,guide
UUUCCAGGCUCACCCCAGU,GCAAGCCUUGGUCAAGAGAACUGGGGUGAGCCUGGAAAAGUUGGAAGUGCGUGAAGA,0.2766592095451156,0,"0.86,-0.93,-6.82,1,0,-194.86,0.2631578947368421,1,0.15789473684210525,0,0,0.05555555555555555,-0.93,0.0,1,0,0.2222222222222222,-2.24,0,0.05555555555555555,0,-3.26,0.1111111111111111,0",-0.100,57.9,1.3100,-38.8400,-13.9900,-13.9900,0.0,,0,none,19,guide
UUCCAGGCUCACCCCAGUU,UGCAAGCCUUGGUCAAGAGAACUGGGGUGAGCCUGGAAAAGUUGGAAGUGCGUGAAG,0.4354958985831468,0,"0.0,-0.93,-6.82,1,0,-194.86,0.2631578947368421,1,0.15789473684210525,0,0,0.05555555555555555,-2.35,0.0,1,0,0.2222222222222222,-0.93,0,0.05555555555555555,0,-3.26,0.1111111111111111,0",-0.100,57.9,0.0000,-38.8400,-16.4800,-16.4800,0.0,,0,none,19,guide
CAAGGCUUGCAGCCGGGCA,UUAAGGAGAAUGAAACUAUUGCCCGGCUGCAAGCCUUGGUCAAGAGAACUGGGGUGA,0.4205816554809843,0,"-0.9,-2.11,-10.44,0,0,-203.23,0.10526315789473684,0,0.3684210526315789,0,0,0.16666666666666666,-0.93,0.0,0,1,0.05555555555555555,-2.11,0,0.2222222222222222,0,-3.26,0.05555555555555555,1",-4.300,68.4,-0.4500,-41.5300,-12.7000,-12.7000,0.0,,0,none,19,guide
CGUAGGAAUGCAAAGGGGA,GAAUGGGAACAUUGCUGGCUCCCCUUUGCAUUCCUACGAGCUUCUUAAGGAGAAUGA,0.3333333333333333,0,"-0.46,-2.36,-10.64,0,0,-187.39999999999992,0.10526315789473684,0,0.42105263157894735,0,0,0.2222222222222222,-2.24,0.05555555555555555,0,1,0.0,-2.35,0,0.05555555555555555,1,-0.93,0.0,1",-0.600,52.6,-0.4600,-35.2700,-12.1900,-12.1900,0.0,,0,none,19,guide
GGCCCGCAGCCUCUUCAGC,GCAGUGAGAGUGCCUCCAAGCUGAAGAGGCUGCGGGCCUCUGAGCUUGUCUCGGACA,0.27889634601044,0,"0.16,-3.26,-13.39,0,1,-214.61,0.15789473684210525,0,0.2631578947368421,1,0,0.05555555555555555,-3.42,0.0,0,0,0.16666666666666666,-3.42,0,0.2222222222222222,0,-2.08,0.05555555555555555,0",-3.200,73.7,0.1600,-43.6600,-17.8300,-17.8300,0.0,,0,none,19,guide
UUCAGCUUGGAGGCACUCU,GGGAAUCUUCAUUGCAGUGAGAGUGCCUCCAAGCUGAAGAGGCUGCGGGCCUCUGAG,0.4988814317673378,0,"0.7,-0.93,-6.82,1,0,-191.57,0.3157894736842105,1,0.2631578947368421,0,0,0.1111111111111111,-2.35,0.0,1,0,0.0,-2.08,0,0.1111111111111111,0,-3.42,0.1111111111111111,0",-1.600,52.6,1.1500,-36.7500,-12.9700,-12.9700,0.0,,0,none,19,guide
GUUGGGGAACUGUGGCAAG,UCAUUGAGUUGCCAGAGGACUUGCCACAGUUCCCCAACAAAUUGGAGUUUGUCCAGG,0.3773303504847129,0,"-0.16,-2.24,-11.4,0,1,-194.64999999999995,0.21052631578947367,0,0.4736842105263158,0,0,0.2222222222222222,-0.93,0.0,1,0,0.0,-2.08,0,0.05555555555555555,0,-2.11,0.05555555555555555,0",-0.200,57.9,-0.1600,-37.5300,-15.1700,-15.1700,0.0,,0,none,19,guide
GGCAAGUCCUCUGGCAACU,AUUGACAACCACUUCAUUGAGUUGCCAGAGGACUUGCCACAGUUCCCCAACAAAUUG,0.5346756152125279,1,"-1.63,-3.26,-13.39,0,1,-197.16000000000003,0.21052631578947367,0,0.2631578947368421,1,0,0.1111111111111111,-3.42,0.0,0,0,0.05555555555555555,-2.08,0,0.1111111111111111,0,-3.26,0.0,0",-1.700,57.9,-1.6300,-38.3700,-13.1300,-13.1300,0.0,,0,none,19,guide
CACAAAGCAGAGGUUAGCC,AGCUGGAGCUGCCUCAAGAGGCUAACCUCUGCUUUGUGGACAUUGACAACCACUUCA,0.5234899328859061,1,"0.7,-2.11,-10.44,0,0,-189.56,0.10526315789473684,0,0.2631578947368421,0,0,0.05555555555555555,-2.24,0.05555555555555555,0,1,0.05555555555555555,-3.26,0,0.1111111111111111,0,-2.24,0.05555555555555555,0",-0.400,52.6,1.1500,-35.5700,-11.7100,-11.7100,0.0,,0,none,19,guide
CAGAGGUUAGCCUCUUGAG,CGGUCAAAGCUGGAGCUGCCUCAAGAGGCUAACCUCUGCUUUGUGGACAUUGACAAC,0.3900074571215511,0,"-0.03,-2.11,-10.44,0,0,-191.86,0.2631578947368421,0,0.3157894736842105,0,0,0.05555555555555555,-2.08,0.05555555555555555,0,1,0.05555555555555555,-2.08,0,0.05555555555555555,0,-2.35,0.1111111111111111,0",-5.500,52.6,-0.0300,-35.3300,-12.9400,-12.9400,0.0,,0,none,19,guide
AGUCAUCAGUCUCUGGUAA,UCCUGCUCUACUCACAGCAUUACCAGAGACUGAUGACUGUGGCGGAGACGAUUACAG,0.2147651006711409,0,"-0.7,-2.08,-10.48,0,0,-183.43,0.3157894736842105,0,0.21052631578947367,0,0,0.05555555555555555,-2.24,0.05555555555555555,0,0,0.0,-0.93,0,0.0,0,-2.08,0.0,1",-2.000,42.1,-1.1500,-32.9000,-12.2600,-12.2600,0.0,,0,none,19,guide
UGGCCCAUAGACCCCAGAA,CUGGCCGGUCCUUGAAGUUUUCUGGGGUCUAUGGGCCAAUAAUCUGCCAGAGACCAA,0.47129008202833705,0,"-0.73,-2.11,-10.44,1,0,-196.62,0.10526315789473684,0,0.21052631578947367,0,0,0.05555555555555555,-3.26,0.05555555555555555,0,0,0.2777777777777778,-0.93,0,0.05555555555555555,0,-3.26,0.0,1",0.000,57.9,-1.1800,-39.1300,-16.4100,-16.4100,0.0,,0,none,19,guide
AGGAGGUGGGAGCGGCACC,UAUACAACGUACUCUACGAGGUGCCGCUCCCACCUCCUGGCCGGUCCUUGAAGUUUU,0.29082774049217,0,"1.63,-2.08,-10.48,0,0,-213.41000000000003,0.05263157894736842,0,0.5263157894736842,0,0,0.2777777777777778,-3.26,0.0,0,0,0.05555555555555555,-3.26,0,0.1111111111111111,0,-2.36,0.0,0",-4.000,73.7,1.6300,-44.4600,-15.3000,-15.3000,0.0,,0,none,19,guide
UGCCUGGUGGAGUUGCUCC,AGGCAUGUCGGAGCGUGCUGGAGCAACUCCACCAGGCAGUCACUUCACCUCAGCCCC,0.4630872483221476,0,"1.6,-2.11,-10.44,1,0,-203.69,0.3157894736842105,0,0.3684210526315789,0,0,0.1111111111111111,-3.42,0.0,0,0,0.1111111111111111,-3.26,0,0.1111111111111111,0,-0.93,0.05555555555555555,0",-2.400,63.2,1.6000,-40.5300,-16.3700,-16.3700,0.0,,0,none,19,guide
UCCAGCACGCUCCGACAUG,CCCAUGUCUUUCAUGAAGGCAUGUCGGAGCGUGCUGGAGCAACUCCACCAGGCAGUC,0.45339299030574204,0,"0.66,-2.35,-12.44,1,0,-202.71,0.15789473684210525,0,0.21052631578947367,0,0,0.0,-3.26,0.0,0,0,0.1111111111111111,-2.11,0,0.1111111111111111,0,-2.36,0.0,0",0.000,63.2,0.2100,-39.3700,-15.2200,-15.2200,0.0,,0,none,19,guide
UGCACUUAGAGACGUAGAG,UGACAUUAGCCGGGACACUCUCUACGUCUCUAAGUGCAUCUGCCUCAUCACACCCAU,0.5093214019388517,0,"0.87,-2.11,-10.44,1,0,-185.19,0.21052631578947367,0,0.3157894736842105,0,0,0.0,-3.42,0.1111111111111111,0,0,0.0,-2.08,0,0.05555555555555555,0,-2.36,0.05555555555555555,0",0.000,47.4,0.4200,-33.4700,-12.1100,-12.1100,0.0,,0,none,19,guide
UGUGAGGGCAAACCCAAAU,GGGAGGAUGGCUCUCGGACAUUUGGGUUUGCCCUCACAUUUUAUGAAGAGGUGACUA,0.5384041759880686,1,"-0.56,-2.11,-10.44,1,0,-181.53,0.15789473684210525,0,0.2631578947368421,0,0,0.1111111111111111,-2.24,0.0,0,0,0.1111111111111111,-1.1,0,0.05555555555555555,0,-3.26,0.0,0",-3.600,47.4,-1.0100,-33.8400,-15.3000,-15.3000,0.0,,0,none,19,guide
UGUGAUAAUAAAGGCAUGG,AUCCCAGGGAGCCCCAAUUCCAUGCCUUUAUUAUCACAAGGGAGGAUGGCUCUCGGA,0.540641312453393,1,"1.6,-2.11,-10.44,1,0,-174.39,0.2631578947368421,0,0.3157894736842105,0,0,0.1111111111111111,-2.24,0.1111111111111111,0,0,0.0,-3.26,0,0.05555555555555555,0,-3.26,0.0,0",0.000,36.8,1.6000,-29.6600,-10.0600,-10.0600,0.0,,0,none,19,guide
AAGGCAUGGAAUUGGGGCU,ACCCAGGCUGAUCCCAGGGAGCCCCAAUUCCAUGCCUUUAUUAUCACAAGGGAGGAU,0.4295302013422818,0,"0.7,-0.93,-6.82,0,0,-189.59999999999997,0.21052631578947367,0,0.42105263157894735,0,0,0.2777777777777778,-2.08,0.0,0,0,0.0,-2.08,0,0.1111111111111111,0,-2.11,0.05555555555555555,0",-0.100,52.6,1.1500,-36.3300,-14.0800,-14.0800,0.0,,0,none,19,guide
CUGGGAUCAGCCUGGGUCU,CCGAAAGGGCUGGCAUUCAAGACCCAGGCUGAUCCCAGGGAGCCCCAAUUCCAUGCC,0.5600298284862043,1,"-0.9,-2.08,-10.48,0,0,-205.84,0.2631578947368421,0,0.3684210526315789,0,0,0.2222222222222222,-2.11,0.0,1,1,0.05555555555555555,-2.08,0,0.05555555555555555,0,-2.11,0.0,0",-4.100,63.2,-0.4500,-40.8200,-14.4300,-14.4300,0.0,,0,none,19,guide
CCUACUGCAUCUUGGUCAA,AACGUAGAAUGGAAUCCCUUUGACCAAGAUGCAGUAGGAAUGCUAUGUAUGCCGAAA,0.4317673378076062,0,"-2.33,-3.26,-13.39,0,0,-185.92,0.3157894736842105,0,0.15789473684210525,0,0,0.05555555555555555,-2.08,0.05555555555555555,0,1,0.05555555555555555,-0.93,1,0.05555555555555555,0,-2.11,0.05555555555555555,1",0.000,47.4,-2.7800,-34.0000,-13.2600,-13.2600,0.0,,0,none,19,guide
AAAAUUUUCUCCUUCAGUC,GCCCUUUCAUUUCAAGUACGACUGAAGGAGAAAAUUUUGAGCAGACACCAUUGAGAA,0.6771066368381805,1,"1.87,-0.93,-6.82,0,0,-166.22,0.42105263157894735,0,0.05263157894736842,0,0,0.0,-0.93,0.0,0,0,0.05555555555555555,-2.35,0,0.0,0,-0.93,0.2222222222222222,0",0.000,31.6,1.8700,-26.7200,-5.7500,-5.7500,0.0,,0,none,19,guide
AAGGGCUGGCACCAUCCCU,CAUACAGGCUUCUAAAGCCAGGGAUGGUGCCAGCCCUUUCAUUUCAAGUACGACUGA,0.6241610738255033,1,"0.7,-0.93,-6.82,0,0,-201.84999999999997,0.15789473684210525,0,0.2631578947368421,0,0,0.16666666666666666,-2.08,0.0,0,0,0.16666666666666666,-2.08,0,0.1111111111111111,0,-2.11,0.0,0",-5.300,63.2,1.1500,-40.8000,-16.2100,-16.2100,0.0,,0,none,19,guide
CCAUCCCUGGCUUUAGAAG,UUAUGCCAGUACAUACAGGCUUCUAAAGCCAGGGAUGGUGCCAGCCCUUUCAUUUCA,0.3460104399701715,0,"-0.73,-3.26,-13.39,0,0,-190.03999999999996,0.2631578947368421,0,0.21052631578947367,0,0,0.05555555555555555,-2.11,0.05555555555555555,0,1,0.16666666666666666,-2.08,1,0.05555555555555555,0,-0.93,0.1111111111111111,0",-0.500,52.6,-1.1800,-35.3300,-14.1600,-14.1600,0.0,,0,none,19,guide
ACUGGCAUAAUGCCGACAG,CGGGCUGGAGCCGGACGAGCUGUCGGCAUUAUGCCAGUACAUACAGGCUUCUAAAGC,0.5443698732289336,1,"0.74,-2.24,-11.4,0,0,-191.08,0.15789473684210525,0,0.2631578947368421,0,0,0.05555555555555555,-2.08,0.05555555555555555,0,0,0.05555555555555555,-2.08,0,0.1111111111111111,0,-3.26,0.0,0",-4.800,52.6,0.2900,-35.6700,-14.0800,-14.0800,0.0,,0,none,19,guide
GUGAUGUUGAACUCCUGCA,AUUCGUGUGCUGCAGACAUUGCAGGAGUUCAACAUCACXXXXXXXXXXXXXXXXXXX,0.4660700969425801,0,"-1.03,-2.24,-11.4,0,1,-188.64,0.3157894736842105,0,0.2631578947368421,0,0,0.0,-2.11,0.0,1,0,0.05555555555555555,-2.11,0,0.05555555555555555,0,-2.35,0.05555555555555555,1",0.000,47.4,-0.5800,-34.0300,-10.8400,-10.8400,0.0,,0,none,19,guide
AAUGUCUGCAGCACACGAA,ACACUUGUCAAUUCCUUGAUUCGUGUGCUGCAGACAUUGCAGGAGUUCAACAUCACX,0.2997762863534676,0,"0.0,-0.93,-6.82,0,0,-184.61,0.15789473684210525,0,0.21052631578947367,0,0,0.0,-1.1,0.0,0,0,0.0,-0.93,0,0.1111111111111111,0,-2.24,0.0,1",0.000,47.4,0.0000,-33.8000,-11.9900,-11.9900,0.0,,0,none,19,guide
GAGGUGAUCUCUGGCUCCC,UUCAGAUGCUGGUGUGCUUGGGAGCCAGAGAUCACCUCCUACACCACUGGAUUGCCC,0.3706189410887398,0,"0.46,-2.35,-12.44,0,1,-210.61,0.2631578947368421,0,0.3157894736842105,0,0,0.1111111111111111,-2.08,0.0,0,0,0.1111111111111111,-3.26,0,0.05555555555555555,0,-3.26,0.0,0",-1.500,63.2,0.9100,-40.3000,-13.1400,-13.1400,0.0,,0,none,19,guide
AUCGGCAGAAGUUCCGGGC,GGAAAACUGGCAUACAAGAGCCCGGAACUUCUGCCGAUUUGUCACUGCAAUCAACAA,0.5287099179716629,1,"2.32,-1.1,-9.38,0,0,-200.41,0.15789473684210525,0,0.3684210526315789,0,0,0.16666666666666666,-2.35,0.0,1,0,0.05555555555555555,-3.42,0,0.1111111111111111,0,-2.35,0.05555555555555555,0",-2.300,63.2,2.7700,-39.0300,-15.5800,-15.5800,0.0,,0,none,19,guide
AGUGCUUCACAAUGCCAUU,GUCCAUCGGGGAGGCAGUCAAUGGCAUUGUGAAGCACUUCCAUAAGCCUGAGAAAGA,0.4511558538404175,0,"-0.7,-2.08,-10.48,0,0,-179.71999999999997,0.3157894736842105,0,0.15789473684210525,0,0,0.0,-2.24,0.0,0,0,0.05555555555555555,-0.93,0,0.1111111111111111,0,-2.11,0.1111111111111111,0",-1.000,42.1,-1.1500,-31.8400,-13.1300,-13.1300,0.0,,0,none,19,guide
GACUGCUGCAGCGGCGGGG,GAUGAGAGGCCAUGCCGGACCCCGCCGCUGCAGCAGUCCCCCAGUGUCAUCCGGAGG,0.4608501118568233,0,"0.46,-2.35,-12.44,0,1,-217.34999999999994,0.10526315789473684,0,0.5263157894736842,0,0,0.2222222222222222,-2.24,0.0,0,0,0.0,-3.26,0,0.2222222222222222,0,-3.26,0.0,0",-6.600,78.9,0.9100,-45.0100,-14.0400,-14.0400,0.0,,0,none,19,guide
UCCGGCAUGGCCUCUCAUC,CACAUCCCAGCCUGAGGUGGAUGAGAGGCCAUGCCGGACCCCGCCGCUGCAGCAGUC,0.4697986577181208,0,"0.9,-2.35,-12.44,1,0,-207.42999999999995,0.2631578947368421,0,0.21052631578947367,0,0,0.1111111111111111,-3.26,0.0,0,0,0.1111111111111111,-2.35,0,0.1111111111111111,0,-2.35,0.0,0",-2.700,63.2,0.4500,-40.2400,-15.5100,-15.5100,0.0,,0,none,19,guide
AUGGCCUCUCAUCCACCUC,GCUGCUCACAUCCCAGCCUGAGGUGGAUGAGAGGCCAUGCCGGACCCCGCCGCUGCA,0.5548098434004475,1,"1.7,-1.1,-9.38,0,0,-203.79,0.2631578947368421,0,0.10526315789473684,0,0,0.05555555555555555,-2.11,0.0,1,0,0.16666666666666666,-2.35,0,0.05555555555555555,0,-3.26,0.0,0",-0.500,57.9,1.7000,-38.7300,-16.4800,-16.4800,0.0,,0,none,19,guide
CAGCUCCCCAACUAGGAUC,AUGAUGGAAGCCUGGAGCGGAUCCUAGUUGGGGAGCUGCUCACAUCCCAGCCUGAGG,0.4966442953020135,0,"0.24,-2.11,-10.44,0,0,-200.23999999999995,0.15789473684210525,0,0.15789473684210525,0,0,0.05555555555555555,-2.08,0.05555555555555555,0,1,0.16666666666666666,-2.35,0,0.05555555555555555,0,-1.33,0.0,0",-1.000,57.9,0.2400,-38.0600,-16.4500,-16.4500,0.0,,0,none,19,guide
GCUUCCAUCAUCCAUGCCC,GUGGCCGGUGGUUAGGGAAGGGCAUGGAUGAUGGAAGCCUGGAGCGGAUCCUAGUUG,0.4056674123788218,0,"-0.16,-3.42,-14.88,0,1,-204.23,0.2631578947368421,0,0.10526315789473684,0,1,0.0,-2.08,0.0,0,0,0.2222222222222222,-3.26,0,0.1111111111111111,0,-2.11,0.05555555555555555,0",0.000,57.9,-0.1600,-38.0900,-11.8300,-11.8300,0.0,,0,none,19,guide
UCCACCAGCCAUUUGGCAU,CAUGAUAACUCUGGGCUGUAUGCCAAAUGGCUGGUGGAGUAUGUGAUGGUCAGGAAU,0.5182699478001491,0,"-0.8,-2.35,-12.44,1,0,-191.18999999999997,0.2631578947368421,0,0.15789473684210525,0,0,0.05555555555555555,-3.26,0.0,0,0,0.16666666666666666,-1.1,0,0.1111111111111111,0,-0.93,0.1111111111111111,0",-4.100,52.6,-1.2500,-36.5200,-15.0600,-15.0600,0.0,,0,none,19,guide
AUCCAUGGGUUGGCAGUGA,AAGCUGGGGGGCUCCAUGUUCACUGCCAACCCAUGGAUCUGUAUAUCAGGAGAAUUG,0.4310216256524981,0,"0.8,-1.1,-9.38,0,0,-193.33,0.2631578947368421,0,0.3684210526315789,0,0,0.16666666666666666,-2.35,0.0,1,0,0.05555555555555555,-2.35,0,0.05555555555555555,0,-3.42,0.05555555555555555,1",-1.400,52.6,1.2500,-36.6100,-14.1900,-14.1900,0.0,,0,none,19,guide
AAUCGACGGCAUUGAAAGA,GUUCCUCUAUCACCUCCUGUCUUUCAAUGCCGUCGAUUACUUUUGCUUCACCAAUGU,0.3929903057419836,0,"0.97,-0.93,-6.82,0,0,-177.05999999999997,0.15789473684210525,0,0.2631578947368421,0,0,0.05555555555555555,-1.1,0.0,0,0,0.0,-2.35,0,0.05555555555555555,0,-2.11,0.05555555555555555,1",0.000,42.1,1.4200,-30.7700,-12.7600,-12.7600,0.0,,0,none,19,guide
GAAAGACAGGAGGUGAUAG,ACGAGAAGGAGCAGUUCCUCUAUCACCUCCUGUCUUUCAAUGCCGUCGAUUACUUUU,0.4705443698732289,0,"-0.27,-2.35,-12.44,0,1,-189.24,0.10526315789473684,0,0.42105263157894735,0,0,0.1111111111111111,-0.93,0.05555555555555555,0,0,0.0,-2.08,0,0.0,0,-2.24,0.0,0",0.000,47.4,-0.2700,-33.6400,-10.6400,-10.6400,0.0,,0,none,19,guide
GGAUGUGCCUCAUAUCCUG,CCUGAGGAUCUCCCUGAUUCAGGAUAUGAGGCACAUCCAGAACAUCGGGGAAAUCAA,0.3482475764354959,0,"-0.7,-3.26,-13.39,0,1,-198.70999999999995,0.3157894736842105,0,0.2631578947368421,1,0,0.05555555555555555,-2.35,0.05555555555555555,0,0,0.1111111111111111,-2.11,0,0.05555555555555555,0,-1.33,0.0,0",-7.100,52.6,-1.1500,-36.1300,-13.3300,-13.3300,0.0,,0,none,19,guide
GGAGGCAUGAGUGAGCUGG,GAACGUAGGAAGUCUGAUGCCAGCUCACUCAUGCCUCCCCUGAGGAUCUCCCUGAUU,0.4802386278896346,0,"0.0,-3.26,-13.39,0,1,-208.1,0.15789473684210525,0,0.5263157894736842,1,0,0.16666666666666666,-2.35,0.0,0,0,0.0,-3.26,0,0.1111111111111111,0,-2.35,0.0,0",-1.500,63.2,0.0000,-40.1800,-14.3200,-14.3200,0.0,,0,none,19,guide
CCUACGUUCUGAAUCAAGA,UCAGUACCUCAGGAAUACUUCUUGAUUCAGAACGUAGGAAGUCUGAUGCCAGCUCAC,0.2170022371364653,0,"-1.36,-3.26,-13.39,0,0,-179.11,0.2631578947368421,0,0.15789473684210525,0,0,0.0,-2.08,0.05555555555555555,0,1,0.05555555555555555,-2.35,1,0.0,0,-1.1,0.05555555555555555,1",-0.300,42.1,-1.3600,-31.0900,-11.1800,-11.1800,0.0,,0,none,19,guide
UUUCUCUGCCGGUUGUCCU,UCCCACCUGUUACAUUAUCAGGACAACCGGCAGAGAAAACUCACAUCAGGAAGCCUC,0.4996271439224459,0,"0.7,-0.93,-6.82,1,0,-187.54,0.4736842105263158,1,0.21052631578947367,0,0,0.05555555555555555,-0.93,0.0,1,0,0.1111111111111111,-2.08,0,0.05555555555555555,0,-0.93,0.16666666666666666,0",-0.700,52.6,1.1500,-35.7000,-11.9000,-11.9000,0.0,,0,none,19,guide
AACAGGUGGGACCAUAAGG,GUGAAACAGGGGAAAUCAGCCUUAUGGUCCCACCUGUUACAUUAUCAGGACAACCGG,0.4660700969425801,0,"2.33,-0.93,-6.82,0,0,-189.25,0.10526315789473684,0,0.3684210526315789,0,0,0.2222222222222222,-2.24,0.05555555555555555,0,0,0.05555555555555555,-3.26,0,0.0,0,-2.11,0.0,0",-1.100,52.6,2.7800,-36.2100,-14.0400,-14.0400,0.0,,0,none,19,guide
GAUCCUUUCCAGGAGAUCA,CCCUGAUUGCCAGCCUUUGUGAUCUCCUGGAAAGGAUCUGGAGUCAUGGACUACAAG,0.3288590604026846,0,"-1.14,-2.35,-12.44,0,1,-192.2,0.2631578947368421,0,0.21052631578947367,0,0,0.05555555555555555,-1.1,0.0,0,0,0.1111111111111111,-2.11,0,0.0,0,-2.35,0.1111111111111111,1",-3.900,47.4,-0.6900,-34.2600,-10.6500,-10.6500,0.0,,0,none,19,guide
UUUCCAGGAGAUCACAAAG,GAACACCCUGAUUGCCAGCCUUUGUGAUCUCCUGGAAAGGAUCUGGAGUCAUGGACU,0.4906785980611484,0,"1.6,-0.93,-6.82,1,0,-180.02999999999997,0.21052631578947367,1,0.21052631578947367,0,0,0.05555555555555555,-0.93,0.0,1,0,0.05555555555555555,-2.08,0,0.0,0,-2.11,0.1111111111111111,0",0.000,42.1,1.6000,-31.4100,-13.9900,-13.9900,0.0,,0,none,19,guide
AGGAGAUCACAAAGGCUGG,GAAGAGAACACCCUGAUUGCCAGCCUUUGUGAUCUCCUGGAAAGGAUCUGGAGUCAU,0.3512304250559284,0,"1.63,-2.08,-10.48,0,0,-192.7,0.10526315789473684,0,0.3684210526315789,0,0,0.16666666666666666,-3.26,0.0,0,0,0.0,-3.26,0,0.05555555555555555,0,-2.08,0.0,0",0.000,52.6,1.6300,-36.1600,-13.4900,-13.4900,0.0,,0,none,19,guide
GAUCACAAAGGCUGGCAAU,GGUGGAAGAGAACACCCUGAUUGCCAGCCUUUGUGAUCUCCUGGAAAGGAUCUGGAG,0.3616703952274422,0,"-1.7,-2.35,-12.44,0,1,-187.43,0.15789473684210525,0,0.2631578947368421,0,0,0.1111111111111111,-1.1,0.0,0,0,0.0,-1.1,0,0.1111111111111111,0,-2.11,0.0,0",0.000,47.4,-1.7000,-33.7500,-10.8400,-10.8400,0.0,,0,none,19,guide
UCUUGGUCUUAUUGCGGCA,AGAGGGCCUGCUGAAGGAAUGCCGCAAUAAGACCAAGAGGAUGCUGGUGGAAAAGAU,0.5167785234899328,0,"-0.24,-2.35,-12.44,1,0,-182.22,0.42105263157894735,0,0.2631578947368421,0,0,0.1111111111111111,-2.08,0.05555555555555555,0,0,0.0,-2.11,0,0.1111111111111111,0,-2.11,0.16666666666666666,1",-0.800,47.4,-0.2400,-33.8800,-12.9700,-12.9700,0.0,,0,none,19,guide
GAUGUACUUCUCCCUCUGG,ACCUGCGUUUAGAUAAUGACCAGAGGGAGAAGUACAUCCAGGAAGCCAGGACUAUGG,0.2572706935123042,0,"0.46,-2.35,-12.44,0,1,-195.80999999999997,0.3684210526315789,0,0.21052631578947367,0,0,0.05555555555555555,-1.1,0.05555555555555555,0,0,0.1111111111111111,-3.26,0,0.0,0,-3.26,0.05555555555555555,0",0.000,52.6,0.9100,-35.9700,-11.1000,-11.1000,0.0,,0,none,19,guide
CUCUGGUCAUUAUCUAAAC,CAGCACACAGAACACCUGCGUUUAGAUAAUGACCAGAGGGAGAAGUACAUCCAGGAA,0.3832960477255779,0,"0.16,-2.08,-10.48,0,0,-176.81999999999996,0.3684210526315789,0,0.10526315789473684,0,0,0.05555555555555555,-2.35,0.1111111111111111,1,1,0.0,-2.24,0,0.0,0,-2.35,0.05555555555555555,0",0.000,36.8,0.1600,-29.3100,-14.3900,-14.3900,0.0,,0,none,19,guide
CAGUGGAAAGUACAUCAGA,CUUCUUCCCUAAGCUGCAGUCUGAUGUACUUUCCACUGGGCCAGCCAGCAACAAGUG,0.3571961222967934,0,"-0.66,-2.11,-10.44,0,0,-181.49,0.15789473684210525,0,0.2631578947368421,0,0,0.05555555555555555,-2.08,0.05555555555555555,0,1,0.0,-2.35,0,0.0,0,-2.11,0.0,1",-0.200,42.1,-0.2100,-32.0600,-12.9700,-12.9700,0.0,,0,none,19,guide
AUUCAACAGCCUGAUCUUG,UAUUUGAUUCCCGAGUUGACAAGAUCAGGCUGUUGAAUGUUCGGACACCUACUCUCC,0.4153616703952275,0,"1.46,-1.1,-9.38,0,0,-182.08,0.3157894736842105,0,0.15789473684210525,0,0,0.0,-0.93,0.0,1,0,0.05555555555555555,-2.11,0,0.05555555555555555,0,-2.35,0.1111111111111111,0",0.000,42.1,1.4600,-31.7000,-10.6700,-10.6700,0.0,,0,none,19,guide
GGUCUCCAGGAAUCUUGAG,AGCCCUACCUGCCCUUCCUCUCAAGAUUCCUGGAGACCCAGAUGUUUGCAUCUUUCA,0.4817300521998509,0,"-0.73,-3.26,-13.39,0,1,-195.98,0.2631578947368421,0,0.3157894736842105,1,0,0.1111111111111111,-2.24,0.0,0,0,0.05555555555555555,-2.08,0,0.0,0,-2.35,0.05555555555555555,0",-1.400,52.6,-1.1800,-35.4800,-14.3900,-14.3900,0.0,,0,none,19,guide
GCUUUAUCAAAGUUUUGCA,UUUACCAACAGGGAGCAAAUGCAAAACUUUGAUAAAGCAUCUUUUCUGUCAGAUCAG,0.343027591349739,0,"-1.76,-3.42,-14.88,0,1,-163.36,0.42105263157894735,0,0.15789473684210525,0,1,0.0,-2.08,0.05555555555555555,0,0,0.0,-2.11,0,0.1111111111111111,0,-0.93,0.2777777777777778,1",-0.300,31.6,-1.7600,-26.9200,-8.7200,-8.7200,0.0,,0,none,19,guide
GGAUGACAAACGCCUCAUA,CACUCAGAUGUUUGCAGAUUAUGAGGCGUUUGUCAUCCAACCCAGCCAGGAUAAGGA,0.3348247576435496,0,"-1.93,-3.26,-13.39,0,1,-186.98,0.15789473684210525,0,0.21052631578947367,1,0,0.05555555555555555,-2.35,0.05555555555555555,0,0,0.05555555555555555,-1.33,0,0.05555555555555555,0,-3.26,0.0,1",-0.900,47.4,-2.3800,-33.5400,-12.2600,-12.2600,0.0,,0,none,19,guide
GCCUCAUAAUCUGCAAACA,GCAAAUCGUUUCACUCAGAUGUUUGCAGAUUAUGAGGCGUUUGUCAUCCAACCCAGC,0.2870991797166294,0,"-1.76,-3.42,-14.88,0,1,-181.73,0.21052631578947367,0,0.10526315789473684,0,1,0.0,-3.26,0.05555555555555555,0,0,0.05555555555555555,-2.11,0,0.1111111111111111,0,-3.42,0.0,1",0.000,42.1,-1.7600,-32.0200,-12.2300,-12.2300,0.0,,0,none,19,guide
UGCAAACAUCUGAGUGAAA,GGGAAGUUUUUGCAAAUCGUUUCACUCAGAUGUUUGCAGAUUAUGAGGCGUUUGUCA,0.3161819537658464,0,"-0.73,-2.11,-10.44,1,0,-173.76999999999995,0.21052631578947367,0,0.21052631578947367,0,0,0.0,-3.42,0.0,0,0,0.0,-0.93,0,0.05555555555555555,0,-2.08,0.0,1",0.000,36.8,-1.1800,-29.9900,-11.7400,-11.7400,0.0,,0,none,19,guide
AACUUCCCGGAUCUGAAUG,UCAGGAUUUACCAGCUAAACAUUCAGAUCCGGGAAGUUUUUGCAAAUCGUUUCACUC,0.5570469798657718,1,"1.63,-0.93,-6.82,0,0,-185.7,0.2631578947368421,0,0.21052631578947367,0,0,0.05555555555555555,-2.24,0.0,0,0,0.1111111111111111,-2.11,0,0.0,0,-2.08,0.05555555555555555,0",0.000,47.4,1.6300,-33.0600,-14.1200,-14.1200,0.0,,0,none,19,guide
UUCUUCUUCAUCACACUGA,GCAAUAAGGAUCUCAAAGUUCAGUGUGAUGAAGAAGAACUCAGGAUUUACCAGCUAA,0.5607755406413124,1,"0.97,-0.93,-6.82,1,0,-176.98999999999995,0.42105263157894735,1,0.05263157894736842,0,0,0.0,-2.35,0.0,1,0,0.0,-2.35,0,0.0,0,-2.24,0.16666666666666666,1",0.000,36.8,1.4200,-30.0100,-10.7200,-10.7200,0.0,,0,none,19,guide
ACUUUGAGAUCCUUAUUGC,GUGCGUGAAGACCCCAGCAGCAAUAAGGAUCUCAAAGUUCAGUGUGAUGAAGAAGAA,0.4936614466815809,0,"1.63,-2.24,-11.4,0,0,-175.70999999999995,0.42105263157894735,0,0.15789473684210525,0,0,0.0,-2.08,0.05555555555555555,0,0,0.05555555555555555,-3.42,0,0.05555555555555555,0,-0.93,0.2222222222222222,0",0.000,36.8,1.6300,-29.5900,-10.4800,-10.4800,0.0,,0,none,19,guide
UCCUUAUUGCUGCUGGGGU,AAGUUGGAAGUGCGUGAAGACCCCAGCAGCAAUAAGGAUCUCAAAGUUCAGUGUGAU,0.4839671886651752,0,"-0.11,-2.35,-12.44,1,0,-189.58,0.42105263157894735,0,0.3157894736842105,0,0,0.16666666666666666,-3.26,0.05555555555555555,0,0,0.05555555555555555,-2.24,0,0.1111111111111111,0,-2.08,0.1111111111111111,0",-1.900,52.6,-0.1100,-36.6900,-9.6300,-9.6300,0.0,,0,none,19,guide
ACGCACUUCCAACUUUUCC,AGAGAACUGGGGUGAGCCUGGAAAAGUUGGAAGUGCGUGAAGACCCCAGCAGCAAUA,0.45339299030574204,0,"1.47,-2.24,-11.4,0,0,-179.98999999999995,0.3157894736842105,0,0.05263157894736842,0,0,0.0,-2.36,0.0,0,0,0.1111111111111111,-3.26,0,0.05555555555555555,0,-2.08,0.2222222222222222,0",0.000,47.4,1.4700,-32.6100,-13.1400,-13.1400,0.0,,0,none,19,guide
CUUAAGAAGCUCGUAGGAA,UUGCUGGCUCCCCUUUGCAUUCCUACGAGCUUCUUAAGGAGAAUGAAACUAUUGCCC,0.4459358687546607,0,"-1.6,-2.08,-10.48,0,0,-175.36,0.21052631578947367,0,0.2631578947368421,0,0,0.05555555555555555,-0.93,0.1111111111111111,1,1,0.0,-0.93,0,0.05555555555555555,0,-2.24,0.05555555555555555,1",-0.400,42.1,-1.6000,-31.1700,-8.5500,-8.5500,0.0,,0,none,19,guide
UUAAGAAGCUCGUAGGAAU,AUUGCUGGCUCCCCUUUGCAUUCCUACGAGCUUCUUAAGGAGAAUGAAACUAUUGCC,0.4876957494407159,0,"0.17,-0.93,-6.82,1,0,-170.53999999999996,0.2631578947368421,1,0.2631578947368421,0,0,0.05555555555555555,-1.33,0.1111111111111111,1,0,0.0,-1.1,0,0.05555555555555555,0,-1.33,0.05555555555555555,0",0.000,36.8,0.1700,-29.4900,-9.7000,-9.7000,0.0,,0,none,19,guide
GAAGCUCGUAGGAAUGCAA,GAACAUUGCUGGCUCCCCUUUGCAUUCCUACGAGCUUCUUAAGGAGAAUGAAACUAU,0.3788217747949292,0,"-1.87,-2.35,-12.44,0,1,-185.03,0.15789473684210525,0,0.3157894736842105,0,0,0.05555555555555555,-0.93,0.05555555555555555,0,0,0.0,-0.93,0,0.1111111111111111,0,-0.93,0.0,1",-0.800,47.4,-1.8700,-33.1400,-13.2200,-13.2200,0.0,,0,none,19,guide
AGCCAGCAAUGUUCCCAUU,GCUUGUCUCGGACAAGAGGAAUGGGAACAUUGCUGGCUCCCCUUUGCAUUCCUACGA,0.3251304996271439,0,"-0.7,-2.08,-10.48,0,0,-184.66,0.2631578947368421,0,0.15789473684210525,0,0,0.0,-3.42,0.0,0,0,0.16666666666666666,-0.93,0,0.1111111111111111,0,-2.35,0.1111111111111111,0",0.000,47.4,-1.1500,-34.1600,-16.4000,-16.4000,0.0,,0,none,19,guide
GCCAGCAAUGUUCCCAUUC,AGCUUGUCUCGGACAAGAGGAAUGGGAACAUUGCUGGCUCCCCUUUGCAUUCCUACG,0.3378076062639821,0,"-0.62,-3.42,-14.88,0,1,-194.05999999999997,0.2631578947368421,0,0.15789473684210525,0,1,0.0,-3.26,0.0,0,0,0.16666666666666666,-2.35,0,0.1111111111111111,0,-3.26,0.1111111111111111,0",0.000,52.6,-1.0700,-35.4800,-13.9100,-13.9100,0.0,,0,none,19,guide
GCAAUGUUCCCAUUCCUCU,UCUGAGCUUGUCUCGGACAAGAGGAAUGGGAACAUUGCUGGCUCCCCUUUGCAUUCC,0.3997017151379567,0,"-1.79,-3.42,-14.88,0,1,-187.94,0.3684210526315789,0,0.10526315789473684,0,1,0.0,-2.11,0.0,0,0,0.16666666666666666,-2.08,0,0.05555555555555555,0,-0.93,0.1111111111111111,0",0.000,47.4,-1.7900,-33.8300,-9.4200,-9.4200,0.0,,0,none,19,guide
CAAUGUUCCCAUUCCUCUU,CUCUGAGCUUGUCUCGGACAAGAGGAAUGGGAACAUUGCUGGCUCCCCUUUGCAUUC,0.3728560775540641,0,"-1.63,-2.11,-10.44,0,0,-179.8799999999999,0.42105263157894735,0,0.05263157894736842,0,0,0.0,-0.93,0.0,0,1,0.16666666666666666,-0.93,0,0.0,0,-2.35,0.16666666666666666,0",0.000,42.1,-1.6300,-31.1900,-9.6600,-9.6600,0.0,,0,none,19,guide
GCCCGCAGCCUCUUCAGCU,UGCAGUGAGAGUGCCUCCAAGCUGAAGAGGCUGCGGGCCUCUGAGCUUGUCUCGGAC,0.4093959731543624,0,"-1.79,-3.42,-14.88,0,1,-207.98,0.21052631578947367,0,0.21052631578947367,0,1,0.0,-3.26,0.0,0,0,0.16666666666666666,-2.08,0,0.2222222222222222,0,-0.93,0.05555555555555555,0",-0.300,68.4,-1.7900,-41.9300,-16.4900,-16.4900,0.0,,0,none,19,guide
CCAAUUUGUUGGGGAACUG,GUUGCCAGAGGACUUGCCACAGUUCCCCAACAAAUUGGAGUUUGUCCAGGAAGUCUC,0.5063385533184191,0,"-0.7,-3.26,-13.39,0,0,-180.91,0.3157894736842105,0,0.3157894736842105,0,0,0.16666666666666666,-2.11,0.0,0,1,0.05555555555555555,-2.11,1,0.0,0,-3.26,0.16666666666666666,0",-2.100,47.4,-1.1500,-32.7500,-8.1100,-8.1100,0.0,,0,none,19,guide
CAAUGAAGUGGUUGUCAAU,UAACCUCUGCUUUGUGGACAUUGACAACCACUUCAUUGAGUUGCCAGAGGACUUGCC,0.3631618195376584,0,"-1.46,-2.11,-10.44,0,0,-173.86,0.3157894736842105,0,0.2631578947368421,0,0,0.05555555555555555,-0.93,0.0,0,1,0.0,-1.1,0,0.0,0,-2.11,0.05555555555555555,0",-0.700,36.8,-1.4600,-29.1400,-9.5000,-9.5000,0.0,,0,none,19,guide
AGCUUUGACCGGUCAUCCA,GGUUUGCAUUCCAAUGGCCUGGAUGACCGGUCAAAGCUGGAGCUGCCUCAAGAGGCU,0.5048471290082028,0,"0.03,-2.08,-10.48,0,0,-190.06,0.2631578947368421,0,0.21052631578947367,0,0,0.05555555555555555,-3.42,0.0,0,0,0.1111111111111111,-2.11,0,0.05555555555555555,0,-2.35,0.1111111111111111,1",-0.800,52.6,0.0300,-35.9000,-11.8200,-11.8200,0.0,,0,none,19,guide
AUCUAAGAAAUGCAGGAGA,UCCCUAUUCUCCCAGCUUCUCUCCUGCAUUUCUUAGAUGCUCCUGUUCCAUACCUGA,0.3825503355704698,0,"0.8,-1.1,-9.38,0,0,-176.68999999999997,0.15789473684210525,0,0.2631578947368421,0,0,0.05555555555555555,-2.35,0.05555555555555555,1,0,0.0,-2.35,0,0.05555555555555555,0,-2.11,0.0,1",0.000,36.8,1.2500,-30.3000,-11.1200,-11.1200,0.0,,0,none,19,guide
UUUGACAGGAAAGUCAAAU,GUACCAAUGAGCUUCCCCUAUUUGACUUUCCUGUCAAAGAGGUUUUUGAACUGCUCG,0.4004474272930649,0,"0.17,-0.93,-6.82,1,0,-165.04,0.2631578947368421,1,0.21052631578947367,0,0,0.05555555555555555,-0.93,0.0,1,0,0.0,-1.1,0,0.0,0,-2.24,0.1111111111111111,0",-4.700,31.6,0.1700,-27.3200,-11.8200,-11.8200,0.0,,0,none,19,guide
UAUUGGCCCAUAGACCCCA,GCCGGUCCUUGAAGUUUUCUGGGGUCUAUGGGCCAAUAAUCUGCCAGAGACCAAGUA,0.4973900074571216,0,"0.33,-1.33,-7.69,1,0,-190.77,0.21052631578947367,0,0.15789473684210525,0,0,0.05555555555555555,-1.1,0.1111111111111111,0,0,0.2777777777777778,-2.11,0,0.05555555555555555,0,-2.35,0.05555555555555555,1",0.000,52.6,0.7800,-37.1300,-14.0800,-14.0800,0.0,,0,none,19,guide
CCAGGAGGUGGGAGCGGCA,UACAACGUACUCUACGAGGUGCCGCUCCCACCUCCUGGCCGGUCCUUGAAGUUUUCU,0.1856823266219239,0,"-1.6,-3.26,-13.39,0,0,-212.45,0.05263157894736842,0,0.5263157894736842,0,0,0.2777777777777778,-2.11,0.0,0,1,0.05555555555555555,-2.11,1,0.1111111111111111,0,-2.08,0.0,1",-2.100,73.7,-1.6000,-44.1300,-15.1400,-15.1400,0.0,,0,none,19,guide
UGUAUAUGUAGCUCUCAAG,UCAGCCCCCUCCACUGCCCCUUGAGAGCUACAUAUACAACGUACUCUACGAGGUGCC,0.5533184190902312,1,"0.87,-2.11,-10.44,1,0,-177.11999999999995,0.3684210526315789,0,0.21052631578947367,0,0,0.0,-2.24,0.16666666666666666,0,0,0.0,-2.08,0,0.05555555555555555,0,-2.35,0.0,0",0.000,36.8,0.4200,-30.2300,-9.2100,-9.2100,0.0,,0,none,19,guide
CAUAGGAGUUGAAGCGCUG,CACUCCUGUGACCAAACUGCAGCGCUUCAACUCCUAUGACAUUAGCCGGGACACUCU,0.37211036539895603,0,"0.0,-2.11,-10.44,0,0,-190.40999999999997,0.21052631578947367,0,0.3684210526315789,0,0,0.05555555555555555,-1.1,0.05555555555555555,0,1,0.0,-2.11,0,0.1111111111111111,0,-2.08,0.05555555555555555,0",0.000,52.6,0.0000,-34.9500,-12.2000,-12.2000,0.0,,0,none,19,guide
UGCAGUUUGGUCACAGGAG,AUGGAGGAUGGUGAAGACACUCCUGUGACCAAACUGCAGCGCUUCAACUCCUAUGAC,0.6002982848620433,1,"0.87,-2.11,-10.44,1,0,-190.69,0.2631578947368421,0,0.3684210526315789,0,0,0.1111111111111111,-3.42,0.0,0,0,0.0,-2.08,0,0.05555555555555555,0,-2.24,0.1111111111111111,0",-0.400,52.6,0.4200,-36.0700,-11.7100,-11.7100,0.0,,0,none,19,guide
CAGGAGUGUCUUCACCAUC,AGACCAGAGCAGCAUGGAGGAUGGUGAAGACACUCCUGUGACCAAACUGCAGCGCUU,0.6181953765846383,1,"0.24,-2.11,-10.44,0,0,-196.53000000000003,0.2631578947368421,0,0.21052631578947367,0,0,0.05555555555555555,-2.08,0.0,0,1,0.05555555555555555,-2.35,0,0.0,0,-2.11,0.05555555555555555,0",-1.300,52.6,0.2400,-35.7600,-14.1200,-14.1200,0.0,,0,none,19,guide
ACUCAGCAUUGUGCAUGUG,UGCAAUGCAGACCCUCUACCACAUGCACAAUGCUGAGUAUGAUGUCCUACAUGCUCC,0.5190156599552572,0,"0.77,-2.24,-11.4,0,0,-188.69,0.3157894736842105,0,0.2631578947368421,0,0,0.0,-2.08,0.0,0,0,0.0,-2.11,0,0.1111111111111111,0,-3.42,0.05555555555555555,0",-1.100,47.4,0.3200,-33.8300,-14.1500,-14.1500,0.0,,0,none,19,guide
AUUGUGCAUGUGGUAGAGG,UCUGCAGUGCAAUGCAGACCCUCUACCACAUGCACAAUGCUGAGUAUGAUGUCCUAC,0.5093214019388517,0,"2.16,-1.1,-9.38,0,0,-187.4,0.3157894736842105,0,0.42105263157894735,0,0,0.1111111111111111,-0.93,0.05555555555555555,1,0,0.0,-3.26,0,0.05555555555555555,0,-2.24,0.05555555555555555,0",-0.600,47.4,2.6100,-34.0400,-12.9200,-12.9200,0.0,,0,none,19,guide
GCAUUGCACUGCAGAUCUG,UGAAGAGGUGACUAGCAAGCAGAUCUGCAGUGCAAUGCAGACCCUCUACCACAUGCA,0.4198359433258761,0,"-0.86,-3.42,-14.88,0,1,-196.97,0.2631578947368421,0,0.2631578947368421,0,1,0.0,-2.11,0.0,0,0,0.0,-2.11,0,0.16666666666666666,0,-2.08,0.05555555555555555,0",-2.100,52.6,-1.3100,-35.8400,-11.7800,-11.7800,0.0,,0,none,19,guide
CUUGCUAGUCACCUCUUCA,GGUUUGCCCUCACAUUUUAUGAAGAGGUGACUAGCAAGCAGAUCUGCAGUGCAAUGC,0.5115585384041761,0,"-0.87,-2.08,-10.48,0,0,-186.11,0.3684210526315789,0,0.10526315789473684,0,0,0.0,-0.93,0.05555555555555555,1,1,0.05555555555555555,-2.11,0,0.05555555555555555,0,-2.08,0.1111111111111111,1",0.000,47.4,-0.4200,-33.9900,-11.9500,-11.9500,0.0,,0,none,19,guide
AUGUGAGGGCAAACCCAAA,GGAGGAUGGCUCUCGGACAUUUGGGUUUGCCCUCACAUUUUAUGAAGAGGUGACUAG,0.5473527218493661,1,"-0.17,-1.1,-9.38,0,0,-181.53,0.10526315789473684,0,0.2631578947368421,0,0,0.1111111111111111,-2.11,0.0,1,0,0.1111111111111111,-0.93,0,0.05555555555555555,0,-2.24,0.0,1",-3.600,47.4,-0.1700,-33.9900,-14.1500,-14.1500,0.0,,0,none,19,guide
AUGUCCGAGAGCCAUCCUC,UGCCUUUAUUAUCACAAGGGAGGAUGGCUCUCGGACAUUUGGGUUUGCCCUCACAUU,0.4168530947054437,0,"1.7,-1.1,-9.38,0,0,-203.04,0.21052631578947367,0,0.21052631578947367,0,0,0.0,-2.11,0.0,1,0,0.16666666666666666,-2.35,0,0.05555555555555555,0,-2.11,0.0,0",-0.300,57.9,1.7000,-38.1200,-14.6700,-14.6700,0.0,,0,none,19,guide
GGCUCCCUGGGAUCAGCCU,GGGCUGGCAUUCAAGACCCAGGCUGAUCCCAGGGAGCCCCAAUUCCAUGCCUUUAUU,0.4280387770320656,0,"-1.63,-3.26,-13.39,0,1,-212.26999999999995,0.21052631578947367,0,0.3157894736842105,1,0,0.16666666666666666,-3.42,0.0,0,0,0.16666666666666666,-2.08,0,0.1111111111111111,0,-2.35,0.0,0",-4.500,68.4,-1.6300,-42.8000,-16.4500,-16.4500,0.0,,0,none,19,guide
UGGGUCUUGAAUGCCAGCC,AUGCUAUGUAUGCCGAAAGGGCUGGCAUUCAAGACCCAGGCUGAUCCCAGGGAGCCC,0.5652498135719612,1,"1.6,-2.11,-10.44,1,0,-198.01,0.2631578947368421,0,0.3157894736842105,0,0,0.1111111111111111,-3.26,0.0,0,0,0.1111111111111111,-3.26,0,0.1111111111111111,0,-3.42,0.05555555555555555,0",-1.400,57.9,1.6000,-38.4400,-14.1200,-14.1200,0.0,,0,none,19,guide
AUUUGAAUGUUCUUCUCAA,AAAUUUUGAGCAGACACCAUUGAGAAGAACAUUCAAAUCUAAGGUCCUUGCACGAUA,0.4079045488441462,0,"-0.17,-1.1,-9.38,0,0,-162.07,0.4736842105263158,0,0.10526315789473684,0,0,0.0,-0.93,0.0,1,0,0.0,-0.93,0,0.0,0,-0.93,0.2222222222222222,1",0.000,26.3,-0.1700,-25.2700,-8.3500,-8.3500,0.0,,0,none,19,guide
CAUAAUGCCGACAGCUCGU,GAGACCGGGCUGGAGCCGGACGAGCUGUCGGCAUUAUGCCAGUACAUACAGGCUUCU,0.4034302759134974,0,"-0.77,-2.11,-10.44,0,0,-190.33,0.21052631578947367,0,0.21052631578947367,0,0,0.0,-1.1,0.05555555555555555,0,1,0.05555555555555555,-2.24,0,0.1111111111111111,0,-2.08,0.0,0",-0.400,52.6,-0.3200,-34.8100,-9.9900,-9.9900,0.0,,0,none,19,guide
CGGUCUCCGUGUCCAGUCC,CGACUACUUUGUCAUCUGCGGACUGGACACGGAGACCGGGCUGGAGCCGGACGAGCU,0.4504101416853094,0,"0.9,-2.36,-10.64,0,0,-208.43,0.2631578947368421,0,0.2631578947368421,0,0,0.05555555555555555,-3.26,0.0,0,1,0.16666666666666666,-3.26,0,0.0,1,-3.26,0.0,0",-1.800,68.4,0.9000,-40.9100,-15.5400,-15.5400,0.0,,0,none,19,guide
AGAGUAUUCUUCAGCUAGG,AGCACCCGCUUCGGGCUGACCUAGCUGAAGAAUACUCUAAGGACCGUAAAAAAUUCU,0.476510067114094,0,"1.63,-2.08,-10.48,0,0,-181.38,0.3157894736842105,0,0.2631578947368421,0,0,0.05555555555555555,-2.35,0.1111111111111111,0,0,0.0,-3.26,0,0.05555555555555555,0,-2.08,0.1111111111111111,0",-0.200,42.1,1.6300,-32.2400,-10.0300,-10.0300,0.0,,0,none,19,guide
AGUAUUCUUCAGCUAGGUC,UGAGCACCCGCUUCGGGCUGACCUAGCUGAAGAAUACUCUAAGGACCGUAAAAAAUU,0.7576435495898584,1,"1.17,-2.08,-10.48,0,0,-182.3,0.3684210526315789,0,0.21052631578947367,0,0,0.05555555555555555,-2.24,0.1111111111111111,0,0,0.0,-2.35,0,0.05555555555555555,0,-2.08,0.1111111111111111,0",0.000,42.1,0.7200,-32.0500,-10.0300,-10.0300,0.0,,0,none,19,guide
AUUCUUCAGCUAGGUCAGC,GCCUGAGCACCCGCUUCGGGCUGACCUAGCUGAAGAAUACUCUAAGGACCGUAAAAA,0.5227442207307978,1,"2.32,-1.1,-9.38,0,0,-188.53,0.3157894736842105,0,0.21052631578947367,0,0,0.05555555555555555,-0.93,0.05555555555555555,1,0,0.0,-3.42,0,0.1111111111111111,0,-3.26,0.1111111111111111,0",-0.300,47.4,2.7700,-34.3600,-10.7500,-10.7500,0.0,,0,none,19,guide
CUUCAGCUAGGUCAGCCCG,CCAGCCUGAGCACCCGCUUCGGGCUGACCUAGCUGAAGAAUACUCUAAGGACCGUAA,0.4571215510812826,0,"-0.17,-2.08,-10.48,0,0,-201.03,0.21052631578947367,0,0.2631578947368421,0,0,0.05555555555555555,-0.93,0.05555555555555555,1,1,0.1111111111111111,-2.36,0,0.1111111111111111,0,-2.11,0.05555555555555555,0",-1.100,63.2,0.2800,-39.2100,-12.9700,-12.9700,0.0,,0,none,19,guide
UCAGCUAGGUCAGCCCGAA,CCCCAGCCUGAGCACCCGCUUCGGGCUGACCUAGCUGAAGAAUACUCUAAGGACCGU,0.3653989560029828,0,"-0.97,-2.35,-12.44,1,0,-195.54999999999995,0.15789473684210525,0,0.2631578947368421,0,0,0.05555555555555555,-2.11,0.05555555555555555,0,0,0.1111111111111111,-0.93,0,0.1111111111111111,0,-3.42,0.0,1",-1.100,57.9,-1.4200,-38.4300,-13.1000,-13.1000,0.0,,0,none,19,guide
UAGGUCAGCCCGAAGCGGG,AUGACCCCCAGCCUGAGCACCCGCUUCGGGCUGACCUAGCUGAAGAAUACUCUAAGG,0.4645786726323639,0,"1.93,-1.33,-7.69,1,0,-203.32999999999996,0.10526315789473684,0,0.42105263157894735,0,0,0.16666666666666666,-2.08,0.05555555555555555,0,0,0.1111111111111111,-3.26,0,0.1111111111111111,0,-0.93,0.0,0",-3.800,68.4,2.3800,-41.4700,-14.1200,-14.1200,0.0,,0,none,19,guide
GGUCAGCCCGAAGCGGGUG,GAAUGACCCCCAGCCUGAGCACCCGCUUCGGGCUGACCUAGCUGAAGAAUACUCUAA,0.4474272930648769,0,"-0.7,-3.26,-13.39,0,1,-210.71999999999997,0.10526315789473684,0,0.4736842105263158,1,0,0.16666666666666666,-2.24,0.0,0,0,0.1111111111111111,-2.11,0,0.1111111111111111,0,-3.42,0.0,0",-6.100,73.7,-1.1500,-42.7600,-15.4600,-15.4600,0.0,,0,none,19,guide
UCAGCCCGAAGCGGGUGCU,GUGAAUGACCCCCAGCCUGAGCACCCGCUUCGGGCUGACCUAGCUGAAGAAUACUCU,0.2803877703206562,0,"-0.27,-2.35,-12.44,1,0,-203.85,0.15789473684210525,0,0.3684210526315789,0,0,0.1111111111111111,-2.11,0.0,0,0,0.1111111111111111,-2.08,0,0.16666666666666666,0,-3.26,0.0,0",-6.100,68.4,-0.2700,-41.7100,-16.4900,-16.4900,0.0,,0,none,19,guide
GCCCGAAGCGGGUGCUCAG,CUGGUGAAUGACCCCCAGCCUGAGCACCCGCUUCGGGCUGACCUAGCUGAAGAAUAC,0.3855331841909023,0,"-0.89,-3.42,-14.88,0,1,-211.29,0.10526315789473684,0,0.42105263157894735,0,1,0.1111111111111111,-3.26,0.0,0,0,0.1111111111111111,-2.08,0,0.16666666666666666,0,-2.11,0.0,0",-6.300,73.7,-1.3400,-42.5600,-14.2400,-14.2400,0.0,,0,none,19,guide
CGAAGCGGGUGCUCAGGCU,GCACUGGUGAAUGACCCCCAGCCUGAGCACCCGCUUCGGGCUGACCUAGCUGAAGAA,0.3452647278150634,0,"-0.73,-2.36,-10.64,0,0,-204.66,0.15789473684210525,0,0.42105263157894735,0,0,0.16666666666666666,-2.35,0.0,0,1,0.0,-2.08,0,0.16666666666666666,1,-2.35,0.0,0",-2.100,68.4,-0.7300,-41.0800,-14.4000,-14.4000,0.0,,0,none,19,guide
GAAGCGGGUGCUCAGGCUG,AGCACUGGUGAAUGACCCCCAGCCUGAGCACCCGCUUCGGGCUGACCUAGCUGAAGA,0.2766592095451156,0,"-0.24,-2.35,-12.44,0,1,-208.18,0.15789473684210525,0,0.4736842105263158,0,0,0.16666666666666666,-0.93,0.0,0,0,0.0,-2.11,0,0.16666666666666666,0,-2.11,0.0,0",-2.100,68.4,-0.2400,-41.3300,-15.3100,-15.3100,0.0,,0,none,19,guide
GUCAUUCACCAGUGCUAUG,ACCAAGUAAUCCAGUCCCUCAUAGCACUGGUGAAUGACCCCCAGCCUGAGCACCCGC,0.6032811334824758,1,"-0.13,-2.24,-11.4,0,1,-190.17,0.3157894736842105,0,0.21052631578947367,0,0,0.0,-2.35,0.05555555555555555,1,0,0.05555555555555555,-2.11,0,0.05555555555555555,0,-2.11,0.05555555555555555,0",0.000,47.4,-0.1300,-33.4800,-10.9500,-10.9500,0.0,,0,none,19,guide
UCAUUCACCAGUGCUAUGA,GACCAAGUAAUCCAGUCCCUCAUAGCACUGGUGAAUGACCCCCAGCCUGAGCACCCG,0.5779269202087994,1,"0.0,-2.35,-12.44,1,0,-183.77,0.3157894736842105,0,0.15789473684210525,0,0,0.0,-2.11,0.05555555555555555,0,0,0.05555555555555555,-2.35,0,0.05555555555555555,0,-3.42,0.05555555555555555,1",0.000,42.1,0.0000,-32.5900,-10.8400,-10.8400,0.0,,0,none,19,guide
CAUUCACCAGUGCUAUGAG,CGACCAAGUAAUCCAGUCCCUCAUAGCACUGGUGAAUGACCCCCAGCCUGAGCACCC,0.5749440715883669,1,"-0.03,-2.11,-10.44,0,0,-189.25,0.2631578947368421,0,0.21052631578947367,0,0,0.0,-1.1,0.05555555555555555,0,1,0.05555555555555555,-2.08,0,0.05555555555555555,0,-2.08,0.05555555555555555,0",0.000,47.4,-0.0300,-33.5200,-11.9900,-11.9900,0.0,,0,none,19,guide
GAGGGACUGGAUUACUUGG,AGCCAGCAACCAAAACCGACCAAGUAAUCCAGUCCCUCAUAGCACUGGUGAAUGACC,0.4578672632363907,0,"0.46,-2.35,-12.44,0,1,-193.1,0.2631578947368421,0,0.42105263157894735,0,0,0.2222222222222222,-2.08,0.05555555555555555,0,0,0.0,-3.26,0,0.0,0,-1.33,0.1111111111111111,0",0.000,52.6,0.9100,-35.9300,-15.2700,-15.2700,0.0,,0,none,19,guide
AGGGACUGGAUUACUUGGU,AAGCCAGCAACCAAAACCGACCAAGUAAUCCAGUCCCUCAUAGCACUGGUGAAUGAC,0.651006711409396,1,"0.16,-2.08,-10.48,0,0,-184.62,0.3157894736842105,0,0.3684210526315789,0,0,0.2222222222222222,-3.26,0.05555555555555555,0,0,0.0,-2.24,0,0.0,0,-2.24,0.1111111111111111,0",0.000,47.4,0.1600,-34.5700,-15.3000,-15.3000,0.0,,0,none,19,guide
CUGGAUUACUUGGUCGGUU,ACUGGAAGCCAGCAACCAAAACCGACCAAGUAAUCCAGUCCCUCAUAGCACUGGUGA,0.4966442953020135,0,"-1.6,-2.08,-10.48,0,0,-181.93000000000004,0.42105263157894735,0,0.3157894736842105,0,0,0.16666666666666666,-2.11,0.05555555555555555,1,1,0.0,-0.93,0,0.0,0,-2.24,0.16666666666666666,0",-0.700,47.4,-1.6000,-33.0200,-11.0800,-11.0800,0.0,,0,none,19,guide
GAUUACUUGGUCGGUUUUG,AAAACUGGAAGCCAGCAACCAAAACCGACCAAGUAAUCCAGUCCCUCAUAGCACUGG,0.4190902311707681,0,"-0.24,-2.35,-12.44,0,1,-175.42,0.4736842105263158,0,0.3157894736842105,0,0,0.1111111111111111,-1.1,0.05555555555555555,0,0,0.0,-2.11,0,0.0,0,-3.26,0.2777777777777778,0",-0.700,42.1,-0.2400,-29.8900,-8.6100,-8.6100,0.0,,0,none,19,guide
AUUACUUGGUCGGUUUUGG,GAAAACUGGAAGCCAGCAACCAAAACCGACCAAGUAAUCCAGUCCCUCAUAGCACUG,0.6308724832214765,1,"2.16,-1.1,-9.38,0,0,-172.64999999999995,0.4736842105263158,0,0.3157894736842105,0,0,0.16666666666666666,-0.93,0.05555555555555555,1,0,0.0,-3.26,0,0.0,0,-2.24,0.2777777777777778,0",0.000,42.1,2.6100,-30.5000,-9.6200,-9.6200,0.0,,0,none,19,guide
ACUUGGUCGGUUUUGGUUG,GCCGAAAACUGGAAGCCAGCAACCAAAACCGACCAAGUAAUCCAGUCCCUCAUAGCA,0.6487695749440716,1,"0.77,-2.24,-11.4,0,0,-177.42,0.4736842105263158,0,0.3684210526315789,0,0,0.16666666666666666,-2.08,0.0,0,0,0.0,-2.11,0,0.0,0,-0.93,0.2777777777777778,0",0.000,47.4,0.3200,-32.5700,-12.9700,-12.9700,0.0,,0,none,19,guide
UGGUCGGUUUUGGUUGCUG,AGUGCCGAAAACUGGAAGCCAGCAACCAAAACCGACCAAGUAAUCCAGUCCCUCAUA,0.4474272930648769,0,"0.9,-2.11,-10.44,1,0,-184.51999999999995,0.4736842105263158,0,0.42105263157894735,0,0,0.16666666666666666,-3.26,0.0,0,0,0.0,-2.11,0,0.05555555555555555,0,-2.24,0.2222222222222222,0",-1.000,52.6,0.4500,-34.7300,-15.7100,-15.7100,0.0,,0,none,19,guide
CGGUUUUGGUUGCUGGCUU,AAUUAGUGCCGAAAACUGGAAGCCAGCAACCAAAACCGACCAAGUAAUCCAGUCCCU,0.3109619686800894,0,"-1.43,-2.36,-10.64,0,0,-182.42,0.4736842105263158,0,0.3684210526315789,0,0,0.16666666666666666,-3.26,0.0,0,1,0.0,-0.93,0,0.1111111111111111,1,-2.08,0.2777777777777778,0",-2.200,52.6,-1.8800,-34.6600,-10.4000,-10.4000,0.0,,0,none,19,guide
GUUUUGGUUGCUGGCUUCC,GUAAUUAGUGCCGAAAACUGGAAGCCAGCAACCAAAACCGACCAAGUAAUCCAGUCC,0.5443698732289336,1,"0.57,-2.24,-11.4,0,1,-187.94,0.4736842105263158,0,0.3157894736842105,0,0,0.1111111111111111,-0.93,0.0,1,0,0.05555555555555555,-3.26,0,0.1111111111111111,0,-3.26,0.2777777777777778,0",0.000,52.6,1.0200,-34.8000,-10.4000,-10.4000,0.0,,0,none,19,guide
UGGUUGCUGGCUUCCAGUU,GCCAGUAAUUAGUGCCGAAAACUGGAAGCCAGCAACCAAAACCGACCAAGUAAUCCA,0.5354213273676359,1,"-0.73,-2.11,-10.44,1,0,-187.78,0.42105263157894735,0,0.3157894736842105,0,0,0.1111111111111111,-3.26,0.0,0,0,0.05555555555555555,-0.93,0,0.1111111111111111,0,-2.35,0.16666666666666666,0",-4.600,52.6,-1.1800,-36.4300,-14.0400,-14.0400,0.0,,0,none,19,guide
UUUCGGCACUAAUUACUGG,AAAGGGGCAGGUCUGUCUGCCAGUAAUUAGUGCCGAAAACUGGAAGCCAGCAACCAA,0.6174496644295302,1,"2.33,-0.93,-6.82,1,0,-174.08999999999997,0.3684210526315789,1,0.21052631578947367,0,0,0.1111111111111111,-0.93,0.1111111111111111,1,0,0.0,-3.26,0,0.05555555555555555,0,-0.93,0.16666666666666666,0",0.000,42.1,2.7800,-31.0500,-14.4300,-14.4300,0.0,,0,none,19,guide
CACUAAUUACUGGCAGACA,CGACGAAAAGGGGCAGGUCUGUCUGCCAGUAAUUAGUGCCGAAAACUGGAAGCCAGC,0.3855331841909023,0,"-0.9,-2.11,-10.44,0,0,-179.18,0.21052631578947367,0,0.15789473684210525,0,0,0.05555555555555555,-2.24,0.1111111111111111,0,1,0.0,-2.11,0,0.05555555555555555,0,-3.42,0.05555555555555555,1",0.000,42.1,-0.4500,-31.7600,-8.6100,-8.6100,0.0,,0,none,19,guide
ACUAAUUACUGGCAGACAG,UCGACGAAAAGGGGCAGGUCUGUCUGCCAGUAAUUAGUGCCGAAAACUGGAAGCCAG,0.3914988814317673,0,"0.74,-2.24,-11.4,0,0,-179.22,0.21052631578947367,0,0.21052631578947367,0,0,0.05555555555555555,-2.08,0.1111111111111111,0,0,0.0,-2.08,0,0.05555555555555555,0,-2.11,0.05555555555555555,0",-1.500,42.1,0.2900,-31.8800,-7.7000,-7.7000,0.0,,0,none,19,guide
UAAUUACUGGCAGACAGAC,CAUCGACGAAAAGGGGCAGGUCUGUCUGCCAGUAAUUAGUGCCGAAAACUGGAAGCC,0.6785980611483967,1,"1.36,-1.33,-7.69,1,0,-181.18,0.21052631578947367,0,0.21052631578947367,0,0,0.05555555555555555,-0.93,0.1111111111111111,0,0,0.0,-2.24,0,0.05555555555555555,0,-2.35,0.05555555555555555,0",-2.100,42.1,1.3600,-32.3500,-8.6100,-8.6100,0.0,,0,none,19,guide
AAUUACUGGCAGACAGACC,ACAUCGACGAAAAGGGGCAGGUCUGUCUGCCAGUAAUUAGUGCCGAAAACUGGAAGC,0.5540641312453393,1,"2.33,-0.93,-6.82,0,0,-186.88,0.15789473684210525,0,0.21052631578947367,0,0,0.05555555555555555,-1.1,0.05555555555555555,0,0,0.05555555555555555,-3.26,0,0.05555555555555555,0,-2.24,0.05555555555555555,0",-2.100,47.4,2.7800,-34.2800,-9.7900,-9.7900,0.0,,0,none,19,guide
UACUGGCAGACAGACCUGC,CAAACAUCGACGAAAAGGGGCAGGUCUGUCUGCCAGUAAUUAGUGCCGAAAACUGGA,0.3929903057419836,0,"2.09,-1.33,-7.69,1,0,-199.66,0.15789473684210525,0,0.2631578947368421,0,0,0.05555555555555555,-2.24,0.05555555555555555,0,0,0.05555555555555555,-3.42,0,0.1111111111111111,0,-2.35,0.0,0",-3.700,57.9,2.5400,-38.9300,-15.2200,-15.2200,0.0,,0,none,19,guide
CCUGCCCCUUUUCGUCGAU,AAAGAUCUAUCACCCAAACAUCGACGAAAAGGGGCAGGUCUGUCUGCCAGUAAUUAG,0.23862788963460102,0,"-2.16,-3.26,-13.39,0,0,-192.35,0.3684210526315789,0,0.15789473684210525,0,0,0.0,-2.08,0.0,0,1,0.2222222222222222,-1.1,1,0.05555555555555555,0,-2.36,0.16666666666666666,0",0.000,57.9,-2.6100,-36.3400,-17.3900,-17.3900,0.0,,0,none,19,guide
UGCCCCUUUUCGUCGAUGU,ACAAAGAUCUAUCACCCAAACAUCGACGAAAAGGGGCAGGUCUGUCUGCCAGUAAUU,0.4809843400447428,0,"0.13,-2.11,-10.44,1,0,-186.6,0.42105263157894735,0,0.21052631578947367,0,0,0.0,-3.42,0.0,0,0,0.16666666666666666,-2.24,0,0.05555555555555555,0,-2.35,0.16666666666666666,0",0.000,52.6,0.1300,-35.1500,-16.2100,-16.2100,0.0,,0,none,19,guide
CCUUUUCGUCGAUGUUUGG,UAAAACAAAGAUCUAUCACCCAAACAUCGACGAAAAGGGGCAGGUCUGUCUGCCAGU,0.4429530201342281,0,"0.0,-3.26,-13.39,0,0,-179.40999999999997,0.4736842105263158,0,0.2631578947368421,0,0,0.05555555555555555,-2.08,0.0,0,1,0.05555555555555555,-3.26,1,0.0,0,-2.11,0.2777777777777778,0",0.000,47.4,0.0000,-31.2300,-9.5800,-9.5800,0.0,,0,none,19,guide
CGUCGAUGUUUGGGUGAUA,CACAUUUAAAACAAAGAUCUAUCACCCAAACAUCGACGAAAAGGGGCAGGUCUGUCU,0.4250559284116331,0,"-1.03,-2.36,-10.64,0,0,-183.66,0.3684210526315789,0,0.3684210526315789,0,0,0.1111111111111111,-2.24,0.05555555555555555,0,1,0.0,-1.33,0,0.0,1,-3.26,0.1111111111111111,1",0.000,47.4,-1.4800,-32.6400,-12.5100,-12.5100,0.0,,0,none,19,guide
AUGUUUGGGUGAUAGAUCU,AAGAUCACAUUUAAAACAAAGAUCUAUCACCCAAACAUCGACGAAAAGGGGCAGGUC,0.5451155853840417,1,"0.53,-1.1,-9.38,0,0,-177.59999999999997,0.42105263157894735,0,0.3157894736842105,0,0,0.1111111111111111,-2.11,0.05555555555555555,1,0,0.0,-2.08,0,0.0,0,-1.33,0.1111111111111111,0",-0.500,36.8,0.9800,-30.3900,-11.5800,-11.5800,0.0,,0,none,19,guide
UUUGGGUGAUAGAUCUUUG,CCGAAGAUCACAUUUAAAACAAAGAUCUAUCACCCAAACAUCGACGAAAAGGGGCAG,0.6174496644295302,1,"1.63,-0.93,-6.82,1,0,-174.17999999999995,0.4736842105263158,1,0.3157894736842105,0,0,0.1111111111111111,-0.93,0.05555555555555555,1,0,0.0,-2.11,0,0.0,0,-1.1,0.2222222222222222,0",-0.800,36.8,1.6300,-29.4600,-13.9100,-13.9100,0.0,,0,none,19,guide
GGGUGAUAGAUCUUUGUUU,CCACCGAAGAUCACAUUUAAAACAAAGAUCUAUCACCCAAACAUCGACGAAAAGGGG,0.3736017897091722,0,"-2.33,-3.26,-13.39,0,1,-175.14,0.4736842105263158,0,0.3157894736842105,1,0,0.1111111111111111,-3.26,0.05555555555555555,0,0,0.0,-0.93,0,0.0,0,-0.93,0.2222222222222222,0",-0.400,36.8,-2.7800,-29.7400,-12.3900,-12.3900,0.0,,0,none,19,guide
AUAGAUCUUUGUUUUAAAU,UCAAACCACCGAAGAUCACAUUUAAAACAAAGAUCUAUCACCCAAACAUCGACGAAA,0.48844146159582397,0,"0.0,-1.1,-9.38,0,0,-147.88999999999996,0.5263157894736842,0,0.10526315789473684,0,0,0.0,-1.33,0.1111111111111111,1,0,0.0,-1.1,0,0.0,0,-0.93,0.2777777777777778,0",0.000,15.8,0.0000,-20.8900,-11.2900,-11.2900,0.0,,0,none,19,guide
UUUUAAAUGUGAUCUUCGG,AGAGUACCCAUUCAAACCACCGAAGAUCACAUUUAAAACAAAGAUCUAUCACCCAAA,0.6219239373601789,1,"2.33,-0.93,-6.82,1,0,-164.14999999999995,0.4736842105263158,1,0.21052631578947367,0,0,0.05555555555555555,-0.93,0.05555555555555555,1,0,0.0,-3.26,0,0.0,0,-2.35,0.2222222222222222,0",0.000,31.6,2.7800,-26.2300,-6.1500,-6.1500,0.0,,0,none,19,guide
UGAUCUUCGGUGGUUUGAA,CUUUCCAGCAGAGUACCCAUUCAAACCACCGAAGAUCACAUUUAAAACAAAGAUCUA,0.4914243102162565,0,"-0.73,-2.11,-10.44,1,0,-177.39,0.42105263157894735,0,0.3157894736842105,0,0,0.1111111111111111,-2.35,0.0,0,0,0.0,-0.93,0,0.0,0,-2.24,0.16666666666666666,1",-0.900,42.1,-1.1800,-31.3500,-11.1600,-11.1600,0.0,,0,none,19,guide
UCGGUGGUUUGAAUGGGUA,AAUCAACUUUCCAGCAGAGUACCCAUUCAAACCACCGAAGAUCACAUUUAAAACAAA,0.5354213273676359,1,"-0.57,-2.35,-12.44,1,0,-181.08,0.3684210526315789,0,0.42105263157894735,0,0,0.2222222222222222,-2.36,0.05555555555555555,0,0,0.0,-1.33,0,0.0,0,-1.1,0.1111111111111111,1",0.000,47.4,-1.0200,-33.8800,-15.4700,-15.4700,0.0,,0,none,19,guide
UUGAAUGGGUACUCUGCUG,AGAAUCGAAAUCAACUUUCCAGCAGAGUACCCAUUCAAACCACCGAAGAUCACAUUU,0.6711409395973155,1,"1.63,-0.93,-6.82,1,0,-185.92,0.3684210526315789,1,0.3157894736842105,0,0,0.1111111111111111,-2.11,0.05555555555555555,1,0,0.0,-2.11,0,0.05555555555555555,0,-2.35,0.05555555555555555,0",0.000,47.4,1.6300,-33.9500,-11.8600,-11.8600,0.0,,0,none,19,guide
UCUGAAGGCUCCCUUAUCA,UUCCUGACAACCCUCCAUAUGAUAAGGGAGCCUUCAGAAUCGAAAUCAACUUUCCAG,0.8195376584638331,1,"-0.24,-2.35,-12.44,1,0,-187.26999999999995,0.3157894736842105,0,0.15789473684210525,0,0,0.05555555555555555,-2.08,0.05555555555555555,0,0,0.1111111111111111,-2.11,0,0.05555555555555555,0,-2.08,0.05555555555555555,1",-1.500,47.4,-0.2400,-34.9400,-12.8100,-12.8100,0.0,,0,none,19,guide
CUCCCUUAUCAUAUGGAGG,GCUUAUUGUUCCUGACAACCCUCCAUAUGAUAAGGGAGCCUUCAGAAUCGAAAUCAA,0.6055182699478002,1,"0.73,-2.08,-10.48,0,0,-189.93,0.3157894736842105,0,0.21052631578947367,0,0,0.1111111111111111,-2.35,0.1111111111111111,1,1,0.1111111111111111,-3.26,0,0.0,0,-1.1,0.05555555555555555,0",-3.400,47.4,1.1800,-33.6500,-13.2100,-13.2100,0.0,,0,none,19,guide
AUAUGGAGGGUUGUCAGGA,CUUGGCAAGGGCUUAUUGUUCCUGACAACCCUCCAUAUGAUAAGGGAGCCUUCAGAA,0.5197613721103653,0,"0.8,-1.1,-9.38,0,0,-188.18,0.2631578947368421,0,0.42105263157894735,0,0,0.2222222222222222,-1.33,0.05555555555555555,1,0,0.0,-2.35,0,0.0,0,-2.24,0.05555555555555555,1",0.000,47.4,1.2500,-34.8800,-12.2300,-12.2300,0.0,,0,none,19,guide
GGAACAAUAAGCCCUUGCC,GAAGCUAAUUUAUUGACUUGGCAAGGGCUUAUUGUUCCUGACAACCCUCCAUAUGAU,0.5920954511558538,1,"0.0,-3.26,-13.39,0,1,-189.74,0.15789473684210525,0,0.21052631578947367,1,0,0.05555555555555555,-2.35,0.05555555555555555,0,0,0.16666666666666666,-3.26,0,0.1111111111111111,0,-3.26,0.05555555555555555,0",0.000,52.6,0.0000,-35.2100,-9.6600,-9.6600,0.0,,0,none,19,guide
UAAGCCCUUGCCAAGUCAA,GGUUGAUGAAGCUAAUUUAUUGACUUGGCAAGGGCUUAUUGUUCCUGACAACCCUCC,0.4615958240119314,0,"-0.4,-1.33,-7.69,1,0,-180.45,0.21052631578947367,0,0.15789473684210525,0,0,0.0,-0.93,0.05555555555555555,0,0,0.16666666666666666,-0.93,0,0.1111111111111111,0,-0.93,0.05555555555555555,1",0.000,47.4,-0.4000,-34.1900,-15.0300,-15.0300,0.0,,0,none,19,guide
AAGCCCUUGCCAAGUCAAU,AGGUUGAUGAAGCUAAUUUAUUGACUUGGCAAGGGCUUAUUGUUCCUGACAACCCUC,0.4377330350484713,0,"0.17,-0.93,-6.82,0,0,-182.14,0.21052631578947367,0,0.15789473684210525,0,0,0.0,-2.08,0.0,0,0,0.16666666666666666,-1.1,0,0.1111111111111111,0,-2.08,0.05555555555555555,0",0.000,47.4,0.1700,-33.9600,-15.0300,-15.0300,0.0,,0,none,19,guide
AGCCCUUGCCAAGUCAAUA,CAGGUUGAUGAAGCUAAUUUAUUGACUUGGCAAGGGCUUAUUGUUCCUGACAACCCU,0.5615212527964206,1,"-0.3,-2.08,-10.48,0,0,-183.01,0.21052631578947367,0,0.15789473684210525,0,0,0.0,-3.42,0.05555555555555555,0,0,0.16666666666666666,-1.33,0,0.1111111111111111,0,-2.24,0.05555555555555555,1",0.000,47.4,-0.7500,-34.2100,-15.0600,-15.0600,0.0,,0,none,19,guide
GCCAAGUCAAUAAAUUAGC,UAACAUCCAGGUUGAUGAAGCUAAUUUAUUGACUUGGCAAGGGCUUAUUGUUCCUGA,0.3445190156599553,0,"0.0,-3.42,-14.88,0,1,-173.45999999999995,0.21052631578947367,0,0.15789473684210525,0,1,0.0,-3.26,0.1111111111111111,0,0,0.05555555555555555,-3.42,0,0.1111111111111111,0,-0.93,0.05555555555555555,0",0.000,36.8,0.0000,-29.1900,-12.9700,-12.9700,0.0,,0,none,19,guide
AAUUAGCUUCAUCAACCUG,GAAAAACUUCCGUAACAUCCAGGUUGAUGAAGCUAAUUUAUUGACUUGGCAAGGGCU,0.72110365398956,1,"1.63,-0.93,-6.82,0,0,-173.70999999999995,0.3157894736842105,0,0.10526315789473684,0,0,0.0,-1.1,0.05555555555555555,0,0,0.05555555555555555,-2.11,0,0.05555555555555555,0,-2.11,0.1111111111111111,0",0.000,36.8,1.6300,-29.1500,-10.9400,-10.9400,0.0,,0,none,19,guide
UUAGCUUCAUCAACCUGGA,AUGAAAAACUUCCGUAACAUCCAGGUUGAUGAAGCUAAUUUAUUGACUUGGCAAGGG,0.8314690529455631,1,"0.97,-0.93,-6.82,1,0,-179.62,0.3157894736842105,1,0.15789473684210525,0,0,0.05555555555555555,-1.33,0.05555555555555555,1,0,0.05555555555555555,-2.35,0,0.05555555555555555,0,-2.24,0.1111111111111111,1",0.000,42.1,1.4200,-32.3800,-12.1900,-12.1900,0.0,,0,none,19,guide
AUCAACCUGGAUGUUACGG,XXXXUGGGAUGAAAAACUUCCGUAACAUCCAGGUUGAUGAAGCUAAUUUAUUGACUU,0.4578672632363907,0,"2.16,-1.1,-9.38,0,0,-184.45,0.2631578947368421,0,0.2631578947368421,0,0,0.1111111111111111,-2.35,0.05555555555555555,1,0,0.05555555555555555,-3.26,0,0.0,0,-2.24,0.05555555555555555,0",-0.300,47.4,2.6100,-33.2200,-12.9700,-12.9700,0.0,,0,none,19,guide
UUUGGCAGUAAAUCGUGUA,CCCAGCUCAAGCAGAGGCCUACACGAUUUACUGCCAAAACAGAGXXXXXXXXXXXXX,0.6927665920954512,1,"0.4,-0.93,-6.82,1,0,-168.33999999999997,0.3684210526315789,1,0.2631578947368421,0,0,0.05555555555555555,-0.93,0.1111111111111111,1,0,0.0,-1.33,0,0.05555555555555555,0,-2.35,0.1111111111111111,1",-0.800,36.8,0.4000,-29.3600,-13.9100,-13.9100,0.0,,0,none,19,guide
GGCAGUAAAUCGUGUAGGC,AGACCCAGCUCAAGCAGAGGCCUACACGAUUUACUGCCAAAACAGAGXXXXXXXXXX,0.505592841163311,0,"0.16,-3.26,-13.39,0,1,-190.45,0.21052631578947367,0,0.3684210526315789,1,0,0.1111111111111111,-3.42,0.1111111111111111,0,0,0.0,-3.42,0,0.1111111111111111,0,-2.11,0.0,0",-0.800,52.6,0.1600,-35.4000,-12.1100,-12.1100,0.0,,0,none,19,guide
UAAAUCGUGUAGGCCUCUG,AUCCAAGACCCAGCUCAAGCAGAGGCCUACACGAUUUACUGCCAAAACAGAGXXXXX,0.6249067859806114,1,"1.23,-1.33,-7.69,1,0,-183.37,0.3157894736842105,0,0.2631578947368421,0,0,0.05555555555555555,-0.93,0.1111111111111111,0,0,0.05555555555555555,-2.11,0,0.05555555555555555,0,-3.42,0.0,0",0.000,47.4,1.2300,-33.4700,-9.9100,-9.9100,0.0,,0,none,19,guide
GUAGGCCUCUGCUUGAGCU,AACCAAAUAUCCAAGACCCAGCUCAAGCAGAGGCCUACACGAUUUACUGCCAAAACA,0.6674123788217748,1,"-1.06,-2.24,-11.4,0,1,-198.64,0.3157894736842105,0,0.3157894736842105,0,0,0.05555555555555555,-1.33,0.05555555555555555,1,0,0.05555555555555555,-2.08,0,0.16666666666666666,0,-0.93,0.05555555555555555,0",-2.700,57.9,-0.6100,-38.5900,-15.4300,-15.4300,0.0,,0,none,19,guide
CUGCUUGAGCUGGGUCUUG,UCUAAAUGAACCAAAUAUCCAAGACCCAGCUCAAGCAGAGGCCUACACGAUUUACUG,0.5652498135719612,1,"0.03,-2.08,-10.48,0,0,-197.01,0.3684210526315789,0,0.3684210526315789,0,0,0.1111111111111111,-2.11,0.0,1,1,0.0,-2.11,0,0.1111111111111111,0,-3.26,0.1111111111111111,0",0.000,57.9,0.0300,-37.4100,-13.0000,-13.0000,0.0,,0,none,19,guide
UGGGUCUUGGAUAUUUGGU,UACAGGAACUUCUAAAUGAACCAAAUAUCCAAGACCCAGCUCAAGCAGAGGCCUACA,0.6256524981357195,1,"0.13,-2.11,-10.44,1,0,-178.9,0.4736842105263158,0,0.3684210526315789,0,0,0.2222222222222222,-3.26,0.05555555555555555,0,0,0.0,-2.24,0,0.0,0,-1.1,0.16666666666666666,0",0.000,42.1,0.1300,-32.4600,-14.1200,-14.1200,0.0,,0,none,19,guide
GGGUCUUGGAUAUUUGGUU,AUACAGGAACUUCUAAAUGAACCAAAUAUCCAAGACCCAGCUCAAGCAGAGGCCUAC,0.3646532438478747,0,"-2.33,-3.26,-13.39,0,1,-178.99999999999997,0.4736842105263158,0,0.3684210526315789,1,0,0.2222222222222222,-3.26,0.05555555555555555,0,0,0.0,-0.93,0,0.0,0,-0.93,0.2222222222222222,0",0.000,42.1,-2.7800,-31.8300,-12.9700,-12.9700,0.0,,0,none,19,guide
UAUUUGGUUCAUUUAGAAG,CCUAUUAGGAAUACAGGAACUUCUAAAUGAACCAAAUAUCCAAGACCCAGCUCAAGC,0.6621923937360179,1,"1.2,-1.33,-7.69,1,0,-159.23999999999995,0.4736842105263158,0,0.21052631578947367,0,0,0.05555555555555555,-1.1,0.1111111111111111,0,0,0.0,-2.08,0,0.0,0,-0.93,0.2777777777777778,0",0.000,26.3,1.2000,-24.9300,-10.5700,-10.5700,0.0,,0,none,19,guide
CAUUUAGAAGUUCCUGUAU,CAAACAGAUCCUAUUAGGAAUACAGGAACUUCUAAAUGAACCAAAUAUCCAAGACCC,0.3885160328113348,0,"-1.46,-2.11,-10.44,0,0,-167.48,0.42105263157894735,0,0.15789473684210525,0,0,0.0,-1.1,0.1111111111111111,0,1,0.05555555555555555,-1.1,0,0.0,0,-3.26,0.16666666666666666,0",0.000,31.6,-1.4600,-27.5400,-8.7200,-8.7200,0.0,,0,none,19,guide
AGUUCCUGUAUUCCUAAUA,AUCACAAUCAAACAGAUCCUAUUAGGAAUACAGGAACUUCUAAAUGAACCAAAUAUC,0.5361670395227442,1,"-0.3,-2.08,-10.48,0,0,-167.57999999999996,0.42105263157894735,0,0.10526315789473684,0,0,0.0,-2.24,0.16666666666666666,0,0,0.1111111111111111,-1.33,0,0.0,0,-3.26,0.1111111111111111,1",0.000,31.6,-0.7500,-28.2400,-12.9700,-12.9700,0.0,,0,none,19,guide
UGUAUUCCUAAUAGGAUCU,CCAGCCAUCACAAUCAAACAGAUCCUAUUAGGAAUACAGGAACUUCUAAAUGAACCA,0.674123788217748,1,"-0.03,-2.11,-10.44,1,0,-171.17999999999995,0.42105263157894735,0,0.15789473684210525,0,0,0.05555555555555555,-2.24,0.16666666666666666,0,0,0.05555555555555555,-2.08,0,0.0,0,-2.08,0.05555555555555555,0",-2.200,31.6,-0.0300,-28.6700,-11.2100,-11.2100,0.0,,0,none,19,guide
GUAUUCCUAAUAGGAUCUG,GCCAGCCAUCACAAUCAAACAGAUCCUAUUAGGAAUACAGGAACUUCUAAAUGAACC,0.5548098434004475,1,"-0.13,-2.24,-11.4,0,1,-178.61999999999995,0.3684210526315789,0,0.21052631578947367,0,0,0.05555555555555555,-1.33,0.16666666666666666,1,0,0.05555555555555555,-2.11,0,0.0,0,-3.26,0.05555555555555555,0",-2.200,36.8,-0.1300,-29.9200,-11.0500,-11.0500,0.0,,0,none,19,guide
UAGGAUCUGUUUGAUUGUG,AGGACUGGAGGCCAGCCAUCACAAUCAAACAGAUCCUAUUAGGAAUACAGGAACUUC,0.6517524235645041,1,"1.23,-1.33,-7.69,1,0,-175.80999999999997,0.4736842105263158,0,0.3157894736842105,0,0,0.05555555555555555,-2.08,0.05555555555555555,0,0,0.0,-2.11,0,0.0,0,-2.35,0.16666666666666666,0",-2.400,36.8,1.2300,-29.4200,-13.2200,-13.2200,0.0,,0,none,19,guide
CUGUUUGAUUGUGAUGGCU,AGGACAAGGACUGGAGGCCAGCCAUCACAAUCAAACAGAUCCUAUUAGGAAUACAGG,0.4481730052199851,0,"-0.9,-2.08,-10.48,0,0,-181.0,0.4736842105263158,0,0.3157894736842105,0,0,0.05555555555555555,-2.11,0.0,1,1,0.0,-2.08,0,0.05555555555555555,0,-2.35,0.16666666666666666,0",0.000,42.1,-0.4500,-31.4700,-10.6700,-10.6700,0.0,,0,none,19,guide
GUUUGAUUGUGAUGGCUGG,GGAGGACAAGGACUGGAGGCCAGCCAUCACAAUCAAACAGAUCCUAUUAGGAAUACA,0.4175988068605519,0,"0.57,-2.24,-11.4,0,1,-187.63,0.42105263157894735,0,0.42105263157894735,0,0,0.1111111111111111,-0.93,0.0,1,0,0.0,-3.26,0,0.05555555555555555,0,-2.11,0.16666666666666666,0",0.000,47.4,1.0200,-33.3500,-8.3500,-8.3500,0.0,,0,none,19,guide
UGGCCUCCAGUCCUUGUCC,GCCUGUCCAUCUUAGAGGAGGACAAGGACUGGAGGCCAGCCAUCACAAUCAAACAGA,0.6405667412378822,1,"1.6,-2.11,-10.44,1,0,-204.2,0.3157894736842105,0,0.21052631578947367,0,0,0.05555555555555555,-3.26,0.0,0,0,0.2222222222222222,-3.26,0,0.05555555555555555,0,-2.08,0.05555555555555555,0",-0.300,63.2,1.6000,-40.8100,-17.6300,-17.6300,0.0,,0,none,19,guide
UCCAGUCCUUGUCCUCCUC,AGUGUGCCUGUCCAUCUUAGAGGAGGACAAGGACUGGAGGCCAGCCAUCACAAUCAA,0.5257270693512304,1,"0.9,-2.35,-12.44,1,0,-200.85,0.3684210526315789,0,0.10526315789473684,0,0,0.0,-3.26,0.0,0,0,0.2222222222222222,-2.35,0,0.0,0,-3.26,0.05555555555555555,0",0.000,57.9,0.4500,-38.8000,-15.3000,-15.3000,0.0,,0,none,19,guide
UCUAAGAUGGACAGGCACA,GUGUACCCUUCGGGGACAGUGUGCCUGUCCAUCUUAGAGGAGGACAAGGACUGGAGG,0.5667412378821775,1,"-0.24,-2.35,-12.44,1,0,-187.82,0.15789473684210525,0,0.2631578947368421,0,0,0.1111111111111111,-2.08,0.05555555555555555,0,0,0.0,-2.11,0,0.05555555555555555,0,-2.08,0.0,1",0.000,47.4,-0.2400,-35.0200,-9.8700,-9.8700,0.0,,0,none,19,guide
AAGAUGGACAGGCACACUG,AAUGUGUACCCUUCGGGGACAGUGUGCCUGUCCAUCUUAGAGGAGGACAAGGACUGG,0.5973154362416108,1,"1.63,-0.93,-6.82,0,0,-193.25,0.10526315789473684,0,0.3157894736842105,0,0,0.1111111111111111,-2.08,0.0,0,0,0.0,-2.11,0,0.05555555555555555,0,-2.11,0.0,0",-1.500,52.6,1.6300,-36.2400,-13.2500,-13.2500,0.0,,0,none,19,guide
AGAUGGACAGGCACACUGU,GAAUGUGUACCCUUCGGGGACAGUGUGCCUGUCCAUCUUAGAGGAGGACAAGGACUG,0.4414615958240119,0,"0.16,-2.08,-10.48,0,0,-194.11,0.15789473684210525,0,0.3157894736842105,0,0,0.1111111111111111,-2.35,0.0,0,0,0.0,-2.24,0,0.05555555555555555,0,-2.24,0.0,0",-3.100,52.6,0.1600,-36.8500,-13.4100,-13.4100,0.0,,0,none,19,guide
GGACAGGCACACUGUCCCC,ACCCGAAUGUGUACCCUUCGGGGACAGUGUGCCUGUCCAUCUUAGAGGAGGACAAGG,0.3564504101416853,0,"0.0,-3.26,-13.39,0,1,-211.42,0.10526315789473684,0,0.2631578947368421,1,0,0.1111111111111111,-2.35,0.0,0,0,0.16666666666666666,-3.26,0,0.05555555555555555,0,-2.11,0.0,0",-9.700,68.4,0.0000,-42.3900,-15.4600,-15.4600,0.0,,0,none,19,guide
GGCACACUGUCCCCGAAGG,AUUUCACCCGAAUGUGUACCCUUCGGGGACAGUGUGCCUGUCCAUCUUAGAGGAGGA,0.3810589112602535,0,"0.0,-3.26,-13.39,0,1,-207.04,0.10526315789473684,0,0.3157894736842105,1,0,0.1111111111111111,-3.42,0.0,0,0,0.16666666666666666,-3.26,0,0.05555555555555555,0,-3.26,0.0,0",-1.000,68.4,0.0000,-41.1300,-14.2000,-14.2000,0.0,,0,none,19,guide
UCCCCGAAGGGUACACAUU,ACCACCAUUAUUUCACCCGAAUGUGUACCCUUCGGGGACAGUGUGCCUGUCCAUCUU,0.4444444444444444,0,"-0.97,-2.35,-12.44,1,0,-187.69,0.21052631578947367,0,0.21052631578947367,0,0,0.1111111111111111,-3.26,0.05555555555555555,0,0,0.16666666666666666,-0.93,0,0.0,0,-2.24,0.05555555555555555,0",-2.700,52.6,-1.4200,-36.0300,-15.4200,-15.4200,0.0,,0,none,19,guide
CCCGAAGGGUACACAUUCG,GAACCACCAUUAUUUCACCCGAAUGUGUACCCUUCGGGGACAGUGUGCCUGUCCAUC,0.3363161819537658,0,"-0.9,-3.26,-13.39,0,0,-192.38,0.15789473684210525,0,0.2631578947368421,0,0,0.1111111111111111,-3.26,0.05555555555555555,0,1,0.1111111111111111,-2.36,1,0.0,0,-2.24,0.05555555555555555,0",-1.800,57.9,-0.9000,-36.1800,-14.2400,-14.2400,0.0,,0,none,19,guide
GGGUACACAUUCGGGUGAA,AAAUUCGAACCACCAUUAUUUCACCCGAAUGUGUACCCUUCGGGGACAGUGUGCCUG,0.3698732289336316,0,"-2.33,-3.26,-13.39,0,1,-189.38,0.21052631578947367,0,0.3684210526315789,1,0,0.2222222222222222,-3.26,0.05555555555555555,0,0,0.0,-0.93,0,0.0,0,-3.26,0.05555555555555555,1",-1.400,52.6,-2.7800,-35.3900,-13.4200,-13.4200,0.0,,0,none,19,guide
UACACAUUCGGGUGAAAUA,UGUAAAUUCGAACCACCAUUAUUUCACCCGAAUGUGUACCCUUCGGGGACAGUGUGC,0.5883668903803132,1,"0.0,-1.33,-7.69,1,0,-171.36999999999995,0.2631578947368421,0,0.21052631578947367,0,0,0.1111111111111111,-2.24,0.1111111111111111,0,0,0.0,-1.33,0,0.0,0,-2.11,0.05555555555555555,1",-1.400,36.8,0.0000,-29.4900,-10.7300,-10.7300,0.0,,0,none,19,guide
AUUCGGGUGAAAUAAUGGU,CAAAAUGUAAAUUCGAACCACCAUUAUUUCACCCGAAUGUGUACCCUUCGGGGACAG,0.6584638329604773,1,"0.69,-1.1,-9.38,0,0,-171.42999999999995,0.3157894736842105,0,0.3157894736842105,0,0,0.16666666666666666,-0.93,0.05555555555555555,1,0,0.0,-2.24,0,0.0,0,-1.33,0.05555555555555555,0",0.000,36.8,1.1400,-29.2500,-14.4000,-14.4000,0.0,,0,none,19,guide
GAAAUAAUGGUGGUUCGAA,UUCGCCACCAAAAUGUAAAUUCGAACCACCAUUAUUUCACCCGAAUGUGUACCCUUC,0.4407158836689038,0,"-1.87,-2.35,-12.44,0,1,-171.64,0.2631578947368421,0,0.3157894736842105,0,0,0.1111111111111111,-0.93,0.05555555555555555,0,0,0.0,-0.93,0,0.0,0,-2.24,0.05555555555555555,1",0.000,36.8,-1.8700,-28.8700,-6.3200,-6.3200,0.0,,0,none,19,guide
AAAUAAUGGUGGUUCGAAU,CUUCGCCACCAAAAUGUAAAUUCGAACCACCAUUAUUUCACCCGAAUGUGUACCCUU,0.6040268456375839,1,"0.17,-0.93,-6.82,0,0,-164.86,0.3157894736842105,0,0.2631578947368421,0,0,0.1111111111111111,-0.93,0.05555555555555555,0,0,0.0,-1.1,0,0.0,0,-0.93,0.05555555555555555,0",0.000,31.6,0.1700,-26.9200,-7.5000,-7.5000,0.0,,0,none,19,guide
AAUGGUGGUUCGAAUUUAC,CCAUCUUCGCCACCAAAAUGUAAAUUCGAACCACCAUUAUUUCACCCGAAUGUGUAC,0.6651752423564504,1,"1.76,-0.93,-6.82,0,0,-170.6,0.3684210526315789,0,0.2631578947368421,0,0,0.1111111111111111,-1.1,0.05555555555555555,0,0,0.0,-2.24,0,0.0,0,-0.93,0.16666666666666666,0",0.000,36.8,1.7600,-28.5600,-14.0800,-14.0800,0.0,,0,none,19,guide
UGGUGGUUCGAAUUUACAU,AUCCAUCUUCGCCACCAAAAUGUAAAUUCGAACCACCAUUAUUUCACCCGAAUGUGU,0.5592841163310962,1,"-0.56,-2.11,-10.44,1,0,-170.49999999999997,0.42105263157894735,0,0.2631578947368421,0,0,0.1111111111111111,-3.26,0.05555555555555555,0,0,0.0,-1.1,0,0.0,0,-0.93,0.16666666666666666,0",-0.100,36.8,-1.0100,-29.2400,-14.0400,-14.0400,0.0,,0,none,19,guide
GUGGUUCGAAUUUACAUUU,UUAUCCAUCUUCGCCACCAAAAUGUAAAUUCGAACCACCAUUAUUUCACCCGAAUGU,0.4019388516032812,0,"-1.76,-2.24,-11.4,0,1,-164.02999999999994,0.4736842105263158,0,0.21052631578947367,0,0,0.05555555555555555,-2.11,0.05555555555555555,1,0,0.0,-0.93,0,0.0,0,-1.33,0.2777777777777778,0",-0.400,31.6,-1.7600,-26.2300,-13.2500,-13.2500,0.0,,0,none,19,guide
UUCGAAUUUACAUUUUGGU,AUGAUUAUCCAUCUUCGCCACCAAAAUGUAAAUUCGAACCACCAUUAUUUCACCCGA,0.6442953020134228,1,"0.86,-0.93,-6.82,1,0,-155.73,0.5263157894736842,1,0.15789473684210525,0,0,0.05555555555555555,-2.35,0.05555555555555555,1,0,0.0,-2.24,0,0.0,0,-0.93,0.3333333333333333,0",-0.400,26.3,1.3100,-24.2700,-10.0200,-10.0200,0.0,,0,none,19,guide
UGGCGAAGAUGGAUAAUCA,UACGGAUGCUUUUCAAAGAUGAUUAUCCAUCUUCGCCACCAAAAUGUAAAUUCGAAC,0.4399701715137956,0,"0.0,-2.11,-10.44,1,0,-182.28,0.21052631578947367,0,0.3157894736842105,0,0,0.1111111111111111,-3.26,0.05555555555555555,0,0,0.0,-2.11,0,0.05555555555555555,0,-1.1,0.0,1",-0.800,42.1,0.0000,-31.9600,-14.4000,-14.4000,0.0,,0,none,19,guide
CGAAGAUGGAUAAUCAUCU,AACUACGGAUGCUUUUCAAAGAUGAUUAUCCAUCUUCGCCACCAAAAUGUAAAUUCG,0.3929903057419836,0,"-0.73,-2.36,-10.64,0,0,-179.58999999999997,0.2631578947368421,0,0.21052631578947367,0,0,0.05555555555555555,-2.35,0.05555555555555555,0,1,0.0,-2.08,0,0.0,1,-1.1,0.0,0",-3.600,36.8,-0.7300,-29.2000,-10.9200,-10.9200,0.0,,0,none,19,guide
AUGGAUAAUCAUCUUUGAA,GUUUAAACUACGGAUGCUUUUCAAAGAUGAUUAUCCAUCUUCGCCACCAAAAUGUAA,0.4862043251304996,0,"-0.17,-1.1,-9.38,0,0,-166.39,0.3684210526315789,0,0.15789473684210525,0,0,0.05555555555555555,-2.11,0.05555555555555555,1,0,0.0,-0.93,0,0.0,0,-2.08,0.1111111111111111,1",-0.400,26.3,-0.1700,-25.7300,-11.0800,-11.0800,0.0,,0,none,19,guide
CAUCUUUGAAAAGCAUCCG,AGGAGGCUUGUUUAAACUACGGAUGCUUUUCAAAGAUGAUUAUCCAUCUUCGCCACC,0.651006711409396,1,"-0.2,-2.11,-10.44,0,0,-177.76,0.2631578947368421,0,0.15789473684210525,0,0,0.0,-1.1,0.0,0,1,0.05555555555555555,-2.36,0,0.05555555555555555,0,-3.42,0.1111111111111111,0",0.000,42.1,0.2500,-30.0400,-9.5000,-9.5000,0.0,,0,none,19,guide
AAAAGCAUCCGUAGUUUAA,CCGUGGGAAGGAGGCUUGUUUAAACUACGGAUGCUUUUCAAAGAUGAUUAUCCAUCU,0.3743475018642804,0,"0.0,-0.93,-6.82,0,0,-160.17999999999995,0.2631578947368421,0,0.15789473684210525,0,0,0.0,-0.93,0.1111111111111111,0,0,0.05555555555555555,-0.93,0,0.05555555555555555,0,-2.08,0.1111111111111111,1",0.000,31.6,0.0000,-26.6900,-10.5700,-10.5700,0.0,,0,none,19,guide
AGCAUCCGUAGUUUAAACA,ACUCCGUGGGAAGGAGGCUUGUUUAAACUACGGAUGCUUUUCAAAGAUGAUUAUCCA,0.5078299776286354,0,"0.03,-2.08,-10.48,0,0,-168.38,0.2631578947368421,0,0.15789473684210525,0,0,0.0,-3.42,0.1111111111111111,0,0,0.05555555555555555,-2.11,0,0.05555555555555555,0,-0.93,0.1111111111111111,1",0.000,36.8,0.0300,-29.1800,-14.6000,-14.6000,0.0,,0,none,19,guide
AUCCGUAGUUUAAACAAGC,GGGACUCCGUGGGAAGGAGGCUUGUUUAAACUACGGAUGCUUUUCAAAGAUGAUUAU,0.6875466070096943,1,"2.32,-1.1,-9.38,0,0,-168.47999999999996,0.2631578947368421,0,0.15789473684210525,0,0,0.0,-2.35,0.1111111111111111,1,0,0.05555555555555555,-3.42,0,0.05555555555555555,0,-0.93,0.1111111111111111,0",0.000,36.8,2.7700,-28.8500,-13.6200,-13.6200,0.0,,0,none,19,guide
CGUAGUUUAAACAAGCCUC,AAAGGGACUCCGUGGGAAGGAGGCUUGUUUAAACUACGGAUGCUUUUCAAAGAUGAU,0.5458612975391499,1,"0.44,-2.36,-10.64,0,0,-173.29999999999995,0.2631578947368421,0,0.15789473684210525,0,0,0.0,-2.24,0.1111111111111111,0,1,0.05555555555555555,-2.35,0,0.05555555555555555,1,-0.93,0.1111111111111111,0",0.000,42.1,-0.0100,-30.3800,-9.7500,-9.7500,0.0,,0,none,19,guide
GUAGUUUAAACAAGCCUCC,GAAAGGGACUCCGUGGGAAGGAGGCUUGUUUAAACUACGGAUGCUUUUCAAAGAUGA,0.6152125279642058,1,"0.57,-2.24,-11.4,0,1,-176.04999999999995,0.2631578947368421,0,0.15789473684210525,0,0,0.0,-1.33,0.1111111111111111,1,0,0.1111111111111111,-3.26,0,0.05555555555555555,0,-2.08,0.1111111111111111,0",0.000,42.1,1.0200,-31.2800,-8.8400,-8.8400,0.0,,0,none,19,guide
UAAACAAGCCUCCUUCCCA,AGGAAAGAAAGGGACUCCGUGGGAAGGAGGCUUGUUUAAACUACGGAUGCUUUUCAA,0.5816554809843401,1,"0.33,-1.33,-7.69,1,0,-180.96,0.21052631578947367,0,0.05263157894736842,0,0,0.0,-0.93,0.05555555555555555,0,0,0.2222222222222222,-2.11,0,0.05555555555555555,0,-2.08,0.05555555555555555,1",0.000,47.4,0.7800,-34.4200,-9.2200,-9.2200,0.0,,0,none,19,guide
CAAGCCUCCUUCCCACGGA,UUCCAGGAAAGAAAGGGACUCCGUGGGAAGGAGGCUUGUUUAAACUACGGAUGCUUU,0.3907531692766592,0,"-0.66,-2.11,-10.44,0,0,-199.82,0.15789473684210525,0,0.15789473684210525,0,0,0.05555555555555555,-0.93,0.0,0,1,0.2222222222222222,-2.35,0,0.05555555555555555,0,-3.26,0.05555555555555555,1",-0.700,63.2,-0.2100,-39.4000,-14.1200,-14.1200,0.0,,0,none,19,guide
UCCUUCCCACGGAGUCCCU,GCGCCAUUCCAGGAAAGAAAGGGACUCCGUGGGAAGGAGGCUUGUUUAAACUACGGA,0.5376584638329605,1,"-0.27,-2.35,-12.44,1,0,-201.19,0.2631578947368421,0,0.15789473684210525,0,0,0.05555555555555555,-3.26,0.0,0,0,0.2777777777777778,-2.08,0,0.0,0,-2.08,0.05555555555555555,0",-1.400,63.2,-0.2700,-40.5900,-15.1400,-15.1400,0.0,,0,none,19,guide
UUCCCACGGAGUCCCUUUC,AGUGCGCCAUUCCAGGAAAGAAAGGGACUCCGUGGGAAGGAGGCUUGUUUAAACUAC,0.6659209545115585,1,"1.87,-0.93,-6.82,1,0,-194.68,0.3157894736842105,1,0.15789473684210525,0,0,0.05555555555555555,-2.35,0.0,1,0,0.2222222222222222,-2.35,0,0.0,0,-3.26,0.16666666666666666,0",-1.000,57.9,1.8700,-37.6600,-15.5800,-15.5800,0.0,,0,none,19,guide
UCCCACGGAGUCCCUUUCU,GAGUGCGCCAUUCCAGGAAAGAAAGGGACUCCGUGGGAAGGAGGCUUGUUUAAACUA,0.4705443698732289,0,"-0.27,-2.35,-12.44,1,0,-194.61999999999995,0.3157894736842105,0,0.15789473684210525,0,0,0.05555555555555555,-3.26,0.0,0,0,0.2222222222222222,-2.08,0,0.0,0,-3.26,0.1111111111111111,0",-0.600,57.9,-0.2700,-38.2600,-16.4900,-16.4900,0.0,,0,none,19,guide
CCCACGGAGUCCCUUUCUU,GGAGUGCGCCAUUCCAGGAAAGAAAGGGACUCCGUGGGAAGGAGGCUUGUUUAAACU,0.3400447427293065,0,"-2.33,-3.26,-13.39,0,0,-192.72,0.3157894736842105,0,0.15789473684210525,0,0,0.05555555555555555,-3.26,0.0,0,1,0.2222222222222222,-0.93,1,0.0,0,-2.08,0.16666666666666666,0",-0.600,57.9,-2.7800,-37.3900,-15.5800,-15.5800,0.0,,0,none,19,guide
CACGGAGUCCCUUUCUUUC,UGGGAGUGCGCCAUUCCAGGAAAGAAAGGGACUCCGUGGGAAGGAGGCUUGUUUAAA,0.3959731543624161,0,"0.24,-2.11,-10.44,0,0,-188.92,0.3684210526315789,0,0.15789473684210525,0,0,0.05555555555555555,-2.24,0.0,0,1,0.1111111111111111,-2.35,0,0.0,0,-0.93,0.2222222222222222,0",-0.600,52.6,0.2400,-34.7000,-14.5300,-14.5300,0.0,,0,none,19,guide
GAGUCCCUUUCUUUCCUGG,GAACUGGGAGUGCGCCAUUCCAGGAAAGAAAGGGACUCCGUGGGAAGGAGGCUUGUU,0.4093959731543624,0,"0.46,-2.35,-12.44,0,1,-190.75,0.42105263157894735,0,0.21052631578947367,0,0,0.05555555555555555,-2.08,0.0,0,0,0.16666666666666666,-3.26,0,0.0,0,-0.93,0.2222222222222222,0",0.000,52.6,0.9100,-35.0400,-15.2700,-15.2700,0.0,,0,none,19,guide
UCCCUUUCUUUCCUGGAAU,CAUGAACUGGGAGUGCGCCAUUCCAGGAAAGAAAGGGACUCCGUGGGAAGGAGGCUU,0.6256524981357195,1,"-0.8,-2.35,-12.44,1,0,-177.63,0.4736842105263158,0,0.10526315789473684,0,0,0.05555555555555555,-3.26,0.0,0,0,0.16666666666666666,-1.1,0,0.0,0,-2.08,0.2222222222222222,0",-0.900,42.1,-1.2500,-31.7500,-12.8100,-12.8100,0.0,,0,none,19,guide
UUCCUGGAAUGGCGCACUC,GAUGAACCUCAUGAACUGGGAGUGCGCCAUUCCAGGAAAGAAAGGGACUCCGUGGGA,0.5413870246085011,1,"1.87,-0.93,-6.82,1,0,-197.26,0.2631578947368421,1,0.2631578947368421,0,0,0.1111111111111111,-2.35,0.0,1,0,0.05555555555555555,-2.35,0,0.1111111111111111,0,-2.36,0.05555555555555555,0",-0.500,57.9,1.8700,-37.7800,-15.4100,-15.4100,0.0,,0,none,19,guide
GCACUCCCAGUUCAUGAGG,AUCCCGAUGGCACGAUGAACCUCAUGAACUGGGAGUGCGCCAUUCCAGGAAAGAAAG,0.5384041759880686,1,"-0.16,-3.42,-14.88,0,1,-200.96,0.21052631578947367,0,0.2631578947368421,0,1,0.05555555555555555,-2.11,0.0,0,0,0.1111111111111111,-3.26,0,0.05555555555555555,0,-2.11,0.05555555555555555,0",-0.500,57.9,-0.1600,-38.0500,-15.3000,-15.3000,0.0,,0,none,19,guide
CACUCCCAGUUCAUGAGGU,AAUCCCGAUGGCACGAUGAACCUCAUGAACUGGGAGUGCGCCAUUCCAGGAAAGAAA,0.4384787472035794,0,"-0.77,-2.11,-10.44,0,0,-193.76,0.2631578947368421,0,0.21052631578947367,0,0,0.05555555555555555,-2.24,0.0,0,1,0.1111111111111111,-2.24,0,0.0,0,-1.1,0.05555555555555555,0",-1.100,52.6,-0.3200,-36.1200,-15.3000,-15.3000,0.0,,0,none,19,guide
ACUCCCAGUUCAUGAGGUU,AAAUCCCGAUGGCACGAUGAACCUCAUGAACUGGGAGUGCGCCAUUCCAGGAAAGAA,0.2572706935123042,0,"-0.86,-2.24,-11.4,0,0,-186.42,0.3157894736842105,0,0.21052631578947367,0,0,0.05555555555555555,-2.08,0.0,0,0,0.1111111111111111,-0.93,0,0.0,0,-2.11,0.1111111111111111,0",-1.100,47.4,-1.3100,-34.5900,-15.1400,-15.1400,0.0,,0,none,19,guide
CAGUUCAUGAGGUUCAUCG,ACAAAAAAUCCCGAUGGCACGAUGAACCUCAUGAACUGGGAGUGCGCCAUUCCAGGA,0.5831469052945564,1,"-0.2,-2.11,-10.44,0,0,-188.1,0.3157894736842105,0,0.2631578947368421,0,0,0.05555555555555555,-2.08,0.0,0,1,0.0,-2.36,0,0.0,0,-0.93,0.1111111111111111,0",0.000,47.4,0.2500,-32.7700,-10.8100,-10.8100,0.0,,0,none,19,guide
UUCAUGAGGUUCAUCGUGC,CCAACAAAAAAUCCCGAUGGCACGAUGAACCUCAUGAACUGGGAGUGCGCCAUUCCA,0.6293810589112603,1,"2.49,-0.93,-6.82,1,0,-188.78,0.3684210526315789,1,0.2631578947368421,0,0,0.05555555555555555,-2.35,0.0,1,0,0.0,-3.42,0,0.05555555555555555,0,-1.1,0.1111111111111111,0",-3.600,47.4,2.9400,-33.4100,-12.1000,-12.1000,0.0,,0,none,19,guide
AGGUUCAUCGUGCCAUCGG,GCUGUCCCAACAAAAAAUCCCGAUGGCACGAUGAACCUCAUGAACUGGGAGUGCGCC,0.6099925428784488,1,"1.63,-2.08,-10.48,0,0,-196.49999999999997,0.2631578947368421,0,0.3157894736842105,0,0,0.1111111111111111,-3.26,0.0,0,0,0.05555555555555555,-3.26,0,0.05555555555555555,0,-3.26,0.05555555555555555,0",-2.200,57.9,1.6300,-36.7000,-11.9900,-11.9900,0.0,,0,none,19,guide
GGUUCAUCGUGCCAUCGGG,GGCUGUCCCAACAAAAAAUCCCGAUGGCACGAUGAACCUCAUGAACUGGGAGUGCGC,0.4101416853094706,0,"0.0,-3.26,-13.39,0,1,-203.12999999999997,0.2631578947368421,0,0.3684210526315789,1,0,0.16666666666666666,-2.24,0.0,0,0,0.05555555555555555,-3.26,0,0.05555555555555555,0,-2.11,0.05555555555555555,0",-2.400,63.2,0.0000,-38.3800,-11.0800,-11.0800,0.0,,0,none,19,guide
GUUCAUCGUGCCAUCGGGA,UGGCUGUCCCAACAAAAAAUCCCGAUGGCACGAUGAACCUCAUGAACUGGGAGUGCG,0.3639075316927666,0,"-0.79,-2.24,-11.4,0,1,-198.46,0.2631578947368421,0,0.3157894736842105,0,0,0.1111111111111111,-0.93,0.0,1,0,0.05555555555555555,-2.35,0,0.05555555555555555,0,-1.1,0.05555555555555555,1",-0.500,57.9,-0.3400,-37.1200,-11.2000,-11.2000,0.0,,0,none,19,guide
GACAGCCACGAAACCAAAU,XXXXXXXGAAAGACCACCCAUUUGGUUUCGUGGCUGUCCCAACAAAAAAUCCCGAUG,0.3847874720357942,0,"-1.7,-2.35,-12.44,0,1,-182.51,0.05263157894736842,0,0.15789473684210525,0,0,0.0,-2.24,0.0,0,0,0.1111111111111111,-1.1,0,0.05555555555555555,0,-2.24,0.0,0",0.000,47.4,-1.7000,-32.6600,-15.2200,-15.2200,0.0,,0,none,19,guide
GCCACGAAACCAAAUGGGU,XXXXXXXXXXXGAAAGACCACCCAUUUGGUUUCGUGGCUGUCCCAACAAAAAAUCCC,0.4243102162565249,0,"-1.63,-3.42,-14.88,0,1,-186.37,0.10526315789473684,0,0.2631578947368421,0,1,0.1111111111111111,-3.26,0.0,0,0,0.1111111111111111,-2.24,0,0.05555555555555555,0,-0.93,0.0,0",-1.000,52.6,-1.6300,-34.7500,-13.2500,-13.2500,0.0,,0,none,19,guide
CCACGAAACCAAAUGGGUG,XXXXXXXXXXXXGAAAGACCACCCAUUUGGUUUCGUGGCUGUCCCAACAAAAAAUCC,0.6368381804623415,1,"-0.7,-3.26,-13.39,0,0,-185.65,0.10526315789473684,0,0.2631578947368421,0,0,0.1111111111111111,-2.11,0.0,0,1,0.1111111111111111,-2.11,1,0.0,0,-1.1,0.0,0",-1.800,52.6,-1.1500,-33.9400,-10.9200,-10.9200,0.0,,0,none,19,guide
GAAACCAAAUGGGUGGUCU,XXXXXXXXXXXXXXXXGAAAGACCACCCAUUUGGUUUCGUGGCUGUCCCAACAAAAA,0.5950782997762863,1,"-1.17,-2.35,-12.44,0,1,-183.77,0.21052631578947367,0,0.3157894736842105,0,0,0.16666666666666666,-0.93,0.0,0,0,0.05555555555555555,-2.08,0,0.0,0,-2.24,0.0,0",-2.700,47.4,-0.7200,-33.7500,-10.4000,-10.4000,0.0,,0,none,19,guide
UUCUUAUCGCGCUCGCCAG,CCCAUGGCCAAGAAGCAUGCUGGCGAGCGCGAUAAGAAGCUGGCGGXXXXXXXXXXX,0.6144668158090977,1,"1.6,-0.93,-6.82,1,0,-192.52999999999997,0.3157894736842105,1,0.21052631578947367,0,0,0.0,-2.35,0.05555555555555555,1,0,0.05555555555555555,-2.08,0,0.16666666666666666,0,-2.35,0.1111111111111111,0",-0.400,57.9,1.6000,-36.3500,-10.1400,-10.1400,0.0,,0,none,19,guide
UUAUCGCGCUCGCCAGCAU,GGUCCCAUGGCCAAGAAGCAUGCUGGCGAGCGCGAUAAGAAGCUGGCGGXXXXXXXX,0.5316927665920954,1,"0.17,-0.93,-6.82,1,0,-193.77,0.2631578947368421,1,0.21052631578947367,0,0,0.0,-1.33,0.05555555555555555,1,0,0.05555555555555555,-1.1,0,0.2222222222222222,0,-3.26,0.05555555555555555,0",-1.700,57.9,0.1700,-36.9200,-12.9200,-12.9200,0.0,,0,none,19,guide
GCCAGCAUGCUUCUUGGCC,GAGGGGCUGAGGGUCCCAUGGCCAAGAAGCAUGCUGGCGAGCGCGAUAAGAAGCUGG,0.4265473527218493,0,"-0.16,-3.42,-14.88,0,1,-204.73999999999995,0.2631578947368421,0,0.2631578947368421,0,1,0.05555555555555555,-3.26,0.0,0,0,0.1111111111111111,-3.26,0,0.2222222222222222,0,-2.08,0.1111111111111111,0",-4.900,63.2,-0.1600,-39.8600,-14.0800,-14.0800,0.0,,0,none,19,guide
GCCAUGGGACCCUCAGCCC,GCCCCAGGGGGCCCGGGAGGGGCUGAGGGUCCCAUGGCCAAGAAGCAUGCUGGCGAG,0.3407904548844146,0,"-0.16,-3.42,-14.88,0,1,-217.81999999999996,0.10526315789473684,0,0.2631578947368421,0,1,0.1111111111111111,-3.26,0.0,0,0,0.2777777777777778,-3.26,0,0.1111111111111111,0,-2.35,0.0,0",-2.400,73.7,-0.1600,-44.6000,-15.1000,-15.1000,0.0,,0,none,19,guide
CCAUGGGACCCUCAGCCCC,GGCCCCAGGGGGCCCGGGAGGGGCUGAGGGUCCCAUGGCCAAGAAGCAUGCUGGCGA,0.3191648023862788,0,"0.0,-3.26,-13.39,0,0,-216.33,0.10526315789473684,0,0.21052631578947367,0,0,0.1111111111111111,-2.11,0.0,0,1,0.3333333333333333,-3.26,1,0.05555555555555555,0,-2.11,0.0,0",-3.200,73.7,0.0000,-44.4400,-14.1900,-14.1900,0.0,,0,none,19,guide
AUGGGACCCUCAGCCCCUC,GGGGCCCCAGGGGGCCCGGGAGGGGCUGAGGGUCCCAUGGCCAAGAAGCAUGCUGGC,0.3355704697986577,0,"1.7,-1.1,-9.38,0,0,-211.7,0.15789473684210525,0,0.21052631578947367,0,0,0.1111111111111111,-2.11,0.0,1,0,0.2777777777777778,-2.35,0,0.05555555555555555,0,-3.42,0.0,0",-3.200,68.4,1.7000,-43.1500,-16.4800,-16.4800,0.0,,0,none,19,guide
GGCCCCAGGGUCGGUGGAG,CCAGUGGCACUGAAGCUUCCUCCACCGACCCUGGGGCCCCAGGGGGCCCGGGAGGGG,0.3281133482475764,0,"-0.73,-3.26,-13.39,0,1,-218.55000000000004,0.10526315789473684,0,0.5263157894736842,1,0,0.2777777777777778,-3.42,0.0,0,0,0.16666666666666666,-2.08,0,0.05555555555555555,0,-3.26,0.0,0",-5.600,78.9,-1.1800,-45.6300,-17.3900,-17.3900,0.0,,0,none,19,guide
AGGGUCGGUGGAGGAAGCU,CCCUGGCCAGUGGCACUGAAGCUUCCUCCACCGACCCUGGGGCCCCAGGGGGCCCGG,0.3683818046234153,0,"0.0,-2.08,-10.48,0,0,-200.72,0.15789473684210525,0,0.5263157894736842,0,0,0.2777777777777778,-3.26,0.0,0,0,0.0,-2.08,0,0.05555555555555555,0,-3.26,0.0,0",0.000,63.2,0.0000,-40.4800,-16.7300,-16.7300,0.0,,0,none,19,guide
GUGGAGGAAGCUUCAGUGC,GGUCGGGCCCUGGCCAGUGGCACUGAAGCUUCCUCCACCGACCCUGGGGCCCCAGGG,0.436241610738255,0,"0.73,-2.24,-11.4,0,1,-199.93,0.21052631578947367,0,0.42105263157894735,0,0,0.1111111111111111,-2.11,0.0,1,0,0.0,-3.42,0,0.1111111111111111,0,-2.35,0.05555555555555555,0",-3.900,57.9,1.1800,-37.8100,-15.4100,-15.4100,0.0,,0,none,19,guide
AAGCUUCAGUGCCACUGGC,CGAAGCCGGUCGGGCCCUGGCCAGUGGCACUGAAGCUUCCUCCACCGACCCUGGGGC,0.4317673378076062,0,"2.49,-0.93,-6.82,0,0,-196.65,0.21052631578947367,0,0.2631578947368421,0,0,0.05555555555555555,-2.08,0.0,0,0,0.05555555555555555,-3.42,0,0.16666666666666666,0,-2.11,0.05555555555555555,0",-2.200,57.9,2.9400,-38.1400,-12.9700,-12.9700,0.0,,0,none,19,guide
GUGCCACUGGCCAGGGCCC,GGCAGGGCCGAAGCCGGUCGGGCCCUGGCCAGUGGCACUGAAGCUUCCUCCACCGAC,0.3206562266964951,0,"0.57,-2.24,-11.4,0,1,-220.28,0.10526315789473684,0,0.3684210526315789,0,0,0.16666666666666666,-2.11,0.0,1,0,0.2222222222222222,-3.26,0,0.16666666666666666,0,-2.08,0.0,0",-3.800,78.9,1.0200,-46.3700,-15.2200,-15.2200,0.0,,0,none,19,guide
ACUGGCCAGGGCCCGACCG,CCAGCGGCAGGGCCGAAGCCGGUCGGGCCCUGGCCAGUGGCACUGAAGCUUCCUCCA,0.3094705443698732,0,"0.57,-2.24,-11.4,0,0,-214.52,0.05263157894736842,0,0.3684210526315789,0,0,0.16666666666666666,-2.08,0.0,0,0,0.2222222222222222,-2.36,0,0.1111111111111111,0,-3.26,0.0,0",-2.900,78.9,0.5700,-45.4500,-16.2400,-16.2400,0.0,,0,none,19,guide
GGCCAGGGCCCGACCGGCU,GGCCCAGCGGCAGGGCCGAAGCCGGUCGGGCCCUGGCCAGUGGCACUGAAGCUUCCU,0.3206562266964951,0,"-1.63,-3.26,-13.39,0,1,-220.95,0.05263157894736842,0,0.42105263157894735,1,0,0.2222222222222222,-3.42,0.0,0,0,0.2222222222222222,-2.08,0,0.16666666666666666,0,-2.24,0.0,0",-7.300,84.2,-1.6300,-47.9800,-17.3900,-17.3900,0.0,,0,none,19,guide
GCCCGACCGGCUUCGGCCC,GCCGGCGGGCCCAGCGGCAGGGCCGAAGCCGGUCGGGCCCUGGCCAGUGGCACUGAA,0.2714392244593587,0,"-0.16,-3.42,-14.88,0,1,-220.25999999999996,0.10526315789473684,0,0.3157894736842105,0,1,0.1111111111111111,-3.26,0.0,0,0,0.2777777777777778,-3.26,0,0.16666666666666666,0,-2.35,0.05555555555555555,0",-4.100,84.2,-0.1600,-46.5200,-16.7300,-16.7300,0.0,,0,none,19,guide
CCCGACCGGCUUCGGCCCU,CGCCGGCGGGCCCAGCGGCAGGGCCGAAGCCGGUCGGGCCCUGGCCAGUGGCACUGA,0.366144668158091,0,"-1.63,-3.26,-13.39,0,0,-212.14,0.15789473684210525,0,0.2631578947368421,0,0,0.1111111111111111,-3.26,0.0,0,1,0.2777777777777778,-2.08,1,0.1111111111111111,0,-2.36,0.05555555555555555,0",-4.100,78.9,-1.6300,-44.4800,-15.8300,-15.8300,0.0,,0,none,19,guide
UUCGGCCCUGCCGCUGGGC,UCCACGGGGGCGCCGGCGGGCCCAGCGGCAGGGCCGAAGCCGGUCGGGCCCUGGCCA,0.3131991051454139,0,"2.49,-0.93,-6.82,1,0,-214.91,0.21052631578947367,1,0.3684210526315789,0,0,0.16666666666666666,-2.35,0.0,1,0,0.16666666666666666,-3.42,0,0.2222222222222222,0,-3.42,0.05555555555555555,0",-6.100,78.9,2.9400,-45.6800,-17.9100,-17.9100,0.0,,0,none,19,guide
CGUGGAUCUCUGUGAGCAG,GUAUGCAGCUCGGGCCCGUCUGCUCACAGAGAUCCACGGGGGCGCCGGCGGGCCCAG,0.4086502609992543,0,"0.17,-2.36,-10.64,0,0,-200.92,0.2631578947368421,0,0.3684210526315789,0,0,0.05555555555555555,-2.24,0.0,0,1,0.0,-2.08,0,0.05555555555555555,1,-2.11,0.0,0",0.000,57.9,-0.2800,-37.1900,-13.4100,-13.4100,0.0,,0,none,19,guide
AUCUCUGUGAGCAGACGGG,GAGGAGUAUGCAGCUCGGGCCCGUCUGCUCACAGAGAUCCACGGGGGCGCCGGCGGG,0.5227442207307978,1,"2.16,-1.1,-9.38,0,0,-200.15,0.21052631578947367,0,0.3684210526315789,0,0,0.1111111111111111,-2.35,0.0,1,0,0.0,-3.26,0,0.05555555555555555,0,-2.08,0.0,0",-3.300,57.9,2.6100,-37.8400,-13.2100,-13.2100,0.0,,0,none,19,guide
GUGAGCAGACGGGCCCGAG,AACUACGAGGAGUAUGCAGCUCGGGCCCGUCUGCUCACAGAGAUCCACGGGGGCGCC,0.4101416853094706,0,"-0.16,-2.24,-11.4,0,1,-213.43,0.05263157894736842,0,0.4736842105263158,0,0,0.1111111111111111,-2.11,0.0,1,0,0.1111111111111111,-2.08,0,0.1111111111111111,0,-3.42,0.0,0",-0.800,73.7,-0.1600,-43.2000,-14.1500,-14.1500,0.0,,0,none,19,guide
ACGGGCCCGAGCUGCAUAC,UCUUGGAGAACUACGAGGAGUAUGCAGCUCGGGCCCGUCUGCUCACAGAGAUCCACG,0.3504847129008203,0,"0.9,-2.24,-11.4,0,0,-206.3,0.10526315789473684,0,0.3157894736842105,0,0,0.1111111111111111,-2.36,0.05555555555555555,0,0,0.1111111111111111,-2.24,0,0.16666666666666666,0,-2.11,0.0,0",-1.200,68.4,0.4500,-41.5700,-18.8200,-18.8200,0.0,,0,none,19,guide
CGGGCCCGAGCUGCAUACU,CUCUUGGAGAACUACGAGGAGUAUGCAGCUCGGGCCCGUCUGCUCACAGAGAUCCAC,0.3713646532438479,0,"-0.73,-2.36,-10.64,0,0,-205.38,0.15789473684210525,0,0.3157894736842105,0,0,0.1111111111111111,-3.26,0.05555555555555555,0,1,0.1111111111111111,-2.08,0,0.16666666666666666,1,-3.42,0.0,0",-1.200,68.4,-0.7300,-41.3600,-18.8200,-18.8200,0.0,,0,none,19,guide
GGGCCCGAGCUGCAUACUC,GCUCUUGGAGAACUACGAGGAGUAUGCAGCUCGGGCCCGUCUGCUCACAGAGAUCCA,0.3982102908277405,0,"-0.46,-3.26,-13.39,0,1,-210.9,0.15789473684210525,0,0.3157894736842105,1,0,0.1111111111111111,-3.26,0.05555555555555555,0,0,0.1111111111111111,-2.35,0,0.16666666666666666,0,-2.11,0.0,0",-1.200,68.4,-0.9100,-42.1000,-17.9100,-17.9100,0.0,,0,none,19,guide
CCCGAGCUGCAUACUCCUC,CCUGCUCUUGGAGAACUACGAGGAGUAUGCAGCUCGGGCCCGUCUGCUCACAGAGAU,0.4228187919463086,0,"-0.46,-3.26,-13.39,0,0,-205.55,0.21052631578947367,0,0.15789473684210525,0,0,0.0,-3.26,0.05555555555555555,0,1,0.16666666666666666,-2.35,1,0.1111111111111111,0,-2.24,0.0,0",-0.700,63.2,-0.9100,-39.4500,-15.5500,-15.5500,0.0,,0,none,19,guide
CUGCAUACUCCUCGUAGUU,GGGCCGCCUGCUCUUGGAGAACUACGAGGAGUAUGCAGCUCGGGCCCGUCUGCUCAC,0.2982848620432513,0,"-1.6,-2.08,-10.48,0,0,-185.04,0.3684210526315789,0,0.15789473684210525,0,0,0.0,-2.11,0.1111111111111111,1,1,0.05555555555555555,-0.93,0,0.05555555555555555,0,-2.36,0.05555555555555555,0",-1.300,47.4,-1.6000,-33.5500,-12.3100,-12.3100,0.0,,0,none,19,guide
AUACUCCUCGUAGUUCUCC,AGGCGGGCCGCCUGCUCUUGGAGAACUACGAGGAGUAUGCAGCUCGGGCCCGUCUGC,0.4198359433258761,0,"2.16,-1.1,-9.38,0,0,-187.55,0.3684210526315789,0,0.10526315789473684,0,0,0.0,-1.33,0.1111111111111111,1,0,0.1111111111111111,-3.26,0,0.0,0,-2.24,0.05555555555555555,0",0.000,47.4,2.6100,-33.8700,-13.3400,-13.3400,0.0,,0,none,19,guide
UCGUAGUUCUCCAAGAGCA,AACGAGGAGGCGGGCCGCCUGCUCUUGGAGAACUACGAGGAGUAUGCAGCUCGGGCC,0.5801640566741239,1,"-0.24,-2.35,-12.44,1,0,-184.55,0.2631578947368421,0,0.21052631578947367,0,0,0.0,-2.36,0.05555555555555555,0,0,0.05555555555555555,-2.11,0,0.05555555555555555,0,-0.93,0.05555555555555555,1",-3.200,47.4,-0.2400,-34.0100,-11.1800,-11.1800,0.0,,0,none,19,guide
GUAGUUCUCCAAGAGCAGG,UCAACGAGGAGGCGGGCCGCCUGCUCUUGGAGAACUACGAGGAGUAUGCAGCUCGGG,0.5272184936614467,1,"0.57,-2.24,-11.4,0,1,-192.78,0.21052631578947367,0,0.3157894736842105,0,0,0.05555555555555555,-1.33,0.05555555555555555,1,0,0.05555555555555555,-3.26,0,0.05555555555555555,0,-2.35,0.05555555555555555,0",-3.200,52.6,1.0200,-35.8900,-11.0100,-11.0100,0.0,,0,none,19,guide
UAGUUCUCCAAGAGCAGGC,CUCAACGAGGAGGCGGGCCGCCUGCUCUUGGAGAACUACGAGGAGUAUGCAGCUCGG,0.5667412378821775,1,"2.09,-1.33,-7.69,1,0,-192.54,0.21052631578947367,0,0.2631578947368421,0,0,0.05555555555555555,-2.08,0.05555555555555555,0,0,0.05555555555555555,-3.42,0,0.1111111111111111,0,-2.08,0.05555555555555555,0",-3.200,52.6,2.5400,-36.1700,-12.0300,-12.0300,0.0,,0,none,19,guide
UCUCCAAGAGCAGGCGGCC,UGCACUCAACGAGGAGGCGGGCCGCCUGCUCUUGGAGAACUACGAGGAGUAUGCAGC,0.517524235645041,0,"1.36,-2.35,-12.44,1,0,-208.44999999999996,0.10526315789473684,0,0.3157894736842105,0,0,0.1111111111111111,-2.08,0.0,0,0,0.1111111111111111,-3.26,0,0.16666666666666666,0,-3.26,0.0,0",-0.300,68.4,1.3600,-42.2400,-12.8100,-12.8100,0.0,,0,none,19,guide
AGGCGGCCCGCCUCCUCGU,AACCCCGAGUCUGCACUCAACGAGGAGGCGGGCCGCCUGCUCUUGGAGAACUACGAG,0.3303504847129008,0,"0.16,-2.08,-10.48,0,0,-213.57,0.15789473684210525,0,0.3157894736842105,0,0,0.1111111111111111,-3.26,0.0,0,0,0.2222222222222222,-2.24,0,0.16666666666666666,0,-2.35,0.0,0",-5.400,78.9,0.1600,-45.5900,-18.9800,-18.9800,0.0,,0,none,19,guide
CCGCCUCCUCGUUGAGUGC,CCACCCUAACCCCGAGUCUGCACUCAACGAGGAGGCGGGCCGCCUGCUCUUGGAGAA,0.3616703952274422,0,"0.16,-3.26,-13.39,0,0,-206.86,0.2631578947368421,0,0.2631578947368421,0,0,0.0,-2.36,0.0,0,1,0.16666666666666666,-3.42,1,0.1111111111111111,0,-2.11,0.05555555555555555,0",-3.100,68.4,0.1600,-40.6700,-16.7300,-16.7300,0.0,,0,none,19,guide
CCUCGUUGAGUGCAGACUC,GCUGAUCCACCCUAACCCCGAGUCUGCACUCAACGAGGAGGCGGGCCGCCUGCUCUU,0.5331841909023117,1,"-0.46,-3.26,-13.39,0,0,-199.32,0.2631578947368421,0,0.2631578947368421,0,0,0.0,-2.08,0.0,0,1,0.05555555555555555,-2.35,1,0.05555555555555555,0,-2.11,0.05555555555555555,0",-2.600,57.9,-0.9100,-37.1500,-12.0700,-12.0700,0.0,,0,none,19,guide
CUCGUUGAGUGCAGACUCG,UGCUGAUCCACCCUAACCCCGAGUCUGCACUCAACGAGGAGGCGGGCCGCCUGCUCU,0.5264727815063386,1,"-0.17,-2.08,-10.48,0,0,-196.57,0.2631578947368421,0,0.3157894736842105,0,0,0.0,-2.35,0.0,1,1,0.0,-2.36,0,0.05555555555555555,0,-2.08,0.05555555555555555,0",-4.100,57.9,0.2800,-36.2500,-12.3400,-12.3400,0.0,,0,none,19,guide
GAGUGCAGACUCGGGGUUA,AGUGCCUGCUGAUCCACCCUAACCCCGAGUCUGCACUCAACGAGGAGGCGGGCCGCC,0.2945563012677107,0,"-1.47,-2.35,-12.44,0,1,-196.70999999999995,0.21052631578947367,0,0.42105263157894735,0,0,0.16666666666666666,-2.08,0.05555555555555555,0,0,0.0,-1.33,0,0.05555555555555555,0,-3.26,0.05555555555555555,1",-4.300,57.9,-1.4700,-37.9600,-14.0400,-14.0400,0.0,,0,none,19,guide
GACUCGGGGUUAGGGUGGA,ACCAUCAAGUGCCUGCUGAUCCACCCUAACCCCGAGUCUGCACUCAACGAGGAGGCG,0.2938105891126025,0,"-0.9,-2.35,-12.44,0,1,-201.08000000000004,0.21052631578947367,0,0.5263157894736842,0,0,0.3333333333333333,-2.24,0.05555555555555555,0,0,0.0,-2.35,0,0.0,0,-3.26,0.05555555555555555,1",-2.800,63.2,-0.4500,-40.0800,-15.5500,-15.5500,0.0,,0,none,19,guide
GGGUGGAUCAGCAGGCACU,CACGUACUGCUGACCAUCAAGUGCCUGCUGAUCCACCCUAACCCCGAGUCUGCACUC,0.4153616703952275,0,"-1.63,-3.26,-13.39,0,1,-206.25,0.15789473684210525,0,0.42105263157894735,1,0,0.2222222222222222,-3.26,0.0,0,0,0.0,-2.08,0,0.1111111111111111,0,-2.08,0.0,0",-2.000,63.2,-1.6300,-40.7000,-14.3200,-14.3200,0.0,,0,none,19,guide
GUGGAUCAGCAGGCACUUG,GACACGUACUGCUGACCAUCAAGUGCCUGCUGAUCCACCCUAACCCCGAGUCUGCAC,0.4735272184936615,0,"-0.13,-2.24,-11.4,0,1,-200.45,0.21052631578947367,0,0.3684210526315789,0,0,0.1111111111111111,-2.11,0.0,1,0,0.0,-2.11,0,0.1111111111111111,0,-3.42,0.05555555555555555,0",-1.200,57.9,-0.1300,-37.5700,-13.2800,-13.2800,0.0,,0,none,19,guide
GAUGGUCAGCAGUACGUGU,CGGCUGAGCUGGGCAUCCGACACGUACUGCUGACCAUCAAGUGCCUGCUGAUCCACC,0.44220730797912,0,"-1.01,-2.35,-12.44,0,1,-193.25,0.2631578947368421,0,0.3684210526315789,0,0,0.05555555555555555,-1.1,0.05555555555555555,0,0,0.0,-2.24,0,0.05555555555555555,0,-1.33,0.0,0",-0.900,52.6,-0.5600,-36.0300,-13.1700,-13.1700,0.0,,0,none,19,guide
AUGGUCAGCAGUACGUGUC,ACGGCUGAGCUGGGCAUCCGACACGUACUGCUGACCAUCAAGUGCCUGCUGAUCCAC,0.6375838926174496,1,"1.7,-1.1,-9.38,0,0,-193.25,0.2631578947368421,0,0.3157894736842105,0,0,0.05555555555555555,-2.11,0.05555555555555555,1,0,0.0,-2.35,0,0.05555555555555555,0,-2.24,0.0,0",-0.400,52.6,1.7000,-35.6800,-14.1500,-14.1500,0.0,,0,none,19,guide
GGAUGCCCAGCUCAGCCGU,CGUGCUCAAGAGGGACUGGACGGCUGAGCUGGGCAUCCGACACGUACUGCUGACCAU,0.3900074571215511,0,"-1.47,-3.26,-13.39,0,1,-209.93,0.15789473684210525,0,0.3157894736842105,1,0,0.05555555555555555,-2.35,0.0,0,0,0.16666666666666666,-2.24,0,0.16666666666666666,0,-2.11,0.0,0",-1.200,68.4,-1.4700,-42.3300,-15.5000,-15.5000,0.0,,0,none,19,guide
CCUCUUGAGCACGUUGACG,GCGCCAAUGGCGAGAUCUGCGUCAACGUGCUCAAGAGGGACUGGACGGCUGAGCUGG,0.4705443698732289,0,"-0.9,-3.26,-13.39,0,0,-193.86,0.2631578947368421,0,0.2631578947368421,0,0,0.0,-2.08,0.0,0,1,0.05555555555555555,-2.36,1,0.05555555555555555,0,-2.24,0.1111111111111111,0",0.000,57.9,-0.9000,-36.2100,-11.9000,-11.9000,0.0,,0,none,19,guide
UCUUGAGCACGUUGACGCA,GGGCGCCAAUGGCGAGAUCUGCGUCAACGUGCUCAAGAGGGACUGGACGGCUGAGCU,0.5555555555555556,1,"-0.24,-2.35,-12.44,1,0,-187.87,0.2631578947368421,0,0.2631578947368421,0,0,0.0,-2.08,0.0,0,0,0.0,-2.11,0,0.1111111111111111,0,-2.11,0.1111111111111111,1",-0.900,52.6,-0.2400,-35.1500,-12.9700,-12.9700,0.0,,0,none,19,guide
CUUGAGCACGUUGACGCAG,UGGGCGCCAAUGGCGAGAUCUGCGUCAACGUGCUCAAGAGGGACUGGACGGCUGAGC,0.505592841163311,0,"0.0,-2.08,-10.48,0,0,-193.35,0.21052631578947367,0,0.3157894736842105,0,0,0.0,-0.93,0.0,1,1,0.0,-2.08,0,0.1111111111111111,0,-2.35,0.1111111111111111,0",-0.900,57.9,0.0000,-35.9300,-13.0000,-13.0000,0.0,,0,none,19,guide
GUUGACGCAGAUCUCGCCA,ACCCGAACGUGGGCGCCAAUGGCGAGAUCUGCGUCAACGUGCUCAAGAGGGACUGGA,0.6383296047725577,1,"-1.03,-2.24,-11.4,0,1,-198.14,0.21052631578947367,0,0.2631578947368421,0,0,0.0,-0.93,0.0,1,0,0.05555555555555555,-2.11,0,0.1111111111111111,0,-2.08,0.05555555555555555,1",0.000,57.9,-0.5800,-37.2800,-13.4100,-13.4100,0.0,,0,none,19,guide
UCUCGCCAUUGGCGCCCAC,CAAGAUCUUCCACCCGAACGUGGGCGCCAAUGGCGAGAUCUGCGUCAACGUGCUCAA,0.4056674123788218,0,"0.79,-2.35,-12.44,1,0,-206.43,0.21052631578947367,0,0.21052631578947367,0,0,0.05555555555555555,-2.08,0.0,0,0,0.16666666666666666,-2.24,0,0.16666666666666666,0,-2.36,0.05555555555555555,0",-4.200,68.4,0.3400,-41.1100,-15.5800,-15.5800,0.0,,0,none,19,guide
CAUUGGCGCCCACGUUCGG,CCUGACCAAGAUCUUCCACCCGAACGUGGGCGCCAAUGGCGAGAUCUGCGUCAACGU,0.3348247576435496,0,"0.7,-2.11,-10.44,0,0,-201.21,0.21052631578947367,0,0.3157894736842105,0,0,0.1111111111111111,-1.1,0.0,0,1,0.1111111111111111,-3.26,0,0.1111111111111111,0,-2.36,0.1111111111111111,0",-0.900,68.4,1.1500,-39.4900,-13.1800,-13.1800,0.0,,0,none,19,guide
CCACGUUCGGGUGGAAGAU,GGGCUACUUCCUGACCAAGAUCUUCCACCCGAACGUGGGCGCCAAUGGCGAGAUCUG,0.2356450410141685,0,"-2.16,-3.26,-13.39,0,0,-193.41,0.21052631578947367,0,0.3684210526315789,0,0,0.16666666666666666,-2.11,0.0,0,1,0.05555555555555555,-1.1,1,0.0,0,-3.26,0.05555555555555555,0",-5.700,57.9,-2.6100,-36.8500,-12.2300,-12.2300,0.0,,0,none,19,guide
CGUUCGGGUGGAAGAUCUU,CAAGGGCUACUUCCUGACCAAGAUCUUCCACCCGAACGUGGGCGCCAAUGGCGAGAU,0.4504101416853094,0,"-1.43,-2.36,-10.64,0,0,-187.92,0.3157894736842105,0,0.3684210526315789,0,0,0.16666666666666666,-2.24,0.0,0,1,0.0,-0.93,0,0.0,1,-2.08,0.1111111111111111,0",-0.900,52.6,-1.8800,-34.2500,-14.4000,-14.4000,0.0,,0,none,19,guide
UCUUGGUCAGGAAGUAGCC,CCCUGCCUCCCCACCCAAGGGCUACUUCCUGACCAAGAUCUUCCACCCGAACGUGGG,0.6838180462341537,1,"1.36,-2.35,-12.44,1,0,-191.97,0.2631578947368421,0,0.3157894736842105,0,0,0.1111111111111111,-2.08,0.05555555555555555,0,0,0.05555555555555555,-3.26,0,0.05555555555555555,0,-2.08,0.05555555555555555,0",-0.100,52.6,1.3600,-36.3700,-12.9700,-12.9700,0.0,,0,none,19,guide
AGGAAGUAGCCCUUGGGUG,AAGGACUUCCCUGCCUCCCCACCCAAGGGCUACUUCCUGACCAAGAUCUUCCACCCG,0.6077554064131245,1,"0.93,-2.08,-10.48,0,0,-193.87,0.21052631578947367,0,0.42105263157894735,0,0,0.16666666666666666,-3.26,0.05555555555555555,0,0,0.1111111111111111,-2.11,0,0.05555555555555555,0,-0.93,0.05555555555555555,0",-1.200,57.9,0.4800,-38.1400,-12.1900,-12.1900,0.0,,0,none,19,guide
GGAAGUAGCCCUUGGGUGG,GAAGGACUUCCCUGCCUCCCCACCCAAGGGCUACUUCCUGACCAAGAUCUUCCACCC,0.4079045488441462,0,"0.0,-3.26,-13.39,0,1,-200.5,0.21052631578947367,0,0.4736842105263158,1,0,0.2222222222222222,-2.35,0.05555555555555555,0,0,0.1111111111111111,-3.26,0,0.05555555555555555,0,-2.11,0.05555555555555555,0",-1.200,63.2,0.0000,-39.6700,-11.0100,-11.0100,0.0,,0,none,19,guide
AGUAGCCCUUGGGUGGGGA,GGGGAAGGACUUCCCUGCCUCCCCACCCAAGGGCUACUUCCUGACCAAGAUCUUCCA,0.3646532438478747,0,"0.27,-2.08,-10.48,0,0,-199.63,0.21052631578947367,0,0.4736842105263158,0,0,0.2777777777777778,-2.24,0.05555555555555555,0,0,0.1111111111111111,-2.35,0,0.05555555555555555,0,-2.24,0.05555555555555555,1",-5.200,63.2,0.2700,-41.0000,-15.5900,-15.5900,0.0,,0,none,19,guide
AGCCCUUGGGUGGGGAGGC,GCUGGGGAAGGACUUCCCUGCCUCCCCACCCAAGGGCUACUUCCUGACCAAGAUCUU,0.3452647278150634,0,"1.79,-2.08,-10.48,0,0,-212.53,0.15789473684210525,0,0.5263157894736842,0,0,0.3333333333333333,-3.42,0.0,0,0,0.1111111111111111,-3.42,0,0.1111111111111111,0,-3.26,0.05555555555555555,0",-5.200,73.7,1.7900,-44.7600,-15.0600,-15.0600,0.0,,0,none,19,guide
GGGGAGGCAGGGAAGUCCU,AUGAAACUCCUGCUGGGGAAGGACUUCCCUGCCUCCCCACCCAAGGGCUACUUCCUG,0.4116331096196868,0,"-1.63,-3.26,-13.39,0,1,-209.18,0.10526315789473684,0,0.5263157894736842,1,0,0.3333333333333333,-3.26,0.0,0,0,0.05555555555555555,-2.08,0,0.05555555555555555,0,-0.93,0.0,0",-2.300,68.4,-1.6300,-42.9500,-17.6300,-17.6300,0.0,,0,none,19,guide
CAGGGAAGUCCUUCCCCAG,GUUCCGCAUGAAACUCCUGCUGGGGAAGGACUUCCCUGCCUCCCCACCCAAGGGCUA,0.3012677106636838,0,"-0.03,-2.11,-10.44,0,0,-201.89,0.15789473684210525,0,0.2631578947368421,0,0,0.1111111111111111,-2.08,0.0,0,1,0.2222222222222222,-2.08,0,0.0,0,-2.35,0.05555555555555555,0",-5.800,63.2,-0.0300,-39.6600,-13.9600,-13.9600,0.0,,0,none,19,guide
AGGGAAGUCCUUCCCCAGC,UGUUCCGCAUGAAACUCCUGCUGGGGAAGGACUUCCCUGCCUCCCCACCCAAGGGCU,0.4019388516032812,0,"1.79,-2.08,-10.48,0,0,-202.61,0.15789473684210525,0,0.2631578947368421,0,0,0.1111111111111111,-3.26,0.0,0,0,0.2222222222222222,-3.42,0,0.05555555555555555,0,-3.26,0.05555555555555555,0",-5.800,63.2,1.7900,-40.4200,-14.1200,-14.1200,0.0,,0,none,19,guide
UUCCCCAGCAGGAGUUUCA,GCUGGAGGUCUGUUCCGCAUGAAACUCCUGCUGGGGAAGGACUUCCCUGCCUCCCCA,0.4026845637583893,0,"0.73,-0.93,-6.82,1,0,-189.33,0.2631578947368421,1,0.21052631578947367,0,0,0.05555555555555555,-2.35,0.0,1,0,0.16666666666666666,-2.11,0,0.05555555555555555,0,-2.08,0.16666666666666666,1",-2.000,52.6,1.1800,-36.6200,-16.3200,-16.3200,0.0,,0,none,19,guide
GAGUUUCAUGCGGAACAGA,GGACCCCAUAUGCUGGAGGUCUGUUCCGCAUGAAACUCCUGCUGGGGAAGGACUUCC,0.3154362416107382,0,"-0.9,-2.35,-12.44,0,1,-186.26,0.21052631578947367,0,0.3157894736842105,0,0,0.05555555555555555,-2.08,0.0,0,0,0.0,-2.35,0,0.05555555555555555,0,-2.35,0.1111111111111111,1",-3.300,47.4,-0.4500,-33.1600,-10.6400,-10.6400,0.0,,0,none,19,guide
CAUGCGGAACAGACCUCCA,CUGAGGGGACCCCAUAUGCUGGAGGUCUGUUCCGCAUGAAACUCCUGCUGGGGAAGG,0.436241610738255,0,"-0.9,-2.11,-10.44,0,0,-197.4,0.10526315789473684,0,0.21052631578947367,0,0,0.05555555555555555,-1.1,0.0,0,1,0.1111111111111111,-2.11,0,0.05555555555555555,0,-2.24,0.0,1",-1.700,57.9,-0.4500,-37.6300,-14.6000,-14.6000,0.0,,0,none,19,guide
GACCUCCAGCAUAUGGGGU,CAUCGAGGGCCCUGAGGGGACCCCAUAUGCUGGAGGUCUGUUCCGCAUGAAACUCCU,0.37211036539895603,0,"-1.01,-2.35,-12.44,0,1,-200.90999999999997,0.21052631578947367,0,0.3157894736842105,0,0,0.16666666666666666,-2.24,0.05555555555555555,0,0,0.1111111111111111,-2.24,0,0.05555555555555555,0,-1.1,0.0,0",-5.800,57.9,-0.5600,-38.7800,-15.3000,-15.3000,0.0,,0,none,19,guide
CCAGCAUAUGGGGUCCCCU,GUCACCAUCGAGGGCCCUGAGGGGACCCCAUAUGCUGGAGGUCUGUUCCGCAUGAAA,0.2721849366144668,0,"-1.63,-3.26,-13.39,0,0,-203.85,0.21052631578947367,0,0.2631578947368421,0,0,0.16666666666666666,-2.11,0.05555555555555555,0,1,0.2222222222222222,-2.08,1,0.05555555555555555,0,-2.24,0.0,0",-2.400,63.2,-1.6300,-40.9100,-12.1500,-12.1500,0.0,,0,none,19,guide
CAUAUGGGGUCCCCUCAGG,CCAGGUCACCAUCGAGGGCCCUGAGGGGACCCCAUAUGCUGGAGGUCUGUUCCGCAU,0.1879194630872483,0,"0.7,-2.11,-10.44,0,0,-205.12999999999997,0.21052631578947367,0,0.3157894736842105,0,0,0.2222222222222222,-1.1,0.05555555555555555,0,1,0.16666666666666666,-3.26,0,0.0,0,-3.26,0.0,0",-3.900,63.2,1.1500,-39.9900,-12.1600,-12.1600,0.0,,0,none,19,guide
AUAUGGGGUCCCCUCAGGG,UCCAGGUCACCAUCGAGGGCCCUGAGGGGACCCCAUAUGCUGGAGGUCUGUUCCGCA,0.3467561521252796,0,"2.16,-1.1,-9.38,0,0,-204.36,0.21052631578947367,0,0.3684210526315789,0,0,0.2777777777777778,-1.33,0.05555555555555555,1,0,0.16666666666666666,-3.26,0,0.0,0,-2.08,0.0,0",-3.900,63.2,2.6100,-40.9900,-14.3200,-14.3200,0.0,,0,none,19,guide
GGGUCCCCUCAGGGCCCUC,CGACCUCCAGGUCACCAUCGAGGGCCCUGAGGGGACCCCAUAUGCUGGAGGUCUGUU,0.3325876211782252,0,"-0.46,-3.26,-13.39,0,1,-222.3799999999999,0.15789473684210525,0,0.3157894736842105,1,0,0.2222222222222222,-3.26,0.0,0,0,0.2777777777777778,-2.35,0,0.05555555555555555,0,-3.26,0.0,0",-10.400,78.9,-0.9100,-46.6100,-17.6300,-17.6300,0.0,,0,none,19,guide
UCAGGGCCCUCGAUGGUGA,GACCUCACCGACCUCCAGGUCACCAUCGAGGGCCCUGAGGGGACCCCAUAUGCUGGA,0.26771066368381796,0,"0.0,-2.35,-12.44,1,0,-204.24000000000004,0.21052631578947367,0,0.3684210526315789,0,0,0.16666666666666666,-2.11,0.0,0,0,0.1111111111111111,-2.35,0,0.05555555555555555,0,-1.1,0.0,1",-1.500,63.2,0.0000,-40.8200,-17.3900,-17.3900,0.0,,0,none,19,guide
CAGGGCCCUCGAUGGUGAC,GGACCUCACCGACCUCCAGGUCACCAUCGAGGGCCCUGAGGGGACCCCAUAUGCUGG,0.3363161819537658,0,"0.13,-2.11,-10.44,0,0,-210.64000000000004,0.15789473684210525,0,0.3684210526315789,0,0,0.16666666666666666,-2.08,0.0,0,1,0.1111111111111111,-2.24,0,0.05555555555555555,0,-2.11,0.0,0",-1.500,68.4,0.1300,-41.8100,-18.5400,-18.5400,0.0,,0,none,19,guide
UGAGGUCCUCCUCGUUGGG,CGAUGGCAUCAAGGUCUUUCCCAACGAGGAGGACCUCACCGACCUCCAGGUCACCAU,0.4026845637583893,0,"1.6,-2.11,-10.44,1,0,-201.96000000000004,0.3157894736842105,0,0.3684210526315789,0,0,0.16666666666666666,-2.35,0.0,0,0,0.1111111111111111,-3.26,0,0.0,0,-2.36,0.05555555555555555,0",-5.300,63.2,1.6000,-39.6400,-15.5400,-15.5400,0.0,,0,none,19,guide
GAGGUCCUCCUCGUUGGGA,CCGAUGGCAUCAAGGUCUUUCCCAACGAGGAGGACCUCACCGACCUCCAGGUCACCA,0.2662192393736017,0,"-0.9,-2.35,-12.44,0,1,-203.96,0.2631578947368421,0,0.3684210526315789,0,0,0.16666666666666666,-2.08,0.0,0,0,0.1111111111111111,-2.35,0,0.0,0,-2.24,0.05555555555555555,1",-5.500,63.2,-0.4500,-40.0800,-15.2700,-15.2700,0.0,,0,none,19,guide
AGGUCCUCCUCGUUGGGAA,CCCGAUGGCAUCAAGGUCUUUCCCAACGAGGAGGACCUCACCGACCUCCAGGUCACC,0.3102162565249813,0,"-0.7,-2.08,-10.48,0,0,-194.61999999999995,0.2631578947368421,0,0.3157894736842105,0,0,0.16666666666666666,-3.26,0.0,0,0,0.1111111111111111,-0.93,0,0.0,0,-0.93,0.05555555555555555,1",-2.700,57.9,-1.1500,-37.9600,-15.5400,-15.5400,0.0,,0,none,19,guide
GUCCUCCUCGUUGGGAAAG,CACCCGAUGGCAUCAAGGUCUUUCCCAACGAGGAGGACCUCACCGACCUCCAGGUCA,0.2527964205816555,0,"-0.16,-2.24,-11.4,0,1,-195.49,0.2631578947368421,0,0.3157894736842105,0,0,0.1111111111111111,-2.35,0.0,1,0,0.1111111111111111,-2.08,0,0.0,0,-3.26,0.05555555555555555,0",-2.700,57.9,-0.1600,-36.6300,-15.3800,-15.3800,0.0,,0,none,19,guide
CCUCGUUGGGAAAGACCUU,AGACCCACCCGAUGGCAUCAAGGUCUUUCCCAACGAGGAGGACCUCACCGACCUCCA,0.395227442207308,0,"-2.33,-3.26,-13.39,0,0,-186.14999999999995,0.2631578947368421,0,0.2631578947368421,0,0,0.1111111111111111,-2.08,0.0,0,1,0.1111111111111111,-0.93,1,0.0,0,-2.08,0.1111111111111111,0",-1.600,52.6,-2.7800,-34.9100,-12.0700,-12.0700,0.0,,0,none,19,guide
UGGGAAAGACCUUGAUGCC,GACCGCAGACCCACCCGAUGGCAUCAAGGUCUUUCCCAACGAGGAGGACCUCACCGA,0.4272930648769574,0,"1.6,-2.11,-10.44,1,0,-191.95,0.21052631578947367,0,0.3157894736842105,0,0,0.1111111111111111,-3.26,0.0,0,0,0.1111111111111111,-3.26,0,0.05555555555555555,0,-2.11,0.05555555555555555,0",-1.600,52.6,1.6000,-35.9900,-12.8100,-12.8100,0.0,,0,none,19,guide
GGAAAGACCUUGAUGCCAU,CUGACCGCAGACCCACCCGAUGGCAUCAAGGUCUUUCCCAACGAGGAGGACCUCACC,0.4213273676360924,0,"-2.16,-3.26,-13.39,0,1,-187.94,0.21052631578947367,0,0.2631578947368421,1,0,0.05555555555555555,-2.35,0.0,0,0,0.1111111111111111,-1.1,0,0.05555555555555555,0,-1.1,0.05555555555555555,0",0.000,47.4,-2.6100,-33.8300,-10.8800,-10.8800,0.0,,0,none,19,guide
GACCUUGAUGCCAUCGGGU,CGACACUGACCGCAGACCCACCCGAUGGCAUCAAGGUCUUUCCCAACGAGGAGGACC,0.4951528709917972,0,"-1.01,-2.35,-12.44,0,1,-199.25,0.2631578947368421,0,0.3157894736842105,0,0,0.1111111111111111,-2.24,0.0,0,0,0.1111111111111111,-2.24,0,0.05555555555555555,0,-1.1,0.05555555555555555,0",-2.700,57.9,-0.5600,-37.6000,-12.9700,-12.9700,0.0,,0,none,19,guide
CCUUGAUGCCAUCGGGUGG,GACGACACUGACCGCAGACCCACCCGAUGGCAUCAAGGUCUUUCCCAACGAGGAGGA,0.3519761372110365,0,"0.0,-3.26,-13.39,0,0,-202.96,0.2631578947368421,0,0.3684210526315789,0,0,0.16666666666666666,-2.08,0.0,0,1,0.1111111111111111,-3.26,1,0.05555555555555555,0,-2.36,0.05555555555555555,0",-2.600,63.2,0.0000,-38.8800,-10.6800,-10.6800,0.0,,0,none,19,guide
UGAUGCCAUCGGGUGGGUC,GGUGACGACACUGACCGCAGACCCACCCGAUGGCAUCAAGGUCUUUCCCAACGAGGA,0.4601043997017151,0,"1.14,-2.11,-10.44,1,0,-205.78,0.2631578947368421,0,0.42105263157894735,0,0,0.2222222222222222,-2.35,0.0,0,0,0.05555555555555555,-2.35,0,0.05555555555555555,0,-2.24,0.0,0",-2.400,63.2,0.6900,-40.3100,-14.3500,-14.3500,0.0,,0,none,19,guide
GCCAUCGGGUGGGUCUGCG,AGGAGGUGACGACACUGACCGCAGACCCACCCGAUGGCAUCAAGGUCUUUCCCAACG,0.384041759880686,0,"-1.06,-3.42,-14.88,0,1,-213.23999999999995,0.21052631578947367,0,0.4736842105263158,0,1,0.2222222222222222,-3.26,0.0,0,0,0.05555555555555555,-2.36,0,0.1111111111111111,0,-2.24,0.0,0",-2.300,73.7,-1.0600,-42.9600,-14.4400,-14.4400,0.0,,0,none,19,guide
GGGUGGGUCUGCGGUCAGU,XXXXCAAGGAGGUGACGACACUGACCGCAGACCCACCCGAUGGCAUCAAGGUCUUUC,0.3251304996271439,0,"-1.47,-3.26,-13.39,0,1,-207.9,0.2631578947368421,0,0.5263157894736842,1,0,0.2777777777777778,-3.26,0.0,0,0,0.0,-2.24,0,0.05555555555555555,0,-3.26,0.0,0",-2.100,68.4,-1.4700,-42.1400,-16.3700,-16.3700,0.0,,0,none,19,guide
UGCGGUCAGUGUCGUCACC,XXXXXXXXXXXXXCAAGGAGGUGACGACACUGACCGCAGACCCACCCGAUGGCAUCA,0.6614466815809098,1,"1.6,-2.11,-10.44,1,0,-202.17,0.2631578947368421,0,0.3157894736842105,0,0,0.05555555555555555,-3.42,0.0,0,0,0.05555555555555555,-3.26,0,0.05555555555555555,0,-2.36,0.0,0",-1.300,63.2,1.6000,-39.4900,-15.7400,-15.7400,0.0,,0,none,19,guide
UCCGAAUCGGAGGGUGAAC,UCAGAAAGAAUGCCGAAGAGUUCACCCUCCGAUUCGGAGUGXXXXXXXXXXXXXXXX,0.4556301267710663,0,"0.79,-2.35,-12.44,1,0,-196.45,0.15789473684210525,0,0.3684210526315789,0,0,0.16666666666666666,-3.26,0.0,0,0,0.05555555555555555,-2.24,0,0.0,0,-3.26,0.0,0",-3.000,57.9,0.3400,-37.2000,-12.3500,-12.3500,0.0,,0,none,19,guide
CCGAAUCGGAGGGUGAACU,UUCAGAAAGAAUGCCGAAGAGUUCACCCUCCGAUUCGGAGUGXXXXXXXXXXXXXXX,0.4123788217747949,0,"-1.63,-3.26,-13.39,0,0,-194.49,0.15789473684210525,0,0.3684210526315789,0,0,0.16666666666666666,-2.36,0.0,0,1,0.05555555555555555,-2.08,1,0.0,0,-2.24,0.0,0",-1.400,57.9,-1.6300,-36.9300,-11.4500,-11.4500,0.0,,0,none,19,guide
CGGAGGGUGAACUCUUCGG,GAGCUGUUCAGAAAGAAUGCCGAAGAGUUCACCCUCCGAUUCGGAGUGXXXXXXXXX,0.4668158090976883,0,"0.9,-2.36,-10.64,0,0,-199.30999999999997,0.21052631578947367,0,0.42105263157894735,0,0,0.2222222222222222,-3.26,0.0,0,1,0.0,-3.26,0,0.0,1,-2.35,0.05555555555555555,0",-7.700,63.2,0.9000,-38.4600,-16.4500,-16.4500,0.0,,0,none,19,guide
GAGGGUGAACUCUUCGGCA,CGGAGCUGUUCAGAAAGAAUGCCGAAGAGUUCACCCUCCGAUUCGGAGUGXXXXXXX,0.4466815809097688,0,"-1.14,-2.35,-12.44,0,1,-196.88,0.21052631578947367,0,0.3684210526315789,0,0,0.16666666666666666,-2.08,0.0,0,0,0.0,-2.11,0,0.05555555555555555,0,-0.93,0.05555555555555555,1",-2.900,57.9,-0.6900,-37.6200,-15.3000,-15.3000,0.0,,0,none,19,guide
GGGUGAACUCUUCGGCAUU,UCCGGAGCUGUUCAGAAAGAAUGCCGAAGAGUUCACCCUCCGAUUCGGAGUGXXXXX,0.3847874720357942,0,"-2.33,-3.26,-13.39,0,1,-190.16,0.3157894736842105,0,0.3157894736842105,1,0,0.16666666666666666,-3.26,0.0,0,0,0.0,-0.93,0,0.05555555555555555,0,-2.36,0.1111111111111111,0",-1.600,52.6,-2.7800,-35.2200,-13.1300,-13.1300,0.0,,0,none,19,guide
CUUCGGCAUUCUUUCUGAA,GACACAGAAUCCGGAGCUGUUCAGAAAGAAUGCCGAAGAGUUCACCCUCCGAUUCGG,0.43027591349739003,0,"-1.6,-2.08,-10.48,0,0,-177.14,0.42105263157894735,0,0.15789473684210525,0,0,0.05555555555555555,-0.93,0.0,1,1,0.0,-0.93,0,0.05555555555555555,0,-0.93,0.2222222222222222,1",-1.400,42.1,-1.6000,-30.7100,-14.4300,-14.4300,0.0,,0,none,19,guide
AUUCUUUCUGAACAGCUCC,ACCUGCUGACACAGAAUCCGGAGCUGUUCAGAAAGAAUGCCGAAGAGUUCACCCUCC,0.8031319910514542,1,"2.16,-1.1,-9.38,0,0,-181.55999999999997,0.3684210526315789,0,0.10526315789473684,0,0,0.0,-0.93,0.0,1,0,0.05555555555555555,-3.26,0,0.05555555555555555,0,-2.11,0.16666666666666666,0",0.000,42.1,2.6100,-31.5400,-9.5700,-9.5700,0.0,,0,none,19,guide
AACAGCUCCGGAUUCUGUG,GACCUCGCUGACCUGCUGACACAGAAUCCGGAGCUGUUCAGAAAGAAUGCCGAAGAG,0.7293064876957495,1,"1.63,-0.93,-6.82,0,0,-190.87,0.2631578947368421,0,0.2631578947368421,0,0,0.05555555555555555,-2.24,0.0,0,0,0.05555555555555555,-2.11,0,0.05555555555555555,0,-0.93,0.05555555555555555,0",-1.100,52.6,1.6300,-35.2700,-14.2800,-14.2800,0.0,,0,none,19,guide
ACAGCUCCGGAUUCUGUGU,GGACCUCGCUGACCUGCUGACACAGAAUCCGGAGCUGUUCAGAAAGAAUGCCGAAGA,0.6368381804623415,1,"0.0,-2.24,-11.4,0,0,-191.73,0.3157894736842105,0,0.2631578947368421,0,0,0.05555555555555555,-2.11,0.0,0,0,0.05555555555555555,-2.24,0,0.05555555555555555,0,-2.35,0.05555555555555555,0",-0.700,52.6,0.0000,-36.0300,-15.3000,-15.3000,0.0,,0,none,19,guide
AGCUCCGGAUUCUGUGUCA,AUGGACCUCGCUGACCUGCUGACACAGAAUCCGGAGCUGUUCAGAAAGAAUGCCGAA,0.4086502609992543,0,"0.03,-2.08,-10.48,0,0,-192.77,0.3157894736842105,0,0.2631578947368421,0,0,0.05555555555555555,-3.42,0.0,0,0,0.05555555555555555,-2.11,0,0.05555555555555555,0,-2.11,0.05555555555555555,1",-0.400,52.6,0.0300,-36.1400,-16.7300,-16.7300,0.0,,0,none,19,guide
GCUCCGGAUUCUGUGUCAG,GAUGGACCUCGCUGACCUGCUGACACAGAAUCCGGAGCUGUUCAGAAAGAAUGCCGA,0.5935868754660701,1,"-0.89,-3.42,-14.88,0,1,-200.21,0.3157894736842105,0,0.3157894736842105,0,1,0.05555555555555555,-2.08,0.0,0,0,0.05555555555555555,-2.08,0,0.05555555555555555,0,-2.24,0.05555555555555555,0",-0.400,57.9,-1.3400,-37.1900,-15.6600,-15.6600,0.0,,0,none,19,guide
GUCAGCAGGUCAGCGAGGU,AGGGAGCCCCUGCGGAUGGACCUCGCUGACCUGCUGACACAGAAUCCGGAGCUGUUC,0.4369873228933631,0,"-0.9,-2.24,-11.4,0,1,-204.61,0.15789473684210525,0,0.42105263157894735,0,0,0.1111111111111111,-2.35,0.0,1,0,0.0,-2.24,0,0.1111111111111111,0,-3.42,0.0,0",-0.900,63.2,-0.4500,-40.2000,-14.1500,-14.1500,0.0,,0,none,19,guide
GCAGGUCAGCGAGGUCCAU,UAUCAGGGAGCCCCUGCGGAUGGACCUCGCUGACCUGCUGACACAGAAUCCGGAGCU,0.3266219239373601,0,"-2.32,-3.42,-14.88,0,1,-205.5,0.15789473684210525,0,0.3684210526315789,0,1,0.1111111111111111,-2.11,0.0,0,0,0.05555555555555555,-1.1,0,0.1111111111111111,0,-3.26,0.0,0",-1.400,63.2,-2.7700,-40.0400,-14.1500,-14.1500,0.0,,0,none,19,guide
AGGUCAGCGAGGUCCAUCC,AAUAUCAGGGAGCCCCUGCGGAUGGACCUCGCUGACCUGCUGACACAGAAUCCGGAG,0.6002982848620433,1,"1.63,-2.08,-10.48,0,0,-206.01,0.15789473684210525,0,0.3157894736842105,0,0,0.1111111111111111,-3.26,0.0,0,0,0.1111111111111111,-3.26,0,0.05555555555555555,0,-2.35,0.0,0",-1.400,63.2,1.6300,-40.1200,-15.4600,-15.4600,0.0,,0,none,19,guide
GGUCAGCGAGGUCCAUCCG,GAAUAUCAGGGAGCCCCUGCGGAUGGACCUCGCUGACCUGCUGACACAGAAUCCGGA,0.5339299030574198,1,"-0.9,-3.26,-13.39,0,1,-209.89,0.15789473684210525,0,0.3684210526315789,1,0,0.1111111111111111,-2.24,0.0,0,0,0.1111111111111111,-2.36,0,0.05555555555555555,0,-3.26,0.0,0",-1.600,68.4,-0.9000,-40.9500,-14.5600,-14.5600,0.0,,0,none,19,guide
AGCGAGGUCCAUCCGCAGG,GACCGAAUAUCAGGGAGCCCCUGCGGAUGGACCUCGCUGACCUGCUGACACAGAAUC,0.6099925428784488,1,"1.63,-2.08,-10.48,0,0,-207.69,0.10526315789473684,0,0.3684210526315789,0,0,0.1111111111111111,-3.42,0.0,0,0,0.1111111111111111,-3.26,0,0.1111111111111111,0,-3.26,0.0,0",-2.900,68.4,1.6300,-41.3100,-15.7100,-15.7100,0.0,,0,none,19,guide
GCGAGGUCCAUCCGCAGGG,AGACCGAAUAUCAGGGAGCCCCUGCGGAUGGACCUCGCUGACCUGCUGACACAGAAU,0.4451901565995526,0,"-0.16,-3.42,-14.88,0,1,-214.32,0.10526315789473684,0,0.42105263157894735,0,1,0.16666666666666666,-2.36,0.0,0,0,0.1111111111111111,-3.26,0,0.1111111111111111,0,-2.36,0.0,0",-3.100,73.7,-0.1600,-42.8400,-14.6400,-14.6400,0.0,,0,none,19,guide
GGUCCAUCCGCAGGGGCUC,GAAUAGACCGAAUAUCAGGGAGCCCCUGCGGAUGGACCUCGCUGACCUGCUGACACA,0.4168530947054437,0,"-0.46,-3.26,-13.39,0,1,-217.07,0.15789473684210525,0,0.3684210526315789,1,0,0.2222222222222222,-2.24,0.0,0,0,0.1111111111111111,-2.35,0,0.1111111111111111,0,-3.26,0.0,0",-4.900,73.7,-0.9100,-43.9400,-13.4100,-13.4100,0.0,,0,none,19,guide
CCAUCCGCAGGGGCUCCCU,GGUGAAUAGACCGAAUAUCAGGGAGCCCCUGCGGAUGGACCUCGCUGACCUGCUGAC,0.4481730052199851,0,"-1.63,-3.26,-13.39,0,0,-213.38,0.15789473684210525,0,0.2631578947368421,0,0,0.16666666666666666,-2.11,0.0,0,1,0.2222222222222222,-2.08,1,0.1111111111111111,0,-3.42,0.0,0",-3.100,73.7,-1.6300,-44.1900,-14.6000,-14.6000,0.0,,0,none,19,guide
GGGGCUCCCUGAUAUUCGG,CAAUGUGCUGGUGAAUAGACCGAAUAUCAGGGAGCCCCUGCGGAUGGACCUCGCUGA,0.3728560775540641,0,"0.0,-3.26,-13.39,0,1,-204.23999999999995,0.2631578947368421,0,0.3684210526315789,1,0,0.2222222222222222,-3.26,0.05555555555555555,0,0,0.1111111111111111,-3.26,0,0.05555555555555555,0,-1.33,0.05555555555555555,0",-2.400,63.2,0.0000,-39.5300,-17.6300,-17.6300,0.0,,0,none,19,guide
UGAUAUUCGGUCUAUUCAC,GGAGGCCCUCAAUGUGCUGGUGAAUAGACCGAAUAUCAGGGAGCCCCUGCGGAUGGA,0.6703952274422074,1,"1.03,-2.11,-10.44,1,0,-177.78,0.42105263157894735,0,0.15789473684210525,0,0,0.05555555555555555,-2.35,0.1111111111111111,0,0,0.0,-2.24,0,0.0,0,-1.33,0.1111111111111111,0",0.000,36.8,0.5800,-29.6800,-9.1600,-9.1600,0.0,,0,none,19,guide
CGGUCUAUUCACCAGCACA,AAGUCCUGGAGGCCCUCAAUGUGCUGGUGAAUAGACCGAAUAUCAGGGAGCCCCUGC,0.4399701715137956,0,"-0.7,-2.36,-10.64,0,0,-190.66,0.21052631578947367,0,0.15789473684210525,0,0,0.05555555555555555,-3.26,0.05555555555555555,0,1,0.05555555555555555,-2.11,0,0.05555555555555555,1,-2.11,0.05555555555555555,1",-1.700,52.6,-0.7000,-35.7400,-12.3600,-12.3600,0.0,,0,none,19,guide
CUAUUCACCAGCACAUUGA,UGCCAAGUCCUGGAGGCCCUCAAUGUGCUGGUGAAUAGACCGAAUAUCAGGGAGCCC,0.5152870991797166,0,"-0.63,-2.08,-10.48,0,0,-181.87,0.2631578947368421,0,0.10526315789473684,0,0,0.0,-1.33,0.05555555555555555,1,1,0.05555555555555555,-2.35,0,0.05555555555555555,0,-2.24,0.1111111111111111,1",0.000,42.1,-0.1800,-31.8700,-10.0600,-10.0600,0.0,,0,none,19,guide
GCACAUUGAGGGCCUCCAG,CACCAAGACUUGCCAAGUCCUGGAGGCCCUCAAUGUGCUGGUGAAUAGACCGAAUAU,0.3594332587621178,0,"-0.89,-3.42,-14.88,0,1,-205.39,0.15789473684210525,0,0.3157894736842105,0,1,0.1111111111111111,-2.11,0.0,0,0,0.1111111111111111,-2.08,0,0.1111111111111111,0,-3.26,0.05555555555555555,0",-0.700,63.2,-1.3400,-39.7400,-10.6000,-10.6000,0.0,,0,none,19,guide
ACAUUGAGGGCCUCCAGGA,UGCACCAAGACUUGCCAAGUCCUGGAGGCCCUCAAUGUGCUGGUGAAUAGACCGAAU,0.5533184190902312,1,"0.11,-2.24,-11.4,0,0,-198.46,0.15789473684210525,0,0.3157894736842105,0,0,0.16666666666666666,-2.11,0.0,0,0,0.1111111111111111,-2.35,0,0.05555555555555555,0,-2.35,0.05555555555555555,1",-0.700,57.9,0.1100,-39.1200,-10.6800,-10.6800,0.0,,0,none,19,guide
CCUCCAGGACUUGGCAAGU,CUGGAAGCCUUGCACCAAGACUUGCCAAGUCCUGGAGGCCCUCAAUGUGCUGGUGAA,0.2371364653243848,0,"-1.47,-3.26,-13.39,0,0,-195.67,0.21052631578947367,0,0.2631578947368421,0,0,0.1111111111111111,-2.08,0.0,0,1,0.1111111111111111,-2.24,1,0.05555555555555555,0,-3.26,0.05555555555555555,0",-0.700,57.9,-1.4700,-38.0100,-15.1400,-15.1400,0.0,,0,none,19,guide
UGGCAAGUCUUGGUGCAAG,AGCAGUGAGAACUGGAAGCCUUGCACCAAGACUUGCCAAGUCCUGGAGGCCCUCAAU,0.668158090976883,1,"0.87,-2.11,-10.44,1,0,-188.55,0.2631578947368421,0,0.3684210526315789,0,0,0.1111111111111111,-3.26,0.0,0,0,0.0,-2.08,0,0.1111111111111111,0,-2.24,0.05555555555555555,0",-1.700,52.6,0.4200,-35.6300,-14.0400,-14.0400,0.0,,0,none,19,guide
UCUUGGUGCAAGGCUUCCA,CAUCAUCAGCAGUGAGAACUGGAAGCCUUGCACCAAGACUUGCCAAGUCCUGGAGGC,0.5794183445190156,1,"-0.24,-2.35,-12.44,1,0,-188.82,0.3157894736842105,0,0.2631578947368421,0,0,0.1111111111111111,-2.08,0.0,0,0,0.05555555555555555,-2.11,0,0.1111111111111111,0,-3.42,0.1111111111111111,1",-1.600,52.6,-0.2400,-36.2400,-12.7300,-12.7300,0.0,,0,none,19,guide
UGGUGCAAGGCUUCCAGUU,GCCCAUCAUCAGCAGUGAGAACUGGAAGCCUUGCACCAAGACUUGCCAAGUCCUGGA,0.5801640566741239,1,"-0.73,-2.11,-10.44,1,0,-187.78,0.3157894736842105,0,0.3157894736842105,0,0,0.1111111111111111,-3.26,0.0,0,0,0.05555555555555555,-0.93,0,0.1111111111111111,0,-2.35,0.1111111111111111,0",-2.200,52.6,-1.1800,-36.4300,-14.0700,-14.0700,0.0,,0,none,19,guide
CUUCCAGUUCUCACUGCUG,AGAUUUGCCUGCCCAUCAUCAGCAGUGAGAACUGGAAGCCUUGCACCAAGACUUGCC,0.5585384041759881,1,"0.03,-2.08,-10.48,0,0,-192.58,0.3684210526315789,0,0.15789473684210525,0,0,0.0,-0.93,0.0,1,1,0.05555555555555555,-2.11,0,0.05555555555555555,0,-2.24,0.1111111111111111,0",-1.900,52.6,0.0300,-35.1200,-12.9700,-12.9700,0.0,,0,none,19,guide
UCCAGUUCUCACUGCUGAU,ACAGAUUUGCCUGCCCAUCAUCAGCAGUGAGAACUGGAAGCCUUGCACCAAGACUUG,0.6181953765846383,1,"-0.8,-2.35,-12.44,1,0,-189.66,0.3684210526315789,0,0.15789473684210525,0,0,0.0,-3.26,0.0,0,0,0.05555555555555555,-1.1,0,0.05555555555555555,0,-2.11,0.05555555555555555,0",-3.100,47.4,-1.2500,-34.7100,-12.9700,-12.9700,0.0,,0,none,19,guide
CCAGUUCUCACUGCUGAUG,GACAGAUUUGCCUGCCCAUCAUCAGCAGUGAGAACUGGAAGCCUUGCACCAAGACUU,0.4899328859060403,0,"-0.7,-3.26,-13.39,0,0,-195.1,0.3157894736842105,0,0.21052631578947367,0,0,0.0,-2.11,0.0,0,1,0.05555555555555555,-2.11,1,0.05555555555555555,0,-3.42,0.05555555555555555,0",-3.100,52.6,-1.1500,-35.5200,-11.7900,-11.7900,0.0,,0,none,19,guide
CAGUUCUCACUGCUGAUGA,GGACAGAUUUGCCUGCCCAUCAUCAGCAGUGAGAACUGGAAGCCUUGCACCAAGACU,0.4571215510812826,0,"-0.66,-2.11,-10.44,0,0,-190.43,0.3157894736842105,0,0.21052631578947367,0,0,0.0,-2.08,0.0,0,1,0.0,-2.35,0,0.05555555555555555,0,-2.08,0.05555555555555555,1",-2.700,47.4,-0.2100,-34.2600,-12.0300,-12.0300,0.0,,0,none,19,guide
UCUCACUGCUGAUGAUGGG,GAACGGACAGAUUUGCCUGCCCAUCAUCAGCAGUGAGAACUGGAAGCCUUGCACCAA,0.5518269947800151,1,"1.36,-2.35,-12.44,1,0,-197.89,0.3157894736842105,0,0.3157894736842105,0,0,0.1111111111111111,-2.08,0.0,0,0,0.0,-3.26,0,0.05555555555555555,0,-2.11,0.0,0",-0.300,52.6,1.3600,-36.6300,-12.9700,-12.9700,0.0,,0,none,19,guide
GAUGAUGGGCAGGCAAAUC,ACGUGGACGAGAACGGACAGAUUUGCCUGCCCAUCAUCAGCAGUGAGAACUGGAAGC,0.5316927665920954,1,"0.0,-2.35,-12.44,0,1,-197.66,0.15789473684210525,0,0.3684210526315789,0,0,0.16666666666666666,-1.1,0.0,0,0,0.0,-2.35,0,0.1111111111111111,0,-3.42,0.0,0",0.000,52.6,0.0000,-35.9600,-12.0300,-12.0300,0.0,,0,none,19,guide
CUCGUCCACGUUGGGGUGG,AAUUCACAACCAAGAUCUACCACCCCAACGUGGACGAGAACGGACAGAUUUGCCUGC,0.5041014168530947,0,"0.73,-2.08,-10.48,0,0,-203.72000000000003,0.2631578947368421,0,0.42105263157894735,0,0,0.2222222222222222,-2.35,0.0,1,1,0.05555555555555555,-3.26,0,0.0,0,-3.26,0.05555555555555555,0",-4.700,68.4,1.1800,-40.6300,-14.6700,-14.6700,0.0,,0,none,19,guide
UCGUCCACGUUGGGGUGGU,AAAUUCACAACCAAGAUCUACCACCCCAACGUGGACGAGAACGGACAGAUUUGCCUG,0.4839671886651752,0,"-0.11,-2.35,-12.44,1,0,-197.2,0.3157894736842105,0,0.42105263157894735,0,0,0.2222222222222222,-2.36,0.0,0,0,0.05555555555555555,-2.24,0,0.0,0,-3.26,0.05555555555555555,0",-5.300,63.2,-0.1100,-39.5400,-14.5600,-14.5600,0.0,,0,none,19,guide
CGUCCACGUUGGGGUGGUA,CAAAUUCACAACCAAGAUCUACCACCCCAACGUGGACGAGAACGGACAGAUUUGCCU,0.27889634601044,0,"-1.03,-2.36,-10.64,0,0,-196.17000000000004,0.2631578947368421,0,0.42105263157894735,0,0,0.2222222222222222,-2.24,0.05555555555555555,0,1,0.05555555555555555,-1.33,0,0.0,1,-3.26,0.05555555555555555,1",-5.300,63.2,-1.4800,-39.0700,-14.5600,-14.5600,0.0,,0,none,19,guide
UCCACGUUGGGGUGGUAGA,AUCAAAUUCACAACCAAGAUCUACCACCCCAACGUGGACGAGAACGGACAGAUUUGC,0.395227442207308,0,"0.0,-2.35,-12.44,1,0,-193.33,0.2631578947368421,0,0.42105263157894735,0,0,0.2222222222222222,-3.26,0.05555555555555555,0,0,0.05555555555555555,-2.35,0,0.0,0,-2.11,0.05555555555555555,1",-5.300,57.9,0.0000,-38.3500,-13.1400,-13.1400,0.0,,0,none,19,guide
UGGGGUGGUAGAUCUUGGU,UCCCAUGAUCAAAUUCACAACCAAGAUCUACCACCCCAACGUGGACGAGAACGGACA,0.6771066368381805,1,"0.13,-2.11,-10.44,1,0,-191.15,0.3684210526315789,0,0.4736842105263158,0,0,0.2777777777777778,-3.26,0.05555555555555555,0,0,0.0,-2.24,0,0.0,0,-2.35,0.05555555555555555,0",-1.600,52.6,0.1300,-37.0800,-17.3900,-17.3900,0.0,,0,none,19,guide
GGGGUGGUAGAUCUUGGUU,CUCCCAUGAUCAAAUUCACAACCAAGAUCUACCACCCCAACGUGGACGAGAACGGAC,0.3251304996271439,0,"-2.33,-3.26,-13.39,0,1,-191.25,0.3684210526315789,0,0.4736842105263158,1,0,0.2777777777777778,-3.26,0.05555555555555555,0,0,0.0,-0.93,0,0.0,0,-2.08,0.1111111111111111,0",-1.500,52.6,-2.7800,-36.3000,-16.3700,-16.3700,0.0,,0,none,19,guide
GUGGUAGAUCUUGGUUGUG,AGCCUCCCAUGAUCAAAUUCACAACCAAGAUCUACCACCCCAACGUGGACGAGAACG,0.3415361670395228,0,"-0.13,-2.24,-11.4,0,1,-187.08,0.42105263157894735,0,0.42105263157894735,0,0,0.1111111111111111,-2.11,0.05555555555555555,1,0,0.0,-2.11,0,0.0,0,-3.26,0.1111111111111111,0",0.000,47.4,-0.1300,-33.2800,-13.3700,-13.3700,0.0,,0,none,19,guide
GUAGAUCUUGGUUGUGAAU,UCAAGCCUCCCAUGAUCAAAUUCACAACCAAGAUCUACCACCCCAACGUGGACGAGA,0.3803131991051454,0,"-1.59,-2.24,-11.4,0,1,-176.77,0.42105263157894735,0,0.3157894736842105,0,0,0.05555555555555555,-1.33,0.05555555555555555,1,0,0.0,-1.1,0,0.0,0,-2.11,0.1111111111111111,0",0.000,36.8,-1.5900,-29.7000,-11.2900,-11.2900,0.0,,0,none,19,guide
GAUCUUGGUUGUGAAUUUG,CGUUCAAGCCUCCCAUGAUCAAAUUCACAACCAAGAUCUACCACCCCAACGUGGACG,0.6405667412378822,1,"-0.24,-2.35,-12.44,0,1,-174.99999999999997,0.4736842105263158,0,0.3157894736842105,0,0,0.05555555555555555,-1.1,0.0,0,0,0.0,-2.11,0,0.0,0,-2.35,0.2222222222222222,0",0.000,36.8,-0.2400,-28.3700,-11.8300,-11.8300,0.0,,0,none,19,guide
UUGUGAAUUUGAUCAUGGG,GGAGUAUCCGUUCAAGCCUCCCAUGAUCAAAUUCACAACCAAGAUCUACCACCCCAA,0.7099179716629381,1,"2.33,-0.93,-6.82,1,0,-175.78999999999996,0.42105263157894735,1,0.3157894736842105,0,0,0.1111111111111111,-2.11,0.0,1,0,0.0,-3.26,0,0.0,0,-2.35,0.16666666666666666,0",-1.300,36.8,2.7800,-29.0900,-10.8400,-10.8400,0.0,,0,none,19,guide
UUGAUCAUGGGAGGCUUGA,UUCCCGCCGGAGUAUCCGUUCAAGCCUCCCAUGAUCAAAUUCACAACCAAGAUCUAC,0.6465324384787472,1,"0.97,-0.93,-6.82,1,0,-188.88,0.3157894736842105,1,0.3684210526315789,0,0,0.16666666666666666,-2.11,0.0,1,0,0.0,-2.35,0,0.05555555555555555,0,-3.26,0.1111111111111111,1",0.000,47.4,1.4200,-34.6200,-11.1200,-11.1200,0.0,,0,none,19,guide
UGAUCAUGGGAGGCUUGAA,CUUCCCGCCGGAGUAUCCGUUCAAGCCUCCCAUGAUCAAAUUCACAACCAAGAUCUA,0.5309470544369873,1,"-0.73,-2.11,-10.44,1,0,-188.88,0.2631578947368421,0,0.3684210526315789,0,0,0.16666666666666666,-2.35,0.0,0,0,0.0,-0.93,0,0.05555555555555555,0,-3.42,0.05555555555555555,1",-0.500,47.4,-1.1800,-34.7700,-11.1200,-11.1200,0.0,,0,none,19,guide
GGAGGCUUGAACGGAUACU,CGCAUCAGCUUCCCGCCGGAGUAUCCGUUCAAGCCUCCCAUGAUCAAAUUCACAACC,0.4004474272930649,0,"-1.63,-3.26,-13.39,0,1,-191.07,0.21052631578947367,0,0.3684210526315789,1,0,0.16666666666666666,-2.35,0.05555555555555555,0,0,0.0,-2.08,0,0.05555555555555555,0,-3.26,0.05555555555555555,0",0.000,52.6,-1.6300,-35.5900,-14.1200,-14.1200,0.0,,0,none,19,guide
AGGCUUGAACGGAUACUCC,UGCGCAUCAGCUUCCCGCCGGAGUAUCCGUUCAAGCCUCCCAUGAUCAAAUUCACAA,0.6308724832214765,1,"1.63,-2.08,-10.48,0,0,-191.07,0.21052631578947367,0,0.2631578947368421,0,0,0.1111111111111111,-3.26,0.05555555555555555,0,0,0.05555555555555555,-3.26,0,0.05555555555555555,0,-1.1,0.05555555555555555,0",-0.100,52.6,1.6300,-35.4400,-14.1500,-14.1500,0.0,,0,none,19,guide
ACGGAUACUCCGGCGGGAA,CUUCAACCUGCGCAUCAGCUUCCCGCCGGAGUAUCCGUUCAAGCCUCCCAUGAUCAA,0.3206562266964951,0,"-0.86,-2.24,-11.4,0,0,-197.19,0.10526315789473684,0,0.3684210526315789,0,0,0.2222222222222222,-2.36,0.05555555555555555,0,0,0.05555555555555555,-0.93,0,0.05555555555555555,0,-3.42,0.0,1",-3.800,63.2,-1.3100,-38.9800,-12.6400,-12.6400,0.0,,0,none,19,guide
CGGAUACUCCGGCGGGAAG,CCUUCAACCUGCGCAUCAGCUUCCCGCCGGAGUAUCCGUUCAAGCCUCCCAUGAUCA,0.2841163310961969,0,"0.17,-2.36,-10.64,0,0,-203.70999999999995,0.10526315789473684,0,0.42105263157894735,0,0,0.2222222222222222,-3.26,0.05555555555555555,0,1,0.05555555555555555,-2.08,0,0.05555555555555555,1,-2.36,0.0,0",-3.500,68.4,-0.2800,-40.0200,-12.3600,-12.3600,0.0,,0,none,19,guide
ACUCCGGCGGGAAGCUGAU,GAAAGCCUUCAACCUGCGCAUCAGCUUCCCGCCGGAGUAUCCGUUCAAGCCUCCCAU,0.3900074571215511,0,"-0.69,-2.24,-11.4,0,0,-200.35,0.15789473684210525,0,0.3684210526315789,0,0,0.16666666666666666,-2.08,0.0,0,0,0.05555555555555555,-1.1,0,0.1111111111111111,0,-2.08,0.0,0",-5.000,63.2,-1.1400,-39.6300,-16.7300,-16.7300,0.0,,0,none,19,guide
GGGAAGCUGAUGCGCAGGU,UACCACCUGAAAGCCUUCAACCUGCGCAUCAGCUUCCCGCCGGAGUAUCCGUUCAAG,0.5287099179716629,1,"-1.47,-3.26,-13.39,0,1,-203.36,0.15789473684210525,0,0.4736842105263158,1,0,0.16666666666666666,-3.26,0.0,0,0,0.0,-2.24,0,0.16666666666666666,0,-2.36,0.0,0",-1.300,63.2,-1.4700,-40.0000,-14.1200,-14.1200,0.0,,0,none,19,guide
GGAAGCUGAUGCGCAGGUU,CUACCACCUGAAAGCCUUCAACCUGCGCAUCAGCUUCCCGCCGGAGUAUCCGUUCAA,0.3847874720357942,0,"-2.33,-3.26,-13.39,0,1,-196.79,0.21052631578947367,0,0.42105263157894735,1,0,0.1111111111111111,-2.35,0.0,0,0,0.0,-0.93,0,0.16666666666666666,0,-3.42,0.05555555555555555,0",-2.000,57.9,-2.7800,-37.3200,-12.9700,-12.9700,0.0,,0,none,19,guide
UGCGCAGGUUGAAGGCUUU,CCAACCUCCCUACCACCUGAAAGCCUUCAACCUGCGCAUCAGCUUCCCGCCGGAGUA,0.5205070842654735,0,"-0.73,-2.11,-10.44,1,0,-184.89,0.3157894736842105,0,0.3684210526315789,0,0,0.1111111111111111,-3.42,0.0,0,0,0.0,-0.93,0,0.16666666666666666,0,-2.08,0.16666666666666666,0",-0.400,52.6,-1.1800,-35.3800,-16.6500,-16.6500,0.0,,0,none,19,guide
GUAGGGAGGUUGGUCGGGU,UGUGGCACGCUCUCCUCCUACCCGACCAACCUCCCUACCACCUGAAAGCCUUCAACC,0.4772557792692021,0,"-0.9,-2.24,-11.4,0,1,-200.04,0.2631578947368421,0,0.5789473684210527,0,0,0.3333333333333333,-1.33,0.05555555555555555,1,0,0.0,-2.24,0,0.0,0,-2.24,0.05555555555555555,0",0.000,63.2,-0.4500,-39.8200,-14.3600,-14.3600,0.0,,0,none,19,guide
GGGAGGUUGGUCGGGUAGG,UGGUGUGGCACGCUCUCCUCCUACCCGACCAACCUCCCUACCACCUGAAAGCCUUCA,0.4146159582401194,0,"0.0,-3.26,-13.39,0,1,-205.75,0.21052631578947367,0,0.631578947368421,1,0,0.3888888888888889,-3.26,0.05555555555555555,0,0,0.0,-3.26,0,0.0,0,-3.26,0.05555555555555555,0",0.000,68.4,0.0000,-41.3400,-14.1200,-14.1200,0.0,,0,none,19,guide
GAGGUUGGUCGGGUAGGAG,CCUGGUGUGGCACGCUCUCCUCCUACCCGACCAACCUCCCUACCACCUGAAAGCCUU,0.4735272184936615,0,"-0.27,-2.35,-12.44,0,1,-201.89,0.21052631578947367,0,0.5789473684210527,0,0,0.2777777777777778,-2.08,0.05555555555555555,0,0,0.0,-2.08,0,0.0,0,-2.24,0.05555555555555555,0",0.000,63.2,-0.2700,-39.2500,-13.8800,-13.8800,0.0,,0,none,19,guide
GGUUGGUCGGGUAGGAGGA,GUCCUGGUGUGGCACGCUCUCCUCCUACCCGACCAACCUCCCUACCACCUGAAAGCC,0.3691275167785235,0,"-1.36,-3.26,-13.39,0,1,-201.08,0.21052631578947367,0,0.5789473684210527,1,0,0.3333333333333333,-2.24,0.05555555555555555,0,0,0.0,-2.35,0,0.0,0,-2.08,0.05555555555555555,1",0.000,63.2,-1.3600,-39.9300,-13.1300,-13.1300,0.0,,0,none,19,guide
UUGGUCGGGUAGGAGGAGA,AUGUCCUGGUGUGGCACGCUCUCCUCCUACCCGACCAACCUCCCUACCACCUGAAAG,0.5958240119313946,1,"0.97,-0.93,-6.82,1,0,-195.49,0.21052631578947367,1,0.5263157894736842,0,0,0.2777777777777778,-2.11,0.05555555555555555,1,0,0.0,-2.35,0,0.0,0,-2.35,0.05555555555555555,1",0.000,57.9,1.4200,-38.3600,-15.5800,-15.5800,0.0,,0,none,19,guide
GUCGGGUAGGAGGAGAGCG,CCAAUGUCCUGGUGUGGCACGCUCUCCUCCUACCCGACCAACCUCCCUACCACCUGA,0.5495898583146905,1,"-0.33,-2.24,-11.4,0,1,-208.28,0.10526315789473684,0,0.5789473684210527,0,0,0.2222222222222222,-2.35,0.05555555555555555,1,0,0.0,-2.36,0,0.05555555555555555,0,-2.35,0.0,0",0.000,68.4,0.1200,-41.1200,-14.8000,-14.8000,0.0,,0,none,19,guide
GGUAGGAGGAGAGCGUGCC,GAUGCCAAUGUCCUGGUGUGGCACGCUCUCCUCCUACCCGACCAACCUCCCUACCAC,0.4660700969425801,0,"0.0,-3.26,-13.39,0,1,-210.52000000000004,0.10526315789473684,0,0.5263157894736842,1,0,0.16666666666666666,-2.24,0.05555555555555555,0,0,0.05555555555555555,-3.26,0,0.1111111111111111,0,-3.42,0.0,0",-3.500,68.4,0.0000,-41.7400,-13.3400,-13.3400,0.0,,0,none,19,guide
UAGGAGGAGAGCGUGCCAC,AUGAUGCCAAUGUCCUGGUGUGGCACGCUCUCCUCCUACCCGACCAACCUCCCUACC,0.7225950782997763,1,"1.36,-1.33,-7.69,1,0,-203.85,0.10526315789473684,0,0.42105263157894735,0,0,0.1111111111111111,-2.08,0.05555555555555555,0,0,0.05555555555555555,-2.24,0,0.1111111111111111,0,-2.24,0.0,0",-0.600,63.2,1.3600,-40.0900,-15.3800,-15.3800,0.0,,0,none,19,guide
AGGAGAGCGUGCCACACCA,AGCGAUGAUGCCAAUGUCCUGGUGUGGCACGCUCUCCUCCUACCCGACCAACCUCCC,0.6674123788217748,1,"0.03,-2.08,-10.48,0,0,-201.8,0.05263157894736842,0,0.3157894736842105,0,0,0.05555555555555555,-3.26,0.0,0,0,0.1111111111111111,-2.11,0,0.1111111111111111,0,-2.11,0.0,1",-0.600,63.2,0.0300,-40.2900,-15.5400,-15.5400,0.0,,0,none,19,guide
GAGCGUGCCACACCAGGAC,GUCCAGCGAUGAUGCCAAUGUCCUGGUGUGGCACGCUCUCCUCCUACCCGACCAACC,0.5533184190902312,1,"-0.11,-2.35,-12.44,0,1,-210.16,0.05263157894736842,0,0.3157894736842105,0,0,0.05555555555555555,-2.08,0.0,0,0,0.1111111111111111,-2.24,0,0.1111111111111111,0,-3.26,0.0,0",-0.700,68.4,-0.1100,-41.4500,-15.6300,-15.6300,0.0,,0,none,19,guide
CAGGACAUUGGCAUCAUCG,ACCUGCGGAACCUGUCCAGCGAUGAUGCCAAUGUCCUGGUGUGGCACGCUCUCCUCC,0.7240865026099925,1,"-0.2,-2.11,-10.44,0,0,-195.05,0.21052631578947367,0,0.2631578947368421,0,0,0.1111111111111111,-2.08,0.0,0,1,0.0,-2.36,0,0.05555555555555555,0,-1.1,0.05555555555555555,0",0.000,52.6,0.2500,-35.0600,-13.1400,-13.1400,0.0,,0,none,19,guide
AGGACAUUGGCAUCAUCGC,UACCUGCGGAACCUGUCCAGCGAUGAUGCCAAUGUCCUGGUGUGGCACGCUCUCCUC,0.7994034302759135,1,"1.79,-2.08,-10.48,0,0,-195.77,0.21052631578947367,0,0.2631578947368421,0,0,0.1111111111111111,-3.26,0.0,0,0,0.0,-3.42,0,0.1111111111111111,0,-2.35,0.05555555555555555,0",0.000,52.6,1.7900,-35.8200,-11.9900,-11.9900,0.0,,0,none,19,guide
GGACAUUGGCAUCAUCGCU,AUACCUGCGGAACCUGUCCAGCGAUGAUGCCAAUGUCCUGGUGUGGCACGCUCUCCU,0.651006711409396,1,"-1.63,-3.26,-13.39,0,1,-195.76999999999995,0.2631578947368421,0,0.2631578947368421,1,0,0.1111111111111111,-2.35,0.0,0,0,0.0,-2.08,0,0.1111111111111111,0,-2.11,0.05555555555555555,0",-1.300,52.6,-1.6300,-35.4700,-10.8400,-10.8400,0.0,,0,none,19,guide
GGCAUCAUCGCUGGACAGG,CUCCCCCAUACCUGCGGAACCUGUCCAGCGAUGAUGCCAAUGUCCUGGUGUGGCACG,0.5786726323639075,1,"0.0,-3.26,-13.39,0,1,-207.16,0.15789473684210525,0,0.3684210526315789,1,0,0.16666666666666666,-3.42,0.0,0,0,0.0,-3.26,0,0.1111111111111111,0,-3.26,0.0,0",-1.800,63.2,0.0000,-39.6800,-12.1900,-12.1900,0.0,,0,none,19,guide
CGCUGGACAGGUUCCGCAG,XXXXXXGCCUCCCCCAUACCUGCGGAACCUGUCCAGCGAUGAUGCCAAUGUCCUGGU,0.5674869500372857,1,"0.17,-2.36,-10.64,0,0,-204.86,0.15789473684210525,0,0.3684210526315789,0,0,0.1111111111111111,-3.42,0.0,0,1,0.05555555555555555,-2.08,0,0.1111111111111111,1,-2.35,0.05555555555555555,0",-3.700,68.4,-0.2800,-40.4300,-15.4600,-15.4600,0.0,,0,none,19,guide
CUGGACAGGUUCCGCAGGU,XXXXXXXXGCCUCCCCCAUACCUGCGGAACCUGUCCAGCGAUGAUGCCAAUGUCCUG,0.5503355704697986,1,"-0.74,-2.08,-10.48,0,0,-200.41,0.21052631578947367,0,0.3684210526315789,0,0,0.16666666666666666,-2.11,0.0,1,1,0.05555555555555555,-2.24,0,0.05555555555555555,0,-2.36,0.05555555555555555,0",-1.800,63.2,-0.2900,-39.4500,-14.1500,-14.1500,0.0,,0,none,19,guide
ACAGGUUCCGCAGGUAUGG,XXXXXXXXXXXXGCCUCCCCCAUACCUGCGGAACCUGUCCAGCGAUGAUGCCAAUGU,0.6584638329604773,1,"1.47,-2.24,-11.4,0,0,-194.56,0.21052631578947367,0,0.3684210526315789,0,0,0.16666666666666666,-2.11,0.05555555555555555,0,0,0.05555555555555555,-3.26,0,0.05555555555555555,0,-3.26,0.05555555555555555,0",0.000,57.9,1.4700,-37.4500,-12.9700,-12.9700,0.0,,0,none,19,guide
AUUUCUCUUUGUGUUGGAU,UCUGAUUCAGAAGGGCGUCAUCCAACACAAAGAGAAAUGCAACCAXXXXXXXXXXXX,0.5152870991797166,0,"0.0,-1.1,-9.38,0,0,-167.59999999999997,0.5789473684210527,0,0.21052631578947367,0,0,0.05555555555555555,-0.93,0.0,1,0,0.0,-1.1,0,0.0,0,-2.24,0.2777777777777778,0",0.000,31.6,0.0000,-27.4900,-10.7200,-10.7200,0.0,,0,none,19,guide
UUCUCUUUGUGUUGGAUGA,GAUCUGAUUCAGAAGGGCGUCAUCCAACACAAAGAGAAAUGCAACCAXXXXXXXXXX,0.6935123042505593,1,"0.97,-0.93,-6.82,1,0,-174.27999999999997,0.5263157894736842,1,0.2631578947368421,0,0,0.05555555555555555,-2.35,0.0,1,0,0.0,-2.35,0,0.0,0,-2.11,0.2222222222222222,1",0.000,36.8,1.4200,-30.0700,-10.7200,-10.7200,0.0,,0,none,19,guide
CUCUUUGUGUUGGAUGACG,CUGAUCUGAUUCAGAAGGGCGUCAUCCAACACAAAGAGAAAUGCAACCAXXXXXXXX,0.6435495898583147,1,"-0.17,-2.08,-10.48,0,0,-184.5,0.42105263157894735,0,0.3157894736842105,0,0,0.05555555555555555,-2.35,0.0,1,1,0.0,-2.36,0,0.0,0,-2.35,0.16666666666666666,0",0.000,47.4,0.2800,-32.4900,-10.6400,-10.6400,0.0,,0,none,19,guide
UUGUGUUGGAUGACGCCCU,AUCCCUGAUCUGAUUCAGAAGGGCGUCAUCCAACACAAAGAGAAAUGCAACCAXXXX,0.7986577181208053,1,"0.7,-0.93,-6.82,1,0,-188.97999999999996,0.3684210526315789,1,0.3157894736842105,0,0,0.05555555555555555,-2.11,0.0,1,0,0.1111111111111111,-2.08,0,0.05555555555555555,0,-2.24,0.1111111111111111,0",-2.900,52.6,1.1500,-35.9700,-11.7400,-11.7400,0.0,,0,none,19,guide
CCCUUCUGAAUCAGAUCAG,UGGCUGGCAGUGGAAAUCCCUGAUCUGAUUCAGAAGGGCGUCAUCCAACACAAAGAG,0.5458612975391499,1,"-0.73,-3.26,-13.39,0,0,-191.01,0.2631578947368421,0,0.15789473684210525,0,0,0.0,-3.26,0.0,0,1,0.1111111111111111,-2.08,1,0.0,0,-2.08,0.05555555555555555,0",-1.600,47.4,-1.1800,-33.1900,-12.8100,-12.8100,0.0,,0,none,19,guide
UGAAUCAGAUCAGGGAUUU,GGUCCAUGGCUGGCAGUGGAAAUCCCUGAUCUGAUUCAGAAGGGCGUCAUCCAACAC,0.6040268456375839,1,"-0.73,-2.11,-10.44,1,0,-178.80999999999997,0.3157894736842105,0,0.2631578947368421,0,0,0.1111111111111111,-2.35,0.0,0,0,0.0,-0.93,0,0.0,0,-3.26,0.1111111111111111,0",-1.300,36.8,-1.1800,-30.3600,-10.9200,-10.9200,0.0,,0,none,19,guide
UCAGGGAUUUCCACUGCCA,CUGGGGCUGGGUCCAUGGCUGGCAGUGGAAAUCCCUGAUCUGAUUCAGAAGGGCGUC,0.5324384787472035,1,"-0.24,-2.35,-12.44,1,0,-191.85,0.2631578947368421,0,0.21052631578947367,0,0,0.1111111111111111,-2.11,0.0,0,0,0.1111111111111111,-2.11,0,0.05555555555555555,0,-2.24,0.1111111111111111,1",-3.400,52.6,-0.2400,-36.5200,-14.1600,-14.1600,0.0,,0,none,19,guide
AGGGAUUUCCACUGCCAGC,CUCUGGGGCUGGGUCCAUGGCUGGCAGUGGAAAUCCCUGAUCUGAUUCAGAAGGGCG,0.3616703952274422,0,"1.79,-2.08,-10.48,0,0,-198.05,0.21052631578947367,0,0.2631578947368421,0,0,0.1111111111111111,-3.26,0.0,0,0,0.1111111111111111,-3.42,0,0.1111111111111111,0,-2.11,0.1111111111111111,0",-1.000,57.9,1.7900,-38.4100,-11.8300,-11.8300,0.0,,0,none,19,guide
ACUGCCAGCCAUGGACCCA,CAUCUCAUGGCUCUGGGGCUGGGUCCAUGGCUGGCAGUGGAAAUCCCUGAUCUGAUU,0.2624906785980611,0,"-0.13,-2.24,-11.4,0,0,-203.44,0.10526315789473684,0,0.21052631578947367,0,0,0.05555555555555555,-2.08,0.0,0,0,0.2222222222222222,-2.11,0,0.1111111111111111,0,-3.26,0.0,1",-2.300,63.2,-0.1300,-41.1400,-15.0600,-15.0600,0.0,,0,none,19,guide
CUGCCAGCCAUGGACCCAG,UCAUCUCAUGGCUCUGGGGCUGGGUCCAUGGCUGGCAGUGGAAAUCCCUGAUCUGAU,0.4511558538404175,0,"0.0,-2.08,-10.48,0,0,-209.95999999999995,0.10526315789473684,0,0.2631578947368421,0,0,0.05555555555555555,-2.11,0.0,1,1,0.2222222222222222,-2.08,0,0.1111111111111111,0,-2.35,0.0,0",-2.300,68.4,0.0000,-42.0300,-16.4000,-16.4000,0.0,,0,none,19,guide
UGGACCCAGCCCCAGAGCC,UUGGACUAGCUCAUCUCAUGGCUCUGGGGCUGGGUCCAUGGCUGGCAGUGGAAAUCC,0.5212527964205816,0,"1.6,-2.11,-10.44,1,0,-215.19999999999996,0.05263157894736842,0,0.2631578947368421,0,0,0.05555555555555555,-3.26,0.0,0,0,0.3333333333333333,-3.26,0,0.1111111111111111,0,-2.11,0.0,0",-1.700,73.7,1.6000,-44.8800,-16.4800,-16.4800,0.0,,0,none,19,guide
AGCCCCAGAGCCAUGAGAU,CCCAAAUUUGGACUAGCUCAUCUCAUGGCUCUGGGGCUGGGUCCAUGGCUGGCAGUG,0.401193139448173,0,"-0.53,-2.08,-10.48,0,0,-201.59,0.10526315789473684,0,0.2631578947368421,0,0,0.0,-3.42,0.0,0,0,0.2222222222222222,-1.1,0,0.1111111111111111,0,-1.1,0.0,0",0.000,57.9,-0.9800,-39.1400,-17.3900,-17.3900,0.0,,0,none,19,guide
AGCCAUGAGAUGAGCUAGU,GGAAUGUGCCCAAAUUUGGACUAGCUCAUCUCAUGGCUCUGGGGCUGGGUCCAUGGC,0.401193139448173,0,"0.16,-2.08,-10.48,0,0,-190.99,0.21052631578947367,0,0.3157894736842105,0,0,0.0,-3.42,0.05555555555555555,0,0,0.05555555555555555,-2.24,0,0.1111111111111111,0,-2.08,0.0,0",-2.500,47.4,0.1600,-35.0100,-14.3500,-14.3500,0.0,,0,none,19,guide
CCAUGAGAUGAGCUAGUCC,CAGGAAUGUGCCCAAAUUUGGACUAGCUCAUCUCAUGGCUCUGGGGCUGGGUCCAUG,0.4601043997017151,0,"0.0,-3.26,-13.39,0,0,-198.9,0.21052631578947367,0,0.2631578947368421,0,0,0.0,-2.11,0.05555555555555555,0,1,0.1111111111111111,-3.26,1,0.05555555555555555,0,-2.08,0.0,0",-0.300,52.6,0.0000,-35.9700,-12.1000,-12.1000,0.0,,0,none,19,guide
UCCAAAUUUGGGCACAUUC,UCAAACCUUUGUGGGCCAGGAAUGUGCCCAAAUUUGGACUAGCUCAUCUCAUGGCUC,0.5063385533184191,0,"0.9,-2.35,-12.44,1,0,-178.61999999999995,0.3157894736842105,0,0.15789473684210525,0,0,0.1111111111111111,-3.26,0.0,0,0,0.05555555555555555,-2.35,0,0.05555555555555555,0,-2.11,0.16666666666666666,0",-1.800,42.1,0.4500,-31.3400,-9.2600,-9.2600,0.0,,0,none,19,guide
AUUUGGGCACAUUCCUGGC,UCAUUUCAAACCUUUGUGGGCCAGGAAUGUGCCCAAAUUUGGACUAGCUCAUCUCAU,0.575689783743475,1,"2.32,-1.1,-9.38,0,0,-191.29,0.3157894736842105,0,0.2631578947368421,0,0,0.16666666666666666,-0.93,0.0,1,0,0.05555555555555555,-3.42,0,0.1111111111111111,0,-2.35,0.16666666666666666,0",-0.900,52.6,2.7700,-35.8900,-13.9100,-13.9100,0.0,,0,none,19,guide
AUUCCUGGCCCACAAAGGU,GCCUGACGGAUCAUUUCAAACCUUUGUGGGCCAGGAAUGUGCCCAAAUUUGGACUAG,0.4243102162565249,0,"0.69,-1.1,-9.38,0,0,-188.14,0.21052631578947367,0,0.21052631578947367,0,0,0.1111111111111111,-0.93,0.0,1,0,0.16666666666666666,-2.24,0,0.05555555555555555,0,-2.11,0.05555555555555555,0",-1.300,52.6,1.1400,-36.4400,-13.9900,-13.9900,0.0,,0,none,19,guide
ACAAAGGUUUGAAAUGAUC,UGGCAAAAUAUGCCUGACGGAUCAUUUCAAACCUUUGUGGGCCAGGAAUGUGCCCAA,0.7367636092468307,1,"1.01,-2.24,-11.4,0,0,-167.65999999999997,0.2631578947368421,0,0.21052631578947367,0,0,0.05555555555555555,-2.11,0.0,0,0,0.0,-2.35,0,0.0,0,-0.93,0.1111111111111111,0",0.000,31.6,0.5600,-27.0400,-11.5500,-11.5500,0.0,,0,none,19,guide
AAGGUUUGAAAUGAUCCGU,GGGUGGCAAAAUAUGCCUGACGGAUCAUUUCAAACCUUUGUGGGCCAGGAAUGUGCC,0.790454884414616,1,"0.86,-0.93,-6.82,0,0,-170.70999999999995,0.3157894736842105,0,0.2631578947368421,0,0,0.05555555555555555,-2.08,0.0,0,0,0.05555555555555555,-2.24,0,0.0,0,-2.35,0.1111111111111111,0",-0.700,36.8,1.3100,-28.9200,-11.5500,-11.5500,0.0,,0,none,19,guide
AGGUUUGAAAUGAUCCGUC,GGGGUGGCAAAAUAUGCCUGACGGAUCAUUUCAAACCUUUGUGGGCCAGGAAUGUGC,0.9149888143176734,1,"1.17,-2.08,-10.48,0,0,-180.04999999999995,0.3157894736842105,0,0.2631578947368421,0,0,0.05555555555555555,-3.26,0.0,0,0,0.05555555555555555,-2.35,0,0.0,0,-1.1,0.1111111111111111,0",-0.700,42.1,0.7200,-30.6900,-11.8200,-11.8200,0.0,,0,none,19,guide
GUUUGAAAUGAUCCGUCAG,CAGGGGUGGCAAAAUAUGCCUGACGGAUCAUUUCAAACCUUUGUGGGCCAGGAAUGU,0.4899328859060403,0,"-0.16,-2.24,-11.4,0,1,-180.82,0.3157894736842105,0,0.2631578947368421,0,0,0.0,-0.93,0.0,1,0,0.05555555555555555,-2.08,0,0.0,0,-3.26,0.1111111111111111,0",0.000,42.1,-0.1600,-30.0400,-8.1800,-8.1800,0.0,,0,none,19,guide
UUGAAAUGAUCCGUCAGGC,UACAGGGGUGGCAAAAUAUGCCUGACGGAUCAUUUCAAACCUUUGUGGGCCAGGAAU,0.8747203579418344,1,"2.49,-0.93,-6.82,1,0,-187.15,0.2631578947368421,1,0.2631578947368421,0,0,0.05555555555555555,-2.11,0.0,1,0,0.05555555555555555,-3.42,0,0.05555555555555555,0,-2.24,0.05555555555555555,0",-0.500,47.4,2.9400,-33.2000,-9.5300,-9.5300,0.0,,0,none,19,guide
CCGUCAGGCAUAUUUUGCC,AGCAAAGAUGUACAGGGGUGGCAAAAUAUGCCUGACGGAUCAUUUCAAACCUUUGUG,0.7449664429530202,1,"0.0,-3.26,-13.39,0,0,-189.50999999999996,0.3157894736842105,0,0.21052631578947367,0,0,0.05555555555555555,-2.36,0.05555555555555555,0,1,0.1111111111111111,-3.26,1,0.1111111111111111,0,-0.93,0.16666666666666666,0",-4.500,52.6,0.0000,-34.7100,-14.4000,-14.4000,0.0,,0,none,19,guide
UGCCACCCCUGUACAUCUU,GCUGGAUGGAAAGACAGCAAAGAUGUACAGGGGUGGCAAAAUAUGCCUGACGGAUCA,0.4645786726323639,0,"-0.73,-2.11,-10.44,1,0,-190.64,0.3157894736842105,0,0.10526315789473684,0,0,0.0,-3.42,0.05555555555555555,0,0,0.2222222222222222,-0.93,0,0.05555555555555555,0,-2.24,0.05555555555555555,0",0.000,52.6,-1.1800,-37.0000,-17.5500,-17.5500,0.0,,0,none,19,guide
CACCCCUGUACAUCUUUGC,UGAGCUGGAUGGAAAGACAGCAAAGAUGUACAGGGGUGGCAAAAUAUGCCUGACGGA,0.8061148396718867,1,"0.86,-2.11,-10.44,0,0,-191.51,0.3157894736842105,0,0.10526315789473684,0,0,0.0,-2.24,0.05555555555555555,0,1,0.16666666666666666,-3.42,0,0.05555555555555555,0,-2.35,0.1111111111111111,0",0.000,52.6,1.3100,-35.7700,-16.2100,-16.2100,0.0,,0,none,19,guide
CCUGUACAUCUUUGCUGUC,UUCCUGAGCUGGAUGGAAAGACAGCAAAGAUGUACAGGGGUGGCAAAAUAUGCCUGA,0.3736017897091722,0,"-0.46,-3.26,-13.39,0,0,-187.65,0.42105263157894735,0,0.15789473684210525,0,0,0.0,-2.08,0.05555555555555555,0,1,0.05555555555555555,-2.35,1,0.05555555555555555,0,-2.11,0.1111111111111111,0",0.000,47.4,-0.9100,-33.6800,-12.1100,-12.1100,0.0,,0,none,19,guide
UGUACAUCUUUGCUGUCUU,AGUUCCUGAGCUGGAUGGAAAGACAGCAAAGAUGUACAGGGGUGGCAAAAUAUGCCU,0.8396718866517523,1,"-0.73,-2.11,-10.44,1,0,-173.64,0.5263157894736842,0,0.15789473684210525,0,0,0.0,-2.24,0.05555555555555555,0,0,0.0,-0.93,0,0.05555555555555555,0,-2.08,0.16666666666666666,0",0.000,36.8,-1.1800,-30.2500,-11.3700,-11.3700,0.0,,0,none,19,guide
AUCUUUGCUGUCUUUCCAU,AUUGCAGUUCCUGAGCUGGAUGGAAAGACAGCAAAGAUGUACAGGGGUGGCAAAAUA,0.5212527964205816,0,"0.0,-1.1,-9.38,0,0,-174.74,0.5263157894736842,0,0.10526315789473684,0,0,0.0,-2.35,0.0,1,0,0.05555555555555555,-1.1,0,0.05555555555555555,0,-0.93,0.2222222222222222,0",0.000,36.8,0.0000,-29.9700,-11.8200,-11.8200,0.0,,0,none,19,guide
CUUUGCUGUCUUUCCAUCC,AAAUUGCAGUUCCUGAGCUGGAUGGAAAGACAGCAAAGAUGUACAGGGGUGGCAAAA,0.7651006711409396,1,"0.73,-2.08,-10.48,0,0,-186.19,0.4736842105263158,0,0.10526315789473684,0,0,0.0,-0.93,0.0,1,1,0.1111111111111111,-3.26,0,0.05555555555555555,0,-2.35,0.2222222222222222,0",0.000,47.4,1.1800,-33.0300,-11.5800,-11.5800,0.0,,0,none,19,guide
UCUUUCCAUCCAGCUCAGG,UGCCCCAGAAAUUGCAGUUCCUGAGCUGGAUGGAAAGACAGCAAAGAUGUACAGGGG,0.8956002982848621,1,"1.36,-2.35,-12.44,1,0,-193.73999999999995,0.3157894736842105,0,0.15789473684210525,0,0,0.05555555555555555,-2.08,0.0,0,0,0.1111111111111111,-3.26,0,0.05555555555555555,0,-3.42,0.1111111111111111,0",0.000,52.6,1.3600,-35.9200,-11.6600,-11.6600,0.0,,0,none,19,guide
CAUCCAGCUCAGGAACUGC,UACUACUGCCCCAGAAAUUGCAGUUCCUGAGCUGGAUGGAAAGACAGCAAAGAUGUA,0.5973154362416108,1,"0.86,-2.11,-10.44,0,0,-201.53,0.15789473684210525,0,0.21052631578947367,0,0,0.05555555555555555,-1.1,0.0,0,1,0.05555555555555555,-3.42,0,0.1111111111111111,0,-2.35,0.0,0",-2.100,57.9,1.3100,-37.8500,-14.3200,-14.3200,0.0,,0,none,19,guide
CCAGCUCAGGAACUGCAAU,UCCUACUACUGCCCCAGAAAUUGCAGUUCCUGAGCUGGAUGGAAAGACAGCAAAGAU,0.459358687546607,0,"-2.16,-3.26,-13.39,0,0,-192.19,0.15789473684210525,0,0.21052631578947367,0,0,0.05555555555555555,-2.11,0.0,0,1,0.05555555555555555,-1.1,1,0.1111111111111111,0,-2.08,0.0,0",-0.600,52.6,-2.6100,-36.0800,-14.1500,-14.1500,0.0,,0,none,19,guide
GAACUGCAAUUUCUGGGGC,UAUCACAUAUCCUACUACUGCCCCAGAAAUUGCAGUUCCUGAGCUGGAUGGAAAGAC,0.4601043997017151,0,"0.62,-2.35,-12.44,0,1,-191.54,0.2631578947368421,0,0.3157894736842105,0,0,0.16666666666666666,-0.93,0.0,0,0,0.0,-3.42,0,0.1111111111111111,0,-2.08,0.1111111111111111,0",-1.500,52.6,1.0700,-35.0800,-12.8900,-12.8900,0.0,,0,none,19,guide
AACUGCAAUUUCUGGGGCA,CUAUCACAUAUCCUACUACUGCCCCAGAAAUUGCAGUUCCUGAGCUGGAUGGAAAGA,0.3348247576435496,0,"0.73,-0.93,-6.82,0,0,-182.1,0.2631578947368421,0,0.2631578947368421,0,0,0.16666666666666666,-2.24,0.0,0,0,0.0,-2.11,0,0.1111111111111111,0,-2.11,0.1111111111111111,1",-1.500,47.4,1.1800,-33.8400,-12.8900,-12.8900,0.0,,0,none,19,guide
UGCAAUUUCUGGGGCAGUA,UUCCUAUCACAUAUCCUACUACUGCCCCAGAAAUUGCAGUUCCUGAGCUGGAUGGAA,0.3892617449664429,0,"-0.33,-2.11,-10.44,1,0,-182.97,0.3157894736842105,0,0.3157894736842105,0,0,0.16666666666666666,-3.42,0.05555555555555555,0,0,0.0,-1.33,0,0.1111111111111111,0,-3.26,0.1111111111111111,1",-0.700,47.4,-0.7800,-34.3900,-9.4200,-9.4200,0.0,,0,none,19,guide
UGGGGCAGUAGUAGGAUAU,AGUUUGACAUUCCUAUCACAUAUCCUACUACUGCCCCAGAAAUUGCAGUUCCUGAGC,0.5831469052945564,1,"-0.56,-2.11,-10.44,1,0,-186.78000000000003,0.2631578947368421,0,0.42105263157894735,0,0,0.2222222222222222,-3.26,0.16666666666666666,0,0,0.0,-1.1,0,0.05555555555555555,0,-2.08,0.0,0",0.000,47.4,-1.0100,-35.3000,-17.3900,-17.3900,0.0,,0,none,19,guide
CAGUAGUAGGAUAUGUGAU,CAUCGAGUUUGACAUUCCUAUCACAUAUCCUACUACUGCCCCAGAAAUUGCAGUUCC,0.5160328113348247,0,"-1.46,-2.11,-10.44,0,0,-179.11,0.3157894736842105,0,0.3157894736842105,0,0,0.05555555555555555,-2.08,0.16666666666666666,0,1,0.0,-1.1,0,0.0,0,-1.1,0.0,0",0.000,36.8,-1.4600,-30.2500,-11.3000,-11.3000,0.0,,0,none,19,guide
AUAUGUGAUAGGAAUGUCA,AUGAGUUUGACAUCGAGUUUGACAUUCCUAUCACAUAUCCUACUACUGCCCCAGAAA,0.8545861297539149,1,"0.56,-1.1,-9.38,0,0,-174.42,0.3157894736842105,0,0.2631578947368421,0,0,0.05555555555555555,-1.33,0.1111111111111111,1,0,0.0,-2.11,0,0.0,0,-0.93,0.0,1",-2.200,31.6,1.0100,-28.5100,-11.2400,-11.2400,0.0,,0,none,19,guide
GAUAGGAAUGUCAAACUCG,UGAAAUAUGAGUUUGACAUCGAGUUUGACAUUCCUAUCACAUAUCCUACUACUGCCC,0.7136465324384788,1,"-0.44,-2.35,-12.44,0,1,-181.73,0.21052631578947367,0,0.2631578947368421,0,0,0.05555555555555555,-1.1,0.05555555555555555,0,0,0.0,-2.36,0,0.0,0,-0.93,0.0,0",-2.100,42.1,0.0100,-30.6100,-11.0500,-11.0500,0.0,,0,none,19,guide
UCAAACUCGAUGUCAAACU,CAUGACCUCCUGAAAUAUGAGUUUGACAUCGAGUUUGACAUUCCUAUCACAUAUCCU,0.9067859806114841,1,"-0.27,-2.35,-12.44,1,0,-172.48999999999995,0.2631578947368421,0,0.10526315789473684,0,0,0.0,-2.11,0.0,0,0,0.0,-2.08,0,0.0,0,-2.35,0.0,0",0.000,36.8,-0.2700,-29.1500,-10.6400,-10.6400,0.0,,0,none,19,guide
GAUGUCAAACUCAUAUUUC,GGUAUAUCCAUGACCUCCUGAAAUAUGAGUUUGACAUCGAGUUUGACAUUCCUAUCA,0.4988814317673378,0,"0.0,-2.35,-12.44,0,1,-173.86,0.3684210526315789,0,0.10526315789473684,0,0,0.0,-1.1,0.05555555555555555,0,0,0.0,-2.35,0,0.0,0,-1.1,0.1111111111111111,0",0.000,31.6,0.0000,-27.0500,-10.8400,-10.8400,0.0,,0,none,19,guide
AUGUCAAACUCAUAUUUCA,UGGUAUAUCCAUGACCUCCUGAAAUAUGAGUUUGACAUCGAGUUUGACAUUCCUAUC,0.5615212527964206,1,"0.56,-1.1,-9.38,0,0,-164.42,0.3684210526315789,0,0.05263157894736842,0,0,0.0,-2.11,0.05555555555555555,1,0,0.0,-2.11,0,0.0,0,-1.33,0.1111111111111111,1",0.000,26.3,1.0100,-25.6100,-10.6700,-10.6700,0.0,,0,none,19,guide
AACUCAUAUUUCAGGAGGU,AAAUGCUGGUAUAUCCAUGACCUCCUGAAAUAUGAGUUUGACAUCGAGUUUGACAUU,0.3243847874720358,0,"0.86,-0.93,-6.82,0,0,-175.07999999999996,0.3157894736842105,0,0.21052631578947367,0,0,0.1111111111111111,-2.24,0.05555555555555555,0,0,0.0,-2.24,0,0.0,0,-2.08,0.1111111111111111,0",-1.100,36.8,1.3100,-30.1900,-11.2100,-11.2100,0.0,,0,none,19,guide
CAGGAGGUCAUGGAUAUAC,GGUGGUUUGGAAAAUGCUGGUAUAUCCAUGACCUCCUGAAAUAUGAGUUUGACAUCG,0.7158836689038031,1,"0.13,-2.11,-10.44,0,0,-192.48,0.21052631578947367,0,0.3157894736842105,0,0,0.16666666666666666,-2.08,0.1111111111111111,0,1,0.0,-2.24,0,0.0,0,-2.35,0.0,0",0.000,47.4,0.1300,-34.3700,-15.2700,-15.2700,0.0,,0,none,19,guide
GGAGGUCAUGGAUAUACCA,UCGGUGGUUUGGAAAAUGCUGGUAUAUCCAUGACCUCCUGAAAUAUGAGUUUGACAU,0.2341536167039522,0,"-1.6,-3.26,-13.39,0,1,-191.67,0.21052631578947367,0,0.3157894736842105,1,0,0.16666666666666666,-2.35,0.1111111111111111,0,0,0.05555555555555555,-2.11,0,0.0,0,-1.33,0.0,1",-0.600,47.4,-1.6000,-34.6500,-14.3900,-14.3900,0.0,,0,none,19,guide
AUAUACCAGCAUUUUCCAA,AAGGAAGGAACUCGGUGGUUUGGAAAAUGCUGGUAUAUCCAUGACCUCCUGAAAUAU,0.4235645041014168,0,"-0.17,-1.1,-9.38,0,0,-167.04999999999995,0.3157894736842105,0,0.05263157894736842,0,0,0.0,-1.33,0.1111111111111111,1,0,0.1111111111111111,-0.93,0,0.05555555555555555,0,-0.93,0.16666666666666666,1",0.000,31.6,-0.1700,-27.8300,-11.3700,-11.3700,0.0,,0,none,19,guide
UUUCCAAACCACCGAGUUC,CUGGAGUCCAACAAGGAAGGAACUCGGUGGUUUGGAAAAUGCUGGUAUAUCCAUGAC,0.7285607755406414,1,"1.87,-0.93,-6.82,1,0,-180.46,0.2631578947368421,1,0.10526315789473684,0,0,0.0,-0.93,0.0,1,0,0.16666666666666666,-2.35,0,0.0,0,-2.36,0.16666666666666666,0",0.000,47.4,1.8700,-32.9200,-10.5100,-10.5100,0.0,,0,none,19,guide
CCAAACCACCGAGUUCCUU,CGACUGGAGUCCAACAAGGAAGGAACUCGGUGGUUUGGAAAAUGCUGGUAUAUCCAU,0.2401193139448173,0,"-2.33,-3.26,-13.39,0,0,-185.07,0.21052631578947367,0,0.10526315789473684,0,0,0.0,-2.11,0.0,0,1,0.2222222222222222,-0.93,1,0.0,0,-2.24,0.1111111111111111,0",0.000,52.6,-2.7800,-34.9800,-11.5800,-11.5800,0.0,,0,none,19,guide
AACCACCGAGUUCCUUCCU,UUCCGACUGGAGUCCAACAAGGAAGGAACUCGGUGGUUUGGAAAAUGCUGGUAUAUC,0.4608501118568233,0,"0.7,-0.93,-6.82,0,0,-187.01,0.2631578947368421,0,0.10526315789473684,0,0,0.0,-2.24,0.0,0,0,0.2222222222222222,-2.08,0,0.0,0,-3.26,0.1111111111111111,0",0.000,52.6,1.1500,-35.6700,-15.4700,-15.4700,0.0,,0,none,19,guide
GUUCCUUCCUUGUUGGACU,AACGAUUGGUUCCGACUGGAGUCCAACAAGGAAGGAACUCGGUGGUUUGGAAAAUGC,0.622669649515287,1,"-1.06,-2.24,-11.4,0,1,-183.96,0.4736842105263158,0,0.21052631578947367,0,0,0.05555555555555555,-0.93,0.0,1,0,0.1111111111111111,-2.08,0,0.0,0,-0.93,0.2222222222222222,0",-2.300,47.4,-0.6100,-33.5900,-11.9000,-11.9000,0.0,,0,none,19,guide
CUUCCUUGUUGGACUCCAG,UGACAACGAUUGGUUCCGACUGGAGUCCAACAAGGAAGGAACUCGGUGGUUUGGAAA,0.494407158836689,0,"0.0,-2.08,-10.48,0,0,-190.38,0.3684210526315789,0,0.21052631578947367,0,0,0.05555555555555555,-0.93,0.0,1,1,0.1111111111111111,-2.08,0,0.0,0,-2.24,0.16666666666666666,0",-2.300,52.6,0.0000,-35.3600,-11.6600,-11.6600,0.0,,0,none,19,guide
UGGACUCCAGUCGGAACCA,CAAGAAUGCUGACAACGAUUGGUUCCGACUGGAGUCCAACAAGGAAGGAACUCGGUG,0.5361670395227442,1,"0.0,-2.11,-10.44,1,0,-196.21,0.15789473684210525,0,0.2631578947368421,0,0,0.1111111111111111,-3.26,0.0,0,0,0.1111111111111111,-2.11,0,0.0,0,-3.26,0.0,1",-3.500,57.9,0.0000,-38.3000,-15.5400,-15.5400,0.0,,0,none,19,guide
UCGGAACCAAUCGUUGUCA,UGGAGAACAACAAGAAUGCUGACAACGAUUGGUUCCGACUGGAGUCCAACAAGGAAG,0.5674869500372857,1,"-0.24,-2.35,-12.44,1,0,-182.13,0.2631578947368421,0,0.21052631578947367,0,0,0.05555555555555555,-2.36,0.0,0,0,0.05555555555555555,-2.11,0,0.0,0,-2.24,0.05555555555555555,1",0.000,47.4,-0.2400,-32.7900,-14.4000,-14.4000,0.0,,0,none,19,guide
GGAACCAAUCGUUGUCAGC,UGUGGAGAACAACAAGAAUGCUGACAACGAUUGGUUCCGACUGGAGUCCAACAAGGA,0.5816554809843401,1,"0.16,-3.26,-13.39,0,1,-191.85,0.21052631578947367,0,0.2631578947368421,1,0,0.05555555555555555,-2.35,0.0,0,0,0.05555555555555555,-3.42,0,0.05555555555555555,0,-2.11,0.05555555555555555,0",0.000,52.6,0.1600,-34.7800,-11.8200,-11.8200,0.0,,0,none,19,guide
CGUUGUCAGCAUUCUUGUU,UAUCCGGUAUGUGGAGAACAACAAGAAUGCUGACAACGAUUGGUUCCGACUGGAGUC,0.3228933631618195,0,"-1.43,-2.36,-10.64,0,0,-176.64999999999995,0.4736842105263158,0,0.21052631578947367,0,0,0.0,-2.24,0.0,0,1,0.0,-0.93,0,0.05555555555555555,1,-2.35,0.2222222222222222,0",-0.600,42.1,-1.8800,-30.5300,-11.9800,-11.9800,0.0,,0,none,19,guide
UUGUCAGCAUUCUUGUUGU,CUUAUCCGGUAUGUGGAGAACAACAAGAAUGCUGACAACGAUUGGUUCCGACUGGAG,0.6442953020134228,1,"0.86,-0.93,-6.82,1,0,-172.73,0.5263157894736842,1,0.21052631578947367,0,0,0.0,-2.11,0.0,1,0,0.0,-2.24,0,0.05555555555555555,0,-0.93,0.2222222222222222,0",-3.600,36.8,1.3100,-29.7300,-14.3100,-14.3100,0.0,,0,none,19,guide
CAUUCUUGUUGUUCUCCAC,UCAGUCCCUUAUCCGGUAUGUGGAGAACAACAAGAAUGCUGACAACGAUUGGUUCCG,0.5137956748695003,0,"0.13,-2.11,-10.44,0,0,-180.68,0.4736842105263158,0,0.10526315789473684,0,0,0.0,-1.1,0.0,0,1,0.05555555555555555,-2.24,0,0.0,0,-2.35,0.2222222222222222,0",0.000,42.1,0.1300,-30.6600,-9.5000,-9.5000,0.0,,0,none,19,guide
GUUGUUCUCCACAUACCGG,AGGAAUAUCAGUCCCUUAUCCGGUAUGUGGAGAACAACAAGAAUGCUGACAACGAUU,0.5391498881431768,1,"0.57,-2.24,-11.4,0,1,-190.19,0.3157894736842105,0,0.21052631578947367,0,0,0.05555555555555555,-0.93,0.05555555555555555,1,0,0.1111111111111111,-3.26,0,0.0,0,-1.1,0.1111111111111111,0",0.000,52.6,1.0200,-34.9100,-10.6400,-10.6400,0.0,,0,none,19,guide
UCUCCACAUACCGGAUAAG,GAAGGAGGAAUAUCAGUCCCUUAUCCGGUAUGUGGAGAACAACAAGAAUGCUGACAA,0.5846383296047726,1,"0.63,-2.35,-12.44,1,0,-186.4,0.21052631578947367,0,0.15789473684210525,0,0,0.05555555555555555,-2.08,0.1111111111111111,0,0,0.1111111111111111,-2.08,0,0.0,0,-3.26,0.0,0",-1.500,47.4,0.1800,-33.7000,-14.1500,-14.1500,0.0,,0,none,19,guide
ACAUACCGGAUAAGGGACU,CGACUGAAGGAGGAAUAUCAGUCCCUUAUCCGGUAUGUGGAGAACAACAAGAAUGCU,0.5563012677106637,1,"-0.16,-2.24,-11.4,0,0,-184.59,0.15789473684210525,0,0.2631578947368421,0,0,0.16666666666666666,-2.11,0.1111111111111111,0,0,0.05555555555555555,-2.08,0,0.0,0,-2.08,0.0,0",-1.800,47.4,-0.1600,-34.2400,-12.4000,-12.4000,0.0,,0,none,19,guide
CAUACCGGAUAAGGGACUG,GCGACUGAAGGAGGAAUAUCAGUCCCUUAUCCGGUAUGUGGAGAACAACAAGAAUGC,0.5876211782252051,1,"0.0,-2.11,-10.44,0,0,-191.07,0.15789473684210525,0,0.3157894736842105,0,0,0.16666666666666666,-1.1,0.1111111111111111,0,1,0.05555555555555555,-2.11,0,0.0,0,-3.26,0.0,0",-1.800,52.6,0.0000,-34.9600,-13.5500,-13.5500,0.0,,0,none,19,guide
AUACCGGAUAAGGGACUGA,AGCGACUGAAGGAGGAAUAUCAGUCCCUUAUCCGGUAUGUGGAGAACAACAAGAAUG,0.6629381058911259,1,"0.8,-1.1,-9.38,0,0,-185.63,0.15789473684210525,0,0.3157894736842105,0,0,0.16666666666666666,-1.33,0.1111111111111111,1,0,0.05555555555555555,-2.35,0,0.0,0,-3.26,0.0,1",-1.800,47.4,1.2500,-34.5000,-14.8000,-14.8000,0.0,,0,none,19,guide
UACCGGAUAAGGGACUGAU,CAGCGACUGAAGGAGGAAUAUCAGUCCCUUAUCCGGUAUGUGGAGAACAACAAGAAU,0.7390007457121551,1,"-0.23,-1.33,-7.69,1,0,-185.63,0.21052631578947367,0,0.3157894736842105,0,0,0.16666666666666666,-2.24,0.1111111111111111,0,0,0.05555555555555555,-1.1,0,0.0,0,-2.35,0.0,0",-1.800,47.4,-0.2300,-34.2000,-14.5700,-14.5700,0.0,,0,none,19,guide
CUGAUAUUCCUCCUUCAGU,GUGAGUUGUGGGUGCAGCGACUGAAGGAGGAAUAUCAGUCCCUUAUCCGGUAUGUGG,0.5607755406413124,1,"-0.74,-2.08,-10.48,0,0,-183.5,0.42105263157894735,0,0.10526315789473684,0,0,0.0,-2.11,0.05555555555555555,1,1,0.1111111111111111,-2.24,0,0.0,0,-2.08,0.1111111111111111,0",-1.900,42.1,-0.2900,-31.9500,-8.9200,-8.9200,0.0,,0,none,19,guide
AUAUUCCUCCUUCAGUCGC,AUCGUGAGUUGUGGGUGCAGCGACUGAAGGAGGAAUAUCAGUCCCUUAUCCGGUAUG,0.7949291573452648,1,"2.32,-1.1,-9.38,0,0,-188.1,0.3684210526315789,0,0.10526315789473684,0,0,0.0,-1.33,0.05555555555555555,1,0,0.1111111111111111,-3.42,0,0.05555555555555555,0,-2.11,0.1111111111111111,0",0.000,47.4,2.7700,-33.5900,-11.0500,-11.0500,0.0,,0,none,19,guide
UAUUCCUCCUUCAGUCGCU,GAUCGUGAGUUGUGGGUGCAGCGACUGAAGGAGGAAUAUCAGUCCCUUAUCCGGUAU,0.6942580164056674,1,"0.3,-1.33,-7.69,1,0,-185.48,0.42105263157894735,0,0.10526315789473684,0,0,0.0,-1.1,0.05555555555555555,0,0,0.1111111111111111,-2.08,0,0.05555555555555555,0,-2.08,0.1111111111111111,0",0.000,47.4,0.7500,-33.8700,-12.0700,-12.0700,0.0,,0,none,19,guide
AUUCCUCCUUCAGUCGCUG,AGAUCGUGAGUUGUGGGUGCAGCGACUGAAGGAGGAAUAUCAGUCCCUUAUCCGGUA,0.7494407158836688,1,"1.46,-1.1,-9.38,0,0,-191.95,0.3684210526315789,0,0.15789473684210525,0,0,0.0,-0.93,0.0,1,0,0.1111111111111111,-2.11,0,0.05555555555555555,0,-2.24,0.1111111111111111,0",0.000,52.6,1.4600,-35.5000,-14.2300,-14.2300,0.0,,0,none,19,guide
UCCUUCAGUCGCUGCACCC,CCCCGAGAUCGUGAGUUGUGGGUGCAGCGACUGAAGGAGGAAUAUCAGUCCCUUAUC,0.6405667412378822,1,"1.36,-2.35,-12.44,1,0,-202.94,0.2631578947368421,0,0.15789473684210525,0,0,0.0,-3.26,0.0,0,0,0.16666666666666666,-3.26,0,0.1111111111111111,0,-2.11,0.05555555555555555,0",0.000,63.2,1.3600,-39.8700,-12.8100,-12.8100,0.0,,0,none,19,guide
AGUCGCUGCACCCACAACU,GCCGGACCCCGAGAUCGUGAGUUGUGGGUGCAGCGACUGAAGGAGGAAUAUCAGUCC,0.5995525727069352,1,"0.0,-2.08,-10.48,0,0,-194.19,0.15789473684210525,0,0.15789473684210525,0,0,0.0,-2.24,0.0,0,0,0.1111111111111111,-2.08,0,0.1111111111111111,0,-2.11,0.0,0",0.000,57.9,0.0000,-38.1500,-14.5600,-14.5600,0.0,,0,none,19,guide
UCACGAUCUCGGGGUCCGG,XXXXXXXXXXXGACUAACGCCGGACCCCGAGAUCGUGAGUUGUGGGUGCAGCGACUG,0.4220730797912005,0,"1.36,-2.35,-12.44,1,0,-206.84,0.21052631578947367,0,0.3684210526315789,0,0,0.2222222222222222,-2.11,0.0,0,0,0.05555555555555555,-3.26,0,0.0,0,-3.26,0.0,0",-1.800,68.4,1.3600,-40.9600,-12.5100,-12.5100,0.0,,0,none,19,guide
UUUCUUUUCUAUGCCUACU,AAAGGAAGGCCAGUCAGCUAGUAGGCAUAGAAAAGAAAUUUXXXXXXXXXXXXXXXX,0.7576435495898584,1,"0.7,-0.93,-6.82,1,0,-164.71999999999997,0.5789473684210527,1,0.05263157894736842,0,0,0.0,-0.93,0.1111111111111111,1,0,0.05555555555555555,-2.08,0,0.05555555555555555,0,-3.42,0.2777777777777778,0",0.000,31.6,1.1500,-27.6700,-8.1500,-8.1500,0.0,,0,none,19,guide
CUUUUCUAUGCCUACUAGC,AGAAAAGGAAGGCCAGUCAGCUAGUAGGCAUAGAAAAGAAAUUUXXXXXXXXXXXXX,0.790454884414616,1,"0.89,-2.08,-10.48,0,0,-179.12999999999997,0.42105263157894735,0,0.10526315789473684,0,0,0.0,-0.93,0.16666666666666666,1,1,0.05555555555555555,-3.42,0,0.1111111111111111,0,-1.33,0.16666666666666666,0",0.000,42.1,1.3400,-31.6900,-8.5500,-8.5500,0.0,,0,none,19,guide
UACUAGCUGACUGGCCUUC,ACAACUCAACACAGAAAAGGAAGGCCAGUCAGCUAGUAGGCAUAGAAAAGAAAUUUX,0.6853094705443699,1,"1.47,-1.33,-7.69,1,0,-192.37,0.3157894736842105,0,0.21052631578947367,0,0,0.05555555555555555,-2.24,0.1111111111111111,0,0,0.05555555555555555,-2.35,0,0.1111111111111111,0,-3.26,0.05555555555555555,0",-1.800,52.6,1.4700,-36.8100,-13.2300,-13.2300,0.0,,0,none,19,guide
CCUUCCUUUUCUGUGUUGA,UGACUCCAGAGUACACAACUCAACACAGAAAAGGAAGGCCAGUCAGCUAGUAGGCAU,0.48844146159582397,0,"-1.36,-3.26,-13.39,0,0,-176.43,0.5263157894736842,0,0.15789473684210525,0,0,0.0,-2.08,0.0,0,1,0.1111111111111111,-2.35,1,0.0,0,-2.24,0.2777777777777778,1",0.000,42.1,-1.3600,-30.9800,-11.6300,-11.6300,0.0,,0,none,19,guide
UGUUGAGUUGUGUACUCUG,UACCAGAGGCUGGUGACUCCAGAGUACACAACUCAACACAGAAAAGGAAGGCCAGUC,0.6189410887397464,1,"0.9,-2.11,-10.44,1,0,-179.51999999999995,0.4736842105263158,0,0.3157894736842105,0,0,0.0,-2.24,0.05555555555555555,0,0,0.0,-2.11,0,0.0,0,-1.33,0.1111111111111111,0",-3.100,42.1,0.4500,-31.5900,-11.9500,-11.9500,0.0,,0,none,19,guide
UUGUGUACUCUGGAGUCAC,GAUAAUCUACCAGAGGCUGGUGACUCCAGAGUACACAACUCAACACAGAAAAGGAAG,0.8053691275167786,1,"1.76,-0.93,-6.82,1,0,-188.09,0.3684210526315789,1,0.2631578947368421,0,0,0.05555555555555555,-2.11,0.05555555555555555,1,0,0.0,-2.24,0,0.0,0,-2.35,0.05555555555555555,0",-1.800,47.4,1.7600,-34.3600,-12.2700,-12.2700,0.0,,0,none,19,guide
GUGUACUCUGGAGUCACCA,UUGAUAAUCUACCAGAGGCUGGUGACUCCAGAGUACACAACUCAACACAGAAAAGGA,0.5988068605518271,1,"-1.03,-2.24,-11.4,0,1,-194.66000000000003,0.2631578947368421,0,0.2631578947368421,0,0,0.05555555555555555,-2.11,0.05555555555555555,1,0,0.05555555555555555,-2.11,0,0.0,0,-2.24,0.0,1",-2.600,52.6,-0.5800,-36.6900,-12.3500,-12.3500,0.0,,0,none,19,guide
GUCACCAGCCUCUGGUAGA,AGGAAGAGAUGCUUGAUAAUCUACCAGAGGCUGGUGACUCCAGAGUACACAACUCAA,0.4735272184936615,0,"-0.79,-2.24,-11.4,0,1,-200.17,0.21052631578947367,0,0.2631578947368421,0,0,0.05555555555555555,-2.35,0.05555555555555555,1,0,0.1111111111111111,-2.35,0,0.05555555555555555,0,-2.11,0.0,1",-4.700,57.9,-0.3400,-38.8100,-14.1500,-14.1500,0.0,,0,none,19,guide
UCACCAGCCUCUGGUAGAU,GAGGAAGAGAUGCUUGAUAAUCUACCAGAGGCUGGUGACUCCAGAGUACACAACUCA,0.7233407904548844,1,"-0.8,-2.35,-12.44,1,0,-194.43,0.2631578947368421,0,0.21052631578947367,0,0,0.05555555555555555,-2.11,0.05555555555555555,0,0,0.1111111111111111,-1.1,0,0.05555555555555555,0,-3.26,0.0,0",-5.100,52.6,-1.2500,-37.1700,-15.2200,-15.2200,0.0,,0,none,19,guide
CUCUGGUAGAUUAUCAAGC,AGGCUGAUGAGGAAGAGAUGCUUGAUAAUCUACCAGAGGCUGGUGACUCCAGAGUAC,0.7531692766592095,1,"0.89,-2.08,-10.48,0,0,-183.96,0.3157894736842105,0,0.21052631578947367,0,0,0.05555555555555555,-2.35,0.1111111111111111,1,1,0.0,-3.42,0,0.05555555555555555,0,-1.1,0.05555555555555555,0",-0.900,42.1,1.3400,-31.6400,-13.3700,-13.3700,0.0,,0,none,19,guide
AGAUUAUCAAGCAUCUCUU,AAACAAAAGGCUGAUGAGGAAGAGAUGCUUGAUAAUCUACCAGAGGCUGGUGACUCC,0.7412378821774795,1,"-0.7,-2.08,-10.48,0,0,-172.67999999999995,0.3684210526315789,0,0.10526315789473684,0,0,0.0,-2.35,0.05555555555555555,0,0,0.0,-0.93,0,0.05555555555555555,0,-1.1,0.1111111111111111,0",0.000,31.6,-1.1500,-28.2900,-9.1600,-9.1600,0.0,,0,none,19,guide
GAUUAUCAAGCAUCUCUUC,GAAACAAAAGGCUGAUGAGGAAGAGAUGCUUGAUAAUCUACCAGAGGCUGGUGACUC,0.6405667412378822,1,"0.0,-2.35,-12.44,0,1,-182.08,0.3684210526315789,0,0.10526315789473684,0,0,0.0,-1.1,0.05555555555555555,0,0,0.0,-2.35,0,0.05555555555555555,0,-2.35,0.1111111111111111,0",0.000,36.8,0.0000,-29.4600,-8.9200,-8.9200,0.0,,0,none,19,guide
UUAUCAAGCAUCUCUUCCU,CAGAAACAAAAGGCUGAUGAGGAAGAGAUGCUUGAUAAUCUACCAGAGGCUGGUGAC,0.8426547352721848,1,"0.7,-0.93,-6.82,1,0,-176.68999999999997,0.42105263157894735,1,0.05263157894736842,0,0,0.0,-1.33,0.05555555555555555,1,0,0.05555555555555555,-2.08,0,0.05555555555555555,0,-2.35,0.1111111111111111,0",0.000,36.8,1.1500,-30.3000,-9.9000,-9.9000,0.0,,0,none,19,guide
AUCAAGCAUCUCUUCCUCA,GACAGAAACAAAAGGCUGAUGAGGAAGAGAUGCUUGAUAAUCUACCAGAGGCUGGUG,0.6830723340790456,1,"0.56,-1.1,-9.38,0,0,-185.06,0.3157894736842105,0,0.05263157894736842,0,0,0.0,-2.35,0.0,1,0,0.05555555555555555,-2.11,0,0.05555555555555555,0,-0.93,0.05555555555555555,1",0.000,42.1,1.0100,-32.6500,-13.0000,-13.0000,0.0,,0,none,19,guide
CAAGCAUCUCUUCCUCAUC,AAGACAGAAACAAAAGGCUGAUGAGGAAGAGAUGCUUGAUAAUCUACCAGAGGCUGG,0.7091722595078299,1,"0.24,-2.11,-10.44,0,0,-192.5,0.3157894736842105,0,0.05263157894736842,0,0,0.0,-0.93,0.0,0,1,0.05555555555555555,-2.35,0,0.05555555555555555,0,-3.26,0.05555555555555555,0",0.000,47.4,0.2400,-33.5500,-11.9900,-11.9900,0.0,,0,none,19,guide
GCAUCUCUUCCUCAUCAGC,UGCAAGACAGAAACAAAAGGCUGAUGAGGAAGAGAUGCUUGAUAAUCUACCAGAGGC,0.5503355704697986,1,"0.0,-3.42,-14.88,0,1,-200.56,0.3157894736842105,0,0.10526315789473684,0,1,0.0,-2.11,0.0,0,0,0.05555555555555555,-3.42,0,0.1111111111111111,0,-2.11,0.05555555555555555,0",0.000,52.6,0.0000,-36.0400,-12.0700,-12.0700,0.0,,0,none,19,guide
UUUCUGUCUUGCAUGCUUC,AUGCCAGACAGUGGACAGAGAAGCAUGCAAGACAGAAACAAAAGGCUGAUGAGGAAG,0.7240865026099925,1,"1.87,-0.93,-6.82,1,0,-181.01,0.5263157894736842,1,0.15789473684210525,0,0,0.0,-0.93,0.0,1,0,0.0,-2.35,0,0.1111111111111111,0,-1.1,0.2222222222222222,0",0.000,42.1,1.8700,-31.5400,-12.0600,-12.0600,0.0,,0,none,19,guide
CUGUCCACUGUCUGGCAUU,UAAGCCAGCCUUCCUCAAGAAUGCCAGACAGUGGACAGAGAAGCAUGCAAGACAGAA,0.5779269202087994,1,"-1.6,-2.08,-10.48,0,0,-193.25,0.3684210526315789,0,0.21052631578947367,0,0,0.05555555555555555,-2.11,0.0,1,1,0.05555555555555555,-0.93,0,0.05555555555555555,0,-2.11,0.05555555555555555,0",-1.900,52.6,-1.6000,-36.2400,-14.3100,-14.3100,0.0,,0,none,19,guide
GUCCACUGUCUGGCAUUCU,AAUAAGCCAGCCUUCCUCAAGAAUGCCAGACAGUGGACAGAGAAGCAUGCAAGACAG,0.7084265473527218,1,"-1.06,-2.24,-11.4,0,1,-195.25,0.3684210526315789,0,0.21052631578947367,0,0,0.05555555555555555,-2.35,0.0,1,0,0.05555555555555555,-2.08,0,0.05555555555555555,0,-3.42,0.05555555555555555,0",-1.200,52.6,-0.6100,-36.4800,-14.1500,-14.1500,0.0,,0,none,19,guide
UCUGGCAUUCUUGAGGAAG,UUAAAUAUAAUAAGCCAGCCUUCCUCAAGAAUGCCAGACAGUGGACAGAGAAGCAUG,0.5667412378821775,1,"0.63,-2.35,-12.44,1,0,-187.17,0.3157894736842105,0,0.3157894736842105,0,0,0.1111111111111111,-2.08,0.0,0,0,0.0,-2.08,0,0.05555555555555555,0,-2.35,0.1111111111111111,0",-0.600,47.4,0.1800,-33.5900,-14.0800,-14.0800,0.0,,0,none,19,guide
AUUAUAUUUAAAUUCUGAG,CGCUCAUGGCUGACAUAUCCUCAGAAUUUAAAUAUAAUAAGCCAGCCUUCCUCAAGA,0.6405667412378822,1,"1.43,-1.1,-9.38,0,0,-150.45999999999995,0.4736842105263158,0,0.10526315789473684,0,0,0.0,-0.93,0.16666666666666666,1,0,0.0,-2.08,0,0.0,0,-0.93,0.2222222222222222,0",0.000,15.8,1.4300,-20.8000,-6.7200,-6.7200,0.0,,0,none,19,guide
UUAAAUUCUGAGGAUAUGU,GAUGACCCGCUCAUGGCUGACAUAUCCUCAGAAUUUAAAUAUAAUAAGCCAGCCUUC,0.8501118568232662,1,"0.86,-0.93,-6.82,1,0,-163.7,0.42105263157894735,1,0.21052631578947367,0,0,0.05555555555555555,-1.33,0.1111111111111111,1,0,0.0,-2.24,0,0.0,0,-2.35,0.1111111111111111,0",0.000,26.3,1.3100,-26.1200,-7.5700,-7.5700,0.0,,0,none,19,guide
AGCCAUGAGCGGGUCAUCA,UCAUGUCAGAACCCAACCCUGAUGACCCGCUCAUGGCUGACAUAUCCUCAGAAUUUA,0.5637583892617449,1,"0.03,-2.08,-10.48,0,0,-199.72,0.15789473684210525,0,0.3157894736842105,0,0,0.1111111111111111,-3.42,0.0,0,0,0.05555555555555555,-2.11,0,0.1111111111111111,0,-2.24,0.0,1",-1.400,57.9,0.0300,-38.4300,-14.3500,-14.3500,0.0,,0,none,19,guide
CCAUGAGCGGGUCAUCAGG,GCUCAUGUCAGAACCCAACCCUGAUGACCCGCUCAUGGCUGACAUAUCCUCAGAAUU,0.622669649515287,1,"0.0,-3.26,-13.39,0,0,-205.67,0.15789473684210525,0,0.3684210526315789,0,0,0.16666666666666666,-2.11,0.0,0,1,0.05555555555555555,-3.26,1,0.05555555555555555,0,-2.11,0.0,0",-1.800,63.2,0.0000,-39.1200,-13.1700,-13.1700,0.0,,0,none,19,guide
CAUGAGCGGGUCAUCAGGG,UGCUCAUGUCAGAACCCAACCCUGAUGACCCGCUCAUGGCUGACAUAUCCUCAGAAU,0.6800894854586129,1,"0.7,-2.11,-10.44,0,0,-205.67,0.15789473684210525,0,0.42105263157894735,0,0,0.2222222222222222,-1.1,0.0,0,1,0.0,-3.26,0,0.05555555555555555,0,-1.1,0.0,0",-1.100,63.2,1.1500,-39.5200,-13.4200,-13.4200,0.0,,0,none,19,guide
AUGAGCGGGUCAUCAGGGU,CUGCUCAUGUCAGAACCCAACCCUGAUGACCCGCUCAUGGCUGACAUAUCCUCAGAA,0.7509321401938851,1,"0.69,-1.1,-9.38,0,0,-199.19,0.21052631578947367,0,0.42105263157894735,0,0,0.2222222222222222,-2.11,0.0,1,0,0.0,-2.24,0,0.05555555555555555,0,-2.35,0.0,0",-0.600,57.9,1.1400,-38.5500,-15.5800,-15.5800,0.0,,0,none,19,guide
GGGUCAUCAGGGUUGGGUU,AUUCAGCUGCUCAUGUCAGAACCCAACCCUGAUGACCCGCUCAUGGCUGACAUAUCC,0.3929903057419836,0,"-2.33,-3.26,-13.39,0,1,-196.91,0.3157894736842105,0,0.4736842105263158,1,0,0.3333333333333333,-3.26,0.0,0,0,0.0,-0.93,0,0.0,0,-0.93,0.1111111111111111,0",0.000,57.9,-2.7800,-38.4100,-13.4100,-13.4100,0.0,,0,none,19,guide
UGGGUUCUGACAUGAGCAG,UGUGUUGACCUCUAUUCAGCUGCUCAUGUCAGAACCCAACCCUGAUGACCCGCUCAU,0.7792692020879941,1,"0.87,-2.11,-10.44,1,0,-194.29,0.2631578947368421,0,0.3684210526315789,0,0,0.1111111111111111,-3.26,0.0,0,0,0.0,-2.08,0,0.05555555555555555,0,-2.11,0.05555555555555555,0",-3.600,52.6,0.4200,-36.3500,-14.1200,-14.1200,0.0,,0,none,19,guide
GGUUCUGACAUGAGCAGCU,ACUGUGUUGACCUCUAUUCAGCUGCUCAUGUCAGAACCCAACCCUGAUGACCCGCUC,0.5920954511558538,1,"-1.63,-3.26,-13.39,0,1,-195.82,0.2631578947368421,0,0.3157894736842105,1,0,0.05555555555555555,-2.24,0.0,0,0,0.0,-2.08,0,0.1111111111111111,0,-2.08,0.05555555555555555,0",-3.600,52.6,-1.6300,-36.1300,-12.0600,-12.0600,0.0,,0,none,19,guide
GCAGCUGAAUAGAGGUCAA,CCUCAACAUCGCAACUGUGUUGACCUCUAUUCAGCUGCUCAUGUCAGAACCCAACCC,0.3668903803131991,0,"-2.49,-3.42,-14.88,0,1,-188.49,0.15789473684210525,0,0.3157894736842105,0,1,0.05555555555555555,-2.11,0.05555555555555555,0,0,0.0,-0.93,0,0.1111111111111111,0,-2.08,0.0,1",0.000,47.4,-2.9400,-34.1900,-14.1500,-14.1500,0.0,,0,none,19,guide
UAGAGGUCAACACAGUUGC,GAGACCAUCCCUCAACAUCGCAACUGUGUUGACCUCUAUUCAGCUGCUCAUGUCAGA,0.8538404175988069,1,"2.09,-1.33,-7.69,1,0,-185.95,0.21052631578947367,0,0.2631578947368421,0,0,0.05555555555555555,-2.08,0.05555555555555555,0,0,0.0,-3.42,0,0.05555555555555555,0,-2.11,0.05555555555555555,0",-0.300,47.4,2.5400,-33.9200,-14.3600,-14.3600,0.0,,0,none,19,guide
GGUCAACACAGUUGCGAUG,CUUGGAGACCAUCCCUCAACAUCGCAACUGUGUUGACCUCUAUUCAGCUGCUCAUGU,0.6323639075316928,1,"-0.7,-3.26,-13.39,0,1,-191.48,0.21052631578947367,0,0.3157894736842105,1,0,0.05555555555555555,-2.24,0.0,0,0,0.0,-2.11,0,0.05555555555555555,0,-2.11,0.05555555555555555,0",-1.000,52.6,-1.1500,-34.7000,-11.9800,-11.9800,0.0,,0,none,19,guide
AACACAGUUGCGAUGUUGA,GGUGCUUGGAGACCAUCCCUCAACAUCGCAACUGUGUUGACCUCUAUUCAGCUGCUC,0.7651006711409396,1,"0.97,-0.93,-6.82,0,0,-177.46999999999997,0.2631578947368421,0,0.2631578947368421,0,0,0.0,-2.24,0.0,0,0,0.0,-2.35,0,0.05555555555555555,0,-1.1,0.1111111111111111,1",0.000,42.1,1.4200,-31.3200,-13.0200,-13.0200,0.0,,0,none,19,guide
ACAGUUGCGAUGUUGAGGG,AAAGGUGCUUGGAGACCAUCCCUCAACAUCGCAACUGUGUUGACCUCUAUUCAGCUG,0.7919463087248323,1,"1.47,-2.24,-11.4,0,0,-189.79,0.2631578947368421,0,0.42105263157894735,0,0,0.1111111111111111,-2.11,0.0,0,0,0.0,-3.26,0,0.05555555555555555,0,-0.93,0.1111111111111111,0",0.000,52.6,1.4700,-35.1400,-12.8900,-12.8900,0.0,,0,none,19,guide
GGGAUGGUCUCCAAGCACC,UCUCAAAUUGCCACCAAAAGGUGCUUGGAGACCAUCCCUCAACAUCGCAACUGUGUU,0.5995525727069352,1,"0.0,-3.26,-13.39,0,1,-206.82,0.15789473684210525,0,0.3157894736842105,1,0,0.16666666666666666,-3.26,0.0,0,0,0.1111111111111111,-3.26,0,0.05555555555555555,0,-0.93,0.0,0",-1.700,63.2,0.0000,-40.1800,-14.3200,-14.3200,0.0,,0,none,19,guide
GGAUGGUCUCCAAGCACCU,UUCUCAAAUUGCCACCAAAAGGUGCUUGGAGACCAUCCCUCAACAUCGCAACUGUGU,0.4891871737509322,0,"-1.63,-3.26,-13.39,0,1,-200.19,0.21052631578947367,0,0.2631578947368421,1,0,0.1111111111111111,-2.35,0.0,0,0,0.1111111111111111,-2.08,0,0.05555555555555555,0,-2.08,0.0,0",-2.000,57.9,-1.6300,-38.4500,-13.4100,-13.4100,0.0,,0,none,19,guide
GAUGGUCUCCAAGCACCUU,GUUCUCAAAUUGCCACCAAAAGGUGCUUGGAGACCAUCCCUCAACAUCGCAACUGUG,0.4511558538404175,0,"-1.87,-2.35,-12.44,0,1,-193.62,0.2631578947368421,0,0.21052631578947367,0,0,0.05555555555555555,-1.1,0.0,0,0,0.1111111111111111,-0.93,0,0.05555555555555555,0,-3.42,0.05555555555555555,0",-1.500,52.6,-1.8700,-36.1200,-13.1400,-13.1400,0.0,,0,none,19,guide
GUCUCCAAGCACCUUUUGG,GGAUGUUCUCAAAUUGCCACCAAAAGGUGCUUGGAGACCAUCCCUCAACAUCGCAAC,0.6331096196868009,1,"0.57,-2.24,-11.4,0,1,-189.16,0.3157894736842105,0,0.21052631578947367,0,0,0.05555555555555555,-2.35,0.0,1,0,0.1111111111111111,-3.26,0,0.05555555555555555,0,-2.08,0.16666666666666666,0",-1.500,52.6,1.0200,-35.0800,-13.0800,-13.0800,0.0,,0,none,19,guide
AGCACCUUUUGGUGGCAAU,UUUGUCUGGAUGUUCUCAAAUUGCCACCAAAAGGUGCUUGGAGACCAUCCCUCAACA,0.3266219239373601,0,"-0.53,-2.08,-10.48,0,0,-181.06,0.3157894736842105,0,0.2631578947368421,0,0,0.1111111111111111,-3.42,0.0,0,0,0.05555555555555555,-1.1,0,0.1111111111111111,0,-2.11,0.16666666666666666,0",-5.500,47.4,-0.9800,-33.8800,-14.0400,-14.0400,0.0,,0,none,19,guide
CUUUUGGUGGCAAUUUGAG,AAGGAUUUGUCUGGAUGUUCUCAAAUUGCCACCAAAAGGUGCUUGGAGACCAUCCCU,0.5108128262490679,0,"0.0,-2.08,-10.48,0,0,-174.90999999999997,0.42105263157894735,0,0.3157894736842105,0,0,0.1111111111111111,-0.93,0.0,1,1,0.0,-2.08,0,0.05555555555555555,0,-1.1,0.2777777777777778,0",0.000,42.1,0.0000,-30.2200,-10.4000,-10.4000,0.0,,0,none,19,guide
UGGUGGCAAUUUGAGAACA,CUGGAAGGAUUUGUCUGGAUGUUCUCAAAUUGCCACCAAAAGGUGCUUGGAGACCAU,0.3974645786726324,0,"0.0,-2.11,-10.44,1,0,-177.62999999999997,0.2631578947368421,0,0.3157894736842105,0,0,0.1111111111111111,-3.26,0.0,0,0,0.0,-2.11,0,0.05555555555555555,0,-2.35,0.1111111111111111,1",0.000,42.1,0.0000,-32.0800,-16.4000,-16.4000,0.0,,0,none,19,guide
GGCAAUUUGAGAACAUCCA,UCUGCUGGAAGGAUUUGUCUGGAUGUUCUCAAAUUGCCACCAAAAGGUGCUUGGAGA,0.5361670395227442,1,"-1.6,-3.26,-13.39,0,1,-181.33,0.21052631578947367,0,0.21052631578947367,1,0,0.05555555555555555,-3.42,0.0,0,0,0.05555555555555555,-2.11,0,0.05555555555555555,0,-2.24,0.1111111111111111,1",0.000,42.1,-1.6000,-31.5800,-9.4200,-9.4200,0.0,,0,none,19,guide
CAAUUUGAGAACAUCCAGA,AUUCUGCUGGAAGGAUUUGUCUGGAUGUUCUCAAAUUGCCACCAAAAGGUGCUUGGA,0.6025354213273677,1,"-0.66,-2.11,-10.44,0,0,-175.98,0.21052631578947367,0,0.15789473684210525,0,0,0.0,-0.93,0.0,0,1,0.05555555555555555,-2.35,0,0.0,0,-1.1,0.1111111111111111,1",0.000,36.8,-0.2100,-29.2800,-8.3500,-8.3500,0.0,,0,none,19,guide
GAGAACAUCCAGACAAAUC,ACAUUGAUUCUGCUGGAAGGAUUUGUCUGGAUGUUCUCAAAUUGCCACCAAAAGGUG,0.5592841163310962,1,"0.0,-2.35,-12.44,0,1,-186.28,0.10526315789473684,0,0.15789473684210525,0,0,0.0,-2.08,0.0,0,0,0.05555555555555555,-2.35,0,0.0,0,-2.24,0.0,0",0.000,42.1,0.0000,-31.5800,-10.8100,-10.8100,0.0,,0,none,19,guide
AACAUCCAGACAAAUCCUU,CAAACAUUGAUUCUGCUGGAAGGAUUUGUCUGGAUGUUCUCAAAUUGCCACCAAAAG,0.5958240119313946,1,"0.0,-0.93,-6.82,0,0,-174.17,0.21052631578947367,0,0.05263157894736842,0,0,0.0,-2.24,0.0,0,0,0.1111111111111111,-0.93,0,0.0,0,-0.93,0.05555555555555555,0",0.000,36.8,0.0000,-29.8200,-13.1700,-13.1700,0.0,,0,none,19,guide
CAUCCAGACAAAUCCUUCC,UCCAAACAUUGAUUCUGCUGGAAGGAUUUGUCUGGAUGUUCUCAAAUUGCCACCAAA,0.7166293810589113,1,"0.7,-2.11,-10.44,0,0,-189.22,0.21052631578947367,0,0.05263157894736842,0,0,0.0,-1.1,0.0,0,1,0.16666666666666666,-3.26,0,0.0,0,-2.35,0.05555555555555555,0",0.000,47.4,1.1500,-33.1100,-13.2500,-13.2500,0.0,,0,none,19,guide
GACAAAUCCUUCCAGCAGA,UUAUCAUCCAAACAUUGAUUCUGCUGGAAGGAUUUGUCUGGAUGUUCUCAAAUUGCC,0.6547352721849367,1,"-0.9,-2.35,-12.44,0,1,-188.09,0.15789473684210525,0,0.15789473684210525,0,0,0.0,-2.24,0.0,0,0,0.1111111111111111,-2.35,0,0.05555555555555555,0,-2.11,0.05555555555555555,1",0.000,47.4,-0.4500,-33.7500,-9.6600,-9.6600,0.0,,0,none,19,guide
AAUCCUUCCAGCAGAAUCA,CAAUUUAUCAUCCAAACAUUGAUUCUGCUGGAAGGAUUUGUCUGGAUGUUCUCAAAU,0.7114093959731543,1,"0.73,-0.93,-6.82,0,0,-182.35,0.21052631578947367,0,0.10526315789473684,0,0,0.0,-1.1,0.0,0,0,0.1111111111111111,-2.11,0,0.05555555555555555,0,-2.08,0.05555555555555555,1",0.000,42.1,1.1800,-32.1100,-12.0700,-12.0700,0.0,,0,none,19,guide
AAUCAAUGUUUGGAUGAUA,CCGAUUUCUCACUCCAAUUUAUCAUCCAAACAUUGAUUCUGCUGGAAGGAUUUGUCU,0.5026099925428785,0,"0.4,-0.93,-6.82,0,0,-165.31,0.3684210526315789,0,0.21052631578947367,0,0,0.05555555555555555,-1.1,0.05555555555555555,0,0,0.0,-1.33,0,0.0,0,-2.35,0.1111111111111111,1",0.000,26.3,0.4000,-25.6500,-9.7000,-9.7000,0.0,,0,none,19,guide
UGUUUGGAUGAUAAAUUGG,UCAGAUCCGAUUUCUCACUCCAAUUUAUCAUCCAAACAUUGAUUCUGCUGGAAGGAU,0.7554064131245338,1,"1.6,-2.11,-10.44,1,0,-167.41999999999996,0.42105263157894735,0,0.3157894736842105,0,0,0.1111111111111111,-2.24,0.05555555555555555,0,0,0.0,-3.26,0,0.0,0,-0.93,0.16666666666666666,0",0.000,31.6,1.6000,-26.8900,-11.8200,-11.8200,0.0,,0,none,19,guide
UUUGGAUGAUAAAUUGGAG,CCUCAGAUCCGAUUUCUCACUCCAAUUUAUCAUCCAAACAUUGAUUCUGCUGGAAGG,0.7986577181208053,1,"1.6,-0.93,-6.82,1,0,-168.49999999999997,0.3684210526315789,1,0.3157894736842105,0,0,0.1111111111111111,-0.93,0.05555555555555555,1,0,0.0,-2.08,0,0.0,0,-1.1,0.16666666666666666,0",-0.700,31.6,1.6000,-27.1700,-11.8600,-11.8600,0.0,,0,none,19,guide
GGAUGAUAAAUUGGAGUGA,CCUCCUCAGAUCCGAUUUCUCACUCCAAUUUAUCAUCCAAACAUUGAUUCUGCUGGA,0.4235645041014168,0,"-1.36,-3.26,-13.39,0,1,-178.7,0.2631578947368421,0,0.3684210526315789,1,0,0.1111111111111111,-2.35,0.05555555555555555,0,0,0.0,-2.35,0,0.0,0,-3.26,0.05555555555555555,1",0.000,36.8,-1.3600,-29.9000,-10.3400,-10.3400,0.0,,0,none,19,guide
AAAUUGGAGUGAGAAAUCG,AUUUGAACCUCCUCAGAUCCGAUUUCUCACUCCAAUUUAUCAUCCAAACAUUGAUUC,0.796420581655481,1,"1.43,-0.93,-6.82,0,0,-172.56,0.21052631578947367,0,0.3157894736842105,0,0,0.05555555555555555,-0.93,0.0,0,0,0.0,-2.36,0,0.0,0,-2.35,0.05555555555555555,0",0.000,36.8,1.8800,-28.3500,-10.6800,-10.6800,0.0,,0,none,19,guide
AUUGGAGUGAGAAAUCGGA,CCAUUUGAACCUCCUCAGAUCCGAUUUCUCACUCCAAUUUAUCAUCCAAACAUUGAU,0.8150633855331841,1,"0.8,-1.1,-9.38,0,0,-181.03,0.21052631578947367,0,0.3684210526315789,0,0,0.1111111111111111,-0.93,0.0,1,0,0.0,-2.35,0,0.0,0,-0.93,0.05555555555555555,1",-0.600,42.1,1.2500,-31.6000,-12.9700,-12.9700,0.0,,0,none,19,guide
AAAUCGGAUCUGAGGAGGU,CUGAGAGGUACCCAUUUGAACCUCCUCAGAUCCGAUUUCUCACUCCAAUUUAUCAUC,0.7486950037285608,1,"0.86,-0.93,-6.82,0,0,-187.64,0.21052631578947367,0,0.3684210526315789,0,0,0.16666666666666666,-0.93,0.0,0,0,0.0,-2.24,0,0.0,0,-2.08,0.0,0",-0.800,47.4,1.3100,-33.9000,-12.3500,-12.3500,0.0,,0,none,19,guide
UCGGAUCUGAGGAGGUUCA,UUCCUGAGAGGUACCCAUUUGAACCUCCUCAGAUCCGAUUUCUCACUCCAAUUUAUC,0.7837434750186427,1,"-0.24,-2.35,-12.44,1,0,-194.32,0.2631578947368421,0,0.3684210526315789,0,0,0.16666666666666666,-2.36,0.0,0,0,0.0,-2.11,0,0.0,0,-2.08,0.05555555555555555,1",-5.200,52.6,-0.2400,-36.1800,-13.5000,-13.5000,0.0,,0,none,19,guide
CGGAUCUGAGGAGGUUCAA,AUUCCUGAGAGGUACCCAUUUGAACCUCCUCAGAUCCGAUUUCUCACUCCAAUUUAU,0.4213273676360924,0,"-1.43,-2.36,-10.64,0,0,-192.42,0.21052631578947367,0,0.3684210526315789,0,0,0.16666666666666666,-3.26,0.0,0,1,0.0,-0.93,0,0.0,1,-3.26,0.05555555555555555,1",-5.200,52.6,-1.8800,-35.4600,-13.2500,-13.2500,0.0,,0,none,19,guide
GAGGUUCAAAUGGGUACCU,AGAAGUUAUCAUUCCUGAGAGGUACCCAUUUGAACCUCCUCAGAUCCGAUUUCUCAC,0.4705443698732289,0,"-1.17,-2.35,-12.44,0,1,-184.68,0.2631578947368421,0,0.3157894736842105,0,0,0.16666666666666666,-2.08,0.05555555555555555,0,0,0.05555555555555555,-2.08,0,0.0,0,-3.26,0.05555555555555555,0",-2.300,47.4,-0.7200,-33.9200,-12.9700,-12.9700,0.0,,0,none,19,guide
UUCAAAUGGGUACCUCUCA,AGCUAGAAGUUAUCAUUCCUGAGAGGUACCCAUUUGAACCUCCUCAGAUCCGAUUUC,0.6517524235645041,1,"0.73,-0.93,-6.82,1,0,-179.04999999999995,0.3157894736842105,1,0.15789473684210525,0,0,0.1111111111111111,-2.35,0.05555555555555555,1,0,0.05555555555555555,-2.11,0,0.0,0,-3.26,0.05555555555555555,1",-1.400,42.1,1.1800,-32.2300,-9.5300,-9.5300,0.0,,0,none,19,guide
CAAAUGGGUACCUCUCAGG,UAAGCUAGAAGUUAUCAUUCCUGAGAGGUACCCAUUUGAACCUCCUCAGAUCCGAUU,0.5853840417598807,1,"0.7,-2.11,-10.44,0,0,-191.1,0.21052631578947367,0,0.2631578947368421,0,0,0.16666666666666666,-0.93,0.05555555555555555,0,1,0.05555555555555555,-3.26,0,0.0,0,-2.35,0.0,0",-1.900,52.6,1.1500,-35.4900,-11.5900,-11.5900,0.0,,0,none,19,guide
AUGGGUACCUCUCAGGAAU,UUUUAAGCUAGAAGUUAUCAUUCCUGAGAGGUACCCAUUUGAACCUCCUCAGAUCCG,0.8508575689783744,1,"0.0,-1.1,-9.38,0,0,-188.22,0.2631578947368421,0,0.2631578947368421,0,0,0.16666666666666666,-2.11,0.05555555555555555,1,0,0.05555555555555555,-1.1,0,0.0,0,-2.11,0.0,0",-1.900,47.4,0.0000,-34.7000,-14.4400,-14.4400,0.0,,0,none,19,guide
ACCUCUCAGGAAUGAUAAC,AGGUGUUUUUAAGCUAGAAGUUAUCAUUCCUGAGAGGUACCCAUUUGAACCUCCUCA,0.5622669649515287,1,"0.9,-2.24,-11.4,0,0,-184.42,0.21052631578947367,0,0.15789473684210525,0,0,0.05555555555555555,-3.26,0.05555555555555555,0,0,0.05555555555555555,-2.24,0,0.0,0,-2.11,0.0,0",-0.600,42.1,0.4500,-32.3100,-14.2300,-14.2300,0.0,,0,none,19,guide
CUCUCAGGAAUGAUAACUU,AAAGGUGUUUUUAAGCUAGAAGUUAUCAUUCCUGAGAGGUACCCAUUUGAACCUCCU,0.5920954511558538,1,"-1.6,-2.08,-10.48,0,0,-176.92999999999995,0.3157894736842105,0,0.15789473684210525,0,0,0.05555555555555555,-2.35,0.05555555555555555,1,1,0.0,-0.93,0,0.0,0,-1.1,0.05555555555555555,0",-0.400,36.8,-1.6000,-29.8200,-14.2300,-14.2300,0.0,,0,none,19,guide
AUGAUAACUUCUAGCUUAA,CCUUAUGAGAAAGGUGUUUUUAAGCUAGAAGUUAUCAUUCCUGAGAGGUACCCAUUU,0.6703952274422074,1,"-0.17,-1.1,-9.38,0,0,-161.57999999999996,0.3684210526315789,0,0.10526315789473684,0,0,0.0,-2.11,0.16666666666666666,1,0,0.0,-0.93,0,0.05555555555555555,0,-2.08,0.1111111111111111,1",0.000,26.3,-0.1700,-25.9100,-10.0600,-10.0600,0.0,,0,none,19,guide
AAAACACCUUUCUCAUAAG,UUAGGUGGAGCCAACACACCUUAUGAGAAAGGUGUUUUUAAGCUAGAAGUUAUCAUU,0.6897837434750187,1,"1.6,-0.93,-6.82,0,0,-164.04999999999995,0.2631578947368421,0,0.05263157894736842,0,0,0.0,-0.93,0.05555555555555555,0,0,0.05555555555555555,-2.08,0,0.0,0,-2.35,0.1111111111111111,0",0.000,31.6,1.6000,-26.6200,-11.7100,-11.7100,0.0,,0,none,19,guide
CCUUUCUCAUAAGGUGUGU,CAAAUAUUAGGUGGAGCCAACACACCUUAUGAGAAAGGUGUUUUUAAGCUAGAAGUU,0.5570469798657718,1,"-1.47,-3.26,-13.39,0,0,-178.82,0.42105263157894735,0,0.21052631578947367,0,0,0.05555555555555555,-2.08,0.05555555555555555,0,1,0.05555555555555555,-2.24,1,0.0,0,-3.26,0.1111111111111111,0",-2.400,42.1,-1.4700,-31.5900,-10.7200,-10.7200,0.0,,0,none,19,guide
GUGUUGGCUCCACCUAAUA,GAUGACCUGCGAGCUCAAAUAUUAGGUGGAGCCAACACACCUUAUGAGAAAGGUGUU,0.4280387770320656,0,"-1.36,-2.24,-11.4,0,1,-185.04,0.3157894736842105,0,0.21052631578947367,0,0,0.05555555555555555,-2.11,0.1111111111111111,1,0,0.1111111111111111,-1.33,0,0.05555555555555555,0,-3.26,0.05555555555555555,1",-1.400,47.4,-1.3600,-34.4400,-14.0700,-14.0700,0.0,,0,none,19,guide
CUCCACCUAAUAUUUGAGC,CCAAAUGGAUGACCUGCGAGCUCAAAUAUUAGGUGGAGCCAACACACCUUAUGAGAA,0.6495152870991797,1,"0.89,-2.08,-10.48,0,0,-181.25,0.3157894736842105,0,0.10526315789473684,0,0,0.0,-2.35,0.1111111111111111,1,1,0.1111111111111111,-3.42,0,0.05555555555555555,0,-0.93,0.1111111111111111,0",0.000,42.1,1.3400,-31.4000,-15.3000,-15.3000,0.0,,0,none,19,guide
CACCUAAUAUUUGAGCUCG,AGACCAAAUGGAUGACCUGCGAGCUCAAAUAUUAGGUGGAGCCAACACACCUUAUGA,0.6711409395973155,1,"-0.2,-2.11,-10.44,0,0,-178.49999999999991,0.3157894736842105,0,0.15789473684210525,0,0,0.0,-2.24,0.1111111111111111,0,1,0.05555555555555555,-2.36,0,0.05555555555555555,0,-2.35,0.1111111111111111,0",0.000,42.1,0.2500,-30.7000,-10.9400,-10.9400,0.0,,0,none,19,guide
ACCUAAUAUUUGAGCUCGC,AAGACCAAAUGGAUGACCUGCGAGCUCAAAUAUUAGGUGGAGCCAACACACCUUAUG,0.5339299030574198,1,"1.63,-2.24,-11.4,0,0,-179.21999999999997,0.3157894736842105,0,0.15789473684210525,0,0,0.0,-3.26,0.1111111111111111,0,0,0.05555555555555555,-3.42,0,0.1111111111111111,0,-2.08,0.1111111111111111,0",0.000,42.1,1.6300,-31.2600,-10.0300,-10.0300,0.0,,0,none,19,guide
UAAUAUUUGAGCUCGCAGG,AUAAAGACCAAAUGGAUGACCUGCGAGCUCAAAUAUUAGGUGGAGCCAACACACCUU,0.7613721103653989,1,"1.93,-1.33,-7.69,1,0,-178.26,0.3157894736842105,0,0.2631578947368421,0,0,0.05555555555555555,-0.93,0.1111111111111111,0,0,0.0,-3.26,0,0.1111111111111111,0,-2.35,0.1111111111111111,0",0.000,42.1,2.3800,-31.3300,-6.3200,-6.3200,0.0,,0,none,19,guide
AUAUUUGAGCUCGCAGGUC,AGAUAAAGACCAAAUGGAUGACCUGCGAGCUCAAAUAUUAGGUGGAGCCAACACACC,0.7516778523489933,1,"1.7,-1.1,-9.38,0,0,-187.59,0.3157894736842105,0,0.2631578947368421,0,0,0.05555555555555555,-1.33,0.05555555555555555,1,0,0.0,-2.35,0,0.1111111111111111,0,-3.42,0.1111111111111111,0",-0.500,47.4,1.7000,-33.3100,-8.7500,-8.7500,0.0,,0,none,19,guide
UCGCAGGUCAUCCAUUUGG,CAUGUUGGCAAGAUAAAGACCAAAUGGAUGACCUGCGAGCUCAAAUAUUAGGUGGAG,0.7106636838180462,1,"1.36,-2.35,-12.44,1,0,-191.72,0.3157894736842105,0,0.2631578947368421,0,0,0.1111111111111111,-2.36,0.0,0,0,0.05555555555555555,-3.26,0,0.05555555555555555,0,-2.11,0.1111111111111111,0",-0.800,52.6,1.3600,-35.4900,-15.4700,-15.4700,0.0,,0,none,19,guide
GUCAUCCAUUUGGUCUUUA,GCAUCACAUGUUGGCAAGAUAAAGACCAAAUGGAUGACCUGCGAGCUCAAAUAUUAG,0.47129008202833705,0,"-1.36,-2.24,-11.4,0,1,-175.09999999999994,0.4736842105263158,0,0.15789473684210525,0,0,0.05555555555555555,-2.35,0.05555555555555555,1,0,0.05555555555555555,-1.33,0,0.0,0,-2.24,0.2222222222222222,1",0.000,36.8,-1.3600,-29.5700,-13.2800,-13.2800,0.0,,0,none,19,guide
GGUCUUUAUCUUGCCAACA,GCCACCCCCAGGCAUCACAUGUUGGCAAGAUAAAGACCAAAUGGAUGACCUGCGAGC,0.5652498135719612,1,"-1.6,-3.26,-13.39,0,1,-178.63999999999996,0.3684210526315789,0,0.15789473684210525,1,0,0.05555555555555555,-2.24,0.05555555555555555,0,0,0.05555555555555555,-2.11,0,0.05555555555555555,0,-3.42,0.16666666666666666,1",-1.200,42.1,-1.6000,-31.8200,-9.8600,-9.8600,0.0,,0,none,19,guide
CUUGCCAACAUGUGAUGCC,XXXXXXXXXGCCACCCCCAGGCAUCACAUGUUGGCAAGAUAAAGACCAAAUGGAUGA,0.651006711409396,1,"0.73,-2.08,-10.48,0,0,-193.69,0.2631578947368421,0,0.21052631578947367,0,0,0.0,-0.93,0.0,1,1,0.1111111111111111,-3.26,0,0.1111111111111111,0,-2.11,0.05555555555555555,0",0.000,52.6,1.1800,-35.6000,-12.7600,-12.7600,0.0,,0,none,19,guide
UGCCAACAUGUGAUGCCUG,XXXXXXXXXXXGCCACCCCCAGGCAUCACAUGUUGGCAAGAUAAAGACCAAAUGGAU,0.6771066368381805,1,"0.9,-2.11,-10.44,1,0,-193.59,0.2631578947368421,0,0.2631578947368421,0,0,0.0,-3.42,0.0,0,0,0.1111111111111111,-2.11,0,0.1111111111111111,0,-1.1,0.0,0",0.000,52.6,0.4500,-36.0300,-14.0700,-14.0700,0.0,,0,none,19,guide
ACCAUUUUGUUUUCUUUGG,GCGAACAUGUAACAAGAAUCCAAAGAAAACAAAAUGGUGGUAUCAUXXXXXXXXXXX,0.7554064131245338,1,"1.47,-2.24,-11.4,0,0,-160.43,0.5789473684210527,0,0.15789473684210525,0,0,0.05555555555555555,-3.26,0.0,0,0,0.05555555555555555,-3.26,0,0.0,0,-2.35,0.4444444444444444,0",-0.400,31.6,1.4700,-26.1600,-9.2600,-9.2600,0.0,,0,none,19,guide
UUUGUUUUCUUUGGAUUCU,UAUGUGCGAACAUGUAACAAGAAUCCAAAGAAAACAAAAUGGUGGUAUCAUXXXXXX,0.7882177479492916,1,"0.7,-0.93,-6.82,1,0,-156.83999999999997,0.6842105263157895,1,0.15789473684210525,0,0,0.05555555555555555,-0.93,0.0,1,0,0.0,-2.08,0,0.0,0,-3.26,0.4444444444444444,0",0.000,26.3,1.1500,-24.9800,-8.0700,-8.0700,0.0,,0,none,19,guide
UUUCUUUGGAUUCUUGUUA,CUUUUUAUGUGCGAACAUGUAACAAGAAUCCAAAGAAAACAAAAUGGUGGUAUCAUX,0.8545861297539149,1,"0.4,-0.93,-6.82,1,0,-157.71,0.631578947368421,1,0.15789473684210525,0,0,0.05555555555555555,-0.93,0.05555555555555555,1,0,0.0,-1.33,0,0.0,0,-2.08,0.3888888888888889,1",0.000,26.3,0.4000,-25.3800,-9.3300,-9.3300,0.0,,0,none,19,guide
UUCUUGUUACAUGUUCGCA,CCGGAUAAUUCUUUUUAUGUGCGAACAUGUAACAAGAAUCCAAAGAAAACAAAAUGG,0.7747949291573453,1,"0.73,-0.93,-6.82,1,0,-170.14,0.4736842105263158,1,0.15789473684210525,0,0,0.0,-2.35,0.05555555555555555,1,0,0.0,-2.11,0,0.05555555555555555,0,-2.24,0.2222222222222222,1",0.000,36.8,1.1800,-29.2300,-10.6400,-10.6400,0.0,,0,none,19,guide
UCUUGUUACAUGUUCGCAC,ACCGGAUAAUUCUUUUUAUGUGCGAACAUGUAACAAGAAUCCAAAGAAAACAAAAUG,0.9336316181953764,1,"0.79,-2.35,-12.44,1,0,-178.43999999999997,0.42105263157894735,0,0.15789473684210525,0,0,0.0,-2.08,0.05555555555555555,0,0,0.0,-2.24,0,0.05555555555555555,0,-0.93,0.16666666666666666,0",0.000,42.1,0.3400,-31.0400,-9.6200,-9.6200,0.0,,0,none,19,guide
UUGUUACAUGUUCGCACAU,CCACCGGAUAAUUCUUUUUAUGUGCGAACAUGUAACAAGAAUCCAAAGAAAACAAAA,0.6614466815809098,1,"0.17,-0.93,-6.82,1,0,-171.62,0.42105263157894735,1,0.15789473684210525,0,0,0.0,-2.11,0.05555555555555555,1,0,0.0,-1.1,0,0.05555555555555555,0,-2.36,0.16666666666666666,0",0.000,36.8,0.1700,-29.3200,-10.9600,-10.9600,0.0,,0,none,19,guide
AAAAGAAUUAUCCGGUGGU,GCUGCAAGGAAAAGAGACGACCACCGGAUAAUUCUUUUUAUGUGCGAACAUGUAACA,0.72110365398956,1,"0.86,-0.93,-6.82,0,0,-168.91,0.2631578947368421,0,0.2631578947368421,0,0,0.1111111111111111,-0.93,0.05555555555555555,0,0,0.05555555555555555,-2.24,0,0.0,0,-2.36,0.05555555555555555,0",0.000,36.8,1.3100,-29.0500,-8.3200,-8.3200,0.0,,0,none,19,guide
AAAGAAUUAUCCGGUGGUC,AGCUGCAAGGAAAAGAGACGACCACCGGAUAAUUCUUUUUAUGUGCGAACAUGUAAC,0.7188665175242356,1,"1.87,-0.93,-6.82,0,0,-178.24999999999997,0.2631578947368421,0,0.2631578947368421,0,0,0.1111111111111111,-0.93,0.05555555555555555,0,0,0.05555555555555555,-2.35,0,0.0,0,-3.26,0.05555555555555555,0",0.000,42.1,1.8700,-30.8200,-8.3200,-8.3200,0.0,,0,none,19,guide
UAUCCGGUGGUCGUCUCUU,GCUUUCCAGCUGCAAGGAAAAGAGACGACCACCGGAUAAUUCUUUUUAUGUGCGAAC,0.6167039522744221,1,"-0.4,-1.33,-7.69,1,0,-189.65,0.42105263157894735,0,0.2631578947368421,0,0,0.1111111111111111,-1.1,0.05555555555555555,0,0,0.05555555555555555,-0.93,0,0.0,0,-2.24,0.05555555555555555,0",0.000,52.6,-0.4000,-35.7600,-14.5700,-14.5700,0.0,,0,none,19,guide
UGGUCGUCUCUUUUCCUUG,UUAGCAUGCUUUCCAGCUGCAAGGAAAAGAGACGACCACCGGAUAAUUCUUUUUAUG,0.8187919463087249,1,"0.9,-2.11,-10.44,1,0,-182.25,0.5263157894736842,0,0.21052631578947367,0,0,0.05555555555555555,-3.26,0.0,0,0,0.05555555555555555,-2.11,0,0.0,0,-0.93,0.2222222222222222,0",0.000,47.4,0.4500,-32.8500,-14.8000,-14.8000,0.0,,0,none,19,guide
GGUCGUCUCUUUUCCUUGC,AUUAGCAUGCUUUCCAGCUGCAAGGAAAAGAGACGACCACCGGAUAAUUCUUUUUAU,0.8359433258762118,1,"0.16,-3.26,-13.39,0,1,-190.40999999999997,0.4736842105263158,0,0.21052631578947367,1,0,0.05555555555555555,-2.24,0.0,0,0,0.05555555555555555,-3.42,0,0.05555555555555555,0,-2.35,0.2222222222222222,0",0.000,52.6,0.1600,-34.6600,-13.6200,-13.6200,0.0,,0,none,19,guide
UUUCCUUGCAGCUGGAAAG,UCUUAGCAUUAUUAGCAUGCUUUCCAGCUGCAAGGAAAAGAGACGACCACCGGAUAA,0.7680835197613721,1,"1.6,-0.93,-6.82,1,0,-181.43,0.3157894736842105,1,0.2631578947368421,0,0,0.05555555555555555,-0.93,0.0,1,0,0.05555555555555555,-2.08,0,0.1111111111111111,0,-2.11,0.16666666666666666,0",-4.400,47.4,1.6000,-33.4200,-11.6600,-11.6600,0.0,,0,none,19,guide
UCCUUGCAGCUGGAAAGCA,UGUCUUAGCAUUAUUAGCAUGCUUUCCAGCUGCAAGGAAAAGAGACGACCACCGGAU,0.8225205070842655,1,"-0.24,-2.35,-12.44,1,0,-189.39,0.21052631578947367,0,0.2631578947368421,0,0,0.05555555555555555,-3.26,0.0,0,0,0.05555555555555555,-2.11,0,0.16666666666666666,0,-2.35,0.05555555555555555,1",-2.900,52.6,-0.2400,-36.5400,-13.9100,-13.9100,0.0,,0,none,19,guide
AGCUGGAAAGCAUGCUAAU,AUCAGUUUGUCUUAGCAUUAUUAGCAUGCUUUCCAGCUGCAAGGAAAAGAGACGACC,0.5033557046979866,0,"-0.53,-2.08,-10.48,0,0,-179.56999999999996,0.21052631578947367,0,0.2631578947368421,0,0,0.05555555555555555,-3.42,0.05555555555555555,0,0,0.0,-1.1,0,0.16666666666666666,0,-2.11,0.0,0",-2.900,42.1,-0.9800,-32.2000,-14.1500,-14.1500,0.0,,0,none,19,guide
GGAAAGCAUGCUAAUAAUG,UCCAAUCAGUUUGUCUUAGCAUUAUUAGCAUGCUUUCCAGCUGCAAGGAAAAGAGAC,0.6950037285607756,1,"-0.7,-3.26,-13.39,0,1,-175.05999999999997,0.21052631578947367,0,0.2631578947368421,1,0,0.05555555555555555,-2.35,0.1111111111111111,0,0,0.0,-2.11,0,0.1111111111111111,0,-0.93,0.0,0",0.000,36.8,-1.1500,-29.2300,-11.8200,-11.8200,0.0,,0,none,19,guide
AAAGCAUGCUAAUAAUGCU,AGUCCAAUCAGUUUGUCUUAGCAUUAUUAGCAUGCUUUCCAGCUGCAAGGAAAAGAG,0.6323639075316928,1,"0.7,-0.93,-6.82,0,0,-167.14999999999995,0.2631578947368421,0,0.15789473684210525,0,0,0.0,-0.93,0.1111111111111111,0,0,0.0,-2.08,0,0.16666666666666666,0,-1.33,0.0,0",-4.000,31.6,1.1500,-27.7200,-11.7500,-11.7500,0.0,,0,none,19,guide
AAUGCUAAGACAAACUGAU,CCCCAGCGCUCUCAGUCCAAUCAGUUUGUCUUAGCAUUAUUAGCAUGCUUUCCAGCU,0.7979120059656973,1,"0.17,-0.93,-6.82,0,0,-167.99999999999997,0.21052631578947367,0,0.15789473684210525,0,0,0.0,-1.1,0.05555555555555555,0,0,0.0,-1.1,0,0.05555555555555555,0,-0.93,0.0,0",0.000,31.6,0.1700,-27.9300,-10.9700,-10.9700,0.0,,0,none,19,guide
AUGCUAAGACAAACUGAUU,UCCCCAGCGCUCUCAGUCCAAUCAGUUUGUCUUAGCAUUAUUAGCAUGCUUUCCAGC,0.7770320656226697,1,"-0.17,-1.1,-9.38,0,0,-167.99999999999997,0.2631578947368421,0,0.15789473684210525,0,0,0.0,-2.11,0.05555555555555555,1,0,0.0,-0.93,0,0.05555555555555555,0,-2.24,0.05555555555555555,0",0.000,31.6,-0.1700,-27.6300,-11.9500,-11.9500,0.0,,0,none,19,guide
CUAAGACAAACUGAUUGGA,UGGUCCCCAGCGCUCUCAGUCCAAUCAGUUUGUCUUAGCAUUAUUAGCAUGCUUUCC,0.6338553318419089,1,"-0.63,-2.08,-10.48,0,0,-173.29000000000005,0.21052631578947367,0,0.21052631578947367,0,0,0.05555555555555555,-1.33,0.05555555555555555,1,1,0.0,-2.35,0,0.0,0,-2.35,0.05555555555555555,1",0.000,36.8,-0.1800,-29.3700,-11.0400,-11.0400,0.0,,0,none,19,guide
AGACAAACUGAUUGGACUG,GACUGGUCCCCAGCGCUCUCAGUCCAAUCAGUUUGUCUUAGCAUUAUUAGCAUGCUU,0.9060402684563761,1,"0.93,-2.08,-10.48,0,0,-180.62,0.21052631578947367,0,0.2631578947368421,0,0,0.05555555555555555,-2.35,0.0,0,0,0.0,-2.11,0,0.0,0,-2.11,0.05555555555555555,0",0.000,42.1,0.4800,-31.3100,-10.8000,-10.8000,0.0,,0,none,19,guide
CUGAUUGGACUGAGAGCGC,AACAGAAGACUGGUCCCCAGCGCUCUCAGUCCAAUCAGUUUGUCUUAGCAUUAUUAG,0.8113348247576436,1,"0.89,-2.08,-10.48,0,0,-200.78,0.21052631578947367,0,0.3684210526315789,0,0,0.05555555555555555,-2.11,0.0,1,1,0.0,-3.42,0,0.1111111111111111,0,-2.08,0.05555555555555555,0",0.000,57.9,1.3400,-37.1900,-11.8600,-11.8600,0.0,,0,none,19,guide
GAGAGCGCUGGGGACCAGU,UUAUCCAUUCUAACAGAAGACUGGUCCCCAGCGCUCUCAGUCCAAUCAGUUUGUCUU,0.6942580164056674,1,"-1.01,-2.35,-12.44,0,1,-209.55,0.10526315789473684,0,0.4736842105263158,0,0,0.16666666666666666,-2.08,0.0,0,0,0.05555555555555555,-2.24,0,0.1111111111111111,0,-2.35,0.0,0",-4.400,68.4,-0.5600,-42.3700,-15.7100,-15.7100,0.0,,0,none,19,guide
GCGCUGGGGACCAGUCUUC,CUGUUUAUCCAUUCUAACAGAAGACUGGUCCCCAGCGCUCUCAGUCCAAUCAGUUUG,0.6002982848620433,1,"-0.62,-3.42,-14.88,0,1,-209.61,0.21052631578947367,0,0.3684210526315789,0,1,0.16666666666666666,-2.36,0.0,0,0,0.05555555555555555,-2.35,0,0.1111111111111111,0,-2.08,0.05555555555555555,0",-4.700,68.4,-1.0700,-41.5700,-16.4900,-16.4900,0.0,,0,none,19,guide
CGCUGGGGACCAGUCUUCU,UCUGUUUAUCCAUUCUAACAGAAGACUGGUCCCCAGCGCUCUCAGUCCAAUCAGUUU,0.6592095451155854,1,"-0.73,-2.36,-10.64,0,0,-201.49,0.2631578947368421,0,0.3157894736842105,0,0,0.16666666666666666,-3.42,0.0,0,1,0.05555555555555555,-2.08,0,0.05555555555555555,1,-2.24,0.05555555555555555,0",-4.700,63.2,-0.7300,-39.5300,-17.3900,-17.3900,0.0,,0,none,19,guide
GGGGACCAGUCUUCUGUUA,CAUAUCUGUUUAUCCAUUCUAACAGAAGACUGGUCCCCAGCGCUCUCAGUCCAAUCA,0.482475764354959,0,"-1.93,-3.26,-13.39,0,1,-191.4,0.3157894736842105,0,0.3157894736842105,1,0,0.16666666666666666,-3.26,0.05555555555555555,0,0,0.05555555555555555,-1.33,0,0.0,0,-2.35,0.1111111111111111,1",-2.200,52.6,-2.3800,-36.3700,-16.4800,-16.4800,0.0,,0,none,19,guide
GGACCAGUCUUCUGUUAGA,GUCAUAUCUGUUUAUCCAUUCUAACAGAAGACUGGUCCCCAGCGCUCUCAGUCCAAU,0.546607009694258,1,"-1.36,-3.26,-13.39,0,1,-187.54,0.3157894736842105,0,0.2631578947368421,1,0,0.05555555555555555,-2.35,0.05555555555555555,0,0,0.05555555555555555,-2.35,0,0.0,0,-2.11,0.1111111111111111,1",-1.200,47.4,-1.3600,-34.0800,-14.2800,-14.2800,0.0,,0,none,19,guide
AGUCUUCUGUUAGAAUGGA,CAAUGGUCAUAUCUGUUUAUCCAUUCUAACAGAAGACUGGUCCCCAGCGCUCUCAGU,0.4780014914243102,0,"0.27,-2.08,-10.48,0,0,-175.23000000000005,0.3684210526315789,0,0.2631578947368421,0,0,0.05555555555555555,-2.24,0.05555555555555555,0,0,0.0,-2.35,0,0.0,0,-2.35,0.1111111111111111,1",-0.300,36.8,0.2700,-30.4100,-12.0300,-12.0300,0.0,,0,none,19,guide
UCUUCUGUUAGAAUGGAUA,AGCAAUGGUCAUAUCUGUUUAUCCAUUCUAACAGAAGACUGGUCCCCAGCGCUCUCA,0.6256524981357195,1,"-0.57,-2.35,-12.44,1,0,-170.41999999999996,0.42105263157894735,0,0.21052631578947367,0,0,0.05555555555555555,-2.08,0.1111111111111111,0,0,0.0,-1.33,0,0.0,0,-1.1,0.1111111111111111,1",-0.500,31.6,-1.0200,-28.2200,-11.7900,-11.7900,0.0,,0,none,19,guide
CUGUUAGAAUGGAUAAACA,UUAUAGCAAUGGUCAUAUCUGUUUAUCCAUUCUAACAGAAGACUGGUCCCCAGCGCU,0.4936614466815809,0,"-0.87,-2.08,-10.48,0,0,-167.44,0.2631578947368421,0,0.21052631578947367,0,0,0.05555555555555555,-2.11,0.1111111111111111,1,1,0.0,-2.11,0,0.0,0,-1.1,0.05555555555555555,1",0.000,31.6,-0.4200,-27.4200,-11.0400,-11.0400,0.0,,0,none,19,guide
UUAGAAUGGAUAAACAGAU,UGUUUAUAGCAAUGGUCAUAUCUGUUUAUCCAUUCUAACAGAAGACUGGUCCCCAGC,0.7203579418344519,1,"0.17,-0.93,-6.82,1,0,-163.69999999999996,0.2631578947368421,1,0.21052631578947367,0,0,0.05555555555555555,-1.33,0.1111111111111111,1,0,0.0,-1.1,0,0.0,0,-0.93,0.05555555555555555,0",0.000,26.3,0.1700,-25.8200,-9.9000,-9.9000,0.0,,0,none,19,guide
UAGAAUGGAUAAACAGAUA,AUGUUUAUAGCAAUGGUCAUAUCUGUUUAUCCAUUCUAACAGAAGACUGGUCCCCAG,0.6405667412378822,1,"0.0,-1.33,-7.69,1,0,-164.56999999999996,0.21052631578947367,0,0.21052631578947367,0,0,0.05555555555555555,-2.08,0.16666666666666666,0,0,0.0,-1.33,0,0.0,0,-2.24,0.0,1",0.000,26.3,0.0000,-26.5200,-11.8300,-11.8300,0.0,,0,none,19,guide
UGACCAUUGCUAUAAACAU,AAUAUUCCUGUUCAUCCUCAUGUUUAUAGCAAUGGUCAUAUCUGUUUAUCCAUUCUA,0.7173750932140194,1,"-0.56,-2.11,-10.44,1,0,-168.67999999999995,0.3157894736842105,0,0.10526315789473684,0,0,0.0,-2.35,0.1111111111111111,0,0,0.05555555555555555,-1.1,0,0.05555555555555555,0,-1.33,0.05555555555555555,0",0.000,31.6,-1.0100,-27.9900,-11.9900,-11.9900,0.0,,0,none,19,guide
UUGCUAUAAACAUGAGGAU,GGUGAAAAUAUUCCUGUUCAUCCUCAUGUUUAUAGCAAUGGUCAUAUCUGUUUAUCC,0.7777777777777777,1,"0.17,-0.93,-6.82,1,0,-169.76,0.3157894736842105,1,0.21052631578947367,0,0,0.05555555555555555,-2.11,0.1111111111111111,1,0,0.0,-1.1,0,0.05555555555555555,0,-2.11,0.05555555555555555,0",0.000,31.6,0.1700,-28.0700,-11.3700,-11.3700,0.0,,0,none,19,guide
GCUAUAAACAUGAGGAUGA,CUGGUGAAAAUAUUCCUGUUCAUCCUCAUGUUUAUAGCAAUGGUCAUAUCUGUUUAU,0.5876211782252051,1,"-1.52,-3.42,-14.88,0,1,-179.09999999999997,0.21052631578947367,0,0.2631578947368421,0,1,0.05555555555555555,-2.08,0.1111111111111111,0,0,0.0,-2.35,0,0.05555555555555555,0,-2.08,0.0,1",-0.200,36.8,-1.5200,-30.1900,-7.7000,-7.7000,0.0,,0,none,19,guide
UAUAAACAUGAGGAUGAAC,UACUGGUGAAAAUAUUCCUGUUCAUCCUCAUGUUUAUAGCAAUGGUCAUAUCUGUUU,0.7859806114839673,1,"1.36,-1.33,-7.69,1,0,-171.96,0.21052631578947367,0,0.21052631578947367,0,0,0.05555555555555555,-1.1,0.1111111111111111,0,0,0.0,-2.24,0,0.0,0,-2.35,0.0,0",-0.200,31.6,1.3600,-27.8100,-8.6400,-8.6400,0.0,,0,none,19,guide
UAAACAUGAGGAUGAACAG,UUUACUGGUGAAAAUAUUCCUGUUCAUCCUCAUGUUUAUAGCAAUGGUCAUAUCUGU,0.8396718866517523,1,"1.2,-1.33,-7.69,1,0,-175.80999999999997,0.15789473684210525,0,0.2631578947368421,0,0,0.05555555555555555,-0.93,0.05555555555555555,0,0,0.0,-2.08,0,0.0,0,-2.11,0.0,0",-0.200,36.8,1.2000,-29.4200,-9.4200,-9.4200,0.0,,0,none,19,guide
AACAUGAGGAUGAACAGGA,UGUUUACUGGUGAAAAUAUUCCUGUUCAUCCUCAUGUUUAUAGCAAUGGUCAUAUCU,0.8076062639821029,1,"0.97,-0.93,-6.82,0,0,-183.41,0.10526315789473684,0,0.3157894736842105,0,0,0.1111111111111111,-2.24,0.0,0,0,0.0,-2.35,0,0.0,0,-0.93,0.0,1",-0.200,42.1,1.4200,-32.2700,-11.9900,-11.9900,0.0,,0,none,19,guide
ACAUGAGGAUGAACAGGAA,AUGUUUACUGGUGAAAAUAUUCCUGUUCAUCCUCAUGUUUAUAGCAAUGGUCAUAUC,0.5443698732289336,1,"-0.86,-2.24,-11.4,0,0,-183.41,0.10526315789473684,0,0.3157894736842105,0,0,0.1111111111111111,-2.11,0.0,0,0,0.0,-0.93,0,0.0,0,-2.24,0.0,1",-0.200,42.1,-1.3100,-32.4200,-13.0100,-13.0100,0.0,,0,none,19,guide
AUGAGGAUGAACAGGAAUA,UCAUGUUUACUGGUGAAAAUAUUCCUGUUCAUCCUCAUGUUUAUAGCAAUGGUCAUA,0.7755406413124535,1,"0.23,-1.1,-9.38,0,0,-178.64,0.15789473684210525,0,0.3157894736842105,0,0,0.1111111111111111,-2.11,0.05555555555555555,1,0,0.0,-1.33,0,0.0,0,-2.08,0.0,1",0.000,36.8,0.2300,-30.6500,-13.2500,-13.2500,0.0,,0,none,19,guide
GGAUGAACAGGAAUAUUUU,CAGGUCAUGUUUACUGGUGAAAAUAUUCCUGUUCAUCCUCAUGUUUAUAGCAAUGGU,0.3989560029828486,0,"-2.33,-3.26,-13.39,0,1,-169.45999999999995,0.3157894736842105,0,0.2631578947368421,1,0,0.1111111111111111,-2.35,0.05555555555555555,0,0,0.0,-0.93,0,0.0,0,-1.1,0.16666666666666666,0",0.000,31.6,-2.7800,-27.2500,-11.0800,-11.0800,0.0,,0,none,19,guide
UGAACAGGAAUAUUUUCAC,CCUCAGGUCAUGUUUACUGGUGAAAAUAUUCCUGUUCAUCCUCAUGUUUAUAGCAAU,0.6114839671886652,1,"1.03,-2.11,-10.44,1,0,-168.52999999999997,0.3157894736842105,0,0.15789473684210525,0,0,0.05555555555555555,-2.35,0.05555555555555555,0,0,0.0,-2.24,0,0.0,0,-0.93,0.16666666666666666,0",-0.300,31.6,0.5800,-27.2900,-12.9700,-12.9700,0.0,,0,none,19,guide
AACAGGAAUAUUUUCACCA,CUCCUCAGGUCAUGUUUACUGGUGAAAAUAUUCCUGUUCAUCCUCAUGUUUAUAGCA,0.8583146905294556,1,"0.73,-0.93,-6.82,0,0,-165.76,0.2631578947368421,0,0.10526315789473684,0,0,0.05555555555555555,-2.24,0.05555555555555555,0,0,0.05555555555555555,-2.11,0,0.0,0,-0.93,0.16666666666666666,1",-0.300,31.6,1.1800,-27.5000,-12.9700,-12.9700,0.0,,0,none,19,guide
ACAGGAAUAUUUUCACCAG,UCUCCUCAGGUCAUGUUUACUGGUGAAAAUAUUCCUGUUCAUCCUCAUGUUUAUAGC,0.8038777032065624,1,"0.74,-2.24,-11.4,0,0,-173.13999999999996,0.2631578947368421,0,0.15789473684210525,0,0,0.05555555555555555,-2.11,0.05555555555555555,0,0,0.05555555555555555,-2.08,0,0.0,0,-2.35,0.16666666666666666,0",-0.300,36.8,0.2900,-29.3500,-11.8300,-11.8300,0.0,,0,none,19,guide
AGGAAUAUUUUCACCAGUA,ACUCUCCUCAGGUCAUGUUUACUGGUGAAAAUAUUCCUGUUCAUCCUCAUGUUUAUA,0.7039522744220731,1,"-0.3,-2.08,-10.48,0,0,-166.67,0.3157894736842105,0,0.15789473684210525,0,0,0.05555555555555555,-3.26,0.1111111111111111,0,0,0.05555555555555555,-1.33,0,0.0,0,-2.24,0.16666666666666666,1",-0.300,31.6,-0.7500,-28.0200,-10.0700,-10.0700,0.0,,0,none,19,guide
GAAUAUUUUCACCAGUAAA,UGACUCUCCUCAGGUCAUGUUUACUGGUGAAAAUAUUCCUGUUCAUCCUCAUGUUUA,0.6800894854586129,1,"-1.87,-2.35,-12.44,0,1,-160.16,0.3157894736842105,0,0.10526315789473684,0,0,0.0,-0.93,0.1111111111111111,0,0,0.05555555555555555,-0.93,0,0.0,0,-2.11,0.16666666666666666,1",-0.600,26.3,-1.8700,-25.0400,-6.3200,-6.3200,0.0,,0,none,19,guide
UUCACCAGUAAACAUGACC,AUCCUUUUGACUCUCCUCAGGUCAUGUUUACUGGUGAAAAUAUUCCUGUUCAUCCUC,0.7695749440715884,1,"2.33,-0.93,-6.82,1,0,-179.7,0.21052631578947367,1,0.10526315789473684,0,0,0.0,-2.35,0.05555555555555555,1,0,0.1111111111111111,-3.26,0,0.0,0,-2.11,0.05555555555555555,0",0.000,42.1,2.7800,-31.9800,-14.1500,-14.1500,0.0,,0,none,19,guide
GACCUGAGGAGAGUCAAAA,AAUUUAGUAGUCGAUAUCCUUUUGACUCUCCUCAGGUCAUGUUUACUGGUGAAAAUA,0.7084265473527218,1,"-1.87,-2.35,-12.44,0,1,-187.71,0.10526315789473684,0,0.3157894736842105,0,0,0.05555555555555555,-2.24,0.0,0,0,0.05555555555555555,-0.93,0,0.0,0,-2.24,0.0,1",-3.800,47.4,-1.8700,-33.9900,-14.1200,-14.1200,0.0,,0,none,19,guide
CUGAGGAGAGUCAAAAGGA,UUAAAUUUAGUAGUCGAUAUCCUUUUGACUCUCCUCAGGUCAUGUUUACUGGUGAAA,0.5846383296047726,1,"-0.63,-2.08,-10.48,0,0,-186.79,0.10526315789473684,0,0.3684210526315789,0,0,0.1111111111111111,-2.11,0.0,1,1,0.0,-2.35,0,0.0,0,-0.93,0.0,1",-0.700,47.4,-0.1800,-33.9800,-14.2300,-14.2300,0.0,,0,none,19,guide
GAGAGUCAAAAGGAUAUCG,UCUAUUUAAAUUUAGUAGUCGAUAUCCUUUUGACUCUCCUCAGGUCAUGUUUACUGG,0.639075316927666,1,"-0.44,-2.35,-12.44,0,1,-182.81,0.15789473684210525,0,0.3157894736842105,0,0,0.05555555555555555,-2.08,0.05555555555555555,0,0,0.0,-2.36,0,0.0,0,-2.35,0.0,0",-1.000,42.1,0.0100,-30.4900,-13.2100,-13.2100,0.0,,0,none,19,guide
AGAGUCAAAAGGAUAUCGA,UUCUAUUUAAAUUUAGUAGUCGAUAUCCUUUUGACUCUCCUCAGGUCAUGUUUACUG,0.5570469798657718,1,"0.27,-2.08,-10.48,0,0,-175.37,0.15789473684210525,0,0.2631578947368421,0,0,0.05555555555555555,-2.35,0.05555555555555555,0,0,0.0,-2.35,0,0.0,0,-1.1,0.0,1",-0.100,36.8,0.2700,-29.6400,-12.0600,-12.0600,0.0,,0,none,19,guide
AGUCAAAAGGAUAUCGACU,ACUUCUAUUUAAAUUUAGUAGUCGAUAUCCUUUUGACUCUCCUCAGGUCAUGUUUAC,0.6070096942580163,1,"0.0,-2.08,-10.48,0,0,-174.32999999999996,0.21052631578947367,0,0.21052631578947367,0,0,0.05555555555555555,-2.24,0.05555555555555555,0,0,0.0,-2.08,0,0.0,0,-1.1,0.0,0",-1.100,36.8,0.0000,-29.3800,-9.4900,-9.4900,0.0,,0,none,19,guide
CAAAAGGAUAUCGACUACU,UCAACUUCUAUUUAAAUUUAGUAGUCGAUAUCCUUUUGACUCUCCUCAGGUCAUGUU,0.9209545115585384,1,"-0.93,-2.11,-10.44,0,0,-173.29999999999995,0.21052631578947367,0,0.15789473684210525,0,0,0.05555555555555555,-0.93,0.1111111111111111,0,1,0.0,-2.08,0,0.0,0,-2.35,0.0,0",0.000,36.8,-0.4800,-29.0600,-10.4800,-10.4800,0.0,,0,none,19,guide
UAUCGACUACUAAAUUUAA,GAAAAAUUUCAACUUCUAUUUAAAUUUAGUAGUCGAUAUCCUUUUGACUCUCCUCAG,0.5958240119313946,1,"-0.4,-1.33,-7.69,1,0,-151.84999999999997,0.3684210526315789,0,0.05263157894736842,0,0,0.0,-1.1,0.2222222222222222,0,0,0.0,-0.93,0,0.0,0,-0.93,0.1111111111111111,1",0.000,21.1,-0.4000,-23.0800,-12.4800,-12.4800,0.0,,0,none,19,guide
AUCGACUACUAAAUUUAAA,GGAAAAAUUUCAACUUCUAUUUAAAUUUAGUAGUCGAUAUCCUUUUGACUCUCCUCA,0.6562266964951529,1,"-0.17,-1.1,-9.38,0,0,-150.97999999999996,0.3157894736842105,0,0.05263157894736842,0,0,0.0,-2.35,0.16666666666666666,1,0,0.0,-0.93,0,0.0,0,-1.1,0.1111111111111111,1",0.000,21.1,-0.1700,-22.9800,-12.7100,-12.7100,0.0,,0,none,19,guide
GACUACUAAAUUUAAAUAG,AGGGGAAAAAUUUCAACUUCUAUUUAAAUUUAGUAGUCGAUAUCCUUUUGACUCUCC,0.622669649515287,1,"-0.27,-2.35,-12.44,0,1,-153.5099999999999,0.3157894736842105,0,0.10526315789473684,0,0,0.0,-2.24,0.2222222222222222,0,0,0.0,-2.08,0,0.0,0,-1.33,0.1111111111111111,0",0.000,21.1,-0.2700,-22.5800,-11.3000,-11.3000,0.0,,0,none,19,guide
CUAAAUUUAAAUAGAAGUU,UAUGAAGGGGAAAAAUUUCAACUUCUAUUUAAAUUUAGUAGUCGAUAUCCUUUUGAC,0.7166293810589113,1,"-1.6,-2.08,-10.48,0,0,-144.33999999999997,0.3684210526315789,0,0.10526315789473684,0,0,0.0,-1.33,0.16666666666666666,1,1,0.0,-0.93,0,0.0,0,-2.08,0.16666666666666666,0",0.000,15.8,-1.6000,-20.1700,-6.1500,-6.1500,0.0,,0,none,19,guide
UUAAAUAGAAGUUGAAAUU,ACCUUAUAUGAAGGGGAAAAAUUUCAACUUCUAUUUAAAUUUAGUAGUCGAUAUCCU,0.727069351230425,1,"0.0,-0.93,-6.82,1,0,-145.32999999999996,0.3684210526315789,1,0.15789473684210525,0,0,0.0,-1.33,0.1111111111111111,1,0,0.0,-0.93,0,0.0,0,-2.11,0.16666666666666666,0",0.000,15.8,0.0000,-21.0200,-7.7000,-7.7000,0.0,,0,none,19,guide
UUCCCCUUCAUAUAAGGUA,ACAUGGAAGGUGCACCAGGUACCUUAUAUGAAGGGGAAAAAUUUCAACUUCUAUUUA,0.8284862043251305,1,"0.4,-0.93,-6.82,1,0,-172.48,0.3684210526315789,1,0.10526315789473684,0,0,0.05555555555555555,-2.35,0.16666666666666666,1,0,0.16666666666666666,-1.33,0,0.0,0,-1.33,0.1111111111111111,1",-1.600,36.8,0.4000,-30.7400,-15.1400,-15.1400,0.0,,0,none,19,guide
AUAUAAGGUACCUGGUGCA,GGAUUGUAGACAUGGAAGGUGCACCAGGUACCUUAUAUGAAGGGGAAAAAUUUCAAC,0.5816554809843401,1,"0.56,-1.1,-9.38,0,0,-179.13000000000005,0.2631578947368421,0,0.2631578947368421,0,0,0.1111111111111111,-1.33,0.16666666666666666,1,0,0.05555555555555555,-2.11,0,0.05555555555555555,0,-2.11,0.0,1",-1.700,42.1,1.0100,-33.0400,-10.0300,-10.0300,0.0,,0,none,19,guide
UAAGGUACCUGGUGCACCU,AGUGGAUUGUAGACAUGGAAGGUGCACCAGGUACCUUAUAUGAAGGGGAAAAAUUUC,0.6950037285607756,1,"0.3,-1.33,-7.69,1,0,-187.95,0.2631578947368421,0,0.2631578947368421,0,0,0.1111111111111111,-0.93,0.1111111111111111,0,0,0.1111111111111111,-2.08,0,0.05555555555555555,0,-2.11,0.0,0",-1.700,52.6,0.7500,-36.9400,-12.0800,-12.0800,0.0,,0,none,19,guide
UACCUGGUGCACCUUCCAU,UACACAGUGGAUUGUAGACAUGGAAGGUGCACCAGGUACCUUAUAUGAAGGGGAAAA,0.6420581655480985,1,"-0.23,-1.33,-7.69,1,0,-190.64,0.3157894736842105,0,0.15789473684210525,0,0,0.05555555555555555,-2.24,0.05555555555555555,0,0,0.16666666666666666,-1.1,0,0.05555555555555555,0,-2.08,0.05555555555555555,0",-1.800,52.6,-0.2300,-36.7000,-15.1900,-15.1900,0.0,,0,none,19,guide
CUGGUGCACCUUCCAUGUC,AAUUACACAGUGGAUUGUAGACAUGGAAGGUGCACCAGGUACCUUAUAUGAAGGGGA,0.7076808351976137,1,"0.27,-2.08,-10.48,0,0,-199.88,0.3157894736842105,0,0.21052631578947367,0,0,0.05555555555555555,-2.11,0.0,1,1,0.1111111111111111,-2.35,0,0.05555555555555555,0,-3.26,0.05555555555555555,0",-1.800,57.9,0.2700,-37.9700,-15.2500,-15.2500,0.0,,0,none,19,guide
GGUGCACCUUCCAUGUCUA,UCAAUUACACAGUGGAUUGUAGACAUGGAAGGUGCACCAGGUACCUUAUAUGAAGGG,0.2900820283370619,0,"-1.93,-3.26,-13.39,0,1,-193.41,0.3157894736842105,0,0.21052631578947367,1,0,0.05555555555555555,-2.24,0.05555555555555555,0,0,0.1111111111111111,-1.33,0,0.05555555555555555,0,-1.1,0.05555555555555555,1",-1.100,52.6,-2.3800,-36.6400,-15.3800,-15.3800,0.0,,0,none,19,guide
CAUGUCUACAAUCCACUGU,GUGUUCAAAAUUCAAUUACACAGUGGAUUGUAGACAUGGAAGGUGCACCAGGUACCU,0.8232662192393737,1,"-0.77,-2.11,-10.44,0,0,-182.97,0.3157894736842105,0,0.10526315789473684,0,0,0.0,-1.1,0.05555555555555555,0,1,0.05555555555555555,-2.24,0,0.0,0,-3.26,0.0,0",0.000,42.1,-0.3200,-32.0000,-11.2100,-11.2100,0.0,,0,none,19,guide
AUGUCUACAAUCCACUGUG,AGUGUUCAAAAUUCAAUUACACAGUGGAUUGUAGACAUGGAAGGUGCACCAGGUACC,0.8590604026845637,1,"1.46,-1.1,-9.38,0,0,-182.97,0.3157894736842105,0,0.15789473684210525,0,0,0.0,-2.11,0.05555555555555555,1,0,0.05555555555555555,-2.11,0,0.0,0,-2.11,0.0,0",0.000,42.1,1.4600,-32.1500,-12.3500,-12.3500,0.0,,0,none,19,guide
UGUCUACAAUCCACUGUGU,GAGUGUUCAAAAUUCAAUUACACAGUGGAUUGUAGACAUGGAAGGUGCACCAGGUAC,0.7404921700223713,1,"0.13,-2.11,-10.44,1,0,-181.27,0.3684210526315789,0,0.15789473684210525,0,0,0.0,-2.24,0.05555555555555555,0,0,0.05555555555555555,-2.24,0,0.0,0,-2.24,0.0,0",-0.700,42.1,0.1300,-32.4400,-12.3500,-12.3500,0.0,,0,none,19,guide
UCUACAAUCCACUGUGUAA,AAGAGUGUUCAAAAUUCAAUUACACAGUGGAUUGUAGACAUGGAAGGUGCACCAGGU,0.6905294556301268,1,"-0.97,-2.35,-12.44,1,0,-173.94,0.3157894736842105,0,0.10526315789473684,0,0,0.0,-2.08,0.1111111111111111,0,0,0.05555555555555555,-0.93,0,0.0,0,-2.11,0.0,1",-0.900,36.8,-1.4200,-30.5000,-9.7900,-9.7900,0.0,,0,none,19,guide
UACAAUCCACUGUGUAAUU,AGAAGAGUGUUCAAAAUUCAAUUACACAGUGGAUUGUAGACAUGGAAGGUGCACCAG,0.8337061894108875,1,"-0.4,-1.33,-7.69,1,0,-167.22,0.3684210526315789,0,0.10526315789473684,0,0,0.0,-2.24,0.1111111111111111,0,0,0.05555555555555555,-0.93,0,0.0,0,-2.11,0.05555555555555555,0",-0.700,31.6,-0.4000,-28.1000,-11.9900,-11.9900,0.0,,0,none,19,guide
CACUGUGUAAUUGAAUUUU,UUAAAUGAGAAGAGUGUUCAAAAUUCAAUUACACAGUGGAUUGUAGACAUGGAAGGU,0.5727069351230425,1,"-1.63,-2.11,-10.44,0,0,-158.91999999999996,0.4736842105263158,0,0.15789473684210525,0,0,0.0,-2.24,0.05555555555555555,0,1,0.0,-0.93,0,0.0,0,-2.35,0.2222222222222222,0",0.000,26.3,-1.6300,-24.6100,-13.0200,-13.0200,0.0,,0,none,19,guide
GUGUAAUUGAAUUUUGAAC,GACCUUAAAUGAGAAGAGUGUUCAAAAUUCAAUUACACAGUGGAUUGUAGACAUGGA,0.5488441461595824,1,"0.0,-2.24,-11.4,0,1,-160.97999999999996,0.42105263157894735,0,0.21052631578947367,0,0,0.0,-2.11,0.05555555555555555,1,0,0.0,-2.24,0,0.0,0,-0.93,0.2222222222222222,0",0.000,26.3,0.0000,-24.2000,-8.6400,-8.6400,0.0,,0,none,19,guide
AUUGAAUUUUGAACACUCU,GGAAUGACCUUAAAUGAGAAGAGUGUUCAAAAUUCAAUUACACAGUGGAUUGUAGAC,0.8135719612229679,1,"0.53,-1.1,-9.38,0,0,-161.02999999999997,0.42105263157894735,0,0.10526315789473684,0,0,0.0,-0.93,0.0,1,0,0.0,-2.08,0,0.0,0,-2.24,0.2222222222222222,0",0.000,26.3,0.9800,-25.1600,-8.3500,-8.3500,0.0,,0,none,19,guide
UUGAAUUUUGAACACUCUU,UGGAAUGACCUUAAAUGAGAAGAGUGUUCAAAAUUCAAUUACACAGUGGAUUGUAGA,0.8463832960477256,1,"0.0,-0.93,-6.82,1,0,-158.46999999999997,0.4736842105263158,1,0.10526315789473684,0,0,0.0,-2.11,0.0,1,0,0.0,-0.93,0,0.0,0,-2.11,0.2777777777777778,0",0.000,26.3,0.0000,-24.9900,-8.3500,-8.3500,0.0,,0,none,19,guide
AAUUUUGAACACUCUUCUC,UCCUGGAAUGACCUUAAAUGAGAAGAGUGUUCAAAAUUCAAUUACACAGUGGAUUGU,0.8620432513049963,1,"1.87,-0.93,-6.82,0,0,-167.85,0.42105263157894735,0,0.05263157894736842,0,0,0.0,-1.1,0.0,0,0,0.0,-2.35,0,0.0,0,-2.35,0.2222222222222222,0",0.000,31.6,1.8700,-26.7300,-8.3500,-8.3500,0.0,,0,none,19,guide
CUCUUCUCAUUUAAGGUCA,XXUGACCCACCUCCUGGAAUGACCUUAAAUGAGAAGAGUGUUCAAAAUUCAAUUACA,0.5592841163310962,1,"-0.87,-2.08,-10.48,0,0,-174.36999999999995,0.42105263157894735,0,0.10526315789473684,0,0,0.05555555555555555,-2.35,0.05555555555555555,1,1,0.0,-2.11,0,0.0,0,-0.93,0.16666666666666666,1",0.000,36.8,-0.4200,-29.4500,-12.1400,-12.1400,0.0,,0,none,19,guide
UCUUCUCAUUUAAGGUCAU,XXXUGACCCACCUCCUGGAAUGACCUUAAAUGAGAAGAGUGUUCAAAAUUCAAUUAC,0.5137956748695003,0,"-0.8,-2.35,-12.44,1,0,-169.54999999999995,0.4736842105263158,0,0.10526315789473684,0,0,0.05555555555555555,-2.08,0.05555555555555555,0,0,0.0,-1.1,0,0.0,0,-2.08,0.16666666666666666,0",0.000,31.6,-1.2500,-28.1200,-11.9000,-11.9000,0.0,,0,none,19,guide
CUCAUUUAAGGUCAUUCCA,XXXXXXXUGACCCACCUCCUGGAAUGACCUUAAAUGAGAAGAGUGUUCAAAAUUCAA,0.7188665175242356,1,"-0.87,-2.08,-10.48,0,0,-174.18,0.3684210526315789,0,0.10526315789473684,0,0,0.05555555555555555,-2.35,0.05555555555555555,1,1,0.05555555555555555,-2.11,0,0.0,0,-2.11,0.16666666666666666,1",-0.700,36.8,-0.4200,-29.4600,-8.7500,-8.7500,0.0,,0,none,19,guide
UUUAAGGUCAUUCCAGGAG,XXXXXXXXXXXUGACCCACCUCCUGGAAUGACCUUAAAUGAGAAGAGUGUUCAAAAU,0.7479492915734526,1,"1.6,-0.93,-6.82,1,0,-178.23,0.3157894736842105,1,0.2631578947368421,0,0,0.1111111111111111,-0.93,0.05555555555555555,1,0,0.05555555555555555,-2.08,0,0.0,0,-3.26,0.16666666666666666,0",-0.700,42.1,1.6000,-31.3900,-10.7700,-10.7700,0.0,,0,none,19,guide
UUAAGGUCAUUCCAGGAGG,XXXXXXXXXXXXUGACCCACCUCCUGGAAUGACCUUAAAUGAGAAGAGUGUUCAAAA,0.7404921700223713,1,"2.33,-0.93,-6.82,1,0,-184.8,0.2631578947368421,1,0.3157894736842105,0,0,0.16666666666666666,-1.33,0.05555555555555555,1,0,0.05555555555555555,-3.26,0,0.0,0,-2.11,0.1111111111111111,0",-0.700,47.4,2.7800,-34.0700,-12.1900,-12.1900,0.0,,0,none,19,guide
AAUAUGUAUUCGUUUGCCA,AUAUUCCGACGAAUAUAUCUGGCAAACGAAUACAUAUUUXXXXXXXXXXXXXXXXXX,0.8202833706189412,1,"0.73,-0.93,-6.82,0,0,-165.21999999999997,0.42105263157894735,0,0.15789473684210525,0,0,0.0,-1.1,0.1111111111111111,0,0,0.05555555555555555,-2.11,0,0.05555555555555555,0,-0.93,0.16666666666666666,1",-0.100,31.6,1.1800,-27.0900,-9.2100,-9.2100,0.0,,0,none,19,guide
UGUAUUCGUUUGCCAGAUA,UCUUAUAUUCCGACGAAUAUAUCUGGCAAACGAAUACAUAUUUXXXXXXXXXXXXXX,0.6830723340790456,1,"-0.33,-2.11,-10.44,1,0,-171.93999999999997,0.42105263157894735,0,0.21052631578947367,0,0,0.0,-2.24,0.1111111111111111,0,0,0.05555555555555555,-1.33,0,0.05555555555555555,0,-3.26,0.16666666666666666,1",-0.100,36.8,-0.7800,-29.6400,-10.3100,-10.3100,0.0,,0,none,19,guide
AUUCGUUUGCCAGAUAUAU,AGCUCUUAUAUUCCGACGAAUAUAUCUGGCAAACGAAUACAUAUUUXXXXXXXXXXX,0.715137956748695,1,"0.0,-1.1,-9.38,0,0,-168.86,0.42105263157894735,0,0.15789473684210525,0,0,0.0,-0.93,0.1111111111111111,1,0,0.05555555555555555,-1.1,0,0.05555555555555555,0,-2.35,0.16666666666666666,0",0.000,31.6,0.0000,-27.6400,-9.7400,-9.7400,0.0,,0,none,19,guide
AUUCGUCGGAAUAUAAGAG,CUGACUUUGGCAUUGGCAGCUCUUAUAUUCCGACGAAUAUAUCUGGCAAACGAAUAC,0.7367636092468307,1,"1.43,-1.1,-9.38,0,0,-173.43999999999997,0.2631578947368421,0,0.2631578947368421,0,0,0.05555555555555555,-0.93,0.1111111111111111,1,0,0.0,-2.08,0,0.0,0,-1.1,0.05555555555555555,0",-1.400,36.8,1.4300,-28.5900,-12.5900,-12.5900,0.0,,0,none,19,guide
CUGCCAAUGCCAAAGUCAG,AGCUGUACUGAUUGUCAUCCUGACUUUGGCAUUGGCAGCUCUUAUAUUCCGACGAAU,0.56972408650261,1,"0.0,-2.08,-10.48,0,0,-190.25,0.15789473684210525,0,0.21052631578947367,0,0,0.0,-2.11,0.0,1,1,0.1111111111111111,-2.08,0,0.1111111111111111,0,-0.93,0.0,0",0.000,52.6,0.0000,-34.8400,-12.9300,-12.9300,0.0,,0,none,19,guide
GGAUGACAAUCAGUACAGC,CACUGAUCAUGGUGGGUCAGCUGUACUGAUUGUCAUCCUGACUUUGGCAUUGGCAGC,0.465324384787472,0,"0.16,-3.26,-13.39,0,1,-192.17,0.15789473684210525,0,0.2631578947368421,1,0,0.05555555555555555,-2.35,0.05555555555555555,0,0,0.0,-3.42,0,0.05555555555555555,0,-2.24,0.0,0",-0.800,47.4,0.1600,-33.9200,-12.2600,-12.2600,0.0,,0,none,19,guide
CAGUACAGCUGACCCACCA,GAGACAACCACACUGAUCAUGGUGGGUCAGCUGUACUGAUUGUCAUCCUGACUUUGG,0.6219239373601789,1,"-0.9,-2.11,-10.44,0,0,-197.09000000000003,0.10526315789473684,0,0.15789473684210525,0,0,0.0,-2.08,0.05555555555555555,0,1,0.16666666666666666,-2.11,0,0.05555555555555555,0,-3.26,0.0,1",-1.900,57.9,-0.4500,-38.6900,-12.0800,-12.0800,0.0,,0,none,19,guide
GGUUGUCUCUUGGCUGGUG,ACCAGAUGUAAUCCAGGGCCACCAGCCAAGAGACAACCACACUGAUCAUGGUGGGUC,0.4161073825503356,0,"-0.7,-3.26,-13.39,0,1,-197.36,0.42105263157894735,0,0.42105263157894735,1,0,0.16666666666666666,-2.24,0.0,0,0,0.0,-2.11,0,0.05555555555555555,0,-3.42,0.1111111111111111,0",-1.700,57.9,-1.1500,-37.5700,-11.9500,-11.9500,0.0,,0,none,19,guide
UUGGCUGGUGGCCCUGGAU,GUCUACUUCACCAGAUGUAAUCCAGGGCCACCAGCCAAGAGACAACCACACUGAUCA,0.5667412378821775,1,"0.17,-0.93,-6.82,1,0,-201.81,0.3157894736842105,1,0.42105263157894735,0,0,0.2222222222222222,-2.11,0.0,1,0,0.1111111111111111,-1.1,0,0.1111111111111111,0,-3.26,0.05555555555555555,0",-3.700,63.2,0.1700,-41.1300,-16.2400,-16.2400,0.0,,0,none,19,guide
ACAUCUGGUGAAGUAGACA,CAGCAGAGUCAGAGAAGGUUGUCUACUUCACCAGAUGUAAUCCAGGGCCACCAGCCA,0.5451155853840417,1,"-0.13,-2.24,-11.4,0,0,-182.35,0.21052631578947367,0,0.2631578947368421,0,0,0.05555555555555555,-2.11,0.05555555555555555,0,0,0.0,-2.11,0,0.0,0,-2.24,0.0,1",-1.300,42.1,-0.1300,-32.6700,-13.0100,-13.0100,0.0,,0,none,19,guide
GAAGUAGACAACCUUCUCU,CGGGCCCAGCAGCAGAGUCAGAGAAGGUUGUCUACUUCACCAGAUGUAAUCCAGGGC,0.5876211782252051,1,"-1.17,-2.35,-12.44,0,1,-181.01,0.2631578947368421,0,0.15789473684210525,0,0,0.0,-0.93,0.05555555555555555,0,0,0.05555555555555555,-2.08,0,0.0,0,-2.08,0.05555555555555555,0",-2.100,42.1,-0.7200,-31.9200,-11.0100,-11.0100,0.0,,0,none,19,guide
ACUCUGCUGCUGGGCCCGG,CCAUGAGCCCUCGACAGCGCCGGGCCCAGCAGCAGAGUCAGAGAAGGUUGUCUACUU,0.3534675615212528,0,"1.47,-2.24,-11.4,0,0,-211.97999999999993,0.21052631578947367,0,0.3684210526315789,0,0,0.16666666666666666,-2.08,0.0,0,0,0.1111111111111111,-3.26,0,0.16666666666666666,0,-3.26,0.0,0",-1.800,73.7,1.4700,-44.0700,-14.1200,-14.1200,0.0,,0,none,19,guide
CUGCUGCUGGGCCCGGCGC,CCUCCAUGAGCCCUCGACAGCGCCGGGCCCAGCAGCAGAGUCAGAGAAGGUUGUCUA,0.2632363907531693,0,"0.89,-2.08,-10.48,0,0,-221.77999999999992,0.15789473684210525,0,0.42105263157894735,0,0,0.16666666666666666,-2.11,0.0,1,1,0.1111111111111111,-3.42,0,0.2777777777777778,0,-3.26,0.0,0",-4.800,84.2,1.3400,-47.3000,-15.2200,-15.2200,0.0,,0,none,19,guide
UUCUUAGCUACAGGUUGGG,GCAUCCUUUCAUCAACCUACCCAACCUGUAGCUAAGAAUACCUCCAUGAGCCCUCGA,0.5853840417598807,1,"2.33,-0.93,-6.82,1,0,-181.6,0.3684210526315789,1,0.3157894736842105,0,0,0.16666666666666666,-2.35,0.1111111111111111,1,0,0.0,-3.26,0,0.05555555555555555,0,-3.26,0.16666666666666666,0",-3.000,47.4,2.7800,-33.9300,-12.1900,-12.1900,0.0,,0,none,19,guide
AGGUUGGGUAGGUUGAUGA,AUUCCUCAGCAGCAUCCUUUCAUCAACCUACCCAACCUGUAGCUAAGAAUACCUCCA,0.3571961222967934,0,"0.27,-2.08,-10.48,0,0,-184.58,0.3157894736842105,0,0.4736842105263158,0,0,0.2222222222222222,-3.26,0.05555555555555555,0,0,0.0,-2.35,0,0.0,0,-0.93,0.1111111111111111,1",0.000,47.4,0.2700,-34.6000,-15.0600,-15.0600,0.0,,0,none,19,guide
UGGGUAGGUUGAUGAAAGG,CAGAAUUCCUCAGCAGCAUCCUUUCAUCAACCUACCCAACCUGUAGCUAAGAAUACC,0.4190902311707681,0,"1.6,-2.11,-10.44,1,0,-183.72,0.2631578947368421,0,0.4736842105263158,0,0,0.2222222222222222,-3.26,0.05555555555555555,0,0,0.0,-3.26,0,0.0,0,-2.11,0.05555555555555555,0",0.000,47.4,1.6000,-33.7900,-15.4300,-15.4300,0.0,,0,none,19,guide
UGGCCGUAGCACCCUGGAA,AGAUGAUAUACCUACAACAUUCCAGGGUGCUACGGCCAGUACAUCGUACGGACUCCA,0.5600298284862043,1,"-0.73,-2.11,-10.44,1,0,-198.33,0.15789473684210525,0,0.3157894736842105,0,0,0.1111111111111111,-3.26,0.05555555555555555,0,0,0.16666666666666666,-0.93,0,0.1111111111111111,0,-3.26,0.0,1",-0.800,63.2,-1.1800,-40.5900,-15.8700,-15.8700,0.0,,0,none,19,guide
GGUAUAUCAUCUUGUAAAU,CACUCUUUUUCACUAACUGAUUUACAAGAUGAUAUACCUACAACAUUCCAGGGUGCU,0.354958985831469,0,"-2.16,-3.26,-13.39,0,1,-166.14999999999995,0.42105263157894735,0,0.15789473684210525,1,0,0.05555555555555555,-2.24,0.16666666666666666,0,0,0.0,-1.1,0,0.0,0,-2.11,0.05555555555555555,0",0.000,26.3,-2.6100,-25.7800,-9.4500,-9.4500,0.0,,0,none,19,guide
UUGUAAAUCAGUUAGUGAA,CAGACUUAAACCACUCUUUUUCACUAACUGAUUUACAAGAUGAUAUACCUACAACAU,0.5033557046979866,0,"0.0,-0.93,-6.82,1,0,-159.17,0.3684210526315789,1,0.21052631578947367,0,0,0.0,-2.11,0.1111111111111111,1,0,0.0,-0.93,0,0.0,0,-1.33,0.1111111111111111,1",-0.200,26.3,0.0000,-25.6800,-8.6400,-8.6400,0.0,,0,none,19,guide
AGUGGUUUAAGUCUGACUC,AUCUGGAAAGACUAUCUCUGAGUCAGACUUAAACCACUCUUUUUCACUAACUGAUUU,0.6614466815809098,1,"1.17,-2.08,-10.48,0,0,-179.93,0.3684210526315789,0,0.2631578947368421,0,0,0.05555555555555555,-2.24,0.05555555555555555,0,0,0.0,-2.35,0,0.0,0,-2.08,0.1111111111111111,0",-0.500,42.1,0.7200,-31.6400,-11.7100,-11.7100,0.0,,0,none,19,guide
UUCCAGAUGAAUUGACUUC,GCAAAUAAGCUUUAAGGCAGAAGUCAAUUCAUCUGGAAAGACUAUCUCUGAGUCAGA,0.5615212527964206,1,"1.87,-0.93,-6.82,1,0,-177.97999999999996,0.3684210526315789,1,0.15789473684210525,0,0,0.0,-2.35,0.0,1,0,0.05555555555555555,-2.35,0,0.0,0,-2.11,0.16666666666666666,0",0.000,36.8,1.8700,-29.7200,-13.2500,-13.2500,0.0,,0,none,19,guide
UCCAGAUGAAUUGACUUCU,GGCAAAUAAGCUUUAAGGCAGAAGUCAAUUCAUCUGGAAAGACUAUCUCUGAGUCAG,0.5935868754660701,1,"-0.27,-2.35,-12.44,1,0,-177.91999999999996,0.3684210526315789,0,0.15789473684210525,0,0,0.0,-3.26,0.0,0,0,0.05555555555555555,-2.08,0,0.0,0,-2.35,0.1111111111111111,0",0.000,36.8,-0.2700,-30.1700,-13.0100,-13.0100,0.0,,0,none,19,guide
CCAGAUGAAUUGACUUCUG,AGGCAAAUAAGCUUUAAGGCAGAAGUCAAUUCAUCUGGAAAGACUAUCUCUGAGUCA,0.4511558538404175,0,"-0.7,-3.26,-13.39,0,0,-183.36,0.3157894736842105,0,0.21052631578947367,0,0,0.0,-2.11,0.0,0,1,0.05555555555555555,-2.11,1,0.0,0,-2.24,0.1111111111111111,0",-1.800,42.1,-1.1500,-31.1800,-12.1000,-12.1000,0.0,,0,none,19,guide
CAGAUGAAUUGACUUCUGC,UAGGCAAAUAAGCUUUAAGGCAGAAGUCAAUUCAUCUGGAAAGACUAUCUCUGAGUC,0.4056674123788218,0,"0.86,-2.11,-10.44,0,0,-184.85,0.3157894736842105,0,0.21052631578947367,0,0,0.0,-2.08,0.0,0,1,0.0,-3.42,0,0.05555555555555555,0,-2.08,0.1111111111111111,0",-1.900,42.1,1.3100,-31.3400,-10.9200,-10.9200,0.0,,0,none,19,guide
CUGCCUUAAAGCUUAUUUG,AGCCAAAGAACUGGCUAGGCAAAUAAGCUUUAAGGCAGAAGUCAAUUCAUCUGGAAA,0.4175988068605519,0,"0.03,-2.08,-10.48,0,0,-168.01999999999995,0.42105263157894735,0,0.15789473684210525,0,0,0.0,-2.11,0.1111111111111111,1,1,0.05555555555555555,-2.11,0,0.1111111111111111,0,-0.93,0.2222222222222222,0",-0.200,36.8,0.0300,-28.5900,-13.1300,-13.1300,0.0,,0,none,19,guide
GUUCUUUGGCUUCUUGGUC,AAGCGAUUCAAGCCAAGCUGACCAAGAAGCCAAAGAACUGGCUAGGCAAAUAAGCUU,0.4228187919463086,0,"0.11,-2.24,-11.4,0,1,-184.59,0.5263157894736842,0,0.2631578947368421,0,0,0.1111111111111111,-0.93,0.0,1,0,0.0,-2.35,0,0.05555555555555555,0,-2.08,0.2777777777777778,0",-1.400,47.4,0.1100,-32.7900,-9.3300,-9.3300,0.0,,0,none,19,guide
UCUUUGGCUUCUUGGUCAG,GGAAGCGAUUCAAGCCAAGCUGACCAAGAAGCCAAAGAACUGGCUAGGCAAAUAAGC,0.5451155853840417,1,"0.63,-2.35,-12.44,1,0,-183.57,0.4736842105263158,0,0.2631578947368421,0,0,0.1111111111111111,-2.08,0.0,0,0,0.0,-2.08,0,0.05555555555555555,0,-2.11,0.2222222222222222,0",-4.000,47.4,0.1800,-33.6600,-12.7300,-12.7300,0.0,,0,none,19,guide
GCUUCCAGAUUUUAAAGGC,CCAUGAAGGAUGUCCUGUUGCCUUUAAAAUCUGGAAGCGAUUCAAGCCAAGCUGACC,0.3758389261744966,0,"0.0,-3.42,-14.88,0,1,-177.67999999999995,0.3157894736842105,0,0.21052631578947367,0,1,0.05555555555555555,-2.08,0.05555555555555555,0,0,0.05555555555555555,-3.42,0,0.1111111111111111,0,-1.33,0.2222222222222222,0",0.000,42.1,0.0000,-30.8300,-12.8100,-12.8100,0.0,,0,none,19,guide
UUCCAGAUUUUAAAGGCAA,UGCCAUGAAGGAUGUCCUGUUGCCUUUAAAAUCUGGAAGCGAUUCAAGCCAAGCUGA,0.5257270693512304,1,"0.0,-0.93,-6.82,1,0,-162.13999999999996,0.3157894736842105,1,0.15789473684210525,0,0,0.05555555555555555,-2.35,0.05555555555555555,1,0,0.05555555555555555,-0.93,0,0.05555555555555555,0,-0.93,0.2222222222222222,1",0.000,31.6,0.0000,-27.4700,-13.2500,-13.2500,0.0,,0,none,19,guide
UCCAGAUUUUAAAGGCAAC,CUGCCAUGAAGGAUGUCCUGUUGCCUUUAAAAUCUGGAAGCGAUUCAAGCCAAGCUG,0.4116331096196868,0,"0.79,-2.35,-12.44,1,0,-170.43999999999997,0.2631578947368421,0,0.15789473684210525,0,0,0.05555555555555555,-3.26,0.05555555555555555,0,0,0.05555555555555555,-2.24,0,0.05555555555555555,0,-2.08,0.16666666666666666,0",0.000,36.8,0.3400,-29.1300,-11.8300,-11.8300,0.0,,0,none,19,guide
GCAAGUGCUCUUCUUUCCU,UCUCUAGAUUACACUCCUGAGGAAAGAAGAGCACUUGCCAAAAAAUCACAAGAUUUC,0.5272184936614467,1,"-1.79,-3.42,-14.88,0,1,-185.1,0.42105263157894735,0,0.15789473684210525,0,1,0.0,-2.11,0.0,0,0,0.05555555555555555,-2.08,0,0.1111111111111111,0,-2.08,0.16666666666666666,0",-0.500,47.4,-1.7900,-33.5900,-12.8900,-12.8900,0.0,,0,none,19,guide
AACCUAUGGCUCCCUCUCC,UGGGUUUAUGCCAACAAAAGGAGAGGGAGCCAUAGGUUCUCUAGAUUACACUCCUGA,0.4548844146159582,0,"2.33,-0.93,-6.82,0,0,-199.47,0.2631578947368421,0,0.10526315789473684,0,0,0.05555555555555555,-2.24,0.05555555555555555,0,0,0.2222222222222222,-3.26,0,0.05555555555555555,0,-3.26,0.0,0",0.000,57.9,2.7800,-38.7100,-12.1200,-12.1200,0.0,,0,none,19,guide
UGGCUCCCUCUCCUUUUGU,CAUCAUUGGGUUUAUGCCAACAAAAGGAGAGGGAGCCAUAGGUUCUCUAGAUUACAC,0.3109619686800894,0,"0.13,-2.11,-10.44,1,0,-189.37,0.4736842105263158,0,0.15789473684210525,0,0,0.05555555555555555,-3.26,0.0,0,0,0.16666666666666666,-2.24,0,0.05555555555555555,0,-2.08,0.16666666666666666,0",0.000,52.6,0.1300,-36.4400,-17.6300,-17.6300,0.0,,0,none,19,guide
CCCUCUCCUUUUGUUGGCA,UUAGCCAUCAUUGGGUUUAUGCCAACAAAAGGAGAGGGAGCCAUAGGUUCUCUAGAU,0.2140193885160328,0,"-1.6,-3.26,-13.39,0,0,-187.43,0.42105263157894735,0,0.15789473684210525,0,0,0.05555555555555555,-3.26,0.0,0,1,0.16666666666666666,-2.11,1,0.05555555555555555,0,-2.24,0.2222222222222222,1",0.000,52.6,-1.6000,-35.7500,-15.3800,-15.3800,0.0,,0,none,19,guide
UGAUGGCUAAUAAUGCUGU,GCCUUCGUGGAGUAUAAGGACAGCAUUAUUAGCCAUCAUUGGGUUUAUGCCAACAAA,0.4079045488441462,0,"0.13,-2.11,-10.44,1,0,-175.81999999999996,0.3684210526315789,0,0.2631578947368421,0,0,0.05555555555555555,-2.35,0.1111111111111111,0,0,0.0,-2.24,0,0.1111111111111111,0,-1.1,0.0,0",-2.600,36.8,0.1300,-30.4700,-14.3200,-14.3200,0.0,,0,none,19,guide
UGGCUAAUAAUGCUGUCCU,GCAGCCUUCGUGGAGUAUAAGGACAGCAUUAUUAGCCAUCAUUGGGUUUAUGCCAAC,0.55779269202088,1,"-0.03,-2.11,-10.44,1,0,-179.86999999999995,0.3684210526315789,0,0.21052631578947367,0,0,0.05555555555555555,-3.26,0.1111111111111111,0,0,0.05555555555555555,-2.08,0,0.1111111111111111,0,-2.08,0.0,0",-1.900,42.1,-0.0300,-32.6000,-12.1200,-12.1200,0.0,,0,none,19,guide
UAAUGCUGUCCUUAUACUC,AAACUUGGCAGCCUUCGUGGAGUAUAAGGACAGCAUUAUUAGCCAUCAUUGGGUUUA,0.6815809097688292,1,"1.47,-1.33,-7.69,1,0,-176.41,0.42105263157894735,0,0.10526315789473684,0,0,0.0,-0.93,0.16666666666666666,0,0,0.05555555555555555,-2.35,0,0.05555555555555555,0,-1.33,0.05555555555555555,0",0.000,36.8,1.4700,-30.2800,-11.7500,-11.7500,0.0,,0,none,19,guide
AGGAUGAUGGCCUGAGAUG,GCAAGAAAAUCUGUUUGAGCAUCUCAGGCCAUCAUCCUGAAACUUGGCAGCCUUCGU,0.482475764354959,0,"0.93,-2.08,-10.48,0,0,-198.82,0.21052631578947367,0,0.42105263157894735,0,0,0.1111111111111111,-3.26,0.0,0,0,0.05555555555555555,-2.11,0,0.05555555555555555,0,-2.11,0.0,0",-0.900,52.6,0.4800,-36.6400,-12.2700,-12.2700,0.0,,0,none,19,guide
AUGAUGGCCUGAGAUGCUC,UGGGCAAGAAAAUCUGUUUGAGCAUCUCAGGCCAUCAUCCUGAAACUUGGCAGCCUU,0.4780014914243102,0,"1.7,-1.1,-9.38,0,0,-200.31,0.2631578947368421,0,0.3157894736842105,0,0,0.05555555555555555,-2.11,0.0,1,0,0.05555555555555555,-2.35,0,0.1111111111111111,0,-2.35,0.0,0",-0.300,52.6,1.7000,-36.4500,-14.3500,-14.3500,0.0,,0,none,19,guide
UGGCCUGAGAUGCUCAAAC,GAAGUGGGCAAGAAAAUCUGUUUGAGCAUCUCAGGCCAUCAUCCUGAAACUUGGCAG,0.5413870246085011,1,"1.03,-2.11,-10.44,1,0,-194.15,0.21052631578947367,0,0.2631578947368421,0,0,0.05555555555555555,-3.26,0.0,0,0,0.05555555555555555,-2.24,0,0.1111111111111111,0,-2.08,0.0,0",-1.700,52.6,0.5800,-36.0000,-16.4800,-16.4800,0.0,,0,none,19,guide
CCUGAGAUGCUCAAACAGA,UUUGAAGUGGGCAAGAAAAUCUGUUUGAGCAUCUCAGGCCAUCAUCCUGAAACUUGG,0.4175988068605519,0,"-1.36,-3.26,-13.39,0,0,-188.79999999999995,0.15789473684210525,0,0.21052631578947367,0,0,0.0,-2.08,0.0,0,1,0.05555555555555555,-2.35,1,0.05555555555555555,0,-0.93,0.0,1",-1.700,47.4,-1.3600,-33.9000,-12.0700,-12.0700,0.0,,0,none,19,guide
CCCACUUCAAAUCGACCAU,AUUAUUCUCCUAACGGCUAAUGGUCGAUUUGAAGUGGGCAAGAAAAUCUGUUUGAGC,0.4198359433258761,0,"-2.16,-3.26,-13.39,0,0,-184.62,0.21052631578947367,0,0.05263157894736842,0,0,0.0,-3.26,0.0,0,1,0.16666666666666666,-1.1,1,0.0,0,-2.36,0.05555555555555555,0",0.000,47.4,-2.6100,-32.9300,-12.9700,-12.9700,0.0,,0,none,19,guide
CACUUCAAAUCGACCAUUA,GCAUUAUUCUCCUAACGGCUAAUGGUCGAUUUGAAGUGGGCAAGAAAAUCUGUUUGA,0.3452647278150634,0,"-1.23,-2.11,-10.44,0,0,-172.34999999999997,0.2631578947368421,0,0.05263157894736842,0,0,0.0,-2.24,0.05555555555555555,0,1,0.05555555555555555,-1.33,0,0.0,0,-2.24,0.1111111111111111,1",0.000,36.8,-1.2300,-28.7200,-10.6400,-10.6400,0.0,,0,none,19,guide
AAUCGACCAUUAGCCGUUA,CCACCAAGCAUUAUUCUCCUAACGGCUAAUGGUCGAUUUGAAGUGGGCAAGAAAAUC,0.6263982102908278,1,"0.4,-0.93,-6.82,0,0,-175.09,0.2631578947368421,0,0.15789473684210525,0,0,0.0,-1.1,0.1111111111111111,0,0,0.1111111111111111,-1.33,0,0.05555555555555555,0,-3.42,0.1111111111111111,1",0.000,42.1,0.4000,-30.8900,-13.6600,-13.6600,0.0,,0,none,19,guide
UAAUGCUUGGUGGUUUCAU,ACUGCCACCAGAGUAUCCCAUGAAACCACCAAGCAUUAUUCUCCUAACGGCUAAUGG,0.5078299776286354,0,"-0.23,-1.33,-7.69,1,0,-171.82,0.4736842105263158,0,0.2631578947368421,0,0,0.1111111111111111,-0.93,0.05555555555555555,0,0,0.0,-1.1,0,0.05555555555555555,0,-2.24,0.16666666666666666,0",0.000,36.8,-0.2300,-29.7500,-10.5700,-10.5700,0.0,,0,none,19,guide
CAUGGGAUACUCUGGUGGC,AUCACGGGCGGAUAGUACUGCCACCAGAGUAUCCCAUGAAACCACCAAGCAUUAUUC,0.3997017151379567,0,"0.86,-2.11,-10.44,0,0,-201.68,0.2631578947368421,0,0.3684210526315789,0,0,0.2222222222222222,-1.1,0.05555555555555555,0,1,0.0,-3.42,0,0.05555555555555555,0,-2.11,0.0,0",-4.100,57.9,1.3100,-38.1800,-13.1800,-13.1800,0.0,,0,none,19,guide
ACUAUCCGCCCGUGAUAAA,UCCGAUUUUGAUGGAGGAGUUUAUCACGGGCGGAUAGUACUGCCACCAGAGUAUCCC,0.3862788963460105,0,"-0.86,-2.24,-11.4,0,0,-181.66,0.21052631578947367,0,0.15789473684210525,0,0,0.0,-2.08,0.1111111111111111,0,0,0.16666666666666666,-0.93,0,0.05555555555555555,0,-2.11,0.0,1",-0.700,47.4,-1.3100,-33.5200,-12.4800,-12.4800,0.0,,0,none,19,guide
ACUCCUCCAUCAAAAUCGG,GUUAGAGGGCCCCCAGACUCCGAUUUUGAUGGAGGAGUUUAUCACGGGCGGAUAGUA,0.3579418344519015,0,"1.47,-2.24,-11.4,0,0,-185.69999999999996,0.21052631578947367,0,0.10526315789473684,0,0,0.05555555555555555,-2.08,0.0,0,0,0.1111111111111111,-3.26,0,0.0,0,-0.93,0.0,0",0.000,47.4,1.4700,-32.8600,-15.3800,-15.3800,0.0,,0,none,19,guide
GGCUGCGCAUGGUAAUGAU,GAAUUGAAAGAUCCAACAGAUCAUUACCAUGCGCAGCCUUUAGAGGAUAACCUUUUU,0.4116331096196868,0,"-2.16,-3.26,-13.39,0,1,-193.45999999999995,0.2631578947368421,0,0.3684210526315789,1,0,0.1111111111111111,-3.42,0.05555555555555555,0,0,0.0,-1.1,0,0.16666666666666666,0,-1.33,0.0,0",-0.700,52.6,-2.6100,-35.6700,-16.8100,-16.8100,0.0,,0,none,19,guide
GAGCUGUCUGUUUGAACAU,GUACAAACAAAAUCCCGAAAUGUUCAAACAGACAGCUCGACXXXXXXXXXXXXXXXX,0.4817300521998509,0,"-1.7,-2.35,-12.44,0,1,-182.11,0.3684210526315789,0,0.2631578947368421,0,0,0.0,-2.08,0.0,0,0,0.0,-1.1,0,0.05555555555555555,0,-2.11,0.1111111111111111,0",-1.000,42.1,-1.7000,-31.8200,-14.2800,-14.2800,0.0,,0,none,19,guide
CUGUCUGUUUGAACAUUUC,UCAGUACAAACAAAAUCCCGAAAUGUUCAAACAGACAGCUCGACXXXXXXXXXXXXX,0.5712155108128263,1,"0.27,-2.08,-10.48,0,0,-174.10999999999996,0.4736842105263158,0,0.15789473684210525,0,0,0.0,-2.11,0.0,1,1,0.0,-2.35,0,0.0,0,-2.24,0.2222222222222222,0",0.000,36.8,0.2700,-28.3300,-13.1300,-13.1300,0.0,,0,none,19,guide
UCUGUUUGAACAUUUCGGG,AAAUCAGUACAAACAAAAUCCCGAAAUGUUCAAACAGACAGCUCGACXXXXXXXXXX,0.6912751677852349,1,"1.36,-2.35,-12.44,1,0,-175.48999999999995,0.42105263157894735,0,0.2631578947368421,0,0,0.1111111111111111,-2.08,0.0,0,0,0.0,-3.26,0,0.0,0,-0.93,0.2222222222222222,0",0.000,42.1,1.3600,-30.2800,-10.4000,-10.4000,0.0,,0,none,19,guide
UUUGAACAUUUCGGGAUUU,UAGCAAAUCAGUACAAACAAAAUCCCGAAAUGUUCAAACAGACAGCUCGACXXXXXX,0.5503355704697986,1,"0.0,-0.93,-6.82,1,0,-162.47,0.4736842105263158,1,0.21052631578947367,0,0,0.1111111111111111,-0.93,0.0,1,0,0.0,-0.93,0,0.0,0,-3.26,0.3333333333333333,0",-0.100,31.6,0.0000,-26.4600,-10.6700,-10.6700,0.0,,0,none,19,guide
UUUCGGGAUUUUGUUUGUA,UGCUGUAGUAGCAAAUCAGUACAAACAAAAUCCCGAAAUGUUCAAACAGACAGCUCG,0.4929157345264728,0,"0.4,-0.93,-6.82,1,0,-159.73999999999995,0.5789473684210527,1,0.2631578947368421,0,0,0.1111111111111111,-0.93,0.05555555555555555,1,0,0.0,-1.33,0,0.0,0,-2.24,0.3888888888888889,1",0.000,31.6,0.4000,-26.5800,-14.5100,-14.5100,0.0,,0,none,19,guide
UUCGGGAUUUUGUUUGUAC,AUGCUGUAGUAGCAAAUCAGUACAAACAAAAUCCCGAAAUGUUCAAACAGACAGCUC,0.5510812826249067,1,"1.76,-0.93,-6.82,1,0,-168.04,0.5263157894736842,1,0.2631578947368421,0,0,0.1111111111111111,-2.35,0.05555555555555555,1,0,0.0,-2.24,0,0.0,0,-0.93,0.3333333333333333,0",0.000,36.8,1.7600,-28.5900,-14.6800,-14.6800,0.0,,0,none,19,guide
CGGGAUUUUGUUUGUACUG,GGAUGCUGUAGUAGCAAAUCAGUACAAACAAAAUCCCGAAAUGUUCAAACAGACAGC,0.5227442207307978,1,"0.2,-2.36,-10.64,0,0,-173.42,0.4736842105263158,0,0.3157894736842105,0,0,0.1111111111111111,-3.26,0.05555555555555555,0,1,0.0,-2.11,0,0.0,1,-2.11,0.2777777777777778,0",0.000,42.1,-0.2500,-29.8500,-11.8300,-11.8300,0.0,,0,none,19,guide
UUGUUUGUACUGAUUUGCU,AUCCACAGGAUGCUGUAGUAGCAAAUCAGUACAAACAAAAUCCCGAAAUGUUCAAAC,0.5801640566741239,1,"0.7,-0.93,-6.82,1,0,-164.35999999999996,0.5789473684210527,1,0.21052631578947367,0,0,0.0,-2.11,0.05555555555555555,1,0,0.0,-2.08,0,0.05555555555555555,0,-1.1,0.2777777777777778,0",0.000,31.6,1.1500,-27.5300,-10.5600,-10.5600,0.0,,0,none,19,guide
UUGUACUGAUUUGCUACUA,GAUGAUCCACAGGAUGCUGUAGUAGCAAAUCAGUACAAACAAAAUCCCGAAAUGUUC,0.6554809843400448,1,"0.4,-0.93,-6.82,1,0,-166.13999999999996,0.4736842105263158,1,0.15789473684210525,0,0,0.0,-2.11,0.16666666666666666,1,0,0.0,-1.33,0,0.05555555555555555,0,-3.42,0.16666666666666666,1",0.000,31.6,0.4000,-28.4500,-12.1100,-12.1100,0.0,,0,none,19,guide
UGUACUGAUUUGCUACUAC,AGAUGAUCCACAGGAUGCUGUAGUAGCAAAUCAGUACAAACAAAAUCCCGAAAUGUU,0.6868008948545862,1,"1.03,-2.11,-10.44,1,0,-174.44,0.42105263157894735,0,0.15789473684210525,0,0,0.0,-2.24,0.16666666666666666,0,0,0.0,-2.24,0,0.05555555555555555,0,-2.08,0.1111111111111111,0",0.000,36.8,0.5800,-30.1100,-12.3500,-12.3500,0.0,,0,none,19,guide
ACUGAUUUGCUACUACAGC,GCCAGAUGAUCCACAGGAUGCUGUAGUAGCAAAUCAGUACAAACAAAAUCCCGAAAU,0.6517524235645041,1,"1.63,-2.24,-11.4,0,0,-180.71,0.3157894736842105,0,0.15789473684210525,0,0,0.0,-2.08,0.1111111111111111,0,0,0.0,-3.42,0,0.1111111111111111,0,-2.08,0.1111111111111111,0",-0.100,42.1,1.6300,-32.0400,-9.5000,-9.5000,0.0,,0,none,19,guide
GAUUUGCUACUACAGCAUC,AGAGCCAGAUGAUCCACAGGAUGCUGUAGUAGCAAAUCAGUACAAACAAAAUCCCGA,0.48844146159582397,0,"0.0,-2.35,-12.44,0,1,-184.37,0.3157894736842105,0,0.15789473684210525,0,0,0.0,-1.1,0.1111111111111111,0,0,0.0,-2.35,0,0.1111111111111111,0,-2.11,0.1111111111111111,0",-2.500,42.1,0.0000,-31.9200,-10.5700,-10.5700,0.0,,0,none,19,guide
UUUGCUACUACAGCAUCCU,GCAGAGCCAGAUGAUCCACAGGAUGCUGUAGUAGCAAAUCAGUACAAACAAAAUCCC,0.6868008948545862,1,"0.7,-0.93,-6.82,1,0,-178.98,0.3684210526315789,1,0.10526315789473684,0,0,0.0,-0.93,0.1111111111111111,1,0,0.05555555555555555,-2.08,0,0.1111111111111111,0,-3.42,0.1111111111111111,0",-2.500,42.1,1.1500,-32.4100,-12.1100,-12.1100,0.0,,0,none,19,guide
UUGCUACUACAGCAUCCUG,UGCAGAGCCAGAUGAUCCACAGGAUGCUGUAGUAGCAAAUCAGUACAAACAAAAUCC,0.6935123042505593,1,"1.63,-0.93,-6.82,1,0,-186.32,0.3157894736842105,1,0.15789473684210525,0,0,0.0,-2.11,0.1111111111111111,1,0,0.05555555555555555,-2.11,0,0.1111111111111111,0,-2.11,0.05555555555555555,0",-2.500,47.4,1.6300,-34.4400,-13.2600,-13.2600,0.0,,0,none,19,guide
UGCUACUACAGCAUCCUGU,CUGCAGAGCCAGAUGAUCCACAGGAUGCUGUAGUAGCAAAUCAGUACAAACAAAAUC,0.6703952274422074,1,"0.13,-2.11,-10.44,1,0,-187.18,0.3157894736842105,0,0.15789473684210525,0,0,0.0,-3.42,0.1111111111111111,0,0,0.05555555555555555,-2.24,0,0.1111111111111111,0,-1.1,0.0,0",-2.300,47.4,0.1300,-35.0500,-12.4800,-12.4800,0.0,,0,none,19,guide
CUACAGCAUCCUGUGGAUC,GGCAGCUGCAGAGCCAGAUGAUCCACAGGAUGCUGUAGUAGCAAAUCAGUACAAACA,0.5041014168530947,0,"0.27,-2.08,-10.48,0,0,-197.82,0.2631578947368421,0,0.21052631578947367,0,0,0.05555555555555555,-1.33,0.05555555555555555,1,1,0.05555555555555555,-2.35,0,0.05555555555555555,0,-2.24,0.0,0",-5.700,52.6,0.2700,-35.8900,-13.2900,-13.2900,0.0,,0,none,19,guide
AGCAUCCUGUGGAUCAUCU,UAUUGGCAGCUGCAGAGCCAGAUGAUCCACAGGAUGCUGUAGUAGCAAAUCAGUACA,0.5070842654735273,0,"0.0,-2.08,-10.48,0,0,-193.11,0.3157894736842105,0,0.21052631578947367,0,0,0.05555555555555555,-3.42,0.0,0,0,0.05555555555555555,-2.08,0,0.05555555555555555,0,-1.1,0.0,0",-1.500,47.4,0.0000,-34.9200,-14.3200,-14.3200,0.0,,0,none,19,guide
CAUCCUGUGGAUCAUCUGG,ACUAUUGGCAGCUGCAGAGCCAGAUGAUCCACAGGAUGCUGUAGUAGCAAAUCAGUA,0.4973900074571216,0,"0.7,-2.11,-10.44,0,0,-199.02,0.3157894736842105,0,0.2631578947368421,0,0,0.1111111111111111,-1.1,0.0,0,1,0.05555555555555555,-3.26,0,0.0,0,-2.11,0.0,0",-1.500,52.6,1.1500,-35.8400,-13.1400,-13.1400,0.0,,0,none,19,guide
AUCCUGUGGAUCAUCUGGC,CACUAUUGGCAGCUGCAGAGCCAGAUGAUCCACAGGAUGCUGUAGUAGCAAAUCAGU,0.5585384041759881,1,"2.32,-1.1,-9.38,0,0,-199.73999999999995,0.3157894736842105,0,0.2631578947368421,0,0,0.1111111111111111,-2.35,0.0,1,0,0.05555555555555555,-3.42,0,0.05555555555555555,0,-1.1,0.0,0",-1.000,52.6,2.7700,-36.8000,-14.1500,-14.1500,0.0,,0,none,19,guide
UGUGGAUCAUCUGGCUCUG,CAAGCACUAUUGGCAGCUGCAGAGCCAGAUGAUCCACAGGAUGCUGUAGUAGCAAAU,0.6152125279642058,1,"0.9,-2.11,-10.44,1,0,-197.89,0.3684210526315789,0,0.3157894736842105,0,0,0.1111111111111111,-2.24,0.0,0,0,0.0,-2.11,0,0.05555555555555555,0,-3.26,0.0,0",0.000,52.6,0.4500,-36.6300,-13.4100,-13.4100,0.0,,0,none,19,guide
AUCUGGCUCUGCAGCUGCC,UGUCAUUGCAAGCACUAUUGGCAGCUGCAGAGCCAGAUGAUCCACAGGAUGCUGUAG,0.6099925428784488,1,"2.16,-1.1,-9.38,0,0,-207.39,0.2631578947368421,0,0.2631578947368421,0,0,0.05555555555555555,-2.35,0.0,1,0,0.05555555555555555,-3.26,0,0.2222222222222222,0,-2.08,0.0,0",-2.400,63.2,2.6100,-40.7000,-15.3000,-15.3000,0.0,,0,none,19,guide
UGGCUCUGCAGCUGCCAAU,UAUUGUCAUUGCAAGCACUAUUGGCAGCUGCAGAGCCAGAUGAUCCACAGGAUGCUG,0.6338553318419089,1,"-0.56,-2.11,-10.44,1,0,-198.01,0.2631578947368421,0,0.2631578947368421,0,0,0.05555555555555555,-3.26,0.0,0,0,0.05555555555555555,-1.1,0,0.2222222222222222,0,-2.11,0.0,0",-4.800,57.9,-1.0100,-38.8100,-15.3000,-15.3000,0.0,,0,none,19,guide
CUCUGCAGCUGCCAAUAGU,UAUUAUUGUCAUUGCAAGCACUAUUGGCAGCUGCAGAGCCAGAUGAUCCACAGGAUG,0.4623415361670395,0,"-0.74,-2.08,-10.48,0,0,-192.59,0.2631578947368421,0,0.21052631578947367,0,0,0.0,-2.35,0.05555555555555555,1,1,0.05555555555555555,-2.24,0,0.16666666666666666,0,-2.11,0.0,0",-0.100,52.6,-0.2900,-36.0200,-14.1500,-14.1500,0.0,,0,none,19,guide
UAGUGCUUGCAAUGACAAU,UGACUCUCCGCACGGUAUUAUUGUCAUUGCAAGCACUAUUGGCAGCUGCAGAGCCAG,0.6368381804623415,1,"-0.23,-1.33,-7.69,1,0,-174.01999999999995,0.3157894736842105,0,0.21052631578947367,0,0,0.0,-2.08,0.05555555555555555,0,0,0.0,-1.1,0,0.1111111111111111,0,-2.11,0.05555555555555555,0",0.000,36.8,-0.2300,-29.9100,-12.8600,-12.8600,0.0,,0,none,19,guide
AGUGCUUGCAAUGACAAUA,AUGACUCUCCGCACGGUAUUAUUGUCAUUGCAAGCACUAUUGGCAGCUGCAGAGCCA,0.6651752423564504,1,"-0.3,-2.08,-10.48,0,0,-174.01999999999995,0.2631578947368421,0,0.21052631578947367,0,0,0.0,-2.24,0.05555555555555555,0,0,0.0,-1.33,0,0.1111111111111111,0,-2.35,0.05555555555555555,1",0.000,36.8,-0.7500,-30.0600,-12.8900,-12.8900,0.0,,0,none,19,guide
UGACAAUAAUACCGUGCGG,GGGCAGCUGCAAUGACUCUCCGCACGGUAUUAUUGUCAUUGCAAGCACUAUUGGCAG,0.4720357941834452,0,"1.6,-2.11,-10.44,1,0,-181.35,0.21052631578947367,0,0.2631578947368421,0,0,0.05555555555555555,-2.35,0.1111111111111111,0,0,0.05555555555555555,-3.26,0,0.05555555555555555,0,-2.36,0.0,0",0.000,47.4,1.6000,-32.4900,-10.0600,-10.0600,0.0,,0,none,19,guide
AUACCGUGCGGAGAGUCAU,AGAUCAAUGGGCAGCUGCAAUGACUCUCCGCACGGUAUUAUUGUCAUUGCAAGCACU,0.639075316927666,1,"0.0,-1.1,-9.38,0,0,-191.7,0.21052631578947367,0,0.3157894736842105,0,0,0.05555555555555555,-1.33,0.05555555555555555,1,0,0.05555555555555555,-1.1,0,0.05555555555555555,0,-2.35,0.0,0",-0.300,52.6,0.0000,-35.7000,-13.5400,-13.5400,0.0,,0,none,19,guide
UGCGGAGAGUCAUUGCAGC,CCUGAAAGAUCAAUGGGCAGCUGCAAUGACUCUCCGCACGGUAUUAUUGUCAUUGCA,0.6495152870991797,1,"1.76,-2.11,-10.44,1,0,-199.46,0.21052631578947367,0,0.3684210526315789,0,0,0.05555555555555555,-3.42,0.0,0,0,0.0,-3.42,0,0.16666666666666666,0,-0.93,0.05555555555555555,0",-1.700,57.9,1.7600,-37.7900,-15.8200,-15.8200,0.0,,0,none,19,guide
GGAGAGUCAUUGCAGCUGC,UAUCCUGAAAGAUCAAUGGGCAGCUGCAAUGACUCUCCGCACGGUAUUAUUGUCAUU,0.3534675615212528,0,"0.16,-3.26,-13.39,0,1,-203.01999999999995,0.21052631578947367,0,0.3684210526315789,1,0,0.05555555555555555,-2.35,0.0,0,0,0.0,-3.42,0,0.16666666666666666,0,-2.11,0.05555555555555555,0",0.000,57.9,0.1600,-38.2100,-13.4500,-13.4500,0.0,,0,none,19,guide
GAGAGUCAUUGCAGCUGCC,AUAUCCUGAAAGAUCAAUGGGCAGCUGCAAUGACUCUCCGCACGGUAUUAUUGUCAU,0.4295302013422818,0,"0.46,-2.35,-12.44,0,1,-203.02,0.21052631578947367,0,0.3157894736842105,0,0,0.0,-2.08,0.0,0,0,0.05555555555555555,-3.26,0,0.16666666666666666,0,-2.08,0.05555555555555555,0",-0.100,57.9,0.9100,-38.0100,-13.2100,-13.2100,0.0,,0,none,19,guide
GAGUCAUUGCAGCUGCCCA,GGAUAUCCUGAAAGAUCAAUGGGCAGCUGCAAUGACUCUCCGCACGGUAUUAUUGUC,0.3296047725577927,0,"-1.14,-2.35,-12.44,0,1,-200.21,0.21052631578947367,0,0.2631578947368421,0,0,0.0,-2.08,0.0,0,0,0.1111111111111111,-2.11,0,0.16666666666666666,0,-2.08,0.05555555555555555,1",-0.100,57.9,-0.6900,-38.4000,-10.8100,-10.8100,0.0,,0,none,19,guide
AUUGCAGCUGCCCAUUGAU,UGUUUGGAUAUCCUGAAAGAUCAAUGGGCAGCUGCAAUGACUCUCCGCACGGUAUUA,0.360924683072334,0,"0.0,-1.1,-9.38,0,0,-187.75,0.3157894736842105,0,0.21052631578947367,0,0,0.0,-0.93,0.0,1,0,0.1111111111111111,-1.1,0,0.16666666666666666,0,-2.11,0.1111111111111111,0",-0.100,47.4,0.0000,-34.5100,-14.0700,-14.0700,0.0,,0,none,19,guide
GCUGCCCAUUGAUCUUUCA,GCUAUUUGUUUGGAUAUCCUGAAAGAUCAAUGGGCAGCUGCAAUGACUCUCCGCACG,0.4272930648769574,0,"-1.76,-3.42,-14.88,0,1,-188.46999999999997,0.3684210526315789,0,0.15789473684210525,0,1,0.0,-2.08,0.0,0,0,0.1111111111111111,-2.11,0,0.1111111111111111,0,-2.35,0.16666666666666666,1",0.000,47.4,-1.7600,-33.7100,-16.2400,-16.2400,0.0,,0,none,19,guide
CUGCCCAUUGAUCUUUCAG,GGCUAUUUGUUUGGAUAUCCUGAAAGAUCAAUGGGCAGCUGCAAUGACUCUCCGCAC,0.5906040268456376,1,"0.0,-2.08,-10.48,0,0,-187.79,0.3684210526315789,0,0.15789473684210525,0,0,0.0,-2.11,0.0,1,1,0.1111111111111111,-2.08,0,0.05555555555555555,0,-2.08,0.16666666666666666,0",-0.600,47.4,0.0000,-32.8700,-15.2600,-15.2600,0.0,,0,none,19,guide
UCUUUCAGGAUAUCCAAAC,UCCGUCACAGGGGCUAUUUGUUUGGAUAUCCUGAAAGAUCAAUGGGCAGCUGCAAUG,0.6495152870991797,1,"0.79,-2.35,-12.44,1,0,-176.17999999999995,0.3157894736842105,0,0.10526315789473684,0,0,0.05555555555555555,-2.08,0.05555555555555555,0,0,0.05555555555555555,-2.24,0,0.0,0,-2.35,0.1111111111111111,0",-0.700,36.8,0.3400,-29.5000,-10.4800,-10.4800,0.0,,0,none,19,guide
CUUUCAGGAUAUCCAAACA,UUCCGUCACAGGGGCUAUUUGUUUGGAUAUCCUGAAAGAUCAAUGGGCAGCUGCAAU,0.4377330350484713,0,"-0.87,-2.08,-10.48,0,0,-174.17999999999995,0.2631578947368421,0,0.10526315789473684,0,0,0.05555555555555555,-0.93,0.05555555555555555,1,1,0.05555555555555555,-2.11,0,0.0,0,-3.26,0.1111111111111111,1",-0.700,36.8,-0.4200,-29.4600,-11.6600,-11.6600,0.0,,0,none,19,guide
UUCAGGAUAUCCAAACAAA,AGUUCCGUCACAGGGGCUAUUUGUUUGGAUAUCCUGAAAGAUCAAUGGGCAGCUGCA,0.5883668903803132,1,"0.0,-0.93,-6.82,1,0,-166.79999999999995,0.21052631578947367,1,0.10526315789473684,0,0,0.05555555555555555,-2.35,0.05555555555555555,1,0,0.05555555555555555,-0.93,0,0.0,0,-0.93,0.05555555555555555,1",-0.700,31.6,0.0000,-27.9100,-13.2500,-13.2500,0.0,,0,none,19,guide
UAUCCAAACAAAUAGCCCC,UAAUAUUAGUUCCGUCACAGGGGCUAUUUGUUUGGAUAUCCUGAAAGAUCAAUGGGC,0.6055182699478002,1,"1.93,-1.33,-7.69,1,0,-177.72999999999996,0.15789473684210525,0,0.05263157894736842,0,0,0.0,-1.1,0.1111111111111111,0,0,0.2222222222222222,-3.26,0,0.05555555555555555,0,-1.33,0.0,0",0.000,42.1,2.3800,-31.8400,-10.6800,-10.6800,0.0,,0,none,19,guide
AUCCAAACAAAUAGCCCCU,CUAAUAUUAGUUCCGUCACAGGGGCUAUUUGUUUGGAUAUCCUGAAAGAUCAAUGGG,0.529455630126771,1,"0.53,-1.1,-9.38,0,0,-176.79999999999995,0.15789473684210525,0,0.05263157894736842,0,0,0.0,-2.35,0.05555555555555555,1,0,0.2222222222222222,-2.08,0,0.05555555555555555,0,-2.08,0.0,0",0.000,42.1,0.9800,-32.0400,-11.8200,-11.8200,0.0,,0,none,19,guide
AAUAGCCCCUGUGACGGAA,UAUGGCAUCCUAAUAUUAGUUCCGUCACAGGGGCUAUUUGUUUGGAUAUCCUGAAAG,0.4138702460850112,0,"0.0,-0.93,-6.82,0,0,-188.26,0.15789473684210525,0,0.2631578947368421,0,0,0.05555555555555555,-1.1,0.05555555555555555,0,0,0.16666666666666666,-0.93,0,0.05555555555555555,0,-2.35,0.0,1",-0.800,52.6,0.0000,-36.0300,-14.4500,-14.4500,0.0,,0,none,19,guide
UGACGGAACUAAUAUUAGG,UAUCACUAAAAUAUGGCAUCCUAAUAUUAGUUCCGUCACAGGGGCUAUUUGUUUGGA,0.5585384041759881,1,"1.6,-2.11,-10.44,1,0,-171.45999999999995,0.2631578947368421,0,0.2631578947368421,0,0,0.1111111111111111,-2.35,0.16666666666666666,0,0,0.0,-3.26,0,0.0,0,-1.33,0.05555555555555555,0",0.000,36.8,1.6000,-29.0200,-13.4900,-13.4900,0.0,,0,none,19,guide
ACGGAACUAAUAUUAGGAU,UUUAUCACUAAAAUAUGGCAUCCUAAUAUUAGUUCCGUCACAGGGGCUAUUUGUUUG,0.3967188665175242,0,"-0.69,-2.24,-11.4,0,0,-166.67999999999995,0.2631578947368421,0,0.21052631578947367,0,0,0.1111111111111111,-2.36,0.16666666666666666,0,0,0.0,-1.1,0,0.0,0,-0.93,0.05555555555555555,0",0.000,31.6,-1.1400,-27.5100,-13.2200,-13.2200,0.0,,0,none,19,guide
AACUAAUAUUAGGAUGCCA,CCGGUUUAUCACUAAAAUAUGGCAUCCUAAUAUUAGUUCCGUCACAGGGGCUAUUUG,0.459358687546607,0,"0.73,-0.93,-6.82,0,0,-167.95999999999995,0.2631578947368421,0,0.15789473684210525,0,0,0.05555555555555555,-2.24,0.16666666666666666,0,0,0.05555555555555555,-2.11,0,0.05555555555555555,0,-2.35,0.05555555555555555,1",0.000,31.6,1.1800,-28.3500,-9.0100,-9.0100,0.0,,0,none,19,guide
UAUUAGGAUGCCAUAUUUU,UAAGGUCCGGUUUAUCACUAAAAUAUGGCAUCCUAAUAUUAGUUCCGUCACAGGGGC,0.5018642803877703,0,"-0.4,-1.33,-7.69,1,0,-162.27999999999997,0.4736842105263158,0,0.15789473684210525,0,0,0.05555555555555555,-1.1,0.16666666666666666,0,0,0.05555555555555555,-0.93,0,0.05555555555555555,0,-1.1,0.2222222222222222,0",0.000,26.3,-0.4000,-25.9100,-11.0500,-11.0500,0.0,,0,none,19,guide
UAGGAUGCCAUAUUUUAGU,CCCUAAGGUCCGGUUUAUCACUAAAAUAUGGCAUCCUAAUAUUAGUUCCGUCACAGG,0.5667412378821775,1,"0.46,-1.33,-7.69,1,0,-167.95999999999995,0.42105263157894735,0,0.21052631578947367,0,0,0.05555555555555555,-2.08,0.16666666666666666,0,0,0.05555555555555555,-2.24,0,0.05555555555555555,0,-0.93,0.16666666666666666,0",-0.200,31.6,0.9100,-28.3500,-14.3200,-14.3200,0.0,,0,none,19,guide
CAUAUUUUAGUGAUAAACC,UUUAAUCCCCCUAAGGUCCGGUUUAUCACUAAAAUAUGGCAUCCUAAUAUUAGUUCC,0.6055182699478002,1,"0.7,-2.11,-10.44,0,0,-161.69,0.3684210526315789,0,0.10526315789473684,0,0,0.0,-1.1,0.16666666666666666,0,1,0.05555555555555555,-3.26,0,0.0,0,-1.1,0.16666666666666666,0",0.000,26.3,1.1500,-24.7400,-6.3200,-6.3200,0.0,,0,none,19,guide
UAUUUUAGUGAUAAACCGG,CAUUUAAUCCCCCUAAGGUCCGGUUUAUCACUAAAAUAUGGCAUCCUAAUAUUAGUU,0.6689038031319909,1,"1.93,-1.33,-7.69,1,0,-162.17999999999995,0.3684210526315789,0,0.21052631578947367,0,0,0.05555555555555555,-1.1,0.16666666666666666,0,0,0.05555555555555555,-3.26,0,0.0,0,-0.93,0.16666666666666666,0",0.000,31.6,2.3800,-26.4500,-7.3000,-7.3000,0.0,,0,none,19,guide
AUUUUAGUGAUAAACCGGA,CCAUUUAAUCCCCCUAAGGUCCGGUUUAUCACUAAAAUAUGGCAUCCUAAUAUUAGU,0.5443698732289336,1,"0.8,-1.1,-9.38,0,0,-163.20999999999995,0.3157894736842105,0,0.21052631578947367,0,0,0.05555555555555555,-0.93,0.1111111111111111,1,0,0.05555555555555555,-2.35,0,0.0,0,-0.93,0.16666666666666666,1",0.000,31.6,1.2500,-27.2700,-8.4400,-8.4400,0.0,,0,none,19,guide
AUUAAAUGGGUAUGUUUCU,AACUAGAGAUAAAAAUACCAGAAACAUACCCAUUUAAUCCCCCUAAGGUCCGGUUUA,0.5391498881431768,1,"0.53,-1.1,-9.38,0,0,-159.95,0.4736842105263158,0,0.21052631578947367,0,0,0.1111111111111111,-0.93,0.1111111111111111,1,0,0.0,-2.08,0,0.0,0,-2.11,0.16666666666666666,0",0.000,26.3,0.9800,-25.4700,-7.3300,-7.3300,0.0,,0,none,19,guide
UAAAUGGGUAUGUUUCUGG,CCAACUAGAGAUAAAAAUACCAGAAACAUACCCAUUUAAUCCCCCUAAGGUCCGGUU,0.5398956002982849,1,"1.93,-1.33,-7.69,1,0,-171.29999999999995,0.42105263157894735,0,0.3157894736842105,0,0,0.16666666666666666,-0.93,0.1111111111111111,0,0,0.0,-3.26,0,0.0,0,-0.93,0.1111111111111111,0",0.000,36.8,2.3800,-29.6600,-11.5900,-11.5900,0.0,,0,none,19,guide
AUGGGUAUGUUUCUGGUAU,AUACCAACUAGAGAUAAAAAUACCAGAAACAUACCCAUUUAAUCCCCCUAAGGUCCG,0.5689783743475019,1,"0.0,-1.1,-9.38,0,0,-174.72,0.4736842105263158,0,0.3157894736842105,0,0,0.16666666666666666,-2.11,0.1111111111111111,1,0,0.0,-1.1,0,0.0,0,-2.08,0.1111111111111111,0",0.000,36.8,0.0000,-30.4400,-13.3000,-13.3000,0.0,,0,none,19,guide
UUUUAUCUCUAGUUGGUAU,CACCAUAUGAAGGAGGAAGAUACCAACUAGAGAUAAAAAUACCAGAAACAUACCCAU,0.5853840417598807,1,"0.17,-0.93,-6.82,1,0,-161.01000000000005,0.5789473684210527,1,0.15789473684210525,0,0,0.05555555555555555,-0.93,0.16666666666666666,1,0,0.0,-1.1,0,0.0,0,-0.93,0.2222222222222222,0",-0.600,26.3,0.1700,-26.2100,-8.7200,-8.7200,0.0,,0,none,19,guide
UCUAGUUGGUAUCUUCCUC,CCAGACACACCAUAUGAAGGAGGAAGAUACCAACUAGAGAUAAAAAUACCAGAAACA,0.5913497390007457,1,"0.9,-2.35,-12.44,1,0,-182.77,0.4736842105263158,0,0.15789473684210525,0,0,0.05555555555555555,-2.08,0.1111111111111111,0,0,0.05555555555555555,-2.35,0,0.0,0,-2.08,0.1111111111111111,0",-0.700,42.1,0.4500,-32.5100,-10.7700,-10.7700,0.0,,0,none,19,guide
UAGUUGGUAUCUUCCUCCU,CUCCAGACACACCAUAUGAAGGAGGAAGAUACCAACUAGAGAUAAAAAUACCAGAAA,0.5622669649515287,1,"0.3,-1.33,-7.69,1,0,-179.99999999999997,0.4736842105263158,0,0.15789473684210525,0,0,0.05555555555555555,-2.08,0.1111111111111111,0,0,0.1111111111111111,-2.08,0,0.0,0,-2.35,0.1111111111111111,0",-1.000,42.1,0.7500,-32.8700,-12.8600,-12.8600,0.0,,0,none,19,guide
AGUUGGUAUCUUCCUCCUU,CCUCCAGACACACCAUAUGAAGGAGGAAGAUACCAACUAGAGAUAAAAAUACCAGAA,0.5078299776286354,0,"-0.7,-2.08,-10.48,0,0,-179.12999999999997,0.4736842105263158,0,0.15789473684210525,0,0,0.05555555555555555,-2.24,0.05555555555555555,0,0,0.1111111111111111,-0.93,0,0.0,0,-3.26,0.16666666666666666,0",-0.900,42.1,-1.1500,-32.4700,-12.1100,-12.1100,0.0,,0,none,19,guide
UUGGUAUCUUCCUCCUUCA,GACCUCCAGACACACCAUAUGAAGGAGGAAGAUACCAACUAGAGAUAAAAAUACCAG,0.6167039522744221,1,"0.73,-0.93,-6.82,1,0,-180.12999999999997,0.4736842105263158,1,0.10526315789473684,0,0,0.05555555555555555,-2.11,0.05555555555555555,1,0,0.1111111111111111,-2.11,0,0.0,0,-2.35,0.16666666666666666,1",-0.700,42.1,1.1800,-32.4600,-12.3900,-12.3900,0.0,,0,none,19,guide
CUUCCUCCUUCAUAUGGUG,AUAGCAGGACCUCCAGACACACCAUAUGAAGGAGGAAGAUACCAACUAGAGAUAAAA,0.5182699478001491,0,"0.03,-2.08,-10.48,0,0,-188.13,0.42105263157894735,0,0.15789473684210525,0,0,0.05555555555555555,-0.93,0.05555555555555555,1,1,0.1111111111111111,-2.11,0,0.0,0,-1.33,0.1111111111111111,0",-0.100,47.4,0.0300,-33.6400,-14.2300,-14.2300,0.0,,0,none,19,guide
CUCCUUCAUAUGGUGUGUC,AGAAAUAGCAGGACCUCCAGACACACCAUAUGAAGGAGGAAGAUACCAACUAGAGAU,0.4787472035794183,0,"0.27,-2.08,-10.48,0,0,-190.68,0.42105263157894735,0,0.21052631578947367,0,0,0.05555555555555555,-2.35,0.05555555555555555,1,1,0.05555555555555555,-2.35,0,0.0,0,-2.24,0.05555555555555555,0",-0.100,47.4,0.2700,-33.9600,-13.0800,-13.0800,0.0,,0,none,19,guide
UCCUUCAUAUGGUGUGUCU,GAGAAAUAGCAGGACCUCCAGACACACCAUAUGAAGGAGGAAGAUACCAACUAGAGA,0.6040268456375839,1,"-0.27,-2.35,-12.44,1,0,-183.24,0.4736842105263158,0,0.21052631578947367,0,0,0.05555555555555555,-3.26,0.05555555555555555,0,0,0.05555555555555555,-2.08,0,0.0,0,-2.11,0.05555555555555555,0",-0.100,42.1,-0.2700,-32.7100,-11.8300,-11.8300,0.0,,0,none,19,guide
CCUUCAUAUGGUGUGUCUG,GGAGAAAUAGCAGGACCUCCAGACACACCAUAUGAAGGAGGAAGAUACCAACUAGAG,0.5428784489187174,1,"-0.7,-3.26,-13.39,0,0,-188.68,0.42105263157894735,0,0.2631578947368421,0,0,0.05555555555555555,-2.08,0.05555555555555555,0,1,0.05555555555555555,-2.11,1,0.0,0,-2.24,0.05555555555555555,0",0.000,47.4,-1.1500,-33.5200,-9.9000,-9.9000,0.0,,0,none,19,guide
UUCAUAUGGUGUGUCUGGA,GAGGAGAAAUAGCAGGACCUCCAGACACACCAUAUGAAGGAGGAAGAUACCAACUAG,0.5510812826249067,1,"0.97,-0.93,-6.82,1,0,-183.2,0.42105263157894735,1,0.3157894736842105,0,0,0.1111111111111111,-2.35,0.05555555555555555,1,0,0.0,-2.35,0,0.0,0,-2.24,0.05555555555555555,1",0.000,42.1,1.4200,-32.7400,-10.1000,-10.1000,0.0,,0,none,19,guide
CAUAUGGUGUGUCUGGAGG,AAGAGGAGAAAUAGCAGGACCUCCAGACACACCAUAUGAAGGAGGAAGAUACCAACU,0.4988814317673378,0,"0.7,-2.11,-10.44,0,0,-195.25,0.3157894736842105,0,0.42105263157894735,0,0,0.16666666666666666,-1.1,0.05555555555555555,0,1,0.0,-3.26,0,0.0,0,-2.08,0.0,0",0.000,52.6,1.1500,-36.0500,-11.1400,-11.1400,0.0,,0,none,19,guide
UGGUGUGUCUGGAGGUCCU,AAUUAAGAGGAGAAAUAGCAGGACCUCCAGACACACCAUAUGAAGGAGGAAGAUACC,0.5563012677106637,1,"-0.03,-2.11,-10.44,1,0,-198.63,0.3684210526315789,0,0.42105263157894735,0,0,0.16666666666666666,-3.26,0.0,0,0,0.05555555555555555,-2.08,0,0.0,0,-2.08,0.0,0",-0.400,57.9,-0.0300,-38.9400,-14.2000,-14.2000,0.0,,0,none,19,guide
UGUCUGGAGGUCCUGCUAU,UACAGAAUUAAGAGGAGAAAUAGCAGGACCUCCAGACACACCAUAUGAAGGAGGAAG,0.5205070842654735,0,"-0.56,-2.11,-10.44,1,0,-194.42999999999995,0.3684210526315789,0,0.3157894736842105,0,0,0.1111111111111111,-2.24,0.05555555555555555,0,0,0.05555555555555555,-1.1,0,0.05555555555555555,0,-2.08,0.0,0",-0.700,52.6,-1.0100,-37.1700,-14.3900,-14.3900,0.0,,0,none,19,guide
GUCUGGAGGUCCUGCUAUU,UUACAGAAUUAAGAGGAGAAAUAGCAGGACCUCCAGACACACCAUAUGAAGGAGGAA,0.41834451901566,0,"-1.76,-2.24,-11.4,0,1,-194.53,0.3684210526315789,0,0.3157894736842105,0,0,0.1111111111111111,-2.35,0.05555555555555555,1,0,0.05555555555555555,-0.93,0,0.05555555555555555,0,-2.11,0.05555555555555555,0",-0.700,52.6,-1.7600,-36.6900,-14.2300,-14.2300,0.0,,0,none,19,guide
UCUGGAGGUCCUGCUAUUU,UUUACAGAAUUAAGAGGAGAAAUAGCAGGACCUCCAGACACACCAUAUGAAGGAGGA,0.4876957494407159,0,"-0.97,-2.35,-12.44,1,0,-186.23,0.42105263157894735,0,0.2631578947368421,0,0,0.1111111111111111,-2.08,0.05555555555555555,0,0,0.05555555555555555,-0.93,0,0.05555555555555555,0,-3.42,0.1111111111111111,0",-0.400,47.4,-1.4200,-34.6800,-15.1400,-15.1400,0.0,,0,none,19,guide
AGGUCCUGCUAUUUCUCCU,AGAAUUUUACAGAAUUAAGAGGAGAAAUAGCAGGACCUCCAGACACACCAUAUGAAG,0.517524235645041,0,"0.0,-2.08,-10.48,0,0,-186.26999999999995,0.42105263157894735,0,0.15789473684210525,0,0,0.05555555555555555,-3.26,0.05555555555555555,0,0,0.1111111111111111,-2.08,0,0.05555555555555555,0,-0.93,0.1111111111111111,0",0.000,47.4,0.0000,-34.6500,-15.3000,-15.3000,0.0,,0,none,19,guide
GGUCCUGCUAUUUCUCCUC,GAGAAUUUUACAGAAUUAAGAGGAGAAAUAGCAGGACCUCCAGACACACCAUAUGAA,0.4086502609992543,0,"-0.46,-3.26,-13.39,0,1,-195.66999999999996,0.42105263157894735,0,0.15789473684210525,1,0,0.05555555555555555,-2.24,0.05555555555555555,0,0,0.1111111111111111,-2.35,0,0.05555555555555555,0,-2.35,0.1111111111111111,0",0.000,52.6,-0.9100,-35.9700,-15.4600,-15.4600,0.0,,0,none,19,guide
CUAUUUCUCCUCUUAAUUC,UGUAGAUGAGAAUUUUACAGAAUUAAGAGGAGAAAUAGCAGGACCUCCAGACACACC,0.5533184190902312,1,"0.27,-2.08,-10.48,0,0,-169.7,0.5263157894736842,0,0.0,0,0,0.0,-1.33,0.1111111111111111,1,1,0.05555555555555555,-2.35,0,0.0,0,-0.93,0.2222222222222222,0",0.000,31.6,0.2700,-26.9000,-8.7200,-8.7200,0.0,,0,none,19,guide
UCCUCUUAAUUCUGUAAAA,UAGAUCUUGUAGAUGAGAAUUUUACAGAAUUAAGAGGAGAAAUAGCAGGACCUCCAG,0.354958985831469,0,"-0.97,-2.35,-12.44,1,0,-158.61999999999995,0.42105263157894735,0,0.05263157894736842,0,0,0.0,-3.26,0.1111111111111111,0,0,0.05555555555555555,-0.93,0,0.0,0,-2.11,0.1111111111111111,1",0.000,26.3,-1.4200,-25.7500,-12.0300,-12.0300,0.0,,0,none,19,guide
UGUAAAAUUCUCAUCUACA,AUCAAAUUAAAGUAGAUCUUGUAGAUGAGAAUUUUACAGAAUUAAGAGGAGAAAUAG,0.6674123788217748,1,"0.0,-2.11,-10.44,1,0,-162.77,0.3684210526315789,0,0.05263157894736842,0,0,0.0,-2.24,0.1111111111111111,0,0,0.0,-2.11,0,0.0,0,-1.1,0.05555555555555555,1",0.000,26.3,0.0000,-25.9600,-7.4600,-7.4600,0.0,,0,none,19,guide
GUAAAAUUCUCAUCUACAA,AAUCAAAUUAAAGUAGAUCUUGUAGAUGAGAAUUUUACAGAAUUAAGAGGAGAAAUA,0.4108873974645787,0,"-1.76,-2.24,-11.4,0,1,-162.87,0.3157894736842105,0,0.05263157894736842,0,0,0.0,-1.33,0.1111111111111111,1,0,0.0,-0.93,0,0.0,0,-2.35,0.05555555555555555,1",0.000,26.3,-1.7600,-25.3300,-6.1500,-6.1500,0.0,,0,none,19,guide
UAAAAUUCUCAUCUACAAG,AAAUCAAAUUAAAGUAGAUCUUGUAGAUGAGAAUUUUACAGAAUUAAGAGGAGAAAU,0.6808351976137211,1,"1.2,-1.33,-7.69,1,0,-161.94999999999996,0.3157894736842105,0,0.05263157894736842,0,0,0.0,-0.93,0.1111111111111111,0,0,0.0,-2.08,0,0.0,0,-2.08,0.05555555555555555,0",0.000,26.3,1.2000,-24.9700,-7.1700,-7.1700,0.0,,0,none,19,guide
AAAAUUCUCAUCUACAAGA,AAAAUCAAAUUAAAGUAGAUCUUGUAGAUGAGAAUUUUACAGAAUUAAGAGGAGAAA,0.6293810589112603,1,"0.97,-0.93,-6.82,0,0,-162.98,0.2631578947368421,0,0.05263157894736842,0,0,0.0,-0.93,0.05555555555555555,0,0,0.0,-2.35,0,0.0,0,-1.33,0.05555555555555555,1",0.000,26.3,1.4200,-25.7900,-8.3200,-8.3200,0.0,,0,none,19,guide
AAAUUCUCAUCUACAAGAU,AAAAAUCAAAUUAAAGUAGAUCUUGUAGAUGAGAAUUUUACAGAAUUAAGAGGAGAA,0.6062639821029082,1,"0.17,-0.93,-6.82,0,0,-165.53999999999996,0.3157894736842105,0,0.05263157894736842,0,0,0.0,-0.93,0.05555555555555555,0,0,0.0,-1.1,0,0.0,0,-2.24,0.05555555555555555,0",0.000,26.3,0.1700,-25.8100,-9.7400,-9.7400,0.0,,0,none,19,guide
UUCUCAUCUACAAGAUCUA,AGCAAAAAUCAAAUUAAAGUAGAUCUUGUAGAUGAGAAUUUUACAGAAUUAAGAGGA,0.639075316927666,1,"0.4,-0.93,-6.82,1,0,-173.13,0.3684210526315789,1,0.05263157894736842,0,0,0.0,-2.35,0.1111111111111111,1,0,0.0,-1.33,0,0.0,0,-2.08,0.05555555555555555,1",0.000,31.6,0.4000,-28.6100,-12.3400,-12.3400,0.0,,0,none,19,guide
CUCAUCUACAAGAUCUACU,CGAGCAAAAAUCAAAUUAAAGUAGAUCUUGUAGAUGAGAAUUUUACAGAAUUAAGAG,0.6577181208053692,1,"-0.9,-2.08,-10.48,0,0,-179.47,0.3157894736842105,0,0.05263157894736842,0,0,0.0,-2.35,0.1111111111111111,1,1,0.0,-2.08,0,0.0,0,-1.1,0.0,0",0.000,36.8,-0.4500,-30.3500,-11.3200,-11.3200,0.0,,0,none,19,guide
UCAUCUACAAGAUCUACUU,ACGAGCAAAAAUCAAAUUAAAGUAGAUCUUGUAGAUGAGAAUUUUACAGAAUUAAGA,0.6629381058911259,1,"-0.97,-2.35,-12.44,1,0,-172.08999999999997,0.3684210526315789,0,0.05263157894736842,0,0,0.0,-2.11,0.1111111111111111,0,0,0.0,-0.93,0,0.0,0,-2.35,0.05555555555555555,0",0.000,31.6,-1.4200,-28.6500,-11.2100,-11.2100,0.0,,0,none,19,guide
CUACAAGAUCUACUUUAAU,GGAGACGAGCAAAAAUCAAAUUAAAGUAGAUCUUGUAGAUGAGAAUUUUACAGAAUU,0.3415361670395228,0,"-1.43,-2.08,-10.48,0,0,-161.82,0.3684210526315789,0,0.05263157894736842,0,0,0.0,-1.33,0.16666666666666666,1,1,0.0,-1.1,0,0.0,0,-2.08,0.1111111111111111,0",0.000,26.3,-1.4300,-25.5800,-11.0400,-11.0400,0.0,,0,none,19,guide
GGUCUUUGUCCCAUAUGCU,GUGGUGGACACACUUGGCCAGCAUAUGGGACAAAGACCUCCUGUCCCUGAGCCUUXX,0.3959731543624161,0,"-1.63,-3.26,-13.39,0,1,-187.77,0.42105263157894735,0,0.21052631578947367,1,0,0.05555555555555555,-2.24,0.05555555555555555,0,0,0.1111111111111111,-2.08,0,0.05555555555555555,0,-1.1,0.1111111111111111,0",-0.500,47.4,-1.6300,-33.9700,-10.6400,-10.6400,0.0,,0,none,19,guide
GUCUUUGUCCCAUAUGCUG,GGUGGUGGACACACUUGGCCAGCAUAUGGGACAAAGACCUCCUGUCCCUGAGCCUUX,0.3855331841909023,0,"-0.13,-2.24,-11.4,0,1,-188.54,0.42105263157894735,0,0.21052631578947367,0,0,0.0,-2.35,0.05555555555555555,1,0,0.1111111111111111,-2.11,0,0.05555555555555555,0,-1.33,0.1111111111111111,0",0.000,47.4,-0.1300,-33.3200,-10.6400,-10.6400,0.0,,0,none,19,guide
GUCCCAUAUGCUGGCCAAG,UGAGCAGGUGGUGGACACACUUGGCCAGCAUAUGGGACAAAGACCUCCUGUCCCUGA,0.3877703206562267,0,"-0.16,-2.24,-11.4,0,1,-199.53999999999996,0.21052631578947367,0,0.2631578947368421,0,0,0.05555555555555555,-2.35,0.05555555555555555,1,0,0.16666666666666666,-2.08,0,0.1111111111111111,0,-3.26,0.0,0",-0.700,57.9,-0.1600,-38.1400,-13.4100,-13.4100,0.0,,0,none,19,guide
GCCAAGUGUGUCCACCACC,UCUCUGCUCUGACUGAGCAGGUGGUGGACACACUUGGCCAGCAUAUGGGACAAAGAC,0.3892617449664429,0,"-0.16,-3.42,-14.88,0,1,-203.77000000000004,0.15789473684210525,0,0.21052631578947367,0,1,0.0,-3.26,0.0,0,0,0.2222222222222222,-3.26,0,0.05555555555555555,0,-2.11,0.0,0",-0.700,63.2,-0.1600,-39.9800,-12.7300,-12.7300,0.0,,0,none,19,guide
ACCACCUGCUCAGUCAGAG,CGGCCUUGCUCCAUCUCUGCUCUGACUGAGCAGGUGGUGGACACACUUGGCCAGCAU,0.3489932885906041,0,"0.74,-2.24,-11.4,0,0,-200.01,0.15789473684210525,0,0.21052631578947367,0,0,0.0,-3.26,0.0,0,0,0.1111111111111111,-2.08,0,0.05555555555555555,0,-2.24,0.0,0",-0.800,57.9,0.2900,-38.6100,-15.0600,-15.0600,0.0,,0,none,19,guide
CUCAGUCAGAGCAGAGAUG,AGUCUCCUCGGCCUUGCUCCAUCUCUGCUCUGACUGAGCAGGUGGUGGACACACUUG,0.3184190902311707,0,"0.03,-2.08,-10.48,0,0,-198.89,0.15789473684210525,0,0.3157894736842105,0,0,0.0,-2.35,0.0,1,1,0.0,-2.11,0,0.05555555555555555,0,-2.08,0.0,0",-1.800,52.6,0.0300,-35.6400,-13.2400,-13.2400,0.0,,0,none,19,guide
CGAGGAGACUGGACAGCCA,GAAGGGGCAGAGCUACCACUGGCUGUCCAGUCUCCUCGGCCUUGCUCCAUCUCUGCU,0.5026099925428785,0,"-0.7,-2.36,-10.64,0,0,-204.16000000000003,0.05263157894736842,0,0.3684210526315789,0,0,0.1111111111111111,-2.35,0.0,0,1,0.05555555555555555,-2.11,0,0.05555555555555555,1,-2.24,0.0,1",-1.500,63.2,-0.7000,-40.0000,-14.4700,-14.4700,0.0,,0,none,19,guide
UGAUGGAGGGCUGGGUGGC,GUCACUACUCCCAGGAUCAGCCACCCAGCCCUCCAUCAGGUGAAGGACCAACUUUGG,0.45339299030574204,0,"1.76,-2.11,-10.44,1,0,-211.15,0.21052631578947367,0,0.5789473684210527,0,0,0.3333333333333333,-2.35,0.0,0,0,0.0,-3.42,0,0.1111111111111111,0,-3.26,0.0,0",-0.200,68.4,1.7600,-43.1000,-13.2500,-13.2500,0.0,,0,none,19,guide
UGGAGGGCUGGGUGGCUGA,CUAGUCACUACUCCCAGGAUCAGCCACCCAGCCCUCCAUCAGGUGAAGGACCAACUU,0.3818046234153617,0,"0.24,-2.11,-10.44,1,0,-208.53,0.21052631578947367,0,0.5789473684210527,0,0,0.3333333333333333,-3.26,0.0,0,0,0.0,-2.35,0,0.1111111111111111,0,-2.11,0.0,1",-2.600,68.4,0.2400,-43.3800,-17.6300,-17.6300,0.0,,0,none,19,guide
GGUGGCUGAUCCUGGGAGU,CCUCCCCCACCUAGUCACUACUCCCAGGAUCAGCCACCCAGCCCUCCAUCAGGUGAA,0.3333333333333333,0,"-1.47,-3.26,-13.39,0,1,-206.76,0.2631578947368421,0,0.4736842105263158,1,0,0.2222222222222222,-2.24,0.0,0,0,0.05555555555555555,-2.24,0,0.05555555555555555,0,-2.11,0.0,0",-0.600,63.2,-1.4700,-40.6300,-15.2200,-15.2200,0.0,,0,none,19,guide
GCUGAUCCUGGGAGUAGUG,GAUCCCUCCCCCACCUAGUCACUACUCCCAGGAUCAGCCACCCAGCCCUCCAUCAGG,0.3460104399701715,0,"-0.86,-3.42,-14.88,0,1,-201.87,0.2631578947368421,0,0.42105263157894735,0,1,0.1111111111111111,-2.08,0.05555555555555555,0,0,0.05555555555555555,-2.11,0,0.05555555555555555,0,-2.08,0.0,0",-1.700,57.9,-1.3100,-38.0200,-13.2500,-13.2500,0.0,,0,none,19,guide
GAUCCUGGGAGUAGUGACU,CCAGAUCCCUCCCCCACCUAGUCACUACUCCCAGGAUCAGCCACCCAGCCCUCCAUC,0.4817300521998509,0,"-1.17,-2.35,-12.44,0,1,-196.67,0.2631578947368421,0,0.3684210526315789,0,0,0.1111111111111111,-1.1,0.05555555555555555,0,0,0.05555555555555555,-2.08,0,0.0,0,-2.08,0.0,0",-0.600,52.6,-0.7200,-36.7800,-14.1600,-14.1600,0.0,,0,none,19,guide
CUGGCCCAAGACAAGGGCA,GUAGAUGGCCUGUGACCCUUGCCCUUGUCUUGGGCCAGAUCCCUCCCCCACCUAGUC,0.2759134973900075,0,"-0.87,-2.08,-10.48,0,0,-200.06,0.05263157894736842,0,0.3157894736842105,0,0,0.16666666666666666,-2.11,0.0,1,1,0.1111111111111111,-2.11,0,0.1111111111111111,0,-0.93,0.0,1",-6.900,63.2,-0.4200,-40.1800,-17.4200,-17.4200,0.0,,0,none,19,guide
AAGACAAGGGCAAGGGUCA,CCCUCAAGUAGAUGGCCUGUGACCCUUGCCCUUGUCUUGGGCCAGAUCCCUCCCCCA,0.4019388516032812,0,"0.73,-0.93,-6.82,0,0,-188.29,0.05263157894736842,0,0.3684210526315789,0,0,0.2222222222222222,-2.08,0.0,0,0,0.0,-2.11,0,0.05555555555555555,0,-2.08,0.0,1",-1.200,52.6,1.1800,-36.5100,-11.7900,-11.7900,0.0,,0,none,19,guide
UCACAGGCCAUCUACUUGA,GCGUACUCCAAAGCAUCCCUCAAGUAGAUGGCCUGUGACCCUUGCCCUUGUCUUGGG,0.5003728560775541,0,"0.0,-2.35,-12.44,1,0,-187.82,0.2631578947368421,0,0.15789473684210525,0,0,0.05555555555555555,-2.11,0.05555555555555555,0,0,0.05555555555555555,-2.35,0,0.05555555555555555,0,-1.33,0.05555555555555555,1",-1.000,47.4,0.0000,-34.7200,-15.2200,-15.2200,0.0,,0,none,19,guide
UUGUCGAACUUCUUAUGGC,AACAAAAACAAGCUCUACAGCCAUAAGAAGUUCGACAAGGUGCGUACUCCAAAGCAU,0.6607009694258017,1,"2.49,-0.93,-6.82,1,0,-177.89,0.42105263157894735,1,0.21052631578947367,0,0,0.05555555555555555,-2.11,0.05555555555555555,1,0,0.0,-3.42,0,0.05555555555555555,0,-0.93,0.16666666666666666,0",0.000,42.1,2.9400,-31.1600,-12.3400,-12.3400,0.0,,0,none,19,guide
UAUGGCUGUAGAGCUUGUU,GUUAACGUUCAUGAACAAAAACAAGCUCUACAGCCAUAAGAAGUUCGACAAGGUGCG,0.5712155108128263,1,"-0.4,-1.33,-7.69,1,0,-178.98,0.42105263157894735,0,0.3157894736842105,0,0,0.05555555555555555,-1.1,0.1111111111111111,0,0,0.0,-0.93,0,0.1111111111111111,0,-3.42,0.1111111111111111,0",-3.500,42.1,-0.4000,-32.7100,-14.0800,-14.0800,0.0,,0,none,19,guide
CCAGUCACACAGGAAGGAG,UGACCUCCAUCGGGGUGGGCUCCUUCCUGUGUGACUGGAUUUUGUUAACGUUCAUGA,0.3542132736763609,0,"-0.73,-3.26,-13.39,0,0,-198.58,0.05263157894736842,0,0.3157894736842105,0,0,0.1111111111111111,-2.11,0.0,0,1,0.05555555555555555,-2.08,1,0.0,0,-2.35,0.0,0",0.000,57.9,-1.1800,-37.8500,-13.1300,-13.1300,0.0,,0,none,19,guide
GGAGCCCACCCCGAUGGAG,AUCUGGCCACUGCUCUGACCUCCAUCGGGGUGGGCUCCUUCCUGUGUGACUGGAUUU,0.2870991797166294,0,"-0.73,-3.26,-13.39,0,1,-215.58,0.05263157894736842,0,0.3684210526315789,1,0,0.1111111111111111,-2.35,0.0,0,0,0.2777777777777778,-2.08,0,0.05555555555555555,0,-2.35,0.0,0",-1.600,73.7,-1.1800,-43.5800,-16.4800,-16.4800,0.0,,0,none,19,guide
GAGGUCAGAGCAGUGGCCA,AUUCCCACCAUCAUCAAUCUGGCCACUGCUCUGACCUCCAUCGGGGUGGGCUCCUUC,0.4250559284116331,0,"-1.14,-2.35,-12.44,0,1,-206.4,0.10526315789473684,0,0.42105263157894735,0,0,0.1111111111111111,-2.08,0.0,0,0,0.05555555555555555,-2.11,0,0.1111111111111111,0,-2.24,0.0,1",-6.600,63.2,-0.6900,-40.6200,-14.1200,-14.1200,0.0,,0,none,19,guide
GCAGUGGCCAGAUUGAUGA,UUCAGUCUCAUUCCCACCAUCAUCAAUCUGGCCACUGCUCUGACCUCCAUCGGGGUG,0.3214019388516033,0,"-1.52,-3.42,-14.88,0,1,-196.67,0.21052631578947367,0,0.3684210526315789,0,1,0.05555555555555555,-2.11,0.0,0,0,0.05555555555555555,-2.35,0,0.1111111111111111,0,-0.93,0.05555555555555555,1",-1.500,52.6,-1.5200,-36.3500,-15.2200,-15.2200,0.0,,0,none,19,guide
GGGAAUGAGACUGAAUUUC,UCGUGCAUGGACAGGCAGGGAAAUUCAGUCUCAUUCCCACCAUCAUCAAUCUGGCCA,0.2960477255779269,0,"-0.46,-3.26,-13.39,0,1,-184.65,0.2631578947368421,0,0.3157894736842105,1,0,0.1111111111111111,-3.26,0.0,0,0,0.0,-2.35,0,0.0,0,-2.35,0.1111111111111111,0",-0.800,42.1,-0.9100,-31.4200,-12.1000,-12.1000,0.0,,0,none,19,guide
GAAUGAGACUGAAUUUCCC,UAUCGUGCAUGGACAGGCAGGGAAAUUCAGUCUCAUUCCCACCAUCAUCAAUCUGGC,0.5413870246085011,1,"0.46,-2.35,-12.44,0,1,-184.65,0.2631578947368421,0,0.21052631578947367,0,0,0.0,-0.93,0.0,0,0,0.1111111111111111,-3.26,0,0.0,0,-1.1,0.1111111111111111,0",0.000,42.1,0.9100,-31.2200,-10.9200,-10.9200,0.0,,0,none,19,guide
GAGACUGAAUUUCCCUGCC,AUGUUAUCGUGCAUGGACAGGCAGGGAAAUUCAGUCUCAUUCCCACCAUCAUCAAUC,0.384041759880686,0,"0.46,-2.35,-12.44,0,1,-194.75999999999996,0.2631578947368421,0,0.21052631578947367,0,0,0.0,-2.08,0.0,0,0,0.16666666666666666,-3.26,0,0.05555555555555555,0,-3.26,0.1111111111111111,0",0.000,52.6,0.9100,-35.8000,-13.2100,-13.2100,0.0,,0,none,19,guide
CCAUGCACGAUAACAUCGA,AAAGCCUAUGGGAUUCGAAUCGAUGUUAUCGUGCAUGGACAGGCAGGGAAAUUCAGU,0.4280387770320656,0,"-1.36,-3.26,-13.39,0,0,-186.75,0.15789473684210525,0,0.15789473684210525,0,0,0.0,-2.11,0.05555555555555555,0,1,0.05555555555555555,-2.35,1,0.05555555555555555,0,-2.24,0.0,1",-1.100,47.4,-1.3600,-32.9900,-13.0900,-13.0900,0.0,,0,none,19,guide
AUUCGAAUCCCAUAGGCUU,ACCACUCGAACUCUCAUCAAAGCCUAUGGGAUUCGAAUCGAUGUUAUCGUGCAUGGA,0.5667412378821775,1,"-0.17,-1.1,-9.38,0,0,-179.64999999999995,0.3157894736842105,0,0.15789473684210525,0,0,0.05555555555555555,-0.93,0.05555555555555555,1,0,0.1111111111111111,-0.93,0,0.05555555555555555,0,-1.33,0.1111111111111111,0",0.000,42.1,-0.1700,-31.6600,-10.0200,-10.0200,0.0,,0,none,19,guide
GAUGAGAGUUCGAGUGGUG,ACAAGAUAAACGGCACUACCACCACUCGAACUCUCAUCAAAGCCUAUGGGAUUCGAA,0.482475764354959,0,"-0.24,-2.35,-12.44,0,1,-195.78,0.2631578947368421,0,0.4736842105263158,0,0,0.05555555555555555,-1.1,0.0,0,0,0.0,-2.11,0,0.0,0,-2.08,0.05555555555555555,0",0.000,52.6,-0.2400,-35.1000,-12.0700,-12.0700,0.0,,0,none,19,guide
GAGUUCGAGUGGUGGUAGU,GUAUUACAAGAUAAACGGCACUACCACCACUCGAACUCUCAUCAAAGCCUAUGGGAU,0.3251304996271439,0,"-1.01,-2.35,-12.44,0,1,-191.24000000000004,0.3157894736842105,0,0.4736842105263158,0,0,0.1111111111111111,-2.08,0.05555555555555555,0,0,0.0,-2.24,0,0.0,0,-2.11,0.05555555555555555,0",0.000,52.6,-0.5600,-35.5600,-12.3100,-12.3100,0.0,,0,none,19,guide
GUAGUGCCGUUUAUCUUGU,UUCAGGUUUGCCAAGUAUUACAAGAUAAACGGCACUACCACCACUCGAACUCUCAUC,0.3773303504847129,0,"-0.9,-2.24,-11.4,0,1,-176.67999999999995,0.4736842105263158,0,0.2631578947368421,0,0,0.0,-1.33,0.1111111111111111,1,0,0.05555555555555555,-2.24,0,0.05555555555555555,0,-1.1,0.16666666666666666,0",0.000,42.1,-0.4500,-30.9900,-14.4400,-14.4400,0.0,,0,none,19,guide
UAUCUUGUAAUACUUGGCA,CAGGCUACAACUUCAGGUUUGCCAAGUAUUACAAGAUAAACGGCACUACCACCACUC,0.5727069351230425,1,"0.33,-1.33,-7.69,1,0,-167.03000000000003,0.42105263157894735,0,0.15789473684210525,0,0,0.05555555555555555,-1.1,0.16666666666666666,0,0,0.0,-2.11,0,0.05555555555555555,0,-2.08,0.1111111111111111,1",0.000,31.6,0.7800,-28.3400,-10.8100,-10.8100,0.0,,0,none,19,guide
AUCUUGUAAUACUUGGCAA,UCAGGCUACAACUUCAGGUUUGCCAAGUAUUACAAGAUAAACGGCACUACCACCACU,0.4228187919463086,0,"-0.17,-1.1,-9.38,0,0,-166.15999999999997,0.3684210526315789,0,0.15789473684210525,0,0,0.05555555555555555,-2.35,0.1111111111111111,1,0,0.0,-0.93,0,0.05555555555555555,0,-0.93,0.1111111111111111,1",-0.200,31.6,-0.1700,-27.9400,-11.0400,-11.0400,0.0,,0,none,19,guide
GGCAAACCUGAAGUUGUAG,AAAGCAGCGUGUCCCCAGGCUACAACUUCAGGUUUGCCAAGUACUACAAAAUGGAAA,0.4250559284116331,0,"-0.73,-3.26,-13.39,0,1,-182.42,0.21052631578947367,0,0.3157894736842105,1,0,0.05555555555555555,-3.42,0.05555555555555555,0,0,0.05555555555555555,-2.08,0,0.05555555555555555,0,-2.24,0.05555555555555555,0",-0.900,47.4,-1.1800,-33.2400,-12.8900,-12.8900,0.0,,0,none,19,guide
AGCCUGAGGAGGCAGGGUC,GAGGCUCGACCCCAAGUAUGACCCUGCCUCCUCAGGCUACAACUUCAGGUUUGCCAA,0.4615958240119314,0,"1.17,-2.08,-10.48,0,0,-211.38,0.10526315789473684,0,0.4736842105263158,0,0,0.2222222222222222,-3.42,0.0,0,0,0.05555555555555555,-2.35,0,0.1111111111111111,0,-2.11,0.0,0",-6.200,68.4,0.7200,-42.9100,-15.3000,-15.3000,0.0,,0,none,19,guide
UUGCACUCUGAUUCAGACA,UGGAACUGUGACCUGGACUUGUCUGAAUCAGAGUGCAACCCCAAAUAUUCUUUCCGG,0.6032811334824758,1,"0.73,-0.93,-6.82,1,0,-183.05,0.3157894736842105,1,0.15789473684210525,0,0,0.0,-2.11,0.0,1,0,0.0,-2.11,0,0.05555555555555555,0,-2.35,0.1111111111111111,1",-1.400,42.1,1.1800,-32.2600,-14.3100,-14.3100,0.0,,0,none,19,guide
ACAAGUCCAGGUCACAGUU,UGGAGUCAUCAUCAACUGGAACUGUGACCUGGACUUGUCUGAAUCAGAGUGCAACCC,0.2878448918717375,0,"-0.86,-2.24,-11.4,0,0,-184.45,0.21052631578947367,0,0.21052631578947367,0,0,0.05555555555555555,-2.11,0.0,0,0,0.05555555555555555,-0.93,0,0.0,0,-2.11,0.05555555555555555,0",0.000,47.4,-1.3100,-34.3200,-12.9700,-12.9700,0.0,,0,none,19,guide
GUCCAGGUCACAGUUCCAG,UCAUUGGAGUCAUCAUCAACUGGAACUGUGACCUGGACUUGUCUGAAUCAGAGUGCA,0.5242356450410142,1,"-0.16,-2.24,-11.4,0,1,-199.5,0.21052631578947367,0,0.2631578947368421,0,0,0.05555555555555555,-2.35,0.0,1,0,0.1111111111111111,-2.08,0,0.0,0,-2.24,0.05555555555555555,0",-0.900,57.9,-0.1600,-37.8100,-15.3000,-15.3000,0.0,,0,none,19,guide
GUUCCAGUUGAUGAUGACU,ACAAGGGCGGUGUCAUUGGAGUCAUCAUCAACUGGAACUGUGACCUGGACUUGUCUG,0.2513049962714392,0,"-1.06,-2.24,-11.4,0,1,-185.14,0.3684210526315789,0,0.2631578947368421,0,0,0.0,-0.93,0.0,1,0,0.05555555555555555,-2.08,0,0.0,0,-2.35,0.1111111111111111,0",-0.300,42.1,-0.6100,-31.9000,-12.9700,-12.9700,0.0,,0,none,19,guide
AUGAUGACUCCAAUGACAC,GAACUGGCACACAAGGGCGGUGUCAUUGGAGUCAUCAUCAACUGGAACUGUGACCUG,0.4399701715137956,0,"1.59,-1.1,-9.38,0,0,-187.66,0.21052631578947367,0,0.15789473684210525,0,0,0.0,-2.11,0.0,1,0,0.05555555555555555,-2.24,0,0.0,0,-1.1,0.0,0",0.000,42.1,1.5900,-32.1500,-12.2600,-12.2600,0.0,,0,none,19,guide
GUUCUGUGAAGUUCUCUCC,UUUCAUUGUUGAGAAGGCAGGAGAGAACUUCACAGAACUGGCACACAAGGGCGGUGU,0.4601043997017151,0,"0.57,-2.24,-11.4,0,1,-189.44,0.42105263157894735,0,0.21052631578947367,0,0,0.0,-0.93,0.0,1,0,0.05555555555555555,-3.26,0,0.0,0,-2.35,0.1111111111111111,0",0.000,47.4,1.0200,-33.4700,-11.8200,-11.8200,0.0,,0,none,19,guide
GUUCUCUCCUGCCUUCUCA,UCAGGCUGGGUUUCAUUGUUGAGAAGGCAGGAGAGAACUUCACAGAACUGGCACACA,0.2408650260999254,0,"-1.03,-2.24,-11.4,0,1,-194.85,0.42105263157894735,0,0.10526315789473684,0,0,0.0,-0.93,0.0,1,0,0.1111111111111111,-2.11,0,0.05555555555555555,0,-2.08,0.1111111111111111,1",0.000,52.6,-0.5800,-36.1200,-12.1400,-12.1400,0.0,,0,none,19,guide
UCCUGCCUUCUCAACAAUG,CCAUCUUCAGGCUGGGUUUCAUUGUUGAGAAGGCAGGAGAGAACUUCACAGAACUGG,0.4578672632363907,0,"0.66,-2.35,-12.44,1,0,-186.09,0.3157894736842105,0,0.10526315789473684,0,0,0.0,-3.26,0.0,0,0,0.1111111111111111,-2.11,0,0.05555555555555555,0,-0.93,0.05555555555555555,0",0.000,47.4,0.2100,-33.6600,-16.2100,-16.2100,0.0,,0,none,19,guide
CAACAAUGAAACCCAGCCU,CCCAUACUGUCCCAUCUUCAGGCUGGGUUUCAUUGUUGAGAAGGCAGGAGAGAACUU,0.4839671886651752,0,"-0.93,-2.11,-10.44,0,0,-182.33999999999997,0.10526315789473684,0,0.10526315789473684,0,0,0.0,-0.93,0.0,0,1,0.16666666666666666,-2.08,0,0.05555555555555555,0,-3.26,0.0,0",0.000,47.4,-0.4800,-33.3600,-9.4200,-9.4200,0.0,,0,none,19,guide
AUGGGUCAGAGUCCUGAUC,CCUCAAGCAUUGCACAUUUGAUCAGGACUCUGACCCAUACUGUCCCAUCUUCAGGCU,0.6062639821029082,1,"1.7,-1.1,-9.38,0,0,-199.36,0.2631578947368421,0,0.3157894736842105,0,0,0.1111111111111111,-2.11,0.0,1,0,0.05555555555555555,-2.35,0,0.0,0,-3.26,0.0,0",-5.400,52.6,1.7000,-36.6400,-15.3300,-15.3300,0.0,,0,none,19,guide
AUGUGCAAUGCUUGAGGUA,UGCAAGCCAGAAGAGUGACUACCUCAAGCAUUGCACAUUUGAUCAGGACUCUGACCC,0.5391498881431768,1,"0.23,-1.1,-9.38,0,0,-180.59,0.3157894736842105,0,0.3157894736842105,0,0,0.05555555555555555,-2.11,0.05555555555555555,1,0,0.0,-1.33,0,0.1111111111111111,0,-2.11,0.05555555555555555,1",0.000,42.1,0.2300,-32.2400,-12.9200,-12.9200,0.0,,0,none,19,guide
UCACUCUUCUGGCUUGCAA,AAGUUCUCAAAGGGCAACAUUGCAAGCCAGAAGAGUGACUACCUCAAGCAUUGCACA,0.5428784489187174,1,"-0.97,-2.35,-12.44,1,0,-184.96,0.3684210526315789,0,0.15789473684210525,0,0,0.05555555555555555,-2.11,0.0,0,0,0.0,-0.93,0,0.1111111111111111,0,-2.08,0.1111111111111111,1",0.000,47.4,-1.4200,-34.3000,-11.7900,-11.7900,0.0,,0,none,19,guide
GAACUUGAACUUGGGGUAG,UCAUCAAGAACAGCAUCCACUACCCCAAGUUCAAGUUCUCAAAGGGCAACAUUGCAA,0.4683072334079045,0,"-0.27,-2.35,-12.44,0,1,-182.93,0.2631578947368421,0,0.3684210526315789,0,0,0.16666666666666666,-0.93,0.05555555555555555,0,0,0.0,-2.08,0,0.0,0,-3.26,0.1111111111111111,0",-0.400,47.4,-0.2700,-33.1200,-10.6400,-10.6400,0.0,,0,none,19,guide
UGGAUGCUGUUCUUGAUGA,GCCCCAAAUUUCACCAUCCUCAUCAAGAACAGCAUCCACUACCCCAAGUUCAAGUUC,0.4004474272930649,0,"0.24,-2.11,-10.44,1,0,-183.94,0.42105263157894735,0,0.3157894736842105,0,0,0.05555555555555555,-3.26,0.0,0,0,0.0,-2.35,0,0.05555555555555555,0,-0.93,0.1111111111111111,1",-0.300,42.1,0.2400,-32.3000,-14.3200,-14.3200,0.0,,0,none,19,guide
GAUGAGGAUGGUGAAAUUU,UUCUGGGUAAAAUGGCCCCAAAUUUCACCAUCCUCAUCAAGAACAGCAUCCACUACC,0.1759880686055182,0,"-1.87,-2.35,-12.44,0,1,-177.82999999999996,0.3157894736842105,0,0.3684210526315789,0,0,0.1111111111111111,-1.1,0.0,0,0,0.0,-0.93,0,0.0,0,-2.35,0.1111111111111111,0",0.000,36.8,-1.8700,-29.5000,-13.2500,-13.2500,0.0,,0,none,19,guide
CCCAGAAAAUGGUUGUCAG,CCGGUGGAGGAUGGAACUUCUGACAACCAUUUUCUGGGUAAAAUGGCCCCAAAUUUC,0.3005219985085757,0,"-0.73,-3.26,-13.39,0,0,-183.62,0.21052631578947367,0,0.2631578947368421,0,0,0.05555555555555555,-3.26,0.0,0,1,0.1111111111111111,-2.08,1,0.0,0,-0.93,0.05555555555555555,0",-1.900,47.4,-1.1800,-32.5900,-11.6600,-11.6600,0.0,,0,none,19,guide
GAAAAUGGUUGUCAGAAGU,GUGCCCGGUGGAGGAUGGAACUUCUGACAACCAUUUUCUGGGUAAAAUGGCCCCAAA,0.2498135719612229,0,"-1.01,-2.35,-12.44,0,1,-173.33999999999997,0.2631578947368421,0,0.3157894736842105,0,0,0.05555555555555555,-0.93,0.0,0,0,0.0,-2.24,0,0.0,0,-2.11,0.05555555555555555,0",0.000,36.8,-0.5600,-29.1300,-9.2600,-9.2600,0.0,,0,none,19,guide
GUUCCAUCCUCCACCGGGC,UGCGAGGUGUCAGCCUGGUGCCCGGUGGAGGAUGGAACUUCUGACAACCAUUUUCUG,0.360924683072334,0,"0.73,-2.24,-11.4,0,1,-209.92999999999995,0.21052631578947367,0,0.21052631578947367,0,0,0.1111111111111111,-0.93,0.0,1,0,0.2222222222222222,-3.42,0,0.05555555555555555,0,-2.24,0.05555555555555555,0",-0.900,68.4,1.1800,-41.4100,-12.1000,-12.1000,0.0,,0,none,19,guide
GACACCUCGCAGGUCUUGG,CCCUAUUACCAUGGGGACUCCAAGACCUGCGAGGUGUCAGCCUGGUGCCCGGUGGAG,0.5123042505592842,0,"0.46,-2.35,-12.44,0,1,-203.17999999999995,0.21052631578947367,0,0.3157894736842105,0,0,0.1111111111111111,-2.24,0.0,0,0,0.05555555555555555,-3.26,0,0.05555555555555555,0,-2.24,0.05555555555555555,0",-1.800,63.2,0.9100,-39.2400,-14.2800,-14.2800,0.0,,0,none,19,guide
AUAGGGUACACAGUGCCCU,AAGGCAAUGGGAUUCGCACAGGGCACUGUGUACCCUAUUACCAUGGGGACUCCAAGA,0.4101416853094706,0,"0.53,-1.1,-9.38,0,0,-190.51,0.21052631578947367,0,0.2631578947368421,0,0,0.1111111111111111,-1.33,0.1111111111111111,1,0,0.1111111111111111,-2.08,0,0.05555555555555555,0,-2.24,0.0,0",-8.700,52.6,0.9800,-36.9600,-13.5000,-13.5000,0.0,,0,none,19,guide
AGUGCCCUGUGCGAAUCCC,GCUGGACAUGCAAGGCAAUGGGAUUCGCACAGGGCACUGUGUACCCUAUUACCAUGG,0.4921700223713647,0,"1.63,-2.08,-10.48,0,0,-202.79,0.21052631578947367,0,0.2631578947368421,0,0,0.0,-2.24,0.0,0,0,0.2222222222222222,-3.26,0,0.1111111111111111,0,-2.35,0.0,0",-0.700,63.2,1.6300,-39.8000,-16.3700,-16.3700,0.0,,0,none,19,guide
UGCGAAUCCCAUUGCCUUG,UGCCGGACAGCUGGACAUGCAAGGCAAUGGGAUUCGCACAGGGCACUGUGUACCCUA,0.4802386278896346,0,"0.9,-2.11,-10.44,1,0,-189.58,0.3157894736842105,0,0.21052631578947367,0,0,0.0,-3.42,0.0,0,0,0.16666666666666666,-2.11,0,0.1111111111111111,0,-2.11,0.1111111111111111,0",-1.800,52.6,0.4500,-35.1000,-12.5100,-12.5100,0.0,,0,none,19,guide
CAUUGCCUUGCAUGUCCAG,CGACUGUAUUGCCGGACAGCUGGACAUGCAAGGCAAUGGGAUUCGCACAGGGCACUG,0.4116331096196868,0,"-0.03,-2.11,-10.44,0,0,-192.76999999999995,0.3157894736842105,0,0.21052631578947367,0,0,0.0,-1.1,0.0,0,1,0.1111111111111111,-2.08,0,0.1111111111111111,0,-2.11,0.1111111111111111,0",-0.400,52.6,-0.0300,-35.4400,-12.9000,-12.9000,0.0,,0,none,19,guide
CCUUGCAUGUCCAGCUGUC,GACGACGACUGUAUUGCCGGACAGCUGGACAUGCAAGGCAAUGGGAUUCGCACAGGG,0.2632363907531693,0,"-0.46,-3.26,-13.39,0,0,-200.45,0.3157894736842105,0,0.21052631578947367,0,0,0.0,-2.08,0.0,0,1,0.1111111111111111,-2.35,1,0.1111111111111111,0,-2.08,0.05555555555555555,0",-0.100,57.9,-0.9100,-37.7700,-11.7500,-11.7500,0.0,,0,none,19,guide
UCUGAAUGGCAGGUAGAGC,GAGAGCAUGAGGGUUCACAGCUCUACCUGCCAUUCAGACGACGACUGUAUUGCCGGA,0.5920954511558538,1,"1.52,-2.35,-12.44,1,0,-195.06,0.21052631578947367,0,0.3684210526315789,0,0,0.1111111111111111,-2.08,0.05555555555555555,0,0,0.0,-3.42,0,0.1111111111111111,0,-2.24,0.0,0",-1.400,52.6,1.5200,-36.5700,-10.6800,-10.6800,0.0,,0,none,19,guide
GAAUGGCAGGUAGAGCUGU,CCAGAGAGCAUGAGGGUUCACAGCUCUACCUGCCAUUCAGACGACGACUGUAUUGCC,0.3154362416107382,0,"-1.01,-2.35,-12.44,0,1,-194.02,0.21052631578947367,0,0.42105263157894735,0,0,0.1111111111111111,-0.93,0.05555555555555555,0,0,0.0,-2.24,0,0.1111111111111111,0,-2.35,0.0,0",-3.400,52.6,-0.5600,-36.4600,-12.9300,-12.9300,0.0,,0,none,19,guide
UGGCAGGUAGAGCUGUGAA,UGCCCAGAGAGCAUGAGGGUUCACAGCUCUACCUGCCAUUCAGACGACGACUGUAUU,0.3855331841909023,0,"-0.73,-2.11,-10.44,1,0,-191.36,0.21052631578947367,0,0.42105263157894735,0,0,0.1111111111111111,-3.26,0.05555555555555555,0,0,0.0,-0.93,0,0.1111111111111111,0,-2.08,0.0,1",-4.500,52.6,-1.1800,-36.9200,-16.3700,-16.3700,0.0,,0,none,19,guide
AUGUUCCCAAGGUCUGGGA,CAGGAUCGAGGUUACCCCUUCCCAGACCUUGGGAACAUGCCCAGAGAGCAUGAGGGU,0.3758389261744966,0,"0.8,-1.1,-9.38,0,0,-191.32,0.2631578947368421,0,0.3157894736842105,0,0,0.16666666666666666,-2.11,0.0,1,0,0.1111111111111111,-2.35,0,0.0,0,-2.35,0.05555555555555555,1",-5.600,52.6,1.2500,-36.6400,-14.1500,-14.1500,0.0,,0,none,19,guide
AAGGGGUAACCUCGAUCCU,UGUAGUCAGCAUCAUCACCAGGAUCGAGGUUACCCCUUCCCAGACCUUGGGAACAUG,0.5727069351230425,1,"0.7,-0.93,-6.82,0,0,-188.81,0.21052631578947367,0,0.2631578947368421,0,0,0.16666666666666666,-2.08,0.05555555555555555,0,0,0.1111111111111111,-2.08,0,0.0,0,-2.36,0.0,0",-2.900,52.6,1.1500,-35.9300,-15.4300,-15.4300,0.0,,0,none,19,guide
UCGAUCCUGGUGAUGAUGC,GAGGGGGGCAGUGUAGUCAGCAUCAUCACCAGGAUCGAGGUUACCCCUUCCCAGACC,0.5853840417598807,1,"1.52,-2.35,-12.44,1,0,-198.95,0.3157894736842105,0,0.3157894736842105,0,0,0.05555555555555555,-2.36,0.0,0,0,0.05555555555555555,-3.42,0,0.05555555555555555,0,-1.1,0.0,0",0.000,52.6,1.5200,-36.1700,-13.5000,-13.5000,0.0,,0,none,19,guide
GAUGAUGCUGACUACACUG,UAAAGCCCCCGGAGGGGGGCAGUGUAGUCAGCAUCAUCACCAGGAUCGAGGUUACCC,0.5846383296047726,1,"-0.24,-2.35,-12.44,0,1,-192.88,0.2631578947368421,0,0.2631578947368421,0,0,0.0,-1.1,0.05555555555555555,0,0,0.0,-2.11,0,0.05555555555555555,0,-1.33,0.0,0",0.000,47.4,-0.2400,-34.1200,-12.1900,-12.1900,0.0,,0,none,19,guide
GGGGCUUUACGUAUUCCUC,AGACAAAGUGUGGGACGUGGAGGAAUACGUAAAGCCCCCGGAGGGGGGCAGUGUAGU,0.2602535421327367,0,"-0.46,-3.26,-13.39,0,1,-189.33,0.3684210526315789,0,0.2631578947368421,1,0,0.16666666666666666,-3.26,0.1111111111111111,0,0,0.05555555555555555,-2.35,0,0.05555555555555555,0,-1.1,0.16666666666666666,0",-1.300,52.6,-0.9100,-35.1200,-13.8800,-13.8800,0.0,,0,none,19,guide
GUCCCACACUUUGUCUUCC,UCAAGGGGAUCACCAUGUCGGAAGACAAAGUGUGGGACGUGGAGGAAUACGUAAAGC,0.5182699478001491,0,"0.57,-2.24,-11.4,0,1,-192.22,0.3684210526315789,0,0.10526315789473684,0,0,0.0,-2.35,0.0,1,0,0.16666666666666666,-3.26,0,0.0,0,-2.24,0.16666666666666666,0",0.000,52.6,1.0200,-35.4800,-15.3300,-15.3300,0.0,,0,none,19,guide
UCCCACACUUUGUCUUCCG,GUCAAGGGGAUCACCAUGUCGGAAGACAAAGUGUGGGACGUGGAGGAAUACGUAAAG,0.4817300521998509,0,"0.46,-2.35,-12.44,1,0,-187.73999999999995,0.3684210526315789,0,0.10526315789473684,0,0,0.0,-3.26,0.0,0,0,0.16666666666666666,-2.36,0,0.0,0,-2.35,0.16666666666666666,0",0.000,52.6,0.4600,-34.9000,-15.2200,-15.2200,0.0,,0,none,19,guide
UGGUGAUCCCCUUGACUUU,GGAGAGCUCCAUCAUCACCAAAGUCAAGGGGAUCACCAUGUCGGAAGACAAAGUGUG,0.4936614466815809,0,"-0.73,-2.11,-10.44,1,0,-184.75,0.42105263157894735,0,0.21052631578947367,0,0,0.05555555555555555,-3.26,0.0,0,0,0.16666666666666666,-0.93,0,0.0,0,-2.11,0.16666666666666666,0",-0.800,47.4,-1.1800,-34.1600,-13.4100,-13.4100,0.0,,0,none,19,guide
CUUGACUUUGGUGAUGAUG,AGACCGGACCGGAGAGCUCCAUCAUCACCAAAGUCAAGGGGAUCACCAUGUCGGAAG,0.5331841909023117,1,"0.03,-2.08,-10.48,0,0,-182.28,0.42105263157894735,0,0.3157894736842105,0,0,0.05555555555555555,-0.93,0.0,1,1,0.0,-2.11,0,0.0,0,-2.35,0.16666666666666666,0",0.000,42.1,0.0300,-30.9000,-10.6400,-10.6400,0.0,,0,none,19,guide
UGAUGAUGGAGCUCUCCGG,CCAGGACAGCGAGACCGGACCGGAGAGCUCCAUCAUCACCAAAGUCAAGGGGAUCAC,0.4041759880686055,0,"1.6,-2.11,-10.44,1,0,-202.07999999999996,0.2631578947368421,0,0.3684210526315789,0,0,0.1111111111111111,-2.35,0.0,0,0,0.05555555555555555,-3.26,0,0.05555555555555555,0,-2.35,0.0,0",-2.100,57.9,1.6000,-37.9900,-11.1200,-11.1200,0.0,,0,none,19,guide
CCGGUCUCGCUGUCCUGGU,UUCAUCGUGCAGAAAAGCUACCAGGACAGCGAGACCGGACCGGAGAGCUCCAUCAUC,0.3691275167785235,0,"-1.47,-3.26,-13.39,0,0,-206.23,0.3157894736842105,0,0.3157894736842105,0,0,0.1111111111111111,-2.36,0.0,0,1,0.1111111111111111,-2.24,1,0.05555555555555555,0,-2.35,0.0,0",-2.800,68.4,-1.4700,-41.3200,-14.6400,-14.6400,0.0,,0,none,19,guide
GUCUCGCUGUCCUGGUAGC,GUCUUCAUCGUGCAGAAAAGCUACCAGGACAGCGAGACCGGACCGGAGAGCUCCAUC,0.4511558538404175,0,"0.73,-2.24,-11.4,0,1,-205.58,0.3157894736842105,0,0.3157894736842105,0,0,0.05555555555555555,-2.35,0.05555555555555555,1,0,0.05555555555555555,-3.42,0,0.1111111111111111,0,-2.11,0.0,0",-1.500,63.2,1.1800,-39.7700,-14.6400,-14.6400,0.0,,0,none,19,guide
CUGGUAGCUUUUCUGCACG,UCGUGUGGUACGUCUUCAUCGUGCAGAAAAGCUACCAGGACAGCGAGACCGGACCGG,0.6002982848620433,1,"-0.17,-2.08,-10.48,0,0,-186.80999999999997,0.3684210526315789,0,0.2631578947368421,0,0,0.05555555555555555,-2.11,0.05555555555555555,1,1,0.0,-2.36,0,0.1111111111111111,0,-2.08,0.16666666666666666,0",-2.200,52.6,0.2800,-34.4700,-14.4400,-14.4400,0.0,,0,none,19,guide
UGGUAGCUUUUCUGCACGA,UUCGUGUGGUACGUCUUCAUCGUGCAGAAAAGCUACCAGGACAGCGAGACCGGACCG,0.5533184190902312,1,"0.24,-2.11,-10.44,1,0,-181.33,0.3684210526315789,0,0.2631578947368421,0,0,0.05555555555555555,-3.26,0.05555555555555555,0,0,0.0,-2.35,0,0.1111111111111111,0,-2.11,0.16666666666666666,1",-2.200,47.4,0.2400,-33.8400,-14.4100,-14.4100,0.0,,0,none,19,guide
UUCUGCACGAUGAAGACGU,CUGCUUUACUUCGUGUGGUACGUCUUCAUCGUGCAGAAAAGCUACCAGGACAGCGAG,0.6353467561521253,1,"0.86,-0.93,-6.82,1,0,-184.37,0.2631578947368421,1,0.2631578947368421,0,0,0.0,-2.35,0.0,1,0,0.0,-2.24,0,0.05555555555555555,0,-0.93,0.05555555555555555,0",-0.200,47.4,1.3100,-33.0700,-14.3100,-14.3100,0.0,,0,none,19,guide
GAAGUAAAGCAGGAUGAGA,UGCACCGCAUGGUGCAGCUUCUCAUCCUGCUUUACUUCGUGUGGUACGUCUUCAUCG,0.4571215510812826,0,"-0.9,-2.35,-12.44,0,1,-182.43,0.10526315789473684,0,0.3684210526315789,0,0,0.05555555555555555,-0.93,0.05555555555555555,0,0,0.0,-2.35,0,0.05555555555555555,0,-2.35,0.0,1",0.000,42.1,-0.4500,-31.9900,-8.4400,-8.4400,0.0,,0,none,19,guide
CAGGCGCCGAUUCCGCACC,XGACGCCUAAGGUGAUCGUGGUGCGGAAUCGGCGCCUGGGAUUCGUGCACCGCAUGG,0.5167785234899328,0,"0.7,-2.11,-10.44,0,0,-210.35,0.10526315789473684,0,0.2631578947368421,0,0,0.05555555555555555,-2.08,0.0,0,1,0.16666666666666666,-3.26,0,0.16666666666666666,0,-3.26,0.05555555555555555,0",-2.400,73.7,1.1500,-42.0600,-17.8000,-17.8000,0.0,,0,none,19,guide
UAGCCUAGUCCAUGCUCUA,CCCAAGCCAUAGAAACAGCUAGAGCAUGGACUAGGCUAUAUGCCXXXXXXXXXXXXX,0.5503355704697986,1,"0.0,-1.33,-7.69,1,0,-187.5,0.3157894736842105,0,0.15789473684210525,0,0,0.0,-2.08,0.16666666666666666,0,0,0.1111111111111111,-1.33,0,0.1111111111111111,0,-2.11,0.0,1",0.000,47.4,0.0000,-35.2200,-14.2500,-14.2500,0.0,,0,none,19,guide
UCCAUGCUCUAGCUGUUUC,CAACGAAGCCCAAGCCAUAGAAACAGCUAGAGCAUGGACUAGGCUAUAUGCCXXXXX,0.7479492915734526,1,"0.9,-2.35,-12.44,1,0,-188.49,0.42105263157894735,0,0.15789473684210525,0,0,0.0,-3.26,0.05555555555555555,0,0,0.05555555555555555,-2.35,0,0.1111111111111111,0,-2.08,0.1111111111111111,0",-0.200,47.4,0.4500,-34.2400,-14.0800,-14.0800,0.0,,0,none,19,guide
AUGCUCUAGCUGUUUCUAU,GACCAACGAAGCCCAAGCCAUAGAAACAGCUAGAGCAUGGACUAGGCUAUAUGCCXX,0.6845637583892618,1,"0.0,-1.1,-9.38,0,0,-176.04999999999995,0.4736842105263158,0,0.15789473684210525,0,0,0.0,-2.11,0.1111111111111111,1,0,0.0,-1.1,0,0.1111111111111111,0,-0.93,0.1111111111111111,0",0.000,36.8,0.0000,-30.4800,-13.3700,-13.3700,0.0,,0,none,19,guide
UGCUCUAGCUGUUUCUAUG,AGACCAACGAAGCCCAAGCCAUAGAAACAGCUAGAGCAUGGACUAGGCUAUAUGCCX,0.7106636838180462,1,"0.9,-2.11,-10.44,1,0,-180.83,0.4736842105263158,0,0.21052631578947367,0,0,0.0,-3.42,0.1111111111111111,0,0,0.0,-2.11,0,0.1111111111111111,0,-0.93,0.1111111111111111,0",0.000,42.1,0.4500,-31.8400,-13.3400,-13.3400,0.0,,0,none,19,guide
CUAGCUGUUUCUAUGGCUU,UGGAAGACCAACGAAGCCCAAGCCAUAGAAACAGCUAGAGCAUGGACUAGGCUAUAU,0.674123788217748,1,"-1.6,-2.08,-10.48,0,0,-178.16,0.4736842105263158,0,0.21052631578947367,0,0,0.05555555555555555,-1.33,0.1111111111111111,1,1,0.0,-0.93,0,0.1111111111111111,0,-1.1,0.16666666666666666,0",-4.000,42.1,-1.6000,-31.7700,-13.2600,-13.2600,0.0,,0,none,19,guide
GCUGUUUCUAUGGCUUGGG,CAGUGGAAGACCAACGAAGCCCAAGCCAUAGAAACAGCUAGAGCAUGGACUAGGCUA,0.4489187173750932,0,"-0.16,-3.42,-14.88,0,1,-190.45,0.42105263157894735,0,0.3684210526315789,0,1,0.16666666666666666,-2.08,0.05555555555555555,0,0,0.0,-3.26,0,0.1111111111111111,0,-3.42,0.16666666666666666,0",-3.100,52.6,-0.1600,-35.4100,-10.6400,-10.6400,0.0,,0,none,19,guide
UGUUUCUAUGGCUUGGGCU,AGCAGUGGAAGACCAACGAAGCCCAAGCCAUAGAAACAGCUAGAGCAUGGACUAGGC,0.6838180462341537,1,"-0.03,-2.11,-10.44,1,0,-183.01,0.4736842105263158,0,0.3157894736842105,0,0,0.16666666666666666,-2.24,0.05555555555555555,0,0,0.0,-2.08,0,0.1111111111111111,0,-0.93,0.16666666666666666,0",-0.600,47.4,-0.0300,-34.5100,-9.8600,-9.8600,0.0,,0,none,19,guide
GUUUCUAUGGCUUGGGCUU,GAGCAGUGGAAGACCAACGAAGCCCAAGCCAUAGAAACAGCUAGAGCAUGGACUAGG,0.4556301267710663,0,"-1.76,-2.24,-11.4,0,1,-183.11,0.4736842105263158,0,0.3157894736842105,0,0,0.16666666666666666,-0.93,0.05555555555555555,1,0,0.0,-0.93,0,0.1111111111111111,0,-2.11,0.2222222222222222,0",-0.900,47.4,-1.7600,-33.8800,-8.7200,-8.7200,0.0,,0,none,19,guide
UUUCUAUGGCUUGGGCUUC,GGAGCAGUGGAAGACCAACGAAGCCCAAGCCAUAGAAACAGCUAGAGCAUGGACUAG,0.6733780760626399,1,"1.87,-0.93,-6.82,1,0,-184.15,0.4736842105263158,1,0.2631578947368421,0,0,0.16666666666666666,-0.93,0.05555555555555555,1,0,0.0,-2.35,0,0.1111111111111111,0,-3.26,0.2222222222222222,0",-0.900,47.4,1.8700,-33.6400,-9.9000,-9.9000,0.0,,0,none,19,guide
UUCUAUGGCUUGGGCUUCG,CGGAGCAGUGGAAGACCAACGAAGCCCAAGCCAUAGAAACAGCUAGAGCAUGGACUA,0.6271439224459359,1,"1.43,-0.93,-6.82,1,0,-187.97,0.42105263157894735,1,0.3157894736842105,0,0,0.16666666666666666,-2.35,0.05555555555555555,1,0,0.0,-2.36,0,0.1111111111111111,0,-3.26,0.16666666666666666,0",-0.900,52.6,1.8800,-35.4200,-12.2300,-12.2300,0.0,,0,none,19,guide
UCUAUGGCUUGGGCUUCGU,GCGGAGCAGUGGAAGACCAACGAAGCCCAAGCCAUAGAAACAGCUAGAGCAUGGACU,0.5779269202087994,1,"-0.11,-2.35,-12.44,1,0,-188.83,0.42105263157894735,0,0.3157894736842105,0,0,0.16666666666666666,-2.08,0.05555555555555555,0,0,0.0,-2.24,0,0.1111111111111111,0,-3.42,0.1111111111111111,0",-0.900,52.6,-0.1100,-36.1800,-13.3000,-13.3000,0.0,,0,none,19,guide
UAUGGCUUGGGCUUCGUUG,UAGCGGAGCAGUGGAAGACCAACGAAGCCCAAGCCAUAGAAACAGCUAGAGCAUGGA,0.7009694258016406,1,"1.23,-1.33,-7.69,1,0,-186.89,0.42105263157894735,0,0.3684210526315789,0,0,0.16666666666666666,-1.1,0.05555555555555555,0,0,0.0,-2.11,0,0.1111111111111111,0,-0.93,0.16666666666666666,0",-0.900,52.6,1.2300,-35.1400,-12.9000,-12.9000,0.0,,0,none,19,guide
UUGGGCUUCGUUGGUCUUC,AUGAUGUAGCGGAGCAGUGGAAGACCAACGAAGCCCAAGCCAUAGAAACAGCUAGAG,0.6368381804623415,1,"1.87,-0.93,-6.82,1,0,-187.6,0.4736842105263158,1,0.3157894736842105,0,0,0.16666666666666666,-2.11,0.0,1,0,0.0,-2.35,0,0.05555555555555555,0,-3.26,0.2222222222222222,0",-3.400,52.6,1.8700,-35.2500,-15.0600,-15.0600,0.0,,0,none,19,guide
CUUCGUUGGUCUUCCACUG,AGCAAAUGAUGUAGCGGAGCAGUGGAAGACCAACGAAGCCCAAGCCAUAGAAACAGC,0.5816554809843401,1,"0.03,-2.08,-10.48,0,0,-188.55,0.42105263157894735,0,0.21052631578947367,0,0,0.05555555555555555,-0.93,0.0,1,1,0.05555555555555555,-2.11,0,0.0,0,-2.35,0.16666666666666666,0",-1.600,52.6,0.0300,-34.4200,-10.9200,-10.9200,0.0,,0,none,19,guide
GGUCUUCCACUGCUCCGCU,AUCCAUUAGCAAAUGAUGUAGCGGAGCAGUGGAAGACCAACGAAGCCCAAGCCAUAG,0.3273676360924683,0,"-1.63,-3.26,-13.39,0,1,-202.98,0.3157894736842105,0,0.21052631578947367,1,0,0.05555555555555555,-2.24,0.0,0,0,0.1111111111111111,-2.08,0,0.1111111111111111,0,-2.08,0.05555555555555555,0",-1.000,63.2,-1.6300,-39.8900,-13.2100,-13.2100,0.0,,0,none,19,guide
GUCUUCCACUGCUCCGCUA,GAUCCAUUAGCAAAUGAUGUAGCGGAGCAGUGGAAGACCAACGAAGCCCAAGCCAUA,0.2997762863534676,0,"-1.36,-2.24,-11.4,0,1,-197.28,0.3157894736842105,0,0.15789473684210525,0,0,0.0,-2.35,0.05555555555555555,1,0,0.1111111111111111,-1.33,0,0.1111111111111111,0,-2.35,0.05555555555555555,1",0.000,57.9,-1.3600,-37.9100,-13.0800,-13.0800,0.0,,0,none,19,guide
CUGCUCCGCUACAUCAUUU,AUCCAGAUGAUCCAUUAGCAAAUGAUGUAGCGGAGCAGUGGAAGACCAACGAAGCCC,0.3221476510067114,0,"-1.6,-2.08,-10.48,0,0,-185.59,0.3684210526315789,0,0.10526315789473684,0,0,0.0,-2.11,0.05555555555555555,1,1,0.05555555555555555,-0.93,0,0.1111111111111111,0,-1.1,0.1111111111111111,0",0.000,47.4,-1.6000,-33.0700,-15.5800,-15.5800,0.0,,0,none,19,guide
UGCUCCGCUACAUCAUUUG,AAUCCAGAUGAUCCAUUAGCAAAUGAUGUAGCGGAGCAGUGGAAGACCAACGAAGCC,0.4787472035794183,0,"0.9,-2.11,-10.44,1,0,-185.55,0.3684210526315789,0,0.15789473684210525,0,0,0.0,-3.42,0.05555555555555555,0,0,0.05555555555555555,-2.11,0,0.1111111111111111,0,-2.35,0.1111111111111111,0",0.000,47.4,0.4500,-33.4500,-16.8900,-16.8900,0.0,,0,none,19,guide
GCUCCGCUACAUCAUUUGC,CAAUCCAGAUGAUCCAUUAGCAAAUGAUGUAGCGGAGCAGUGGAAGACCAACGAAGC,0.3713646532438479,0,"0.0,-3.42,-14.88,0,1,-193.71,0.3157894736842105,0,0.15789473684210525,0,1,0.0,-2.08,0.05555555555555555,0,0,0.05555555555555555,-3.42,0,0.16666666666666666,0,-2.11,0.1111111111111111,0",0.000,52.6,0.0000,-35.3100,-15.5500,-15.5500,0.0,,0,none,19,guide
CGCUACAUCAUUUGCUAAU,CUCCCAAUCCAGAUGAUCCAUUAGCAAAUGAUGUAGCGGAGCAGUGGAAGACCAACG,0.2550335570469799,0,"-1.26,-2.36,-10.64,0,0,-173.16999999999996,0.3684210526315789,0,0.10526315789473684,0,0,0.0,-3.42,0.1111111111111111,0,1,0.0,-1.1,0,0.1111111111111111,1,-2.11,0.1111111111111111,0",-0.400,36.8,-1.7100,-28.9400,-12.2800,-12.2800,0.0,,0,none,19,guide
GCUACAUCAUUUGCUAAUG,GCUCCCAAUCCAGAUGAUCCAUUAGCAAAUGAUGUAGCGGAGCAGUGGAAGACCAAC,0.2252050708426547,0,"-0.86,-3.42,-14.88,0,1,-176.68999999999997,0.3684210526315789,0,0.15789473684210525,0,1,0.0,-2.08,0.1111111111111111,0,0,0.0,-2.11,0,0.1111111111111111,0,-3.42,0.1111111111111111,0",-0.200,36.8,-1.3100,-29.1900,-11.2100,-11.2100,0.0,,0,none,19,guide
CUACAUCAUUUGCUAAUGG,UGCUCCCAAUCCAGAUGAUCCAUUAGCAAAUGAUGUAGCGGAGCAGUGGAAGACCAA,0.5809097688292321,1,"0.73,-2.08,-10.48,0,0,-175.2,0.3684210526315789,0,0.15789473684210525,0,0,0.05555555555555555,-1.33,0.1111111111111111,1,1,0.0,-3.26,0,0.05555555555555555,0,-2.08,0.1111111111111111,0",-0.900,36.8,1.1800,-28.8300,-11.2400,-11.2400,0.0,,0,none,19,guide
CAUCAUUUGCUAAUGGAUC,AAGUGCUCCCAAUCCAGAUGAUCCAUUAGCAAAUGAUGUAGCGGAGCAGUGGAAGAC,0.4571215510812826,0,"0.24,-2.11,-10.44,0,0,-179.89,0.3684210526315789,0,0.15789473684210525,0,0,0.05555555555555555,-1.1,0.05555555555555555,0,1,0.0,-2.35,0,0.05555555555555555,0,-1.1,0.1111111111111111,0",-0.900,36.8,0.2400,-28.9800,-8.5200,-8.5200,0.0,,0,none,19,guide
AUCAUUUGCUAAUGGAUCA,UAAGUGCUCCCAAUCCAGAUGAUCCAUUAGCAAAUGAUGUAGCGGAGCAGUGGAAGA,0.5234899328859061,1,"0.56,-1.1,-9.38,0,0,-172.45,0.3684210526315789,0,0.15789473684210525,0,0,0.05555555555555555,-2.35,0.05555555555555555,1,0,0.0,-2.11,0,0.05555555555555555,0,-2.11,0.1111111111111111,1",-0.900,31.6,1.0100,-28.2800,-9.5300,-9.5300,0.0,,0,none,19,guide
UGCUAAUGGAUCAUCUGGA,CCUUGUUAAGUGCUCCCAAUCCAGAUGAUCCAUUAGCAAAUGAUGUAGCGGAGCAGU,0.6405667412378822,1,"0.24,-2.11,-10.44,1,0,-185.73999999999995,0.3157894736842105,0,0.2631578947368421,0,0,0.1111111111111111,-3.42,0.05555555555555555,0,0,0.0,-2.35,0,0.05555555555555555,0,-1.1,0.0,1",0.000,42.1,0.2400,-33.0100,-10.9700,-10.9700,0.0,,0,none,19,guide
UGGAUCAUCUGGAUUGGGA,UCCAGGCCUUGUUAAGUGCUCCCAAUCCAGAUGAUCCAUUAGCAAAUGAUGUAGCGG,0.5846383296047726,1,"0.24,-2.11,-10.44,1,0,-191.91,0.3157894736842105,0,0.3684210526315789,0,0,0.2222222222222222,-3.26,0.0,0,0,0.0,-2.35,0,0.0,0,-1.1,0.05555555555555555,1",-1.500,47.4,0.2400,-34.7500,-12.2700,-12.2700,0.0,,0,none,19,guide
GGAUCAUCUGGAUUGGGAG,AUCCAGGCCUUGUUAAGUGCUCCCAAUCCAGAUGAUCCAUUAGCAAAUGAUGUAGCG,0.4377330350484713,0,"-0.73,-3.26,-13.39,0,1,-199.39,0.2631578947368421,0,0.42105263157894735,1,0,0.2222222222222222,-2.35,0.0,0,0,0.0,-2.08,0,0.0,0,-0.93,0.05555555555555555,0",-0.800,52.6,-1.1800,-36.1200,-11.3600,-11.3600,0.0,,0,none,19,guide
GAUAGCAGAACUGUGCGGA,UGGUCCCCAGCACUGCAGAUCCGCACAGUUCUGCUAUCGAUCCAGGCCUUGUUAAGU,0.4735272184936615,0,"-0.9,-2.35,-12.44,0,1,-193.23,0.15789473684210525,0,0.3684210526315789,0,0,0.05555555555555555,-1.1,0.05555555555555555,0,0,0.0,-2.35,0,0.1111111111111111,0,-2.24,0.0,1",-2.600,52.6,-0.4500,-35.9800,-12.1200,-12.1200,0.0,,0,none,19,guide
AUAGCAGAACUGUGCGGAU,GUGGUCCCCAGCACUGCAGAUCCGCACAGUUCUGCUAUCGAUCCAGGCCUUGUUAAG,0.4041759880686055,0,"0.0,-1.1,-9.38,0,0,-186.45,0.21052631578947367,0,0.3157894736842105,0,0,0.05555555555555555,-1.33,0.05555555555555555,1,0,0.0,-1.1,0,0.1111111111111111,0,-2.11,0.0,0",-2.600,47.4,0.0000,-34.0300,-13.3700,-13.3700,0.0,,0,none,19,guide
CAGAACUGUGCGGAUCUGC,AUAAGUGGUCCCCAGCACUGCAGAUCCGCACAGUUCUGCUAUCGAUCCAGGCCUUGU,0.6435495898583147,1,"0.86,-2.11,-10.44,0,0,-199.7,0.21052631578947367,0,0.3157894736842105,0,0,0.05555555555555555,-2.08,0.0,0,1,0.0,-3.42,0,0.1111111111111111,0,-2.35,0.0,0",-2.600,57.9,1.3100,-36.9100,-11.7900,-11.7900,0.0,,0,none,19,guide
AUCUGCAGUGCUGGGGACC,GAUAUUUUGAAAGAUAAGUGGUCCCCAGCACUGCAGAUCCGCACAGUUCUGCUAUCG,0.4638329604772558,0,"2.16,-1.1,-9.38,0,0,-206.25,0.21052631578947367,0,0.3684210526315789,0,0,0.16666666666666666,-2.35,0.0,1,0,0.05555555555555555,-3.26,0,0.1111111111111111,0,-3.26,0.0,0",-3.000,63.2,2.6100,-40.5500,-14.1500,-14.1500,0.0,,0,none,19,guide
CUGCAGUGCUGGGGACCAC,UAGAUAUUUUGAAAGAUAAGUGGUCCCCAGCACUGCAGAUCCGCACAGUUCUGCUAU,0.4429530201342281,0,"0.16,-2.08,-10.48,0,0,-209.99000000000004,0.15789473684210525,0,0.3684210526315789,0,0,0.16666666666666666,-2.11,0.0,1,1,0.05555555555555555,-2.24,0,0.1111111111111111,0,-3.26,0.0,0",-1.600,68.4,0.1600,-42.3500,-14.0700,-14.0700,0.0,,0,none,19,guide
GCAGUGCUGGGGACCACUU,UCUAGAUAUUUUGAAAGAUAAGUGGUCCCCAGCACUGCAGAUCCGCACAGUUCUGCU,0.3594332587621178,0,"-2.49,-3.42,-14.88,0,1,-202.65,0.21052631578947367,0,0.3684210526315789,0,1,0.16666666666666666,-2.11,0.0,0,0,0.05555555555555555,-0.93,0,0.1111111111111111,0,-2.24,0.05555555555555555,0",-1.700,63.2,-2.9400,-40.4700,-14.0400,-14.0400,0.0,,0,none,19,guide
GGGGACCACUUAUCUUUCA,AGAAUAUGUCUAGAUAUUUUGAAAGAUAAGUGGUCCCCAGCACUGCAGAUCCGCACA,0.2572706935123042,0,"-1.6,-3.26,-13.39,0,1,-185.72,0.3157894736842105,0,0.21052631578947367,1,0,0.16666666666666666,-3.26,0.05555555555555555,0,0,0.05555555555555555,-2.11,0,0.0,0,-2.35,0.16666666666666666,1",0.000,47.4,-1.6000,-34.0800,-16.4800,-16.4800,0.0,,0,none,19,guide
GACCACUUAUCUUUCAAAA,GGAAGAAUAUGUCUAGAUAUUUUGAAAGAUAAGUGGUCCCCAGCACUGCAGAUCCGC,0.2647278150633855,0,"-1.87,-2.35,-12.44,0,1,-166.00999999999996,0.3157894736842105,0,0.05263157894736842,0,0,0.0,-2.24,0.05555555555555555,0,0,0.05555555555555555,-0.93,0,0.0,0,-0.93,0.16666666666666666,1",0.000,31.6,-1.8700,-27.0400,-12.8600,-12.8600,0.0,,0,none,19,guide
CUUAUCUUUCAAAAUAUCU,AGUUGGGAAGAAUAUGUCUAGAUAUUUUGAAAGAUAAGUGGUCCCCAGCACUGCAGA,0.4258016405667412,0,"-0.9,-2.08,-10.48,0,0,-156.30999999999997,0.4736842105263158,0,0.0,0,0,0.0,-0.93,0.1111111111111111,1,1,0.0,-2.08,0,0.0,0,-0.93,0.16666666666666666,0",0.000,21.1,-0.4500,-22.6500,-8.7200,-8.7200,0.0,,0,none,19,guide
UUAUCUUUCAAAAUAUCUA,AAGUUGGGAAGAAUAUGUCUAGAUAUUUUGAAAGAUAAGUGGUCCCCAGCACUGCAG,0.6010439970171514,1,"0.4,-0.93,-6.82,1,0,-149.79999999999995,0.4736842105263158,1,0.0,0,0,0.0,-1.33,0.16666666666666666,1,0,0.0,-1.33,0,0.0,0,-1.1,0.16666666666666666,1",0.000,15.8,0.4000,-21.5500,-8.7200,-8.7200,0.0,,0,none,19,guide
UAUCUUUCAAAAUAUCUAG,CAAGUUGGGAAGAAUAUGUCUAGAUAUUUUGAAAGAUAAGUGGUCCCCAGCACUGCA,0.6383296047725577,1,"1.2,-1.33,-7.69,1,0,-157.17999999999995,0.42105263157894735,0,0.05263157894736842,0,0,0.0,-1.1,0.16666666666666666,0,0,0.0,-2.08,0,0.0,0,-1.33,0.1111111111111111,0",0.000,21.1,1.2000,-23.2000,-9.7400,-9.7400,0.0,,0,none,19,guide
UUUCAAAAUAUCUAGACAU,UAGACAAGUUGGGAAGAAUAUGUCUAGAUAUUUUGAAAGAUAAGUGGUCCCCAGCAC,0.5659955257270693,1,"0.17,-0.93,-6.82,1,0,-157.13,0.3684210526315789,1,0.05263157894736842,0,0,0.0,-0.93,0.1111111111111111,1,0,0.0,-1.1,0,0.0,0,-1.33,0.1111111111111111,0",0.000,21.1,0.1700,-23.6400,-8.1800,-8.1800,0.0,,0,none,19,guide
CUAGACAUAUUCUUCCCAA,UCAUCCUAAUGUAGACAAGUUGGGAAGAAUAUGUCUAGAUAUUUUGAAAGAUAAGUG,0.3937360178970917,0,"-1.6,-2.08,-10.48,0,0,-175.08999999999997,0.3157894736842105,0,0.05263157894736842,0,0,0.0,-1.33,0.1111111111111111,1,1,0.1111111111111111,-0.93,0,0.0,0,-0.93,0.1111111111111111,1",0.000,36.8,-1.6000,-29.9800,-11.2100,-11.2100,0.0,,0,none,19,guide
UUCUUCCCAACUUGUCUAC,CAAAAUUUAUCAUCCUAAUGUAGACAAGUUGGGAAGAAUAUGUCUAGAUAUUUUGAA,0.7009694258016406,1,"1.76,-0.93,-6.82,1,0,-178.26000000000005,0.42105263157894735,1,0.05263157894736842,0,0,0.0,-2.35,0.05555555555555555,1,0,0.1111111111111111,-2.24,0,0.0,0,-2.11,0.16666666666666666,0",0.000,42.1,1.7600,-31.5100,-14.2300,-14.2300,0.0,,0,none,19,guide
UUCCCAACUUGUCUACAUU,GACCAAAAUUUAUCAUCCUAAUGUAGACAAGUUGGGAAGAAUAUGUCUAGAUAUUUU,0.6994780014914243,1,"0.0,-0.93,-6.82,1,0,-171.44,0.42105263157894735,1,0.05263157894736842,0,0,0.0,-2.35,0.05555555555555555,1,0,0.1111111111111111,-0.93,0,0.0,0,-2.08,0.16666666666666666,0",0.000,36.8,0.0000,-29.9400,-14.1500,-14.1500,0.0,,0,none,19,guide
CCAACUUGUCUACAUUAGG,CAUGACCAAAAUUUAUCAUCCUAAUGUAGACAAGUUGGGAAGAAUAUGUCUAGAUAU,0.517524235645041,0,"0.0,-3.26,-13.39,0,0,-177.79000000000005,0.3157894736842105,0,0.15789473684210525,0,0,0.05555555555555555,-2.11,0.1111111111111111,0,1,0.05555555555555555,-3.26,1,0.0,0,-2.11,0.1111111111111111,0",0.000,42.1,0.0000,-31.1200,-10.4000,-10.4000,0.0,,0,none,19,guide
UUGUCUACAUUAGGAUGAU,CGUUUCAUGACCAAAAUUUAUCAUCCUAAUGUAGACAAGUUGGGAAGAAUAUGUCUA,0.3460104399701715,0,"0.17,-0.93,-6.82,1,0,-171.89999999999995,0.42105263157894735,1,0.21052631578947367,0,0,0.05555555555555555,-2.11,0.1111111111111111,1,0,0.0,-1.1,0,0.0,0,-3.26,0.1111111111111111,0",-2.100,31.6,0.1700,-28.4600,-12.3500,-12.3500,0.0,,0,none,19,guide
CUACAUUAGGAUGAUAAAU,AGUACGUUUCAUGACCAAAAUUUAUCAUCCUAAUGUAGACAAGUUGGGAAGAAUAUG,0.3668903803131991,0,"-1.43,-2.08,-10.48,0,0,-165.22999999999996,0.3157894736842105,0,0.15789473684210525,0,0,0.05555555555555555,-1.33,0.16666666666666666,1,1,0.0,-1.1,0,0.0,0,-2.35,0.05555555555555555,0",0.000,26.3,-1.4300,-25.8200,-9.0400,-9.0400,0.0,,0,none,19,guide
UAGGAUGAUAAAUUUUGGU,CCCUAAAGUACGUUUCAUGACCAAAAUUUAUCAUCCUAAUGUAGACAAGUUGGGAAG,0.6085011185682326,1,"0.46,-1.33,-7.69,1,0,-160.98999999999995,0.42105263157894735,0,0.2631578947368421,0,0,0.1111111111111111,-2.08,0.1111111111111111,0,0,0.0,-2.24,0,0.0,0,-0.93,0.16666666666666666,0",-0.600,26.3,0.9100,-25.8800,-13.2500,-13.2500,0.0,,0,none,19,guide
AAAUUUUGGUCAUGAAACG,AAUGGCAGCCCCUAAAGUACGUUUCAUGACCAAAAUUUAUCAUCCUAAUGUAGACAA,0.7457121551081283,1,"1.43,-0.93,-6.82,0,0,-162.2,0.3157894736842105,0,0.21052631578947367,0,0,0.05555555555555555,-0.93,0.0,0,0,0.0,-2.36,0,0.0,0,-2.11,0.16666666666666666,0",0.000,31.6,1.8800,-25.9000,-6.9300,-6.9300,0.0,,0,none,19,guide
AAUUUUGGUCAUGAAACGU,CAAUGGCAGCCCCUAAAGUACGUUUCAUGACCAAAAUUUAUCAUCCUAAUGUAGACA,0.6868008948545862,1,"0.86,-0.93,-6.82,0,0,-163.05999999999997,0.3684210526315789,0,0.21052631578947367,0,0,0.05555555555555555,-1.1,0.0,0,0,0.0,-2.24,0,0.0,0,-2.35,0.16666666666666666,0",0.000,31.6,1.3100,-26.3600,-9.2600,-9.2600,0.0,,0,none,19,guide
GUCAUGAAACGUACUUUAG,GAAUACCCAAUGGCAGCCCCUAAAGUACGUUUCAUGACCAAAAUUUAUCAUCCUAAU,0.592841163310962,1,"-0.16,-2.24,-11.4,0,1,-171.38999999999996,0.3157894736842105,0,0.21052631578947367,0,0,0.0,-2.35,0.1111111111111111,1,0,0.0,-2.08,0,0.0,0,-2.24,0.1111111111111111,0",0.000,36.8,-0.1600,-28.0900,-10.9500,-10.9500,0.0,,0,none,19,guide
UUAGGGGCUGCCAUUGGGU,CUAUUCCUUCCAGAAGAAUACCCAAUGGCAGCCCCUAAAGUACGUUUCAUGACCAAA,0.4772557792692021,0,"0.86,-0.93,-6.82,1,0,-193.44,0.3157894736842105,1,0.42105263157894735,0,0,0.2777777777777778,-1.33,0.05555555555555555,1,0,0.05555555555555555,-2.24,0,0.1111111111111111,0,-1.1,0.1111111111111111,0",-1.300,57.9,1.3100,-38.7800,-16.6100,-16.6100,0.0,,0,none,19,guide
GGCUGCCAUUGGGUAUUCU,UUGAACUAUUCCUUCCAGAAGAAUACCCAAUGGCAGCCCCUAAAGUACGUUUCAUGA,0.3333333333333333,0,"-1.63,-3.26,-13.39,0,1,-192.2,0.3684210526315789,0,0.3157894736842105,1,0,0.16666666666666666,-3.42,0.05555555555555555,0,0,0.05555555555555555,-2.08,0,0.1111111111111111,0,-2.24,0.1111111111111111,0",-3.400,52.6,-1.6300,-36.2100,-16.4000,-16.4000,0.0,,0,none,19,guide
GGGUAUUCUUCUGGAAGGA,ACUUUUAAACUUGAACUAUUCCUUCCAGAAGAAUACCCAAUGGCAGCCCCUAAAGUA,0.2751677852348993,0,"-1.36,-3.26,-13.39,0,1,-186.8,0.3157894736842105,0,0.3684210526315789,1,0,0.2222222222222222,-3.26,0.05555555555555555,0,0,0.0,-2.35,0,0.0,0,-3.26,0.1111111111111111,1",-0.200,47.4,-1.3600,-34.1600,-11.2100,-11.2100,0.0,,0,none,19,guide
UAUUCUUCUGGAAGGAAUA,GGGACUUUUAAACUUGAACUAUUCCUUCCAGAAGAAUACCCAAUGGCAGCCCCUAAA,0.6189410887397464,1,"0.0,-1.33,-7.69,1,0,-168.79,0.3684210526315789,0,0.21052631578947367,0,0,0.1111111111111111,-1.1,0.1111111111111111,0,0,0.0,-1.33,0,0.0,0,-2.08,0.1111111111111111,1",-2.400,31.6,0.0000,-28.0600,-9.7400,-9.7400,0.0,,0,none,19,guide
CUUCUGGAAGGAAUAGUUC,GGGAGGGACUUUUAAACUUGAACUAUUCCUUCCAGAAGAAUACCCAAUGGCAGCCCC,0.6524981357196122,1,"0.27,-2.08,-10.48,0,0,-181.04,0.3157894736842105,0,0.2631578947368421,0,0,0.1111111111111111,-0.93,0.05555555555555555,1,1,0.0,-2.35,0,0.0,0,-1.1,0.1111111111111111,0",-1.000,42.1,0.2700,-31.1500,-13.0800,-13.0800,0.0,,0,none,19,guide
CUGGAAGGAAUAGUUCAAG,UGAGGGAGGGACUUUUAAACUUGAACUAUUCCUUCCAGAAGAAUACCCAAUGGCAGC,0.6323639075316928,1,"0.0,-2.08,-10.48,0,0,-179.03999999999996,0.21052631578947367,0,0.3157894736842105,0,0,0.1111111111111111,-2.11,0.05555555555555555,1,1,0.0,-2.08,0,0.0,0,-2.24,0.05555555555555555,0",-0.200,42.1,0.0000,-31.1100,-13.9900,-13.9900,0.0,,0,none,19,guide
UGGAAGGAAUAGUUCAAGU,UUGAGGGAGGGACUUUUAAACUUGAACUAUUCCUUCCAGAAGAAUACCCAAUGGCAG,0.7166293810589113,1,"0.13,-2.11,-10.44,1,0,-172.51999999999995,0.2631578947368421,0,0.3157894736842105,0,0,0.1111111111111111,-3.26,0.05555555555555555,0,0,0.0,-2.24,0,0.0,0,-0.93,0.05555555555555555,0",0.000,36.8,0.1300,-30.1700,-14.2300,-14.2300,0.0,,0,none,19,guide
GAAGGAAUAGUUCAAGUUU,CUUUGAGGGAGGGACUUUUAAACUUGAACUAUUCCUUCCAGAAGAAUACCCAAUGGC,0.3251304996271439,0,"-1.87,-2.35,-12.44,0,1,-166.04999999999995,0.3157894736842105,0,0.2631578947368421,0,0,0.05555555555555555,-0.93,0.05555555555555555,0,0,0.0,-0.93,0,0.0,0,-2.11,0.16666666666666666,0",-0.100,31.6,-1.8700,-26.8600,-10.6500,-10.6500,0.0,,0,none,19,guide
GGAAUAGUUCAAGUUUAAA,CCCCUUUGAGGGAGGGACUUUUAAACUUGAACUAUUCCUUCCAGAAGAAUACCCAAU,0.2229679343773303,0,"-2.33,-3.26,-13.39,0,1,-157.64,0.3157894736842105,0,0.21052631578947367,1,0,0.05555555555555555,-2.35,0.1111111111111111,0,0,0.0,-0.93,0,0.0,0,-2.24,0.16666666666666666,1",0.000,26.3,-2.7800,-24.6900,-10.0300,-10.0300,0.0,,0,none,19,guide
AGUUCAAGUUUAAAAGUCC,GAUUCCCCCUUUGAGGGAGGGACUUUUAAACUUGAACUAUUCCUUCCAGAAGAAUAC,0.6502609992542878,1,"1.63,-2.08,-10.48,0,0,-162.45,0.3157894736842105,0,0.15789473684210525,0,0,0.0,-2.24,0.05555555555555555,0,0,0.05555555555555555,-3.26,0,0.0,0,-0.93,0.16666666666666666,0",0.000,31.6,1.6300,-26.9300,-10.6400,-10.6400,0.0,,0,none,19,guide
AAAAGUCCCUCCCUCAAAG,CUGGCCCUCAGGAUUCCCCCUUUGAGGGAGGGACUUUUAAACUUGAACUAUUCCUUC,0.5264727815063386,1,"1.6,-0.93,-6.82,0,0,-181.41,0.15789473684210525,0,0.10526315789473684,0,0,0.0,-0.93,0.0,0,0,0.2222222222222222,-2.08,0,0.0,0,-2.08,0.0,0",0.000,47.4,1.6000,-33.2700,-11.7900,-11.7900,0.0,,0,none,19,guide
GAAUCCUGAGGGCCAGCAA,CGUUAUUUUCAUGUGGUCAUUGCUGGCCCUCAGGAUUCCCCCUUUGAGGGAGGGACU,0.3743475018642804,0,"-1.87,-2.35,-12.44,0,1,-199.09,0.10526315789473684,0,0.3157894736842105,0,0,0.1111111111111111,-0.93,0.0,0,0,0.1111111111111111,-0.93,0,0.1111111111111111,0,-3.26,0.0,1",-0.700,57.9,-1.8700,-38.3200,-11.8300,-11.8300,0.0,,0,none,19,guide
GAGGGCCAGCAAUGACCAC,CAACGCCCGUUAUUUUCAUGUGGUCAUUGCUGGCCCUCAGGAUUCCCCCUUUGAGGG,0.4034302759134974,0,"-0.11,-2.35,-12.44,0,1,-206.31000000000003,0.05263157894736842,0,0.3157894736842105,0,0,0.1111111111111111,-2.08,0.0,0,0,0.1111111111111111,-2.24,0,0.1111111111111111,0,-2.11,0.0,0",-1.900,63.2,-0.1100,-40.1000,-17.3900,-17.3900,0.0,,0,none,19,guide
GGGCCAGCAAUGACCACAU,AGCAACGCCCGUUAUUUUCAUGUGGUCAUUGCUGGCCCUCAGGAUUCCCCCUUUGAG,0.3512304250559284,0,"-2.16,-3.26,-13.39,0,1,-199.49,0.10526315789473684,0,0.2631578947368421,1,0,0.1111111111111111,-3.26,0.0,0,0,0.1111111111111111,-1.1,0,0.1111111111111111,0,-2.24,0.0,0",-1.900,57.9,-2.6100,-38.1800,-17.5500,-17.5500,0.0,,0,none,19,guide
GCCAGCAAUGACCACAUGA,AGAGCAACGCCCGUUAUUUUCAUGUGGUCAUUGCUGGCCCUCAGGAUUCCCCCUUUG,0.3773303504847129,0,"-1.52,-3.42,-14.88,0,1,-195.59,0.10526315789473684,0,0.21052631578947367,0,1,0.0,-3.26,0.0,0,0,0.1111111111111111,-2.35,0,0.1111111111111111,0,-2.11,0.0,1",0.000,52.6,-1.5200,-36.1200,-13.9100,-13.9100,0.0,,0,none,19,guide
CCAGCAAUGACCACAUGAA,GAGAGCAACGCCCGUUAUUUUCAUGUGGUCAUUGCUGGCCCUCAGGAUUCCCCCUUU,0.2945563012677107,0,"-2.33,-3.26,-13.39,0,0,-187.53,0.10526315789473684,0,0.15789473684210525,0,0,0.0,-2.11,0.0,0,1,0.1111111111111111,-0.93,1,0.05555555555555555,0,-2.24,0.0,1",0.000,47.4,-2.7800,-33.6300,-11.7500,-11.7500,0.0,,0,none,19,guide
CAGCAAUGACCACAUGAAA,UGAGAGCAACGCCCGUUAUUUUCAUGUGGUCAUUGCUGGCCCUCAGGAUUCCCCCUU,0.29679343773303496,0,"-1.63,-2.11,-10.44,0,0,-180.96,0.10526315789473684,0,0.15789473684210525,0,0,0.0,-2.08,0.0,0,1,0.05555555555555555,-0.93,0,0.05555555555555555,0,-2.11,0.0,1",0.000,42.1,-1.6300,-31.5000,-11.7500,-11.7500,0.0,,0,none,19,guide
GCAAUGACCACAUGAAAAU,GAUGAGAGCAACGCCCGUUAUUUUCAUGUGGUCAUUGCUGGCCCUCAGGAUUCCCCC,0.3512304250559284,0,"-2.32,-3.42,-14.88,0,1,-176.23999999999995,0.15789473684210525,0,0.15789473684210525,0,1,0.0,-2.11,0.0,0,0,0.05555555555555555,-1.1,0,0.05555555555555555,0,-2.11,0.0,0",0.000,36.8,-2.7700,-29.1400,-10.8400,-10.8400,0.0,,0,none,19,guide
ACAUGAAAAUAACGGGCGU,GCCGAACCAGAUGAGAGCAACGCCCGUUAUUUUCAUGUGGUCAUUGCUGGCCCUCAG,0.465324384787472,0,"0.0,-2.24,-11.4,0,0,-173.14,0.15789473684210525,0,0.2631578947368421,0,0,0.1111111111111111,-2.11,0.05555555555555555,0,0,0.0,-2.24,0,0.05555555555555555,0,-2.36,0.0,0",0.000,42.1,0.0000,-30.7100,-9.5300,-9.5300,0.0,,0,none,19,guide
AUGAAAAUAACGGGCGUUG,AAGCCGAACCAGAUGAGAGCAACGCCCGUUAUUUUCAUGUGGUCAUUGCUGGCCCUC,0.6495152870991797,1,"1.46,-1.1,-9.38,0,0,-172.28,0.21052631578947367,0,0.3157894736842105,0,0,0.1111111111111111,-2.11,0.05555555555555555,1,0,0.0,-2.11,0,0.05555555555555555,0,-3.26,0.05555555555555555,0",0.000,42.1,1.4600,-29.9500,-8.3500,-8.3500,0.0,,0,none,19,guide
GGGCGUUGCUCUCAUCUGG,UCCUGGCAUCAAAGCCGAACCAGAUGAGAGCAACGCCCGUUAUUUUCAUGUGGUCAU,0.4906785980611484,0,"0.0,-3.26,-13.39,0,1,-204.64,0.3157894736842105,0,0.3684210526315789,1,0,0.16666666666666666,-3.26,0.0,0,0,0.0,-3.26,0,0.1111111111111111,0,-2.11,0.05555555555555555,0",-2.800,63.2,0.0000,-39.4800,-14.3200,-14.3200,0.0,,0,none,19,guide
UGCUCUCAUCUGGUUCGGC,ACCAGUUCCUGGCAUCAAAGCCGAACCAGAUGAGAGCAACGCCCGUUAUUUUCAUGU,0.6159582401193139,1,"1.76,-2.11,-10.44,1,0,-199.97,0.3684210526315789,0,0.2631578947368421,0,0,0.1111111111111111,-3.42,0.0,0,0,0.0,-3.42,0,0.1111111111111111,0,-2.24,0.05555555555555555,0",0.000,57.9,1.7600,-38.0200,-14.3900,-14.3900,0.0,,0,none,19,guide
CUCUCAUCUGGUUCGGCUU,GAACCAGUUCCUGGCAUCAAAGCCGAACCAGAUGAGAGCAACGCCCGUUAUUUUCAU,0.6584638329604773,1,"-1.6,-2.08,-10.48,0,0,-191.95,0.42105263157894735,0,0.21052631578947367,0,0,0.1111111111111111,-2.35,0.0,1,1,0.0,-0.93,0,0.05555555555555555,0,-2.35,0.1111111111111111,0",0.000,52.6,-1.6000,-35.3000,-12.3400,-12.3400,0.0,,0,none,19,guide
AUCUGGUUCGGCUUUGAUG,UGGCAGAACCAGUUCCUGGCAUCAAAGCCGAACCAGAUGAGAGCAACGCCCGUUAUU,0.6316181953765846,1,"1.46,-1.1,-9.38,0,0,-185.19,0.42105263157894735,0,0.3157894736842105,0,0,0.1111111111111111,-2.35,0.0,1,0,0.0,-2.11,0,0.05555555555555555,0,-0.93,0.16666666666666666,0",-0.200,47.4,1.4600,-33.1300,-12.9700,-12.9700,0.0,,0,none,19,guide
UGGUUCGGCUUUGAUGCCA,XGCUGGCAGAACCAGUUCCUGGCAUCAAAGCCGAACCAGAUGAGAGCAACGCCCGUU,0.6085011185682326,1,"0.0,-2.11,-10.44,1,0,-187.88,0.3684210526315789,0,0.3157894736842105,0,0,0.1111111111111111,-3.26,0.0,0,0,0.05555555555555555,-2.11,0,0.1111111111111111,0,-2.35,0.16666666666666666,1",-4.900,52.6,0.0000,-35.6900,-14.4000,-14.4000,0.0,,0,none,19,guide
CGGCUUUGAUGCCAGGAAC,XXXXXXGCUGGCAGAACCAGUUCCUGGCAUCAAAGCCGAACCAGAUGAGAGCAACGC,0.5831469052945564,1,"0.33,-2.36,-10.64,0,0,-195.36,0.21052631578947367,0,0.3157894736842105,0,0,0.1111111111111111,-3.26,0.0,0,1,0.05555555555555555,-2.24,0,0.1111111111111111,1,-2.11,0.1111111111111111,0",-4.900,57.9,-0.1200,-36.9100,-12.7300,-12.7300,0.0,,0,none,19,guide
GCUUUGAUGCCAGGAACUG,XXXXXXXXGCUGGCAGAACCAGUUCCUGGCAUCAAAGCCGAACCAGAUGAGAGCAAC,0.4578672632363907,0,"-0.86,-3.42,-14.88,0,1,-192.25,0.2631578947368421,0,0.3157894736842105,0,1,0.05555555555555555,-2.08,0.0,0,0,0.05555555555555555,-2.11,0,0.1111111111111111,0,-3.26,0.1111111111111111,0",-0.900,52.6,-1.3100,-35.0800,-9.5000,-9.5000,0.0,,0,none,19,guide
UUUGAUGCCAGGAACUGGU,XXXXXXXXXXGCUGGCAGAACCAGUUCCUGGCAUCAAAGCCGAACCAGAUGAGAGCA,0.7263236390753169,1,"0.86,-0.93,-6.82,1,0,-184.24,0.3157894736842105,1,0.3157894736842105,0,0,0.1111111111111111,-0.93,0.0,1,0,0.05555555555555555,-2.24,0,0.05555555555555555,0,-0.93,0.1111111111111111,0",-4.300,47.4,1.3100,-34.3800,-12.0200,-12.0200,0.0,,0,none,19,guide
UGAUGCCAGGAACUGGUUC,XXXXXXXXXXXXGCUGGCAGAACCAGUUCCUGGCAUCAAAGCCGAACCAGAUGAGAG,0.2684563758389262,0,"1.14,-2.11,-10.44,1,0,-193.58,0.2631578947368421,0,0.3157894736842105,0,0,0.1111111111111111,-2.35,0.0,0,0,0.05555555555555555,-2.35,0,0.05555555555555555,0,-2.08,0.05555555555555555,0",-4.600,52.6,0.6900,-36.3500,-14.3500,-14.3500,0.0,,0,none,19,guide
GAUGCCAGGAACUGGUUCU,XXXXXXXXXXXXXGCUGGCAGAACCAGUUCCUGGCAUCAAAGCCGAACCAGAUGAGA,0.4526472781506338,0,"-1.17,-2.35,-12.44,0,1,-193.62,0.2631578947368421,0,0.3157894736842105,0,0,0.1111111111111111,-1.1,0.0,0,0,0.05555555555555555,-2.08,0,0.05555555555555555,0,-2.11,0.05555555555555555,0",-5.000,52.6,-0.7200,-36.1700,-14.0800,-14.0800,0.0,,0,none,19,guide
UUUUCUUACACAGCGGGCA,GAGAAUUUAAAAGAAAAGUUGCCCGCUGUGUAAGAAAAAGCCAAGAGXXXXXXXXXX,0.7032065622669649,1,"0.73,-0.93,-6.82,1,0,-178.62,0.3157894736842105,1,0.21052631578947367,0,0,0.1111111111111111,-0.93,0.05555555555555555,1,0,0.0,-2.11,0,0.1111111111111111,0,-3.42,0.2222222222222222,1",0.000,47.4,1.1800,-33.4500,-8.5500,-8.5500,0.0,,0,none,19,guide
CUUACACAGCGGGCAACUU,AAUGGAGAAUUUAAAAGAAAAGUUGCCCGCUGUGUAAGAAAAAGCCAAGAGXXXXXX,0.5891126025354214,1,"-1.6,-2.08,-10.48,0,0,-184.96,0.21052631578947367,0,0.21052631578947367,0,0,0.1111111111111111,-0.93,0.05555555555555555,1,1,0.0,-0.93,0,0.1111111111111111,0,-3.42,0.1111111111111111,0",0.000,52.6,-1.6000,-35.1900,-10.9600,-10.9600,0.0,,0,none,19,guide
UUACACAGCGGGCAACUUU,AAAUGGAGAAUUUAAAAGAAAAGUUGCCCGCUGUGUAAGAAAAAGCCAAGAGXXXXX,0.7002237136465324,1,"0.0,-0.93,-6.82,1,0,-177.57999999999996,0.2631578947368421,1,0.21052631578947367,0,0,0.1111111111111111,-1.33,0.05555555555555555,1,0,0.0,-0.93,0,0.1111111111111111,0,-2.11,0.16666666666666666,0",0.000,47.4,0.0000,-33.4900,-12.1100,-12.1100,0.0,,0,none,19,guide
GGGCAACUUUUCUUUUAAA,GGAAGAUAGAAAUGGAGAAUUUAAAAGAAAAGUUGCCCGCUGUGUAAGAAAAAGCCA,0.3243847874720358,0,"-2.33,-3.26,-13.39,0,1,-158.63999999999996,0.42105263157894735,0,0.15789473684210525,1,0,0.1111111111111111,-3.26,0.05555555555555555,0,0,0.0,-0.93,0,0.05555555555555555,0,-0.93,0.3333333333333333,1",0.000,31.6,-2.7800,-26.5600,-14.0400,-14.0400,0.0,,0,none,19,guide
ACUUUUCUUUUAAAUUCUC,UGGAGGGAAGAUAGAAAUGGAGAAUUUAAAAGAAAAGUUGCCCGCUGUGUAAGAAAA,0.4205816554809843,0,"1.01,-2.24,-11.4,0,0,-151.27999999999994,0.5789473684210527,0,0.0,0,0,0.0,-2.08,0.05555555555555555,0,0,0.0,-2.35,0,0.0,0,-0.93,0.3888888888888889,0",0.000,21.1,0.5600,-22.2400,-9.3000,-9.3000,0.0,,0,none,19,guide
UUUUCUUUUAAAUUCUCCA,AAUGGAGGGAAGAUAGAAAUGGAGAAUUUAAAAGAAAAGUUGCCCGCUGUGUAAGAA,0.5533184190902312,1,"0.73,-0.93,-6.82,1,0,-149.51,0.5789473684210527,1,0.0,0,0,0.0,-0.93,0.05555555555555555,1,0,0.05555555555555555,-2.11,0,0.0,0,-0.93,0.3888888888888889,1",0.000,21.1,1.1800,-22.8900,-8.1500,-8.1500,0.0,,0,none,19,guide
AAAUUCUCCAUUUCUAUCU,CUGCGAAAGAAUGGAGGGAAGAUAGAAAUGGAGAAUUUAAAAGAAAAGUUGCCCGCU,0.7606263982102909,1,"0.7,-0.93,-6.82,0,0,-163.90999999999997,0.4736842105263158,0,0.0,0,0,0.0,-0.93,0.05555555555555555,0,0,0.05555555555555555,-2.08,0,0.0,0,-2.35,0.16666666666666666,0",0.000,26.3,1.1500,-25.8000,-9.7400,-9.7400,0.0,,0,none,19,guide
UUUCUAUCUUCCCUCCAUU,AAUGUUGAUGCUGCGAAAGAAUGGAGGGAAGAUAGAAAUGGAGAAUUUAAAAGAAAA,0.6405667412378822,1,"0.0,-0.93,-6.82,1,0,-174.49,0.5263157894736842,1,0.0,0,0,0.0,-0.93,0.05555555555555555,1,0,0.16666666666666666,-0.93,0,0.0,0,-2.08,0.2222222222222222,0",0.000,36.8,0.0000,-30.1400,-10.1400,-10.1400,0.0,,0,none,19,guide
UUCCCUCCAUUCUUUCGCA,CACCUGCUAAUGUUGAUGCUGCGAAAGAAUGGAGGGAAGAUAGAAAUGGAGAAUUUA,0.5421327367636093,1,"0.73,-0.93,-6.82,1,0,-182.9,0.42105263157894735,1,0.05263157894736842,0,0,0.0,-2.35,0.0,1,0,0.16666666666666666,-2.11,0,0.05555555555555555,0,-0.93,0.2222222222222222,1",0.000,47.4,1.1800,-33.5200,-16.5600,-16.5600,0.0,,0,none,19,guide
CCCUCCAUUCUUUCGCAGC,CUCACCUGCUAAUGUUGAUGCUGCGAAAGAAUGGAGGGAAGAUAGAAAUGGAGAAUU,0.4757643549589858,0,"0.16,-3.26,-13.39,0,0,-196.44,0.3157894736842105,0,0.10526315789473684,0,0,0.0,-3.26,0.0,0,1,0.16666666666666666,-3.42,1,0.1111111111111111,0,-2.35,0.16666666666666666,0",0.000,57.9,0.1600,-36.7900,-14.1600,-14.1600,0.0,,0,none,19,guide
CCUCCAUUCUUUCGCAGCA,ACUCACCUGCUAAUGUUGAUGCUGCGAAAGAAUGGAGGGAAGAUAGAAAUGGAGAAU,0.2565249813571961,0,"-1.6,-3.26,-13.39,0,0,-189.76999999999995,0.3157894736842105,0,0.10526315789473684,0,0,0.0,-2.08,0.0,0,1,0.1111111111111111,-2.11,1,0.1111111111111111,0,-2.36,0.16666666666666666,1",0.000,52.6,-1.6000,-35.2900,-11.8300,-11.8300,0.0,,0,none,19,guide
UCUUUCGCAGCAUCAACAU,AAUGGAGACUCACCUGCUAAUGUUGAUGCUGCGAAAGAAUGGAGGGAAGAUAGAAAU,0.7770320656226697,1,"-0.8,-2.35,-12.44,1,0,-180.01,0.3157894736842105,0,0.10526315789473684,0,0,0.0,-2.08,0.0,0,0,0.0,-1.1,0,0.1111111111111111,0,-2.35,0.1111111111111111,0",0.000,42.1,-1.2500,-31.5900,-12.0700,-12.0700,0.0,,0,none,19,guide
CUUUCGCAGCAUCAACAUU,UAAUGGAGACUCACCUGCUAAUGUUGAUGCUGCGAAAGAAUGGAGGGAAGAUAGAAA,0.6972408650260999,1,"-1.6,-2.08,-10.48,0,0,-178.11,0.3157894736842105,0,0.10526315789473684,0,0,0.0,-0.93,0.0,1,1,0.0,-0.93,0,0.1111111111111111,0,-2.11,0.16666666666666666,0",0.000,42.1,-1.6000,-30.5700,-12.1000,-12.1000,0.0,,0,none,19,guide
CAGCAUCAACAUUAGCAGG,AGACCCUAAUGGAGACUCACCUGCUAAUGUUGAUGCUGCGAAAGAAUGGAGGGAAGA,0.727069351230425,1,"0.7,-2.11,-10.44,0,0,-187.11,0.15789473684210525,0,0.21052631578947367,0,0,0.05555555555555555,-2.08,0.05555555555555555,0,1,0.0,-3.26,0,0.1111111111111111,0,-1.33,0.05555555555555555,0",0.000,47.4,1.1500,-33.2800,-13.1700,-13.1700,0.0,,0,none,19,guide
AGCAUCAACAUUAGCAGGU,CAGACCCUAAUGGAGACUCACCUGCUAAUGUUGAUGCUGCGAAAGAAUGGAGGGAAG,0.7002237136465324,1,"0.16,-2.08,-10.48,0,0,-180.63,0.21052631578947367,0,0.21052631578947367,0,0,0.05555555555555555,-3.42,0.05555555555555555,0,0,0.0,-2.24,0,0.1111111111111111,0,-2.08,0.05555555555555555,0",0.000,42.1,0.1600,-32.3600,-12.0200,-12.0200,0.0,,0,none,19,guide
AACAUUAGCAGGUGAGUCU,UGCUGGCAGACCCUAAUGGAGACUCACCUGCUAAUGUUGAUGCUGCGAAAGAAUGGA,0.6047725577926921,1,"0.7,-0.93,-6.82,0,0,-180.25,0.2631578947368421,0,0.2631578947368421,0,0,0.05555555555555555,-2.24,0.05555555555555555,0,0,0.0,-2.08,0,0.05555555555555555,0,-2.11,0.05555555555555555,0",0.000,42.1,1.1500,-32.5500,-9.7900,-9.7900,0.0,,0,none,19,guide
GCAGGUGAGUCUCCAUUAG,AUUUCUAUGCUGGCAGACCCUAAUGGAGACUCACCUGCUAAUGUUGAUGCUGCGAAA,0.5361670395227442,1,"-0.89,-3.42,-14.88,0,1,-195.3,0.2631578947368421,0,0.3157894736842105,0,1,0.05555555555555555,-2.11,0.05555555555555555,0,0,0.05555555555555555,-2.08,0,0.05555555555555555,0,-3.26,0.05555555555555555,0",-0.600,52.6,-1.3400,-35.6900,-14.1500,-14.1500,0.0,,0,none,19,guide
UGAGUCUCCAUUAGGGUCU,GUGUCAUUUCUAUGCUGGCAGACCCUAAUGGAGACUCACCUGCUAAUGUUGAUGCUG,0.6696495152870992,1,"-0.03,-2.11,-10.44,1,0,-188.37,0.3684210526315789,0,0.2631578947368421,0,0,0.1111111111111111,-2.35,0.05555555555555555,0,0,0.05555555555555555,-2.08,0,0.0,0,-2.08,0.05555555555555555,0",-2.200,47.4,-0.0300,-34.7700,-13.4500,-13.4500,0.0,,0,none,19,guide
AGGGUCUGCCAGCAUAGAA,CCAUCAUGAUUAGUGUCAUUUCUAUGCUGGCAGACCCUAAUGGAGACUCACCUGCUA,0.4548844146159582,0,"-0.7,-2.08,-10.48,0,0,-192.29,0.15789473684210525,0,0.3157894736842105,0,0,0.1111111111111111,-3.26,0.05555555555555555,0,0,0.05555555555555555,-0.93,0,0.1111111111111111,0,-2.11,0.0,1",-1.300,52.6,-1.1500,-36.9300,-15.3000,-15.3000,0.0,,0,none,19,guide
CCAGCAUAGAAAUGACACU,UGUGGAAACCAUCAUGAUUAGUGUCAUUUCUAUGCUGGCAGACCCUAAUGGAGACUC,0.354958985831469,0,"-1.63,-3.26,-13.39,0,0,-181.91,0.15789473684210525,0,0.15789473684210525,0,0,0.0,-2.11,0.05555555555555555,0,1,0.05555555555555555,-2.08,1,0.05555555555555555,0,-2.11,0.0,0",0.000,42.1,-1.6300,-31.6400,-12.1500,-12.1500,0.0,,0,none,19,guide
AGCAUAGAAAUGACACUAA,ACUGUGGAAACCAUCAUGAUUAGUGUCAUUUCUAUGCUGGCAGACCCUAAUGGAGAC,0.4026845637583893,0,"-0.7,-2.08,-10.48,0,0,-168.86999999999995,0.15789473684210525,0,0.15789473684210525,0,0,0.0,-3.42,0.1111111111111111,0,0,0.0,-0.93,0,0.05555555555555555,0,-2.24,0.0,1",0.000,31.6,-1.1500,-28.3300,-12.3900,-12.3900,0.0,,0,none,19,guide
AUAGAAAUGACACUAAUCA,CACACUGUGGAAACCAUCAUGAUUAGUGUCAUUUCUAUGCUGGCAGACCCUAAUGGA,0.5853840417598807,1,"0.56,-1.1,-9.38,0,0,-165.33,0.21052631578947367,0,0.10526315789473684,0,0,0.0,-1.33,0.1111111111111111,1,0,0.0,-2.11,0,0.0,0,-2.08,0.0,1",0.000,26.3,1.0100,-26.2800,-8.7200,-8.7200,0.0,,0,none,19,guide
GACACUAAUCAUGAUGGUU,UCCCUAUCCACACUGUGGAAACCAUCAUGAUUAGUGUCAUUUCUAUGCUGGCAGACC,0.4876957494407159,0,"-1.87,-2.35,-12.44,0,1,-179.29,0.3157894736842105,0,0.21052631578947367,0,0,0.05555555555555555,-2.24,0.05555555555555555,0,0,0.0,-0.93,0,0.0,0,-2.35,0.05555555555555555,0",0.000,36.8,-1.8700,-30.1000,-10.9300,-10.9300,0.0,,0,none,19,guide
ACACUAAUCAUGAUGGUUU,CUCCCUAUCCACACUGUGGAAACCAUCAUGAUUAGUGUCAUUUCUAUGCUGGCAGAC,0.4988814317673378,0,"-0.86,-2.24,-11.4,0,0,-169.94999999999996,0.3684210526315789,0,0.15789473684210525,0,0,0.05555555555555555,-2.11,0.05555555555555555,0,0,0.0,-0.93,0,0.0,0,-1.1,0.1111111111111111,0",0.000,31.6,-1.3100,-27.9800,-9.7900,-9.7900,0.0,,0,none,19,guide
ACUAAUCAUGAUGGUUUCC,GGCUCCCUAUCCACACUGUGGAAACCAUCAUGAUUAGUGUCAUUUCUAUGCUGGCAG,0.4056674123788218,0,"1.47,-2.24,-11.4,0,0,-177.65999999999997,0.3684210526315789,0,0.15789473684210525,0,0,0.05555555555555555,-2.08,0.05555555555555555,0,0,0.05555555555555555,-3.26,0,0.0,0,-3.26,0.1111111111111111,0",0.000,36.8,1.4700,-29.7400,-9.9000,-9.9000,0.0,,0,none,19,guide
AUGAUGGUUUCCACAGUGU,GAACGCUGGCUCCCUAUCCACACUGUGGAAACCAUCAUGAUUAGUGUCAUUUCUAUG,0.6659209545115585,1,"0.69,-1.1,-9.38,0,0,-181.29,0.3684210526315789,0,0.2631578947368421,0,0,0.05555555555555555,-2.11,0.0,1,0,0.05555555555555555,-2.24,0,0.0,0,-2.24,0.1111111111111111,0",-0.800,42.1,1.1400,-32.2300,-13.1700,-13.1700,0.0,,0,none,19,guide
GAUGGUUUCCACAGUGUGG,AGGAACGCUGGCUCCCUAUCCACACUGUGGAAACCAUCAUGAUUAGUGUCAUUUCUA,0.6420581655480985,1,"0.46,-2.35,-12.44,0,1,-192.74,0.3157894736842105,0,0.3684210526315789,0,0,0.1111111111111111,-1.1,0.0,0,0,0.05555555555555555,-3.26,0,0.0,0,-2.08,0.1111111111111111,0",-2.300,52.6,0.9100,-35.4400,-10.5700,-10.5700,0.0,,0,none,19,guide
AUGGUUUCCACAGUGUGGA,GAGGAACGCUGGCUCCCUAUCCACACUGUGGAAACCAUCAUGAUUAGUGUCAUUUCU,0.6360924683072334,1,"0.8,-1.1,-9.38,0,0,-185.3,0.3157894736842105,0,0.3157894736842105,0,0,0.1111111111111111,-2.11,0.0,1,0,0.05555555555555555,-2.35,0,0.0,0,-2.24,0.1111111111111111,1",-4.300,47.4,1.2500,-34.3900,-11.8200,-11.8200,0.0,,0,none,19,guide
GGUUUCCACAGUGUGGAUA,CAGAGGAACGCUGGCUCCCUAUCCACACUGUGGAAACCAUCAUGAUUAGUGUCAUUU,0.3072334079045488,0,"-1.93,-3.26,-13.39,0,1,-186.27,0.3157894736842105,0,0.3157894736842105,1,0,0.1111111111111111,-2.24,0.05555555555555555,0,0,0.05555555555555555,-1.33,0,0.0,0,-2.24,0.1111111111111111,1",-4.900,47.4,-2.3800,-34.1600,-11.8200,-11.8200,0.0,,0,none,19,guide
UCCACAGUGUGGAUAGGGA,AAGCCAGAGGAACGCUGGCUCCCUAUCCACACUGUGGAAACCAUCAUGAUUAGUGUC,0.4630872483221476,0,"0.0,-2.35,-12.44,1,0,-193.82,0.21052631578947367,0,0.3684210526315789,0,0,0.16666666666666666,-3.26,0.05555555555555555,0,0,0.05555555555555555,-2.35,0,0.0,0,-1.1,0.0,1",-4.700,52.6,0.0000,-37.2000,-14.0400,-14.0400,0.0,,0,none,19,guide
CCACAGUGUGGAUAGGGAG,AAAGCCAGAGGAACGCUGGCUCCCUAUCCACACUGUGGAAACCAUCAUGAUUAGUGU,0.4690529455630127,0,"-0.73,-3.26,-13.39,0,0,-199.3,0.15789473684210525,0,0.42105263157894735,0,0,0.16666666666666666,-2.11,0.05555555555555555,0,1,0.05555555555555555,-2.08,1,0.0,0,-1.33,0.0,0",-3.300,57.9,-1.1800,-38.1800,-12.8900,-12.8900,0.0,,0,none,19,guide
GUGUGGAUAGGGAGCCAGC,UAUGAAAAGCCAGAGGAACGCUGGCUCCCUAUCCACACUGUGGAAACCAUCAUGAUU,0.4772557792692021,0,"0.73,-2.24,-11.4,0,1,-207.22,0.15789473684210525,0,0.4736842105263158,0,0,0.16666666666666666,-2.11,0.05555555555555555,1,0,0.05555555555555555,-3.42,0,0.1111111111111111,0,-2.08,0.0,0",-1.500,63.2,1.1800,-40.2700,-13.1700,-13.1700,0.0,,0,none,19,guide
GGGAGCCAGCGUUCCUCUG,AAGUAUGGUUAUGAAAAGCCAGAGGAACGCUGGCUCCCUAUCCACACUGUGGAAACC,0.3169276659209545,0,"-0.7,-3.26,-13.39,0,1,-208.69,0.21052631578947367,0,0.3684210526315789,1,0,0.1111111111111111,-3.26,0.0,0,0,0.1111111111111111,-2.11,0,0.1111111111111111,0,-2.35,0.05555555555555555,0",-6.000,68.4,-1.1500,-41.2100,-16.4800,-16.4800,0.0,,0,none,19,guide
AGCCAGCGUUCCUCUGGCU,GAUAAGUAUGGUUAUGAAAAGCCAGAGGAACGCUGGCUCCCUAUCCACACUGUGGAA,0.2818791946308724,0,"0.0,-2.08,-10.48,0,0,-200.78,0.2631578947368421,0,0.2631578947368421,0,0,0.05555555555555555,-3.42,0.0,0,0,0.1111111111111111,-2.08,0,0.16666666666666666,0,-2.35,0.05555555555555555,0",-7.100,63.2,0.0000,-40.2500,-16.6500,-16.6500,0.0,,0,none,19,guide
GCCAGCGUUCCUCUGGCUU,AGAUAAGUAUGGUUAUGAAAAGCCAGAGGAACGCUGGCUCCCUAUCCACACUGUGGA,0.26771066368381796,0,"-2.49,-3.42,-14.88,0,1,-200.83999999999997,0.3157894736842105,0,0.2631578947368421,0,1,0.05555555555555555,-3.26,0.0,0,0,0.1111111111111111,-0.93,0,0.16666666666666666,0,-2.08,0.1111111111111111,0",-6.700,63.2,-2.9400,-39.6000,-15.4700,-15.4700,0.0,,0,none,19,guide
CAGCGUUCCUCUGGCUUUU,GAAGAUAAGUAUGGUUAUGAAAAGCCAGAGGAACGCUGGCUCCCUAUCCACACUGUG,0.2431021625652498,0,"-1.63,-2.11,-10.44,0,0,-186.20999999999995,0.42105263157894735,0,0.21052631578947367,0,0,0.05555555555555555,-2.08,0.0,0,1,0.05555555555555555,-0.93,0,0.1111111111111111,0,-3.26,0.2222222222222222,0",-1.600,52.6,-1.6300,-34.9800,-13.3800,-13.3800,0.0,,0,none,19,guide
GCGUUCCUCUGGCUUUUCA,GGGAAGAUAAGUAUGGUUAUGAAAAGCCAGAGGAACGCUGGCUCCCUAUCCACACUG,0.26771066368381796,0,"-1.76,-3.42,-14.88,0,1,-188.17,0.42105263157894735,0,0.21052631578947367,0,1,0.05555555555555555,-2.36,0.0,0,0,0.05555555555555555,-2.11,0,0.1111111111111111,0,-2.08,0.2222222222222222,1",-0.600,52.6,-1.7600,-35.0500,-13.2200,-13.2200,0.0,,0,none,19,guide
UCCUCUGGCUUUUCAUAAC,CCUGGGGAAGAUAAGUAUGGUUAUGAAAAGCCAGAGGAACGCUGGCUCCCUAUCCAC,0.3676360924683072,0,"0.79,-2.35,-12.44,1,0,-179.71999999999997,0.42105263157894735,0,0.10526315789473684,0,0,0.05555555555555555,-3.26,0.05555555555555555,0,0,0.05555555555555555,-2.24,0,0.05555555555555555,0,-2.35,0.16666666666666666,0",0.000,42.1,0.3400,-31.9000,-15.1400,-15.1400,0.0,,0,none,19,guide
UCUGGCUUUUCAUAACCAU,GAGCCUGGGGAAGAUAAGUAUGGUUAUGAAAAGCCAGAGGAACGCUGGCUCCCUAUC,0.2923191648023863,0,"-0.8,-2.35,-12.44,1,0,-172.89999999999995,0.42105263157894735,0,0.10526315789473684,0,0,0.05555555555555555,-2.08,0.05555555555555555,0,0,0.05555555555555555,-1.1,0,0.05555555555555555,0,-1.33,0.16666666666666666,0",-0.300,36.8,-1.2500,-29.9800,-13.8800,-13.8800,0.0,,0,none,19,guide
CUGGCUUUUCAUAACCAUA,UGAGCCUGGGGAAGAUAAGUAUGGUUAUGAAAAGCCAGAGGAACGCUGGCUCCCUAU,0.2371364653243848,0,"-1.2,-2.08,-10.48,0,0,-171.87,0.3684210526315789,0,0.10526315789473684,0,0,0.05555555555555555,-2.11,0.1111111111111111,1,1,0.05555555555555555,-1.33,0,0.05555555555555555,0,-0.93,0.16666666666666666,1",-0.300,36.8,-1.2000,-29.6600,-12.7300,-12.7300,0.0,,0,none,19,guide
UUUUCAUAACCAUACUUAU,CUUCAUGAGCCUGGGGAAGAUAAGUAUGGUUAUGAAAAGCCAGAGGAACGCUGGCUC,0.5167785234899328,0,"0.17,-0.93,-6.82,1,0,-154.24999999999997,0.4736842105263158,1,0.0,0,0,0.0,-0.93,0.16666666666666666,1,0,0.05555555555555555,-1.1,0,0.0,0,-1.33,0.2222222222222222,0",0.000,21.1,0.1700,-23.8400,-8.7500,-8.7500,0.0,,0,none,19,guide
UUUCAUAACCAUACUUAUC,UCUUCAUGAGCCUGGGGAAGAUAAGUAUGGUUAUGAAAAGCCAGAGGAACGCUGGCU,0.6539895600298284,1,"1.87,-0.93,-6.82,1,0,-163.59,0.42105263157894735,1,0.0,0,0,0.0,-0.93,0.16666666666666666,1,0,0.05555555555555555,-2.35,0,0.0,0,-2.24,0.16666666666666666,0",0.000,26.3,1.8700,-25.8100,-8.7500,-8.7500,0.0,,0,none,19,guide
CCAUACUUAUCUUCCCCAG,AUUUCUAUUCUUCAUGAGCCUGGGGAAGAUAAGUAUGGUUAUGAAAAGCCAGAGGAA,0.4101416853094706,0,"-0.73,-3.26,-13.39,0,0,-186.33,0.3157894736842105,0,0.05263157894736842,0,0,0.0,-2.11,0.1111111111111111,0,1,0.2222222222222222,-2.08,1,0.0,0,-2.35,0.1111111111111111,0",0.000,47.4,-1.1800,-33.3700,-9.7900,-9.7900,0.0,,0,none,19,guide
UACUUAUCUUCCCCAGGCU,UGCAUUUCUAUUCUUCAUGAGCCUGGGGAAGAUAAGUAUGGUUAUGAAAAGCCAGAG,0.5861297539149889,1,"0.3,-1.33,-7.69,1,0,-184.43,0.3684210526315789,0,0.10526315789473684,0,0,0.05555555555555555,-2.24,0.1111111111111111,0,0,0.16666666666666666,-2.08,0,0.05555555555555555,0,-3.26,0.1111111111111111,0",0.000,47.4,0.7500,-34.8100,-10.0300,-10.0300,0.0,,0,none,19,guide
UAUCUUCCCCAGGCUCAUG,UGUGUGCAUUUCUAUUCUUCAUGAGCCUGGGGAAGAUAAGUAUGGUUAUGAAAAGCC,0.5667412378821775,1,"1.23,-1.33,-7.69,1,0,-194.46,0.3157894736842105,0,0.15789473684210525,0,0,0.05555555555555555,-1.1,0.05555555555555555,0,0,0.16666666666666666,-2.11,0,0.05555555555555555,0,-3.42,0.05555555555555555,0",0.000,52.6,1.2300,-36.4000,-12.0700,-12.0700,0.0,,0,none,19,guide
AUCUUCCCCAGGCUCAUGA,AUGUGUGCAUUUCUAUUCUUCAUGAGCCUGGGGAAGAUAAGUAUGGUUAUGAAAAGC,0.56972408650261,1,"0.8,-1.1,-9.38,0,0,-195.49,0.2631578947368421,0,0.15789473684210525,0,0,0.05555555555555555,-2.35,0.0,1,0,0.16666666666666666,-2.35,0,0.05555555555555555,0,-2.08,0.05555555555555555,1",0.000,52.6,1.2500,-36.9200,-14.2300,-14.2300,0.0,,0,none,19,guide
GGCUCAUGAAGAAUAGAAA,AAAAAUGGUGAUGUGUGCAUUUCUAUUCUUCAUGAGCCUGGGGAAGAUAAGUAUGGU,0.2199850857568978,0,"-2.33,-3.26,-13.39,0,1,-176.74999999999997,0.15789473684210525,0,0.2631578947368421,1,0,0.05555555555555555,-3.42,0.05555555555555555,0,0,0.0,-0.93,0,0.05555555555555555,0,-1.1,0.0,1",0.000,36.8,-2.7800,-29.6500,-13.1700,-13.1700,0.0,,0,none,19,guide
AAUAGAAAUGCACACAUCA,CAAAUGUUGAUAAAAAUGGUGAUGUGUGCAUUUCUAUUCUUCAUGAGCCUGGGGAAG,0.55779269202088,1,"0.73,-0.93,-6.82,0,0,-170.48,0.15789473684210525,0,0.10526315789473684,0,0,0.0,-1.1,0.05555555555555555,0,0,0.0,-2.11,0,0.05555555555555555,0,-2.11,0.0,1",0.000,31.6,1.1800,-28.0100,-8.7200,-8.7200,0.0,,0,none,19,guide
UAGAAAUGCACACAUCACC,CCCAAAUGUUGAUAAAAAUGGUGAUGUGUGCAUUUCUAUUCUUCAUGAGCCUGGGGA,0.7061894108873974,1,"1.93,-1.33,-7.69,1,0,-182.79,0.15789473684210525,0,0.10526315789473684,0,0,0.0,-2.08,0.05555555555555555,0,0,0.05555555555555555,-3.26,0,0.05555555555555555,0,-2.11,0.0,0",0.000,42.1,2.3800,-31.8300,-9.5000,-9.5000,0.0,,0,none,19,guide
AGAAAUGCACACAUCACCA,ACCCAAAUGUUGAUAAAAAUGGUGAUGUGUGCAUUUCUAUUCUUCAUGAGCCUGGGG,0.6338553318419089,1,"0.03,-2.08,-10.48,0,0,-181.82,0.10526315789473684,0,0.10526315789473684,0,0,0.0,-2.35,0.0,0,0,0.05555555555555555,-2.11,0,0.05555555555555555,0,-1.1,0.0,1",0.000,42.1,0.0300,-32.4100,-10.8400,-10.8400,0.0,,0,none,19,guide
UUUUAUCAACAUUUGGGUG,AUUCAUUACAGAAAUCUGGCACCCAAAUGUUGAUAAAAAUGGUGAUGUGUGCAUUUC,0.5451155853840417,1,"1.63,-0.93,-6.82,1,0,-163.81999999999996,0.4736842105263158,1,0.21052631578947367,0,0,0.1111111111111111,-0.93,0.05555555555555555,1,0,0.0,-2.11,0,0.0,0,-0.93,0.2777777777777778,0",0.000,31.6,1.6300,-26.9600,-8.7500,-8.7500,0.0,,0,none,19,guide
UCAACAUUUGGGUGCCAGA,AUGAAAUUCAUUACAGAAAUCUGGCACCCAAAUGUUGAUAAAAAUGGUGAUGUGUGC,0.5473527218493661,1,"0.0,-2.35,-12.44,1,0,-184.2,0.2631578947368421,0,0.2631578947368421,0,0,0.1111111111111111,-2.11,0.0,0,0,0.05555555555555555,-2.35,0,0.05555555555555555,0,-2.11,0.1111111111111111,1",-1.700,47.4,0.0000,-34.2600,-9.4200,-9.4200,0.0,,0,none,19,guide
AACAUUUGGGUGCCAGAUU,AAAUGAAAUUCAUUACAGAAAUCUGGCACCCAAAUGUUGAUAAAAAUGGUGAUGUGU,0.5473527218493661,1,"0.0,-0.93,-6.82,0,0,-177.51999999999995,0.3157894736842105,0,0.2631578947368421,0,0,0.1111111111111111,-2.24,0.0,0,0,0.05555555555555555,-0.93,0,0.05555555555555555,0,-3.26,0.16666666666666666,0",-3.100,42.1,0.0000,-31.9800,-9.4200,-9.4200,0.0,,0,none,19,guide
GUGCCAGAUUUCUGUAAUG,GACCUCCUAAAAUGAAAUUCAUUACAGAAAUCUGGCACCCAAAUGUUGAUAAAAAUG,0.3736017897091722,0,"-0.13,-2.24,-11.4,0,1,-181.97,0.3684210526315789,0,0.2631578947368421,0,0,0.0,-2.11,0.05555555555555555,1,0,0.05555555555555555,-2.11,0,0.05555555555555555,0,-2.11,0.1111111111111111,0",-1.100,42.1,-0.1300,-30.9900,-15.3300,-15.3300,0.0,,0,none,19,guide
AUUUCUGUAAUGAAUUUCA,CCCCUCCGACCUCCUAAAAUGAAAUUCAUUACAGAAAUCUGGCACCCAAAUGUUGAU,0.459358687546607,0,"0.56,-1.1,-9.38,0,0,-156.21999999999997,0.4736842105263158,0,0.10526315789473684,0,0,0.0,-0.93,0.05555555555555555,1,0,0.0,-2.11,0,0.0,0,-0.93,0.2222222222222222,1",-0.300,21.1,1.0100,-23.2700,-10.6400,-10.6400,0.0,,0,none,19,guide
UAAUGAAUUUCAUUUUAGG,AGAUUAUCCCCUCCGACCUCCUAAAAUGAAAUUCAUUACAGAAAUCUGGCACCCAAA,0.5190156599552572,0,"1.93,-1.33,-7.69,1,0,-153.55999999999997,0.4736842105263158,0,0.15789473684210525,0,0,0.05555555555555555,-0.93,0.1111111111111111,0,0,0.0,-3.26,0,0.0,0,-0.93,0.2777777777777778,0",-0.600,21.1,2.3800,-22.4400,-8.5200,-8.5200,0.0,,0,none,19,guide
AUGAAUUUCAUUUUAGGAG,AAAGAUUAUCCCCUCCGACCUCCUAAAAUGAAAUUCAUUACAGAAAUCUGGCACCCA,0.6554809843400448,1,"1.43,-1.1,-9.38,0,0,-161.96999999999997,0.42105263157894735,0,0.21052631578947367,0,0,0.05555555555555555,-2.11,0.05555555555555555,1,0,0.0,-2.08,0,0.0,0,-0.93,0.2777777777777778,0",0.000,26.3,1.4300,-24.6100,-8.3500,-8.3500,0.0,,0,none,19,guide
GAAUUUCAUUUUAGGAGGU,CAAAAGAUUAUCCCCUCCGACCUCCUAAAAUGAAAUUCAUUACAGAAAUCUGGCACC,0.2945563012677107,0,"-1.01,-2.35,-12.44,0,1,-166.93999999999997,0.42105263157894735,0,0.2631578947368421,0,0,0.1111111111111111,-0.93,0.05555555555555555,0,0,0.0,-2.24,0,0.0,0,-2.08,0.2777777777777778,0",-0.100,31.6,-0.5600,-27.2500,-8.3500,-8.3500,0.0,,0,none,19,guide
AUUUUAGGAGGUCGGAGGG,ACUUUCCCAAAAGAUUAUCCCCUCCGACCUCCUAAAAUGAAAUUCAUUACAGAAAUC,0.465324384787472,0,"2.16,-1.1,-9.38,0,0,-187.95,0.2631578947368421,0,0.4736842105263158,0,0,0.2777777777777778,-0.93,0.05555555555555555,1,0,0.0,-3.26,0,0.0,0,-2.36,0.16666666666666666,0",0.000,52.6,2.6100,-35.2700,-9.4600,-9.4600,0.0,,0,none,19,guide
GAGGUCGGAGGGGAUAAUC,UCAUCUUACUUUCCCAAAAGAUUAUCCCCUCCGACCUCCUAAAAUGAAAUUCAUUAC,0.6316181953765846,1,"0.0,-2.35,-12.44,0,1,-201.81,0.15789473684210525,0,0.4736842105263158,0,0,0.2777777777777778,-2.08,0.05555555555555555,0,0,0.0,-2.35,0,0.0,0,-2.35,0.0,0",-1.400,57.9,0.0000,-37.6800,-15.5500,-15.5500,0.0,,0,none,19,guide
AGGUCGGAGGGGAUAAUCU,CUCAUCUUACUUUCCCAAAAGAUUAUCCCCUCCGACCUCCUAAAAUGAAAUUCAUUA,0.6278896346010439,1,"0.0,-2.08,-10.48,0,0,-192.41,0.21052631578947367,0,0.42105263157894735,0,0,0.2777777777777778,-3.26,0.05555555555555555,0,0,0.0,-2.08,0,0.0,0,-1.1,0.0,0",-1.400,52.6,0.0000,-36.3600,-15.8200,-15.8200,0.0,,0,none,19,guide
CACCUUCAUAAAGUGUAUC,CCUUAUUAUUGGCCCUCCAGAUACACUUUAUGAAGGUGGUGUUUUUAAGGCUCAUCU,0.4921700223713647,0,"0.24,-2.11,-10.44,0,0,-175.74,0.3157894736842105,0,0.10526315789473684,0,0,0.0,-2.24,0.1111111111111111,0,1,0.05555555555555555,-2.35,0,0.0,0,-2.24,0.05555555555555555,0",0.000,36.8,0.2400,-29.4300,-12.9700,-12.9700,0.0,,0,none,19,guide
ACCUUCAUAAAGUGUAUCU,UCCUUAUUAUUGGCCCUCCAGAUACACUUUAUGAAGGUGGUGUUUUUAAGGCUCAUC,0.586875466070097,1,"-0.16,-2.24,-11.4,0,0,-168.33999999999997,0.3684210526315789,0,0.10526315789473684,0,0,0.0,-3.26,0.1111111111111111,0,0,0.05555555555555555,-2.08,0,0.0,0,-2.11,0.05555555555555555,0",0.000,31.6,-0.1600,-28.1500,-11.8300,-11.8300,0.0,,0,none,19,guide
UAAAGUGUAUCUGGAGGGC,UGGGAAGUCCUUAUUAUUGGCCCUCCAGAUACACUUUAUGAAGGUGGUGUUUUUAAG,0.5607755406413124,1,"2.09,-1.33,-7.69,1,0,-186.11999999999995,0.2631578947368421,0,0.3684210526315789,0,0,0.16666666666666666,-0.93,0.1111111111111111,0,0,0.0,-3.42,0,0.05555555555555555,0,-3.26,0.0,0",0.000,47.4,2.5400,-34.3700,-10.5300,-10.5300,0.0,,0,none,19,guide
GUGUAUCUGGAGGGCCAAU,CCGAUGGGAAGUCCUUAUUAUUGGCCCUCCAGAUACACUUUAUGAAGGUGGUGUUUU,0.2692020879940343,0,"-1.59,-2.24,-11.4,0,1,-194.34,0.2631578947368421,0,0.3684210526315789,0,0,0.16666666666666666,-2.11,0.05555555555555555,1,0,0.05555555555555555,-1.1,0,0.05555555555555555,0,-3.26,0.0,0",-1.600,52.6,-1.5900,-36.3000,-11.2100,-11.2100,0.0,,0,none,19,guide
GGAGGGCCAAUAAUAAGGA,GAUCUCUACCGAUGGGAAGUCCUUAUUAUUGGCCCUCCAGAUACACUUUAUGAAGGU,0.3333333333333333,0,"-1.36,-3.26,-13.39,0,1,-185.37999999999997,0.10526315789473684,0,0.3684210526315789,1,0,0.2222222222222222,-2.35,0.1111111111111111,0,0,0.05555555555555555,-2.35,0,0.05555555555555555,0,-1.1,0.0,1",-0.700,47.4,-1.3600,-34.4000,-17.6300,-17.6300,0.0,,0,none,19,guide
GGCCAAUAAUAAGGACUUC,CAAUGAUCUCUACCGAUGGGAAGUCCUUAUUAUUGGCCCUCCAGAUACACUUUAUGA,0.6532438478747203,1,"-0.46,-3.26,-13.39,0,1,-180.54,0.21052631578947367,0,0.21052631578947367,1,0,0.1111111111111111,-3.42,0.1111111111111111,0,0,0.05555555555555555,-2.35,0,0.05555555555555555,0,-3.26,0.05555555555555555,0",-0.600,42.1,-0.9100,-31.4000,-12.1500,-12.1500,0.0,,0,none,19,guide
GCCAAUAAUAAGGACUUCC,ACAAUGAUCUCUACCGAUGGGAAGUCCUUAUUAUUGGCCCUCCAGAUACACUUUAUG,0.529455630126771,1,"-0.16,-3.42,-14.88,0,1,-180.54,0.21052631578947367,0,0.15789473684210525,0,1,0.05555555555555555,-3.26,0.1111111111111111,0,0,0.1111111111111111,-3.26,0,0.05555555555555555,0,-2.35,0.05555555555555555,0",-0.600,42.1,-0.1600,-31.4000,-9.6600,-9.6600,0.0,,0,none,19,guide
UAAGGACUUCCCAUCGGUA,AAUAGAUGACAAUGAUCUCUACCGAUGGGAAGUCCUUAUUAUUGGCCCUCCAGAUAC,0.6942580164056674,1,"0.0,-1.33,-7.69,1,0,-183.07,0.2631578947368421,0,0.21052631578947367,0,0,0.1111111111111111,-0.93,0.1111111111111111,0,0,0.1111111111111111,-1.33,0,0.0,0,-1.1,0.05555555555555555,1",-0.600,47.4,0.0000,-34.0300,-12.9400,-12.9400,0.0,,0,none,19,guide
GGACUUCCCAUCGGUAGAG,UUUAAUAGAUGACAAUGAUCUCUACCGAUGGGAAGUCCUUAUUAUUGGCCCUCCAGA,0.5093214019388517,0,"-0.73,-3.26,-13.39,0,1,-198.92,0.21052631578947367,0,0.3157894736842105,1,0,0.1111111111111111,-2.35,0.05555555555555555,0,0,0.1111111111111111,-2.08,0,0.0,0,-3.26,0.05555555555555555,0",-0.800,57.9,-1.1800,-37.2000,-13.2100,-13.2100,0.0,,0,none,19,guide
ACUUCCCAUCGGUAGAGAU,GGUUUAAUAGAUGACAAUGAUCUCUACCGAUGGGAAGUCCUUAUUAUUGGCCCUCCA,0.5048471290082028,0,"-0.69,-2.24,-11.4,0,0,-187.47,0.2631578947368421,0,0.21052631578947367,0,0,0.05555555555555555,-2.08,0.05555555555555555,0,0,0.1111111111111111,-1.1,0,0.0,0,-1.33,0.05555555555555555,0",-0.800,47.4,-1.1400,-34.1900,-13.9900,-13.9900,0.0,,0,none,19,guide
CCAUCGGUAGAGAUCAUUG,CUGCAGGUUUAAUAGAUGACAAUGAUCUCUACCGAUGGGAAGUCCUUAUUAUUGGCC,0.6465324384787472,1,"-0.7,-3.26,-13.39,0,0,-189.9,0.2631578947368421,0,0.2631578947368421,0,0,0.05555555555555555,-2.11,0.05555555555555555,0,1,0.05555555555555555,-2.11,1,0.0,0,-1.1,0.05555555555555555,0",-0.500,47.4,-1.1500,-33.1800,-13.4200,-13.4200,0.0,,0,none,19,guide
AUCGGUAGAGAUCAUUGUC,UUCUGCAGGUUUAAUAGAUGACAAUGAUCUCUACCGAUGGGAAGUCCUUAUUAUUGG,0.7695749440715884,1,"1.7,-1.1,-9.38,0,0,-186.19,0.3157894736842105,0,0.2631578947368421,0,0,0.05555555555555555,-2.35,0.05555555555555555,1,0,0.0,-2.35,0,0.0,0,-2.11,0.05555555555555555,0",0.000,42.1,1.7000,-31.6500,-13.6200,-13.6200,0.0,,0,none,19,guide
CGGUAGAGAUCAUUGUCAU,UUUUCUGCAGGUUUAAUAGAUGACAAUGAUCUCUACCGAUGGGAAGUCCUUAUUAUU,0.3020134228187919,0,"-1.26,-2.36,-10.64,0,0,-184.19,0.3157894736842105,0,0.2631578947368421,0,0,0.05555555555555555,-3.26,0.05555555555555555,0,1,0.0,-1.1,0,0.0,1,-0.93,0.05555555555555555,0",-0.200,42.1,-1.7100,-31.6100,-13.3400,-13.3400,0.0,,0,none,19,guide
UUGUCAUCUAUUAAACCUG,CCAGUGGAAGGCUUUUCUGCAGGUUUAAUAGAUGACAAUGAUCUCUACCGAUGGGAA,0.727069351230425,1,"1.63,-0.93,-6.82,1,0,-167.43999999999997,0.42105263157894735,1,0.10526315789473684,0,0,0.0,-2.11,0.1111111111111111,1,0,0.05555555555555555,-2.11,0,0.0,0,-0.93,0.1111111111111111,0",0.000,31.6,1.6300,-27.4200,-12.2600,-12.2600,0.0,,0,none,19,guide
CAUCUAUUAAACCUGCAGA,AAAUCCAGUGGAAGGCUUUUCUGCAGGUUUAAUAGAUGACAAUGAUCUCUACCGAUG,0.4519015659955257,0,"-0.66,-2.11,-10.44,0,0,-174.57999999999996,0.2631578947368421,0,0.10526315789473684,0,0,0.0,-1.1,0.1111111111111111,0,1,0.05555555555555555,-2.35,0,0.05555555555555555,0,-2.08,0.05555555555555555,1",0.000,36.8,-0.2100,-29.7500,-8.8900,-8.8900,0.0,,0,none,19,guide
UCUAUUAAACCUGCAGAAA,AAAAAUCCAGUGGAAGGCUUUUCUGCAGGUUUAAUAGAUGACAAUGAUCUCUACCGA,0.3855331841909023,0,"-0.97,-2.35,-12.44,1,0,-164.67999999999995,0.2631578947368421,0,0.10526315789473684,0,0,0.0,-2.08,0.1111111111111111,0,0,0.05555555555555555,-0.93,0,0.05555555555555555,0,-3.42,0.05555555555555555,1",0.000,31.6,-1.4200,-27.7000,-7.7000,-7.7000,0.0,,0,none,19,guide
UUAAACCUGCAGAAAAGCC,CAACAAAAAUCCAGUGGAAGGCUUUUCUGCAGGUUUAAUAGAUGACAAUGAUCUCUA,0.6211782252050708,1,"2.33,-0.93,-6.82,1,0,-173.97999999999996,0.15789473684210525,1,0.15789473684210525,0,0,0.0,-1.33,0.05555555555555555,1,0,0.1111111111111111,-3.26,0,0.1111111111111111,0,-0.93,0.05555555555555555,0",-0.300,42.1,2.7800,-31.2300,-10.7700,-10.7700,0.0,,0,none,19,guide
GAAAAGCCUUCCACUGGAU,XXXXXAGAACUCAACAAAAAUCCAGUGGAAGGCUUUUCUGCAGGUUUAAUAGAUGAC,0.4876957494407159,0,"-1.7,-2.35,-12.44,0,1,-185.42,0.21052631578947367,0,0.21052631578947367,0,0,0.05555555555555555,-0.93,0.0,0,0,0.1111111111111111,-1.1,0,0.05555555555555555,0,-2.24,0.05555555555555555,0",-0.700,47.4,-1.7000,-33.6300,-11.5500,-11.5500,0.0,,0,none,19,guide
CACUGUCUGGCUAUCCUGU,ACCAACAGAGCAGAACACGACAGGAUAGCCAGACAGUGGACCAAXXXXXXXXXXXXX,0.4116331096196868,0,"-0.77,-2.11,-10.44,0,0,-194.16,0.3684210526315789,0,0.21052631578947367,0,0,0.05555555555555555,-2.24,0.05555555555555555,0,1,0.05555555555555555,-2.24,0,0.05555555555555555,0,-1.1,0.0,0",0.000,52.6,-0.3200,-36.6100,-13.1000,-13.1000,0.0,,0,none,19,guide
CUGUCUGGCUAUCCUGUCG,UGACCAACAGAGCAGAACACGACAGGAUAGCCAGACAGUGGACCAAXXXXXXXXXXX,0.5816554809843401,1,"-0.17,-2.08,-10.48,0,0,-199.11999999999995,0.3684210526315789,0,0.2631578947368421,0,0,0.05555555555555555,-2.11,0.05555555555555555,1,1,0.05555555555555555,-2.36,0,0.05555555555555555,0,-3.26,0.0,0",-2.200,57.9,0.2800,-37.3200,-14.1500,-14.1500,0.0,,0,none,19,guide
UGUCGUGUUCUGCUCUGUU,AGCCACUCAGUAUUUGACCAACAGAGCAGAACACGACAGGAUAGCCAGACAGUGGAC,0.5734526472781507,1,"-0.73,-2.11,-10.44,1,0,-184.23,0.5263157894736842,0,0.2631578947368421,0,0,0.0,-2.24,0.0,0,0,0.0,-0.93,0,0.05555555555555555,0,-2.08,0.1111111111111111,0",0.000,47.4,-1.1800,-33.6900,-13.5400,-13.5400,0.0,,0,none,19,guide
UCGUGUUCUGCUCUGUUGG,AUAGCCACUCAGUAUUUGACCAACAGAGCAGAACACGACAGGAUAGCCAGACAGUGG,0.6621923937360179,1,"1.36,-2.35,-12.44,1,0,-189.94,0.4736842105263158,0,0.3157894736842105,0,0,0.05555555555555555,-2.36,0.0,0,0,0.0,-3.26,0,0.05555555555555555,0,-2.08,0.1111111111111111,0",0.000,52.6,1.3600,-35.2600,-12.2300,-12.2300,0.0,,0,none,19,guide
GUUGGUCAAAUACUGAGUG,CUCUGGUUGGAAGCAUAGCCACUCAGUAUUUGACCAACAGAGCAGAACACGACAGGA,0.6495152870991797,1,"-0.13,-2.24,-11.4,0,1,-180.51,0.3157894736842105,0,0.3157894736842105,0,0,0.05555555555555555,-0.93,0.05555555555555555,1,0,0.0,-2.11,0,0.0,0,-2.08,0.05555555555555555,0",-0.300,42.1,-0.1300,-31.1500,-13.0000,-13.0000,0.0,,0,none,19,guide
UGGUCAAAUACUGAGUGGC,UCCUCUGGUUGGAAGCAUAGCCACUCAGUAUUUGACCAACAGAGCAGAACACGACAG,0.6778523489932886,1,"1.76,-2.11,-10.44,1,0,-186.84,0.2631578947368421,0,0.3157894736842105,0,0,0.1111111111111111,-3.26,0.05555555555555555,0,0,0.0,-3.42,0,0.05555555555555555,0,-2.35,0.0,0",-0.300,47.4,1.7600,-34.3100,-11.8200,-11.8200,0.0,,0,none,19,guide
UCAAAUACUGAGUGGCUAU,GGAUCCUCUGGUUGGAAGCAUAGCCACUCAGUAUUUGACCAACAGAGCAGAACACGA,0.6614466815809098,1,"-0.8,-2.35,-12.44,1,0,-175.43999999999997,0.3157894736842105,0,0.21052631578947367,0,0,0.05555555555555555,-2.11,0.1111111111111111,0,0,0.0,-1.1,0,0.05555555555555555,0,-2.11,0.0,0",0.000,36.8,-1.2500,-30.3600,-8.6400,-8.6400,0.0,,0,none,19,guide
GCUUCCAACCAGAGGAUCC,UGACAGACUGCAACCCUGCGGAUCCUCUGGUUGGAAGCAUAGCCACUCAGUAUUUGA,0.4459358687546607,0,"-0.16,-3.42,-14.88,0,1,-201.33,0.15789473684210525,0,0.21052631578947367,0,1,0.05555555555555555,-2.08,0.0,0,0,0.16666666666666666,-3.26,0,0.05555555555555555,0,-2.08,0.05555555555555555,0",-2.000,57.9,-0.1600,-37.9300,-11.6600,-11.6600,0.0,,0,none,19,guide
UCCAACCAGAGGAUCCGCA,UUUUGACAGACUGCAACCCUGCGGAUCCUCUGGUUGGAAGCAUAGCCACUCAGUAUU,0.5652498135719612,1,"-0.24,-2.35,-12.44,1,0,-197.67,0.10526315789473684,0,0.21052631578947367,0,0,0.05555555555555555,-3.26,0.0,0,0,0.16666666666666666,-2.11,0,0.05555555555555555,0,-1.1,0.0,1",-1.300,57.9,-0.2400,-38.3400,-13.9100,-13.9100,0.0,,0,none,19,guide
CAGAGGAUCCGCAGGGUUG,GUUCCCUUUUGACAGACUGCAACCCUGCGGAUCCUCUGGUUGGAAGCAUAGCCACUC,0.4198359433258761,0,"0.0,-2.11,-10.44,0,0,-203.14999999999995,0.15789473684210525,0,0.42105263157894735,0,0,0.16666666666666666,-2.08,0.0,0,1,0.05555555555555555,-2.11,0,0.05555555555555555,0,-2.08,0.05555555555555555,0",-2.400,63.2,0.0000,-39.3200,-13.2200,-13.2200,0.0,,0,none,19,guide
GGAUCCGCAGGGUUGCAGU,AUUUGUUCCCUUUUGACAGACUGCAACCCUGCGGAUCCUCUGGUUGGAAGCAUAGCC,0.5302013422818792,1,"-1.47,-3.26,-13.39,0,1,-202.79,0.21052631578947367,0,0.42105263157894735,1,0,0.16666666666666666,-2.35,0.0,0,0,0.05555555555555555,-2.24,0,0.1111111111111111,0,-0.93,0.05555555555555555,0",-2.400,63.2,-1.4700,-39.8000,-14.8400,-14.8400,0.0,,0,none,19,guide
GGGUUGCAGUCUGUCAAAA,UUGCUGUCUAUUUGUUCCCUUUUGACAGACUGCAACCCUGCGGAUCCUCUGGUUGGA,0.3750932140193885,0,"-2.33,-3.26,-13.39,0,1,-183.41,0.2631578947368421,0,0.3157894736842105,1,0,0.1111111111111111,-3.26,0.0,0,0,0.0,-0.93,0,0.05555555555555555,0,-2.24,0.05555555555555555,1",0.000,47.4,-2.7800,-33.3900,-14.0700,-14.0700,0.0,,0,none,19,guide
CUGUCAAAAGGGAACAAAU,UUCAAAGGUUUUGCUGUCUAUUUGUUCCCUUUUGACAGACUGCAACCCUGCGGAUCC,0.3564504101416853,0,"-1.43,-2.08,-10.48,0,0,-169.70999999999995,0.15789473684210525,0,0.21052631578947367,0,0,0.1111111111111111,-2.11,0.0,1,1,0.0,-1.1,0,0.0,0,-0.93,0.0,0",0.000,36.8,-1.4300,-28.7800,-10.6700,-10.6700,0.0,,0,none,19,guide
UGUCAAAAGGGAACAAAUA,UUUCAAAGGUUUUGCUGUCUAUUUGUUCCCUUUUGACAGACUGCAACCCUGCGGAUC,0.337061894108874,0,"-0.33,-2.11,-10.44,1,0,-163.2,0.15789473684210525,0,0.21052631578947367,0,0,0.1111111111111111,-2.24,0.05555555555555555,0,0,0.0,-1.33,0,0.0,0,-2.24,0.0,1",0.000,31.6,-0.7800,-27.4800,-9.4900,-9.4900,0.0,,0,none,19,guide
AAAAGGGAACAAAUAGACA,ACUAUUUCAAAGGUUUUGCUGUCUAUUUGUUCCCUUUUGACAGACUGCAACCCUGCG,0.6413124533929903,1,"0.73,-0.93,-6.82,0,0,-163.23999999999995,0.05263157894736842,0,0.21052631578947367,0,0,0.1111111111111111,-0.93,0.05555555555555555,0,0,0.0,-2.11,0,0.0,0,-1.1,0.0,1",0.000,31.6,1.1800,-27.4500,-12.8100,-12.8100,0.0,,0,none,19,guide
AGGGAACAAAUAGACAGCA,UUGACUAUUUCAAAGGUUUUGCUGUCUAUUUGUUCCCUUUUGACAGACUGCAACCCU,0.5473527218493661,1,"0.03,-2.08,-10.48,0,0,-178.57999999999996,0.05263157894736842,0,0.2631578947368421,0,0,0.1111111111111111,-3.26,0.05555555555555555,0,0,0.0,-2.11,0,0.05555555555555555,0,-2.35,0.0,1",0.000,42.1,0.0300,-32.1200,-14.1500,-14.1500,0.0,,0,none,19,guide
ACAAAUAGACAGCAAAACC,CCGCUUUGACUAUUUCAAAGGUUUUGCUGUCUAUUUGUUCCCUUUUGACAGACUGCA,0.7069351230425056,1,"1.47,-2.24,-11.4,0,0,-171.02999999999997,0.05263157894736842,0,0.10526315789473684,0,0,0.0,-2.11,0.05555555555555555,0,0,0.05555555555555555,-3.26,0,0.05555555555555555,0,-2.11,0.0,0",0.000,36.8,1.4700,-29.2300,-8.4800,-8.4800,0.0,,0,none,19,guide
AUAGACAGCAAAACCUUUG,AGUCCCGCUUUGACUAUUUCAAAGGUUUUGCUGUCUAUUUGUUCCCUUUUGACAGAC,0.6890380313199106,1,"1.46,-1.1,-9.38,0,0,-170.11,0.21052631578947367,0,0.15789473684210525,0,0,0.0,-1.33,0.05555555555555555,1,0,0.05555555555555555,-2.11,0,0.05555555555555555,0,-2.24,0.1111111111111111,0",0.000,36.8,1.4600,-28.8700,-12.1900,-12.1900,0.0,,0,none,19,guide
GCAAAACCUUUGAAAUAGU,CAACUGGAGUCCCGCUUUGACUAUUUCAAAGGUUUUGCUGUCUAUUUGUUCCCUUUU,0.255779269202088,0,"-1.63,-3.42,-14.88,0,1,-162.82999999999996,0.2631578947368421,0,0.15789473684210525,0,1,0.0,-2.11,0.05555555555555555,0,0,0.05555555555555555,-2.24,0,0.05555555555555555,0,-0.93,0.1111111111111111,0",0.000,31.6,-1.6300,-26.6900,-10.4000,-10.4000,0.0,,0,none,19,guide
AAAUAGUCAAAGCGGGACU,CAUCCUUAAAGACAACUGGAGUCCCGCUUUGACUAUUUCAAAGGUUUUGCUGUCUAU,0.4228187919463086,0,"0.7,-0.93,-6.82,0,0,-175.16,0.15789473684210525,0,0.2631578947368421,0,0,0.1111111111111111,-0.93,0.05555555555555555,0,0,0.0,-2.08,0,0.05555555555555555,0,-2.36,0.0,0",-1.800,42.1,1.1500,-31.3400,-10.0300,-10.0300,0.0,,0,none,19,guide
AUAGUCAAAGCGGGACUCC,GACAUCCUUAAAGACAACUGGAGUCCCGCUUUGACUAUUUCAAAGGUUUUGCUGUCU,0.5160328113348247,0,"2.16,-1.1,-9.38,0,0,-191.07,0.15789473684210525,0,0.2631578947368421,0,0,0.1111111111111111,-1.33,0.05555555555555555,1,0,0.05555555555555555,-3.26,0,0.05555555555555555,0,-3.26,0.0,0",-2.100,52.6,2.6100,-35.4400,-11.0400,-11.0400,0.0,,0,none,19,guide
AGUCAAAGCGGGACUCCAG,UGGACAUCCUUAAAGACAACUGGAGUCCCGCUUUGACUAUUUCAAAGGUUUUGCUGU,0.5369127516778524,1,"0.9,-2.08,-10.48,0,0,-194.92,0.10526315789473684,0,0.3157894736842105,0,0,0.1111111111111111,-2.24,0.0,0,0,0.05555555555555555,-2.08,0,0.05555555555555555,0,-2.24,0.0,0",-1.700,57.9,0.4500,-37.5500,-10.6400,-10.6400,0.0,,0,none,19,guide
GGGACUCCAGUUGUCUUUA,UCAUCUGUCUGGACAUCCUUAAAGACAACUGGAGUCCCGCUUUGACUAUUUCAAAGG,0.3266219239373601,0,"-1.93,-3.26,-13.39,0,1,-184.83,0.3684210526315789,0,0.2631578947368421,1,0,0.1111111111111111,-3.26,0.05555555555555555,0,0,0.05555555555555555,-1.33,0,0.0,0,-2.24,0.16666666666666666,1",-3.000,47.4,-2.3800,-34.0400,-15.5400,-15.5400,0.0,,0,none,19,guide
ACUCCAGUUGUCUUUAAGG,GAGUCAUCUGUCUGGACAUCCUUAAAGACAACUGGAGUCCCGCUUUGACUAUUUCAA,0.4392244593586875,0,"1.47,-2.24,-11.4,0,0,-176.3,0.3684210526315789,0,0.21052631578947367,0,0,0.05555555555555555,-2.08,0.05555555555555555,0,0,0.05555555555555555,-3.26,0,0.0,0,-0.93,0.16666666666666666,0",0.000,42.1,1.4700,-31.2400,-14.1200,-14.1200,0.0,,0,none,19,guide
GGAUGUCCAGACAGAUGAC,CAACAUCAACAGUCAGGGAGUCAUCUGUCUGGACAUCCUUAAAGACAACUGGAGUCC,0.3266219239373601,0,"-0.57,-3.26,-13.39,0,1,-201.05,0.15789473684210525,0,0.3157894736842105,1,0,0.05555555555555555,-2.35,0.0,0,0,0.05555555555555555,-2.24,0,0.0,0,-2.08,0.0,0",-0.900,52.6,-1.0200,-36.2000,-13.4100,-13.4100,0.0,,0,none,19,guide
UGUCCAGACAGAUGACUCC,CUGCAACAUCAACAGUCAGGGAGUCAUCUGUCUGGACAUCCUUAAAGACAACUGGAG,0.5637583892617449,1,"1.6,-2.11,-10.44,1,0,-198.43,0.21052631578947367,0,0.21052631578947367,0,0,0.0,-2.24,0.0,0,0,0.1111111111111111,-3.26,0,0.0,0,-2.11,0.0,0",-0.200,52.6,1.6000,-36.6800,-14.3900,-14.3900,0.0,,0,none,19,guide
CAGACAGAUGACUCCCUGA,AUCACUGCAACAUCAACAGUCAGGGAGUCAUCUGUCUGGACAUCCUUAAAGACAACU,0.3653989560029828,0,"-0.66,-2.11,-10.44,0,0,-197.51,0.15789473684210525,0,0.21052631578947367,0,0,0.0,-2.08,0.0,0,1,0.1111111111111111,-2.35,0,0.0,0,-2.35,0.0,1",-1.300,52.6,-0.2100,-36.6700,-13.2100,-13.2100,0.0,,0,none,19,guide
AGACAGAUGACUCCCUGAC,UAUCACUGCAACAUCAACAGUCAGGGAGUCAUCUGUCUGGACAUCCUUAAAGACAAC,0.6219239373601789,1,"1.06,-2.08,-10.48,0,0,-198.47,0.15789473684210525,0,0.21052631578947367,0,0,0.0,-2.35,0.0,0,0,0.1111111111111111,-2.24,0,0.0,0,-3.26,0.0,0",-1.300,52.6,0.6100,-36.8000,-12.2300,-12.2300,0.0,,0,none,19,guide
AGAUGACUCCCUGACUGUU,AAUCUAUCACUGCAACAUCAACAGUCAGGGAGUCAUCUGUCUGGACAUCCUUAAAGA,0.436241610738255,0,"-0.7,-2.08,-10.48,0,0,-189.13,0.3157894736842105,0,0.21052631578947367,0,0,0.0,-2.35,0.0,0,0,0.1111111111111111,-0.93,0,0.0,0,-2.35,0.05555555555555555,0",0.000,47.4,-1.1500,-34.6800,-12.2300,-12.2300,0.0,,0,none,19,guide
AUGACUCCCUGACUGUUGA,AGAAUCUAUCACUGCAACAUCAACAGUCAGGGAGUCAUCUGUCUGGACAUCCUUAAA,0.5570469798657718,1,"0.8,-1.1,-9.38,0,0,-189.09,0.3157894736842105,0,0.21052631578947367,0,0,0.0,-2.11,0.0,1,0,0.1111111111111111,-2.35,0,0.0,0,-2.08,0.05555555555555555,1",0.000,47.4,1.2500,-34.7100,-14.3900,-14.3900,0.0,,0,none,19,guide
UGACUCCCUGACUGUUGAU,CAGAAUCUAUCACUGCAACAUCAACAGUCAGGGAGUCAUCUGUCUGGACAUCCUUAA,0.5257270693512304,1,"-0.56,-2.11,-10.44,1,0,-189.09,0.3684210526315789,0,0.21052631578947367,0,0,0.0,-2.35,0.0,0,0,0.1111111111111111,-1.1,0,0.0,0,-2.11,0.05555555555555555,0",0.000,47.4,-1.0100,-34.5600,-15.5400,-15.5400,0.0,,0,none,19,guide
ACUCCCUGACUGUUGAUGU,ACCAGAAUCUAUCACUGCAACAUCAACAGUCAGGGAGUCAUCUGUCUGGACAUCCUU,0.5212527964205816,0,"0.0,-2.24,-11.4,0,0,-188.05,0.3684210526315789,0,0.21052631578947367,0,0,0.0,-2.08,0.0,0,0,0.1111111111111111,-2.24,0,0.0,0,-0.93,0.05555555555555555,0",0.000,47.4,0.0000,-34.6000,-15.1400,-15.1400,0.0,,0,none,19,guide
CCCUGACUGUUGAUGUUGC,CGCACCAGAAUCUAUCACUGCAACAUCAACAGUCAGGGAGUCAUCUGUCUGGACAUC,0.4929157345264728,0,"0.16,-3.26,-13.39,0,0,-193.31,0.3684210526315789,0,0.2631578947368421,0,0,0.0,-3.26,0.0,0,1,0.1111111111111111,-3.42,1,0.05555555555555555,0,-1.1,0.1111111111111111,0",0.000,52.6,0.1600,-35.4400,-14.1200,-14.1200,0.0,,0,none,19,guide
CUGUUGAUGUUGCAGUGAU,ACUUUCCGCACCAGAAUCUAUCACUGCAACAUCAACAGUCAGGGAGUCAUCUGUCUG,0.5197613721103653,0,"-1.43,-2.08,-10.48,0,0,-182.63,0.42105263157894735,0,0.3157894736842105,0,0,0.0,-2.11,0.0,1,1,0.0,-1.1,0,0.05555555555555555,0,-2.11,0.1111111111111111,0",-2.200,42.1,-1.4300,-31.4300,-10.8400,-10.8400,0.0,,0,none,19,guide
AGUGAUAGAUUCUGGUGCG,GCCACCAAAGGUUACUUUCCGCACCAGAAUCUAUCACUGCAACAUCAACAGUCAGGG,0.5473527218493661,1,"0.73,-2.08,-10.48,0,0,-187.73,0.3157894736842105,0,0.3684210526315789,0,0,0.05555555555555555,-2.24,0.05555555555555555,0,0,0.0,-2.36,0,0.05555555555555555,0,-2.11,0.05555555555555555,0",0.000,47.4,0.7300,-33.4600,-11.2100,-11.2100,0.0,,0,none,19,guide
GAUAGAUUCUGGUGCGGAA,UAAGCCACCAAAGGUUACUUUCCGCACCAGAAUCUAUCACUGCAACAUCAACAGUCA,0.3169276659209545,0,"-1.87,-2.35,-12.44,0,1,-188.06,0.2631578947368421,0,0.3684210526315789,0,0,0.1111111111111111,-1.1,0.05555555555555555,0,0,0.0,-0.93,0,0.05555555555555555,0,-2.11,0.05555555555555555,1",-1.200,47.4,-1.8700,-33.6200,-8.8900,-8.8900,0.0,,0,none,19,guide
GAUUCUGGUGCGGAAAGUA,CAUUUAAGCCACCAAAGGUUACUUUCCGCACCAGAAUCUAUCACUGCAACAUCAACA,0.3668903803131991,0,"-1.47,-2.35,-12.44,0,1,-184.46,0.2631578947368421,0,0.3684210526315789,0,0,0.1111111111111111,-1.1,0.05555555555555555,0,0,0.0,-1.33,0,0.05555555555555555,0,-2.35,0.05555555555555555,1",-1.700,47.4,-1.4700,-33.1400,-11.8300,-11.8300,0.0,,0,none,19,guide
UCUGGUGCGGAAAGUAACC,AUCCAUUUAAGCCACCAAAGGUUACUUUCCGCACCAGAAUCUAUCACUGCAACAUCA,0.6815809097688292,1,"1.36,-2.35,-12.44,1,0,-187.43,0.21052631578947367,0,0.3157894736842105,0,0,0.1111111111111111,-2.08,0.05555555555555555,0,0,0.05555555555555555,-3.26,0,0.05555555555555555,0,-2.08,0.0,0",-1.800,52.6,1.3600,-35.5400,-15.2200,-15.2200,0.0,,0,none,19,guide
GGUGCGGAAAGUAACCUUU,AUUAUCCAUUUAAGCCACCAAAGGUUACUUUCCGCACCAGAAUCUAUCACUGCAACA,0.378076062639821,0,"-2.33,-3.26,-13.39,0,1,-178.18999999999997,0.2631578947368421,0,0.3157894736842105,1,0,0.1111111111111111,-2.24,0.05555555555555555,0,0,0.05555555555555555,-0.93,0,0.05555555555555555,0,-0.93,0.1111111111111111,0",-3.000,47.4,-2.7800,-32.7900,-15.7400,-15.7400,0.0,,0,none,19,guide
CGGAAAGUAACCUUUGGUG,UCAGAUUAUCCAUUUAAGCCACCAAAGGUUACUUUCCGCACCAGAAUCUAUCACUGC,0.4384787472035794,0,"0.2,-2.36,-10.64,0,0,-177.47,0.2631578947368421,0,0.3157894736842105,0,0,0.1111111111111111,-3.26,0.05555555555555555,0,1,0.05555555555555555,-2.11,0,0.0,1,-0.93,0.1111111111111111,0",-0.700,47.4,-0.2500,-31.7800,-11.7900,-11.7900,0.0,,0,none,19,guide
AACCUUUGGUGGCUUAAAU,CAUUUUCAUCAGAUUAUCCAUUUAAGCCACCAAAGGUUACUUUCCGCACCAGAAUCU,0.4787472035794183,0,"0.17,-0.93,-6.82,0,0,-166.62999999999997,0.3684210526315789,0,0.21052631578947367,0,0,0.1111111111111111,-2.24,0.05555555555555555,0,0,0.05555555555555555,-1.1,0,0.05555555555555555,0,-2.08,0.16666666666666666,0",-1.100,36.8,0.1700,-29.4300,-11.5500,-11.5500,0.0,,0,none,19,guide
UGGUGGCUUAAAUGGAUAA,AUAUCACAUUUUCAUCAGAUUAUCCAUUUAAGCCACCAAAGGUUACUUUCCGCACCA,0.2140193885160328,0,"-0.73,-2.11,-10.44,1,0,-171.05999999999997,0.3157894736842105,0,0.3157894736842105,0,0,0.16666666666666666,-3.26,0.1111111111111111,0,0,0.0,-0.93,0,0.05555555555555555,0,-2.11,0.05555555555555555,1",0.000,36.8,-1.1800,-30.2900,-16.3700,-16.3700,0.0,,0,none,19,guide
GCUUAAAUGGAUAAUCUGA,UCUGGAUAUCACAUUUUCAUCAGAUUAUCCAUUUAAGCCACCAAAGGUUACUUUCCG,0.284862043251305,0,"-1.52,-3.42,-14.88,0,1,-170.89999999999995,0.3157894736842105,0,0.21052631578947367,0,1,0.05555555555555555,-2.08,0.1111111111111111,0,0,0.0,-2.35,0,0.05555555555555555,0,-0.93,0.05555555555555555,1",0.000,31.6,-1.5200,-27.6500,-7.3000,-7.3000,0.0,,0,none,19,guide
CUGAUGAAAAUGUGAUAUC,AGGUGGUGUGUUUUUUCUGGAUAUCACAUUUUCAUCAGAUUAUCCAUUUAAGCCACC,0.4295302013422818,0,"0.27,-2.08,-10.48,0,0,-175.45999999999995,0.3157894736842105,0,0.21052631578947367,0,0,0.0,-2.11,0.05555555555555555,1,1,0.0,-2.35,0,0.0,0,-2.11,0.0,0",0.000,31.6,0.2700,-27.2900,-10.9500,-10.9500,0.0,,0,none,19,guide
UGAAAAUGUGAUAUCCAGA,AUGAAGGUGGUGUGUUUUUUCUGGAUAUCACAUUUUCAUCAGAUUAUCCAUUUAAGC,0.5130499627143922,0,"0.24,-2.11,-10.44,1,0,-172.02999999999997,0.2631578947368421,0,0.21052631578947367,0,0,0.0,-2.35,0.05555555555555555,0,0,0.05555555555555555,-2.35,0,0.0,0,-1.1,0.0,1",0.000,31.6,0.2400,-28.0500,-8.3500,-8.3500,0.0,,0,none,19,guide
AAAACACACCACCUUCAUA,UGGUCCACCGGGUUCUGUAUAUGAAGGUGGUGUGUUUUUUCUGGAUAUCACAUUUUC,0.3736017897091722,0,"0.4,-0.93,-6.82,0,0,-170.36,0.15789473684210525,0,0.0,0,0,0.0,-0.93,0.05555555555555555,0,0,0.1111111111111111,-1.33,0,0.0,0,-2.08,0.05555555555555555,1",0.000,36.8,0.4000,-29.8600,-10.5600,-10.5600,0.0,,0,none,19,guide
ACACCACCUUCAUAUACAG,AUACUUGGUCCACCGGGUUCUGUAUAUGAAGGUGGUGUGUUUUUUCUGGAUAUCACA,0.2744220730797912,0,"0.74,-2.24,-11.4,0,0,-181.17,0.21052631578947367,0,0.05263157894736842,0,0,0.0,-2.11,0.1111111111111111,0,0,0.1111111111111111,-2.08,0,0.0,0,-1.33,0.05555555555555555,0",0.000,42.1,0.2900,-32.0800,-15.2200,-15.2200,0.0,,0,none,19,guide
CAGAACCCGGUGGACCAAG,UGAAUGGAGAUCAACUAUACUUGGUCCACCGGGUUCUGUAUAUGAAGGUGGUGUGUU,0.5100671140939598,0,"-0.03,-2.11,-10.44,0,0,-198.98,0.05263157894736842,0,0.3157894736842105,0,0,0.1111111111111111,-2.08,0.0,0,1,0.16666666666666666,-2.08,0,0.0,0,-2.35,0.0,0",-0.300,63.2,-0.0300,-38.8400,-14.1200,-14.1200,0.0,,0,none,19,guide
UGGACCAAGUAUAGUUGAU,AUAACAUUUAUGAAUGGAGAUCAACUAUACUUGGUCCACCGGGUUCUGUAUAUGAAG,0.4436987322893363,0,"-0.56,-2.11,-10.44,1,0,-174.86999999999995,0.3157894736842105,0,0.2631578947368421,0,0,0.05555555555555555,-3.26,0.1111111111111111,0,0,0.05555555555555555,-1.1,0,0.0,0,-2.08,0.05555555555555555,0",-0.200,36.8,-1.0100,-30.5100,-14.1500,-14.1500,0.0,,0,none,19,guide
GACCAAGUAUAGUUGAUCU,AGAUAACAUUUAUGAAUGGAGAUCAACUAUACUUGGUCCACCGGGUUCUGUAUAUGA,0.3937360178970917,0,"-1.17,-2.35,-12.44,0,1,-177.67999999999995,0.3157894736842105,0,0.21052631578947367,0,0,0.0,-2.24,0.1111111111111111,0,0,0.05555555555555555,-2.08,0,0.0,0,-0.93,0.05555555555555555,0",-1.100,36.8,-0.7200,-30.0700,-12.8600,-12.8600,0.0,,0,none,19,guide
UAUAGUUGAUCUCCAUUCA,CUAAAGGAGAUAACAUUUAUGAAUGGAGAUCAACUAUACUUGGUCCACCGGGUUCUG,0.6748695003728561,1,"0.33,-1.33,-7.69,1,0,-172.94,0.42105263157894735,0,0.10526315789473684,0,0,0.0,-1.1,0.1111111111111111,0,0,0.05555555555555555,-2.11,0,0.0,0,-3.26,0.1111111111111111,1",0.000,31.6,0.7800,-28.5700,-9.7900,-9.7900,0.0,,0,none,19,guide
AUUCAUAAAUGUUAUCUCC,UUGCAGUGCUGGGCCUAAAGGAGAUAACAUUUAUGAAUGGAGAUCAACUAUACUUGG,0.5652498135719612,1,"2.16,-1.1,-9.38,0,0,-166.32,0.42105263157894735,0,0.05263157894736842,0,0,0.0,-0.93,0.1111111111111111,1,0,0.05555555555555555,-3.26,0,0.0,0,-1.33,0.1111111111111111,0",0.000,26.3,2.6100,-25.6900,-8.7500,-8.7500,0.0,,0,none,19,guide
UCAUAAAUGUUAUCUCCUU,AAUUGCAGUGCUGGGCCUAAAGGAGAUAACAUUUAUGAAUGGAGAUCAACUAUACUU,0.3877703206562267,0,"-0.97,-2.35,-12.44,1,0,-163.70000000000005,0.4736842105263158,0,0.05263157894736842,0,0,0.0,-2.11,0.1111111111111111,0,0,0.05555555555555555,-0.93,0,0.0,0,-2.35,0.1111111111111111,0",0.000,26.3,-1.4200,-26.1200,-7.5000,-7.5000,0.0,,0,none,19,guide
UAUCUCCUUUAGGCCCAGC,UCCUCCUCCUAAUUGCAGUGCUGGGCCUAAAGGAGAUAACAUUUAUGAAUGGAGAUC,0.5011185682326622,0,"2.09,-1.33,-7.69,1,0,-191.63,0.3157894736842105,0,0.15789473684210525,0,0,0.05555555555555555,-1.1,0.1111111111111111,0,0,0.16666666666666666,-3.42,0,0.1111111111111111,0,-3.42,0.1111111111111111,0",0.000,52.6,2.5400,-36.4900,-13.2200,-13.2200,0.0,,0,none,19,guide
UCCUUUAGGCCCAGCACUG,UUGAUCCUCCUCCUAAUUGCAGUGCUGGGCCUAAAGGAGAUAACAUUUAUGAAUGGA,0.5458612975391499,1,"0.66,-2.35,-12.44,1,0,-194.4,0.2631578947368421,0,0.21052631578947367,0,0,0.05555555555555555,-3.26,0.05555555555555555,0,0,0.16666666666666666,-2.11,0,0.1111111111111111,0,-2.08,0.1111111111111111,0",-0.300,57.9,0.2100,-38.3700,-10.6100,-10.6100,0.0,,0,none,19,guide
AGGCCCAGCACUGCAAUUA,UAACCCUUGAUCCUCCUCCUAAUUGCAGUGCUGGGCCUAAAGGAGAUAACAUUUAUG,0.3527218493661446,0,"-0.3,-2.08,-10.48,0,0,-189.07,0.15789473684210525,0,0.21052631578947367,0,0,0.05555555555555555,-3.26,0.05555555555555555,0,0,0.1111111111111111,-1.33,0,0.16666666666666666,0,-3.42,0.05555555555555555,1",-0.100,52.6,-0.7500,-36.6100,-17.3900,-17.3900,0.0,,0,none,19,guide
CCAGCACUGCAAUUAGGAG,GAAAUAACCCUUGAUCCUCCUCCUAAUUGCAGUGCUGGGCCUAAAGGAGAUAACAUU,0.3810589112602535,0,"-0.73,-3.26,-13.39,0,0,-191.15999999999997,0.15789473684210525,0,0.2631578947368421,0,0,0.05555555555555555,-2.11,0.05555555555555555,0,1,0.05555555555555555,-2.08,1,0.1111111111111111,0,-0.93,0.05555555555555555,0",0.000,52.6,-1.1800,-35.4100,-14.0400,-14.0400,0.0,,0,none,19,guide
GCACUGCAAUUAGGAGGAG,GCUGAAAUAACCCUUGAUCCUCCUCCUAAUUGCAGUGCUGGGCCUAAAGGAGAUAAC,0.255779269202088,0,"-0.89,-3.42,-14.88,0,1,-193.15999999999997,0.15789473684210525,0,0.3684210526315789,0,1,0.1111111111111111,-2.11,0.05555555555555555,0,0,0.0,-2.08,0,0.1111111111111111,0,-3.26,0.05555555555555555,0",-0.900,52.6,-1.3400,-35.4500,-14.0700,-14.0700,0.0,,0,none,19,guide
CACUGCAAUUAGGAGGAGG,AGCUGAAAUAACCCUUGAUCCUCCUCCUAAUUGCAGUGCUGGGCCUAAAGGAGAUAA,0.4668158090976883,0,"0.7,-2.11,-10.44,0,0,-191.67,0.15789473684210525,0,0.3684210526315789,0,0,0.16666666666666666,-2.24,0.05555555555555555,0,1,0.0,-3.26,0,0.05555555555555555,0,-2.35,0.05555555555555555,0",-1.100,52.6,1.1500,-35.2900,-12.8900,-12.8900,0.0,,0,none,19,guide
AUUAGGAGGAGGAUCAAGG,AGGAGCUAGCUGAAAUAACCCUUGAUCCUCCUCCUAAUUGCAGUGCUGGGCCUAAAG,0.6085011185682326,1,"2.16,-1.1,-9.38,0,0,-188.44,0.15789473684210525,0,0.42105263157894735,0,0,0.2222222222222222,-0.93,0.05555555555555555,1,0,0.0,-3.26,0,0.0,0,-1.1,0.05555555555555555,0",0.000,47.4,2.6100,-33.9700,-12.0300,-12.0300,0.0,,0,none,19,guide
AUCAAGGGUUAUUUCAGCU,AAAGAAUUCAGAAGGAGCUAGCUGAAAUAACCCUUGAUCCUCCUCCUAAUUGCAGUG,0.6114839671886652,1,"0.53,-1.1,-9.38,0,0,-172.93999999999997,0.3684210526315789,0,0.21052631578947367,0,0,0.1111111111111111,-2.35,0.05555555555555555,1,0,0.0,-2.08,0,0.05555555555555555,0,-0.93,0.16666666666666666,0",0.000,36.8,0.9800,-29.8000,-13.9900,-13.9900,0.0,,0,none,19,guide
GGUUAUUUCAGCUAGCUCC,GUGCUAAAAGAAUUCAGAAGGAGCUAGCUGAAAUAACCCUUGAUCCUCCUCCUAAUU,0.6002982848620433,1,"0.0,-3.26,-13.39,0,1,-186.79,0.3684210526315789,0,0.21052631578947367,1,0,0.05555555555555555,-2.24,0.1111111111111111,0,0,0.05555555555555555,-3.26,0,0.1111111111111111,0,-1.33,0.16666666666666666,0",-0.400,47.4,0.0000,-33.6900,-7.4600,-7.4600,0.0,,0,none,19,guide
UAUUUCAGCUAGCUCCUUC,CUAGUGCUAAAAGAAUUCAGAAGGAGCUAGCUGAAAUAACCCUUGAUCCUCCUCCUA,0.6599552572706935,1,"1.47,-1.33,-7.69,1,0,-181.2,0.42105263157894735,0,0.10526315789473684,0,0,0.0,-1.1,0.1111111111111111,0,0,0.05555555555555555,-2.35,0,0.1111111111111111,0,-2.08,0.16666666666666666,0",0.000,42.1,1.4700,-32.2700,-9.5000,-9.5000,0.0,,0,none,19,guide
UUCAGCUAGCUCCUUCUGA,CCACUAGUGCUAAAAGAAUUCAGAAGGAGCUAGCUGAAAUAACCCUUGAUCCUCCUC,0.6517524235645041,1,"0.97,-0.93,-6.82,1,0,-186.95,0.3684210526315789,1,0.15789473684210525,0,0,0.0,-2.35,0.05555555555555555,1,0,0.05555555555555555,-2.35,0,0.1111111111111111,0,-2.08,0.1111111111111111,1",-0.800,47.4,1.4200,-34.7500,-13.3700,-13.3700,0.0,,0,none,19,guide
CAGCUAGCUCCUUCUGAAU,AUCCACUAGUGCUAAAAGAAUUCAGAAGGAGCUAGCUGAAAUAACCCUUGAUCCUCC,0.3154362416107382,0,"-1.46,-2.11,-10.44,0,0,-187.61,0.3157894736842105,0,0.15789473684210525,0,0,0.0,-2.08,0.05555555555555555,0,1,0.05555555555555555,-1.1,0,0.1111111111111111,0,-2.35,0.05555555555555555,0",0.000,47.4,-1.4600,-34.2000,-14.4100,-14.4100,0.0,,0,none,19,guide
AGCUAGCUCCUUCUGAAUU,UAUCCACUAGUGCUAAAAGAAUUCAGAAGGAGCUAGCUGAAAUAACCCUUGAUCCUC,0.5309470544369873,1,"-0.7,-2.08,-10.48,0,0,-180.26999999999995,0.3684210526315789,0,0.15789473684210525,0,0,0.0,-3.42,0.05555555555555555,0,0,0.05555555555555555,-0.93,0,0.1111111111111111,0,-2.08,0.1111111111111111,0",0.000,42.1,-1.1500,-32.4700,-14.4100,-14.4100,0.0,,0,none,19,guide
UUCUGAAUUCUUUUAGCAC,ACUGCUAAGUUAUCCACUAGUGCUAAAAGAAUUCAGAAGGAGCUAGCUGAAAUAACC,0.6077554064131245,1,"1.76,-0.93,-6.82,1,0,-166.57999999999996,0.4736842105263158,1,0.10526315789473684,0,0,0.0,-2.35,0.05555555555555555,1,0,0.0,-2.24,0,0.05555555555555555,0,-0.93,0.2777777777777778,0",-1.400,31.6,1.7600,-27.2400,-10.9200,-10.9200,0.0,,0,none,19,guide
ACUAGUGGAUAACUUAGCA,AACUCUCUAGCAAAACCACUGCUAAGUUAUCCACUAGUGCUAAAAGAAUUCAGAAGG,0.6174496644295302,1,"-0.13,-2.24,-11.4,0,0,-172.74999999999997,0.2631578947368421,0,0.21052631578947367,0,0,0.05555555555555555,-2.08,0.16666666666666666,0,0,0.0,-2.11,0,0.05555555555555555,0,-2.08,0.05555555555555555,1",-0.800,36.8,-0.1300,-30.6000,-13.1000,-13.1000,0.0,,0,none,19,guide
GCAGUGGUUUUGCUAGAGA,CAGAAGAAAAACACCAAACUCUCUAGCAAAACCACUGCUAAGUUAUCCACUAGUGCU,0.26771066368381796,0,"-1.52,-3.42,-14.88,0,1,-184.89,0.3157894736842105,0,0.3684210526315789,0,1,0.05555555555555555,-2.11,0.05555555555555555,0,0,0.0,-2.35,0,0.1111111111111111,0,-2.08,0.16666666666666666,1",-2.600,47.4,-1.5200,-33.7600,-14.0400,-14.0400,0.0,,0,none,19,guide
GUGGUUUUGCUAGAGAGUU,CAGCAGAAGAAAAACACCAAACUCUCUAGCAAAACCACUGCUAAGUUAUCCACUAGU,0.3907531692766592,0,"-1.76,-2.24,-11.4,0,1,-177.79,0.42105263157894735,0,0.3684210526315789,0,0,0.05555555555555555,-2.11,0.05555555555555555,1,0,0.0,-0.93,0,0.05555555555555555,0,-2.35,0.2222222222222222,0",0.000,42.1,-1.7600,-31.5500,-10.4000,-10.4000,0.0,,0,none,19,guide
GUUUUGCUAGAGAGUUUGG,ACCCAGCAGAAGAAAAACACCAAACUCUCUAGCAAAACCACUGCUAAGUUAUCCACU,0.5205070842654735,0,"0.57,-2.24,-11.4,0,1,-176.93,0.42105263157894735,0,0.3684210526315789,0,0,0.05555555555555555,-0.93,0.05555555555555555,1,0,0.0,-3.26,0,0.05555555555555555,0,-2.08,0.2777777777777778,0",0.000,42.1,1.0200,-30.7900,-10.4000,-10.4000,0.0,,0,none,19,guide
UUUGCUAGAGAGUUUGGUG,CCACCCAGCAGAAGAAAAACACCAAACUCUCUAGCAAAACCACUGCUAAGUUAUCCA,0.6278896346010439,1,"1.63,-0.93,-6.82,1,0,-176.83,0.42105263157894735,1,0.3684210526315789,0,0,0.05555555555555555,-0.93,0.05555555555555555,1,0,0.0,-2.11,0,0.05555555555555555,0,-0.93,0.2222222222222222,0",-1.900,42.1,1.6300,-31.6200,-11.9500,-11.9500,0.0,,0,none,19,guide
UUGCUAGAGAGUUUGGUGU,GCCACCCAGCAGAAGAAAAACACCAAACUCUCUAGCAAAACCACUGCUAAGUUAUCC,0.6718866517524236,1,"0.86,-0.93,-6.82,1,0,-177.69,0.42105263157894735,1,0.3684210526315789,0,0,0.05555555555555555,-2.11,0.05555555555555555,1,0,0.0,-2.24,0,0.05555555555555555,0,-0.93,0.16666666666666666,0",-1.900,42.1,1.3100,-32.3800,-13.3700,-13.3700,0.0,,0,none,19,guide
CUGGGUGGCAGAAGGUUUU,CUGAAGAACAAGAGGAAAGAAAACCUUCUGCCACCCAGCAGAAGAAAAACACCAAAC,0.2393736017897091,0,"-1.6,-2.08,-10.48,0,0,-186.39,0.3157894736842105,0,0.42105263157894735,0,0,0.2222222222222222,-2.11,0.0,1,1,0.0,-0.93,0,0.05555555555555555,0,-2.08,0.16666666666666666,0",-1.800,52.6,-1.6000,-35.4400,-16.2400,-16.2400,0.0,,0,none,19,guide
UCUUUCCUCUUGUUCUUCA,ACCCAGCCGCUCCAGAGCCUGAAGAACAAGAGGAAAGAAAACCUUCUGCCACCCAGC,0.6659209545115585,1,"-0.24,-2.35,-12.44,1,0,-172.83999999999997,0.5789473684210527,0,0.05263157894736842,0,0,0.0,-2.08,0.0,0,0,0.05555555555555555,-2.11,0,0.0,0,-0.93,0.2777777777777778,1",0.000,36.8,-0.2400,-29.8000,-11.6300,-11.6300,0.0,,0,none,19,guide
UCCUCUUGUUCUUCAGGCU,CGAGACCCAGCCGCUCCAGAGCCUGAAGAACAAGAGGAAAGAAAACCUUCUGCCACC,0.6636838180462342,1,"-0.27,-2.35,-12.44,1,0,-185.51,0.4736842105263158,0,0.15789473684210525,0,0,0.05555555555555555,-3.26,0.0,0,0,0.05555555555555555,-2.08,0,0.05555555555555555,0,-2.35,0.16666666666666666,0",-1.200,47.4,-0.2700,-34.5000,-12.8100,-12.8100,0.0,,0,none,19,guide
UGGAGCGGCUGGGUCUCGC,GCAGUUCAGAUGCGGACCAGCGAGACCCAGCCGCUCCAGAGCCUGAAGAACAAGAGG,0.5160328113348247,0,"1.76,-2.11,-10.44,1,0,-213.19,0.21052631578947367,0,0.4736842105263158,0,0,0.2222222222222222,-3.26,0.0,0,0,0.0,-3.42,0,0.16666666666666666,0,-2.24,0.0,0",-2.700,73.7,1.7600,-43.8300,-16.7300,-16.7300,0.0,,0,none,19,guide
CGGCUGGGUCUCGCUGGUC,CAGUGGCAGUUCAGAUGCGGACCAGCGAGACCCAGCCGCUCCAGAGCCUGAAGAACA,0.4079045488441462,0,"0.44,-2.36,-10.64,0,0,-213.43000000000004,0.2631578947368421,0,0.42105263157894735,0,0,0.2222222222222222,-3.26,0.0,0,1,0.0,-2.35,0,0.1111111111111111,1,-3.42,0.0,0",-5.000,73.7,-0.0100,-43.0000,-17.3900,-17.3900,0.0,,0,none,19,guide
CGCAUCUGAACUGCCACUG,XXXXXXXXXXXXXXXXCAGCAGUGGCAGUUCAGAUGCGGACCAGCGAGACCCAGCCG,0.395227442207308,0,"0.2,-2.36,-10.64,0,0,-197.7,0.21052631578947367,0,0.21052631578947367,0,0,0.0,-3.42,0.0,0,1,0.05555555555555555,-2.11,0,0.1111111111111111,1,-3.42,0.0,0",-0.900,57.9,-0.2500,-37.0700,-13.1700,-13.1700,0.0,,0,none,19,guide
GUCCUUCGGGCGGCUGAGG,UAAAGAAAAUAUGAAACUCCCUCAGCCGCCCGAAGGACAGXXXXXXXXXXXXXXXXX,0.4116331096196868,0,"0.57,-2.24,-11.4,0,1,-211.79999999999995,0.21052631578947367,0,0.4736842105263158,0,0,0.2222222222222222,-2.35,0.0,1,0,0.05555555555555555,-3.26,0,0.1111111111111111,0,-3.42,0.05555555555555555,0",-5.500,73.7,1.0200,-42.8400,-13.3300,-13.3300,0.0,,0,none,19,guide
CCUUCGGGCGGCUGAGGGA,UCUAAAGAAAAUAUGAAACUCCCUCAGCCGCCCGAAGGACAGXXXXXXXXXXXXXXX,0.3475018642803878,0,"-1.36,-3.26,-13.39,0,0,-210.06999999999996,0.15789473684210525,0,0.4736842105263158,0,0,0.2777777777777778,-2.08,0.0,0,1,0.05555555555555555,-2.35,1,0.1111111111111111,0,-2.11,0.05555555555555555,1",-9.600,73.7,-1.3600,-43.3600,-14.2400,-14.2400,0.0,,0,none,19,guide
UUUCAUAUUUUCUUUAGAC,AGCUUCGGCGCCUAAUGAUGUCUAAAGAAAAUAUGAAACUCCCUCAGCCGCCCGAAG,0.5615212527964206,1,"1.76,-0.93,-6.82,1,0,-154.67,0.5789473684210527,1,0.05263157894736842,0,0,0.0,-0.93,0.1111111111111111,1,0,0.0,-2.24,0,0.0,0,-0.93,0.3888888888888889,0",0.000,21.1,1.7600,-22.6400,-8.9200,-8.9200,0.0,,0,none,19,guide
UUCUUUAGACAUCAUUAGG,UCCUGCAAGAGCUUCGGCGCCUAAUGAUGUCUAAAGAAAAUAUGAAACUCCCUCAGC,0.7091722595078299,1,"2.33,-0.93,-6.82,1,0,-168.51999999999995,0.42105263157894735,1,0.15789473684210525,0,0,0.05555555555555555,-2.35,0.1111111111111111,1,0,0.0,-3.26,0,0.0,0,-2.11,0.2222222222222222,0",0.000,31.6,2.7800,-27.6500,-9.7000,-9.7000,0.0,,0,none,19,guide
UCUUUAGACAUCAUUAGGC,GUCCUGCAAGAGCUUCGGCGCCUAAUGAUGUCUAAAGAAAAUAUGAAACUCCCUCAG,0.7046979865771812,1,"1.52,-2.35,-12.44,1,0,-176.57999999999996,0.3684210526315789,0,0.15789473684210525,0,0,0.05555555555555555,-2.08,0.1111111111111111,0,0,0.0,-3.42,0,0.05555555555555555,0,-1.1,0.16666666666666666,0",0.000,36.8,1.5200,-29.9400,-9.7000,-9.7000,0.0,,0,none,19,guide
AGACAUCAUUAGGCGCCGA,AAGUUGUCCUGCAAGAGCUUCGGCGCCUAAUGAUGUCUAAAGAAAAUAUGAAACUCC,0.5876211782252051,1,"0.27,-2.08,-10.48,0,0,-190.6,0.15789473684210525,0,0.2631578947368421,0,0,0.05555555555555555,-2.35,0.05555555555555555,0,0,0.05555555555555555,-2.35,0,0.1111111111111111,0,-3.42,0.05555555555555555,1",0.000,52.6,0.2700,-35.5700,-12.2600,-12.2600,0.0,,0,none,19,guide
UUAGGCGCCGAAGCUCUUG,UAGCAUCAAAGUUGUCCUGCAAGAGCUUCGGCGCCUAAUGAUGUCUAAAGAAAAUAU,0.6271439224459359,1,"1.63,-0.93,-6.82,1,0,-190.76,0.2631578947368421,1,0.3157894736842105,0,0,0.05555555555555555,-1.33,0.05555555555555555,1,0,0.05555555555555555,-2.11,0,0.16666666666666666,0,-3.42,0.1111111111111111,0",-2.600,57.9,1.6300,-36.6600,-15.8700,-15.8700,0.0,,0,none,19,guide
UAGGCGCCGAAGCUCUUGC,AUAGCAUCAAAGUUGUCCUGCAAGAGCUUCGGCGCCUAAUGAUGUCUAAAGAAAAUA,0.6159582401193139,1,"2.09,-1.33,-7.69,1,0,-198.82,0.21052631578947367,0,0.3157894736842105,0,0,0.05555555555555555,-2.08,0.05555555555555555,0,0,0.05555555555555555,-3.42,0,0.2222222222222222,0,-2.08,0.05555555555555555,0",-2.600,63.2,2.5400,-39.1000,-17.8000,-17.8000,0.0,,0,none,19,guide
CGAAGCUCUUGCAGGACAA,AAUUCAUAUAGCAUCAAAGUUGUCCUGCAAGAGCUUCGGCGCCUAAUGAUGUCUAAA,0.3870246085011186,0,"-1.43,-2.36,-10.64,0,0,-188.88,0.15789473684210525,0,0.2631578947368421,0,0,0.05555555555555555,-2.35,0.0,0,1,0.0,-0.93,0,0.1111111111111111,1,-2.08,0.05555555555555555,1",-1.400,52.6,-1.8800,-35.2500,-13.2100,-13.2100,0.0,,0,none,19,guide
CUCUUGCAGGACAACUUUG,GGCAGAAUUCAUAUAGCAUCAAAGUUGUCCUGCAAGAGCUUCGGCGCCUAAUGAUGU,0.5331841909023117,1,"0.03,-2.08,-10.48,0,0,-183.3,0.3157894736842105,0,0.21052631578947367,0,0,0.05555555555555555,-2.35,0.0,1,1,0.0,-2.11,0,0.05555555555555555,0,-0.93,0.16666666666666666,0",0.000,47.4,0.0300,-32.5500,-13.0000,-13.0000,0.0,,0,none,19,guide
UCUUGCAGGACAACUUUGA,UGGCAGAAUUCAUAUAGCAUCAAAGUUGUCCUGCAAGAGCUUCGGCGCCUAAUGAUG,0.6696495152870992,1,"0.0,-2.35,-12.44,1,0,-177.81999999999996,0.3157894736842105,0,0.21052631578947367,0,0,0.05555555555555555,-2.08,0.0,0,0,0.0,-2.35,0,0.05555555555555555,0,-2.24,0.16666666666666666,1",0.000,42.1,0.0000,-32.1200,-12.7300,-12.7300,0.0,,0,none,19,guide
GGACAACUUUGAUGCUAUA,AGCAAAAUGGCAGAAUUCAUAUAGCAUCAAAGUUGUCCUGCAAGAGCUUCGGCGCCU,0.3504847129008203,0,"-1.93,-3.26,-13.39,0,1,-175.49999999999991,0.3157894736842105,0,0.21052631578947367,1,0,0.05555555555555555,-2.35,0.1111111111111111,0,0,0.0,-1.33,0,0.05555555555555555,0,-2.11,0.1111111111111111,1",0.000,36.8,-2.3800,-29.8600,-11.9500,-11.9500,0.0,,0,none,19,guide
ACAACUUUGAUGCUAUAUG,CUAGCAAAAUGGCAGAAUUCAUAUAGCAUCAAAGUUGUCCUGCAAGAGCUUCGGCGC,0.5794183445190156,1,"0.77,-2.24,-11.4,0,0,-169.48999999999995,0.3684210526315789,0,0.15789473684210525,0,0,0.0,-2.11,0.1111111111111111,0,0,0.0,-2.11,0,0.05555555555555555,0,-2.08,0.1111111111111111,0",0.000,31.6,0.3200,-27.3100,-9.2200,-9.2200,0.0,,0,none,19,guide
CAACUUUGAUGCUAUAUGA,GCUAGCAAAAUGGCAGAAUUCAUAUAGCAUCAAAGUUGUCCUGCAAGAGCUUCGGCG,0.3653989560029828,0,"-0.66,-2.11,-10.44,0,0,-170.52999999999997,0.3684210526315789,0,0.15789473684210525,0,0,0.0,-0.93,0.1111111111111111,0,1,0.0,-2.35,0,0.05555555555555555,0,-1.33,0.1111111111111111,1",0.000,31.6,-0.2100,-27.4200,-9.2200,-9.2200,0.0,,0,none,19,guide
CUUUGAUGCUAUAUGAAUU,AGUGCUAGCAAAAUGGCAGAAUUCAUAUAGCAUCAAAGUUGUCCUGCAAGAGCUUCG,0.5219985085756897,1,"-1.6,-2.08,-10.48,0,0,-164.88999999999996,0.4736842105263158,0,0.15789473684210525,0,0,0.0,-0.93,0.1111111111111111,1,1,0.0,-0.93,0,0.05555555555555555,0,-1.1,0.16666666666666666,0",0.000,26.3,-1.6000,-25.2500,-9.5300,-9.5300,0.0,,0,none,19,guide
UGAUGCUAUAUGAAUUCUG,AUCAGUGCUAGCAAAAUGGCAGAAUUCAUAUAGCAUCAAAGUUGUCCUGCAAGAGCU,0.6711409395973155,1,"0.9,-2.11,-10.44,1,0,-174.12999999999997,0.42105263157894735,0,0.21052631578947367,0,0,0.0,-2.35,0.1111111111111111,0,0,0.0,-2.11,0,0.05555555555555555,0,-0.93,0.05555555555555555,0",0.000,31.6,0.4500,-28.0500,-12.3900,-12.3900,0.0,,0,none,19,guide
GAUGCUAUAUGAAUUCUGC,UAUCAGUGCUAGCAAAAUGGCAGAAUUCAUAUAGCAUCAAAGUUGUCCUGCAAGAGC,0.6114839671886652,1,"0.62,-2.35,-12.44,0,1,-182.29,0.3684210526315789,0,0.21052631578947367,0,0,0.0,-1.1,0.1111111111111111,0,0,0.0,-3.42,0,0.1111111111111111,0,-1.1,0.05555555555555555,0",0.000,36.8,1.0700,-29.9100,-11.1400,-11.1400,0.0,,0,none,19,guide
UGCUAUAUGAAUUCUGCCA,CAUAUCAGUGCUAGCAAAAUGGCAGAAUUCAUAUAGCAUCAAAGUUGUCCUGCAAGA,0.6689038031319909,1,"0.0,-2.11,-10.44,1,0,-176.86,0.3684210526315789,0,0.15789473684210525,0,0,0.0,-3.42,0.1111111111111111,0,0,0.05555555555555555,-2.11,0,0.1111111111111111,0,-2.35,0.05555555555555555,1",0.000,36.8,0.0000,-30.5800,-10.3600,-10.3600,0.0,,0,none,19,guide
GAAUUCUGCCAUUUUGCUA,CCAAGAGCCAUAUCAGUGCUAGCAAAAUGGCAGAAUUCAUAUAGCAUCAAAGUUGUC,0.4697986577181208,0,"-1.47,-2.35,-12.44,0,1,-173.52999999999992,0.42105263157894735,0,0.15789473684210525,0,0,0.0,-0.93,0.05555555555555555,0,0,0.05555555555555555,-1.33,0,0.1111111111111111,0,-0.93,0.2222222222222222,1",0.000,36.8,-1.4700,-29.3800,-9.5000,-9.5000,0.0,,0,none,19,guide
UUCUGCCAUUUUGCUAGCA,GACCCAAGAGCCAUAUCAGUGCUAGCAAAAUGGCAGAAUUCAUAUAGCAUCAAAGUU,0.5324384787472035,1,"0.73,-0.93,-6.82,1,0,-176.9699999999999,0.42105263157894735,1,0.15789473684210525,0,0,0.0,-2.35,0.05555555555555555,1,0,0.05555555555555555,-2.11,0,0.16666666666666666,0,-3.42,0.2222222222222222,1",0.000,42.1,1.1800,-32.0600,-15.3300,-15.3300,0.0,,0,none,19,guide
UGCCAUUUUGCUAGCACUG,GUGGACCCAAGAGCCAUAUCAGUGCUAGCAAAAUGGCAGAAUUCAUAUAGCAUCAAA,0.6524981357196122,1,"0.9,-2.11,-10.44,1,0,-183.27,0.3684210526315789,0,0.21052631578947367,0,0,0.0,-3.42,0.05555555555555555,0,0,0.05555555555555555,-2.11,0,0.16666666666666666,0,-2.08,0.16666666666666666,0",0.000,47.4,0.4500,-33.6300,-11.7500,-11.7500,0.0,,0,none,19,guide
UUGCUAGCACUGAUAUGGC,UGGAGUGGUGGACCCAAGAGCCAUAUCAGUGCUAGCAAAAUGGCAGAAUUCAUAUAG,0.6868008948545862,1,"2.49,-0.93,-6.82,1,0,-188.7,0.3157894736842105,1,0.2631578947368421,0,0,0.05555555555555555,-2.11,0.1111111111111111,1,0,0.0,-3.42,0,0.16666666666666666,0,-1.1,0.05555555555555555,0",-1.300,47.4,2.9400,-34.6400,-14.4400,-14.4400,0.0,,0,none,19,guide
GCUAGCACUGAUAUGGCUC,AAUGGAGUGGUGGACCCAAGAGCCAUAUCAGUGCUAGCAAAAUGGCAGAAUUCAUAU,0.6778523489932886,1,"-0.62,-3.42,-14.88,0,1,-198.08,0.2631578947368421,0,0.2631578947368421,0,1,0.05555555555555555,-2.08,0.1111111111111111,0,0,0.0,-2.35,0,0.16666666666666666,0,-1.1,0.0,0",-2.500,52.6,-1.0700,-36.5800,-13.2600,-13.2600,0.0,,0,none,19,guide
CUAGCACUGAUAUGGCUCU,UAAUGGAGUGGUGGACCCAAGAGCCAUAUCAGUGCUAGCAAAAUGGCAGAAUUCAUA,0.6733780760626399,1,"-0.9,-2.08,-10.48,0,0,-189.96,0.3157894736842105,0,0.21052631578947367,0,0,0.05555555555555555,-1.33,0.1111111111111111,1,1,0.0,-2.08,0,0.1111111111111111,0,-2.11,0.0,0",-1.700,47.4,-0.4500,-34.4900,-13.2600,-13.2600,0.0,,0,none,19,guide
UAGCACUGAUAUGGCUCUU,CUAAUGGAGUGGUGGACCCAAGAGCCAUAUCAGUGCUAGCAAAAUGGCAGAAUUCAU,0.6293810589112603,1,"-0.4,-1.33,-7.69,1,0,-182.58,0.3684210526315789,0,0.21052631578947367,0,0,0.05555555555555555,-2.08,0.1111111111111111,0,0,0.0,-0.93,0,0.1111111111111111,0,-3.26,0.05555555555555555,0",-1.700,42.1,-0.4000,-32.8400,-14.0400,-14.0400,0.0,,0,none,19,guide
UAUGGCUCUUGGGUCCACC,UAAAUAGUUCUAAUGGAGUGGUGGACCCAAGAGCCAUAUCAGUGCUAGCAAAAUGGC,0.6271439224459359,1,"1.93,-1.33,-7.69,1,0,-198.35,0.3157894736842105,0,0.2631578947368421,0,0,0.16666666666666666,-1.1,0.05555555555555555,0,0,0.1111111111111111,-3.26,0,0.05555555555555555,0,-2.24,0.05555555555555555,0",-1.800,57.9,2.3800,-38.4600,-14.3200,-14.3200,0.0,,0,none,19,guide
UUGGGUCCACCACUCCAUU,GAAUGGAGUAAAUAGUUCUAAUGGAGUGGUGGACCCAAGAGCCAUAUCAGUGCUAGC,0.622669649515287,1,"0.0,-0.93,-6.82,1,0,-190.24,0.3157894736842105,1,0.15789473684210525,0,0,0.1111111111111111,-2.11,0.0,1,0,0.16666666666666666,-0.93,0,0.0,0,-2.08,0.1111111111111111,0",-2.400,52.6,0.0000,-36.5600,-16.4800,-16.4800,0.0,,0,none,19,guide
CCACCACUCCAUUAGAACU,UAAUAUGAAUGGAGUAAAUAGUUCUAAUGGAGUGGUGGACCCAAGAGCCAUAUCAGU,0.4235645041014168,0,"-1.63,-3.26,-13.39,0,0,-185.39,0.21052631578947367,0,0.05263157894736842,0,0,0.0,-2.11,0.05555555555555555,0,1,0.16666666666666666,-2.08,1,0.0,0,-1.33,0.05555555555555555,0",0.000,47.4,-1.6300,-33.9700,-14.0400,-14.0400,0.0,,0,none,19,guide
GUUACAAAUCUUACAAAGG,AAAUACCCAGAAGCACCCCCCUUUGUAAGAUUUGUAACAAAAAUUAAUAUGAAUGGA,0.4757643549589858,0,"0.57,-2.24,-11.4,0,1,-163.94,0.2631578947368421,0,0.15789473684210525,0,0,0.05555555555555555,-0.93,0.1111111111111111,1,0,0.0,-3.26,0,0.0,0,-2.24,0.1111111111111111,0",0.000,31.6,1.0200,-26.4600,-8.4700,-8.4700,0.0,,0,none,19,guide
GGUCCACAUUCUAUUUUAA,GAAAACCGAAUAUACAGCCUUAAAAUAGAAUGUGGACCUAAAUACCCAGAAGCACCC,0.2893363161819537,0,"-2.33,-3.26,-13.39,0,1,-166.72999999999996,0.42105263157894735,0,0.10526315789473684,1,0,0.05555555555555555,-2.24,0.1111111111111111,0,0,0.05555555555555555,-0.93,0,0.0,0,-1.1,0.2222222222222222,1",0.000,31.6,-2.7800,-27.2200,-14.3100,-14.3100,0.0,,0,none,19,guide
UAUUUUAAGGCUGUAUAUU,GAACAAUUUAUGAAAACCGAAUAUACAGCCUUAAAAUAGAAUGUGGACCUAAAUACC,0.6181953765846383,1,"-0.4,-1.33,-7.69,1,0,-153.01999999999995,0.5263157894736842,0,0.15789473684210525,0,0,0.05555555555555555,-1.1,0.2222222222222222,0,0,0.0,-0.93,0,0.05555555555555555,0,-2.24,0.2222222222222222,0",0.000,21.1,-0.4000,-23.9700,-6.1500,-6.1500,0.0,,0,none,19,guide
UUUUAAGGCUGUAUAUUCG,AAGAACAAUUUAUGAAAACCGAAUAUACAGCCUUAAAAUAGAAUGUGGACCUAAAUA,0.6666666666666667,1,"1.43,-0.93,-6.82,1,0,-162.75,0.4736842105263158,1,0.21052631578947367,0,0,0.05555555555555555,-0.93,0.16666666666666666,1,0,0.0,-2.36,0,0.05555555555555555,0,-1.1,0.2222222222222222,0",0.000,31.6,1.8800,-26.4500,-9.4600,-9.4600,0.0,,0,none,19,guide
UAAGGCUGUAUAUUCGGUU,UCCAAGAACAAUUUAUGAAAACCGAAUAUACAGCCUUAAAAUAGAAUGUGGACCUAA,0.7166293810589113,1,"-0.4,-1.33,-7.69,1,0,-170.17999999999995,0.42105263157894735,0,0.2631578947368421,0,0,0.1111111111111111,-0.93,0.16666666666666666,0,0,0.0,-0.93,0,0.05555555555555555,0,-0.93,0.1111111111111111,0",-2.500,36.8,-0.4000,-29.8900,-13.8800,-13.8800,0.0,,0,none,19,guide
CAUAAAUUGUUCUUGGAGG,GACAGGGAUGAUAAUUGGGCCUCCAAGAACAAUUUAUGAAAACCGAAUAUACAGCCU,0.4705443698732289,0,"0.7,-2.11,-10.44,0,0,-172.28000000000003,0.3684210526315789,0,0.2631578947368421,0,0,0.1111111111111111,-1.1,0.05555555555555555,0,1,0.0,-3.26,0,0.0,0,-0.93,0.16666666666666666,0",0.000,36.8,1.1500,-28.7400,-6.3200,-6.3200,0.0,,0,none,19,guide
AUAAAUUGUUCUUGGAGGC,GGACAGGGAUGAUAAUUGGGCCUCCAAGAACAAUUUAUGAAAACCGAAUAUACAGCC,0.5704697986577182,1,"2.32,-1.1,-9.38,0,0,-173.0,0.3684210526315789,0,0.2631578947368421,0,0,0.1111111111111111,-1.33,0.05555555555555555,1,0,0.0,-3.42,0,0.05555555555555555,0,-2.11,0.16666666666666666,0",0.000,36.8,2.7700,-29.5000,-7.3300,-7.3300,0.0,,0,none,19,guide
AAUUGUUCUUGGAGGCCCA,GAUGGACAGGGAUGAUAAUUGGGCCUCCAAGAACAAUUUAUGAAAACCGAAUAUACA,0.4258016405667412,0,"0.73,-0.93,-6.82,0,0,-182.61,0.3157894736842105,0,0.2631578947368421,0,0,0.1111111111111111,-1.1,0.0,0,0,0.1111111111111111,-2.11,0,0.05555555555555555,0,-2.08,0.16666666666666666,1",-1.000,47.4,1.1800,-33.9200,-9.6600,-9.6600,0.0,,0,none,19,guide
GGAGGCCCAAUUAUCAUCC,ACACUUACAAGAUGGACAGGGAUGAUAAUUGGGCCUCCAAGAACAAUUUAUGAAAAC,0.5257270693512304,1,"0.0,-3.26,-13.39,0,1,-196.37,0.21052631578947367,0,0.21052631578947367,1,0,0.1111111111111111,-2.35,0.05555555555555555,0,0,0.16666666666666666,-3.26,0,0.05555555555555555,0,-1.1,0.05555555555555555,0",-0.900,52.6,0.0000,-36.1700,-17.6300,-17.6300,0.0,,0,none,19,guide
UUAUCAUCCCUGUCCAUCU,CGAAGACAUGACACUUACAAGAUGGACAGGGAUGAUAAUUGGGCCUCCAAGAACAAU,0.6711409395973155,1,"0.7,-0.93,-6.82,1,0,-185.21,0.42105263157894735,1,0.05263157894736842,0,0,0.0,-1.33,0.05555555555555555,1,0,0.16666666666666666,-2.08,0,0.0,0,-2.35,0.05555555555555555,0",0.000,42.1,1.1500,-32.8300,-10.3400,-10.3400,0.0,,0,none,19,guide
CAUCCCUGUCCAUCUUGUA,AUGACGAAGACAUGACACUUACAAGAUGGACAGGGAUGAUAAUUGGGCCUCCAAGAA,0.3929903057419836,0,"-1.23,-2.11,-10.44,0,0,-188.95,0.3684210526315789,0,0.10526315789473684,0,0,0.0,-1.1,0.05555555555555555,0,1,0.16666666666666666,-1.33,0,0.0,0,-2.35,0.05555555555555555,1",0.000,47.4,-1.2300,-34.2800,-14.1600,-14.1600,0.0,,0,none,19,guide
UCAUGUCUUCGUCAUCUUC,CACAGUUAGCUGGGGUCUAGAAGAUGACGAAGACAUGACACUUACAAGAUGGACAGG,0.7084265473527218,1,"0.9,-2.35,-12.44,1,0,-185.43,0.4736842105263158,0,0.10526315789473684,0,0,0.0,-2.11,0.0,0,0,0.0,-2.35,0,0.0,0,-2.11,0.1111111111111111,0",0.000,42.1,0.4500,-31.4000,-11.9900,-11.9900,0.0,,0,none,19,guide
UGUCUUCGUCAUCUUCUAG,UGGCACAGUUAGCUGGGGUCUAGAAGAUGACGAAGACAUGACACUUACAAGAUGGAC,0.6621923937360179,1,"0.87,-2.11,-10.44,1,0,-181.82,0.4736842105263158,0,0.15789473684210525,0,0,0.0,-2.24,0.05555555555555555,0,0,0.0,-2.08,0,0.0,0,-2.08,0.1111111111111111,0",0.000,42.1,0.4200,-31.1300,-12.3100,-12.3100,0.0,,0,none,19,guide
GUCUUCGUCAUCUUCUAGA,AUGGCACAGUUAGCUGGGGUCUAGAAGAUGACGAAGACAUGACACUUACAAGAUGGA,0.4325130499627144,0,"-0.79,-2.24,-11.4,0,1,-183.82,0.42105263157894735,0,0.15789473684210525,0,0,0.0,-2.35,0.05555555555555555,1,0,0.0,-2.35,0,0.0,0,-0.93,0.1111111111111111,1",0.000,42.1,-0.3400,-31.7200,-12.3100,-12.3100,0.0,,0,none,19,guide
UCUUCGUCAUCUUCUAGAC,GAUGGCACAGUUAGCUGGGGUCUAGAAGAUGACGAAGACAUGACACUUACAAGAUGG,0.6860551826994781,1,"0.79,-2.35,-12.44,1,0,-183.82,0.42105263157894735,0,0.10526315789473684,0,0,0.0,-2.08,0.05555555555555555,0,0,0.0,-2.24,0,0.0,0,-2.35,0.1111111111111111,0",-0.900,42.1,0.3400,-31.5700,-12.3100,-12.3100,0.0,,0,none,19,guide
UUCGUCAUCUUCUAGACCC,GAGAUGGCACAGUUAGCUGGGGUCUAGAAGAUGACGAAGACAUGACACUUACAAGAU,0.7181208053691275,1,"2.33,-0.93,-6.82,1,0,-187.68,0.3684210526315789,1,0.10526315789473684,0,0,0.0,-2.35,0.05555555555555555,1,0,0.1111111111111111,-3.26,0,0.0,0,-1.33,0.1111111111111111,0",-1.700,47.4,2.7800,-33.8100,-12.5100,-12.5100,0.0,,0,none,19,guide
CGUCAUCUUCUAGACCCCA,AGGAGAUGGCACAGUUAGCUGGGGUCUAGAAGAUGACGAAGACAUGACACUUACAAG,0.2893363161819537,0,"-0.7,-2.36,-10.64,0,0,-192.25,0.2631578947368421,0,0.10526315789473684,0,0,0.0,-2.24,0.05555555555555555,0,1,0.16666666666666666,-2.11,0,0.0,1,-2.35,0.05555555555555555,1",-1.700,52.6,-0.7000,-35.7500,-12.2300,-12.2300,0.0,,0,none,19,guide
CAUCUUCUAGACCCCAGCU,AGUAGGAGAUGGCACAGUUAGCUGGGGUCUAGAAGAUGACGAAGACAUGACACUUAC,0.5443698732289336,1,"-0.93,-2.11,-10.44,0,0,-193.61,0.2631578947368421,0,0.10526315789473684,0,0,0.0,-1.1,0.05555555555555555,0,1,0.16666666666666666,-2.08,0,0.05555555555555555,0,-3.26,0.05555555555555555,0",0.000,52.6,-0.4800,-36.3800,-10.8900,-10.8900,0.0,,0,none,19,guide
AUCUUCUAGACCCCAGCUA,GAGUAGGAGAUGGCACAGUUAGCUGGGGUCUAGAAGAUGACGAAGACAUGACACUUA,0.6174496644295302,1,"0.23,-1.1,-9.38,0,0,-187.14,0.2631578947368421,0,0.10526315789473684,0,0,0.0,-2.35,0.1111111111111111,1,0,0.16666666666666666,-1.33,0,0.05555555555555555,0,-3.26,0.05555555555555555,1",0.000,47.4,0.2300,-35.0500,-11.1200,-11.1200,0.0,,0,none,19,guide
GCUAACUGUGCCAUCUCCU,AAGAAGGCCAGAAAGGAGUAGGAGAUGGCACAGUUAGCUGGGGUCUAGAAGAUGACG,0.4541387024608501,0,"-1.79,-3.42,-14.88,0,1,-194.01999999999995,0.3157894736842105,0,0.15789473684210525,0,1,0.0,-2.08,0.05555555555555555,0,0,0.1111111111111111,-2.08,0,0.1111111111111111,0,-1.1,0.0,0",-0.300,52.6,-1.7900,-36.2600,-10.7700,-10.7700,0.0,,0,none,19,guide
UAACUGUGCCAUCUCCUAC,CGAAGAAGGCCAGAAAGGAGUAGGAGAUGGCACAGUUAGCUGGGGUCUAGAAGAUGA,0.6621923937360179,1,"1.36,-1.33,-7.69,1,0,-187.75,0.3157894736842105,0,0.10526315789473684,0,0,0.0,-0.93,0.1111111111111111,0,0,0.1111111111111111,-2.24,0,0.05555555555555555,0,-2.08,0.0,0",0.000,47.4,1.3600,-34.6800,-11.7100,-11.7100,0.0,,0,none,19,guide
UGUGCCAUCUCCUACUCCU,AACUCGAAGAAGGCCAGAAAGGAGUAGGAGAUGGCACAGUUAGCUGGGGUCUAGAAG,0.6882923191648024,1,"-0.03,-2.11,-10.44,1,0,-194.43,0.3684210526315789,0,0.10526315789473684,0,0,0.0,-2.24,0.05555555555555555,0,0,0.16666666666666666,-2.08,0,0.05555555555555555,0,-1.33,0.0,0",0.000,52.6,-0.0300,-37.3200,-14.2400,-14.2400,0.0,,0,none,19,guide
CCAUCUCCUACUCCUUUCU,GAAGAACUCGAAGAAGGCCAGAAAGGAGUAGGAGAUGGCACAGUUAGCUGGGGUCUA,0.4369873228933631,0,"-1.63,-3.26,-13.39,0,0,-187.54999999999995,0.42105263157894735,0,0.0,0,0,0.0,-2.11,0.05555555555555555,0,1,0.16666666666666666,-2.08,1,0.0,0,-3.26,0.1111111111111111,0",0.000,47.4,-1.6300,-33.9300,-13.2500,-13.2500,0.0,,0,none,19,guide
UACUCCUUUCUGGCCUUCU,GACUGUUGGAAGAACUCGAAGAAGGCCAGAAAGGAGUAGGAGAUGGCACAGUUAGCU,0.6420581655480985,1,"0.3,-1.33,-7.69,1,0,-183.71,0.4736842105263158,0,0.10526315789473684,0,0,0.05555555555555555,-2.24,0.05555555555555555,0,0,0.1111111111111111,-2.08,0,0.05555555555555555,0,-3.42,0.16666666666666666,0",-0.200,47.4,0.7500,-34.6300,-12.9400,-12.9400,0.0,,0,none,19,guide
GGCCUUCUUCGAGUUCUUC,UCGCAAUUUCCGACUGUUGGAAGAACUCGAAGAAGGCCAGAAAGGAGUAGGAGAUGG,0.401193139448173,0,"-0.46,-3.26,-13.39,0,1,-191.49,0.42105263157894735,0,0.21052631578947367,1,0,0.05555555555555555,-3.42,0.0,0,0,0.05555555555555555,-2.35,0,0.05555555555555555,0,-2.24,0.2222222222222222,0",0.000,52.6,-0.9100,-34.9400,-14.1200,-14.1200,0.0,,0,none,19,guide
CCUUCUUCGAGUUCUUCCA,CCUCGCAAUUUCCGACUGUUGGAAGAACUCGAAGAAGGCCAGAAAGGAGUAGGAGAU,0.4466815809097688,0,"-1.6,-3.26,-13.39,0,0,-183.33,0.42105263157894735,0,0.10526315789473684,0,0,0.0,-2.08,0.0,0,1,0.1111111111111111,-2.11,1,0.0,0,-2.35,0.2222222222222222,1",0.000,47.4,-1.6000,-32.7300,-10.7200,-10.7200,0.0,,0,none,19,guide
GUUCUUCCAACAGUCGGAA,AGUAAAAGUCCCUCGCAAUUUCCGACUGUUGGAAGAACUCGAAGAAGGCCAGAAAGG,0.3900074571215511,0,"-1.76,-2.24,-11.4,0,1,-183.17,0.2631578947368421,0,0.21052631578947367,0,0,0.05555555555555555,-0.93,0.0,1,0,0.05555555555555555,-0.93,0,0.0,0,-2.24,0.1111111111111111,1",-1.700,47.4,-1.7600,-32.8100,-11.9000,-11.9000,0.0,,0,none,19,guide
UUCCAACAGUCGGAAAUUG,AAGGAGUAAAAGUCCCUCGCAAUUUCCGACUGUUGGAAGAACUCGAAGAAGGCCAGA,0.7106636838180462,1,"1.63,-0.93,-6.82,1,0,-175.48999999999995,0.2631578947368421,1,0.21052631578947367,0,0,0.05555555555555555,-2.35,0.0,1,0,0.05555555555555555,-2.11,0,0.0,0,-2.35,0.1111111111111111,0",-2.400,42.1,1.6300,-30.6300,-13.0000,-13.0000,0.0,,0,none,19,guide
CAACAGUCGGAAAUUGCGA,GCAAAGGAGUAAAAGUCCCUCGCAAUUUCCGACUGUUGGAAGAACUCGAAGAAGGCC,0.6383296047725577,1,"-0.66,-2.11,-10.44,0,0,-180.79999999999995,0.15789473684210525,0,0.2631578947368421,0,0,0.05555555555555555,-0.93,0.0,0,1,0.0,-2.35,0,0.05555555555555555,0,-1.1,0.05555555555555555,1",-0.700,47.4,-0.2100,-32.0700,-11.9500,-11.9500,0.0,,0,none,19,guide
CAGUCGGAAAUUGCGAGGG,ACUGCAAAGGAGUAAAAGUCCCUCGCAAUUUCCGACUGUUGGAAGAACUCGAAGAAG,0.6301267710663684,1,"0.7,-2.11,-10.44,0,0,-193.11999999999995,0.15789473684210525,0,0.42105263157894735,0,0,0.16666666666666666,-2.08,0.0,0,1,0.0,-3.26,0,0.05555555555555555,0,-3.42,0.05555555555555555,0",-1.300,57.9,1.1500,-35.6900,-14.6400,-14.6400,0.0,,0,none,19,guide
UCGGAAAUUGCGAGGGACU,UUCACUGCAAAGGAGUAAAAGUCCCUCGCAAUUUCCGACUGUUGGAAGAACUCGAAG,0.7158836689038031,1,"-0.27,-2.35,-12.44,1,0,-187.68,0.21052631578947367,0,0.3684210526315789,0,0,0.16666666666666666,-2.36,0.0,0,0,0.0,-2.08,0,0.05555555555555555,0,-2.08,0.05555555555555555,0",-1.300,52.6,-0.2700,-35.0800,-10.9300,-10.9300,0.0,,0,none,19,guide
AUUGCGAGGGACUUUUACU,GAAAAUUUCACUGCAAAGGAGUAAAAGUCCCUCGCAAUUUCCGACUGUUGGAAGAAC,0.6785980611483967,1,"0.53,-1.1,-9.38,0,0,-175.16,0.3684210526315789,0,0.2631578947368421,0,0,0.1111111111111111,-0.93,0.05555555555555555,1,0,0.0,-2.08,0,0.05555555555555555,0,-0.93,0.2222222222222222,0",0.000,42.1,0.9800,-31.3400,-13.2500,-13.2500,0.0,,0,none,19,guide
UGCGAGGGACUUUUACUCC,UAGAAAAUUUCACUGCAAAGGAGUAAAAGUCCCUCGCAAUUUCCGACUGUUGGAAGA,0.6614466815809098,1,"1.6,-2.11,-10.44,1,0,-188.51,0.3157894736842105,0,0.2631578947368421,0,0,0.1111111111111111,-3.42,0.05555555555555555,0,0,0.05555555555555555,-3.26,0,0.05555555555555555,0,-0.93,0.16666666666666666,0",-1.700,52.6,1.6000,-35.6200,-16.7300,-16.7300,0.0,,0,none,19,guide
GAGGGACUUUUACUCCUUU,ACCUAGAAAAUUUCACUGCAAAGGAGUAAAAGUCCCUCGCAAUUUCCGACUGUUGGA,0.4891871737509322,0,"-1.87,-2.35,-12.44,0,1,-176.67,0.42105263157894735,0,0.21052631578947367,0,0,0.1111111111111111,-2.08,0.05555555555555555,0,0,0.05555555555555555,-0.93,0,0.0,0,-2.08,0.2777777777777778,0",-3.400,42.1,-1.8700,-31.5200,-15.2700,-15.2700,0.0,,0,none,19,guide
UUUACUCCUUUGCAGUGAA,AGACUUGAACCUAGAAAAUUUCACUGCAAAGGAGUAAAAGUCCCUCGCAAUUUCCGA,0.6070096942580163,1,"0.0,-0.93,-6.82,1,0,-169.44999999999996,0.42105263157894735,1,0.15789473684210525,0,0,0.0,-0.93,0.05555555555555555,1,0,0.05555555555555555,-0.93,0,0.05555555555555555,0,-2.11,0.2222222222222222,1",-1.200,36.8,0.0000,-29.7700,-12.1900,-12.1900,0.0,,0,none,19,guide
UACUCCUUUGCAGUGAAAU,GAAGACUUGAACCUAGAAAAUUUCACUGCAAAGGAGUAAAAGUCCCUCGCAAUUUCC,0.7084265473527218,1,"-0.23,-1.33,-7.69,1,0,-172.01,0.3684210526315789,0,0.15789473684210525,0,0,0.0,-2.24,0.05555555555555555,0,0,0.05555555555555555,-1.1,0,0.05555555555555555,0,-2.24,0.1111111111111111,0",0.000,36.8,-0.2300,-30.0900,-12.9400,-12.9400,0.0,,0,none,19,guide
CUCCUUUGCAGUGAAAUUU,AGGAAGACUUGAACCUAGAAAAUUUCACUGCAAAGGAGUAAAAGUCCCUCGCAAUUU,0.3415361670395228,0,"-1.6,-2.08,-10.48,0,0,-170.27999999999997,0.42105263157894735,0,0.15789473684210525,0,0,0.0,-2.35,0.0,1,1,0.05555555555555555,-0.93,0,0.05555555555555555,0,-2.35,0.2222222222222222,0",0.000,36.8,-1.6000,-28.7300,-11.6600,-11.6600,0.0,,0,none,19,guide
CCUUUGCAGUGAAAUUUUC,GAAGGAAGACUUGAACCUAGAAAAUUUCACUGCAAAGGAGUAAAAGUCCCUCGCAAU,0.6241610738255033,1,"-0.46,-3.26,-13.39,0,0,-170.33999999999997,0.42105263157894735,0,0.15789473684210525,0,0,0.0,-2.08,0.0,0,1,0.05555555555555555,-2.35,1,0.05555555555555555,0,-0.93,0.2777777777777778,0",0.000,36.8,-0.9100,-28.3300,-11.5800,-11.5800,0.0,,0,none,19,guide
UUGCAGUGAAAUUUUCUAG,GAUGAAGGAAGACUUGAACCUAGAAAAUUUCACUGCAAAGGAGUAAAAGUCCCUCGC,0.7158836689038031,1,"1.6,-0.93,-6.82,1,0,-164.57999999999996,0.42105263157894735,1,0.21052631578947367,0,0,0.0,-2.11,0.05555555555555555,1,0,0.0,-2.08,0,0.05555555555555555,0,-0.93,0.2222222222222222,0",0.000,31.6,1.6000,-26.8000,-14.0700,-14.0700,0.0,,0,none,19,guide
GCAGUGAAAUUUUCUAGGU,GUGAUGAAGGAAGACUUGAACCUAGAAAAUUUCACUGCAAAGGAGUAAAAGUCCCUC,0.2721849366144668,0,"-1.63,-3.42,-14.88,0,1,-172.10999999999993,0.3684210526315789,0,0.2631578947368421,0,1,0.05555555555555555,-2.11,0.05555555555555555,0,0,0.0,-2.24,0,0.05555555555555555,0,-2.35,0.16666666666666666,0",0.000,36.8,-1.6300,-29.4600,-11.8200,-11.8200,0.0,,0,none,19,guide
CAGUGAAAUUUUCUAGGUU,AGUGAUGAAGGAAGACUUGAACCUAGAAAAUUUCACUGCAAAGGAGUAAAAGUCCCU,0.3683818046234153,0,"-1.63,-2.11,-10.44,0,0,-164.04999999999995,0.42105263157894735,0,0.21052631578947367,0,0,0.05555555555555555,-2.08,0.05555555555555555,0,1,0.0,-0.93,0,0.0,0,-2.08,0.2222222222222222,0",0.000,31.6,-1.6300,-26.7700,-10.6400,-10.6400,0.0,,0,none,19,guide
GUGAAAUUUUCUAGGUUCA,UGAGUGAUGAAGGAAGACUUGAACCUAGAAAAUUUCACUGCAAAGGAGUAAAAGUCC,0.3206562266964951,0,"-1.03,-2.24,-11.4,0,1,-166.01,0.42105263157894735,0,0.21052631578947367,0,0,0.05555555555555555,-2.11,0.05555555555555555,1,0,0.0,-2.11,0,0.0,0,-2.08,0.2222222222222222,1",0.000,31.6,-0.5800,-26.8900,-8.3500,-8.3500,0.0,,0,none,19,guide
GAAAUUUUCUAGGUUCAAG,ACUGAGUGAUGAAGGAAGACUUGAACCUAGAAAAUUUCACUGCAAAGGAGUAAAAGU,0.3989560029828486,0,"-0.27,-2.35,-12.44,0,1,-165.19,0.3684210526315789,0,0.21052631578947367,0,0,0.05555555555555555,-0.93,0.05555555555555555,0,0,0.0,-2.08,0,0.0,0,-2.24,0.2222222222222222,0",0.000,31.6,-0.2700,-26.4500,-5.7500,-5.7500,0.0,,0,none,19,guide
AUUUUCUAGGUUCAAGUCU,XXXACUGAGUGAUGAAGGAAGACUUGAACCUAGAAAAUUUCACUGCAAAGGAGUAAA,0.5324384787472035,1,"0.53,-1.1,-9.38,0,0,-165.98999999999995,0.4736842105263158,0,0.15789473684210525,0,0,0.05555555555555555,-0.93,0.05555555555555555,1,0,0.0,-2.08,0,0.0,0,-2.11,0.2222222222222222,0",0.000,31.6,0.9800,-27.6600,-8.5500,-8.5500,0.0,,0,none,19,guide
UCUAGGUUCAAGUCUUCCU,XXXXXXXACUGAGUGAUGAAGGAAGACUUGAACCUAGAAAAUUUCACUGCAAAGGAG,0.5816554809843401,1,"-0.27,-2.35,-12.44,1,0,-179.28,0.42105263157894735,0,0.15789473684210525,0,0,0.05555555555555555,-2.08,0.05555555555555555,0,0,0.05555555555555555,-2.08,0,0.0,0,-2.35,0.1111111111111111,0",-0.200,42.1,-0.2700,-32.5400,-11.9200,-11.9200,0.0,,0,none,19,guide
AGUCUUCCUUCAUCACUCA,XXXXXXXXXXXXXXXXXACUGAGUGAUGAAGGAAGACUUGAACCUAGAAAAUUUCAC,0.4645786726323639,0,"0.03,-2.08,-10.48,0,0,-183.6,0.3684210526315789,0,0.05263157894736842,0,0,0.0,-2.24,0.0,0,0,0.05555555555555555,-2.11,0,0.0,0,-2.35,0.1111111111111111,1",0.000,42.1,0.0300,-32.3100,-13.2100,-13.2100,0.0,,0,none,19,guide
GCUUGGUUCGUUUCCAAGG,CCACCUGCCCAUUGUGUUCCCUUGGAAACGAACCAAGCCAXXXXXXXXXXXXXXXXX,0.6398210290827739,1,"-0.16,-3.42,-14.88,0,1,-185.7,0.3684210526315789,0,0.3157894736842105,0,1,0.1111111111111111,-2.08,0.0,0,0,0.05555555555555555,-3.26,0,0.05555555555555555,0,-2.35,0.2222222222222222,0",-5.400,52.6,-0.1600,-33.9800,-11.5500,-11.5500,0.0,,0,none,19,guide
CAAGGGAACACAAUGGGCA,CACCAGAGCCUGCCCCACCUGCCCAUUGUGUUCCCUUGGAAACGAACCAAGCCAXXX,0.7114093959731543,1,"-0.9,-2.11,-10.44,0,0,-188.86999999999995,0.05263157894736842,0,0.3157894736842105,0,0,0.2222222222222222,-0.93,0.0,0,1,0.0,-2.11,0,0.05555555555555555,0,-1.1,0.0,1",0.000,52.6,-0.4500,-35.7200,-12.8100,-12.8100,0.0,,0,none,19,guide
GGUGGGGCAGGCUCUGGUG,UCACCAGAGUGGAAACUCACACCAGAGCCUGCCCCACCUGCCCAUUGUGUUCCCUUG,0.674123788217748,1,"-0.7,-3.26,-13.39,0,1,-214.93,0.21052631578947367,0,0.5789473684210527,1,0,0.3333333333333333,-2.24,0.0,0,0,0.0,-2.11,0,0.1111111111111111,0,-2.35,0.0,0",-1.800,73.7,-1.1500,-44.3200,-17.5500,-17.5500,0.0,,0,none,19,guide
GUGGGGCAGGCUCUGGUGU,GUCACCAGAGUGGAAACUCACACCAGAGCCUGCCCCACCUGCCCAUUGUGUUCCCUU,0.5428784489187174,1,"-0.9,-2.24,-11.4,0,1,-209.22,0.2631578947368421,0,0.5263157894736842,0,0,0.2777777777777778,-2.11,0.0,1,0,0.0,-2.24,0,0.1111111111111111,0,-2.08,0.0,0",-1.500,68.4,-0.4500,-42.6000,-17.4200,-17.4200,0.0,,0,none,19,guide
GUGUGAGUUUCCACUCUGG,CUACGGGAGUCAAAGGUCACCAGAGUGGAAACUCACACCAGAGCCUGCCCCACCUGC,0.7106636838180462,1,"0.57,-2.24,-11.4,0,1,-192.92999999999995,0.3684210526315789,0,0.3157894736842105,0,0,0.05555555555555555,-2.11,0.0,1,0,0.05555555555555555,-3.26,0,0.0,0,-2.24,0.1111111111111111,0",-2.400,52.6,1.0200,-35.4800,-13.1300,-13.1300,0.0,,0,none,19,guide
GUGAGUUUCCACUCUGGUG,GCCUACGGGAGUCAAAGGUCACCAGAGUGGAAACUCACACCAGAGCCUGCCCCACCU,0.6920208799403431,1,"-0.13,-2.24,-11.4,0,1,-192.93,0.3684210526315789,0,0.3157894736842105,0,0,0.05555555555555555,-2.11,0.0,1,0,0.05555555555555555,-2.11,0,0.0,0,-2.35,0.1111111111111111,0",-2.400,52.6,-0.1300,-35.4800,-10.6400,-10.6400,0.0,,0,none,19,guide
GUUUCCACUCUGGUGACCU,AAACGCCUACGGGAGUCAAAGGUCACCAGAGUGGAAACUCACACCAGAGCCUGCCCC,0.7032065622669649,1,"-1.06,-2.24,-11.4,0,1,-192.16,0.3684210526315789,0,0.21052631578947367,0,0,0.05555555555555555,-0.93,0.0,1,0,0.1111111111111111,-2.08,0,0.0,0,-2.24,0.1111111111111111,0",-3.100,52.6,-0.6100,-36.0800,-11.8200,-11.8200,0.0,,0,none,19,guide
CUCUGGUGACCUUUGACUC,UGGAUGCAAACGCCUACGGGAGUCAAAGGUCACCAGAGUGGAAACUCACACCAGAGC,0.6405667412378822,1,"0.27,-2.08,-10.48,0,0,-194.01,0.3684210526315789,0,0.21052631578947367,0,0,0.05555555555555555,-2.35,0.0,1,1,0.05555555555555555,-2.35,0,0.0,0,-0.93,0.1111111111111111,0",-0.300,52.6,0.2700,-35.5600,-14.1500,-14.1500,0.0,,0,none,19,guide
ACCUUUGACUCCCGUAGGC,CACACCCGUGGAUGCAAACGCCUACGGGAGUCAAAGGUCACCAGAGUGGAAACUCAC,0.6823266219239374,1,"1.63,-2.24,-11.4,0,0,-194.04,0.2631578947368421,0,0.21052631578947367,0,0,0.05555555555555555,-3.26,0.05555555555555555,0,0,0.16666666666666666,-3.42,0,0.05555555555555555,0,-2.36,0.1111111111111111,0",-2.100,57.9,1.6300,-37.4900,-11.6600,-11.6600,0.0,,0,none,19,guide
UUGACUCCCGUAGGCGUUU,UAUGCACACCCGUGGAUGCAAACGCCUACGGGAGUCAAAGGUCACCAGAGUGGAAAC,0.6979865771812082,1,"0.0,-0.93,-6.82,1,0,-183.91,0.3684210526315789,1,0.2631578947368421,0,0,0.05555555555555555,-2.11,0.05555555555555555,1,0,0.1111111111111111,-0.93,0,0.05555555555555555,0,-3.26,0.16666666666666666,0",-2.200,52.6,0.0000,-35.0900,-14.3900,-14.3900,0.0,,0,none,19,guide
CACGGGUGUGCAUACCCUG,GGGCAGCGGGAGAGAGCAACAGGGUAUGCACACCCGUGGAUGCAAACGCCUACGGGA,0.5264727815063386,1,"0.0,-2.11,-10.44,0,0,-200.82,0.21052631578947367,0,0.3157894736842105,0,0,0.1111111111111111,-2.24,0.05555555555555555,0,1,0.1111111111111111,-2.11,0,0.05555555555555555,0,-1.33,0.0,0",-5.700,63.2,0.0000,-39.4500,-15.4700,-15.4700,0.0,,0,none,19,guide
GGUGUGCAUACCCUGUUGC,UCAGGGGCAGCGGGAGAGAGCAACAGGGUAUGCACACCCGUGGAUGCAAACGCCUAC,0.540641312453393,1,"0.16,-3.26,-13.39,0,1,-198.48999999999995,0.3157894736842105,0,0.3157894736842105,1,0,0.05555555555555555,-2.24,0.05555555555555555,0,0,0.1111111111111111,-3.42,0,0.1111111111111111,0,-2.08,0.05555555555555555,0",-1.800,57.9,0.1600,-37.9800,-14.2300,-14.2300,0.0,,0,none,19,guide
CAUACCCUGUUGCUCUCUC,AAXGGUUCAGGGGCAGCGGGAGAGAGCAACAGGGUAUGCACACCCGUGGAUGCAAAC,0.6375838926174496,1,"0.24,-2.11,-10.44,0,0,-195.29999999999995,0.3684210526315789,0,0.10526315789473684,0,0,0.0,-1.1,0.05555555555555555,0,1,0.1111111111111111,-2.35,0,0.05555555555555555,0,-2.08,0.05555555555555555,0",0.000,52.6,0.2400,-35.8900,-13.2700,-13.2700,0.0,,0,none,19,guide
CCUGUUGCUCUCUCCCGCU,GCUGGAAXGGUUCAGGGGCAGCGGGAGAGAGCAACAGGGUAUGCACACCCGUGGAUG,0.3243847874720358,0,"-1.63,-3.26,-13.39,0,0,-202.06,0.3684210526315789,0,0.15789473684210525,0,0,0.0,-2.08,0.0,0,1,0.16666666666666666,-2.08,1,0.1111111111111111,0,-2.35,0.05555555555555555,0",-0.500,63.2,-1.6300,-39.7300,-12.8900,-12.8900,0.0,,0,none,19,guide
GUUGCUCUCUCCCGCUGCC,AGGGCUGGAAXGGUUCAGGGGCAGCGGGAGAGAGCAACAGGGUAUGCACACCCGUGG,0.4615958240119314,0,"0.57,-2.24,-11.4,0,1,-210.18,0.3157894736842105,0,0.21052631578947367,0,0,0.0,-0.93,0.0,1,0,0.16666666666666666,-3.26,0,0.16666666666666666,0,-2.36,0.05555555555555555,0",-1.500,68.4,1.0200,-41.7700,-12.9700,-12.9700,0.0,,0,none,19,guide
CUCUCUCCCGCUGCCCCUG,GGAGAGGGCUGGAAXGGUUCAGGGGCAGCGGGAGAGAGCAACAGGGUAUGCACACCC,0.4936614466815809,0,"0.03,-2.08,-10.48,0,0,-214.33999999999997,0.2631578947368421,0,0.15789473684210525,0,0,0.0,-2.35,0.0,1,1,0.2777777777777778,-2.11,0,0.1111111111111111,0,-3.42,0.0,0",0.000,73.7,0.0300,-43.3800,-14.4700,-14.4700,0.0,,0,none,19,guide
CACUCCGACCCCUGACAGG,CUACAGUUUCUUUCCCCUGCCUGUCAGGGGUCGGAGUGGAGAGGGCUGGAAXGGUUC,0.540641312453393,1,"0.7,-2.11,-10.44,0,0,-208.26,0.10526315789473684,0,0.21052631578947367,0,0,0.05555555555555555,-2.24,0.0,0,1,0.2222222222222222,-3.26,0,0.0,0,-2.11,0.0,0",0.000,68.4,1.1500,-41.6100,-14.6400,-14.6400,0.0,,0,none,19,guide
ACCCCUGACAGGCAGGGGA,UGGCAGACUACAGUUUCUUUCCCCUGCCUGUCAGGGGUCGGAGUGGAGAGGGCUGGA,0.3146905294556301,0,"0.11,-2.24,-11.4,0,0,-207.99999999999997,0.05263157894736842,0,0.3684210526315789,0,0,0.2222222222222222,-3.26,0.0,0,0,0.16666666666666666,-2.35,0,0.05555555555555555,0,-2.11,0.0,1",-10.800,68.4,0.1100,-43.2000,-16.3200,-16.3200,0.0,,0,none,19,guide
GGGAAAGAAACUGUAGUCU,ACAUGGUGUGGAAUCUGGCAGACUACAGUUUCUUUCCCCUGCCUGUCAGGGGUCGGA,0.4146159582401194,0,"-1.63,-3.26,-13.39,0,1,-178.3,0.21052631578947367,0,0.3157894736842105,1,0,0.1111111111111111,-3.26,0.05555555555555555,0,0,0.0,-2.08,0,0.0,0,-2.24,0.0,0",0.000,42.1,-1.6300,-31.4800,-11.9000,-11.9000,0.0,,0,none,19,guide
AAAGAAACUGUAGUCUGCC,GCCACAUGGUGUGGAAUCUGGCAGACUACAGUUUCUUUCCCCUGCCUGUCAGGGGUC,0.6413124533929903,1,"2.33,-0.93,-6.82,0,0,-177.79000000000005,0.21052631578947367,0,0.21052631578947367,0,0,0.0,-0.93,0.05555555555555555,0,0,0.05555555555555555,-3.26,0,0.05555555555555555,0,-2.24,0.0,0",0.000,42.1,2.7800,-31.4000,-9.4600,-9.4600,0.0,,0,none,19,guide
AACUGUAGUCUGCCAGAUU,UCUCUGCCACAUGGUGUGGAAUCUGGCAGACUACAGUUUCUUUCCCCUGCCUGUCAG,0.6092468307233407,1,"0.0,-0.93,-6.82,0,0,-180.25,0.3157894736842105,0,0.21052631578947367,0,0,0.0,-2.24,0.05555555555555555,0,0,0.05555555555555555,-0.93,0,0.05555555555555555,0,-3.26,0.05555555555555555,0",-0.800,42.1,0.0000,-32.4000,-12.0800,-12.0800,0.0,,0,none,19,guide
CAGAUUCCACACCAUGUGG,CGGUGGCUCUGUCUCUCUGCCACAUGGUGUGGAAUCUGGCAGACUACAGUUUCUUUC,0.2997762863534676,0,"0.7,-2.11,-10.44,0,0,-194.34000000000003,0.21052631578947367,0,0.21052631578947367,0,0,0.05555555555555555,-2.08,0.0,0,1,0.1111111111111111,-3.26,0,0.0,0,-2.11,0.05555555555555555,0",-3.900,52.6,1.1500,-35.6800,-12.0700,-12.0700,0.0,,0,none,19,guide
CACACCAUGUGGCAGAGAG,AGGGUGCCGGUGGCUCUGUCUCUCUGCCACAUGGUGUGGAAUCUGGCAGACUACAGU,0.3482475764354959,0,"-0.03,-2.11,-10.44,0,0,-200.59,0.10526315789473684,0,0.3157894736842105,0,0,0.05555555555555555,-2.24,0.0,0,1,0.05555555555555555,-2.08,0,0.05555555555555555,0,-2.11,0.0,0",-1.800,57.9,-0.0300,-37.7700,-13.0600,-13.0600,0.0,,0,none,19,guide
AUGUGGCAGAGAGACAGAG,GCAGGCAGGGUGCCGGUGGCUCUGUCUCUCUGCCACAUGGUGUGGAAUCUGGCAGAC,0.4645786726323639,0,"1.43,-1.1,-9.38,0,0,-197.04,0.10526315789473684,0,0.42105263157894735,0,0,0.05555555555555555,-2.11,0.0,1,0,0.0,-2.08,0,0.05555555555555555,0,-2.35,0.0,0",0.000,52.6,1.4300,-36.5600,-15.2500,-15.2500,0.0,,0,none,19,guide
GUGGCAGAGAGACAGAGCC,CAGCAGGCAGGGUGCCGGUGGCUCUGUCUCUCUGCCACAUGGUGUGGAAUCUGGCAG,0.3415361670395228,0,"0.57,-2.24,-11.4,0,1,-209.21,0.05263157894736842,0,0.42105263157894735,0,0,0.05555555555555555,-2.11,0.0,1,0,0.05555555555555555,-3.26,0,0.1111111111111111,0,-2.11,0.0,0",-1.600,63.2,1.0200,-40.3800,-15.3300,-15.3300,0.0,,0,none,19,guide
UGGCAGAGAGACAGAGCCA,GCAGCAGGCAGGGUGCCGGUGGCUCUGUCUCUCUGCCACAUGGUGUGGAAUCUGGCA,0.5704697986577182,1,"0.0,-2.11,-10.44,1,0,-200.81,0.05263157894736842,0,0.3684210526315789,0,0,0.05555555555555555,-3.26,0.0,0,0,0.05555555555555555,-2.11,0,0.1111111111111111,0,-2.08,0.0,1",-3.200,57.9,0.0000,-39.2000,-15.3000,-15.3000,0.0,,0,none,19,guide
GCAGAGAGACAGAGCCACC,AGGCAGCAGGCAGGGUGCCGGUGGCUCUGUCUCUCUGCCACAUGGUGUGGAAUCUGG,0.5331841909023117,1,"-0.16,-3.42,-14.88,0,1,-209.21000000000004,0.0,0,0.3157894736842105,0,1,0.0,-2.11,0.0,0,0,0.1111111111111111,-3.26,0,0.1111111111111111,0,-2.08,0.0,0",0.000,63.2,-0.1600,-40.1800,-13.0500,-13.0500,0.0,,0,none,19,guide
CCUGCUGCCUGUCCCCUGG,GUCUGUGGCAGGAGAUAGCCCAGGGGACAGGCAGCAGGCAGGGUGCCGGUGGCUCUG,0.3400447427293065,0,"0.0,-3.26,-13.39,0,0,-214.01,0.2631578947368421,0,0.2631578947368421,0,0,0.05555555555555555,-2.08,0.0,0,1,0.2777777777777778,-3.26,1,0.1111111111111111,0,-3.26,0.0,0",-0.100,73.7,0.0000,-43.9600,-15.2200,-15.2200,0.0,,0,none,19,guide
CCCUGGGCUAUCUCCUGCC,UUCUCUGAAGCUGGUCUGUGGCAGGAGAUAGCCCAGGGGACAGGCAGCAGGCAGGGU,0.5048471290082028,0,"0.0,-3.26,-13.39,0,0,-211.24,0.2631578947368421,0,0.21052631578947367,0,0,0.1111111111111111,-3.26,0.05555555555555555,0,1,0.2222222222222222,-3.26,1,0.1111111111111111,0,-2.35,0.0,0",-3.300,68.4,0.0000,-42.4800,-17.3900,-17.3900,0.0,,0,none,19,guide
CUGCCACAGACCAGCUUCA,AGAGGACUCCUUCCUUCUCUGAAGCUGGUCUGUGGCAGGAGAUAGCCCAGGGGACAG,0.3310961968680089,0,"-0.87,-2.08,-10.48,0,0,-197.83,0.15789473684210525,0,0.15789473684210525,0,0,0.0,-2.11,0.0,1,1,0.1111111111111111,-2.11,0,0.1111111111111111,0,-2.08,0.05555555555555555,1",0.000,57.9,-0.4200,-38.2500,-15.2500,-15.2500,0.0,,0,none,19,guide
CUUCAGAGAAGGAAGGAGU,CCAAUUCAUCUGACAGAGGACUCCUUCCUUCUCUGAAGCUGGUCUGUGGCAGGAGAU,0.378076062639821,0,"-0.74,-2.08,-10.48,0,0,-186.83,0.15789473684210525,0,0.3684210526315789,0,0,0.1111111111111111,-0.93,0.0,1,1,0.0,-2.24,0,0.0,0,-0.93,0.05555555555555555,0",-2.100,47.4,-0.2900,-33.7500,-11.9000,-11.9000,0.0,,0,none,19,guide
AGAGAAGGAAGGAGUCCUC,UAGCCCAAUUCAUCUGACAGAGGACUCCUUCCUUCUCUGAAGCUGGUCUGUGGCAGG,0.6055182699478002,1,"1.17,-2.08,-10.48,0,0,-195.4,0.10526315789473684,0,0.3684210526315789,0,0,0.1111111111111111,-2.35,0.0,0,0,0.05555555555555555,-2.35,0,0.0,0,-2.08,0.0,0",-2.600,52.6,0.7200,-36.5200,-13.0500,-13.0500,0.0,,0,none,19,guide
GCUAGAGAUGGAAGUCUCA,CAUCCACCUUCCCUGCUUCUGAGACUUCCAUCUCUAGCCCAAUUCAUCUGACAGAGG,0.2453392990305742,0,"-1.76,-3.42,-14.88,0,1,-191.71,0.21052631578947367,0,0.3157894736842105,0,1,0.05555555555555555,-2.08,0.05555555555555555,0,0,0.0,-2.11,0,0.05555555555555555,0,-2.08,0.0,1",-5.100,47.4,-1.7600,-34.3600,-12.2700,-12.2700,0.0,,0,none,19,guide
GAAGUCUCAGAAGCAGGGA,CUUCUGCCUUCAUCCACCUUCCCUGCUUCUGAGACUUCCAUCUCUAGCCCAAUUCAU,0.5063385533184191,0,"-0.9,-2.35,-12.44,0,1,-194.85,0.10526315789473684,0,0.3684210526315789,0,0,0.1111111111111111,-0.93,0.0,0,0,0.0,-2.35,0,0.05555555555555555,0,-3.42,0.0,1",-1.200,52.6,-0.4500,-36.1200,-12.0300,-12.0300,0.0,,0,none,19,guide
AGGGAAGGUGGAUGAAGGC,UAGGCUUUGGAGCCCUUCUGCCUUCAUCCACCUUCCCUGCUUCUGAGACUUCCAUCU,0.639075316927666,1,"1.79,-2.08,-10.48,0,0,-198.56,0.10526315789473684,0,0.5263157894736842,0,0,0.2777777777777778,-3.26,0.0,0,0,0.0,-3.42,0,0.05555555555555555,0,-2.11,0.0,0",0.000,57.9,1.7900,-38.2900,-15.1400,-15.1400,0.0,,0,none,19,guide
GCAGAAGGGCUCCAAAGCC,UCUGAGCAAUAUCCCCAUAGGCUUUGGAGCCCUUCUGCCUUCAUCCACCUUCCCUGC,0.5495898583146905,1,"-0.16,-3.42,-14.88,0,1,-202.73,0.05263157894736842,0,0.3157894736842105,0,1,0.1111111111111111,-2.11,0.0,0,0,0.1111111111111111,-3.26,0,0.16666666666666666,0,-2.11,0.0,0",-3.400,63.2,-0.1600,-39.7400,-12.8100,-12.8100,0.0,,0,none,19,guide
GCUCCAAAGCCUAUGGGGA,ACUUAACUUCUGAGCAAUAUCCCCAUAGGCUUUGGAGCCCUUCUGCCUUCAUCCACC,0.2669649515287099,0,"-1.52,-3.42,-14.88,0,1,-197.29,0.15789473684210525,0,0.3157894736842105,0,1,0.16666666666666666,-2.08,0.05555555555555555,0,0,0.1111111111111111,-2.35,0,0.1111111111111111,0,-1.1,0.0,1",-4.600,57.9,-1.5200,-38.4500,-11.6600,-11.6600,0.0,,0,none,19,guide
UGGGGAUAUUGCUCAGAAG,GAAUGAGCUCCUUACUUAACUUCUGAGCAAUAUCCCCAUAGGCUUUGGAGCCCUUCU,0.6935123042505593,1,"0.87,-2.11,-10.44,1,0,-187.89,0.2631578947368421,0,0.3684210526315789,0,0,0.16666666666666666,-3.26,0.05555555555555555,0,0,0.0,-2.08,0,0.05555555555555555,0,-2.35,0.05555555555555555,0",-2.200,47.4,0.4200,-34.1200,-14.5600,-14.5600,0.0,,0,none,19,guide
UAUUGCUCAGAAGUUAAGU,UCUGAGGAAUGAGCUCCUUACUUAACUUCUGAGCAAUAUCCCCAUAGGCUUUGGAGC,0.6763609246830724,1,"0.46,-1.33,-7.69,1,0,-166.35,0.3684210526315789,0,0.21052631578947367,0,0,0.0,-1.1,0.1111111111111111,0,0,0.0,-2.24,0,0.05555555555555555,0,-2.24,0.1111111111111111,0",0.000,31.6,0.9100,-27.8300,-11.9900,-11.9900,0.0,,0,none,19,guide
GUUAAGUAAGGAGCUCAUU,GGAAUUCUUGCCUCUGAGGAAUGAGCUCCUUACUUAACUUCUGAGCAAUAUCCCCAU,0.5279642058165548,1,"-1.76,-2.24,-11.4,0,1,-173.01999999999995,0.3157894736842105,0,0.2631578947368421,0,0,0.05555555555555555,-0.93,0.1111111111111111,1,0,0.0,-0.93,0,0.05555555555555555,0,-3.42,0.1111111111111111,0",0.000,36.8,-1.7600,-29.6300,-8.8400,-8.8400,0.0,,0,none,19,guide
CUCAUUCCUCAGAGGCAAG,UACAGAACACCCAGGAAUUCUUGCCUCUGAGGAAUGAGCUCCUUACUUAACUUCUGA,0.4459358687546607,0,"0.0,-2.08,-10.48,0,0,-194.55,0.21052631578947367,0,0.21052631578947367,0,0,0.05555555555555555,-2.35,0.0,1,1,0.05555555555555555,-2.08,0,0.05555555555555555,0,-2.08,0.05555555555555555,0",-1.800,52.6,0.0000,-35.2400,-12.1000,-12.1000,0.0,,0,none,19,guide
AAGAAUUCCUGGGUGUUCU,AAUCCGCCCCACCCUUUACAGAACACCCAGGAAUUCUUGCCUCUGAGGAAUGAGCUC,0.6301267710663684,1,"0.7,-0.93,-6.82,0,0,-178.22,0.3684210526315789,0,0.2631578947368421,0,0,0.1111111111111111,-2.08,0.0,0,0,0.05555555555555555,-2.08,0,0.0,0,-2.24,0.1111111111111111,0",-2.000,42.1,1.1500,-31.9500,-9.7400,-9.7400,0.0,,0,none,19,guide
UGGGUGUUCUGUAAAGGGU,AGGAGUCCCAAUCCGCCCCACCCUUUACAGAACACCCAGGAAUUCUUGCCUCUGAGG,0.645041014168531,1,"0.13,-2.11,-10.44,1,0,-180.98,0.3684210526315789,0,0.42105263157894735,0,0,0.2222222222222222,-3.26,0.05555555555555555,0,0,0.0,-2.24,0,0.0,0,-0.93,0.05555555555555555,0",-0.100,47.4,0.1300,-34.3200,-14.0400,-14.0400,0.0,,0,none,19,guide
UAAAGGGUGGGGCGGAUUG,GGUGCCCACUUAGGAGUCCCAAUCCGCCCCACCCUUUACAGAACACCCAGGAAUUCU,0.5980611483967189,1,"1.23,-1.33,-7.69,1,0,-191.26,0.21052631578947367,0,0.5263157894736842,0,0,0.3333333333333333,-0.93,0.05555555555555555,0,0,0.0,-2.11,0,0.05555555555555555,0,-2.36,0.05555555555555555,0",0.000,57.9,1.2300,-37.1600,-12.7000,-12.7000,0.0,,0,none,19,guide
CCUAAGUGGGCACCCUAAA,CUCCAGGCCUCCUUUUUCUUUUAGGGUGCCCACUUAGGAGUCCCAAUCCGCCCCACC,0.3639075316927666,0,"-2.33,-3.26,-13.39,0,0,-185.45999999999995,0.15789473684210525,0,0.21052631578947367,0,0,0.1111111111111111,-2.08,0.1111111111111111,0,1,0.16666666666666666,-0.93,1,0.05555555555555555,0,-3.26,0.0,1",-1.300,52.6,-2.7800,-36.0200,-10.7700,-10.7700,0.0,,0,none,19,guide
AGACGCCUCAAGGGAGGCA,UGCAGUUGGAGAUUCAGAUUGCCUCCCUUGAGGCGUCUGCCCUCCAGGCCUCCUUUU,0.2542878448918718,0,"0.03,-2.08,-10.48,0,0,-201.25,0.05263157894736842,0,0.3684210526315789,0,0,0.16666666666666666,-2.35,0.0,0,0,0.05555555555555555,-2.11,0,0.1111111111111111,0,-3.26,0.0,1",-8.500,63.2,0.0300,-40.3600,-15.7100,-15.7100,0.0,,0,none,19,guide
GACGCCUCAAGGGAGGCAA,UUGCAGUUGGAGAUUCAGAUUGCCUCCCUUGAGGCGUCUGCCCUCCAGGCCUCCUUU,0.2781506338553318,0,"-1.87,-2.35,-12.44,0,1,-201.31,0.05263157894736842,0,0.3684210526315789,0,0,0.16666666666666666,-2.24,0.0,0,0,0.05555555555555555,-0.93,0,0.1111111111111111,0,-2.35,0.0,1",-8.500,63.2,-1.8700,-39.7100,-15.7100,-15.7100,0.0,,0,none,19,guide
CUGAAUCUCCAACUGCAAA,CACCAGUUUAGAAGGUCCGUUUGCAGUUGGAGAUUCAGAUUGCCUCCCUUGAGGCGU,0.3624161073825503,0,"-1.6,-2.08,-10.48,0,0,-179.51999999999995,0.21052631578947367,0,0.10526315789473684,0,0,0.0,-2.11,0.0,1,1,0.05555555555555555,-0.93,0,0.05555555555555555,0,-2.08,0.0,1",0.000,42.1,-1.6000,-31.5300,-10.9200,-10.9200,0.0,,0,none,19,guide
CUUCUAAACUGGUGGAAUC,UGAGAAGAAACUUGCUCCAGAUUCCACCAGUUUAGAAGGUCCGUUUGCAGUUGGAGA,0.6263982102908278,1,"0.27,-2.08,-10.48,0,0,-179.95999999999995,0.3157894736842105,0,0.21052631578947367,0,0,0.1111111111111111,-0.93,0.05555555555555555,1,1,0.0,-2.35,0,0.0,0,-2.11,0.05555555555555555,0",-1.600,42.1,0.2700,-31.2700,-8.5500,-8.5500,0.0,,0,none,19,guide
AAUCUGGAGCAAGUUUCUU,GUUCCUUGUGGACUCUGAGAAGAAACUUGCUCCAGAUUCCACCAGUUUAGAAGGUCC,0.5891126025354214,1,"0.0,-0.93,-6.82,0,0,-172.21999999999997,0.3684210526315789,0,0.21052631578947367,0,0,0.05555555555555555,-1.1,0.0,0,0,0.0,-0.93,0,0.05555555555555555,0,-2.24,0.16666666666666666,0",0.000,36.8,0.0000,-29.6200,-13.2500,-13.2500,0.0,,0,none,19,guide
UCUGGAGCAAGUUUCUUCU,AUGUUCCUUGUGGACUCUGAGAAGAAACUUGCUCCAGAUUCCACCAGUUUAGAAGGU,0.6711409395973155,1,"-0.27,-2.35,-12.44,1,0,-178.93999999999997,0.42105263157894735,0,0.21052631578947367,0,0,0.05555555555555555,-2.08,0.0,0,0,0.0,-2.08,0,0.05555555555555555,0,-0.93,0.16666666666666666,0",-0.600,42.1,-0.2700,-32.0200,-15.3000,-15.3000,0.0,,0,none,19,guide
UUUCUUCUCAGAGUCCACA,CCUCUUCACUGAUGUUCCUUGUGGACUCUGAGAAGAAACUUGCUCCAGAUUCCACCA,0.6375838926174496,1,"0.73,-0.93,-6.82,1,0,-181.04,0.3684210526315789,1,0.10526315789473684,0,0,0.0,-0.93,0.0,1,0,0.05555555555555555,-2.11,0,0.0,0,-2.24,0.16666666666666666,1",0.000,42.1,1.1800,-32.1400,-10.7200,-10.7200,0.0,,0,none,19,guide
UCAGAGUCCACAAGGAACA,UUCGUACCCUCUUCACUGAUGUUCCUUGUGGACUCUGAGAAGAAACUUGCUCCAGAU,0.7032065622669649,1,"-0.24,-2.35,-12.44,1,0,-186.53,0.10526315789473684,0,0.21052631578947367,0,0,0.05555555555555555,-2.11,0.0,0,0,0.05555555555555555,-2.11,0,0.0,0,-2.08,0.0,1",-1.900,47.4,-0.2400,-34.6900,-13.2100,-13.2100,0.0,,0,none,19,guide
GUCCACAAGGAACAUCAGU,GAAAGUUCGUACCCUCUUCACUGAUGUUCCUUGUGGACUCUGAGAAGAAACUUGCUC,0.4116331096196868,0,"-0.9,-2.24,-11.4,0,1,-188.11,0.15789473684210525,0,0.21052631578947367,0,0,0.05555555555555555,-2.35,0.0,1,0,0.05555555555555555,-2.24,0,0.0,0,-2.11,0.0,0",-1.900,47.4,-0.4500,-33.8000,-13.0000,-13.0000,0.0,,0,none,19,guide
ACGAACUUUCUCAGCCCCG,CAGGAGUCCCCAGUGAUCCCGGGGCUGAGAAAGUUCGUACCCUCUUCACUGAUGUUC,0.7099179716629381,1,"0.57,-2.24,-11.4,0,0,-191.46,0.21052631578947367,0,0.15789473684210525,0,0,0.0,-2.36,0.0,0,0,0.16666666666666666,-2.36,0,0.05555555555555555,0,-2.08,0.1111111111111111,0",0.000,57.9,0.5700,-36.4500,-10.8900,-10.8900,0.0,,0,none,19,guide
GAACUUUCUCAGCCCCGGG,GGCAGGAGUCCCCAGUGAUCCCGGGGCUGAGAAAGUUCGUACCCUCUUCACUGAUGU,0.6368381804623415,1,"0.46,-2.35,-12.44,0,1,-199.92,0.21052631578947367,0,0.2631578947368421,0,0,0.1111111111111111,-0.93,0.0,0,0,0.16666666666666666,-3.26,0,0.05555555555555555,0,-3.26,0.1111111111111111,0",0.000,63.2,0.9100,-38.9200,-9.4600,-9.4600,0.0,,0,none,19,guide
UCUCAGCCCCGGGAUCACU,ACCGAGGGCAGGAGUCCCCAGUGAUCCCGGGGCUGAGAAAGUUCGUACCCUCUUCAC,0.7076808351976137,1,"-0.27,-2.35,-12.44,1,0,-204.28,0.21052631578947367,0,0.21052631578947367,0,0,0.1111111111111111,-2.08,0.0,0,0,0.16666666666666666,-2.08,0,0.05555555555555555,0,-2.35,0.0,0",-2.200,63.2,-0.2700,-40.6400,-15.3000,-15.3000,0.0,,0,none,19,guide
GGUACAACUCUCCCUCAAG,CCCUCUUUCUGGAUUUAGGCUUGAGGGAGAGUUGUACCGAGGGCAGGAGUCCCCAGU,0.4727815063385533,0,"-0.73,-3.26,-13.39,0,1,-192.21,0.21052631578947367,0,0.15789473684210525,1,0,0.05555555555555555,-2.24,0.05555555555555555,0,0,0.1111111111111111,-2.08,0,0.0,0,-3.26,0.0,0",0.000,52.6,-1.1800,-35.8900,-11.0900,-11.0900,0.0,,0,none,19,guide
CAACUCUCCCUCAAGCCUA,AGUCCCCUCUUUCUGGAUUUAGGCUUGAGGGAGAGUUGUACCGAGGGCAGGAGUCCC,0.5719612229679344,1,"-1.23,-2.11,-10.44,0,0,-191.05,0.21052631578947367,0,0.05263157894736842,0,0,0.0,-0.93,0.05555555555555555,0,1,0.16666666666666666,-1.33,0,0.05555555555555555,0,-0.93,0.0,1",0.000,52.6,-1.2300,-36.0100,-12.0300,-12.0300,0.0,,0,none,19,guide
UCUCCCUCAAGCCUAAAUC,CCUUAGUCCCCUCUUUCUGGAUUUAGGCUUGAGGGAGAGUUGUACCGAGGGCAGGAG,0.6771066368381805,1,"0.9,-2.35,-12.44,1,0,-187.37,0.2631578947368421,0,0.05263157894736842,0,0,0.0,-2.08,0.05555555555555555,0,0,0.16666666666666666,-2.35,0,0.05555555555555555,0,-2.08,0.0,0",0.000,47.4,0.4500,-34.3100,-15.3800,-15.3800,0.0,,0,none,19,guide
UCCCUCAAGCCUAAAUCCA,GCCCUUAGUCCCCUCUUUCUGGAUUUAGGCUUGAGGGAGAGUUGUACCGAGGGCAGG,0.6070096942580163,1,"-0.24,-2.35,-12.44,1,0,-184.56,0.21052631578947367,0,0.05263157894736842,0,0,0.0,-3.26,0.05555555555555555,0,0,0.2222222222222222,-2.11,0,0.05555555555555555,0,-0.93,0.0,1",0.000,47.4,-0.2400,-34.5500,-13.9900,-13.9900,0.0,,0,none,19,guide
CCAGAAAGAGGGGACUAAG,UCCCCGUCCCUGAGGAGCCCUUAGUCCCCUCUUUCUGGAUUUAGGCUUGAGGGAGAG,0.6524981357196122,1,"-0.73,-3.26,-13.39,0,0,-189.66,0.05263157894736842,0,0.3684210526315789,0,0,0.16666666666666666,-2.11,0.05555555555555555,0,1,0.05555555555555555,-2.08,1,0.0,0,-2.35,0.0,0",-0.500,52.6,-1.1800,-35.3700,-10.4800,-10.4800,0.0,,0,none,19,guide
CUAAGGGCUCCUCAGGGAC,UGCUCUCUGGAGUCUCCCCGUCCCUGAGGAGCCCUUAGUCCCCUCUUUCUGGAUUUA,0.6398210290827739,1,"0.16,-2.08,-10.48,0,0,-204.29,0.15789473684210525,0,0.3157894736842105,0,0,0.2222222222222222,-1.33,0.05555555555555555,1,1,0.05555555555555555,-2.24,0,0.05555555555555555,0,-2.11,0.0,0",-2.200,63.2,0.1600,-39.9900,-14.2800,-14.2800,0.0,,0,none,19,guide
GGGAGACUCCAGAGAGCAA,CUGUGACCUCCAUCUACUCUUGCUCUCUGGAGUCUCCCCGUCCCUGAGGAGCCCUUA,0.4354958985831468,0,"-2.33,-3.26,-13.39,0,1,-201.42,0.05263157894736842,0,0.3684210526315789,1,0,0.1111111111111111,-3.26,0.0,0,0,0.05555555555555555,-0.93,0,0.05555555555555555,0,-2.08,0.0,1",-1.400,57.9,-2.7800,-38.4500,-14.3600,-14.3600,0.0,,0,none,19,guide
ACUCCAGAGAGCAAGAGUA,CCCUCCUGUGACCUCCAUCUACUCUUGCUCUCUGGAGUCUCCCCGUCCCUGAGGAGC,0.4317673378076062,0,"-0.46,-2.24,-11.4,0,0,-188.05,0.10526315789473684,0,0.2631578947368421,0,0,0.0,-2.08,0.05555555555555555,0,0,0.05555555555555555,-1.33,0,0.05555555555555555,0,-0.93,0.0,1",-1.500,47.4,-0.9100,-34.7300,-14.2300,-14.2300,0.0,,0,none,19,guide
AGAGUAGAUGGAGGUCACA,UCAGCACCUUGUGCCCUCCUGUGACCUCCAUCUACUCUUGCUCUCUGGAGUCUCCCC,0.7218493661446681,1,"0.03,-2.08,-10.48,0,0,-190.0,0.15789473684210525,0,0.3684210526315789,0,0,0.1111111111111111,-2.35,0.05555555555555555,0,0,0.0,-2.11,0,0.0,0,-3.26,0.0,1",-1.300,47.4,0.0300,-34.9300,-12.4300,-12.4300,0.0,,0,none,19,guide
AUGGAGGUCACAGGAGGGC,GCCACCGUCAGCACCUUGUGCCCUCCUGUGACCUCCAUCUACUCUUGCUCUCUGGAG,0.6636838180462342,1,"2.32,-1.1,-9.38,0,0,-206.76,0.10526315789473684,0,0.4736842105263158,0,0,0.2777777777777778,-2.11,0.0,1,0,0.0,-3.42,0,0.05555555555555555,0,-3.26,0.0,0",0.000,63.2,2.7700,-40.6300,-15.3000,-15.3000,0.0,,0,none,19,guide
AUGGGAGAGGAAGCACACA,UUUCAUUGUUCCUGUGAACUGUGUGCUUCCUCUCCCAUGCCACCGUCAGCACCUUGU,0.7770320656226697,1,"0.56,-1.1,-9.38,0,0,-193.52,0.05263157894736842,0,0.3684210526315789,0,0,0.16666666666666666,-2.11,0.0,1,0,0.0,-2.11,0,0.05555555555555555,0,-3.42,0.0,1",0.000,52.6,1.0100,-36.8000,-15.4100,-15.4100,0.0,,0,none,19,guide
CACAGUUCACAGGAACAAU,GGUCGUUCGUGGUCGUUUCAUUGUUCCUGUGAACUGUGUGCUUCCUCUCCCAUGCCA,0.5734526472781507,1,"-1.46,-2.11,-10.44,0,0,-179.54,0.15789473684210525,0,0.15789473684210525,0,0,0.05555555555555555,-2.24,0.0,0,1,0.0,-1.1,0,0.0,0,-2.35,0.05555555555555555,0",-2.800,42.1,-1.4600,-31.2300,-11.9500,-11.9500,0.0,,0,none,19,guide
CAGUUCACAGGAACAAUGA,XUGGUCGUUCGUGGUCGUUUCAUUGUUCCUGUGAACUGUGUGCUUCCUCUCCCAUGC,0.4973900074571216,0,"-0.66,-2.11,-10.44,0,0,-180.58,0.15789473684210525,0,0.21052631578947367,0,0,0.05555555555555555,-2.08,0.0,0,1,0.0,-2.35,0,0.0,0,-2.24,0.05555555555555555,1",-2.800,42.1,-0.2100,-31.3400,-11.9500,-11.9500,0.0,,0,none,19,guide
UCACAGGAACAAUGAAACG,XXXXXUGGUCGUUCGUGGUCGUUUCAUUGUUCCUGUGAACUGUGUGCUUCCUCUCCC,0.4041759880686055,0,"0.46,-2.35,-12.44,1,0,-177.12,0.10526315789473684,0,0.21052631578947367,0,0,0.05555555555555555,-2.11,0.0,0,0,0.0,-2.36,0,0.0,0,-2.11,0.0,0",0.000,42.1,0.4600,-30.5900,-14.1500,-14.1500,0.0,,0,none,19,guide
UGAAACGACCACGAACGAC,XXXXXXXXXXXXXXXXXUGGUCGUUCGUGGUCGUUUCAUUGUUCCUGUGAACUGUGU,0.2930648769574944,0,"1.03,-2.11,-10.44,1,0,-186.08,0.05263157894736842,0,0.21052631578947367,0,0,0.0,-2.35,0.0,0,0,0.05555555555555555,-2.24,0,0.0,0,-2.35,0.0,0",0.000,52.6,0.5800,-33.8600,-11.1600,-11.1600,0.0,,0,none,19,guide
UUUGUUUUCAACAUGGUAA,GCAUUUGAGGUCAAAACCCUUACCAUGUUGAAAACAAAAUCUUACAUGUUAAUAAAA,0.6808351976137211,1,"0.0,-0.93,-6.82,1,0,-155.54999999999995,0.4736842105263158,1,0.15789473684210525,0,0,0.05555555555555555,-0.93,0.05555555555555555,1,0,0.0,-0.93,0,0.0,0,-1.1,0.2777777777777778,1",0.000,26.3,0.0000,-25.0700,-8.0700,-8.0700,0.0,,0,none,19,guide
CAACAUGGUAAGGGUUUUG,CCUGAUAAGCAUUUGAGGUCAAAACCCUUACCAUGUUGAAAACAAAAUCUUACAUGU,0.5242356450410142,1,"0.0,-2.11,-10.44,0,0,-174.17,0.3157894736842105,0,0.3157894736842105,0,0,0.16666666666666666,-0.93,0.05555555555555555,0,1,0.0,-2.11,0,0.0,0,-3.26,0.16666666666666666,0",0.000,42.1,0.0000,-30.5100,-11.7500,-11.7500,0.0,,0,none,19,guide
CAUGGUAAGGGUUUUGACC,AGACCUGAUAAGCAUUUGAGGUCAAAACCCUUACCAUGUUGAAAACAAAAUCUUACA,0.6301267710663684,1,"0.7,-2.11,-10.44,0,0,-182.74,0.3157894736842105,0,0.3157894736842105,0,0,0.16666666666666666,-1.1,0.05555555555555555,0,1,0.05555555555555555,-3.26,0,0.0,0,-0.93,0.16666666666666666,0",-0.100,47.4,1.1500,-33.0800,-10.9700,-10.9700,0.0,,0,none,19,guide
AUGGUAAGGGUUUUGACCU,CAGACCUGAUAAGCAUUUGAGGUCAAAACCCUUACCAUGUUGAAAACAAAAUCUUAC,0.639075316927666,1,"0.53,-1.1,-9.38,0,0,-175.34,0.3684210526315789,0,0.3157894736842105,0,0,0.16666666666666666,-2.11,0.05555555555555555,1,0,0.05555555555555555,-2.08,0,0.0,0,-0.93,0.16666666666666666,0",-2.000,42.1,0.9800,-32.1500,-11.9500,-11.9500,0.0,,0,none,19,guide
CCUCAAAUGCUUAUCAGGU,AGCUAUAAAUGUGUGGCAGACCUGAUAAGCAUUUGAGGUCAAAACCCUUACCAUGUU,0.3489932885906041,0,"-1.47,-3.26,-13.39,0,0,-180.28,0.3157894736842105,0,0.15789473684210525,0,0,0.05555555555555555,-2.08,0.05555555555555555,0,1,0.05555555555555555,-2.24,1,0.05555555555555555,0,-1.1,0.05555555555555555,0",0.000,42.1,-1.4700,-31.6300,-9.5000,-9.5000,0.0,,0,none,19,guide
CGCCUCUUCCUUGAAGUUU,AAAACCUGCAAUGGACCCAAAACUUCAAGGAAGAGGCGUCUUCAAGGUUCAUAUGUA,0.494407158836689,0,"-1.43,-2.36,-10.64,0,0,-180.15,0.42105263157894735,0,0.15789473684210525,0,0,0.0,-3.42,0.0,0,1,0.1111111111111111,-0.93,0,0.05555555555555555,1,-2.35,0.2222222222222222,0",-0.700,47.4,-1.8800,-32.5300,-14.1200,-14.1200,0.0,,0,none,19,guide
AUUGCAGGUUUUCCUUCUC,GCAAUACCCUUUGUGUACUGAGAAGGAAAACCUGCAAUGGACCCAAAACUUCAAGGA,0.5898583146905295,1,"1.7,-1.1,-9.38,0,0,-178.84999999999997,0.4736842105263158,0,0.15789473684210525,0,0,0.05555555555555555,-0.93,0.0,1,0,0.05555555555555555,-2.35,0,0.05555555555555555,0,-3.26,0.2777777777777778,0",-1.500,42.1,1.7000,-31.3000,-13.9100,-13.9100,0.0,,0,none,19,guide
ACACAAAGGGUAUUGCAAG,GGGCGUAAAAUGAAAGAUCCUUGCAAUACCCUUUGUGUACUGAGAAGGAAAACCUGC,0.5525727069351231,1,"0.74,-2.24,-11.4,0,0,-175.59999999999997,0.15789473684210525,0,0.2631578947368421,0,0,0.1111111111111111,-2.11,0.05555555555555555,0,0,0.0,-2.08,0,0.05555555555555555,0,-0.93,0.05555555555555555,0",0.000,42.1,0.2900,-31.2700,-10.4000,-10.4000,0.0,,0,none,19,guide
CAAAGGGUAUUGCAAGGAU,CCUGGGCGUAAAAUGAAAGAUCCUUGCAAUACCCUUUGUGUACUGAGAAGGAAAACC,0.494407158836689,0,"-1.46,-2.11,-10.44,0,0,-177.57,0.21052631578947367,0,0.3157894736842105,0,0,0.16666666666666666,-0.93,0.05555555555555555,0,1,0.0,-1.1,0,0.05555555555555555,0,-2.11,0.05555555555555555,0",0.000,42.1,-1.4600,-31.3900,-12.7000,-12.7000,0.0,,0,none,19,guide
CCUCAAAUAUAUGGGGAUA,GUUCGUCUGUACAAGUUGGUAUCCCCAUAUAUUUGAGGAGAUCCUGGGCGUAAAAUG,0.3624161073825503,0,"-1.93,-3.26,-13.39,0,0,-176.7,0.2631578947368421,0,0.21052631578947367,0,0,0.16666666666666666,-2.08,0.16666666666666666,0,1,0.05555555555555555,-1.33,1,0.0,0,-3.26,0.0,1",-5.000,36.8,-2.3800,-30.3500,-9.5000,-9.5000,0.0,,0,none,19,guide
UCAAAUAUAUGGGGAUACC,UUGUUCGUCUGUACAAGUUGGUAUCCCCAUAUAUUUGAGGAGAUCCUGGGCGUAAAA,0.5689783743475019,1,"1.36,-2.35,-12.44,1,0,-177.62,0.2631578947368421,0,0.21052631578947367,0,0,0.16666666666666666,-2.11,0.16666666666666666,0,0,0.05555555555555555,-3.26,0,0.0,0,-3.26,0.0,0",-0.200,36.8,1.3600,-30.3100,-7.5000,-7.5000,0.0,,0,none,19,guide
CAACUUGUACAGACGAACA,GGUAUGGGAGAUGAGGUCUUGUUCGUCUGUACAAGUUGGUAUCCCCAUAUAUUUGAG,0.6323639075316928,1,"-0.9,-2.11,-10.44,0,0,-176.06,0.15789473684210525,0,0.15789473684210525,0,0,0.0,-0.93,0.05555555555555555,0,1,0.0,-2.11,0,0.0,0,-2.24,0.05555555555555555,1",-0.300,42.1,-0.4500,-30.8900,-10.5300,-10.5300,0.0,,0,none,19,guide
AACUUGUACAGACGAACAA,CGGUAUGGGAGAUGAGGUCUUGUUCGUCUGUACAAGUUGGUAUCCCCAUAUAUUUGA,0.4138702460850112,0,"0.0,-0.93,-6.82,0,0,-168.72,0.15789473684210525,0,0.15789473684210525,0,0,0.0,-2.24,0.05555555555555555,0,0,0.0,-0.93,0,0.0,0,-2.36,0.05555555555555555,1",-0.300,36.8,0.0000,-29.1600,-10.9300,-10.9300,0.0,,0,none,19,guide
ACUUGUACAGACGAACAAG,CCGGUAUGGGAGAUGAGGUCUUGUUCGUCUGUACAAGUUGGUAUCCCCAUAUAUUUG,0.4049217002237136,0,"0.74,-2.24,-11.4,0,0,-176.1,0.15789473684210525,0,0.21052631578947367,0,0,0.0,-2.08,0.05555555555555555,0,0,0.0,-2.08,0,0.0,0,-2.35,0.05555555555555555,0",-2.800,42.1,0.2900,-30.6600,-10.9300,-10.9300,0.0,,0,none,19,guide
UACAGACGAACAAGACCUC,GGAACCCGGUAUGGGAGAUGAGGUCUUGUUCGUCUGUACAAGUUGGUAUCCCCAUAU,0.5421327367636093,1,"1.47,-1.33,-7.69,1,0,-185.71,0.10526315789473684,0,0.15789473684210525,0,0,0.0,-2.24,0.05555555555555555,0,0,0.05555555555555555,-2.35,0,0.0,0,-2.08,0.0,0",0.000,47.4,1.4700,-33.3400,-13.3800,-13.3800,0.0,,0,none,19,guide
GACCUCAUCUCCCAUACCG,UUUUAAAUGAAACGGAACCCGGUAUGGGAGAUGAGGUCUUGUUCGUCUGUACAAGUU,0.6323639075316928,1,"-0.44,-2.35,-12.44,0,1,-201.44,0.21052631578947367,0,0.10526315789473684,0,0,0.0,-2.24,0.05555555555555555,0,0,0.2222222222222222,-2.36,0,0.0,0,-2.11,0.0,0",0.000,57.9,0.0100,-37.4000,-13.1400,-13.1400,0.0,,0,none,19,guide
UCUCCCAUACCGGGUUCCG,AACUCAUUUUUAAAUGAAACGGAACCCGGUAUGGGAGAUGAGGUCUUGUUCGUCUGU,0.3713646532438479,0,"0.46,-2.35,-12.44,1,0,-199.22,0.2631578947368421,0,0.21052631578947367,0,0,0.1111111111111111,-2.08,0.05555555555555555,0,0,0.2222222222222222,-2.36,0,0.0,0,-3.26,0.05555555555555555,0",-3.100,63.2,0.4600,-39.2700,-14.1600,-14.1600,0.0,,0,none,19,guide
AAAAUGAGUUAGGCUGUCC,CUGCCUGAUGAGUUUGUUGGGACAGCCUAACUCAUUUUUAAAUGAAACGGAACCCGG,0.4683072334079045,0,"2.33,-0.93,-6.82,0,0,-178.68,0.2631578947368421,0,0.2631578947368421,0,0,0.05555555555555555,-0.93,0.05555555555555555,0,0,0.05555555555555555,-3.26,0,0.05555555555555555,0,-3.42,0.05555555555555555,0",0.000,42.1,2.7800,-31.6400,-9.5000,-9.5000,0.0,,0,none,19,guide
CAAACUCAUCAGGCAGGUU,GUGCUACACUAUCUAUUAUAACCUGCCUGAUGAGUUUGUUGGGACAGCCUAACUCAU,0.3877703206562267,0,"-1.63,-2.11,-10.44,0,0,-185.05,0.21052631578947367,0,0.21052631578947367,0,0,0.1111111111111111,-0.93,0.0,0,1,0.0,-0.93,0,0.05555555555555555,0,-3.42,0.05555555555555555,0",0.000,47.4,-1.6300,-33.4000,-10.6400,-10.6400,0.0,,0,none,19,guide
GCAGGUUAUAAUAGAUAGU,UUUAAAUUUUAUGUGCUACACUAUCUAUUAUAACCUGCCUGAUGAGUUUGUUGGGAC,0.3146905294556301,0,"-1.63,-3.42,-14.88,0,1,-170.6,0.3157894736842105,0,0.2631578947368421,0,1,0.05555555555555555,-2.11,0.2222222222222222,0,0,0.0,-2.24,0,0.05555555555555555,0,-2.08,0.05555555555555555,0",0.000,31.6,-1.6300,-28.0500,-11.9500,-11.9500,0.0,,0,none,19,guide
AGUGUAGCACAUAAAAUUU,UGUAUUUUGUGCAAAUUUUAAAUUUUAUGUGCUACACUAUCUAUUAUAACCUGCCUG,0.3489932885906041,0,"-0.7,-2.08,-10.48,0,0,-158.54999999999995,0.3157894736842105,0,0.15789473684210525,0,0,0.0,-2.24,0.1111111111111111,0,0,0.0,-0.93,0,0.05555555555555555,0,-0.93,0.1111111111111111,0",-0.400,26.3,-1.1500,-25.5000,-13.4200,-13.4200,0.0,,0,none,19,guide
AUACAUCUCUCCUCCUUUG,UUUAAUUUCUGUGUGAGACCAAAGGAGGAGAGAUGUAUUUUGUGCAAAUUUUAAAUU,0.7397464578672632,1,"1.46,-1.1,-9.38,0,0,-183.5,0.42105263157894735,0,0.05263157894736842,0,0,0.0,-1.33,0.05555555555555555,1,0,0.1111111111111111,-2.11,0,0.0,0,-2.35,0.1111111111111111,0",0.000,42.1,1.4600,-31.8000,-11.2100,-11.2100,0.0,,0,none,19,guide
UCCUCCUUUGGUCUCACAC,UGGGGGGACUUUAAUUUCUGUGUGAGACCAAAGGAGGAGAGAUGUAUUUUGUGCAAA,0.7307979120059657,1,"0.79,-2.35,-12.44,1,0,-193.2,0.3684210526315789,0,0.10526315789473684,0,0,0.05555555555555555,-3.26,0.0,0,0,0.1111111111111111,-2.24,0,0.0,0,-2.08,0.1111111111111111,0",-0.700,52.6,0.3400,-36.1900,-13.9600,-13.9600,0.0,,0,none,19,guide
AGAAACAAUACAAUCCUCC,AUGACCUGGGAGAAGGGUCGGAGGAUUGUAUUGUUUCUAUGGGGGGACUUUAAUUUC,0.7807606263982102,1,"1.63,-2.08,-10.48,0,0,-175.14,0.15789473684210525,0,0.05263157894736842,0,0,0.0,-2.35,0.05555555555555555,0,0,0.1111111111111111,-3.26,0,0.0,0,-1.1,0.0,0",0.000,36.8,1.6300,-29.5400,-9.4900,-9.4900,0.0,,0,none,19,guide
AAACAAUACAAUCCUCCGA,UGAUGACCUGGGAGAAGGGUCGGAGGAUUGUAUUGUUUCUAUGGGGGGACUUUAAUU,0.4079045488441462,0,"0.97,-0.93,-6.82,0,0,-171.57999999999996,0.15789473684210525,0,0.05263157894736842,0,0,0.0,-0.93,0.05555555555555555,0,0,0.1111111111111111,-2.35,0,0.0,0,-3.26,0.0,1",0.000,36.8,1.4200,-29.3200,-8.6400,-8.6400,0.0,,0,none,19,guide
UCCGACCCUUCUCCCAGGU,UACACGGCUAGGACUGAUGACCUGGGAGAAGGGUCGGAGGAUUGUAUUGUUUCUAUG,0.5786726323639075,1,"-0.11,-2.35,-12.44,1,0,-201.19000000000003,0.2631578947368421,0,0.15789473684210525,0,0,0.05555555555555555,-3.26,0.0,0,0,0.2777777777777778,-2.24,0,0.0,0,-3.26,0.05555555555555555,0",-1.100,63.2,-0.1100,-40.5900,-16.7300,-16.7300,0.0,,0,none,19,guide
CCCUUCUCCCAGGUCAUCA,GGCCUUACACGGCUAGGACUGAUGACCUGGGAGAAGGGUCGGAGGAUUGUAUUGUUU,0.2475764354958986,0,"-1.6,-3.26,-13.39,0,0,-199.74,0.2631578947368421,0,0.10526315789473684,0,0,0.05555555555555555,-3.26,0.0,0,1,0.2222222222222222,-2.11,1,0.0,0,-2.24,0.05555555555555555,1",-1.100,57.9,-1.6000,-38.2500,-13.0500,-13.0500,0.0,,0,none,19,guide
GUCCUAGCCGUGUAAGGCC,UCAUCUGGGACUGUGGAUGGGCCUUACACGGCUAGGACUGAUGACCUGGGAGAAGGG,0.4474272930648769,0,"0.57,-2.24,-11.4,0,1,-201.07,0.21052631578947367,0,0.3157894736842105,0,0,0.05555555555555555,-2.35,0.1111111111111111,1,0,0.16666666666666666,-3.26,0,0.1111111111111111,0,-1.33,0.0,0",-4.600,63.2,1.0200,-39.6600,-14.5200,-14.5200,0.0,,0,none,19,guide
AUUGCUGCAUGGAGUCCUC,AGCUGCGUUAAUUCUAGAAGAGGACUCCAUGCAGCAAUGGCAGAAGAAGGGCCCAGA,0.3340790454884415,0,"1.7,-1.1,-9.38,0,0,-196.70999999999995,0.3157894736842105,0,0.2631578947368421,0,0,0.05555555555555555,-0.93,0.0,1,0,0.05555555555555555,-2.35,0,0.1111111111111111,0,-2.08,0.05555555555555555,0",-0.700,52.6,1.7000,-36.5200,-14.0700,-14.0700,0.0,,0,none,19,guide
GGUGAGCUCCAACUCCAAG,GGUCCCUGUGACACUGAGACUUGGAGUUGGAGCUCACCGCCUCUGAAAGUUCUGAAG,0.4116331096196868,0,"-0.73,-3.26,-13.39,0,1,-198.44,0.15789473684210525,0,0.2631578947368421,1,0,0.05555555555555555,-2.24,0.0,0,0,0.1111111111111111,-2.08,0,0.05555555555555555,0,-2.08,0.0,0",-1.200,57.9,-1.1800,-37.8500,-14.2800,-14.2800,0.0,,0,none,19,guide
UCCAACUCCAAGUCUCAGU,AACUUUGGGUCCCUGUGACACUGAGACUUGGAGUUGGAGCUCACCGCCUCUGAAAGU,0.6614466815809098,1,"-0.11,-2.35,-12.44,1,0,-186.57,0.2631578947368421,0,0.10526315789473684,0,0,0.0,-3.26,0.0,0,0,0.1111111111111111,-2.24,0,0.0,0,-2.35,0.0,0",0.000,47.4,-0.1100,-34.5100,-12.9700,-12.9700,0.0,,0,none,19,guide
AAGUCUCAGUGUCACAGGG,AGCUCCCUGAACUUUGGGUCCCUGUGACACUGAGACUUGGAGUUGGAGCUCACCGCC,0.4914243102162565,0,"2.33,-0.93,-6.82,0,0,-192.87,0.21052631578947367,0,0.3157894736842105,0,0,0.1111111111111111,-2.08,0.0,0,0,0.0,-3.26,0,0.0,0,-2.11,0.0,0",0.000,52.6,2.7800,-36.0800,-13.2100,-13.2100,0.0,,0,none,19,guide
GUCUCAGUGUCACAGGGAC,AUAGCUCCCUGAACUUUGGGUCCCUGUGACACUGAGACUUGGAGUUGGAGCUCACCG,0.3206562266964951,0,"0.0,-2.24,-11.4,0,1,-203.13,0.21052631578947367,0,0.3157894736842105,0,0,0.1111111111111111,-2.35,0.0,1,0,0.0,-2.24,0,0.0,0,-2.11,0.0,0",-3.600,57.9,0.0000,-38.2100,-13.2100,-13.2100,0.0,,0,none,19,guide
AGUGUCACAGGGACCCAAA,ACCUGAUAGCUCCCUGAACUUUGGGUCCCUGUGACACUGAGACUUGGAGUUGGAGCU,0.3788217747949292,0,"-0.7,-2.08,-10.48,0,0,-189.35,0.10526315789473684,0,0.2631578947368421,0,0,0.1111111111111111,-2.24,0.0,0,0,0.1111111111111111,-0.93,0,0.0,0,-2.24,0.0,1",-1.200,52.6,-1.1500,-36.5200,-13.2900,-13.2900,0.0,,0,none,19,guide
GUCACAGGGACCCAAAGUU,GUGACCUGAUAGCUCCCUGAACUUUGGGUCCCUGUGACACUGAGACUUGGAGUUGGA,0.1998508575689783,0,"-1.76,-2.24,-11.4,0,1,-189.45,0.15789473684210525,0,0.2631578947368421,0,0,0.1111111111111111,-2.35,0.0,1,0,0.1111111111111111,-0.93,0,0.0,0,-2.11,0.05555555555555555,0",-1.100,52.6,-1.7600,-36.0400,-14.1500,-14.1500,0.0,,0,none,19,guide
GCACCUCAAAUUCAGGAAC,UCAUUCCUGGCUUUGGUGUGUUCCUGAAUUUGAGGUGCUUUGCUCUUUCUUGGGUGA,0.1722595078299776,0,"-0.73,-3.42,-14.88,0,1,-187.11,0.15789473684210525,0,0.15789473684210525,0,1,0.05555555555555555,-2.11,0.0,0,0,0.05555555555555555,-2.24,0,0.05555555555555555,0,-2.11,0.05555555555555555,0",-0.600,47.4,-1.1800,-32.9900,-14.1500,-14.1500,0.0,,0,none,19,guide
CUCAAAUUCAGGAACACAC,ACGUUCAUUCCUGGCUUUGGUGUGUUCCUGAAUUUGAGGUGCUUUGCUCUUUCUUGG,0.2438478747203579,0,"0.16,-2.08,-10.48,0,0,-180.68,0.15789473684210525,0,0.10526315789473684,0,0,0.05555555555555555,-2.35,0.0,1,1,0.0,-2.24,0,0.0,0,-0.93,0.05555555555555555,0",0.000,42.1,0.1600,-31.0600,-8.3500,-8.3500,0.0,,0,none,19,guide
CCAGGAAUGAACGUUAUUC,AUUGUAAGCCUGUGCCAGUGAAUAACGUUCAUUCCUGGCUUUGGUGUGUUCCUGAAU,0.4981357196122297,0,"-0.46,-3.26,-13.39,0,0,-179.01999999999995,0.2631578947368421,0,0.21052631578947367,0,0,0.05555555555555555,-2.11,0.05555555555555555,0,1,0.05555555555555555,-2.35,1,0.0,0,-2.24,0.1111111111111111,0",-0.800,42.1,-0.9100,-30.1700,-11.8300,-11.8300,0.0,,0,none,19,guide
AUGUGAGCGCAUUUUCCAA,UGGGGAAAAUAACUUUGAUUUGGAAAAUGCGCUCACAUACGGGAAUUAAGGCCUAGA,0.2885906040268456,0,"-0.17,-1.1,-9.38,0,0,-177.29999999999995,0.3157894736842105,0,0.21052631578947367,0,0,0.0,-2.11,0.0,1,0,0.05555555555555555,-0.93,0,0.1111111111111111,0,-0.93,0.16666666666666666,1",0.000,42.1,-0.1700,-31.2000,-14.3100,-14.3100,0.0,,0,none,19,guide
UGUGAGCGCAUUUUCCAAA,UUGGGGAAAAUAACUUUGAUUUGGAAAAUGCGCUCACAUACGGGAAUUAAGGCCUAG,0.354958985831469,0,"-0.73,-2.11,-10.44,1,0,-174.73999999999995,0.3157894736842105,0,0.21052631578947367,0,0,0.0,-2.24,0.0,0,0,0.05555555555555555,-0.93,0,0.1111111111111111,0,-0.93,0.16666666666666666,1",0.000,42.1,-1.1800,-31.0300,-14.5600,-14.5600,0.0,,0,none,19,guide
CAUUUUCCAAAUCAAAGUU,UUGUUUGXUUGGGGAAAAUAACUUUGAUUUGGAAAAUGCGCUCACAUACGGGAAUUA,0.3750932140193885,0,"-1.63,-2.11,-10.44,0,0,-157.45999999999995,0.3684210526315789,0,0.05263157894736842,0,0,0.0,-1.1,0.0,0,1,0.05555555555555555,-0.93,0,0.0,0,-2.11,0.2222222222222222,0",0.000,26.3,-1.6300,-23.9600,-9.5000,-9.5000,0.0,,0,none,19,guide
UUCCAAAUCAAAGUUAUUU,UUUUUUGUUUGXUUGGGGAAAAUAACUUUGAUUUGGAAAAUGCGCUCACAUACGGGA,0.5234899328859061,1,"0.0,-0.93,-6.82,1,0,-150.98999999999995,0.42105263157894735,1,0.05263157894736842,0,0,0.0,-2.35,0.05555555555555555,1,0,0.05555555555555555,-0.93,0,0.0,0,-2.24,0.2222222222222222,0",0.000,21.1,0.0000,-22.9800,-10.6800,-10.6800,0.0,,0,none,19,guide
UCCAAAUCAAAGUUAUUUU,UUUUUUUGUUUGXUUGGGGAAAAUAACUUUGAUUUGGAAAAUGCGCUCACAUACGGG,0.5212527964205816,0,"-0.97,-2.35,-12.44,1,0,-150.98999999999995,0.42105263157894735,0,0.05263157894736842,0,0,0.0,-3.26,0.05555555555555555,0,0,0.05555555555555555,-0.93,0,0.0,0,-0.93,0.2222222222222222,0",0.000,21.1,-1.4200,-22.9800,-10.6800,-10.6800,0.0,,0,none,19,guide
AAACUCAUAUCGAGGUCGU,CUGCUAUGGUCUGCGGXUGACGACCUCGAUAUGAGUUUUUGAUUAUUCAGUGGUUCC,0.5219985085756897,1,"0.86,-0.93,-6.82,0,0,-179.07000000000005,0.2631578947368421,0,0.21052631578947367,0,0,0.05555555555555555,-0.93,0.05555555555555555,0,0,0.0,-2.24,0,0.0,0,-2.08,0.0,0",-1.900,42.1,1.3100,-31.1200,-10.8100,-10.8100,0.0,,0,none,19,guide
AGACCAUAGCAGAAACGUA,ACUCUGUUCUCACUGACACUACGUUUCUGCUAUGGUCUGCGGXUGACGACCUCGAUA,0.4675615212527964,0,"-0.3,-2.08,-10.48,0,0,-177.66,0.10526315789473684,0,0.21052631578947367,0,0,0.0,-2.35,0.1111111111111111,0,0,0.05555555555555555,-1.33,0,0.05555555555555555,0,-0.93,0.0,1",0.000,42.1,-0.7500,-31.9000,-12.3900,-12.3900,0.0,,0,none,19,guide
GAAGACAGAGGGGAAAAGA,UUCUUUCUUUAUUUUUUUUUCUUUUCCCCUCUGUCUUCACUCUGUUCUCACUGACAC,0.2632363907531693,0,"-0.9,-2.35,-12.44,0,1,-186.08,0.0,0,0.42105263157894735,0,0,0.16666666666666666,-0.93,0.0,0,0,0.0,-2.35,0,0.0,0,-2.35,0.0,1",0.000,47.4,-0.4500,-33.8300,-11.7900,-11.7900,0.0,,0,none,19,guide
GAAAACAAAGGCUCUCUGG,CACCCUGGAGAAGCUGAAACCAGAGAGCCUUUGUUUUCCUUUUUUCUUUCUUUAUUU,0.668158090976883,1,"0.46,-2.35,-12.44,0,1,-183.67,0.15789473684210525,0,0.2631578947368421,0,0,0.1111111111111111,-0.93,0.0,0,0,0.0,-3.26,0,0.05555555555555555,0,-2.35,0.0,0",0.000,47.4,0.9100,-32.8300,-8.0700,-8.0700,0.0,,0,none,19,guide
AAGGCUCUCUGGUUUCAGC,GACAUGACACCCUGGAGAAGCUGAAACCAGAGAGCCUUUGUUUUCCUUUUUUCUUUC,0.7606263982102909,1,"2.49,-0.93,-6.82,0,0,-191.67,0.3157894736842105,0,0.2631578947368421,0,0,0.1111111111111111,-2.08,0.0,0,0,0.0,-3.42,0,0.1111111111111111,0,-0.93,0.1111111111111111,0",-0.600,52.6,2.9400,-35.9700,-15.2700,-15.2700,0.0,,0,none,19,guide
UUUCAGCUUCUCCAGGGUG,UGGCGAUUGGCUGACAUGACACCCUGGAGAAGCUGAAACCAGAGAGCCUUUGUUUUC,0.4973900074571216,0,"1.63,-0.93,-6.82,1,0,-190.14,0.3684210526315789,1,0.2631578947368421,0,0,0.1111111111111111,-0.93,0.0,1,0,0.05555555555555555,-2.11,0,0.05555555555555555,0,-2.11,0.16666666666666666,0",-0.800,52.6,1.6300,-35.8400,-12.9700,-12.9700,0.0,,0,none,19,guide
AGGGUGUCAUGUCAGCCAA,UCUGGUUGAGUGAUGGCGAUUGGCUGACAUGACACCCUGGAGAAGCUGAAACCAGAG,0.4876957494407159,0,"-0.7,-2.08,-10.48,0,0,-192.44,0.21052631578947367,0,0.3157894736842105,0,0,0.1111111111111111,-3.26,0.0,0,0,0.05555555555555555,-0.93,0,0.05555555555555555,0,-2.11,0.0,1",-4.500,52.6,-1.1500,-36.8700,-15.4600,-15.4600,0.0,,0,none,19,guide
UCGCCAUCACUCAACCAGA,CGGUUUCCAGCCAAUGGAUUCUGGUUGAGUGAUGGCGAUUGGCUGACAUGACACCCU,0.5645041014168531,1,"0.0,-2.35,-12.44,1,0,-192.73,0.15789473684210525,0,0.10526315789473684,0,0,0.0,-2.36,0.0,0,0,0.1111111111111111,-2.35,0,0.05555555555555555,0,-0.93,0.0,1",0.000,52.6,0.0000,-36.0200,-14.6000,-14.6000,0.0,,0,none,19,guide
UGGAAACCGCGGACGGCUC,GAGAAGAGCGAGUCUUCGUGAGCCGUCCGCGGUUUCCAGCCAAUGGAUUCUGGUUGA,0.5227442207307978,1,"1.14,-2.11,-10.44,1,0,-202.59,0.10526315789473684,0,0.3684210526315789,0,0,0.16666666666666666,-3.26,0.0,0,0,0.05555555555555555,-2.35,0,0.1111111111111111,0,-2.24,0.0,0",-2.300,68.4,0.6900,-40.4000,-12.9700,-12.9700,0.0,,0,none,19,guide
GAAACCGCGGACGGCUCAC,UAGAGAAGAGCGAGUCUUCGUGAGCCGUCCGCGGUUUCCAGCCAAUGGAUUCUGGUU,0.5384041759880686,1,"-0.11,-2.35,-12.44,0,1,-204.32,0.05263157894736842,0,0.3157894736842105,0,0,0.1111111111111111,-0.93,0.0,0,0,0.05555555555555555,-2.24,0,0.1111111111111111,0,-3.26,0.0,0",-2.300,68.4,-0.1100,-39.7300,-13.1400,-13.1400,0.0,,0,none,19,guide
CGCGGACGGCUCACGAAGA,GCGGAUAGAGAAGAGCGAGUCUUCGUGAGCCGUCCGCGGUUUCCAGCCAAUGGAUUC,0.2639821029082774,0,"-0.46,-2.36,-10.64,0,0,-202.55,0.05263157894736842,0,0.3684210526315789,0,0,0.1111111111111111,-3.42,0.0,0,1,0.0,-2.35,0,0.1111111111111111,1,-2.24,0.0,1",-1.500,68.4,-0.4600,-39.9400,-15.9900,-15.9900,0.0,,0,none,19,guide
AUCCGCCGCACGAGCUGCA,AAGAUGGCCGAGAUGCUGGUGCAGCUCGUGCGGCGGAUAGAGAAGAGCGAGUCUUCG,0.2513049962714392,0,"0.56,-1.1,-9.38,0,0,-205.11,0.10526315789473684,0,0.2631578947368421,0,0,0.0,-2.35,0.0,1,0,0.1111111111111111,-2.11,0,0.2222222222222222,0,-2.08,0.0,1",-3.700,68.4,1.0100,-41.3200,-17.0100,-17.0100,0.0,,0,none,19,guide
CGAGCUGCACCAGCAUCUC,GGAGAUGGCGAAGAUGGCCGAGAUGCUGGUGCAGCUCGUGCGGCGGAUAGAGAAGAG,0.2401193139448173,0,"0.44,-2.36,-10.64,0,0,-206.84,0.15789473684210525,0,0.21052631578947367,0,0,0.0,-2.35,0.0,0,1,0.05555555555555555,-2.35,0,0.16666666666666666,1,-3.42,0.0,0",-5.000,63.2,-0.0100,-39.2400,-15.4600,-15.4600,0.0,,0,none,19,guide
CCAGCAUCUCGGCCAUCUU,GAAGGCGCAGGAGAUGGCGAAGAUGGCCGAGAUGCUGGUGCAGCUCGUGCGGCGGAU,0.2468307233407904,0,"-2.33,-3.26,-13.39,0,0,-198.9,0.2631578947368421,0,0.15789473684210525,0,0,0.05555555555555555,-2.11,0.0,0,1,0.1111111111111111,-0.93,1,0.1111111111111111,0,-3.26,0.05555555555555555,0",-0.400,57.9,-2.7800,-37.5900,-13.1700,-13.1700,0.0,,0,none,19,guide
GGCCAUCUUCGCCAUCUCC,AGGCCGACGAGAAGGCGCAGGAGAUGGCGAAGAUGGCCGAGAUGCUGGUGCAGCUCG,0.5398956002982849,1,"0.0,-3.26,-13.39,0,1,-207.53,0.2631578947368421,0,0.15789473684210525,1,0,0.05555555555555555,-3.42,0.0,0,0,0.16666666666666666,-3.26,0,0.1111111111111111,0,-2.11,0.05555555555555555,0",-3.500,63.2,0.0000,-39.7600,-14.3200,-14.3200,0.0,,0,none,19,guide
CCAUCUUCGCCAUCUCCUG,GAAGGCCGACGAGAAGGCGCAGGAGAUGGCGAAGAUGGCCGAGAUGCUGGUGCAGCU,0.610738255033557,1,"-0.7,-3.26,-13.39,0,0,-200.18,0.3157894736842105,0,0.10526315789473684,0,0,0.0,-2.11,0.0,0,1,0.16666666666666666,-2.11,1,0.05555555555555555,0,-2.35,0.05555555555555555,0",0.000,57.9,-1.1500,-37.0700,-10.9200,-10.9200,0.0,,0,none,19,guide
CGCCCUGCAGGUGGUUGAG,GGCCUCUGAGGAGAGCGCUCUCAACCACCUGCAGGGCGCGGGCGGCGCCGAGCCCCG,0.3221476510067114,0,"0.17,-2.36,-10.64,0,0,-205.61,0.21052631578947367,0,0.42105263157894735,0,0,0.1111111111111111,-3.42,0.0,0,1,0.1111111111111111,-2.08,0,0.1111111111111111,1,-3.26,0.05555555555555555,0",-3.800,68.4,-0.2800,-40.8900,-17.5500,-17.5500,0.0,,0,none,19,guide
GAGAGCGCUCUCCUCAGAG,UCAAGACGCAGGUAGAGGCCUCUGAGGAGAGCGCUCUCAACCACCUGCAGGGCGCGG,0.3639075316927666,0,"-0.27,-2.35,-12.44,0,1,-208.62,0.15789473684210525,0,0.3157894736842105,0,0,0.0,-2.08,0.0,0,0,0.05555555555555555,-2.08,0,0.1111111111111111,0,-2.08,0.0,0",-2.600,63.2,-0.2700,-39.6400,-15.7100,-15.7100,0.0,,0,none,19,guide
GCUCUCCUCAGAGGCCUCU,UCCAGAUCAAGACGCAGGUAGAGGCCUCUGAGGAGAGCGCUCUCAACCACCUGCAGG,0.5167785234899328,0,"-1.79,-3.42,-14.88,0,1,-208.6,0.2631578947368421,0,0.21052631578947367,0,1,0.05555555555555555,-2.08,0.0,0,0,0.1111111111111111,-2.08,0,0.1111111111111111,0,-3.26,0.0,0",-3.600,63.2,-1.7900,-40.9500,-14.2000,-14.2000,0.0,,0,none,19,guide
ACCUGCGUCUUGAUCUGGA,GAGAUGGACAAUAUGCUGAUCCAGAUCAAGACGCAGGUAGAGGCCUCUGAGGAGAGC,0.4071588366890381,0,"0.11,-2.24,-11.4,0,0,-192.77,0.3157894736842105,0,0.2631578947368421,0,0,0.05555555555555555,-3.26,0.0,0,0,0.05555555555555555,-2.35,0,0.05555555555555555,0,-1.1,0.05555555555555555,1",0.000,52.6,0.1100,-36.2900,-15.4700,-15.4700,0.0,,0,none,19,guide
CAUAUUGUCCAUCUCCCAC,UGCGCAACCGGGGCAAGCUGUGGGAGAUGGACAAUAUGCUGAUCCAGAUCAAGACGC,0.5943325876211782,1,"0.13,-2.11,-10.44,0,0,-191.57,0.3157894736842105,0,0.05263157894736842,0,0,0.0,-1.1,0.05555555555555555,0,1,0.16666666666666666,-2.24,0,0.0,0,-2.08,0.05555555555555555,0",0.000,47.4,0.1300,-33.6000,-8.8100,-8.8100,0.0,,0,none,19,guide
UCUCCCACAGCUUGCCCCG,ACGCGCGCCCGUGCGCAACCGGGGCAAGCUGUGGGAGAUGGACAAUAUGCUGAUCCA,0.5190156599552572,0,"0.46,-2.35,-12.44,1,0,-205.87999999999997,0.21052631578947367,0,0.15789473684210525,0,0,0.0,-2.08,0.0,0,0,0.2777777777777778,-2.36,0,0.1111111111111111,0,-2.11,0.05555555555555555,0",0.000,68.4,0.4600,-41.6500,-15.3000,-15.3000,0.0,,0,none,19,guide
CUCCCACAGCUUGCCCCGG,GACGCGCGCCCGUGCGCAACCGGGGCAAGCUGUGGGAGAUGGACAAUAUGCUGAUCC,0.3348247576435496,0,"0.73,-2.08,-10.48,0,0,-210.54999999999995,0.15789473684210525,0,0.21052631578947367,0,0,0.05555555555555555,-2.35,0.0,1,1,0.2777777777777778,-3.26,0,0.1111111111111111,0,-3.42,0.05555555555555555,0",0.000,73.7,1.1800,-43.4600,-15.3300,-15.3300,0.0,,0,none,19,guide
GCGCACGGGCGCGCGUCCG,CGUCGCUGACGCGCGAGCGCGGACGCGCGCCCGUGCGCAACCGGGGCAAGCUGUGGG,0.1469052945563012,0,"-1.06,-3.42,-14.88,0,1,-220.48,0.05263157894736842,0,0.4736842105263158,0,1,0.1111111111111111,-2.36,0.0,0,0,0.05555555555555555,-2.36,0,0.2777777777777778,0,-3.42,0.0,0",-7.000,89.5,-1.0600,-46.5900,-15.7500,-15.7500,0.0,,0,none,19,guide
CGCGCUCGCGCGUCAGCGA,GAUGCGCGAGGACAUCGCGUCGCUGACGCGCGAGCGCGGACGCGCGCCCGUGCGCAA,0.1043997017151379,0,"-0.46,-2.36,-10.64,0,0,-211.03,0.10526315789473684,0,0.3684210526315789,0,0,0.0,-3.42,0.0,0,1,0.0,-2.35,0,0.2777777777777778,1,-2.35,0.0,1",-4.700,78.9,-0.4600,-42.8800,-15.9900,-15.9900,0.0,,0,none,19,guide
UCUCGUGGAUGACGGGCAG,GGACUUCGAGCAGUUUCUGCUGCCCGUCAUCCACGAGAUGCGCGAGGACAUCGCGUC,0.5279642058165548,1,"0.63,-2.35,-12.44,1,0,-203.21999999999997,0.21052631578947367,0,0.42105263157894735,0,0,0.16666666666666666,-2.08,0.0,0,0,0.0,-2.08,0,0.05555555555555555,0,-2.36,0.0,0",-4.500,63.2,0.1800,-39.3000,-14.4000,-14.4000,0.0,,0,none,19,guide
AUGACGGGCAGCAGAAACU,CCGGAGGAGGACUUCGAGCAGUUUCUGCUGCCCGUCAUCCACGAGAUGCGCGAGGAC,0.4936614466815809,0,"0.53,-1.1,-9.38,0,0,-189.59,0.10526315789473684,0,0.3157894736842105,0,0,0.1111111111111111,-2.11,0.0,1,0,0.0,-2.08,0,0.1111111111111111,0,-2.08,0.0,0",0.000,52.6,0.9800,-35.6400,-15.5800,-15.5800,0.0,,0,none,19,guide
AGCAGAAACUGCUCGAAGU,GUGCUGGAGCCGGAGGAGGACUUCGAGCAGUUUCUGCUGCCCGUCAUCCACGAGAUG,0.3832960477255779,0,"0.16,-2.08,-10.48,0,0,-183.21,0.15789473684210525,0,0.2631578947368421,0,0,0.0,-3.42,0.0,0,0,0.0,-2.24,0,0.1111111111111111,0,-2.35,0.0,0",-3.900,47.4,0.1600,-33.6500,-11.8200,-11.8200,0.0,,0,none,19,guide
AGCACCUCCACCUCCUCGG,GCAGUGGAGCUGGCGGAGCCCGAGGAGGUGGAGGUGCUGGAGCCGGAGGAGGACUUC,0.4392244593586875,0,"1.63,-2.08,-10.48,0,0,-208.06,0.15789473684210525,0,0.15789473684210525,0,0,0.05555555555555555,-3.42,0.0,0,0,0.2222222222222222,-3.26,0,0.05555555555555555,0,-2.35,0.0,0",0.000,68.4,1.6300,-42.0100,-15.4600,-15.4600,0.0,,0,none,19,guide
GCCGCAUCUCCGCUGCUUU,GAGUGUCGUGCAGACAAGCAAAGCAGCGGAGAUGCGGCCCCUGGACGCAGUGGAGCU,0.2654735272184936,0,"-2.49,-3.42,-14.88,0,1,-200.47,0.3157894736842105,0,0.21052631578947367,0,1,0.0,-3.26,0.0,0,0,0.1111111111111111,-0.93,0,0.2222222222222222,0,-2.08,0.1111111111111111,0",-3.600,63.2,-2.9400,-38.7500,-14.6000,-14.6000,0.0,,0,none,19,guide
CGCAUCUCCGCUGCUUUGC,CUGAGUGUCGUGCAGACAAGCAAAGCAGCGGAGAUGCGGCCCCUGGACGCAGUGGAG,0.55779269202088,1,"1.06,-2.36,-10.64,0,0,-201.24,0.3157894736842105,0,0.21052631578947367,0,0,0.0,-3.42,0.0,0,1,0.05555555555555555,-3.42,0,0.2222222222222222,1,-3.42,0.1111111111111111,0",-1.200,63.2,1.0600,-38.5000,-13.4100,-13.4100,0.0,,0,none,19,guide
UCUCCGCUGCUUUGCUUGU,GUCACUGAGUGUCGUGCAGACAAGCAAAGCAGCGGAGAUGCGGCCCCUGGACGCAGU,0.4668158090976883,0,"-0.11,-2.35,-12.44,1,0,-187.6,0.4736842105263158,0,0.21052631578947367,0,0,0.0,-2.08,0.0,0,0,0.05555555555555555,-2.24,0,0.16666666666666666,0,-2.11,0.16666666666666666,0",-1.500,52.6,-0.1100,-35.6200,-15.5500,-15.5500,0.0,,0,none,19,guide
UAUUAACAUGUAAGAUUUU,CCCUUACCAUGUUGAAAACAAAAUCUUACAUGUUAAUAAAAGUAUCGUUUGXXXXXX,0.5704697986577182,1,"-0.4,-1.33,-7.69,1,0,-147.68,0.4736842105263158,0,0.10526315789473684,0,0,0.0,-1.1,0.16666666666666666,0,0,0.0,-0.93,0,0.0,0,-2.08,0.2222222222222222,0",0.000,15.8,-0.4000,-21.3600,-8.6400,-8.6400,0.0,,0,none,19,guide
UAAGGGUUUUGACCUCAAA,GUGGCAGACCUGAUAAGCAUUUGAGGUCAAAACCCUUACCAUGUUGAAAACAAAAUC,0.6159582401193139,1,"-0.4,-1.33,-7.69,1,0,-167.24999999999997,0.3157894736842105,0,0.21052631578947367,0,0,0.1111111111111111,-0.93,0.05555555555555555,0,0,0.05555555555555555,-0.93,0,0.0,0,-3.26,0.16666666666666666,1",-2.400,36.8,-0.4000,-29.6100,-12.7000,-12.7000,0.0,,0,none,19,guide
ACAUUUAUAGCUUGACUAC,GCGUCUUCAAGGUUCAUAUGUAGUCAAGCUAUAAAUGUGUGGCAGACCUGAUAAGCA,0.6584638329604773,1,"0.9,-2.24,-11.4,0,0,-168.79999999999995,0.3684210526315789,0,0.10526315789473684,0,0,0.0,-2.11,0.16666666666666666,0,0,0.0,-2.24,0,0.05555555555555555,0,-2.11,0.16666666666666666,0",0.000,31.6,0.4500,-27.7900,-7.5000,-7.5000,0.0,,0,none,19,guide
UAUAGCUUGACUACAUAUG,AAGAGGCGUCUUCAAGGUUCAUAUGUAGUCAAGCUAUAAAUGUGUGGCAGACCUGAU,0.7554064131245338,1,"1.23,-1.33,-7.69,1,0,-171.27,0.3684210526315789,0,0.15789473684210525,0,0,0.0,-1.1,0.2222222222222222,0,0,0.0,-2.11,0,0.05555555555555555,0,-2.24,0.05555555555555555,0",0.000,31.6,1.2300,-28.2300,-10.9400,-10.9400,0.0,,0,none,19,guide
UUGACUACAUAUGAACCUU,UCAAGGAAGAGGCGUCUUCAAGGUUCAUAUGUAGUCAAGCUAUAAAUGUGUGGCAGA,0.6368381804623415,1,"0.0,-0.93,-6.82,1,0,-168.29999999999995,0.3684210526315789,1,0.10526315789473684,0,0,0.0,-2.11,0.1111111111111111,1,0,0.05555555555555555,-0.93,0,0.0,0,-2.35,0.1111111111111111,0",0.000,31.6,0.0000,-28.1800,-12.3500,-12.3500,0.0,,0,none,19,guide
GACGCCUCUUCCUUGAAGU,AACCUGCAAUGGACCCAAAACUUCAAGGAAGAGGCGUCUUCAAGGUUCAUAUGUAGU,0.6152125279642058,1,"-1.01,-2.35,-12.44,0,1,-190.35,0.3157894736842105,0,0.21052631578947367,0,0,0.0,-2.24,0.0,0,0,0.1111111111111111,-2.24,0,0.05555555555555555,0,-0.93,0.1111111111111111,0",-0.700,52.6,-0.5600,-35.2600,-15.7100,-15.7100,0.0,,0,none,19,guide
GUUUUGGGUCCAUUGCAGG,UGUGUACUGAGAAGGAAAACCUGCAAUGGACCCAAAACUUCAAGGAAGAGGCGUCUU,0.6428038777032066,1,"0.57,-2.24,-11.4,0,1,-188.97,0.3684210526315789,0,0.3684210526315789,0,0,0.16666666666666666,-0.93,0.0,1,0,0.05555555555555555,-3.26,0,0.05555555555555555,0,-0.93,0.2222222222222222,0",-0.500,52.6,1.0200,-35.0400,-11.4200,-11.4200,0.0,,0,none,19,guide
GGUAUUGCAAGGAUCUUUC,GAGAUCCUGGGCGUAAAAUGAAAGAUCCUUGCAAUACCCUUUGUGUACUGAGAAGGA,0.6159582401193139,1,"-0.46,-3.26,-13.39,0,1,-182.34,0.3684210526315789,0,0.2631578947368421,1,0,0.1111111111111111,-2.24,0.05555555555555555,0,0,0.0,-2.35,0,0.05555555555555555,0,-1.1,0.16666666666666666,0",0.000,42.1,-0.9100,-31.0700,-11.1300,-11.1300,0.0,,0,none,19,guide
AUAUGGGGAUACCAACUUG,GAGGUCUUGUUCGUCUGUACAAGUUGGUAUCCCCAUAUAUUUGAGGAGAUCCUGGGC,0.4660700969425801,0,"1.46,-1.1,-9.38,0,0,-180.43,0.2631578947368421,0,0.2631578947368421,0,0,0.16666666666666666,-1.33,0.1111111111111111,1,0,0.05555555555555555,-2.11,0,0.0,0,-2.11,0.05555555555555555,0",-2.500,42.1,1.4600,-32.1600,-14.3200,-14.3200,0.0,,0,none,19,guide
GAGUUAGGCUGUCCCAACA,AUAACCUGCCUGAUGAGUUUGUUGGGACAGCCUAACUCAUUUUUAAAUGAAACGGAA,0.6383296047725577,1,"-1.14,-2.35,-12.44,0,1,-190.89,0.21052631578947367,0,0.2631578947368421,0,0,0.05555555555555555,-2.08,0.05555555555555555,0,0,0.1111111111111111,-2.11,0,0.05555555555555555,0,-3.26,0.05555555555555555,1",-1.600,52.6,-0.6900,-36.2900,-11.9200,-11.9200,0.0,,0,none,19,guide
AUCAGGCAGGUUAUAAUAG,AUUUUAUGUGCUACACUAUCUAUUAUAACCUGCCUGAUGAGUUUGUUGGGACAGCCU,0.6562266964951529,1,"1.43,-1.1,-9.38,0,0,-175.33999999999997,0.2631578947368421,0,0.2631578947368421,0,0,0.1111111111111111,-2.35,0.16666666666666666,1,0,0.0,-2.08,0,0.05555555555555555,0,-1.1,0.05555555555555555,0",0.000,36.8,1.4300,-30.0000,-15.3300,-15.3300,0.0,,0,none,19,guide
GGCAGGUUAUAAUAGAUAG,UUAAAUUUUAUGUGCUACACUAUCUAUUAUAACCUGCCUGAUGAGUUUGUUGGGACA,0.674123788217748,1,"-0.73,-3.26,-13.39,0,1,-176.30999999999997,0.2631578947368421,0,0.3157894736842105,1,0,0.1111111111111111,-3.42,0.2222222222222222,0,0,0.0,-2.08,0,0.05555555555555555,0,-1.33,0.05555555555555555,0",0.000,36.8,-1.1800,-29.7700,-14.0400,-14.0400,0.0,,0,none,19,guide
CAUAGAAACAAUACAAUCC,ACCUGGGAGAAGGGUCGGAGGAUUGUAUUGUUUCUAUGGGGGGACUUUAAUUUCUGU,0.6957494407158837,1,"0.7,-2.11,-10.44,0,0,-170.06,0.15789473684210525,0,0.05263157894736842,0,0,0.0,-1.1,0.1111111111111111,0,1,0.05555555555555555,-3.26,0,0.0,0,-2.24,0.0,0",0.000,31.6,1.1500,-27.1400,-8.7200,-8.7200,0.0,,0,none,19,guide
UCCCAGGUCAUCAGUCCUA,UGGAUGGGCCUUACACGGCUAGGACUGAUGACCUGGGAGAAGGGUCGGAGGAUUGUA,0.5249813571961223,1,"-0.57,-2.35,-12.44,1,0,-194.9,0.2631578947368421,0,0.15789473684210525,0,0,0.05555555555555555,-3.26,0.05555555555555555,0,0,0.16666666666666666,-1.33,0,0.0,0,-2.08,0.0,1",-2.200,52.6,-1.0200,-37.2800,-16.2100,-16.2100,0.0,,0,none,19,guide
CCCAGGUCAUCAGUCCUAG,GUGGAUGGGCCUUACACGGCUAGGACUGAUGACCUGGGAGAAGGGUCGGAGGAUUGU,0.4705443698732289,0,"-0.73,-3.26,-13.39,0,0,-200.38,0.21052631578947367,0,0.21052631578947367,0,0,0.05555555555555555,-3.26,0.05555555555555555,0,1,0.16666666666666666,-2.08,1,0.0,0,-2.24,0.0,0",-2.200,57.9,-1.1800,-38.2600,-15.3000,-15.3000,0.0,,0,none,19,guide
CAUCAGUCCUAGCCGUGUA,UGGGACUGUGGAUGGGCCUUACACGGCUAGGACUGAUGACCUGGGAGAAGGGUCGGA,0.4608501118568233,0,"-1.23,-2.11,-10.44,0,0,-191.57,0.2631578947368421,0,0.21052631578947367,0,0,0.0,-1.1,0.1111111111111111,0,1,0.1111111111111111,-1.33,0,0.05555555555555555,0,-3.26,0.0,1",0.000,52.6,-1.2300,-35.9600,-12.2300,-12.2300,0.0,,0,none,19,guide
CACAGUCCCAGAUGAAGUC,AUGGCAGAAGAAGGGCCCAGACUUCAUCUGGGACUGUGGAUGGGCCUUACACGGCUA,0.6144668158090977,1,"0.24,-2.11,-10.44,0,0,-196.53,0.15789473684210525,0,0.21052631578947367,0,0,0.0,-2.24,0.0,0,1,0.1111111111111111,-2.35,0,0.0,0,-2.11,0.0,0",0.000,52.6,0.2400,-35.9600,-14.2800,-14.2800,0.0,,0,none,19,guide
UUCUUCUGCCAUUGCUGCA,AUUCUAGAAGAGGACUCCAUGCAGCAAUGGCAGAAGAAGGGCCCAGACUUCAUCUGG,0.5436241610738255,1,"0.73,-0.93,-6.82,1,0,-185.33999999999997,0.42105263157894735,1,0.15789473684210525,0,0,0.0,-2.35,0.0,1,0,0.05555555555555555,-2.11,0,0.16666666666666666,0,-2.11,0.16666666666666666,1",0.000,47.4,1.1800,-34.4100,-11.9000,-11.9000,0.0,,0,none,19,guide
CUUCUGCCAUUGCUGCAUG,UAAUUCUAGAAGAGGACUCCAUGCAGCAAUGGCAGAAGAAGGGCCCAGACUUCAUCU,0.5898583146905295,1,"0.03,-2.08,-10.48,0,0,-193.33999999999997,0.3684210526315789,0,0.21052631578947367,0,0,0.0,-0.93,0.0,1,1,0.05555555555555555,-2.11,0,0.16666666666666666,0,-2.08,0.1111111111111111,0",-0.600,52.6,0.0300,-35.2400,-14.1500,-14.1500,0.0,,0,none,19,guide
UGCAUGGAGUCCUCUUCUA,GAAGAAGCUGCGUUAAUUCUAGAAGAGGACUCCAUGCAGCAAUGGCAGAAGAAGGGC,0.5115585384041761,0,"-0.33,-2.11,-10.44,1,0,-188.9,0.3684210526315789,0,0.21052631578947367,0,0,0.05555555555555555,-3.42,0.05555555555555555,0,0,0.05555555555555555,-1.33,0,0.05555555555555555,0,-2.35,0.05555555555555555,1",-2.100,47.4,-0.7800,-34.9500,-14.3500,-14.3500,0.0,,0,none,19,guide
GAACUUUCAGAGGCGGUGA,UGAGACUUGGAGUUGGAGCUCACCGCCUCUGAAAGUUCUGAAGAAGCUGCGUUAAUU,0.3392990305741983,0,"-0.9,-2.35,-12.44,0,1,-190.31,0.21052631578947367,0,0.3684210526315789,0,0,0.1111111111111111,-0.93,0.0,0,0,0.0,-2.35,0,0.05555555555555555,0,-3.42,0.1111111111111111,1",0.000,52.6,-0.4500,-35.1400,-9.4600,-9.4600,0.0,,0,none,19,guide
GGCGGUGAGCUCCAACUCC,CCCUGUGACACUGAGACUUGGAGUUGGAGCUCACCGCCUCUGAAAGUUCUGAAGAAG,0.3728560775540641,0,"0.0,-3.26,-13.39,0,1,-209.61,0.15789473684210525,0,0.3157894736842105,1,0,0.1111111111111111,-3.42,0.0,0,0,0.1111111111111111,-3.26,0,0.1111111111111111,0,-2.11,0.0,0",-1.700,68.4,0.0000,-41.3700,-15.7400,-15.7400,0.0,,0,none,19,guide
CUCCAACUCCAAGUCUCAG,ACUUUGGGUCCCUGUGACACUGAGACUUGGAGUUGGAGCUCACCGCCUCUGAAAGUU,0.6077554064131245,1,"0.0,-2.08,-10.48,0,0,-193.09,0.21052631578947367,0,0.10526315789473684,0,0,0.0,-2.35,0.0,1,1,0.1111111111111111,-2.08,0,0.0,0,-2.24,0.0,0",0.000,52.6,0.0000,-35.4000,-12.9700,-12.9700,0.0,,0,none,19,guide
CCAACUCCAAGUCUCAGUG,GAACUUUGGGUCCCUGUGACACUGAGACUUGGAGUUGGAGCUCACCGCCUCUGAAAG,0.5786726323639075,1,"-0.7,-3.26,-13.39,0,0,-192.01,0.21052631578947367,0,0.15789473684210525,0,0,0.0,-2.11,0.0,0,1,0.1111111111111111,-2.11,1,0.0,0,-2.08,0.0,0",0.000,52.6,-1.1500,-35.5200,-12.9700,-12.9700,0.0,,0,none,19,guide
GGGACCCAAAGUUCAGGGA,UCUUGGGUGACCUGAUAGCUCCCUGAACUUUGGGUCCCUGUGACACUGAGACUUGGA,0.3974645786726324,0,"-1.36,-3.26,-13.39,0,1,-195.42999999999995,0.10526315789473684,0,0.3684210526315789,1,0,0.2222222222222222,-3.26,0.0,0,0,0.1111111111111111,-2.35,0,0.0,0,-2.35,0.05555555555555555,1",-3.700,57.9,-1.3600,-37.9700,-16.4800,-16.4800,0.0,,0,none,19,guide
GUUCAGGGAGCUAUCAGGU,CUUUGCUCUUUCUUGGGUGACCUGAUAGCUCCCUGAACUUUGGGUCCCUGUGACACU,0.5108128262490679,0,"-0.9,-2.24,-11.4,0,1,-194.53,0.2631578947368421,0,0.3684210526315789,0,0,0.16666666666666666,-0.93,0.05555555555555555,1,0,0.0,-2.24,0,0.05555555555555555,0,-1.1,0.05555555555555555,0",-1.300,52.6,-0.4500,-36.4900,-13.9900,-13.9900,0.0,,0,none,19,guide
GGGAGCUAUCAGGUCACCC,AGGUGCUUUGCUCUUUCUUGGGUGACCUGAUAGCUCCCUGAACUUUGGGUCCCUGUG,0.6495152870991797,1,"0.0,-3.26,-13.39,0,1,-207.73,0.15789473684210525,0,0.3157894736842105,1,0,0.16666666666666666,-3.26,0.05555555555555555,0,0,0.1111111111111111,-3.26,0,0.05555555555555555,0,-2.24,0.0,0",-3.600,63.2,0.0000,-40.3500,-14.5200,-14.5200,0.0,,0,none,19,guide
GCUAUCAGGUCACCCAAGA,UUUGAGGUGCUUUGCUCUUUCUUGGGUGACCUGAUAGCUCCCUGAACUUUGGGUCCC,0.3400447427293065,0,"-1.52,-3.42,-14.88,0,1,-194.49,0.15789473684210525,0,0.21052631578947367,0,1,0.05555555555555555,-2.08,0.05555555555555555,0,0,0.1111111111111111,-2.35,0,0.05555555555555555,0,-3.26,0.0,1",-0.200,52.6,-1.5200,-36.3700,-11.0500,-11.0500,0.0,,0,none,19,guide
AGGUCACCCAAGAAAGAGC,CCUGAAUUUGAGGUGCUUUGCUCUUUCUUGGGUGACCUGAUAGCUCCCUGAACUUUG,0.7143922445935869,1,"1.79,-2.08,-10.48,0,0,-191.1,0.05263157894736842,0,0.2631578947368421,0,0,0.05555555555555555,-3.26,0.0,0,0,0.1111111111111111,-3.42,0,0.05555555555555555,0,-0.93,0.0,0",-0.200,52.6,1.7900,-35.9200,-15.4600,-15.4600,0.0,,0,none,19,guide
GAACACACCAAAGCCAGGA,GCCAGUGAAUAACGUUCAUUCCUGGCUUUGGUGUGUUCCUGAAUUUGAGGUGCUUUG,0.4988814317673378,0,"-0.9,-2.35,-12.44,0,1,-189.98,0.0,0,0.21052631578947367,0,0,0.05555555555555555,-0.93,0.0,0,0,0.1111111111111111,-2.35,0,0.05555555555555555,0,-3.42,0.0,1",0.000,52.6,-0.4500,-35.7200,-11.8700,-11.8700,0.0,,0,none,19,guide
ACACCAAAGCCAGGAAUGA,CUGUGCCAGUGAAUAACGUUCAUUCCUGGCUUUGGUGUGUUCCUGAAUUUGAGGUGC,0.3922445935868754,0,"0.11,-2.24,-11.4,0,0,-184.24,0.05263157894736842,0,0.21052631578947367,0,0,0.05555555555555555,-2.11,0.0,0,0,0.1111111111111111,-2.35,0,0.05555555555555555,0,-3.26,0.0,1",0.000,47.4,0.1100,-34.2300,-11.5800,-11.5800,0.0,,0,none,19,guide
GUAUGUGAGCGCAUUUUCC,GGGAAAAUAACUUUGAUUUGGAAAAUGCGCUCACAUACGGGAAUUAAGGCCUAGAUU,0.6465324384787472,1,"0.57,-2.24,-11.4,0,1,-186.57,0.3684210526315789,0,0.2631578947368421,0,0,0.0,-1.33,0.05555555555555555,1,0,0.05555555555555555,-3.26,0,0.1111111111111111,0,-1.1,0.16666666666666666,0",-0.400,47.4,1.0200,-32.7800,-11.2400,-11.2400,0.0,,0,none,19,guide
AGCGCAUUUUCCAAAUCAA,UUGXUUGGGGAAAAUAACUUUGAUUUGGAAAAUGCGCUCACAUACGGGAAUUAAGGC,0.5078299776286354,0,"-0.7,-2.08,-10.48,0,0,-169.09999999999997,0.2631578947368421,0,0.10526315789473684,0,0,0.0,-3.42,0.0,0,0,0.05555555555555555,-0.93,0,0.1111111111111111,0,-0.93,0.16666666666666666,1",0.000,36.8,-1.1500,-28.5600,-13.3400,-13.3400,0.0,,0,none,19,guide
CCAUAGCAGAAACGUAGUG,UUCACUCUGUUCUCACUGACACUACGUUUCUGCUAUGGUCUGCGGXUGACGACCUCG,0.4325130499627144,0,"-0.7,-3.26,-13.39,0,0,-183.1,0.15789473684210525,0,0.2631578947368421,0,0,0.0,-2.11,0.1111111111111111,0,1,0.05555555555555555,-2.11,1,0.05555555555555555,0,-2.36,0.0,0",-0.500,47.4,-1.1500,-32.7100,-12.1500,-12.1500,0.0,,0,none,19,guide
AGCAGAAACGUAGUGUCAG,UGUCUUCACUCUGUUCUCACUGACACUACGUUUCUGCUAUGGUCUGCGGXUGACGAC,0.7404921700223713,1,"0.9,-2.08,-10.48,0,0,-183.24,0.15789473684210525,0,0.3157894736842105,0,0,0.0,-3.42,0.05555555555555555,0,0,0.0,-2.08,0,0.05555555555555555,0,-2.24,0.0,0",0.000,47.4,0.4500,-33.3400,-11.8200,-11.8200,0.0,,0,none,19,guide
AACGUAGUGUCAGUGAGAA,CCCCUCUGUCUUCACUCUGUUCUCACUGACACUACGUUUCUGCUAUGGUCUGCGGXU,0.5384041759880686,1,"0.0,-0.93,-6.82,0,0,-178.0,0.21052631578947367,0,0.3157894736842105,0,0,0.0,-2.24,0.05555555555555555,0,0,0.0,-0.93,0,0.0,0,-2.24,0.0,1",0.000,42.1,0.0000,-31.7300,-12.4900,-12.4900,0.0,,0,none,19,guide
CGUAGUGUCAGUGAGAACA,UUCCCCUCUGUCUUCACUCUGUUCUCACUGACACUACGUUUCUGCUAUGGUCUGCGG,0.5137956748695003,0,"-0.7,-2.36,-10.64,0,0,-185.34,0.21052631578947367,0,0.3157894736842105,0,0,0.0,-2.24,0.05555555555555555,0,1,0.0,-2.11,0,0.0,1,-2.35,0.0,1",0.000,47.4,-0.7000,-33.2600,-12.2400,-12.2400,0.0,,0,none,19,guide
CAGAGUGAAGACAGAGGGG,CUUUAUUUUUUUUUCUUUUCCCCUCUGUCUUCACUCUGUUCUCACUGACACUACGUU,0.6524981357196122,1,"0.7,-2.11,-10.44,0,0,-199.66,0.05263157894736842,0,0.4736842105263158,0,0,0.16666666666666666,-2.08,0.0,0,1,0.0,-3.26,0,0.0,0,-2.08,0.0,0",0.000,57.9,1.1500,-37.5300,-13.2100,-13.2100,0.0,,0,none,19,guide
AAGGAAAACAAAGGCUCUC,CCUGGAGAAGCUGAAACCAGAGAGCCUUUGUUUUCCUUUUUUCUUUCUUUAUUUUUU,0.7934377330350485,1,"1.87,-0.93,-6.82,0,0,-176.32999999999996,0.10526315789473684,0,0.21052631578947367,0,0,0.1111111111111111,-2.08,0.0,0,0,0.0,-2.35,0,0.05555555555555555,0,-3.26,0.0,0",0.000,42.1,1.8700,-31.1500,-10.4800,-10.4800,0.0,,0,none,19,guide
ACAAAGGCUCUCUGGUUUC,AUGACACCCUGGAGAAGCUGAAACCAGAGAGCCUUUGUUUUCCUUUUUUCUUUCUUU,0.6413124533929903,1,"1.01,-2.24,-11.4,0,0,-184.53,0.3157894736842105,0,0.21052631578947367,0,0,0.1111111111111111,-2.11,0.0,0,0,0.0,-2.35,0,0.05555555555555555,0,-2.11,0.1111111111111111,0",-0.300,47.4,0.5600,-33.4400,-12.7300,-12.7300,0.0,,0,none,19,guide
UCAGCCAAUCGCCAUCACU,AGCCAAUGGAUUCUGGUUGAGUGAUGGCGAUUGGCUGACAUGACACCCUGGAGAAGC,0.6398210290827739,1,"-0.27,-2.35,-12.44,1,0,-193.15,0.21052631578947367,0,0.10526315789473684,0,0,0.0,-2.11,0.0,0,0,0.1111111111111111,-2.08,0,0.1111111111111111,0,-2.11,0.0,0",0.000,52.6,-0.2700,-36.1000,-13.9100,-13.9100,0.0,,0,none,19,guide
UUCUCUAUCCGCCGCACGA,GCCGAGAUGCUGGUGCAGCUCGUGCGGCGGAUAGAGAAGAGCGAGUCUUCGUGAGCC,0.6502609992542878,1,"0.97,-0.93,-6.82,1,0,-193.86,0.2631578947368421,1,0.15789473684210525,0,0,0.0,-2.35,0.05555555555555555,1,0,0.1111111111111111,-2.35,0,0.1111111111111111,0,-2.36,0.05555555555555555,1",0.000,57.9,1.4200,-37.0700,-11.2900,-11.2900,0.0,,0,none,19,guide
UCUAUCCGCCGCACGAGCU,AUGGCCGAGAUGCUGGUGCAGCUCGUGCGGCGGAUAGAGAAGAGCGAGUCUUCGUGA,0.5943325876211782,1,"-0.27,-2.35,-12.44,1,0,-199.96,0.21052631578947367,0,0.21052631578947367,0,0,0.0,-2.08,0.05555555555555555,0,0,0.1111111111111111,-2.08,0,0.16666666666666666,0,-2.24,0.0,0",-0.700,63.2,-0.2700,-39.2900,-12.4800,-12.4800,0.0,,0,none,19,guide
CCGCCGCACGAGCUGCACC,CGAAGAUGGCCGAGAUGCUGGUGCAGCUCGUGCGGCGGAUAGAGAAGAGCGAGUCUU,0.6592095451155854,1,"0.0,-3.26,-13.39,0,0,-215.52,0.05263157894736842,0,0.2631578947368421,0,0,0.0,-2.36,0.0,0,1,0.16666666666666666,-3.26,1,0.2222222222222222,0,-2.08,0.0,0",-3.700,78.9,0.0000,-44.2700,-16.9300,-16.9300,0.0,,0,none,19,guide
UCUCGGCCAUCUUCGCCAU,CGACGAGAAGGCGCAGGAGAUGGCGAAGAUGGCCGAGAUGCUGGUGCAGCUCGUGCG,0.586875466070097,1,"-0.8,-2.35,-12.44,1,0,-197.34,0.3157894736842105,0,0.15789473684210525,0,0,0.05555555555555555,-2.08,0.0,0,0,0.1111111111111111,-1.1,0,0.1111111111111111,0,-2.35,0.05555555555555555,0",-3.300,57.9,-1.2500,-37.6100,-16.7300,-16.7300,0.0,,0,none,19,guide
GCGCCUUCUCGUCGGCCUU,CCGCGGCCCCAGGGCGGAGAAGGCCGACGAGAAGGCGCAGGAGAUGGCGAAGAUGGC,0.4705443698732289,0,"-2.49,-3.42,-14.88,0,1,-203.2,0.3157894736842105,0,0.2631578947368421,0,1,0.05555555555555555,-2.36,0.0,0,0,0.1111111111111111,-0.93,0,0.16666666666666666,0,-2.36,0.1111111111111111,0",-3.700,68.4,-2.9400,-40.5700,-14.4000,-14.4000,0.0,,0,none,19,guide
CGUCGGCCUUCUCCGCCCU,CGCCGAGCCCCGCGGCCCCAGGGCGGAGAAGGCCGACGAGAAGGCGCAGGAGAUGGC,0.1782252050708426,0,"-0.73,-2.36,-10.64,0,0,-208.27999999999997,0.2631578947368421,0,0.21052631578947367,0,0,0.05555555555555555,-2.24,0.0,0,1,0.2222222222222222,-2.08,0,0.1111111111111111,1,-3.26,0.05555555555555555,0",-2.900,73.7,-0.7300,-42.5900,-16.8900,-16.8900,0.0,,0,none,19,guide
CGGCCUUCUCCGCCCUGGG,CGGCGCCGAGCCCCGCGGCCCCAGGGCGGAGAAGGCCGACGAGAAGGCGCAGGAGAU,0.4891871737509322,0,"0.9,-2.36,-10.64,0,0,-214.74,0.21052631578947367,0,0.3157894736842105,0,0,0.16666666666666666,-3.26,0.0,0,1,0.2222222222222222,-3.26,0,0.1111111111111111,1,-3.26,0.05555555555555555,0",-2.900,78.9,0.9000,-44.7700,-15.3000,-15.3000,0.0,,0,none,19,guide
GCGGGGCUCGGCGCCGCCC,UCAACCACCUGCAGGGCGCGGGCGGCGCCGAGCCCCGCGGCCCCAGGGCGGAGAAGG,0.5585384041759881,1,"-0.16,-3.42,-14.88,0,1,-229.99999999999997,0.05263157894736842,0,0.4736842105263158,0,1,0.2222222222222222,-2.36,0.0,0,0,0.16666666666666666,-3.26,0,0.2777777777777778,0,-3.42,0.0,0",-10.100,94.7,-0.1600,-50.2000,-17.6400,-17.6400,0.0,,0,none,19,guide
GCCGCCCGCGCCCUGCAGG,AGGAGAGCGCUCUCAACCACCUGCAGGGCGCGGGCGGCGCCGAGCCCCGCGGCCCCA,0.4541387024608501,0,"-0.16,-3.42,-14.88,0,1,-224.88999999999996,0.05263157894736842,0,0.3684210526315789,0,1,0.05555555555555555,-3.26,0.0,0,0,0.2777777777777778,-3.26,0,0.2777777777777778,0,-2.08,0.0,0",-2.200,89.5,-0.1600,-48.7300,-17.9200,-17.9200,0.0,,0,none,19,guide
GGCCUCUACCUGCGUCUUG,ACAAUAUGCUGAUCCAGAUCAAGACGCAGGUAGAGGCCUCUGAGGAGAGCGCUCUCA,0.5458612975391499,1,"-0.7,-3.26,-13.39,0,1,-201.95,0.3157894736842105,0,0.2631578947368421,1,0,0.05555555555555555,-3.42,0.05555555555555555,0,0,0.1111111111111111,-2.11,0,0.1111111111111111,0,-2.36,0.05555555555555555,0",-0.800,63.2,-1.1500,-39.1700,-14.5200,-14.5200,0.0,,0,none,19,guide
CUCUACCUGCGUCUUGAUC,UGGACAAUAUGCUGAUCCAGAUCAAGACGCAGGUAGAGGCCUCUGAGGAGAGCGCUC,0.5369127516778524,1,"0.27,-2.08,-10.48,0,0,-194.55,0.3684210526315789,0,0.15789473684210525,0,0,0.0,-2.35,0.05555555555555555,1,1,0.05555555555555555,-2.35,0,0.05555555555555555,0,-2.08,0.05555555555555555,0",0.000,52.6,0.2700,-35.4300,-13.3400,-13.3400,0.0,,0,none,19,guide
UGGAUCAGCAUAUUGUCCA,CGGGGCAAGCUGUGGGAGAUGGACAAUAUGCUGAUCCAGAUCAAGACGCAGGUAGAG,0.6823266219239374,1,"0.0,-2.11,-10.44,1,0,-184.66,0.3157894736842105,0,0.21052631578947367,0,0,0.05555555555555555,-3.26,0.05555555555555555,0,0,0.05555555555555555,-2.11,0,0.05555555555555555,0,-0.93,0.05555555555555555,1",-2.900,42.1,0.0000,-32.9300,-13.2500,-13.2500,0.0,,0,none,19,guide
UAUUGUCCAUCUCCCACAG,CGUGCGCAACCGGGGCAAGCUGUGGGAGAUGGACAAUAUGCUGAUCCAGAUCAAGAC,0.6181953765846383,1,"1.2,-1.33,-7.69,1,0,-188.95,0.3157894736842105,0,0.10526315789473684,0,0,0.0,-1.1,0.05555555555555555,0,0,0.16666666666666666,-2.08,0,0.0,0,-3.26,0.05555555555555555,0",0.000,47.4,1.2000,-34.2800,-11.9900,-11.9900,0.0,,0,none,19,guide
CCAUCUCCCACAGCUUGCC,CGCGCCCGUGCGCAACCGGGGCAAGCUGUGGGAGAUGGACAAUAUGCUGAUCCAGAU,0.6040268456375839,1,"0.0,-3.26,-13.39,0,0,-205.39,0.21052631578947367,0,0.10526315789473684,0,0,0.0,-2.11,0.0,0,1,0.2222222222222222,-3.26,1,0.1111111111111111,0,-3.42,0.05555555555555555,0",0.000,63.2,0.0000,-40.1400,-13.2500,-13.2500,0.0,,0,none,19,guide
CCCGGUUGCGCACGGGCGC,GACGCGCGAGCGCGGACGCGCGCCCGUGCGCAACCGGGGCAAGCUGUGGGAGAUGGA,0.4123788217747949,0,"0.16,-3.26,-13.39,0,0,-215.92,0.10526315789473684,0,0.42105263157894735,0,0,0.16666666666666666,-3.26,0.0,0,1,0.1111111111111111,-3.42,1,0.2222222222222222,0,-2.36,0.05555555555555555,0",-6.400,84.2,0.1600,-45.4600,-14.1600,-14.1600,0.0,,0,none,19,guide
UCAGCGACGCGAUGUCCUC,CGUCAUCCACGAGAUGCGCGAGGACAUCGCGUCGCUGACGCGCGAGCGCGGACGCGC,0.5809097688292321,1,"0.9,-2.35,-12.44,1,0,-203.96,0.21052631578947367,0,0.2631578947368421,0,0,0.0,-2.11,0.0,0,0,0.05555555555555555,-2.35,0,0.1111111111111111,0,-2.11,0.0,0",-2.100,63.2,0.4500,-38.6000,-14.5600,-14.5600,0.0,,0,none,19,guide
CGUGGAUGACGGGCAGCAG,GGAGGACUUCGAGCAGUUUCUGCUGCCCGUCAUCCACGAGAUGCGCGAGGACAUCGC,0.2945563012677107,0,"0.17,-2.36,-10.64,0,0,-207.38,0.10526315789473684,0,0.4736842105263158,0,0,0.16666666666666666,-2.24,0.0,0,1,0.0,-2.08,0,0.1111111111111111,1,-3.42,0.0,0",-1.700,68.4,-0.2800,-40.6300,-13.1700,-13.1700,0.0,,0,none,19,guide
GUGGAUGACGGGCAGCAGA,AGGAGGACUUCGAGCAGUUUCUGCUGCCCGUCAUCCACGAGAUGCGCGAGGACAUCG,0.2632363907531693,0,"-0.79,-2.24,-11.4,0,1,-205.46,0.10526315789473684,0,0.4736842105263158,0,0,0.16666666666666666,-2.11,0.0,1,0,0.0,-2.35,0,0.1111111111111111,0,-2.11,0.0,1",0.000,63.2,-0.3400,-40.1200,-13.2800,-13.2800,0.0,,0,none,19,guide
CAGCAGAAACUGCUCGAAG,UGCUGGAGCCGGAGGAGGACUUCGAGCAGUUUCUGCUGCCCGUCAUCCACGAGAUGC,0.4466815809097688,0,"-0.03,-2.11,-10.44,0,0,-189.69,0.10526315789473684,0,0.2631578947368421,0,0,0.0,-2.08,0.0,0,1,0.0,-2.08,0,0.1111111111111111,0,-2.08,0.0,0",-4.400,52.6,-0.0300,-34.4200,-12.9700,-12.9700,0.0,,0,none,19,guide
UCCGGCUCCAGCACCUCCA,CUGGCGGAGCCCGAGGAGGUGGAGGUGCUGGAGCCGGAGGAGGACUUCGAGCAGUUU,0.5152870991797166,0,"-0.24,-2.35,-12.44,1,0,-207.78000000000003,0.15789473684210525,0,0.15789473684210525,0,0,0.05555555555555555,-3.26,0.0,0,0,0.2222222222222222,-2.11,0,0.1111111111111111,0,-2.24,0.0,1",-0.300,68.4,-0.2400,-42.8700,-16.7300,-16.7300,0.0,,0,none,19,guide
UCCGCCAGCUCCACUGCGU,GCGGAGAUGCGGCCCCUGGACGCAGUGGAGCUGGCGGAGCCCGAGGAGGUGGAGGUG,0.56972408650261,1,"-0.11,-2.35,-12.44,1,0,-205.48,0.21052631578947367,0,0.21052631578947367,0,0,0.0,-3.26,0.0,0,0,0.16666666666666666,-2.24,0,0.16666666666666666,0,-2.24,0.0,0",-2.600,68.4,-0.1100,-42.0200,-16.4900,-16.4900,0.0,,0,none,19,guide
CCGCCAGCUCCACUGCGUC,AGCGGAGAUGCGGCCCCUGGACGCAGUGGAGCUGGCGGAGCCCGAGGAGGUGGAGGU,0.48844146159582397,0,"-0.46,-3.26,-13.39,0,0,-212.92,0.15789473684210525,0,0.21052631578947367,0,0,0.0,-2.36,0.0,0,1,0.16666666666666666,-2.35,1,0.16666666666666666,0,-2.08,0.0,0",-2.600,73.7,-0.9100,-43.1200,-16.6500,-16.6500,0.0,,0,none,19,guide
GGCCGCAUCUCCGCUGCUU,AGUGUCGUGCAGACAAGCAAAGCAGCGGAGAUGCGGCCCCUGGACGCAGUGGAGCUG,0.3191648023862788,0,"-2.33,-3.26,-13.39,0,1,-207.04,0.2631578947368421,0,0.2631578947368421,1,0,0.05555555555555555,-3.42,0.0,0,0,0.1111111111111111,-0.93,0,0.2222222222222222,0,-3.42,0.05555555555555555,0",-4.100,68.4,-2.7800,-41.2300,-15.6700,-15.6700,0.0,,0,none,19,guide
GCUUUGCUUGUCUGCACGA,CGAGCUCGGUCACUGAGUGUCGUGCAGACAAGCAAAGCAGCGGAGAUGCGGCCCCUG,0.5041014168530947,0,"-1.52,-3.42,-14.88,0,1,-189.29,0.3684210526315789,0,0.2631578947368421,0,1,0.0,-2.08,0.0,0,0,0.0,-2.35,0,0.16666666666666666,0,-2.11,0.16666666666666666,1",-2.400,52.6,-1.5200,-35.3300,-11.5500,-11.5500,0.0,,0,none,19,guide
GCUUGUCUGCACGACACUC,CGGCCCGAGCUCGGUCACUGAGUGUCGUGCAGACAAGCAAAGCAGCGGAGAUGCGGC,0.4832214765100671,0,"-0.62,-3.42,-14.88,0,1,-199.73,0.2631578947368421,0,0.21052631578947367,0,1,0.0,-2.08,0.0,0,0,0.0,-2.35,0,0.1111111111111111,0,-2.35,0.05555555555555555,0",-2.600,57.9,-1.0700,-37.2300,-11.7900,-11.7900,0.0,,0,none,19,guide
GACCGAGCUCGGGCCGAGU,AGCGGCGGAAGUUUUGAAGACUCGGCCCGAGCUCGGUCACUGAGUGUCGUGCAGACA,0.4586129753914988,0,"-1.01,-2.35,-12.44,0,1,-211.91,0.10526315789473684,0,0.42105263157894735,0,0,0.1111111111111111,-2.24,0.0,0,0,0.1111111111111111,-2.24,0,0.1111111111111111,0,-3.42,0.0,0",-3.800,73.7,-0.5600,-43.1400,-15.7100,-15.7100,0.0,,0,none,19,guide
GUCUUCAAAACUUCCGCCG,AGGCAGAAAGUUGGAACAGCGGCGGAAGUUUUGAAGACUCGGCCCGAGCUCGGUCAC,0.7069351230425056,1,"-0.33,-2.24,-11.4,0,1,-184.94999999999996,0.2631578947368421,0,0.15789473684210525,0,0,0.0,-2.35,0.0,1,0,0.1111111111111111,-2.36,0,0.05555555555555555,0,-2.35,0.1111111111111111,0",0.000,52.6,0.1200,-33.5200,-10.7500,-10.7500,0.0,,0,none,19,guide
AAAACUUCCGCCGCUGUUC,XXUCCGAGGCAGAAAGUUGGAACAGCGGCGGAAGUUUUGAAGACUCGGCCCGAGCUC,0.6286353467561521,1,"1.87,-0.93,-6.82,0,0,-183.67,0.2631578947368421,0,0.15789473684210525,0,0,0.0,-0.93,0.0,0,0,0.1111111111111111,-2.35,0,0.1111111111111111,0,-3.42,0.1111111111111111,0",0.000,52.6,1.8700,-34.2400,-9.4600,-9.4600,0.0,,0,none,19,guide
CUGCCUCUCAGCGGAUGUA,GGGCUGGGGACAAGGCGUCUACAUCCGCUGAGAGGCAGGGGCAGUUCUGGGAGAGAA,0.2945563012677107,0,"-1.2,-2.08,-10.48,0,0,-198.88,0.2631578947368421,0,0.2631578947368421,0,0,0.05555555555555555,-2.11,0.05555555555555555,1,1,0.05555555555555555,-1.33,0,0.1111111111111111,0,-3.26,0.0,1",-3.600,57.9,-1.2000,-38.0000,-15.3000,-15.3000,0.0,,0,none,19,guide
CAGCCCUCCAGCUCAUUCU,CCGGUUCUGGGGCGCAAUAAGAAUGAGCUGGAGGGCUGGGGACAAGGCGUCUACAUC,0.5615212527964206,1,"-0.93,-2.11,-10.44,0,0,-199.84,0.2631578947368421,0,0.10526315789473684,0,0,0.0,-2.08,0.0,0,1,0.16666666666666666,-2.08,0,0.1111111111111111,0,-2.35,0.05555555555555555,0",-1.200,57.9,-0.4800,-38.4900,-16.4500,-16.4500,0.0,,0,none,19,guide
AGCCCUCCAGCUCAUUCUU,GCCGGUUCUGGGGCGCAAUAAGAAUGAGCUGGAGGGCUGGGGACAAGGCGUCUACAU,0.4041759880686055,0,"-0.7,-2.08,-10.48,0,0,-192.5,0.3157894736842105,0,0.10526315789473684,0,0,0.0,-3.42,0.0,0,0,0.16666666666666666,-0.93,0,0.1111111111111111,0,-2.11,0.1111111111111111,0",-0.700,52.6,-1.1500,-36.6100,-17.6300,-17.6300,0.0,,0,none,19,guide
UUGCGCCCCAGAACCGGCC,UACUGUGCGGAGGGUGGUGGGCCGGUUCUGGGGCGCAAUAAGAAUGAGCUGGAGGGC,0.5935868754660701,1,"2.33,-0.93,-6.82,1,0,-207.77,0.10526315789473684,1,0.2631578947368421,0,0,0.05555555555555555,-2.11,0.0,1,0,0.2777777777777778,-3.26,0,0.16666666666666666,0,-2.24,0.05555555555555555,0",-3.400,73.7,2.7800,-43.2000,-17.8300,-17.8300,0.0,,0,none,19,guide
GGCCCACCACCCUCCGCAC,CGGAAUAAGGCCCGCUACUGUGCGGAGGGUGGUGGGCCGGUUCUGGGGCGCAAUAAG,0.3907531692766592,0,"-0.57,-3.26,-13.39,0,1,-218.96,0.05263157894736842,0,0.15789473684210525,1,0,0.05555555555555555,-3.42,0.0,0,0,0.3333333333333333,-2.24,0,0.1111111111111111,0,-2.35,0.0,0",-0.500,78.9,-1.0200,-45.9100,-17.5500,-17.5500,0.0,,0,none,19,guide
CCUCCUCUUCCCAGGAGCC,UACACCACCAGCUCGGCAGGGCUCCUGGGAAGAGGAGGAAGAUUAUGAGGAGGAGAU,0.3482475764354959,0,"0.0,-3.26,-13.39,0,0,-211.03,0.21052631578947367,0,0.15789473684210525,0,0,0.05555555555555555,-2.08,0.0,0,1,0.2777777777777778,-3.26,1,0.05555555555555555,0,-2.08,0.05555555555555555,0",-5.300,68.4,0.0000,-42.4300,-14.2000,-14.2000,0.0,,0,none,19,guide
GAGUCUCCUGGCUCCGUGU,GGGAGCCGAAACUCUGUCUACACGGAGCCAGGAGACUCGUGUGUGGACAUGGAGACA,0.3639075316927666,0,"-1.01,-2.35,-12.44,0,1,-205.12,0.3157894736842105,0,0.3157894736842105,0,0,0.05555555555555555,-2.08,0.0,0,0,0.1111111111111111,-2.24,0,0.05555555555555555,0,-2.35,0.0,0",-5.800,63.2,-0.5600,-40.1300,-14.3600,-14.3600,0.0,,0,none,19,guide
AGUCUCCUGGCUCCGUGUA,CGGGAGCCGAAACUCUGUCUACACGGAGCCAGGAGACUCGUGUGUGGACAUGGAGAC,0.4093959731543624,0,"-0.3,-2.08,-10.48,0,0,-196.65,0.3157894736842105,0,0.2631578947368421,0,0,0.05555555555555555,-2.24,0.05555555555555555,0,0,0.1111111111111111,-1.33,0,0.05555555555555555,0,-3.26,0.0,1",-2.200,57.9,-0.7500,-38.4100,-14.3600,-14.3600,0.0,,0,none,19,guide
CCGUGUAGACAGAGUUUCG,UGCUGACACCCCCGGGAGCCGAAACUCUGUCUACACGGAGCCAGGAGACUCGUGUGU,0.3281133482475764,0,"-0.9,-3.26,-13.39,0,0,-187.63,0.2631578947368421,0,0.3157894736842105,0,0,0.0,-2.36,0.05555555555555555,0,1,0.05555555555555555,-2.36,1,0.0,0,-2.08,0.1111111111111111,0",0.000,52.6,-0.9000,-34.0500,-12.3600,-12.3600,0.0,,0,none,19,guide
UCAAAGGUGUCUUGGCGGG,GGCACCCUGUGGGCGCUAUCCCGCCAAGACACCUUUGAUGCUGACACCCCCGGGAGC,0.4295302013422818,0,"1.36,-2.35,-12.44,1,0,-192.17,0.2631578947368421,0,0.42105263157894735,0,0,0.2222222222222222,-2.11,0.0,0,0,0.0,-3.26,0,0.05555555555555555,0,-2.11,0.05555555555555555,0",0.000,57.9,1.3600,-36.9900,-11.5500,-11.5500,0.0,,0,none,19,guide
AGGUGUCUUGGCGGGAUAG,GGCAGGCACCCUGUGGGCGCUAUCCCGCCAAGACACCUUUGAUGCUGACACCCCCGG,0.5272184936614467,1,"0.9,-2.08,-10.48,0,0,-195.64,0.2631578947368421,0,0.4736842105263158,0,0,0.2222222222222222,-3.26,0.05555555555555555,0,0,0.0,-2.08,0,0.05555555555555555,0,-3.26,0.05555555555555555,0",-1.800,57.9,0.4500,-37.7300,-14.2800,-14.2800,0.0,,0,none,19,guide
GGCCAGGUGGGUGGUUGCU,GCCCCCAGGCCUUUACCCCAGCAACCACCCACCUGGCCGGGCAGGCACCCUGUGGGC,0.2356450410141685,0,"-1.63,-3.26,-13.39,0,1,-206.51,0.2631578947368421,0,0.5263157894736842,1,0,0.2777777777777778,-3.42,0.0,0,0,0.05555555555555555,-2.08,0,0.1111111111111111,0,-3.26,0.05555555555555555,0",-4.300,68.4,-1.6300,-42.5600,-16.3700,-16.3700,0.0,,0,none,19,guide
GGGGCUGGCCCAGCUCCCC,CAGUGUGCACGAGUACCCCGGGGAGCUGGGCCAGCCCCCAGGCCUUUACCCCAGCAA,0.1431767337807606,0,"0.0,-3.26,-13.39,0,1,-226.29999999999995,0.10526315789473684,0,0.3684210526315789,1,0,0.2222222222222222,-3.26,0.0,0,0,0.2777777777777778,-3.26,0,0.16666666666666666,0,-3.42,0.0,0",-9.900,84.2,0.0000,-48.6200,-17.3900,-17.3900,0.0,,0,none,19,guide
GGUAGCCAUGGUGCGGUUC,CGCCACCCAAUCCGCUGCUGAACCGCACCAUGGCUACCGCCGCUCUGGCUGUCAGCC,0.3653989560029828,0,"-0.46,-3.26,-13.39,0,1,-202.68,0.2631578947368421,0,0.42105263157894735,1,0,0.16666666666666666,-2.24,0.05555555555555555,0,0,0.05555555555555555,-2.35,0,0.1111111111111111,0,-3.42,0.05555555555555555,0",-1.900,63.2,-0.9100,-39.4900,-14.4400,-14.4400,0.0,,0,none,19,guide
UCAGCAGCGGAUUGGGUGG,ACACCCGCCUAGCAGGACGCCACCCAAUCCGCUGCUGAACCGCACCAUGGCUACCGC,0.6077554064131245,1,"1.36,-2.35,-12.44,1,0,-201.83,0.21052631578947367,0,0.4736842105263158,0,0,0.2222222222222222,-2.11,0.0,0,0,0.0,-3.26,0,0.1111111111111111,0,-2.11,0.05555555555555555,0",-1.900,63.2,1.3600,-39.8700,-15.2200,-15.2200,0.0,,0,none,19,guide
CUUCCAGUAGGCUUCCAAG,GCGAGCACCUGGCGGAGUACUUGGAAGCCUACUGGAAGGCCACACACCCGCCUAGCA,0.4541387024608501,0,"0.0,-2.08,-10.48,0,0,-189.14999999999995,0.2631578947368421,0,0.21052631578947367,0,0,0.05555555555555555,-0.93,0.05555555555555555,1,1,0.1111111111111111,-2.08,0,0.05555555555555555,0,-0.93,0.1111111111111111,0",0.000,52.6,0.0000,-35.4900,-12.9700,-12.9700,0.0,,0,none,19,guide
AGGCAUCUUCCAAUUGGUU,UGACAUAAUCCUGGACGAGAACCAAUUGGAAGAUGCCUGCGAGCACCUGGCGGAGUA,0.3728560775540641,0,"-0.7,-2.08,-10.48,0,0,-178.6,0.3684210526315789,0,0.21052631578947367,0,0,0.1111111111111111,-3.26,0.0,0,0,0.05555555555555555,-0.93,0,0.05555555555555555,0,-1.1,0.16666666666666666,0",0.000,42.1,-1.1500,-32.0600,-14.3200,-14.3200,0.0,,0,none,19,guide
CAAUUGGUUCUCGUCCAGG,CCGAAAUGUUUGACAUAAUCCUGGACGAGAACCAAUUGGAAGAUGCCUGCGAGCACC,0.5980611483967189,1,"0.7,-2.11,-10.44,0,0,-189.44,0.3157894736842105,0,0.2631578947368421,0,0,0.1111111111111111,-0.93,0.0,0,1,0.05555555555555555,-3.26,0,0.0,0,-2.24,0.1111111111111111,0",-1.700,52.6,1.1500,-34.4600,-10.5700,-10.5700,0.0,,0,none,19,guide
UGAUGAGCCUCUGCAGUAC,CAAGAUCACAUCCCCCAAGGUACUGCAGAGGCUCAUCAAAUCCCGAGGGAAGUCUCA,0.5488441461595824,1,"1.03,-2.11,-10.44,1,0,-196.69,0.2631578947368421,0,0.2631578947368421,0,0,0.0,-2.35,0.05555555555555555,0,0,0.05555555555555555,-2.24,0,0.1111111111111111,0,-3.42,0.0,0",-0.100,52.6,0.5800,-36.8800,-13.4100,-13.4100,0.0,,0,none,19,guide
AGCGAGGUUUUAGAGAGCU,ACCAUCAACCACCCAGCCCAGCUCUCUAAAACCUCGCUGGCCCCCAUCAUUGUUUAC,0.41834451901566,0,"0.0,-2.08,-10.48,0,0,-182.49,0.2631578947368421,0,0.3684210526315789,0,0,0.05555555555555555,-3.42,0.05555555555555555,0,0,0.0,-2.08,0,0.1111111111111111,0,-2.35,0.16666666666666666,0",-0.900,47.4,0.0000,-33.7100,-15.7100,-15.7100,0.0,,0,none,19,guide
GAUCCGCUCGAUUUCACUC,CCAGCCUGGCUGAGGUACAGAGUGAAAUCGAGCGGAUCUUCGAGCUGGCCCGGACCU,0.6331096196868009,1,"0.0,-2.35,-12.44,0,1,-195.78,0.3157894736842105,0,0.15789473684210525,0,0,0.0,-1.1,0.0,0,0,0.05555555555555555,-2.35,0,0.05555555555555555,0,-0.93,0.1111111111111111,0",0.000,52.6,0.0000,-34.4800,-14.5700,-14.5700,0.0,,0,none,19,guide
AUUUCACUCUGUACCUCAG,AACACUCGCUCCAGCCUGGCUGAGGUACAGAGUGAAAUCGAGCGGAUCUUCGAGCUG,0.4407158836689038,0,"1.43,-1.1,-9.38,0,0,-181.53,0.3684210526315789,0,0.10526315789473684,0,0,0.0,-0.93,0.05555555555555555,1,0,0.05555555555555555,-2.08,0,0.0,0,-2.24,0.1111111111111111,0",-0.200,42.1,1.4300,-31.8800,-10.6400,-10.6400,0.0,,0,none,19,guide
CACUCUGUACCUCAGCCAG,CUCCAACACUCGCUCCAGCCUGGCUGAGGUACAGAGUGAAAUCGAGCGGAUCUUCGA,0.2595078299776286,0,"-0.03,-2.11,-10.44,0,0,-198.98,0.21052631578947367,0,0.15789473684210525,0,0,0.0,-2.24,0.05555555555555555,0,1,0.1111111111111111,-2.08,0,0.05555555555555555,0,-2.11,0.0,0",-0.600,57.9,-0.0300,-37.9400,-13.1000,-13.1000,0.0,,0,none,19,guide
GCGAGUGUUGGAGCGCUCG,CCAGCAAACACAUUAUCAUCGAGCGCUCCAACACUCGCUCCAGCCUGGCUGAGGUAC,0.1133482475764355,0,"-1.06,-3.42,-14.88,0,1,-205.6,0.21052631578947367,0,0.4736842105263158,0,1,0.05555555555555555,-2.36,0.0,0,0,0.0,-2.36,0,0.16666666666666666,0,-3.42,0.05555555555555555,0",-8.100,68.4,-1.0600,-39.7300,-13.3800,-13.3800,0.0,,0,none,19,guide
AUAAUGUGUUUGCUGGGGU,AAGCGCUCGGUCCUCAACAACCCCAGCAAACACAUUAUCAUCGAGCGCUCCAACACU,0.4727815063385533,0,"0.69,-1.1,-9.38,0,0,-177.35,0.42105263157894735,0,0.3684210526315789,0,0,0.16666666666666666,-1.33,0.05555555555555555,1,0,0.0,-2.24,0,0.05555555555555555,0,-2.08,0.1111111111111111,0",0.000,42.1,1.1400,-32.1200,-9.8200,-9.8200,0.0,,0,none,19,guide
UUGAGCGAUGGUCCCACCA,UCCAUGAGGCCCAUCAUCCUGGUGGGACCAUCGCUCAAGGGCUAUGAGGUAACUGAC,0.5309470544369873,1,"0.73,-0.93,-6.82,1,0,-196.59000000000003,0.21052631578947367,1,0.2631578947368421,0,0,0.05555555555555555,-2.11,0.0,1,0,0.16666666666666666,-2.11,0,0.05555555555555555,0,-3.26,0.05555555555555555,1",-1.500,57.9,1.1800,-38.2600,-14.6700,-14.6700,0.0,,0,none,19,guide
GGGGCACGUGCUCUGUCGA,UGCCAAACAGAAGCAGAAGUCGACAGAGCACGUGCCCCCCUAUGACGUGGUGCCUUC,0.2975391498881432,0,"-1.36,-3.26,-13.39,0,1,-207.68,0.21052631578947367,0,0.42105263157894735,1,0,0.16666666666666666,-3.26,0.0,0,0,0.0,-2.35,0,0.1111111111111111,0,-2.08,0.0,1",-5.200,68.4,-1.3600,-41.4600,-16.6500,-16.6500,0.0,,0,none,19,guide
UUCUGCUUCUGUUUGGCAC,CGCCCCACACCCCCCGCCAGUGCCAAACAGAAGCAGAAGUCGACAGAGCACGUGCCC,0.6122296793437733,1,"1.76,-0.93,-6.82,1,0,-183.98,0.4736842105263158,1,0.21052631578947367,0,0,0.05555555555555555,-2.35,0.0,1,0,0.0,-2.24,0,0.1111111111111111,0,-0.93,0.2222222222222222,0",-2.700,47.4,1.7600,-33.7400,-12.9700,-12.9700,0.0,,0,none,19,guide
UGCUGGAGCUGAGGCGGUU,GGAACAGACGCUGCGCCAAAACCGCCUCAGCUCCAGCAAGUCAGGUGACAACUCCAG,0.3445190156599553,0,"-0.73,-2.11,-10.44,1,0,-200.74,0.2631578947368421,0,0.4736842105263158,0,0,0.16666666666666666,-3.42,0.0,0,0,0.0,-0.93,0,0.16666666666666666,0,-3.26,0.05555555555555555,0",-2.600,63.2,-1.1800,-40.4300,-15.3000,-15.3000,0.0,,0,none,19,guide
GAGCUGAGGCGGUUUUGGC,CUGCAGGAACAGACGCUGCGCCAAAACCGCCUCAGCUCCAGCAAGUCAGGUGACAAC,0.4034302759134974,0,"0.62,-2.35,-12.44,0,1,-200.9,0.2631578947368421,0,0.4736842105263158,0,0,0.16666666666666666,-2.08,0.0,0,0,0.0,-3.42,0,0.16666666666666666,0,-0.93,0.16666666666666666,0",-2.100,63.2,1.0700,-38.8000,-14.1200,-14.1200,0.0,,0,none,19,guide
AGCAGGCGAAGGCUGUCCA,AUCCCCAGCCCUGUCAAACUGGACAGCCUUCGCCUGCUGCAGGAACAGACGCUGCGC,0.2945563012677107,0,"0.03,-2.08,-10.48,0,0,-200.74,0.10526315789473684,0,0.3684210526315789,0,0,0.1111111111111111,-3.42,0.0,0,0,0.05555555555555555,-2.11,0,0.16666666666666666,0,-2.08,0.0,1",-3.800,63.2,0.0300,-40.2800,-16.6500,-16.6500,0.0,,0,none,19,guide
GACAGGGCUGGGGAUGAAA,AGGAAGGCUGUGAGGUUGGUUUCAUCCCCAGCCCUGUCAAACUGGACAGCCUUCGCC,0.122296793437733,0,"-1.87,-2.35,-12.44,0,1,-198.52,0.10526315789473684,0,0.4736842105263158,0,0,0.2777777777777778,-2.24,0.0,0,0,0.0,-0.93,0,0.05555555555555555,0,-2.35,0.0,1",0.000,57.9,-1.8700,-38.5200,-16.3700,-16.3700,0.0,,0,none,19,guide
UCCUUCACCAGCCUCCCGA,UACAAUAAUGACUGGUGGAUCGGGAGGCUGGUGAAGGAAGGCUGUGAGGUUGGUUUC,0.5495898583146905,1,"0.0,-2.35,-12.44,1,0,-201.72,0.21052631578947367,0,0.10526315789473684,0,0,0.0,-3.26,0.0,0,0,0.2777777777777778,-2.35,0,0.05555555555555555,0,-2.08,0.05555555555555555,1",0.000,63.2,0.0000,-40.6200,-12.9700,-12.9700,0.0,,0,none,19,guide
CAGCCUCCCGAUCCACCAG,AGGAGAAAUACAAUAAUGACUGGUGGAUCGGGAGGCUGGUGAAGGAAGGCUGUGAGG,0.3035048471290081,0,"-0.03,-2.11,-10.44,0,0,-209.72,0.10526315789473684,0,0.15789473684210525,0,0,0.0,-2.08,0.0,0,1,0.2777777777777778,-2.08,0,0.05555555555555555,0,-3.26,0.0,0",0.000,68.4,-0.0300,-41.6500,-16.4500,-16.4500,0.0,,0,none,19,guide
UUCUCCUUGAUGUGCAGGA,ACCUUUGAGCCCAAGGACUUCCUGCACAUCAAGGAGAAAUACAAUAAUGACUGGUGG,0.7009694258016406,1,"0.97,-0.93,-6.82,1,0,-187.99,0.3684210526315789,1,0.2631578947368421,0,0,0.05555555555555555,-2.35,0.0,1,0,0.05555555555555555,-2.35,0,0.05555555555555555,0,-2.11,0.1111111111111111,1",-2.000,47.4,1.4200,-34.5800,-13.0500,-13.0500,0.0,,0,none,19,guide
AUGUGCAGGAAGUCCUUGG,GUGGCCAUCACCUUUGAGCCCAAGGACUUCCUGCACAUCAAGGAGAAAUACAAUAAU,0.47129008202833705,0,"2.16,-1.1,-9.38,0,0,-191.62,0.2631578947368421,0,0.3684210526315789,0,0,0.1111111111111111,-2.11,0.0,1,0,0.05555555555555555,-3.26,0,0.05555555555555555,0,-2.35,0.05555555555555555,0",-2.000,52.6,2.6100,-35.7300,-14.0700,-14.0700,0.0,,0,none,19,guide
ACUGGCACCUCAUCUCCUG,GUUGGCUACAAUCCGUCUCCAGGAGAUGAGGUGCCAGUGCAGGGAGUGGCCAUCACC,0.6219239373601789,1,"0.77,-2.24,-11.4,0,0,-200.9,0.2631578947368421,0,0.15789473684210525,0,0,0.05555555555555555,-2.08,0.0,0,0,0.1111111111111111,-2.11,0,0.05555555555555555,0,-2.35,0.0,0",0.000,57.9,0.3200,-38.4500,-15.2200,-15.2200,0.0,,0,none,19,guide
ACGGAUUGUAGCCAACAUU,GGCCUUUGCUGUUCGGACAAAUGUUGGCUACAAUCCGUCUCCAGGAGAUGAGGUGCC,0.6778523489932886,1,"-0.86,-2.24,-11.4,0,0,-176.6,0.2631578947368421,0,0.21052631578947367,0,0,0.05555555555555555,-2.36,0.05555555555555555,0,0,0.05555555555555555,-0.93,0,0.05555555555555555,0,-2.11,0.1111111111111111,0",-0.100,42.1,-1.3100,-31.4600,-12.1100,-12.1100,0.0,,0,none,19,guide
CUUUCUCGAGCUGGGCUAA,GGAGGCAGAGCGCCAGGCCUUAGCCCAGCUCGAGAAAGCCAAGACCAAACCAGUGGC,0.4750186428038777,0,"-1.6,-2.08,-10.48,0,0,-188.15999999999997,0.3157894736842105,0,0.2631578947368421,0,0,0.1111111111111111,-0.93,0.05555555555555555,1,1,0.0,-0.93,0,0.1111111111111111,0,-3.26,0.1111111111111111,1",-0.700,52.6,-1.6000,-35.1100,-11.0000,-11.0000,0.0,,0,none,19,guide
UUCUCGAGCUGGGCUAAGG,AAGGAGGCAGAGCGCCAGGCCUUAGCCCAGCUCGAGAAAGCCAAGACCAAACCAGUG,0.5727069351230425,1,"2.33,-0.93,-6.82,1,0,-194.73,0.2631578947368421,1,0.3684210526315789,0,0,0.16666666666666666,-2.35,0.05555555555555555,1,0,0.0,-3.26,0,0.1111111111111111,0,-3.42,0.05555555555555555,0",-1.100,57.9,2.7800,-37.7900,-13.5700,-13.5700,0.0,,0,none,19,guide
GACACGUCGGAGUCUGACG,GAGUCCUACACGAGCCGGCCGUCAGACUCCGACGUGUCCCUGGAGGAGGACCGGGAA,0.5741983594332588,1,"-0.44,-2.35,-12.44,0,1,-202.74,0.15789473684210525,0,0.3684210526315789,0,0,0.05555555555555555,-2.24,0.0,0,0,0.0,-2.36,0,0.0,0,-2.35,0.0,0",-5.600,63.2,0.0100,-37.8800,-13.5400,-13.5400,0.0,,0,none,19,guide
CGGAGUCUGACGGCCGGCU,CUCAGCAGAGUCCUACACGAGCCGGCCGUCAGACUCCGACGUGUCCCUGGAGGAGGA,0.3296047725577927,0,"-0.73,-2.36,-10.64,0,0,-209.90999999999997,0.15789473684210525,0,0.42105263157894735,0,0,0.16666666666666666,-3.26,0.0,0,1,0.05555555555555555,-2.08,0,0.1111111111111111,1,-3.42,0.0,0",-2.200,73.7,-0.7300,-42.9000,-14.3600,-14.3600,0.0,,0,none,19,guide
GGCUCGUGUAGGACUCUGC,CUUUGUCCGUCAGGGCUCAGCAGAGUCCUACACGAGCCGGCCGUCAGACUCCGACGU,0.5920954511558538,1,"0.16,-3.26,-13.39,0,1,-205.58,0.2631578947368421,0,0.3684210526315789,1,0,0.1111111111111111,-3.42,0.05555555555555555,0,0,0.0,-3.42,0,0.1111111111111111,0,-2.24,0.0,0",-1.500,63.2,0.1600,-39.9700,-14.5600,-14.5600,0.0,,0,none,19,guide
GACCUUUUGAACCGCCCUU,GGCAAAUACAGCAAGAGGAAAGGGCGGUUCAAAAGGUCAGAUGGGAGCACCUCCUCA,0.43027591349739003,0,"-1.87,-2.35,-12.44,0,1,-184.93,0.3157894736842105,0,0.15789473684210525,0,0,0.0,-2.24,0.0,0,0,0.2222222222222222,-0.93,0,0.05555555555555555,0,-2.36,0.2222222222222222,0",0.000,52.6,-1.8700,-34.9800,-10.3700,-10.3700,0.0,,0,none,19,guide
CUGUAUUUGCCCUGUGGGC,AUGGAGGUCUUCGACCCCAGCCCACAGGGCAAAUACAGCAAGAGGAAAGGGCGGUUC,0.5652498135719612,1,"0.89,-2.08,-10.48,0,0,-195.94,0.3684210526315789,0,0.3157894736842105,0,0,0.1111111111111111,-2.11,0.05555555555555555,1,1,0.1111111111111111,-3.42,0,0.1111111111111111,0,-2.11,0.1111111111111111,0",-4.600,57.9,1.3400,-37.6600,-8.6400,-8.6400,0.0,,0,none,19,guide
AGACCUCCAUAGGGAUCUC,XXXXXXXXCACCUUCCCAAGAGAUCCCUAUGGAGGUCUUCGACCCCAGCCCACAGGG,0.5331841909023117,1,"1.17,-2.08,-10.48,0,0,-198.64,0.21052631578947367,0,0.21052631578947367,0,0,0.1111111111111111,-2.35,0.05555555555555555,0,0,0.1111111111111111,-2.35,0,0.0,0,-3.26,0.0,0",-2.400,52.6,0.7200,-36.9000,-15.5400,-15.5400,0.0,,0,none,19,guide
UGUCGUCCUUUGUAAGACU,AGAUCAUUCAGAAGACUUCAGUCUUACAAAGGACGACAXXXXXXXXXXXXXXXXXXX,0.7360178970917226,1,"-0.03,-2.11,-10.44,1,0,-176.36999999999995,0.42105263157894735,0,0.21052631578947367,0,0,0.0,-2.24,0.05555555555555555,0,0,0.05555555555555555,-2.08,0,0.0,0,-1.33,0.1111111111111111,0",-1.500,42.1,-0.0300,-31.5700,-14.8000,-14.8000,0.0,,0,none,19,guide
UCCUUUGUAAGACUGAAGU,CAAGGAGAUCAUUCAGAAGACUUCAGUCUUACAAAGGACGACAXXXXXXXXXXXXXX,0.8344519015659956,1,"-0.11,-2.35,-12.44,1,0,-171.63,0.3684210526315789,0,0.21052631578947367,0,0,0.0,-3.26,0.05555555555555555,0,0,0.05555555555555555,-2.24,0,0.0,0,-2.08,0.1111111111111111,0",-0.100,36.8,-0.1100,-29.9800,-11.5500,-11.5500,0.0,,0,none,19,guide
CCUUUGUAAGACUGAAGUC,UCAAGGAGAUCAUUCAGAAGACUUCAGUCUUACAAAGGACGACAXXXXXXXXXXXXX,0.6927665920954512,1,"-0.46,-3.26,-13.39,0,0,-179.07,0.3157894736842105,0,0.21052631578947367,0,0,0.0,-2.08,0.05555555555555555,0,1,0.05555555555555555,-2.35,1,0.0,0,-2.11,0.1111111111111111,0",-0.200,42.1,-0.9100,-31.2300,-9.6200,-9.6200,0.0,,0,none,19,guide
AAGACUGAAGUCUUCUGAA,CUACCUAUCAAGGAGAUCAUUCAGAAGACUUCAGUCUUACAAAGGACGACAXXXXXX,0.6897837434750187,1,"0.0,-0.93,-6.82,0,0,-174.50999999999996,0.2631578947368421,0,0.21052631578947367,0,0,0.0,-2.08,0.0,0,0,0.0,-0.93,0,0.0,0,-0.93,0.05555555555555555,1",-2.600,36.8,0.0000,-30.0800,-13.2100,-13.2100,0.0,,0,none,19,guide
ACUGAAGUCUUCUGAAUGA,ACCCUACCUAUCAAGGAGAUCAUUCAGAAGACUUCAGUCUUACAAAGGACGACAXXX,0.4079045488441462,0,"0.11,-2.24,-11.4,0,0,-177.03,0.3157894736842105,0,0.21052631578947367,0,0,0.0,-2.08,0.0,0,0,0.0,-2.35,0,0.0,0,-2.11,0.05555555555555555,1",0.000,36.8,0.1100,-30.1300,-11.7900,-11.7900,0.0,,0,none,19,guide
UGAAUGAUCUCCUUGAUAG,GUUCUGUGAUGUACCCUACCUAUCAAGGAGAUCAUUCAGAAGACUUCAGUCUUACAA,0.859806114839672,1,"0.87,-2.11,-10.44,1,0,-180.49,0.3684210526315789,0,0.21052631578947367,0,0,0.0,-2.35,0.05555555555555555,0,0,0.05555555555555555,-2.08,0,0.0,0,-0.93,0.05555555555555555,0",-0.500,36.8,0.4200,-29.9300,-9.9400,-9.9400,0.0,,0,none,19,guide
UGAUCUCCUUGAUAGGUAG,CCCAGUUCUGUGAUGUACCCUACCUAUCAAGGAGAUCAUUCAGAAGACUUCAGUCUU,0.8530947054436987,1,"0.87,-2.11,-10.44,1,0,-184.36999999999995,0.3684210526315789,0,0.2631578947368421,0,0,0.05555555555555555,-2.35,0.1111111111111111,0,0,0.05555555555555555,-2.08,0,0.0,0,-1.33,0.05555555555555555,0",-1.500,42.1,0.4200,-32.2000,-13.4900,-13.4900,0.0,,0,none,19,guide
AUCUCCUUGAUAGGUAGGG,UUCCCAGUUCUGUGAUGUACCCUACCUAUCAAGGAGAUCAUUCAGAAGACUUCAGUC,0.7643549589858314,1,"2.16,-1.1,-9.38,0,0,-188.27,0.3157894736842105,0,0.3157894736842105,0,0,0.16666666666666666,-2.35,0.1111111111111111,1,0,0.05555555555555555,-3.26,0,0.0,0,-3.26,0.05555555555555555,0",-3.000,47.4,2.6100,-34.4600,-13.0500,-13.0500,0.0,,0,none,19,guide
AUAGGUAGGGUACAUCACA,ACUCUUCUGUUCCCAGUUCUGUGAUGUACCCUACCUAUCAAGGAGAUCAUUCAGAAG,0.8008948545861299,1,"0.56,-1.1,-9.38,0,0,-181.27,0.21052631578947367,0,0.2631578947368421,0,0,0.16666666666666666,-1.33,0.16666666666666666,1,0,0.0,-2.11,0,0.0,0,-2.11,0.0,1",0.000,42.1,1.0100,-32.9800,-12.3200,-12.3200,0.0,,0,none,19,guide
AGGUAGGGUACAUCACAGA,UCACUCUUCUGUUCCCAGUUCUGUGAUGUACCCUACCUAUCAAGGAGAUCAUUCAGA,0.4116331096196868,0,"0.27,-2.08,-10.48,0,0,-187.12,0.15789473684210525,0,0.3157894736842105,0,0,0.16666666666666666,-3.26,0.1111111111111111,0,0,0.0,-2.35,0,0.0,0,-2.35,0.0,1",0.000,47.4,0.2700,-35.1300,-15.4300,-15.4300,0.0,,0,none,19,guide
GUAGGGUACAUCACAGAAC,GGUCACUCUUCUGUUCCCAGUUCUGUGAUGUACCCUACCUAUCAAGGAGAUCAUUCA,0.7815063385533184,1,"0.0,-2.24,-11.4,0,1,-188.91,0.15789473684210525,0,0.2631578947368421,0,0,0.1111111111111111,-1.33,0.1111111111111111,1,0,0.0,-2.24,0,0.0,0,-2.24,0.0,0",0.000,47.4,0.0000,-34.0100,-13.5000,-13.5000,0.0,,0,none,19,guide
UAGGGUACAUCACAGAACU,GGGUCACUCUUCUGUUCCCAGUUCUGUGAUGUACCCUACCUAUCAAGGAGAUCAUUC,0.8680089485458613,1,"0.3,-1.33,-7.69,1,0,-180.55,0.21052631578947367,0,0.21052631578947367,0,0,0.1111111111111111,-2.08,0.1111111111111111,0,0,0.0,-2.08,0,0.0,0,-2.11,0.0,0",0.000,42.1,0.7500,-32.6500,-14.4100,-14.4100,0.0,,0,none,19,guide
UCACAGAACUGGGAACAGA,UCUGGGUCUGGGUCACUCUUCUGUUCCCAGUUCUGUGAUGUACCCUACCUAUCAAGG,0.7427293064876958,1,"0.0,-2.35,-12.44,1,0,-186.53,0.10526315789473684,0,0.2631578947368421,0,0,0.1111111111111111,-2.11,0.0,0,0,0.0,-2.35,0,0.0,0,-2.35,0.0,1",-2.200,47.4,0.0000,-34.3900,-11.8200,-11.8200,0.0,,0,none,19,guide
GAACUGGGAACAGAAGAGU,CACUCUCUGGGUCUGGGUCACUCUUCUGUUCCCAGUUCUGUGAUGUACCCUACCUAU,0.6070096942580163,1,"-1.01,-2.35,-12.44,0,1,-186.67,0.10526315789473684,0,0.3684210526315789,0,0,0.1111111111111111,-0.93,0.0,0,0,0.0,-2.24,0,0.0,0,-2.35,0.0,0",-2.200,47.4,-0.5600,-33.6800,-13.8800,-13.8800,0.0,,0,none,19,guide
CAGAAGAGUGACCCAGACC,UGAACUUGGCCACUCUCUGGGUCUGGGUCACUCUUCUGUUCCCAGUUCUGUGAUGUA,0.5503355704697986,1,"0.7,-2.11,-10.44,0,0,-200.58,0.05263157894736842,0,0.2631578947368421,0,0,0.0,-2.08,0.0,0,1,0.16666666666666666,-3.26,0,0.0,0,-3.26,0.0,0",0.000,57.9,1.1500,-37.8900,-11.8700,-11.8700,0.0,,0,none,19,guide
AAGAGUGACCCAGACCCAG,UCAUGAACUUGGCCACUCUCUGGGUCUGGGUCACUCUUCUGUUCCCAGUUCUGUGAU,0.6532438478747203,1,"1.6,-0.93,-6.82,0,0,-197.81,0.05263157894736842,0,0.2631578947368421,0,0,0.0,-2.08,0.0,0,0,0.2222222222222222,-2.08,0,0.0,0,-2.35,0.0,0",0.000,57.9,1.6000,-38.1000,-13.2100,-13.2100,0.0,,0,none,19,guide
GUGACCCAGACCCAGAGAG,CCACUCAUGAACUUGGCCACUCUCUGGGUCUGGGUCACUCUUCUGUUCCCAGUUCUG,0.5451155853840417,1,"-0.16,-2.24,-11.4,0,1,-207.14999999999995,0.05263157894736842,0,0.3157894736842105,0,0,0.0,-2.11,0.0,1,0,0.2222222222222222,-2.08,0,0.0,0,-2.11,0.0,0",0.000,63.2,-0.1600,-40.2200,-15.3300,-15.3300,0.0,,0,none,19,guide
UGACCCAGACCCAGAGAGU,GCCACUCAUGAACUUGGCCACUCUCUGGGUCUGGGUCACUCUUCUGUUCCCAGUUCU,0.4608501118568233,0,"0.13,-2.11,-10.44,1,0,-199.71,0.10526315789473684,0,0.2631578947368421,0,0,0.0,-2.35,0.0,0,0,0.2222222222222222,-2.24,0,0.0,0,-2.08,0.0,0",0.000,57.9,0.1300,-39.0200,-15.3000,-15.3000,0.0,,0,none,19,guide
CCCAGACCCAGAGAGUGGC,GUUGCCACUCAUGAACUUGGCCACUCUCUGGGUCUGGGUCACUCUUCUGUUCCCAGU,0.4720357941834452,0,"0.16,-3.26,-13.39,0,0,-211.58,0.05263157894736842,0,0.3157894736842105,0,0,0.05555555555555555,-3.26,0.0,0,1,0.2222222222222222,-3.42,1,0.05555555555555555,0,-2.35,0.0,0",-1.500,68.4,0.1600,-42.3100,-15.3000,-15.3000,0.0,,0,none,19,guide
CCAGACCCAGAGAGUGGCC,UGUUGCCACUCAUGAACUUGGCCACUCUCUGGGUCUGGGUCACUCUUCUGUUCCCAG,0.3087248322147651,0,"0.0,-3.26,-13.39,0,0,-211.58,0.05263157894736842,0,0.3157894736842105,0,0,0.05555555555555555,-2.11,0.0,0,1,0.2222222222222222,-3.26,1,0.05555555555555555,0,-2.08,0.0,0",-1.500,68.4,0.0000,-42.3100,-15.3000,-15.3000,0.0,,0,none,19,guide
GGCCAAGUUCAUGAGUGGC,CGUGAACUUCCUGUUUGUUGCCACUCAUGAACUUGGCCACUCUCUGGGUCUGGGUCA,0.4638329604772558,0,"0.16,-3.26,-13.39,0,1,-199.74,0.21052631578947367,0,0.3684210526315789,1,0,0.1111111111111111,-3.42,0.0,0,0,0.05555555555555555,-3.42,0,0.1111111111111111,0,-2.35,0.05555555555555555,0",-2.600,57.9,0.1600,-37.7700,-14.0400,-14.0400,0.0,,0,none,19,guide
UCAUGAGUGGCAACAAACA,GACUCAGGCGUGAACUUCCUGUUUGUUGCCACUCAUGAACUUGGCCACUCUCUGGGU,0.7815063385533184,1,"-0.24,-2.35,-12.44,1,0,-179.26,0.15789473684210525,0,0.21052631578947367,0,0,0.05555555555555555,-2.11,0.0,0,0,0.0,-2.11,0,0.05555555555555555,0,-2.24,0.0,1",0.000,42.1,-0.2400,-32.0900,-11.9900,-11.9900,0.0,,0,none,19,guide
GAGUGGCAACAAACAGGAA,UGAGGACUCAGGCGUGAACUUCCUGUUUGUUGCCACUCAUGAACUUGGCCACUCUCU,0.2803877703206562,0,"-1.87,-2.35,-12.44,0,1,-183.41,0.05263157894736842,0,0.3157894736842105,0,0,0.1111111111111111,-2.08,0.0,0,0,0.0,-0.93,0,0.05555555555555555,0,-2.24,0.0,1",0.000,47.4,-1.8700,-33.5900,-15.2200,-15.2200,0.0,,0,none,19,guide
GGCAACAAACAGGAAGUUC,AUGGUGAGGACUCAGGCGUGAACUUCCUGUUUGUUGCCACUCAUGAACUUGGCCACU,0.3997017151379567,0,"-0.46,-3.26,-13.39,0,1,-183.51,0.10526315789473684,0,0.2631578947368421,1,0,0.1111111111111111,-3.42,0.0,0,0,0.0,-2.35,0,0.05555555555555555,0,-2.35,0.05555555555555555,0",0.000,47.4,-0.9100,-32.9100,-11.7400,-11.7400,0.0,,0,none,19,guide
GCAACAAACAGGAAGUUCA,GAUGGUGAGGACUCAGGCGUGAACUUCCUGUUUGUUGCCACUCAUGAACUUGGCCAC,0.2513049962714392,0,"-1.76,-3.42,-14.88,0,1,-176.83999999999997,0.10526315789473684,0,0.21052631578947367,0,1,0.05555555555555555,-2.11,0.0,0,0,0.0,-2.11,0,0.05555555555555555,0,-0.93,0.05555555555555555,1",0.000,42.1,-1.7600,-31.2100,-9.2500,-9.2500,0.0,,0,none,19,guide
AAACAGGAAGUUCACGCCU,GGACGGAUGGUGAGGACUCAGGCGUGAACUUCCUGUUUGUUGCCACUCAUGAACUUG,0.6793437733035049,1,"0.7,-0.93,-6.82,0,0,-179.92999999999995,0.15789473684210525,0,0.21052631578947367,0,0,0.05555555555555555,-0.93,0.0,0,0,0.05555555555555555,-2.08,0,0.05555555555555555,0,-2.11,0.05555555555555555,0",-0.100,47.4,1.1500,-33.2600,-12.9700,-12.9700,0.0,,0,none,19,guide
AGGAAGUUCACGCCUGAGU,UACUGGACGGAUGGUGAGGACUCAGGCGUGAACUUCCUGUUUGUUGCCACUCAUGAA,0.5451155853840417,1,"0.16,-2.08,-10.48,0,0,-189.21,0.21052631578947367,0,0.3157894736842105,0,0,0.05555555555555555,-3.26,0.0,0,0,0.05555555555555555,-2.24,0,0.05555555555555555,0,-3.26,0.05555555555555555,0",-0.500,52.6,0.1600,-35.9800,-11.7900,-11.7900,0.0,,0,none,19,guide
GAAGUUCACGCCUGAGUCC,AGUACUGGACGGAUGGUGAGGACUCAGGCGUGAACUUCCUGUUUGUUGCCACUCAUG,0.5249813571961223,1,"0.46,-2.35,-12.44,0,1,-198.61,0.21052631578947367,0,0.2631578947368421,0,0,0.0,-0.93,0.0,0,0,0.1111111111111111,-3.26,0,0.05555555555555555,0,-2.11,0.05555555555555555,0",0.000,57.9,0.9100,-37.1500,-10.6400,-10.6400,0.0,,0,none,19,guide
UUCACGCCUGAGUCCUCAC,GAUGAGUACUGGACGGAUGGUGAGGACUCAGGCGUGAACUUCCUGUUUGUUGCCACU,0.6666666666666667,1,"1.76,-0.93,-6.82,1,0,-198.51,0.2631578947368421,1,0.15789473684210525,0,0,0.0,-2.35,0.0,1,0,0.1111111111111111,-2.24,0,0.05555555555555555,0,-2.35,0.05555555555555555,0",0.000,57.9,1.7600,-37.8300,-15.7400,-15.7400,0.0,,0,none,19,guide
UCACGCCUGAGUCCUCACC,GGAUGAGUACUGGACGGAUGGUGAGGACUCAGGCGUGAACUUCCUGUUUGUUGCCAC,0.7054436987322893,1,"1.36,-2.35,-12.44,1,0,-205.08,0.21052631578947367,0,0.15789473684210525,0,0,0.0,-2.11,0.0,0,0,0.16666666666666666,-3.26,0,0.05555555555555555,0,-3.26,0.0,0",0.000,63.2,1.3600,-40.1100,-15.4700,-15.4700,0.0,,0,none,19,guide
CACGCCUGAGUCCUCACCA,AGGAUGAGUACUGGACGGAUGGUGAGGACUCAGGCGUGAACUUCCUGUUUGUUGCCA,0.5205070842654735,0,"-0.9,-2.11,-10.44,0,0,-203.08,0.15789473684210525,0,0.15789473684210525,0,0,0.0,-2.24,0.0,0,1,0.16666666666666666,-2.11,0,0.05555555555555555,0,-2.08,0.0,1",0.000,63.2,-0.4500,-40.0700,-15.4700,-15.4700,0.0,,0,none,19,guide
ACGCCUGAGUCCUCACCAU,AAGGAUGAGUACUGGACGGAUGGUGAGGACUCAGGCGUGAACUUCCUGUUUGUUGCC,0.4899328859060403,0,"-0.69,-2.24,-11.4,0,0,-198.3,0.21052631578947367,0,0.15789473684210525,0,0,0.0,-2.36,0.0,0,0,0.16666666666666666,-1.1,0,0.05555555555555555,0,-2.35,0.0,0",0.000,57.9,-1.1400,-38.5100,-15.5800,-15.5800,0.0,,0,none,19,guide
CGCCUGAGUCCUCACCAUC,CAAGGAUGAGUACUGGACGGAUGGUGAGGACUCAGGCGUGAACUUCCUGUUUGUUGC,0.4608501118568233,0,"0.44,-2.36,-10.64,0,0,-206.78000000000003,0.21052631578947367,0,0.15789473684210525,0,0,0.0,-3.42,0.0,0,1,0.16666666666666666,-2.35,0,0.05555555555555555,1,-2.11,0.0,0",0.000,63.2,-0.0100,-39.5200,-15.3000,-15.3000,0.0,,0,none,19,guide
GAGUCCUCACCAUCCGUCC,UUUGACAAGGAUGAGUACUGGACGGAUGGUGAGGACUCAGGCGUGAACUUCCUGUUU,0.6047725577926921,1,"0.46,-2.35,-12.44,0,1,-208.21,0.21052631578947367,0,0.15789473684210525,0,0,0.0,-2.08,0.0,0,0,0.2222222222222222,-3.26,0,0.0,0,-2.35,0.0,0",0.000,63.2,0.9100,-39.7600,-14.3600,-14.3600,0.0,,0,none,19,guide
AGUCCUCACCAUCCGUCCA,CUUUGACAAGGAUGAGUACUGGACGGAUGGUGAGGACUCAGGCGUGAACUUCCUGUU,0.3914988814317673,0,"0.03,-2.08,-10.48,0,0,-198.77,0.21052631578947367,0,0.10526315789473684,0,0,0.0,-2.24,0.0,0,0,0.2222222222222222,-2.11,0,0.0,0,-3.26,0.0,1",0.000,57.9,0.0300,-38.3200,-14.3900,-14.3900,0.0,,0,none,19,guide
UCCUCACCAUCCGUCCAGU,CACUUUGACAAGGAUGAGUACUGGACGGAUGGUGAGGACUCAGGCGUGAACUUCCUG,0.3467561521252796,0,"-0.11,-2.35,-12.44,1,0,-198.77,0.2631578947368421,0,0.10526315789473684,0,0,0.0,-3.26,0.0,0,0,0.2222222222222222,-2.24,0,0.0,0,-2.24,0.0,0",0.000,57.9,-0.1100,-38.3200,-15.3000,-15.3000,0.0,,0,none,19,guide
CCUCACCAUCCGUCCAGUA,UCACUUUGACAAGGAUGAGUACUGGACGGAUGGUGAGGACUCAGGCGUGAACUUCCU,0.2431021625652498,0,"-1.93,-3.26,-13.39,0,0,-197.73999999999995,0.21052631578947367,0,0.10526315789473684,0,0,0.0,-2.08,0.05555555555555555,0,1,0.2222222222222222,-1.33,1,0.0,0,-2.35,0.0,1",0.000,57.9,-2.3800,-38.1500,-14.1500,-14.1500,0.0,,0,none,19,guide
UCACCAUCCGUCCAGUACU,GCUCACUUUGACAAGGAUGAGUACUGGACGGAUGGUGAGGACUCAGGCGUGAACUUC,0.6748695003728561,1,"-0.27,-2.35,-12.44,1,0,-192.03,0.2631578947368421,0,0.10526315789473684,0,0,0.0,-2.11,0.05555555555555555,0,0,0.16666666666666666,-2.08,0,0.0,0,-2.11,0.0,0",0.000,52.6,-0.2700,-36.5800,-13.1700,-13.1700,0.0,,0,none,19,guide
ACCAUCCGUCCAGUACUCA,AUGCUCACUUUGACAAGGAUGAGUACUGGACGGAUGGUGAGGACUCAGGCGUGAACU,0.4705443698732289,0,"-0.13,-2.24,-11.4,0,0,-192.03,0.21052631578947367,0,0.10526315789473684,0,0,0.0,-3.26,0.05555555555555555,0,0,0.16666666666666666,-2.11,0,0.0,0,-2.24,0.0,1",0.000,52.6,-0.1300,-36.5800,-14.4400,-14.4400,0.0,,0,none,19,guide
CCAUCCGUCCAGUACUCAU,GAUGCUCACUUUGACAAGGAUGAGUACUGGACGGAUGGUGAGGACUCAGGCGUGAAC,0.3124533929903057,0,"-2.16,-3.26,-13.39,0,0,-193.73,0.2631578947368421,0,0.10526315789473684,0,0,0.0,-2.11,0.05555555555555555,0,1,0.16666666666666666,-1.1,1,0.0,0,-1.33,0.0,0",0.000,52.6,-2.6100,-35.7900,-13.4200,-13.4200,0.0,,0,none,19,guide
CAUCCGUCCAGUACUCAUC,AGAUGCUCACUUUGACAAGGAUGAGUACUGGACGGAUGGUGAGGACUCAGGCGUGAA,0.6517524235645041,1,"0.24,-2.11,-10.44,0,0,-196.5,0.2631578947368421,0,0.10526315789473684,0,0,0.0,-1.1,0.05555555555555555,0,1,0.1111111111111111,-2.35,0,0.0,0,-2.24,0.0,0",0.000,52.6,0.2400,-35.6300,-13.6600,-13.6600,0.0,,0,none,19,guide
CCGUCCAGUACUCAUCCUU,CGGAGAUGCUCACUUUGACAAGGAUGAGUACUGGACGGAUGGUGAGGACUCAGGCGU,0.5652498135719612,1,"-2.33,-3.26,-13.39,0,0,-191.21,0.3157894736842105,0,0.10526315789473684,0,0,0.0,-2.36,0.05555555555555555,0,1,0.16666666666666666,-0.93,1,0.0,0,-2.11,0.05555555555555555,0",0.000,52.6,-2.7800,-35.6400,-14.4000,-14.4000,0.0,,0,none,19,guide
CAUCCUUGUCAAAGUGAGC,GCCAGGCCUCGGCGGAGAUGCUCACUUUGACAAGGAUGAGUACUGGACGGAUGGUGA,0.7583892617449663,1,"0.86,-2.11,-10.44,0,0,-187.82,0.2631578947368421,0,0.21052631578947367,0,0,0.0,-1.1,0.0,0,1,0.05555555555555555,-3.42,0,0.05555555555555555,0,-2.08,0.05555555555555555,0",-1.100,47.4,1.3100,-33.1900,-11.8300,-11.8300,0.0,,0,none,19,guide
UCAAAGUGAGCAUCUCCGC,GCACCGGGGCCAGGCCUCGGCGGAGAUGCUCACUUUGACAAGGAUGAGUACUGGACG,0.8090976882923191,1,"1.52,-2.35,-12.44,1,0,-193.4,0.21052631578947367,0,0.21052631578947367,0,0,0.0,-2.11,0.0,0,0,0.05555555555555555,-3.42,0,0.1111111111111111,0,-2.35,0.0,0",-0.100,52.6,1.5200,-35.5400,-10.4000,-10.4000,0.0,,0,none,19,guide
AAAGUGAGCAUCUCCGCCG,UUGCACCGGGGCCAGGCCUCGGCGGAGAUGCUCACUUUGACAAGGAUGAGUACUGGA,0.8829231916480238,1,"1.43,-0.93,-6.82,0,0,-194.54999999999995,0.15789473684210525,0,0.2631578947368421,0,0,0.0,-0.93,0.0,0,0,0.1111111111111111,-2.36,0,0.1111111111111111,0,-2.35,0.0,0",-0.900,57.9,1.8800,-36.6500,-11.7900,-11.7900,0.0,,0,none,19,guide
GUGAGCAUCUCCGCCGAGG,CCUUUGCACCGGGGCCAGGCCUCGGCGGAGAUGCUCACUUUGACAAGGAUGAGUACU,0.5376584638329605,1,"0.57,-2.24,-11.4,0,1,-210.46,0.15789473684210525,0,0.3684210526315789,0,0,0.05555555555555555,-2.11,0.0,1,0,0.1111111111111111,-3.26,0,0.1111111111111111,0,-3.42,0.0,0",-1.500,68.4,1.0200,-40.9500,-13.1700,-13.1700,0.0,,0,none,19,guide
UGAGCAUCUCCGCCGAGGC,GCCUUUGCACCGGGGCCAGGCCUCGGCGGAGAUGCUCACUUUGACAAGGAUGAGUAC,0.6726323639075317,1,"1.76,-2.11,-10.44,1,0,-210.22,0.15789473684210525,0,0.3157894736842105,0,0,0.05555555555555555,-2.35,0.0,0,0,0.1111111111111111,-3.42,0,0.16666666666666666,0,-3.26,0.0,0",-1.600,68.4,1.7600,-41.6300,-13.4100,-13.4100,0.0,,0,none,19,guide
AGCAUCUCCGCCGAGGCCU,AUGCCUUUGCACCGGGGCCAGGCCUCGGCGGAGAUGCUCACUUUGACAAGGAUGAGU,0.5108128262490679,0,"0.0,-2.08,-10.48,0,0,-207.49,0.15789473684210525,0,0.2631578947368421,0,0,0.05555555555555555,-3.42,0.0,0,0,0.16666666666666666,-2.08,0,0.16666666666666666,0,-2.35,0.0,0",-1.600,68.4,0.0000,-41.8100,-13.4100,-13.4100,0.0,,0,none,19,guide
AUCUCCGCCGAGGCCUGGC,GCCAUGCCUUUGCACCGGGGCCAGGCCUCGGCGGAGAUGCUCACUUUGACAAGGAUG,0.2692020879940343,0,"2.32,-1.1,-9.38,0,0,-214.12,0.15789473684210525,0,0.3157894736842105,0,0,0.1111111111111111,-2.35,0.0,1,0,0.16666666666666666,-3.42,0,0.16666666666666666,0,-3.42,0.0,0",-3.200,73.7,2.7700,-43.8400,-15.8200,-15.8200,0.0,,0,none,19,guide
UCCGCCGAGGCCUGGCCCC,UAGGCCAUGCCUUUGCACCGGGGCCAGGCCUCGGCGGAGAUGCUCACUUUGACAAGG,0.3788217747949292,0,"1.36,-2.35,-12.44,1,0,-221.98999999999995,0.10526315789473684,0,0.3157894736842105,0,0,0.1111111111111111,-3.26,0.0,0,0,0.3333333333333333,-3.26,0,0.16666666666666666,0,-2.11,0.0,0",-4.000,84.2,1.3600,-47.8900,-17.0100,-17.0100,0.0,,0,none,19,guide
GCCGAGGCCUGGCCCCGGU,CUCUAGGCCAUGCCUUUGCACCGGGGCCAGGCCUCGGCGGAGAUGCUCACUUUGACA,0.0820283370618941,0,"-1.63,-3.42,-14.88,0,1,-220.95,0.10526315789473684,0,0.42105263157894735,0,1,0.16666666666666666,-3.26,0.0,0,0,0.2777777777777778,-2.24,0,0.16666666666666666,0,-3.26,0.0,0",-8.700,84.2,-1.6300,-47.8300,-16.7300,-16.7300,0.0,,0,none,19,guide
CUGGCCCCGGUGCAAAGGC,AGGAAACACUCUAGGCCAUGCCUUUGCACCGGGGCCAGGCCUCGGCGGAGAUGCUCA,0.2431021625652498,0,"0.89,-2.08,-10.48,0,0,-209.33,0.10526315789473684,0,0.3684210526315789,0,0,0.16666666666666666,-2.11,0.0,1,1,0.16666666666666666,-3.42,0,0.16666666666666666,0,-2.11,0.0,0",-1.200,73.7,1.3400,-43.1800,-18.5700,-18.5700,0.0,,0,none,19,guide
UGGCCCCGGUGCAAAGGCA,CAGGAAACACUCUAGGCCAUGCCUUUGCACCGGGGCCAGGCCUCGGCGGAGAUGCUC,0.4407158836689038,0,"0.0,-2.11,-10.44,1,0,-201.85,0.10526315789473684,0,0.3684210526315789,0,0,0.16666666666666666,-3.26,0.0,0,0,0.16666666666666666,-2.11,0,0.16666666666666666,0,-0.93,0.0,1",-2.600,68.4,0.0000,-42.3100,-18.8200,-18.8200,0.0,,0,none,19,guide
AAAGGCAUGGCCUAGAGUG,CAUUUGAUGGGCCAGGAAACACUCUAGGCCAUGCCUUUGCACCGGGGCCAGGCCUCG,0.7516778523489933,1,"1.63,-0.93,-6.82,0,0,-190.39,0.15789473684210525,0,0.3684210526315789,0,0,0.1111111111111111,-0.93,0.05555555555555555,0,0,0.05555555555555555,-2.11,0,0.1111111111111111,0,-1.33,0.0,0",-3.900,52.6,1.6300,-36.2100,-12.9000,-12.9000,0.0,,0,none,19,guide
GCAUGGCCUAGAGUGUUUC,UUCCCAUUUGAUGGGCCAGGAAACACUCUAGGCCAUGCCUUUGCACCGGGGCCAGGC,0.4004474272930649,0,"-0.62,-3.42,-14.88,0,1,-194.08,0.3157894736842105,0,0.3157894736842105,0,1,0.05555555555555555,-2.11,0.05555555555555555,0,0,0.05555555555555555,-2.35,0,0.1111111111111111,0,-2.24,0.1111111111111111,0",-1.000,52.6,-1.0700,-35.8100,-15.2600,-15.2600,0.0,,0,none,19,guide
CAUGGCCUAGAGUGUUUCC,CUUCCCAUUUGAUGGGCCAGGAAACACUCUAGGCCAUGCCUUUGCACCGGGGCCAGG,0.6689038031319909,1,"0.7,-2.11,-10.44,0,0,-192.59,0.3157894736842105,0,0.2631578947368421,0,0,0.05555555555555555,-1.1,0.05555555555555555,0,1,0.1111111111111111,-3.26,0,0.05555555555555555,0,-2.11,0.1111111111111111,0",0.000,52.6,1.1500,-35.6500,-15.2300,-15.2300,0.0,,0,none,19,guide
GGCCUAGAGUGUUUCCUGG,CAACUUCCCAUUUGAUGGGCCAGGAAACACUCUAGGCCAUGCCUUUGCACCGGGGCC,0.2520507084265473,0,"0.0,-3.26,-13.39,0,1,-196.64,0.3157894736842105,0,0.3684210526315789,1,0,0.1111111111111111,-3.42,0.05555555555555555,0,0,0.1111111111111111,-3.26,0,0.05555555555555555,0,-0.93,0.1111111111111111,0",-1.500,57.9,0.0000,-37.9800,-14.5200,-14.5200,0.0,,0,none,19,guide
CCUAGAGUGUUUCCUGGCC,GACAACUUCCCAUUUGAUGGGCCAGGAAACACUCUAGGCCAUGCCUUUGCACCGGGG,0.4064131245339299,0,"0.0,-3.26,-13.39,0,0,-196.64,0.3157894736842105,0,0.2631578947368421,0,0,0.05555555555555555,-2.08,0.05555555555555555,0,1,0.16666666666666666,-3.26,1,0.05555555555555555,0,-3.26,0.1111111111111111,0",-1.900,57.9,0.0000,-37.7800,-12.1600,-12.1600,0.0,,0,none,19,guide
CUAGAGUGUUUCCUGGCCC,AGACAACUUCCCAUUUGAUGGGCCAGGAAACACUCUAGGCCAUGCCUUUGCACCGGG,0.622669649515287,1,"0.73,-2.08,-10.48,0,0,-196.64,0.3157894736842105,0,0.2631578947368421,0,0,0.05555555555555555,-1.33,0.05555555555555555,1,1,0.16666666666666666,-3.26,0,0.05555555555555555,0,-2.08,0.1111111111111111,0",-1.600,57.9,1.1800,-37.7800,-12.1900,-12.1900,0.0,,0,none,19,guide
GUUUCCUGGCCCAUCAAAU,AUCACGGAGACAACUUCCCAUUUGAUGGGCCAGGAAACACUCUAGGCCAUGCCUUUG,0.0782997762863534,0,"-1.59,-2.24,-11.4,0,1,-185.23,0.3157894736842105,0,0.15789473684210525,0,0,0.05555555555555555,-0.93,0.0,1,0,0.16666666666666666,-1.1,0,0.05555555555555555,0,-1.1,0.1111111111111111,0",0.000,47.4,-1.5900,-33.6400,-11.6600,-11.6600,0.0,,0,none,19,guide
UGGCCCAUCAAAUGGGAAG,GGGGAGAUCACGGAGACAACUUCCCAUUUGAUGGGCCAGGAAACACUCUAGGCCAUG,0.6338553318419089,1,"0.87,-2.11,-10.44,1,0,-190.83999999999997,0.15789473684210525,0,0.3157894736842105,0,0,0.16666666666666666,-3.26,0.0,0,0,0.1111111111111111,-2.08,0,0.05555555555555555,0,-2.11,0.0,0",-5.200,52.6,0.4200,-35.9900,-16.4100,-16.4100,0.0,,0,none,19,guide
GCCCAUCAAAUGGGAAGUU,AAGGGGAGAUCACGGAGACAACUUCCCAUUUGAUGGGCCAGGAAACACUCUAGGCCA,0.0014914243102162,0,"-2.49,-3.42,-14.88,0,1,-185.23,0.21052631578947367,0,0.2631578947368421,0,1,0.1111111111111111,-3.26,0.0,0,0,0.1111111111111111,-0.93,0,0.05555555555555555,0,-3.26,0.05555555555555555,0",-5.200,47.4,-2.9400,-33.4400,-14.1900,-14.1900,0.0,,0,none,19,guide
GUUGUCUCCGUGAUCUCCC,UCAUAAUUGGCUUCGCAAGGGGAGAUCACGGAGACAACUUCCCAUUUGAUGGGCCAG,0.7024608501118568,1,"0.57,-2.24,-11.4,0,1,-201.64,0.3684210526315789,0,0.21052631578947367,0,0,0.0,-0.93,0.0,1,0,0.16666666666666666,-3.26,0,0.0,0,-1.1,0.05555555555555555,0",-0.200,57.9,1.0200,-37.4300,-12.0600,-12.0600,0.0,,0,none,19,guide
UGUCUCCGUGAUCUCCCCU,CAUCAUAAUUGGCUUCGCAAGGGGAGAUCACGGAGACAACUUCCCAUUUGAUGGGCC,0.7591349739000746,1,"-0.03,-2.11,-10.44,1,0,-199.84999999999997,0.3684210526315789,0,0.15789473684210525,0,0,0.0,-2.24,0.0,0,0,0.2222222222222222,-2.08,0,0.0,0,-2.08,0.0,0",-0.200,57.9,-0.0300,-38.7000,-14.6400,-14.6400,0.0,,0,none,19,guide
CUCCGUGAUCUCCCCUUGC,AGACAUCAUAAUUGGCUUCGCAAGGGGAGAUCACGGAGACAACUUCCCAUUUGAUGG,0.6748695003728561,1,"0.89,-2.08,-10.48,0,0,-205.14999999999995,0.3157894736842105,0,0.15789473684210525,0,0,0.0,-2.35,0.0,1,1,0.2222222222222222,-3.42,0,0.05555555555555555,0,-3.26,0.05555555555555555,0",0.000,63.2,1.3400,-39.3600,-14.6700,-14.6700,0.0,,0,none,19,guide
UCCGUGAUCUCCCCUUGCG,CAGACAUCAUAAUUGGCUUCGCAAGGGGAGAUCACGGAGACAACUUCCCAUUUGAUG,0.7255779269202088,1,"0.46,-2.35,-12.44,1,0,-201.59,0.3157894736842105,0,0.21052631578947367,0,0,0.0,-3.26,0.0,0,0,0.2222222222222222,-2.36,0,0.05555555555555555,0,-3.26,0.05555555555555555,0",-0.500,63.2,0.4600,-39.0900,-13.4200,-13.4200,0.0,,0,none,19,guide
CGUGAUCUCCCCUUGCGAA,UGCAGACAUCAUAAUUGGCUUCGCAAGGGGAGAUCACGGAGACAACUUCCCAUUUGA,0.1998508575689783,0,"-1.43,-2.36,-10.64,0,0,-195.02,0.2631578947368421,0,0.21052631578947367,0,0,0.0,-2.24,0.0,0,1,0.16666666666666666,-0.93,0,0.05555555555555555,1,-0.93,0.05555555555555555,1",-1.300,57.9,-1.8800,-36.8100,-12.2300,-12.2300,0.0,,0,none,19,guide
UGAUCUCCCCUUGCGAAGC,ACUGCAGACAUCAUAAUUGGCUUCGCAAGGGGAGAUCACGGAGACAACUUCCCAUUU,0.785234899328859,1,"1.76,-2.11,-10.44,1,0,-198.33999999999997,0.2631578947368421,0,0.21052631578947367,0,0,0.0,-2.35,0.0,0,0,0.16666666666666666,-3.42,0,0.1111111111111111,0,-3.42,0.05555555555555555,0",0.000,57.9,1.7600,-37.7100,-13.4900,-13.4900,0.0,,0,none,19,guide
CCUUGCGAAGCCAAUUAUG,GUUGGGGGACUGCAGACAUCAUAAUUGGCUUCGCAAGGGGAGAUCACGGAGACAACU,0.4705443698732289,0,"-0.7,-3.26,-13.39,0,0,-182.02,0.2631578947368421,0,0.21052631578947367,0,0,0.0,-2.08,0.05555555555555555,0,1,0.1111111111111111,-2.11,1,0.1111111111111111,0,-0.93,0.1111111111111111,0",0.000,47.4,-1.1500,-32.2200,-13.2500,-13.2500,0.0,,0,none,19,guide
CUUGCGAAGCCAAUUAUGA,AGUUGGGGGACUGCAGACAUCAUAAUUGGCUUCGCAAGGGGAGAUCACGGAGACAAC,0.5630126771066368,1,"-0.63,-2.08,-10.48,0,0,-177.34999999999997,0.2631578947368421,0,0.21052631578947367,0,0,0.0,-0.93,0.05555555555555555,1,1,0.05555555555555555,-2.35,0,0.1111111111111111,0,-1.1,0.1111111111111111,1",0.000,42.1,-0.1800,-30.9600,-12.1000,-12.1000,0.0,,0,none,19,guide
GAAGCCAAUUAUGAUGUCU,GGGUUAGUUGGGGGACUGCAGACAUCAUAAUUGGCUUCGCAAGGGGAGAUCACGGAG,0.7412378821774795,1,"-1.17,-2.35,-12.44,0,1,-178.22999999999996,0.3157894736842105,0,0.21052631578947367,0,0,0.0,-0.93,0.05555555555555555,0,0,0.05555555555555555,-2.08,0,0.05555555555555555,0,-2.35,0.05555555555555555,0",0.000,36.8,-0.7200,-29.7900,-12.7300,-12.7300,0.0,,0,none,19,guide
AAGCCAAUUAUGAUGUCUG,AGGGUUAGUUGGGGGACUGCAGACAUCAUAAUUGGCUUCGCAAGGGGAGAUCACGGA,0.7658463832960477,1,"1.63,-0.93,-6.82,0,0,-176.22999999999996,0.3157894736842105,0,0.21052631578947367,0,0,0.0,-2.08,0.05555555555555555,0,0,0.05555555555555555,-2.11,0,0.05555555555555555,0,-1.1,0.05555555555555555,0",0.000,36.8,1.6300,-29.5500,-12.9000,-12.9000,0.0,,0,none,19,guide
AGCCAAUUAUGAUGUCUGC,GAGGGUUAGUUGGGGGACUGCAGACAUCAUAAUUGGCUUCGCAAGGGGAGAUCACGG,0.715137956748695,1,"1.79,-2.08,-10.48,0,0,-184.29,0.3157894736842105,0,0.21052631578947367,0,0,0.0,-3.42,0.05555555555555555,0,0,0.05555555555555555,-3.42,0,0.1111111111111111,0,-2.11,0.05555555555555555,0",0.000,42.1,1.7900,-31.8400,-11.7500,-11.7500,0.0,,0,none,19,guide
CCCCAACUAACCCUCUUGA,UGCAAAUCCCACUGXAACUUCAAGAGGGUUAGUUGGGGGACUGCAGACAUCAUAAUU,0.3042505592841163,0,"-1.36,-3.26,-13.39,0,0,-187.77,0.21052631578947367,0,0.05263157894736842,0,0,0.0,-3.26,0.05555555555555555,0,1,0.2777777777777778,-2.35,1,0.0,0,-2.08,0.05555555555555555,1",0.000,52.6,-1.3600,-35.9700,-13.8800,-13.8800,0.0,,0,none,19,guide
AGUGGGAUUUGCAUACUCC,XXXXXXXXXXXXXXAAUGUGGAGUAUGCAAAUCCCACUGXAACUUCAAGAGGGUUAG,0.72110365398956,1,"1.63,-2.08,-10.48,0,0,-187.77,0.3157894736842105,0,0.2631578947368421,0,0,0.1111111111111111,-2.24,0.05555555555555555,0,0,0.05555555555555555,-3.26,0,0.05555555555555555,0,-1.1,0.1111111111111111,0",-0.200,47.4,1.6300,-34.1200,-14.3200,-14.3200,0.0,,0,none,19,guide
CUGGAAUGCCACUUAGGAC,UUCUCACUAAUGCCAAACAGUCCUAAGUGGCAUUCCAGAACXXXXXXXXXXXXXXXX,0.8165548098434005,1,"0.16,-2.08,-10.48,0,0,-192.59,0.21052631578947367,0,0.2631578947368421,0,0,0.1111111111111111,-2.11,0.05555555555555555,1,1,0.05555555555555555,-2.24,0,0.05555555555555555,0,-0.93,0.05555555555555555,0",-1.300,52.6,0.1600,-35.8500,-11.8600,-11.8600,0.0,,0,none,19,guide
GAAUGCCACUUAGGACUGU,GAAUUCUCACUAAUGCCAAACAGUCCUAAGUGGCAUUCCAGAACXXXXXXXXXXXXX,0.4899328859060403,0,"-1.01,-2.35,-12.44,0,1,-186.88,0.2631578947368421,0,0.2631578947368421,0,0,0.05555555555555555,-0.93,0.05555555555555555,0,0,0.05555555555555555,-2.24,0,0.05555555555555555,0,-3.26,0.05555555555555555,0",-0.400,47.4,-0.5600,-34.0800,-12.9300,-12.9300,0.0,,0,none,19,guide
UGCCACUUAGGACUGUUUG,GCAGAAUUCUCACUAAUGCCAAACAGUCCUAAGUGGCAUUCCAGAACXXXXXXXXXX,0.6055182699478002,1,"0.9,-2.11,-10.44,1,0,-182.32,0.3684210526315789,0,0.2631578947368421,0,0,0.05555555555555555,-3.42,0.05555555555555555,0,0,0.05555555555555555,-2.11,0,0.05555555555555555,0,-2.08,0.16666666666666666,0",-0.400,47.4,0.4500,-33.5200,-14.0400,-14.0400,0.0,,0,none,19,guide
UUAGGACUGUUUGGCAUUA,GAUGUUGCAGAAUUCUCACUAAUGCCAAACAGUCCUAAGUGGCAUUCCAGAACXXXX,0.7829977628635347,1,"0.4,-0.93,-6.82,1,0,-170.17,0.42105263157894735,1,0.2631578947368421,0,0,0.1111111111111111,-1.33,0.1111111111111111,1,0,0.0,-1.33,0,0.05555555555555555,0,-3.26,0.2222222222222222,1",0.000,36.8,0.4000,-30.1000,-13.3400,-13.3400,0.0,,0,none,19,guide
UGGCAUUAGUGAGAAUUCU,GUGGAGUGCCAGAUGUUGCAGAAUUCUCACUAAUGCCAAACAGUCCUAAGUGGCAUU,0.7971662938105891,1,"-0.03,-2.11,-10.44,1,0,-175.61,0.3684210526315789,0,0.2631578947368421,0,0,0.05555555555555555,-3.26,0.05555555555555555,0,0,0.0,-2.08,0,0.05555555555555555,0,-2.35,0.1111111111111111,0",0.000,36.8,-0.0300,-30.2200,-12.1500,-12.1500,0.0,,0,none,19,guide
GCAUUAGUGAGAAUUCUGC,GUGUGGAGUGCCAGAUGUUGCAGAAUUCUCACUAAUGCCAAACAGUCCUAAGUGGCA,0.7032065622669649,1,"0.0,-3.42,-14.88,0,1,-184.54,0.3157894736842105,0,0.2631578947368421,0,1,0.0,-2.11,0.05555555555555555,0,0,0.0,-3.42,0,0.1111111111111111,0,-1.1,0.1111111111111111,0",0.000,42.1,0.0000,-31.2300,-9.7900,-9.7900,0.0,,0,none,19,guide
CAUUAGUGAGAAUUCUGCA,GGUGUGGAGUGCCAGAUGUUGCAGAAUUCUCACUAAUGCCAAACAGUCCUAAGUGGC,0.5436241610738255,1,"-0.9,-2.11,-10.44,0,0,-176.37999999999997,0.3157894736842105,0,0.21052631578947367,0,0,0.0,-1.1,0.05555555555555555,0,1,0.0,-2.11,0,0.05555555555555555,0,-0.93,0.1111111111111111,1",0.000,36.8,-0.4500,-29.4200,-9.7900,-9.7900,0.0,,0,none,19,guide
UUAGUGAGAAUUCUGCAAC,CAGGUGUGGAGUGCCAGAUGUUGCAGAAUUCUCACUAAUGCCAAACAGUCCUAAGUG,0.9105145413870248,1,"1.76,-0.93,-6.82,1,0,-174.78,0.3157894736842105,1,0.21052631578947367,0,0,0.0,-1.33,0.05555555555555555,1,0,0.0,-2.24,0,0.05555555555555555,0,-2.08,0.1111111111111111,0",0.000,36.8,1.7600,-29.3800,-12.1900,-12.1900,0.0,,0,none,19,guide
AGUGAGAAUUCUGCAACAU,CCCAGGUGUGGAGUGCCAGAUGUUGCAGAAUUCUCACUAAUGCCAAACAGUCCUAAG,0.5980611483967189,1,"-0.53,-2.08,-10.48,0,0,-176.37,0.2631578947368421,0,0.21052631578947367,0,0,0.0,-2.24,0.0,0,0,0.0,-1.1,0,0.05555555555555555,0,-3.42,0.05555555555555555,0",0.000,36.8,-0.9800,-30.1300,-12.0600,-12.0600,0.0,,0,none,19,guide
GUGAGAAUUCUGCAACAUC,GCCCAGGUGUGGAGUGCCAGAUGUUGCAGAAUUCUCACUAAUGCCAAACAGUCCUAA,0.8903803131991052,1,"0.11,-2.24,-11.4,0,1,-185.77,0.2631578947368421,0,0.21052631578947367,0,0,0.0,-2.11,0.0,1,0,0.0,-2.35,0,0.05555555555555555,0,-2.11,0.05555555555555555,0",0.000,42.1,0.1100,-31.3000,-10.9200,-10.9200,0.0,,0,none,19,guide
GAAUUCUGCAACAUCUGGC,AGAAGCCCAGGUGUGGAGUGCCAGAUGUUGCAGAAUUCUCACUAAUGCCAAACAGUC,0.7464578672632363,1,"0.62,-2.35,-12.44,0,1,-190.2,0.2631578947368421,0,0.21052631578947367,0,0,0.05555555555555555,-0.93,0.0,0,0,0.0,-3.42,0,0.1111111111111111,0,-1.1,0.05555555555555555,0",0.000,47.4,1.0700,-33.1900,-9.5000,-9.5000,0.0,,0,none,19,guide
UUCUGCAACAUCUGGCACU,UGCAGAAGCCCAGGUGUGGAGUGCCAGAUGUUGCAGAAUUCUCACUAAUGCCAAACA,0.8575689783743474,1,"0.7,-0.93,-6.82,1,0,-186.44,0.3157894736842105,1,0.15789473684210525,0,0,0.05555555555555555,-2.35,0.0,1,0,0.0,-2.08,0,0.1111111111111111,0,-2.11,0.05555555555555555,0",-1.600,47.4,1.1500,-34.3900,-13.0000,-13.0000,0.0,,0,none,19,guide
UCUGCAACAUCUGGCACUC,AUGCAGAAGCCCAGGUGUGGAGUGCCAGAUGUUGCAGAAUUCUCACUAAUGCCAAAC,0.7755406413124535,1,"0.9,-2.35,-12.44,1,0,-195.78,0.2631578947368421,0,0.15789473684210525,0,0,0.05555555555555555,-2.08,0.0,0,0,0.0,-2.35,0,0.1111111111111111,0,-3.26,0.0,0",-1.600,52.6,0.4500,-36.5100,-12.8900,-12.8900,0.0,,0,none,19,guide
UGCAACAUCUGGCACUCCA,UAAUGCAGAAGCCCAGGUGUGGAGUGCCAGAUGUUGCAGAAUUCUCACUAAUGCCAA,0.6808351976137211,1,"0.0,-2.11,-10.44,1,0,-192.97,0.21052631578947367,0,0.15789473684210525,0,0,0.05555555555555555,-3.42,0.0,0,0,0.05555555555555555,-2.11,0,0.1111111111111111,0,-2.11,0.0,1",-1.400,52.6,0.0000,-36.9000,-11.9100,-11.9100,0.0,,0,none,19,guide
AACAUCUGGCACUCCACAC,AGAUAAUGCAGAAGCCCAGGUGUGGAGUGCCAGAUGUUGCAGAAUUCUCACUAAUGC,0.7002237136465324,1,"1.76,-0.93,-6.82,0,0,-194.17,0.15789473684210525,0,0.10526315789473684,0,0,0.05555555555555555,-2.24,0.0,0,0,0.05555555555555555,-2.24,0,0.05555555555555555,0,-2.35,0.0,0",-0.500,52.6,1.7600,-36.4000,-11.9900,-11.9900,0.0,,0,none,19,guide
UCUGGCACUCCACACCUGG,AUGGAGAUAAUGCAGAAGCCCAGGUGUGGAGUGCCAGAUGUUGCAGAAUUCUCACUA,0.6383296047725577,1,"1.36,-2.35,-12.44,1,0,-203.83000000000004,0.21052631578947367,0,0.21052631578947367,0,0,0.1111111111111111,-2.08,0.0,0,0,0.1111111111111111,-3.26,0,0.05555555555555555,0,-2.11,0.0,0",-0.500,63.2,1.3600,-40.3800,-15.2200,-15.2200,0.0,,0,none,19,guide
CUGGCACUCCACACCUGGG,CAUGGAGAUAAUGCAGAAGCCCAGGUGUGGAGUGCCAGAUGUUGCAGAAUUCUCACU,0.4526472781506338,0,"0.73,-2.08,-10.48,0,0,-208.5,0.15789473684210525,0,0.2631578947368421,0,0,0.16666666666666666,-2.11,0.0,1,1,0.1111111111111111,-3.26,0,0.05555555555555555,0,-2.24,0.0,0",-1.500,68.4,1.1800,-42.1900,-15.2200,-15.2200,0.0,,0,none,19,guide
GCACUCCACACCUGGGCUU,UGUCAUGGAGAUAAUGCAGAAGCCCAGGUGUGGAGUGCCAGAUGUUGCAGAAUUCUC,0.3542132736763609,0,"-2.49,-3.42,-14.88,0,1,-202.64999999999995,0.21052631578947367,0,0.21052631578947367,0,1,0.1111111111111111,-2.11,0.0,0,0,0.1111111111111111,-0.93,0,0.1111111111111111,0,-2.11,0.05555555555555555,0",-1.700,63.2,-2.9400,-40.4200,-14.1500,-14.1500,0.0,,0,none,19,guide
CACUCCACACCUGGGCUUC,GUGUCAUGGAGAUAAUGCAGAAGCCCAGGUGUGGAGUGCCAGAUGUUGCAGAAUUCU,0.7009694258016406,1,"0.24,-2.11,-10.44,0,0,-203.93,0.21052631578947367,0,0.15789473684210525,0,0,0.1111111111111111,-2.24,0.0,0,1,0.1111111111111111,-2.35,0,0.05555555555555555,0,-3.26,0.05555555555555555,0",-1.700,63.2,0.2400,-39.9000,-14.2800,-14.2800,0.0,,0,none,19,guide
CCACACCUGGGCUUCUGCA,CCCCGUGUCAUGGAGAUAAUGCAGAAGCCCAGGUGUGGAGUGCCAGAUGUUGCAGAA,0.4571215510812826,0,"-1.6,-3.26,-13.39,0,0,-201.69,0.21052631578947367,0,0.21052631578947367,0,0,0.1111111111111111,-2.11,0.0,0,1,0.1111111111111111,-2.11,1,0.1111111111111111,0,-0.93,0.05555555555555555,1",-2.600,63.2,-1.6000,-40.4900,-14.0400,-14.0400,0.0,,0,none,19,guide
ACACCUGGGCUUCUGCAUU,CCCCCCGUGUCAUGGAGAUAAUGCAGAAGCCCAGGUGUGGAGUGCCAGAUGUUGCAG,0.6420581655480985,1,"-0.86,-2.24,-11.4,0,0,-190.34,0.3157894736842105,0,0.21052631578947367,0,0,0.1111111111111111,-2.11,0.0,0,0,0.05555555555555555,-0.93,0,0.1111111111111111,0,-2.08,0.1111111111111111,0",-1.300,52.6,-1.3100,-36.4500,-15.0600,-15.0600,0.0,,0,none,19,guide
CUUCUGCAUUAUCUCCAUG,GAAAGCUGUCCCCCCGUGUCAUGGAGAUAAUGCAGAAGCCCAGGUGUGGAGUGCCAG,0.727069351230425,1,"0.03,-2.08,-10.48,0,0,-184.65,0.42105263157894735,0,0.10526315789473684,0,0,0.0,-0.93,0.05555555555555555,1,1,0.05555555555555555,-2.11,0,0.05555555555555555,0,-2.08,0.1111111111111111,0",0.000,42.1,0.0300,-31.1100,-13.0000,-13.0000,0.0,,0,none,19,guide
UCUGCAUUAUCUCCAUGAC,UGGAAAGCUGUCCCCCCGUGUCAUGGAGAUAAUGCAGAAGCCCAGGUGUGGAGUGCC,0.8575689783743474,1,"0.79,-2.35,-12.44,1,0,-187.47,0.3684210526315789,0,0.10526315789473684,0,0,0.0,-2.08,0.05555555555555555,0,0,0.05555555555555555,-2.24,0,0.05555555555555555,0,-3.26,0.05555555555555555,0",0.000,42.1,0.3400,-32.3400,-11.7500,-11.7500,0.0,,0,none,19,guide
UGCAUUAUCUCCAUGACAC,ACUGGAAAGCUGUCCCCCCGUGUCAUGGAGAUAAUGCAGAAGCCCAGGUGUGGAGUG,0.83668903803132,1,"1.03,-2.11,-10.44,1,0,-186.39,0.3157894736842105,0,0.10526315789473684,0,0,0.0,-3.42,0.05555555555555555,0,0,0.05555555555555555,-2.24,0,0.05555555555555555,0,-1.1,0.05555555555555555,0",0.000,42.1,0.5800,-32.2600,-9.9900,-9.9900,0.0,,0,none,19,guide
GGACAGCUUUCCAGUCUCC,AGAAGUUCUUCGGUUUGCCGGAGACUGGAAAGCUGUCCCCCCGUGUCAUGGAGAUAA,0.6614466815809098,1,"0.0,-3.26,-13.39,0,1,-200.44,0.2631578947368421,0,0.21052631578947367,1,0,0.05555555555555555,-2.35,0.0,0,0,0.1111111111111111,-3.26,0,0.05555555555555555,0,-2.08,0.1111111111111111,0",-2.200,57.9,0.0000,-37.6900,-14.2800,-14.2800,0.0,,0,none,19,guide
GCUUUCCAGUCUCCGGCAA,AAUGCAGAAGUUCUUCGGUUUGCCGGAGACUGGAAAGCUGUCCCCCCGUGUCAUGGA,0.0141685309470544,0,"-2.49,-3.42,-14.88,0,1,-194.73999999999995,0.2631578947368421,0,0.21052631578947367,0,1,0.05555555555555555,-2.08,0.0,0,0,0.1111111111111111,-0.93,0,0.1111111111111111,0,-3.26,0.1111111111111111,1",-0.700,57.9,-2.9400,-37.2300,-11.6600,-11.6600,0.0,,0,none,19,guide
UUCCAGUCUCCGGCAAACC,GGAAAUGCAGAAGUUCUUCGGUUUGCCGGAGACUGGAAAGCUGUCCCCCCGUGUCAU,0.7665920954511559,1,"2.33,-0.93,-6.82,1,0,-194.17,0.21052631578947367,1,0.15789473684210525,0,0,0.05555555555555555,-2.35,0.0,1,0,0.16666666666666666,-3.26,0,0.05555555555555555,0,-3.42,0.05555555555555555,0",-0.100,57.9,2.7800,-37.3800,-14.3900,-14.3900,0.0,,0,none,19,guide
UCCGGCAAACCGAAGAACU,AAACUGAGGGAAAUGCAGAAGUUCUUCGGUUUGCCGGAGACUGGAAAGCUGUCCCCC,0.401193139448173,0,"-0.27,-2.35,-12.44,1,0,-184.08,0.10526315789473684,0,0.21052631578947367,0,0,0.05555555555555555,-3.26,0.0,0,0,0.1111111111111111,-2.08,0,0.05555555555555555,0,-0.93,0.0,0",-2.700,52.6,-0.2700,-34.9500,-15.3400,-15.3400,0.0,,0,none,19,guide
CCGGCAAACCGAAGAACUU,CAAACUGAGGGAAAUGCAGAAGUUCUUCGGUUUGCCGGAGACUGGAAAGCUGUCCCC,0.0134228187919463,0,"-2.33,-3.26,-13.39,0,0,-182.18,0.10526315789473684,0,0.21052631578947367,0,0,0.05555555555555555,-2.36,0.0,0,1,0.1111111111111111,-0.93,1,0.05555555555555555,0,-2.08,0.05555555555555555,0",-2.700,52.6,-2.7800,-34.0800,-13.0100,-13.0100,0.0,,0,none,19,guide
GAACUUCUGCAUUUCCCUC,CCAGUGCAGUGGACAAACUGAGGGAAAUGCAGAAGUUCUUCGGUUUGCCGGAGACUG,0.727069351230425,1,"0.0,-2.35,-12.44,0,1,-188.19,0.3684210526315789,0,0.10526315789473684,0,0,0.0,-0.93,0.0,0,0,0.1111111111111111,-2.35,0,0.05555555555555555,0,-0.93,0.16666666666666666,0",0.000,47.4,0.0000,-33.0700,-10.6100,-10.6100,0.0,,0,none,19,guide
AACUUCUGCAUUUCCCUCA,ACCAGUGCAGUGGACAAACUGAGGGAAAUGCAGAAGUUCUUCGGUUUGCCGGAGACU,0.773303504847129,1,"0.73,-0.93,-6.82,0,0,-178.74999999999997,0.3684210526315789,0,0.05263157894736842,0,0,0.0,-2.24,0.0,0,0,0.1111111111111111,-2.11,0,0.05555555555555555,0,-2.35,0.16666666666666666,1",0.000,42.1,1.1800,-31.8300,-11.7900,-11.7900,0.0,,0,none,19,guide
ACUUCUGCAUUUCCCUCAG,CACCAGUGCAGUGGACAAACUGAGGGAAAUGCAGAAGUUCUUCGGUUUGCCGGAGAC,0.6219239373601789,1,"0.74,-2.24,-11.4,0,0,-186.12999999999997,0.3684210526315789,0,0.10526315789473684,0,0,0.0,-2.08,0.0,0,0,0.1111111111111111,-2.08,0,0.05555555555555555,0,-3.26,0.16666666666666666,0",0.000,47.4,0.2900,-33.6800,-12.9700,-12.9700,0.0,,0,none,19,guide
UCUGCAUUUCCCUCAGUUU,GGCCACCAGUGCAGUGGACAAACUGAGGGAAAUGCAGAAGUUCUUCGGUUUGCCGGA,0.8657718120805369,1,"-0.97,-2.35,-12.44,1,0,-178.75,0.4736842105263158,0,0.10526315789473684,0,0,0.0,-2.08,0.0,0,0,0.1111111111111111,-0.93,0,0.05555555555555555,0,-2.35,0.2222222222222222,0",0.000,42.1,-1.4200,-31.9800,-11.7500,-11.7500,0.0,,0,none,19,guide
CAUUUCCCUCAGUUUGUCC,AGAAGGCCACCAGUGCAGUGGACAAACUGAGGGAAAUGCAGAAGUUCUUCGGUUUGC,0.6189410887397464,1,"0.7,-2.11,-10.44,0,0,-185.62,0.42105263157894735,0,0.10526315789473684,0,0,0.0,-1.1,0.0,0,1,0.16666666666666666,-3.26,0,0.0,0,-0.93,0.2222222222222222,0",0.000,47.4,1.1500,-32.8300,-11.8300,-11.8300,0.0,,0,none,19,guide
CCCUCAGUUUGUCCACUGC,AACAAAGAAGGCCACCAGUGCAGUGGACAAACUGAGGGAAAUGCAGAAGUUCUUCGG,0.2408650260999254,0,"0.16,-3.26,-13.39,0,0,-197.36,0.3157894736842105,0,0.15789473684210525,0,0,0.0,-3.26,0.0,0,1,0.16666666666666666,-3.42,1,0.05555555555555555,0,-3.26,0.1111111111111111,0",-1.600,57.9,0.1600,-37.5700,-14.1200,-14.1200,0.0,,0,none,19,guide
UCAGUUUGUCCACUGCACU,UAAAACAAAGAAGGCCACCAGUGCAGUGGACAAACUGAGGGAAAUGCAGAAGUUCUU,0.8210290827740492,1,"-0.27,-2.35,-12.44,1,0,-184.98,0.3684210526315789,0,0.15789473684210525,0,0,0.0,-2.11,0.0,0,0,0.05555555555555555,-2.08,0,0.05555555555555555,0,-2.08,0.1111111111111111,0",-1.600,47.4,-0.2700,-34.3500,-10.4000,-10.4000,0.0,,0,none,19,guide
CAGUUUGUCCACUGCACUG,CUAAAACAAAGAAGGCCACCAGUGCAGUGGACAAACUGAGGGAAAUGCAGAAGUUCU,0.7457121551081283,1,"0.0,-2.11,-10.44,0,0,-190.42,0.3157894736842105,0,0.21052631578947367,0,0,0.0,-2.08,0.0,0,1,0.05555555555555555,-2.11,0,0.05555555555555555,0,-2.11,0.1111111111111111,0",-1.500,52.6,0.0000,-35.1600,-10.5300,-10.5300,0.0,,0,none,19,guide
CCACUGCACUGGUGGCCUU,UCACGACUCUAAAACAAAGAAGGCCACCAGUGCAGUGGACAAACUGAGGGAAAUGCA,0.1662938105891126,0,"-2.33,-3.26,-13.39,0,0,-200.64999999999995,0.2631578947368421,0,0.2631578947368421,0,0,0.1111111111111111,-2.11,0.0,0,1,0.1111111111111111,-0.93,1,0.1111111111111111,0,-2.11,0.05555555555555555,0",-4.700,63.2,-2.7800,-40.3800,-14.0700,-14.0700,0.0,,0,none,19,guide
GCACUGGUGGCCUUCUUUG,UACCUUCACGACUCUAAAACAAAGAAGGCCACCAGUGCAGUGGACAAACUGAGGGAA,0.284862043251305,0,"-0.86,-3.42,-14.88,0,1,-195.22,0.3684210526315789,0,0.3157894736842105,0,1,0.1111111111111111,-2.11,0.0,0,0,0.05555555555555555,-2.11,0,0.1111111111111111,0,-0.93,0.16666666666666666,0",-0.200,57.9,-1.3100,-37.5300,-14.0400,-14.0400,0.0,,0,none,19,guide
ACUGGUGGCCUUCUUUGUU,UUUACCUUCACGACUCUAAAACAAAGAAGGCCACCAGUGCAGUGGACAAACUGAGGG,0.6495152870991797,1,"-0.86,-2.24,-11.4,0,0,-180.67999999999995,0.4736842105263158,0,0.2631578947368421,0,0,0.1111111111111111,-2.08,0.0,0,0,0.05555555555555555,-0.93,0,0.05555555555555555,0,-2.08,0.2222222222222222,0",0.000,47.4,-1.3100,-34.0700,-15.0600,-15.0600,0.0,,0,none,19,guide
UGGUGGCCUUCUUUGUUUU,AUUUUACCUUCACGACUCUAAAACAAAGAAGGCCACCAGUGCAGUGGACAAACUGAG,0.3407904548844146,0,"-0.73,-2.11,-10.44,1,0,-172.44,0.5789473684210527,0,0.2631578947368421,0,0,0.1111111111111111,-3.26,0.0,0,0,0.05555555555555555,-0.93,0,0.05555555555555555,0,-0.93,0.3333333333333333,0",0.000,42.1,-1.1800,-31.4600,-17.5500,-17.5500,0.0,,0,none,19,guide
UGGCCUUCUUUGUUUUAGA,GAAAUUUUACCUUCACGACUCUAAAACAAAGAAGGCCACCAGUGCAGUGGACAAACU,0.7136465324384788,1,"0.24,-2.11,-10.44,1,0,-167.81999999999996,0.5263157894736842,0,0.21052631578947367,0,0,0.05555555555555555,-3.26,0.05555555555555555,0,0,0.05555555555555555,-2.35,0,0.05555555555555555,0,-0.93,0.3333333333333333,1",0.000,36.8,0.2400,-29.4600,-15.3000,-15.3000,0.0,,0,none,19,guide
CUUCUUUGUUUUAGAGUCG,UUAGGAAAUUUUACCUUCACGACUCUAAAACAAAGAAGGCCACCAGUGCAGUGGACA,0.8448918717375093,1,"-0.17,-2.08,-10.48,0,0,-168.12,0.5263157894736842,0,0.21052631578947367,0,0,0.0,-0.93,0.05555555555555555,1,1,0.0,-2.36,0,0.0,0,-2.08,0.3333333333333333,0",-0.300,36.8,0.2800,-27.8400,-9.3300,-9.3300,0.0,,0,none,19,guide
CUUUGUUUUAGAGUCGUGA,AUCUUAGGAAAUUUUACCUUCACGACUCUAAAACAAAGAAGGCCACCAGUGCAGUGG,0.8053691275167786,1,"-0.63,-2.08,-10.48,0,0,-168.94000000000003,0.4736842105263158,0,0.2631578947368421,0,0,0.0,-0.93,0.05555555555555555,1,1,0.0,-2.35,0,0.0,0,-2.24,0.2777777777777778,1",0.000,36.8,-0.1800,-28.4800,-8.0700,-8.0700,0.0,,0,none,19,guide
UGUUUUAGAGUCGUGAAGG,AUUAUCUUAGGAAAUUUUACCUUCACGACUCUAAAACAAAGAAGGCCACCAGUGCAG,0.9410887397464579,1,"1.6,-2.11,-10.44,1,0,-175.51,0.3684210526315789,0,0.3684210526315789,0,0,0.05555555555555555,-2.24,0.05555555555555555,0,0,0.0,-3.26,0,0.0,0,-2.24,0.16666666666666666,0",0.000,42.1,1.6000,-30.9600,-8.4400,-8.4400,0.0,,0,none,19,guide
UUUUAGAGUCGUGAAGGUA,GAAUUAUCUUAGGAAAUUUUACCUUCACGACUCUAAAACAAAGAAGGCCACCAGUGC,0.8202833706189412,1,"0.4,-0.93,-6.82,1,0,-169.04,0.3684210526315789,1,0.3157894736842105,0,0,0.05555555555555555,-0.93,0.1111111111111111,1,0,0.0,-1.33,0,0.0,0,-2.35,0.16666666666666666,1",0.000,36.8,0.4000,-29.3300,-9.7000,-9.7000,0.0,,0,none,19,guide
UUUAGAGUCGUGAAGGUAA,AGAAUUAUCUUAGGAAAUUUUACCUUCACGACUCUAAAACAAAGAAGGCCACCAGUG,0.9753914988814318,1,"0.0,-0.93,-6.82,1,0,-169.04,0.3157894736842105,1,0.3157894736842105,0,0,0.05555555555555555,-0.93,0.1111111111111111,1,0,0.0,-0.93,0,0.0,0,-0.93,0.1111111111111111,1",0.000,36.8,0.0000,-29.4800,-11.0100,-11.0100,0.0,,0,none,19,guide
UUAGAGUCGUGAAGGUAAA,CAGAAUUAUCUUAGGAAAUUUUACCUUCACGACUCUAAAACAAAGAAGGCCACCAGU,0.8202833706189412,1,"0.0,-0.93,-6.82,1,0,-169.04,0.2631578947368421,1,0.3157894736842105,0,0,0.05555555555555555,-1.33,0.1111111111111111,1,0,0.0,-0.93,0,0.0,0,-2.08,0.05555555555555555,1",0.000,36.8,0.0000,-29.4800,-12.4300,-12.4300,0.0,,0,none,19,guide
GAGUCGUGAAGGUAAAAUU,GCGCAGAAUUAUCUUAGGAAAUUUUACCUUCACGACUCUAAAACAAAGAAGGCCACC,0.5674869500372857,1,"-1.87,-2.35,-12.44,0,1,-170.78999999999996,0.2631578947368421,0,0.3157894736842105,0,0,0.05555555555555555,-2.08,0.05555555555555555,0,0,0.0,-0.93,0,0.0,0,-1.33,0.05555555555555555,0",0.000,36.8,-1.8700,-28.6000,-13.3800,-13.3800,0.0,,0,none,19,guide
AGUCGUGAAGGUAAAAUUU,GGCGCAGAAUUAUCUUAGGAAAUUUUACCUUCACGACUCUAAAACAAAGAAGGCCAC,0.5548098434004475,1,"-0.7,-2.08,-10.48,0,0,-161.44999999999996,0.3157894736842105,0,0.2631578947368421,0,0,0.05555555555555555,-2.24,0.05555555555555555,0,0,0.0,-0.93,0,0.0,0,-0.93,0.1111111111111111,0",0.000,31.6,-1.1500,-26.6800,-13.6500,-13.6500,0.0,,0,none,19,guide
UCGUGAAGGUAAAAUUUCC,CAGGCGCAGAAUUAUCUUAGGAAAUUUUACCUUCACGACUCUAAAACAAAGAAGGCC,0.9463087248322148,1,"1.36,-2.35,-12.44,1,0,-169.11999999999995,0.3157894736842105,0,0.21052631578947367,0,0,0.05555555555555555,-2.36,0.05555555555555555,0,0,0.05555555555555555,-3.26,0,0.0,0,-0.93,0.1111111111111111,0",-0.300,36.8,1.3600,-28.5200,-12.0700,-12.0700,0.0,,0,none,19,guide
GUGAAGGUAAAAUUUCCUA,AACAGGCGCAGAAUUAUCUUAGGAAAUUUUACCUUCACGACUCUAAAACAAAGAAGG,0.6428038777032066,1,"-1.36,-2.24,-11.4,0,1,-164.20999999999995,0.3157894736842105,0,0.21052631578947367,0,0,0.05555555555555555,-2.11,0.1111111111111111,1,0,0.05555555555555555,-1.33,0,0.0,0,-0.93,0.1111111111111111,1",-2.000,31.6,-1.3600,-27.2200,-12.9700,-12.9700,0.0,,0,none,19,guide
AGGUAAAAUUUCCUAAGAU,UGGGAACAGGCGCAGAAUUAUCUUAGGAAAUUUUACCUUCACGACUCUAAAACAAAG,0.5935868754660701,1,"-0.53,-2.08,-10.48,0,0,-158.51,0.3157894736842105,0,0.15789473684210525,0,0,0.05555555555555555,-3.26,0.1111111111111111,0,0,0.05555555555555555,-1.1,0,0.0,0,-2.08,0.1111111111111111,0",-1.700,26.3,-0.9800,-25.3500,-9.6200,-9.6200,0.0,,0,none,19,guide
GGUAAAAUUUCCUAAGAUA,GUGGGAACAGGCGCAGAAUUAUCUUAGGAAAUUUUACCUUCACGACUCUAAAACAAA,0.2117822520507084,0,"-1.93,-3.26,-13.39,0,1,-159.44,0.3157894736842105,0,0.15789473684210525,1,0,0.05555555555555555,-2.24,0.16666666666666666,0,0,0.05555555555555555,-1.33,0,0.0,0,-1.33,0.1111111111111111,1",-0.600,26.3,-2.3800,-25.1000,-7.4600,-7.4600,0.0,,0,none,19,guide
AAAUUUCCUAAGAUAAUUC,UUCAGUGGGAACAGGCGCAGAAUUAUCUUAGGAAAUUUUACCUUCACGACUCUAAAA,0.8665175242356451,1,"1.87,-0.93,-6.82,0,0,-155.6,0.3684210526315789,0,0.05263157894736842,0,0,0.0,-0.93,0.1111111111111111,0,0,0.05555555555555555,-2.35,0,0.0,0,-1.1,0.16666666666666666,0",0.000,21.1,1.8700,-22.8500,-9.5000,-9.5000,0.0,,0,none,19,guide
UUUCCUAAGAUAAUUCUGC,CACUUCAGUGGGAACAGGCGCAGAAUUAUCUUAGGAAAUUUUACCUUCACGACUCUA,0.9813571961222968,1,"2.49,-0.93,-6.82,1,0,-168.37999999999997,0.42105263157894735,1,0.10526315789473684,0,0,0.0,-0.93,0.1111111111111111,1,0,0.05555555555555555,-3.42,0,0.05555555555555555,0,-1.1,0.16666666666666666,0",-0.700,31.6,2.9400,-27.3000,-10.8800,-10.8800,0.0,,0,none,19,guide
CCUAAGAUAAUUCUGCGCC,CCGCACUUCAGUGGGAACAGGCGCAGAAUUAUCUUAGGAAAUUUUACCUUCACGACU,1,1,"0.0,-3.26,-13.39,0,0,-184.92999999999995,0.2631578947368421,0,0.15789473684210525,0,0,0.0,-2.08,0.1111111111111111,0,1,0.1111111111111111,-3.26,1,0.1111111111111111,0,-2.08,0.05555555555555555,0",-0.700,47.4,0.0000,-33.0300,-9.8700,-9.8700,0.0,,0,none,19,guide
CUAAGAUAAUUCUGCGCCU,ACCGCACUUCAGUGGGAACAGGCGCAGAAUUAUCUUAGGAAAUUUUACCUUCACGAC,0.4921700223713647,0,"-0.9,-2.08,-10.48,0,0,-178.29999999999995,0.3157894736842105,0,0.15789473684210525,0,0,0.0,-1.33,0.1111111111111111,1,1,0.05555555555555555,-2.08,0,0.1111111111111111,0,-2.11,0.05555555555555555,0",-0.700,42.1,-0.4500,-31.1500,-9.1200,-9.1200,0.0,,0,none,19,guide
AAGAUAAUUCUGCGCCUGU,UGACCGCACUUCAGUGGGAACAGGCGCAGAAUUAUCUUAGGAAAUUUUACCUUCACG,0.5637583892617449,1,"0.86,-0.93,-6.82,0,0,-178.25,0.3157894736842105,0,0.21052631578947367,0,0,0.0,-2.08,0.05555555555555555,0,0,0.05555555555555555,-2.24,0,0.1111111111111111,0,-2.36,0.05555555555555555,0",-0.700,42.1,1.3100,-31.6900,-8.8900,-8.8900,0.0,,0,none,19,guide
AUAAUUCUGCGCCUGUUCC,AAGUGACCGCACUUCAGUGGGAACAGGCGCAGAAUUAUCUUAGGAAAUUUUACCUUC,0.7762863534675615,1,"2.16,-1.1,-9.38,0,0,-184.88,0.3684210526315789,0,0.15789473684210525,0,0,0.0,-1.33,0.05555555555555555,1,0,0.1111111111111111,-3.26,0,0.1111111111111111,0,-2.08,0.1111111111111111,0",0.000,47.4,2.6100,-33.2700,-8.7200,-8.7200,0.0,,0,none,19,guide
UAAUUCUGCGCCUGUUCCC,GAAGUGACCGCACUUCAGUGGGAACAGGCGCAGAAUUAUCUUAGGAAAUUUUACCUU,0.6979865771812082,1,"1.93,-1.33,-7.69,1,0,-188.89,0.3684210526315789,0,0.15789473684210525,0,0,0.0,-0.93,0.05555555555555555,0,0,0.16666666666666666,-3.26,0,0.1111111111111111,0,-2.11,0.1111111111111111,0",0.000,52.6,2.3800,-35.2300,-9.5000,-9.5000,0.0,,0,none,19,guide
AAUUCUGCGCCUGUUCCCA,AGAAGUGACCGCACUUCAGUGGGAACAGGCGCAGAAUUAUCUUAGGAAAUUUUACCU,0.3489932885906041,0,"0.73,-0.93,-6.82,0,0,-187.92,0.3157894736842105,0,0.15789473684210525,0,0,0.0,-1.1,0.0,0,0,0.16666666666666666,-2.11,0,0.1111111111111111,0,-2.24,0.1111111111111111,1",0.000,52.6,1.1800,-35.8100,-11.9900,-11.9900,0.0,,0,none,19,guide
CUGUUCCCACUGAAGUGCG,AGGAAGCCGGAGAAGUGACCGCACUUCAGUGGGAACAGGCGCAGAAUUAUCUUAGGA,0.6793437733035049,1,"-0.17,-2.08,-10.48,0,0,-194.61,0.2631578947368421,0,0.2631578947368421,0,0,0.0,-2.11,0.0,1,1,0.1111111111111111,-2.36,0,0.05555555555555555,0,-0.93,0.05555555555555555,0",-0.400,57.9,0.2800,-36.6700,-14.1500,-14.1500,0.0,,0,none,19,guide
UGUUCCCACUGAAGUGCGG,CAGGAAGCCGGAGAAGUGACCGCACUUCAGUGGGAACAGGCGCAGAAUUAUCUUAGG,0.6830723340790456,1,"1.6,-2.11,-10.44,1,0,-193.79999999999995,0.2631578947368421,0,0.3157894736842105,0,0,0.05555555555555555,-2.24,0.0,0,0,0.1111111111111111,-3.26,0,0.05555555555555555,0,-2.08,0.05555555555555555,0",-2.600,57.9,1.6000,-37.5000,-14.1500,-14.1500,0.0,,0,none,19,guide
CACUGAAGUGCGGUCACUU,CUGUCCCAGGAAGCCGGAGAAGUGACCGCACUUCAGUGGGAACAGGCGCAGAAUUAU,0.5943325876211782,1,"-1.63,-2.11,-10.44,0,0,-188.9,0.2631578947368421,0,0.2631578947368421,0,0,0.05555555555555555,-2.24,0.0,0,1,0.0,-0.93,0,0.05555555555555555,0,-2.24,0.05555555555555555,0",-2.100,52.6,-1.6300,-35.3000,-11.7900,-11.7900,0.0,,0,none,19,guide
ACUGAAGUGCGGUCACUUC,ACUGUCCCAGGAAGCCGGAGAAGUGACCGCACUUCAGUGGGAACAGGCGCAGAAUUA,0.3020134228187919,0,"1.01,-2.24,-11.4,0,0,-190.9,0.2631578947368421,0,0.2631578947368421,0,0,0.05555555555555555,-2.08,0.0,0,0,0.0,-2.35,0,0.05555555555555555,0,-2.35,0.05555555555555555,0",-4.600,52.6,0.5600,-35.5400,-11.7900,-11.7900,0.0,,0,none,19,guide
CUGAAGUGCGGUCACUUCU,CACUGUCCCAGGAAGCCGGAGAAGUGACCGCACUUCAGUGGGAACAGGCGCAGAAUU,0.2453392990305742,0,"-0.9,-2.08,-10.48,0,0,-189.98,0.3157894736842105,0,0.2631578947368421,0,0,0.05555555555555555,-2.11,0.0,1,1,0.0,-2.08,0,0.05555555555555555,0,-2.11,0.05555555555555555,0",-5.800,52.6,-0.4500,-35.1800,-11.8200,-11.8200,0.0,,0,none,19,guide
AGUGCGGUCACUUCUCCGG,CUGCCACUGUCCCAGGAAGCCGGAGAAGUGACCGCACUUCAGUGGGAACAGGCGCAG,0.7039522744220731,1,"1.63,-2.08,-10.48,0,0,-199.66,0.2631578947368421,0,0.3157894736842105,0,0,0.1111111111111111,-2.24,0.0,0,0,0.05555555555555555,-3.26,0,0.05555555555555555,0,-2.35,0.05555555555555555,0",-3.200,63.2,1.6300,-38.9900,-15.6300,-15.6300,0.0,,0,none,19,guide
GGUCACUUCUCCGGCUUCC,UGGCCCUGCCACUGUCCCAGGAAGCCGGAGAAGUGACCGCACUUCAGUGGGAACAGG,0.6189410887397464,1,"0.0,-3.26,-13.39,0,1,-203.54999999999995,0.3157894736842105,0,0.21052631578947367,1,0,0.1111111111111111,-2.24,0.0,0,0,0.1111111111111111,-3.26,0,0.05555555555555555,0,-3.26,0.1111111111111111,0",-1.700,63.2,0.0000,-39.5200,-11.9500,-11.9500,0.0,,0,none,19,guide
CACUUCUCCGGCUUCCUGG,GCCUGGCCCUGCCACUGUCCCAGGAAGCCGGAGAAGUGACCGCACUUCAGUGGGAAC,0.5384041759880686,1,"0.7,-2.11,-10.44,0,0,-200.63,0.3157894736842105,0,0.21052631578947367,0,0,0.1111111111111111,-2.24,0.0,0,1,0.1111111111111111,-3.26,0,0.05555555555555555,0,-0.93,0.1111111111111111,0",-2.000,63.2,1.1500,-38.9200,-12.0300,-12.0300,0.0,,0,none,19,guide
ACUUCUCCGGCUUCCUGGG,UGCCUGGCCCUGCCACUGUCCCAGGAAGCCGGAGAAGUGACCGCACUUCAGUGGGAA,0.4787472035794183,0,"1.47,-2.24,-11.4,0,0,-199.86,0.3157894736842105,0,0.2631578947368421,0,0,0.16666666666666666,-2.08,0.0,0,0,0.1111111111111111,-3.26,0,0.05555555555555555,0,-2.35,0.1111111111111111,0",-3.400,63.2,1.4700,-39.5200,-13.0500,-13.0500,0.0,,0,none,19,guide
GGCUUCCUGGGACAGUGGC,XXXCAGGCUGCCUGGCCCUGCCACUGUCCCAGGAAGCCGGAGAAGUGACCGCACUUC,0.4921700223713647,0,"0.16,-3.26,-13.39,0,1,-210.36,0.21052631578947367,0,0.42105263157894735,1,0,0.2222222222222222,-3.42,0.0,0,0,0.05555555555555555,-3.42,0,0.1111111111111111,0,-2.11,0.05555555555555555,0",-2.100,68.4,0.1600,-42.2300,-14.1200,-14.1200,0.0,,0,none,19,guide
UUCCUGGGACAGUGGCAGG,XXXXXXCAGGCUGCCUGGCCCUGCCACUGUCCCAGGAAGCCGGAGAAGUGACCGCAC,0.5063385533184191,0,"2.33,-0.93,-6.82,1,0,-202.2,0.21052631578947367,1,0.42105263157894735,0,0,0.2222222222222222,-2.35,0.0,1,0,0.05555555555555555,-3.26,0,0.05555555555555555,0,-2.11,0.05555555555555555,0",-3.400,63.2,2.7800,-40.3700,-16.3200,-16.3200,0.0,,0,none,19,guide
UGGGACAGUGGCAGGGCCA,XXXXXXXXXXCAGGCUGCCUGGCCCUGCCACUGUCCCAGGAAGCCGGAGAAGUGACC,0.6979865771812082,1,"0.0,-2.11,-10.44,1,0,-207.44999999999996,0.10526315789473684,0,0.4736842105263158,0,0,0.2777777777777778,-3.26,0.0,0,0,0.05555555555555555,-2.11,0,0.1111111111111111,0,-2.08,0.0,1",-3.100,68.4,0.0000,-43.3000,-15.3000,-15.3000,0.0,,0,none,19,guide
AGUGGCAGGGCCAGGCAGC,XXXXXXXXXXXXXXXXCAGGCUGCCUGGCCCUGCCACUGUCCCAGGAAGCCGGAGAA,0.4794929157345265,0,"1.79,-2.08,-10.48,0,0,-214.22,0.05263157894736842,0,0.4736842105263158,0,0,0.2222222222222222,-2.24,0.0,0,0,0.05555555555555555,-3.42,0,0.2222222222222222,0,-2.08,0.0,0",-3.700,73.7,1.7900,-45.0400,-15.2200,-15.2200,0.0,,0,none,19,guide
GGCCGAGCGGCCUCGGUCC,UCGGAGCUCAAGGACUUCGGGACCGAGGCCGCUCGGCCGCAGAAGGGCCGGAAGCCG,0.378076062639821,0,"0.0,-3.26,-13.39,0,1,-222.97,0.10526315789473684,0,0.42105263157894735,1,0,0.16666666666666666,-3.42,0.0,0,0,0.16666666666666666,-3.26,0,0.16666666666666666,0,-2.35,0.0,0",-10.100,84.2,0.0000,-46.9600,-16.8900,-16.8900,0.0,,0,none,19,guide
GGCCUCGGUCCCGAAGUCC,ACAACCAGUCGGAGCUCAAGGACUUCGGGACCGAGGCCGCUCGGCCGCAGAAGGGCC,0.401193139448173,0,"0.0,-3.26,-13.39,0,1,-213.23,0.15789473684210525,0,0.3157894736842105,1,0,0.1111111111111111,-3.42,0.0,0,0,0.2222222222222222,-3.26,0,0.05555555555555555,0,-2.35,0.0,0",-4.300,73.7,0.0000,-43.2800,-16.7300,-16.7300,0.0,,0,none,19,guide
CCUCGGUCCCGAAGUCCUU,CCACAACCAGUCGGAGCUCAAGGACUUCGGGACCGAGGCCGCUCGGCCGCAGAAGGG,0.4377330350484713,0,"-2.33,-3.26,-13.39,0,0,-198.54,0.2631578947368421,0,0.21052631578947367,0,0,0.05555555555555555,-2.08,0.0,0,1,0.2222222222222222,-0.93,1,0.0,0,-2.08,0.05555555555555555,0",-1.200,63.2,-2.7800,-38.7100,-14.6400,-14.6400,0.0,,0,none,19,guide
UCGGUCCCGAAGUCCUUGA,UUCCACAACCAGUCGGAGCUCAAGGACUUCGGGACCGAGGCCGCUCGGCCGCAGAAG,0.4571215510812826,0,"0.0,-2.35,-12.44,1,0,-193.83,0.2631578947368421,0,0.2631578947368421,0,0,0.05555555555555555,-2.36,0.0,0,0,0.16666666666666666,-2.35,0,0.0,0,-2.35,0.05555555555555555,1",-1.000,57.9,0.0000,-37.4800,-16.7300,-16.7300,0.0,,0,none,19,guide
CGGUCCCGAAGUCCUUGAG,CUUCCACAACCAGUCGGAGCUCAAGGACUUCGGGACCGAGGCCGCUCGGCCGCAGAA,0.4668158090976883,0,"0.17,-2.36,-10.64,0,0,-199.31,0.21052631578947367,0,0.3157894736842105,0,0,0.05555555555555555,-3.26,0.0,0,1,0.16666666666666666,-2.08,0,0.0,1,-3.26,0.05555555555555555,0",-0.600,63.2,-0.2800,-38.4600,-16.7300,-16.7300,0.0,,0,none,19,guide
GUCCCGAAGUCCUUGAGCU,CGCUUCCACAACCAGUCGGAGCUCAAGGACUUCGGGACCGAGGCCGCUCGGCCGCAG,0.482475764354959,0,"-1.06,-2.24,-11.4,0,1,-196.92,0.2631578947368421,0,0.2631578947368421,0,0,0.0,-2.35,0.0,1,0,0.16666666666666666,-2.08,0,0.05555555555555555,0,-0.93,0.05555555555555555,0",0.000,57.9,-0.6100,-37.5900,-14.5100,-14.5100,0.0,,0,none,19,guide
CCCGAAGUCCUUGAGCUCC,CCCGCUUCCACAACCAGUCGGAGCUCAAGGACUUCGGGACCGAGGCCGCUCGGCCGC,0.5592841163310962,1,"0.0,-3.26,-13.39,0,0,-202.63,0.21052631578947367,0,0.21052631578947367,0,0,0.0,-3.26,0.0,0,1,0.2222222222222222,-3.26,1,0.05555555555555555,0,-2.35,0.05555555555555555,0",0.000,63.2,0.0000,-39.1600,-13.2200,-13.2200,0.0,,0,none,19,guide
CGAAGUCCUUGAGCUCCGA,CACCCGCUUCCACAACCAGUCGGAGCUCAAGGACUUCGGGACCGAGGCCGCUCGGCC,0.4608501118568233,0,"-0.46,-2.36,-10.64,0,0,-195.21,0.21052631578947367,0,0.2631578947368421,0,0,0.0,-2.35,0.0,0,1,0.1111111111111111,-2.35,0,0.05555555555555555,1,-3.42,0.05555555555555555,1",-1.700,57.9,-0.4600,-37.0000,-13.2100,-13.2100,0.0,,0,none,19,guide
GAGCUCCGACUGGUUGUGG,GCAAGCGCCUCACCCGCUUCCACAACCAGUCGGAGCUCAAGGACUUCGGGACCGAGG,0.6025354213273677,1,"0.46,-2.35,-12.44,0,1,-203.18,0.2631578947368421,0,0.42105263157894735,0,0,0.1111111111111111,-2.08,0.0,0,0,0.05555555555555555,-3.26,0,0.05555555555555555,0,-2.24,0.05555555555555555,0",-0.500,63.2,0.9100,-39.2400,-15.5500,-15.5500,0.0,,0,none,19,guide
AGCGGGUGAGGCGCUUGCA,CCUGGUGGCCUCGUGCAAGUGCAAGCGCCUCACCCGCUUCCACAACCAGUCGGAGCU,0.4936614466815809,0,"0.03,-2.08,-10.48,0,0,-203.34,0.15789473684210525,0,0.4736842105263158,0,0,0.16666666666666666,-3.42,0.0,0,0,0.0,-2.11,0,0.2222222222222222,0,-3.42,0.05555555555555555,1",-7.400,68.4,0.0300,-41.6300,-16.6500,-16.6500,0.0,,0,none,19,guide
GGUGAGGCGCUUGCACUUG,UGCGCCUGGUGGCCUCGUGCAAGUGCAAGCGCCUCACCCGCUUCCACAACCAGUCGG,0.5130499627143922,0,"-0.7,-3.26,-13.39,0,1,-200.53,0.2631578947368421,0,0.42105263157894735,1,0,0.1111111111111111,-2.24,0.0,0,0,0.0,-2.11,0,0.16666666666666666,0,-3.42,0.1111111111111111,0",-2.500,63.2,-1.1500,-38.9200,-15.4600,-15.4600,0.0,,0,none,19,guide
ACUUGCACGAGGCCACCAG,GCGCGCGCGCAAGGUGCGCCUGGUGGCCUCGUGCAAGUGCAAGCGCCUCACCCGCUU,0.3914988814317673,0,"0.74,-2.24,-11.4,0,0,-199.9,0.10526315789473684,0,0.2631578947368421,0,0,0.05555555555555555,-2.08,0.0,0,0,0.1111111111111111,-2.08,0,0.1111111111111111,0,-3.26,0.05555555555555555,0",0.000,63.2,0.2900,-39.5200,-12.8900,-12.8900,0.0,,0,none,19,guide
GAGGCCACCAGGCGCACCU,GAGGCGCCGCGCGCGCGCAAGGUGCGCCUGGUGGCCUCGUGCAAGUGCAAGCGCCUC,0.5309470544369873,1,"-1.17,-2.35,-12.44,0,1,-212.9,0.05263157894736842,0,0.3157894736842105,0,0,0.1111111111111111,-2.08,0.0,0,0,0.16666666666666666,-2.08,0,0.16666666666666666,0,-2.36,0.0,0",-4.200,73.7,-0.7200,-44.3800,-16.3700,-16.3700,0.0,,0,none,19,guide
CCAGGCGCACCUUGCGCGC,CGGUGGUGAGGCGCCGCGCGCGCGCAAGGUGCGCCUGGUGGCCUCGUGCAAGUGCAA,0.3079791200596569,0,"0.16,-3.26,-13.39,0,0,-213.38,0.10526315789473684,0,0.3157894736842105,0,0,0.05555555555555555,-2.11,0.0,0,1,0.1111111111111111,-3.42,1,0.2777777777777778,0,-2.11,0.05555555555555555,0",-7.000,78.9,0.1600,-43.8300,-16.6500,-16.6500,0.0,,0,none,19,guide
CGCACCUUGCGCGCGCGCG,UGUCCCGGUGGUGAGGCGCCGCGCGCGCGCAAGGUGCGCCUGGUGGCCUCGUGCAAG,0.4519015659955257,0,"0.0,-2.36,-10.64,0,0,-212.48,0.10526315789473684,0,0.3684210526315789,0,0,0.0,-3.42,0.0,0,1,0.05555555555555555,-2.36,0,0.3333333333333333,1,-3.42,0.05555555555555555,0",-2.800,84.2,0.0000,-43.6200,-14.0400,-14.0400,0.0,,0,none,19,guide
CACCUUGCGCGCGCGCGGC,UGUGUCCCGGUGGUGAGGCGCCGCGCGCGCGCAAGGUGCGCCUGGUGGCCUCGUGCA,0.4258016405667412,0,"0.86,-2.11,-10.44,0,0,-215.23,0.10526315789473684,0,0.3684210526315789,0,0,0.05555555555555555,-2.24,0.0,0,1,0.05555555555555555,-3.42,0,0.3333333333333333,0,-3.42,0.05555555555555555,0",-4.100,84.2,1.3100,-44.5200,-14.0400,-14.0400,0.0,,0,none,19,guide
GCGCGCGCGGCGCCUCACC,GCAGCUGCUGUGUCCCGGUGGUGAGGCGCCGCGCGCGCGCAAGGUGCGCCUGGUGGC,0.1938851603281133,0,"-0.16,-3.42,-14.88,0,1,-223.79999999999995,0.05263157894736842,0,0.3684210526315789,0,1,0.05555555555555555,-2.36,0.0,0,0,0.1111111111111111,-3.26,0,0.3333333333333333,0,-3.26,0.0,0",-6.700,89.5,-0.1600,-47.2900,-17.3400,-17.3400,0.0,,0,none,19,guide
GCGCGCGGCGCCUCACCAC,GUGCAGCUGCUGUGUCCCGGUGGUGAGGCGCCGCGCGCGCGCAAGGUGCGCCUGGUG,0.4862043251304996,0,"-0.73,-3.42,-14.88,0,1,-220.12,0.05263157894736842,0,0.3157894736842105,0,1,0.05555555555555555,-2.36,0.0,0,0,0.1111111111111111,-2.24,0,0.2777777777777778,0,-2.35,0.0,0",-4.600,84.2,-1.1800,-46.0600,-17.1800,-17.1800,0.0,,0,none,19,guide
CGCGGCGCCUCACCACCGG,CGCGUGCAGCUGCUGUGUCCCGGUGGUGAGGCGCCGCGCGCGCGCAAGGUGCGCCUG,0.2669649515287099,0,"0.9,-2.36,-10.64,0,0,-217.14,0.05263157894736842,0,0.3157894736842105,0,0,0.1111111111111111,-3.42,0.0,0,1,0.16666666666666666,-3.26,0,0.16666666666666666,1,-3.26,0.0,0",-2.800,84.2,0.9000,-45.3400,-18.2400,-18.2400,0.0,,0,none,19,guide
CGCCUCACCACCGGGACAC,CGCAGCGCGUGCAGCUGCUGUGUCCCGGUGGUGAGGCGCCGCGCGCGCGCAAGGUGC,0.4690529455630127,0,"0.33,-2.36,-10.64,0,0,-211.78,0.05263157894736842,0,0.21052631578947367,0,0,0.1111111111111111,-3.42,0.0,0,1,0.16666666666666666,-2.24,0,0.05555555555555555,1,-3.26,0.0,0",-1.200,73.7,-0.1200,-42.7200,-15.4600,-15.4600,0.0,,0,none,19,guide
CCACCGGGACACAGCAGCU,UACCGCGCGCAGCGCGUGCAGCUGCUGUGUCCCGGUGGUGAGGCGCCGCGCGCGCGC,0.4921700223713647,0,"-1.63,-3.26,-13.39,0,0,-206.47,0.05263157894736842,0,0.2631578947368421,0,0,0.1111111111111111,-2.11,0.0,0,1,0.1111111111111111,-2.08,1,0.1111111111111111,0,-2.08,0.0,0",-0.200,68.4,-1.6300,-41.7000,-16.4900,-16.4900,0.0,,0,none,19,guide
CACGCGCUGCGCGCGGUAG,UCCGCUGCAUCCCCGACCGCUACCGCGCGCAGCGCGUGCAGCUGCUGUGUCCCGGUG,0.3765846383296047,0,"-0.03,-2.11,-10.44,0,0,-209.71,0.10526315789473684,0,0.42105263157894735,0,0,0.05555555555555555,-2.24,0.05555555555555555,0,1,0.0,-2.08,0,0.2777777777777778,0,-3.42,0.0,0",-7.800,78.9,-0.0300,-42.7600,-15.8800,-15.8800,0.0,,0,none,19,guide
ACGCGCUGCGCGCGGUAGC,UUCCGCUGCAUCCCCGACCGCUACCGCGCGCAGCGCGUGCAGCUGCUGUGUCCCGGU,0.3862788963460105,0,"1.63,-2.24,-11.4,0,0,-210.42999999999995,0.10526315789473684,0,0.42105263157894735,0,0,0.05555555555555555,-2.36,0.05555555555555555,0,0,0.0,-3.42,0,0.3333333333333333,0,-2.36,0.0,0",-7.800,78.9,1.6300,-43.5200,-15.7500,-15.7500,0.0,,0,none,19,guide
GUCGGGCCCACUAGGUCGC,UCGGCCGCGGCAAGUGGUGGCGACCUAGUGGGCCCGACUUCCGCUGCAUCCCCGACC,0.4921700223713647,0,"0.73,-2.24,-11.4,0,1,-212.55,0.15789473684210525,0,0.3684210526315789,0,0,0.16666666666666666,-2.35,0.05555555555555555,1,0,0.1111111111111111,-3.42,0,0.1111111111111111,0,-2.08,0.0,0",-4.200,73.7,1.1800,-43.2900,-17.9100,-17.9100,0.0,,0,none,19,guide
CCACUAGGUCGCCACCACU,AACGCCAUCGGCCGCGGCAAGUGGUGGCGACCUAGUGGGCCCGACUUCCGCUGCAUC,0.5883668903803132,1,"-1.63,-3.26,-13.39,0,0,-200.24,0.15789473684210525,0,0.15789473684210525,0,0,0.05555555555555555,-2.11,0.05555555555555555,0,1,0.16666666666666666,-2.08,1,0.05555555555555555,0,-2.11,0.0,0",-1.500,63.2,-1.6300,-40.0900,-13.1000,-13.1000,0.0,,0,none,19,guide
ACUAGGUCGCCACCACUUG,CCAACGCCAUCGGCCGCGGCAAGUGGUGGCGACCUAGUGGGCCCGACUUCCGCUGCA,0.4809843400447428,0,"0.77,-2.24,-11.4,0,0,-193.67,0.21052631578947367,0,0.21052631578947367,0,0,0.05555555555555555,-2.08,0.05555555555555555,0,0,0.1111111111111111,-2.11,0,0.05555555555555555,0,-3.26,0.05555555555555555,0",-1.500,57.9,0.3200,-37.7600,-13.3400,-13.3400,0.0,,0,none,19,guide
CACCACUUGCCGCGGCCGA,CGCCUGCUGCCCAACGCCAUCGGCCGCGGCAAGUGGUGGCGACCUAGUGGGCCCGAC,0.4921700223713647,0,"-0.66,-2.11,-10.44,0,0,-206.64999999999992,0.10526315789473684,0,0.2631578947368421,0,0,0.05555555555555555,-2.24,0.0,0,1,0.16666666666666666,-2.35,0,0.16666666666666666,0,-2.36,0.05555555555555555,1",-0.600,73.7,-0.2100,-42.6100,-12.8600,-12.8600,0.0,,0,none,19,guide
GCGGCCGAUGGCGUUGGGC,GCGGCCCGGCGCGCCUGCUGCCCAACGCCAUCGGCCGCGGCAAGUGGUGGCGACCUA,0.4794929157345265,0,"0.0,-3.42,-14.88,0,1,-215.7,0.15789473684210525,0,0.5263157894736842,0,1,0.2222222222222222,-2.36,0.0,0,0,0.05555555555555555,-3.42,0,0.2222222222222222,0,-2.24,0.05555555555555555,0",-4.100,78.9,0.0000,-44.3100,-17.0100,-17.0100,0.0,,0,none,19,guide
UGGCGUUGGGCAGCAGGCG,CGGCCAGUGCGGCCCGGCGCGCCUGCUGCCCAACGCCAUCGGCCGCGGCAAGUGGUG,0.4817300521998509,0,"0.7,-2.11,-10.44,1,0,-207.97,0.15789473684210525,0,0.5263157894736842,0,0,0.2222222222222222,-3.26,0.0,0,0,0.0,-2.36,0,0.2222222222222222,0,-3.42,0.05555555555555555,0",-2.500,73.7,0.7000,-43.1200,-14.3200,-14.3200,0.0,,0,none,19,guide
UUGGGCAGCAGGCGCGCCG,UGCUCCGGCCAGUGCGGCCCGGCGCGCCUGCUGCCCAACGCCAUCGGCCGCGGCAAG,0.6308724832214765,1,"1.43,-0.93,-6.82,1,0,-211.65,0.10526315789473684,1,0.4736842105263158,0,0,0.16666666666666666,-2.11,0.0,1,0,0.05555555555555555,-2.36,0,0.2777777777777778,0,-2.36,0.05555555555555555,0",-6.200,78.9,1.8800,-44.3500,-16.2400,-16.2400,0.0,,0,none,19,guide
GCAGGCGCGCCGGGCCGCA,GCUGGUGUGCUCCGGCCAGUGCGGCCCGGCGCGCCUGCUGCCCAACGCCAUCGGCCG,0.3885160328113348,0,"-1.76,-3.42,-14.88,0,1,-222.81999999999996,0.0,0,0.4736842105263158,0,1,0.16666666666666666,-2.11,0.0,0,0,0.1111111111111111,-2.11,0,0.3333333333333333,0,-3.26,0.0,1",-7.200,89.5,-1.7600,-48.4200,-16.6500,-16.6500,0.0,,0,none,19,guide
GGGCCGCACUGGCCGGAGC,CCGGUCACCGAGCUGGUGUGCUCCGGCCAGUGCGGCCCGGCGCGCCUGCUGCCCAAC,0.395227442207308,0,"0.16,-3.26,-13.39,0,1,-223.20999999999995,0.05263157894736842,0,0.4736842105263158,1,0,0.2222222222222222,-3.26,0.0,0,0,0.1111111111111111,-3.42,0,0.2222222222222222,0,-3.26,0.0,0",-7.400,84.2,0.1600,-47.3400,-17.8300,-17.8300,0.0,,0,none,19,guide
CACACCAGCUCGGUGACCG,CCGUGCCGCAGCGCCAAGCCGGUCACCGAGCUGGUGUGCUCCGGCCAGUGCGGCCCG,0.3892617449664429,0,"-0.2,-2.11,-10.44,0,0,-205.92,0.10526315789473684,0,0.2631578947368421,0,0,0.05555555555555555,-2.24,0.0,0,1,0.1111111111111111,-2.36,0,0.05555555555555555,0,-2.24,0.0,0",-4.500,68.4,0.2500,-40.3900,-14.0400,-14.0400,0.0,,0,none,19,guide
CUCGGUGACCGGCUUGGCG,CCGAUGGGCCGUGCCGCAGCGCCAAGCCGGUCACCGAGCUGGUGUGCUCCGGCCAGU,0.4407158836689038,0,"-0.17,-2.08,-10.48,0,0,-207.97,0.21052631578947367,0,0.42105263157894735,0,0,0.16666666666666666,-2.35,0.0,1,1,0.05555555555555555,-2.36,0,0.1111111111111111,0,-2.08,0.05555555555555555,0",-2.000,73.7,0.2800,-41.8600,-14.6700,-14.6700,0.0,,0,none,19,guide
GGUGACCGGCUUGGCGCUG,UGACCGAUGGGCCGUGCCGCAGCGCCAAGCCGGUCACCGAGCUGGUGUGCUCCGGCC,0.3765846383296047,0,"-0.7,-3.26,-13.39,0,1,-210.20999999999995,0.21052631578947367,0,0.4736842105263158,1,0,0.16666666666666666,-2.24,0.0,0,0,0.05555555555555555,-2.11,0,0.16666666666666666,0,-3.26,0.05555555555555555,0",-4.900,73.7,-1.1500,-42.8800,-14.5600,-14.5600,0.0,,0,none,19,guide
GACCGGCUUGGCGCUGCGG,ACGUGACCGAUGGGCCGUGCCGCAGCGCCAAGCCGGUCACCGAGCUGGUGUGCUCCG,0.3825503355704698,0,"0.46,-2.35,-12.44,0,1,-213.89,0.15789473684210525,0,0.4736842105263158,0,0,0.16666666666666666,-2.24,0.0,0,0,0.05555555555555555,-3.26,0,0.2222222222222222,0,-3.42,0.05555555555555555,0",-3.700,78.9,0.9100,-44.3100,-16.6200,-16.6200,0.0,,0,none,19,guide
CGGCUUGGCGCUGCGGCAC,GCUACGUGACCGAUGGGCCGUGCCGCAGCGCCAAGCCGGUCACCGAGCUGGUGUGCU,0.3698732289336316,0,"0.33,-2.36,-10.64,0,0,-213.38,0.15789473684210525,0,0.42105263157894735,0,0,0.16666666666666666,-3.26,0.0,0,1,0.0,-2.24,0,0.2777777777777778,1,-3.42,0.05555555555555555,0",-3.000,78.9,-0.1200,-44.0300,-15.0600,-15.0600,0.0,,0,none,19,guide
GCUUGGCGCUGCGGCACGG,CCGCUACGUGACCGAUGGGCCGUGCCGCAGCGCCAAGCCGGUCACCGAGCUGGUGUG,0.3765846383296047,0,"-0.16,-3.42,-14.88,0,1,-213.38,0.15789473684210525,0,0.4736842105263158,0,1,0.16666666666666666,-2.08,0.0,0,0,0.0,-3.26,0,0.2777777777777778,0,-3.26,0.05555555555555555,0",-2.600,78.9,-0.1600,-44.0300,-14.1600,-14.1600,0.0,,0,none,19,guide
GCUGCGGCACGGCCCAUCG,ACUUCACCCGCUACGUGACCGAUGGGCCGUGCCGCAGCGCCAAGCCGGUCACCGAGC,0.3803131991051454,0,"-1.06,-3.42,-14.88,0,1,-216.41,0.10526315789473684,0,0.3684210526315789,0,1,0.1111111111111111,-2.08,0.0,0,0,0.1111111111111111,-2.36,0,0.2222222222222222,0,-3.26,0.0,0",-3.400,78.9,-1.0600,-44.3100,-16.6500,-16.6500,0.0,,0,none,19,guide
CUGCGGCACGGCCCAUCGG,CACUUCACCCGCUACGUGACCGAUGGGCCGUGCCGCAGCGCCAAGCCGGUCACCGAG,0.4049217002237136,0,"0.73,-2.08,-10.48,0,0,-214.92,0.10526315789473684,0,0.3684210526315789,0,0,0.16666666666666666,-2.11,0.0,1,1,0.1111111111111111,-3.26,0,0.16666666666666666,0,-3.26,0.0,0",-3.200,78.9,1.1800,-44.1500,-16.6800,-16.6800,0.0,,0,none,19,guide
CCCAUCGGUCACGUAGCGG,GCCGCGAGCUGCACUUCACCCGCUACGUGACCGAUGGGCCGUGCCGCAGCGCCAAGC,0.482475764354959,0,"0.0,-3.26,-13.39,0,0,-204.26,0.15789473684210525,0,0.3157894736842105,0,0,0.1111111111111111,-3.26,0.05555555555555555,0,1,0.1111111111111111,-3.26,1,0.05555555555555555,0,-2.24,0.0,0",-0.600,68.4,0.0000,-39.9000,-14.4400,-14.4400,0.0,,0,none,19,guide
CCAUCGGUCACGUAGCGGG,UGCCGCGAGCUGCACUUCACCCGCUACGUGACCGAUGGGCCGUGCCGCAGCGCCAAG,0.5786726323639075,1,"0.0,-3.26,-13.39,0,0,-204.25999999999996,0.15789473684210525,0,0.3684210526315789,0,0,0.16666666666666666,-2.11,0.05555555555555555,0,1,0.05555555555555555,-3.26,1,0.05555555555555555,0,-1.33,0.0,0",-1.300,68.4,0.0000,-40.3000,-13.4200,-13.4200,0.0,,0,none,19,guide
CGGUCACGUAGCGGGUGAA,CAGCUGCCGCGAGCUGCACUUCACCCGCUACGUGACCGAUGGGCCGUGCCGCAGCGC,0.4287844891871737,0,"-1.43,-2.36,-10.64,0,0,-195.99,0.15789473684210525,0,0.42105263157894735,0,0,0.16666666666666666,-3.26,0.05555555555555555,0,1,0.0,-0.93,0,0.05555555555555555,1,-3.26,0.0,1",-3.400,63.2,-1.8800,-38.4100,-14.5600,-14.5600,0.0,,0,none,19,guide
GGUCACGUAGCGGGUGAAG,ACAGCUGCCGCGAGCUGCACUUCACCCGCUACGUGACCGAUGGGCCGUGCCGCAGCG,0.4429530201342281,0,"-0.73,-3.26,-13.39,0,1,-199.54999999999995,0.15789473684210525,0,0.4736842105263158,1,0,0.16666666666666666,-2.24,0.05555555555555555,0,0,0.0,-2.08,0,0.05555555555555555,0,-3.26,0.0,0",-3.400,63.2,-1.1800,-38.8300,-13.5400,-13.5400,0.0,,0,none,19,guide
GUAGCGGGUGAAGUGCAGC,CCGAGUACAGCUGCCGCGAGCUGCACUUCACCCGCUACGUGACCGAUGGGCCGUGCC,0.5622669649515287,1,"0.73,-2.24,-11.4,0,1,-202.36,0.15789473684210525,0,0.4736842105263158,0,0,0.1111111111111111,-1.33,0.05555555555555555,1,0,0.0,-3.42,0,0.16666666666666666,0,-2.24,0.0,0",-1.400,63.2,1.1800,-39.6500,-15.7100,-15.7100,0.0,,0,none,19,guide
GGGUGAAGUGCAGCUCGCG,CGUGUCCGAGUACAGCUGCCGCGAGCUGCACUUCACCCGCUACGUGACCGAUGGGCC,0.4086502609992543,0,"-0.9,-3.26,-13.39,0,1,-206.35,0.15789473684210525,0,0.4736842105263158,1,0,0.1111111111111111,-3.26,0.0,0,0,0.0,-2.36,0,0.16666666666666666,0,-3.42,0.0,0",-3.200,68.4,-0.9000,-40.5900,-12.9700,-12.9700,0.0,,0,none,19,guide
GGUGAAGUGCAGCUCGCGG,ACGUGUCCGAGUACAGCUGCCGCGAGCUGCACUUCACCCGCUACGUGACCGAUGGGC,0.4981357196122297,0,"0.0,-3.26,-13.39,0,1,-206.35,0.15789473684210525,0,0.4736842105263158,1,0,0.1111111111111111,-2.24,0.0,0,0,0.0,-3.26,0,0.16666666666666666,0,-2.08,0.0,0",-2.900,68.4,0.0000,-40.5900,-11.9500,-11.9500,0.0,,0,none,19,guide
GCAGCUGUACUCGGACACG,ACCCCUUUGAGACCAAAGACGUGUCCGAGUACAGCUGCCGCGAGCUGCACUUCACCC,0.4086502609992543,0,"-1.06,-3.42,-14.88,0,1,-201.75,0.15789473684210525,0,0.3157894736842105,0,1,0.05555555555555555,-2.11,0.05555555555555555,0,0,0.0,-2.36,0,0.1111111111111111,0,-3.26,0.0,0",-0.800,63.2,-1.0600,-38.7900,-14.0400,-14.0400,0.0,,0,none,19,guide
CAGCUGUACUCGGACACGU,CACCCCUUUGAGACCAAAGACGUGUCCGAGUACAGCUGCCGCGAGCUGCACUUCACC,0.5585384041759881,1,"-0.77,-2.11,-10.44,0,0,-194.55000000000004,0.21052631578947367,0,0.2631578947368421,0,0,0.05555555555555555,-2.08,0.05555555555555555,0,1,0.0,-2.24,0,0.05555555555555555,0,-2.35,0.0,0",-0.800,57.9,-0.3200,-37.0600,-13.2600,-13.2600,0.0,,0,none,19,guide
AGCUGUACUCGGACACGUC,CCACCCCUUUGAGACCAAAGACGUGUCCGAGUACAGCUGCCGCGAGCUGCACUUCAC,0.5652498135719612,1,"1.17,-2.08,-10.48,0,0,-196.55000000000004,0.21052631578947367,0,0.2631578947368421,0,0,0.05555555555555555,-3.42,0.05555555555555555,0,0,0.0,-2.35,0,0.05555555555555555,0,-2.24,0.0,0",-0.800,57.9,0.7200,-37.5000,-13.4200,-13.4200,0.0,,0,none,19,guide
CUGUACUCGGACACGUCUU,CACCACCCCUUUGAGACCAAAGACGUGUCCGAGUACAGCUGCCGCGAGCUGCACUUC,0.6495152870991797,1,"-1.6,-2.08,-10.48,0,0,-188.49,0.3157894736842105,0,0.21052631578947367,0,0,0.05555555555555555,-2.11,0.05555555555555555,1,1,0.0,-0.93,0,0.0,0,-2.24,0.05555555555555555,0",-0.600,52.6,-1.6000,-34.8100,-12.3500,-12.3500,0.0,,0,none,19,guide
CUUUGGUCUCAAAGGGGUG,CGGAGGGCGGCCUCCCCACCACCCCUUUGAGACCAAAGACGUGUCCGAGUACAGCUG,0.5384041759880686,1,"0.03,-2.08,-10.48,0,0,-187.67,0.3157894736842105,0,0.3684210526315789,0,0,0.2222222222222222,-0.93,0.0,1,1,0.0,-2.11,0,0.0,0,-2.08,0.1111111111111111,0",-3.200,52.6,0.0300,-34.9200,-11.8200,-11.8200,0.0,,0,none,19,guide
GGUGGUGGGGAGGCCGCCC,GAACCGGGCGGAGAACGGAGGGCGGCCUCCCCACCACCCCUUUGAGACCAAAGACGU,0.4794929157345265,0,"0.0,-3.26,-13.39,0,1,-223.89999999999992,0.10526315789473684,0,0.5789473684210527,1,0,0.3333333333333333,-2.24,0.0,0,0,0.16666666666666666,-3.26,0,0.1111111111111111,0,-3.42,0.0,0",-9.500,84.2,0.0000,-48.0800,-15.2200,-15.2200,0.0,,0,none,19,guide
GGGAGGCCGCCCUCCGUUC,AGACCAUGAACCGGGCGGAGAACGGAGGGCGGCCUCCCCACCACCCCUUUGAGACCA,0.3922445935868754,0,"-0.46,-3.26,-13.39,0,1,-217.66,0.15789473684210525,0,0.3684210526315789,1,0,0.16666666666666666,-3.26,0.0,0,0,0.2222222222222222,-2.35,0,0.1111111111111111,0,-2.35,0.05555555555555555,0",-7.800,78.9,-0.9100,-45.1700,-17.6300,-17.6300,0.0,,0,none,19,guide
UCUCCGCCCGGUUCAUGGU,GGAGCUGGAGAACAACAAGACCAUGAACCGGGCGGAGAACGGAGGGCGGCCUCCCCA,0.5182699478001491,0,"-0.11,-2.35,-12.44,1,0,-199.74000000000004,0.3157894736842105,0,0.2631578947368421,0,0,0.1111111111111111,-2.08,0.0,0,0,0.16666666666666666,-2.24,0,0.05555555555555555,0,-2.35,0.05555555555555555,0",-1.000,63.2,-0.1100,-39.8100,-16.7300,-16.7300,0.0,,0,none,19,guide
UCCGCCCGGUUCAUGGUCU,CCGGAGCUGGAGAACAACAAGACCAUGAACCGGGCGGAGAACGGAGGGCGGCCUCCC,0.5876211782252051,1,"-0.27,-2.35,-12.44,1,0,-199.74,0.3157894736842105,0,0.2631578947368421,0,0,0.1111111111111111,-3.26,0.0,0,0,0.16666666666666666,-2.08,0,0.05555555555555555,0,-1.1,0.05555555555555555,0",-1.200,63.2,-0.2700,-39.8100,-17.9200,-17.9200,0.0,,0,none,19,guide
CCCGGUUCAUGGUCUUGUU,UCCACCGGAGCUGGAGAACAACAAGACCAUGAACCGGGCGGAGAACGGAGGGCGGCC,0.5197613721103653,0,"-2.33,-3.26,-13.39,0,0,-187.59,0.42105263157894735,0,0.2631578947368421,0,0,0.1111111111111111,-3.26,0.0,0,1,0.1111111111111111,-0.93,1,0.0,0,-2.35,0.16666666666666666,0",-1.000,52.6,-2.7800,-34.8300,-14.4000,-14.4000,0.0,,0,none,19,guide
CGGUUCAUGGUCUUGUUGU,CCUCCACCGGAGCUGGAGAACAACAAGACCAUGAACCGGGCGGAGAACGGAGGGCGG,0.3892617449664429,0,"-0.57,-2.36,-10.64,0,0,-182.65,0.4736842105263158,0,0.3157894736842105,0,0,0.1111111111111111,-3.26,0.0,0,1,0.0,-2.24,0,0.0,1,-0.93,0.16666666666666666,0",0.000,47.4,-0.5700,-33.0100,-11.9900,-11.9900,0.0,,0,none,19,guide
GUUGUUCUCCAGCUCCGGU,GAGAGUACCCCGAGCCUCCACCGGAGCUGGAGAACAACAAGACCAUGAACCGGGCGG,0.6211782252050708,1,"-0.9,-2.24,-11.4,0,1,-195.83999999999997,0.3684210526315789,0,0.2631578947368421,0,0,0.05555555555555555,-0.93,0.0,1,0,0.1111111111111111,-2.24,0,0.05555555555555555,0,-2.08,0.1111111111111111,0",-1.700,57.9,-0.4500,-37.5600,-10.6400,-10.6400,0.0,,0,none,19,guide
UGUUCUCCAGCUCCGGUGG,CGGAGAGUACCCCGAGCCUCCACCGGAGCUGGAGAACAACAAGACCAUGAACCGGGC,0.6465324384787472,1,"1.6,-2.11,-10.44,1,0,-201.45,0.3157894736842105,0,0.3157894736842105,0,0,0.1111111111111111,-2.24,0.0,0,0,0.1111111111111111,-3.26,0,0.05555555555555555,0,-3.26,0.05555555555555555,0",-1.500,63.2,1.6000,-39.7100,-13.2100,-13.2100,0.0,,0,none,19,guide
UCUCCAGCUCCGGUGGAGG,GCUCGGAGAGUACCCCGAGCCUCCACCGGAGCUGGAGAACAACAAGACCAUGAACCG,0.5130499627143922,0,"1.36,-2.35,-12.44,1,0,-209.1,0.21052631578947367,0,0.3684210526315789,0,0,0.16666666666666666,-2.08,0.0,0,0,0.1111111111111111,-3.26,0,0.05555555555555555,0,-2.24,0.0,0",-7.400,68.4,1.3600,-42.3200,-15.3000,-15.3000,0.0,,0,none,19,guide
GCUCGGGGUACUCUCCGAG,CACGGAAAUCAUCCCCGAGCUCGGAGAGUACCCCGAGCCUCCACCGGAGCUGGAGAA,0.3310961968680089,0,"-0.89,-3.42,-14.88,0,1,-208.28,0.21052631578947367,0,0.3684210526315789,0,1,0.16666666666666666,-2.08,0.05555555555555555,0,0,0.05555555555555555,-2.08,0,0.05555555555555555,0,-2.08,0.0,0",-10.000,68.4,-1.3400,-41.1200,-16.5700,-16.5700,0.0,,0,none,19,guide
CUCUCCGAGCUCGGGGAUG,AGAAUGAUGCCACGGAAAUCAUCCCCGAGCUCGGAGAGUACCCCGAGCCUCCACCGG,0.3795674869500373,0,"0.03,-2.08,-10.48,0,0,-210.04999999999995,0.21052631578947367,0,0.3684210526315789,0,0,0.16666666666666666,-2.35,0.0,1,1,0.05555555555555555,-2.11,0,0.05555555555555555,0,-3.26,0.0,0",-7.900,68.4,0.0300,-40.6700,-14.7500,-14.7500,0.0,,0,none,19,guide
CCGAGCUCGGGGAUGAUUU,UUCAAGAAUGAUGCCACGGAAAUCAUCCCCGAGCUCGGAGAGUACCCCGAGCCUCCA,0.3713646532438479,0,"-2.33,-3.26,-13.39,0,0,-195.95,0.2631578947368421,0,0.3684210526315789,0,0,0.16666666666666666,-2.36,0.0,0,1,0.05555555555555555,-0.93,1,0.05555555555555555,0,-1.1,0.1111111111111111,0",-2.900,57.9,-2.7800,-36.9700,-14.6400,-14.6400,0.0,,0,none,19,guide
UCCGUGGCAUCAUUCUUGA,GGCCAGGGGUGGCAGGCGUUCAAGAAUGAUGCCACGGAAAUCAUCCCCGAGCUCGGA,0.5123042505592842,0,"0.0,-2.35,-12.44,1,0,-187.04999999999995,0.3684210526315789,0,0.21052631578947367,0,0,0.05555555555555555,-3.26,0.0,0,0,0.05555555555555555,-2.35,0,0.05555555555555555,0,-0.93,0.1111111111111111,1",0.000,47.4,0.0000,-33.8800,-16.6500,-16.6500,0.0,,0,none,19,guide
UGGCAUCAUUCUUGAACGC,GGAGGGCCAGGGGUGGCAGGCGUUCAAGAAUGAUGCCACGGAAAUCAUCCCCGAGCU,0.6964951528709918,1,"1.76,-2.11,-10.44,1,0,-186.64,0.3157894736842105,0,0.21052631578947367,0,0,0.05555555555555555,-3.26,0.0,0,0,0.0,-3.42,0,0.1111111111111111,0,-2.11,0.1111111111111111,0",-0.500,47.4,1.7600,-33.1700,-14.3500,-14.3500,0.0,,0,none,19,guide
CAUCAUUCUUGAACGCCUG,AGUGGAGGGCCAGGGGUGGCAGGCGUUCAAGAAUGAUGCCACGGAAAUCAUCCCCGA,0.6144668158090977,1,"0.0,-2.11,-10.44,0,0,-185.95999999999995,0.3157894736842105,0,0.15789473684210525,0,0,0.0,-1.1,0.0,0,1,0.05555555555555555,-2.11,0,0.05555555555555555,0,-2.24,0.1111111111111111,0",-0.400,47.4,0.0000,-32.3300,-9.9400,-9.9400,0.0,,0,none,19,guide
CUUGAACGCCUGCCACCCC,UCCGUGUAGUGGAGGGCCAGGGGUGGCAGGCGUUCAAGAAUGAUGCCACGGAAAUCA,0.3631618195376584,0,"0.73,-2.08,-10.48,0,0,-204.9,0.15789473684210525,0,0.15789473684210525,0,0,0.0,-0.93,0.0,1,1,0.2777777777777778,-3.26,0,0.1111111111111111,0,-3.26,0.05555555555555555,0",0.000,68.4,1.1800,-41.2900,-10.9200,-10.9200,0.0,,0,none,19,guide
AACGCCUGCCACCCCUGGC,XXCUUCCGUGUAGUGGAGGGCCAGGGGUGGCAGGCGUUCAAGAAUGAUGCCACGGAA,0.5794183445190156,1,"2.49,-0.93,-6.82,0,0,-210.19,0.10526315789473684,0,0.21052631578947367,0,0,0.05555555555555555,-2.24,0.0,0,0,0.2777777777777778,-3.42,0,0.16666666666666666,0,-3.26,0.0,0",-3.400,73.7,2.9400,-43.9900,-15.4700,-15.4700,0.0,,0,none,19,guide
CCUGCCACCCCUGGCCCUC,XXXXXXCUUCCGUGUAGUGGAGGGCCAGGGGUGGCAGGCGUUCAAGAAUGAUGCCAC,0.5302013422818792,1,"-0.46,-3.26,-13.39,0,0,-219.87,0.15789473684210525,0,0.15789473684210525,0,0,0.05555555555555555,-2.08,0.0,0,1,0.3888888888888889,-2.35,1,0.1111111111111111,0,-3.26,0.0,0",-4.200,78.9,-0.9100,-46.4900,-15.2200,-15.2200,0.0,,0,none,19,guide
GCCACCCCUGGCCCUCCAC,XXXXXXXXXCUUCCGUGUAGUGGAGGGCCAGGGGUGGCAGGCGUUCAAGAAUGAUGC,0.3937360178970917,0,"-0.73,-3.42,-14.88,0,1,-220.79,0.10526315789473684,0,0.15789473684210525,0,1,0.05555555555555555,-3.26,0.0,0,0,0.3888888888888889,-2.24,0,0.1111111111111111,0,-3.26,0.0,0",-4.200,78.9,-1.1800,-46.8500,-17.3900,-17.3900,0.0,,0,none,19,guide
CACCCCUGGCCCUCCACUA,XXXXXXXXXXXCUUCCGUGUAGUGGAGGGCCAGGGGUGGCAGGCGUUCAAGAAUGAU,0.5369127516778524,1,"-1.23,-2.11,-10.44,0,0,-206.97,0.15789473684210525,0,0.10526315789473684,0,0,0.05555555555555555,-2.24,0.05555555555555555,0,1,0.3333333333333333,-1.33,0,0.05555555555555555,0,-2.35,0.0,1",-0.500,68.4,-1.2300,-43.0300,-16.2100,-16.2100,0.0,,0,none,19,guide
ACCCCUGGCCCUCCACUAC,XXXXXXXXXXXXCUUCCGUGUAGUGGAGGGCCAGGGGUGGCAGGCGUUCAAGAAUGA,0.4735272184936615,0,"0.9,-2.24,-11.4,0,0,-207.93,0.15789473684210525,0,0.10526315789473684,0,0,0.05555555555555555,-3.26,0.05555555555555555,0,0,0.3333333333333333,-2.24,0,0.05555555555555555,0,-3.26,0.0,0",-0.500,68.4,0.4500,-42.9600,-17.2300,-17.2300,0.0,,0,none,19,guide
CCUGGCCCUCCACUACACG,XXXXXXXXXXXXXXXCUUCCGUGUAGUGGAGGGCCAGGGGUGGCAGGCGUUCAAGAA,0.4526472781506338,0,"-0.9,-3.26,-13.39,0,0,-205.95000000000005,0.15789473684210525,0,0.15789473684210525,0,0,0.05555555555555555,-2.08,0.05555555555555555,0,1,0.2222222222222222,-2.36,1,0.05555555555555555,0,-2.08,0.0,0",-0.500,68.4,-0.9000,-41.4600,-17.3900,-17.3900,0.0,,0,none,19,guide
CUGGCCCUCCACUACACGG,XXXXXXXXXXXXXXXXCUUCCGUGUAGUGGAGGGCCAGGGGUGGCAGGCGUUCAAGA,0.4116331096196868,0,"0.73,-2.08,-10.48,0,0,-205.95,0.15789473684210525,0,0.21052631578947367,0,0,0.1111111111111111,-2.11,0.05555555555555555,1,1,0.16666666666666666,-3.26,0,0.05555555555555555,0,-1.33,0.0,0",-0.500,68.4,1.1800,-41.4600,-17.3900,-17.3900,0.0,,0,none,19,guide
CUGACAGCGCCACCGCAGC,AGUCCGUGCACCUCACGGUGCUGCGGUGGCGCUGUCAGCGGCGCGGGGGCCAGCGCU,0.6002982848620433,1,"0.89,-2.08,-10.48,0,0,-212.40999999999997,0.05263157894736842,0,0.2631578947368421,0,0,0.0,-2.11,0.0,1,1,0.1111111111111111,-3.42,0,0.2222222222222222,0,-3.26,0.0,0",-2.400,73.7,1.3400,-42.6400,-14.3100,-14.3100,0.0,,0,none,19,guide
CCACCGCAGCACCGUGAGG,AGCCGUCCAAGUCCGUGCACCUCACGGUGCUGCGGUGGCGCUGUCAGCGGCGCGGGG,0.5227442207307978,1,"0.0,-3.26,-13.39,0,0,-210.35,0.05263157894736842,0,0.3157894736842105,0,0,0.05555555555555555,-2.11,0.0,0,1,0.16666666666666666,-3.26,1,0.1111111111111111,0,-2.36,0.0,0",-1.700,73.7,0.0000,-42.6800,-15.5000,-15.5000,0.0,,0,none,19,guide
ACCGCAGCACCGUGAGGUG,CAAGCCGUCCAAGUCCGUGCACCUCACGGUGCUGCGGUGGCGCUGUCAGCGGCGCGG,0.4198359433258761,0,"0.77,-2.24,-11.4,0,0,-204.64,0.10526315789473684,0,0.3684210526315789,0,0,0.05555555555555555,-3.26,0.0,0,0,0.1111111111111111,-2.11,0,0.1111111111111111,0,-2.11,0.0,0",-4.500,68.4,0.3200,-41.3100,-16.6500,-16.6500,0.0,,0,none,19,guide
GAGGUGCACGGACUUGGAC,AGGGCAUGGUGUGCAAGCCGUCCAAGUCCGUGCACCUCACGGUGCUGCGGUGGCGCU,0.4153616703952275,0,"-0.11,-2.35,-12.44,0,1,-204.1,0.15789473684210525,0,0.42105263157894735,0,0,0.16666666666666666,-2.08,0.0,0,0,0.0,-2.24,0,0.05555555555555555,0,-2.08,0.05555555555555555,0",-1.700,63.2,-0.1100,-39.4000,-15.2200,-15.2200,0.0,,0,none,19,guide
GUGCACGGACUUGGACGGC,CCGAGGGCAUGGUGUGCAAGCCGUCCAAGUCCGUGCACCUCACGGUGCUGCGGUGGC,0.4929157345264728,0,"0.73,-2.24,-11.4,0,1,-206.7,0.15789473684210525,0,0.42105263157894735,0,0,0.16666666666666666,-2.11,0.0,1,0,0.0,-3.42,0,0.1111111111111111,0,-3.26,0.05555555555555555,0",-2.300,68.4,1.1800,-40.7500,-15.5000,-15.5000,0.0,,0,none,19,guide
GGACUUGGACGGCUUGCAC,CCGUGCCCGAGGGCAUGGUGUGCAAGCCGUCCAAGUCCGUGCACCUCACGGUGCUGC,0.5622669649515287,1,"-0.57,-3.26,-13.39,0,1,-201.96,0.21052631578947367,0,0.3684210526315789,1,0,0.16666666666666666,-2.35,0.0,0,0,0.0,-2.24,0,0.1111111111111111,0,-2.08,0.1111111111111111,0",0.000,63.2,-1.0200,-39.1600,-12.9700,-12.9700,0.0,,0,none,19,guide
UGGACGGCUUGCACACCAU,GUGCUCCGUGCCCGAGGGCAUGGUGUGCAAGCCGUCCAAGUCCGUGCACCUCACGGU,0.6428038777032066,1,"-0.56,-2.11,-10.44,1,0,-195.04,0.21052631578947367,0,0.2631578947368421,0,0,0.1111111111111111,-3.26,0.0,0,0,0.05555555555555555,-1.1,0,0.1111111111111111,0,-2.24,0.05555555555555555,0",-0.400,57.9,-1.0100,-38.0700,-16.8900,-16.8900,0.0,,0,none,19,guide
ACGGCUUGCACACCAUGCC,CUCGUGCUCCGUGCCCGAGGGCAUGGUGUGCAAGCCGUCCAAGUCCGUGCACCUCAC,0.5898583146905295,1,"1.47,-2.24,-11.4,0,0,-201.2,0.15789473684210525,0,0.21052631578947367,0,0,0.05555555555555555,-2.36,0.0,0,0,0.1111111111111111,-3.26,0,0.16666666666666666,0,-3.26,0.05555555555555555,0",-3.300,63.2,1.4700,-39.6900,-14.1600,-14.1600,0.0,,0,none,19,guide
GGCUUGCACACCAUGCCCU,CGCUCGUGCUCCGUGCCCGAGGGCAUGGUGUGCAAGCCGUCCAAGUCCGUGCACCUC,0.5645041014168531,1,"-1.63,-3.26,-13.39,0,1,-203.03,0.21052631578947367,0,0.21052631578947367,1,0,0.05555555555555555,-3.42,0.0,0,0,0.16666666666666666,-2.08,0,0.16666666666666666,0,-1.1,0.05555555555555555,0",-3.800,63.2,-1.6300,-40.5800,-14.0700,-14.0700,0.0,,0,none,19,guide
CGGAGCACGAGCGCUUACU,GAAGGUGGGCAGCUGCUUCAGUAAGCGCUCGUGCUCCGUGCCCGAGGGCAUGGUGUG,0.3803131991051454,0,"-0.73,-2.36,-10.64,0,0,-197.17,0.15789473684210525,0,0.3157894736842105,0,0,0.05555555555555555,-3.26,0.05555555555555555,0,1,0.0,-2.08,0,0.16666666666666666,1,-3.42,0.05555555555555555,0",-3.500,63.2,-0.7300,-38.1800,-15.4600,-15.4600,0.0,,0,none,19,guide
CACGAGCGCUUACUGAAGC,UACGUGAAGGUGGGCAGCUGCUUCAGUAAGCGCUCGUGCUCCGUGCCCGAGGGCAUG,0.6316181953765846,1,"0.86,-2.11,-10.44,0,0,-194.12,0.15789473684210525,0,0.2631578947368421,0,0,0.0,-2.24,0.05555555555555555,0,1,0.0,-3.42,0,0.16666666666666666,0,-2.08,0.05555555555555555,0",-1.600,57.9,1.3100,-36.1000,-14.8100,-14.8100,0.0,,0,none,19,guide
GCGCUUACUGAAGCAGCUG,CGCGCUACGUGAAGGUGGGCAGCUGCUUCAGUAAGCGCUCGUGCUCCGUGCCCGAGG,0.4213273676360924,0,"-0.86,-3.42,-14.88,0,1,-195.44,0.21052631578947367,0,0.3157894736842105,0,1,0.0,-2.36,0.05555555555555555,0,0,0.0,-2.11,0,0.2222222222222222,0,-3.42,0.05555555555555555,0",-4.500,57.9,-1.3100,-36.9600,-12.3600,-12.3600,0.0,,0,none,19,guide
CGCUUACUGAAGCAGCUGC,CCGCGCUACGUGAAGGUGGGCAGCUGCUUCAGUAAGCGCUCGUGCUCCGUGCCCGAG,0.4705443698732289,0,"1.06,-2.36,-10.64,0,0,-195.44,0.21052631578947367,0,0.2631578947368421,0,0,0.0,-3.42,0.05555555555555555,0,1,0.0,-3.42,0,0.2222222222222222,1,-2.11,0.05555555555555555,0",-2.800,57.9,1.0600,-36.9600,-12.0800,-12.0800,0.0,,0,none,19,guide
CGCGGCCAAAAGCGGCUGC,UACGCGUGGAACGACCUGGGCAGCCGCUUUUGGCCGCGCUACGUGAAGGUGGGCAGC,0.3460104399701715,0,"1.06,-2.36,-10.64,0,0,-205.18,0.05263157894736842,0,0.3684210526315789,0,0,0.1111111111111111,-3.42,0.0,0,1,0.05555555555555555,-3.42,0,0.2777777777777778,1,-2.36,0.0,0",-10.000,73.7,1.0600,-41.5400,-17.8300,-17.8300,0.0,,0,none,19,guide
AAAAGCGGCUGCCCAGGUC,CGUGCUGUACGCGUGGAACGACCUGGGCAGCCGCUUUUGGCCGCGCUACGUGAAGGU,0.5749440715883669,1,"1.87,-0.93,-6.82,0,0,-198.13,0.10526315789473684,0,0.3157894736842105,0,0,0.1111111111111111,-0.93,0.0,0,0,0.1111111111111111,-2.35,0,0.16666666666666666,0,-3.26,0.0,0",-1.600,63.2,1.8700,-39.3600,-12.9800,-12.9800,0.0,,0,none,19,guide
AAGCGGCUGCCCAGGUCGU,CCCGUGCUGUACGCGUGGAACGACCUGGGCAGCCGCUUUUGGCCGCGCUACGUGAAG,0.3810589112602535,0,"0.86,-0.93,-6.82,0,0,-202.81000000000003,0.15789473684210525,0,0.3684210526315789,0,0,0.1111111111111111,-2.08,0.0,0,0,0.1111111111111111,-2.24,0,0.16666666666666666,0,-2.08,0.0,0",-6.000,68.4,1.3100,-41.6000,-16.6200,-16.6200,0.0,,0,none,19,guide
GCGGCUGCCCAGGUCGUUC,GCCCCGUGCUGUACGCGUGGAACGACCUGGGCAGCCGCUUUUGGCCGCGCUACGUGA,0.4407158836689038,0,"-0.62,-3.42,-14.88,0,1,-212.21,0.21052631578947367,0,0.3684210526315789,0,1,0.1111111111111111,-2.36,0.0,0,0,0.1111111111111111,-2.35,0,0.16666666666666666,0,-2.24,0.05555555555555555,0",-5.800,73.7,-1.0700,-42.9200,-16.6500,-16.6500,0.0,,0,none,19,guide
CGGCUGCCCAGGUCGUUCC,UGCCCCGUGCUGUACGCGUGGAACGACCUGGGCAGCCGCUUUUGGCCGCGCUACGUG,0.384041759880686,0,"0.9,-2.36,-10.64,0,0,-210.72000000000003,0.21052631578947367,0,0.3157894736842105,0,0,0.1111111111111111,-3.26,0.0,0,1,0.16666666666666666,-3.26,0,0.1111111111111111,1,-2.35,0.05555555555555555,0",-4.300,73.7,0.9000,-42.5600,-17.5500,-17.5500,0.0,,0,none,19,guide
CCAGGUCGUUCCACGCGUA,GACAUUCUGCCCCGUGCUGUACGCGUGGAACGACCUGGGCAGCCGCUUUUGGCCGCG,0.3862788963460105,0,"-1.93,-3.26,-13.39,0,0,-195.99000000000004,0.21052631578947367,0,0.2631578947368421,0,0,0.05555555555555555,-2.11,0.05555555555555555,0,1,0.1111111111111111,-1.33,1,0.05555555555555555,0,-2.24,0.05555555555555555,1",-0.700,63.2,-2.3800,-38.5600,-14.4000,-14.4000,0.0,,0,none,19,guide
UCGUUCCACGCGUACAGCA,UCGCAGACAUUCUGCCCCGUGCUGUACGCGUGGAACGACCUGGGCAGCCGCUUUUGG,0.6353467561521253,1,"-0.24,-2.35,-12.44,1,0,-190.81,0.21052631578947367,0,0.21052631578947367,0,0,0.0,-2.36,0.05555555555555555,0,0,0.05555555555555555,-2.11,0,0.1111111111111111,0,-1.33,0.05555555555555555,1",-1.500,57.9,-0.2400,-36.8700,-13.2500,-13.2500,0.0,,0,none,19,guide
UCCACGCGUACAGCACGGG,GUGGUCGCAGACAUUCUGCCCCGUGCUGUACGCGUGGAACGACCUGGGCAGCCGCUU,0.4496644295302013,0,"1.36,-2.35,-12.44,1,0,-202.05,0.10526315789473684,0,0.3157894736842105,0,0,0.1111111111111111,-3.26,0.05555555555555555,0,0,0.05555555555555555,-3.26,0,0.1111111111111111,0,-3.42,0.0,0",-2.800,68.4,1.3600,-40.6100,-15.7500,-15.7500,0.0,,0,none,19,guide
GCGUACAGCACGGGGCAGA,UGGCUGUGGUCGCAGACAUUCUGCCCCGUGCUGUACGCGUGGAACGACCUGGGCAGC,0.4548844146159582,0,"-1.52,-3.42,-14.88,0,1,-205.37,0.05263157894736842,0,0.42105263157894735,0,1,0.16666666666666666,-2.36,0.05555555555555555,0,0,0.0,-2.35,0,0.16666666666666666,0,-3.26,0.0,1",-1.700,68.4,-1.5200,-41.5600,-12.3600,-12.3600,0.0,,0,none,19,guide
GUACAGCACGGGGCAGAAU,UGUGGCUGUGGUCGCAGACAUUCUGCCCCGUGCUGUACGCGUGGAACGACCUGGGCA,0.3803131991051454,0,"-1.59,-2.24,-11.4,0,1,-196.05,0.10526315789473684,0,0.3684210526315789,0,0,0.16666666666666666,-1.33,0.05555555555555555,1,0,0.0,-1.1,0,0.1111111111111111,0,-3.42,0.0,0",-0.600,57.9,-1.5900,-37.8100,-13.2900,-13.2900,0.0,,0,none,19,guide
ACAGCACGGGGCAGAAUGU,GAUGUGGCUGUGGUCGCAGACAUUCUGCCCCGUGCUGUACGCGUGGAACGACCUGGG,0.4474272930648769,0,"0.0,-2.24,-11.4,0,0,-195.08,0.10526315789473684,0,0.3684210526315789,0,0,0.16666666666666666,-2.11,0.0,0,0,0.0,-2.24,0,0.1111111111111111,0,-2.08,0.0,0",-0.600,57.9,0.0000,-38.1900,-14.3200,-14.3200,0.0,,0,none,19,guide
ACGGGGCAGAAUGUCUGCG,UUACAGAUGUGGCUGUGGUCGCAGACAUUCUGCCCCGUGCUGUACGCGUGGAACGAC,0.395227442207308,0,"0.57,-2.24,-11.4,0,0,-200.04,0.15789473684210525,0,0.42105263157894735,0,0,0.16666666666666666,-2.36,0.0,0,0,0.0,-2.36,0,0.1111111111111111,0,-2.24,0.0,0",-5.700,63.2,0.5700,-38.9000,-17.6700,-17.6700,0.0,,0,none,19,guide
CGGGGCAGAAUGUCUGCGA,GUUACAGAUGUGGCUGUGGUCGCAGACAUUCUGCCCCGUGCUGUACGCGUGGAACGA,0.354958985831469,0,"-0.46,-2.36,-10.64,0,0,-201.08,0.15789473684210525,0,0.42105263157894735,0,0,0.16666666666666666,-3.26,0.0,0,1,0.0,-2.35,0,0.1111111111111111,1,-2.35,0.0,1",-5.700,63.2,-0.4600,-39.0100,-17.3900,-17.3900,0.0,,0,none,19,guide
GGCAGAAUGUCUGCGACCA,GAAGUUACAGAUGUGGCUGUGGUCGCAGACAUUCUGCCCCGUGCUGUACGCGUGGAA,0.3020134228187919,0,"-1.6,-3.26,-13.39,0,1,-198.89000000000004,0.15789473684210525,0,0.3157894736842105,1,0,0.05555555555555555,-3.42,0.0,0,0,0.05555555555555555,-2.11,0,0.1111111111111111,0,-3.42,0.0,1",-5.700,57.9,-1.6000,-37.7400,-11.9900,-11.9900,0.0,,0,none,19,guide
CAGAAUGUCUGCGACCACA,AGGAAGUUACAGAUGUGGCUGUGGUCGCAGACAUUCUGCCCCGUGCUGUACGCGUGG,0.4287844891871737,0,"-0.9,-2.11,-10.44,0,0,-192.46,0.15789473684210525,0,0.21052631578947367,0,0,0.0,-2.08,0.0,0,1,0.05555555555555555,-2.11,0,0.05555555555555555,0,-2.35,0.0,1",-1.100,52.6,-0.4500,-35.2600,-10.8100,-10.8100,0.0,,0,none,19,guide
UGUCUGCGACCACAGCCAC,UGCGGAGGAAGUUACAGAUGUGGCUGUGGUCGCAGACAUUCUGCCCCGUGCUGUACG,0.6211782252050708,1,"1.03,-2.11,-10.44,1,0,-203.49,0.15789473684210525,0,0.21052631578947367,0,0,0.0,-2.24,0.0,0,0,0.1111111111111111,-2.24,0,0.1111111111111111,0,-2.11,0.0,0",-1.500,63.2,0.5800,-39.8000,-14.5600,-14.5600,0.0,,0,none,19,guide
CUGCGACCACAGCCACAUC,AGCUGCGGAGGAAGUUACAGAUGUGGCUGUGGUCGCAGACAUUCUGCCCCGUGCUGU,0.6092468307233407,1,"0.27,-2.08,-10.48,0,0,-205.19000000000003,0.10526315789473684,0,0.15789473684210525,0,0,0.0,-2.11,0.0,1,1,0.1111111111111111,-2.35,0,0.1111111111111111,0,-3.26,0.0,0",-0.500,63.2,0.2700,-39.5600,-15.7400,-15.7400,0.0,,0,none,19,guide
UAACUUCCUCCGCAGCUUC,AGAAGCAGCGCCUAAGCAAGAAGCUGCGGAGGAAGUUACAGAUGUGGCUGUGGUCGC,0.7606263982102909,1,"1.47,-1.33,-7.69,1,0,-189.08,0.3157894736842105,0,0.10526315789473684,0,0,0.0,-0.93,0.05555555555555555,0,0,0.1111111111111111,-2.35,0,0.1111111111111111,0,-2.11,0.1111111111111111,0",0.000,52.6,1.4700,-35.4700,-11.7900,-11.7900,0.0,,0,none,19,guide
UCCUCCGCAGCUUCUUGCU,GGGCAAGAAGCAGCGCCUAAGCAAGAAGCUGCGGAGGAAGUUACAGAUGUGGCUGUG,0.7285607755406414,1,"-0.27,-2.35,-12.44,1,0,-195.25,0.3684210526315789,0,0.15789473684210525,0,0,0.0,-3.26,0.0,0,0,0.1111111111111111,-2.08,0,0.16666666666666666,0,-2.35,0.1111111111111111,0",-2.100,57.9,-0.2700,-38.1800,-16.7300,-16.7300,0.0,,0,none,19,guide
CGCAGCUUCUUGCUUAGGC,GCCCAGGGCAAGAAGCAGCGCCUAAGCAAGAAGCUGCGGAGGAAGUUACAGAUGUGG,0.639075316927666,1,"1.06,-2.36,-10.64,0,0,-193.80999999999997,0.3157894736842105,0,0.2631578947368421,0,0,0.05555555555555555,-3.42,0.05555555555555555,0,1,0.0,-3.42,0,0.2222222222222222,1,-2.08,0.16666666666666666,0",-2.100,57.9,1.0600,-36.8000,-14.0400,-14.0400,0.0,,0,none,19,guide
GCUUCUUGCUUAGGCGCUG,CUUGGCCCAGGGCAAGAAGCAGCGCCUAAGCAAGAAGCUGCGGAGGAAGUUACAGAU,0.4668158090976883,0,"-0.86,-3.42,-14.88,0,1,-193.81,0.3684210526315789,0,0.3157894736842105,0,1,0.05555555555555555,-2.08,0.05555555555555555,0,0,0.0,-2.11,0,0.2222222222222222,0,-3.26,0.16666666666666666,0",-2.400,57.9,-1.3100,-36.8000,-10.4800,-10.4800,0.0,,0,none,19,guide
CUUGCUUAGGCGCUGCUUC,AGGGCUUGGCCCAGGGCAAGAAGCAGCGCCUAAGCAAGAAGCUGCGGAGGAAGUUAC,0.6189410887397464,1,"0.27,-2.08,-10.48,0,0,-193.81,0.3684210526315789,0,0.2631578947368421,0,0,0.05555555555555555,-0.93,0.05555555555555555,1,1,0.0,-2.35,0,0.2222222222222222,0,-2.08,0.16666666666666666,0",-1.500,57.9,0.2700,-37.0000,-10.8000,-10.8000,0.0,,0,none,19,guide
UUAGGCGCUGCUUCUUGCC,CUCCGAGGGCUUGGCCCAGGGCAAGAAGCAGCGCCUAAGCAAGAAGCUGCGGAGGAA,0.6808351976137211,1,"2.33,-0.93,-6.82,1,0,-193.0,0.3684210526315789,1,0.2631578947368421,0,0,0.05555555555555555,-1.33,0.05555555555555555,1,0,0.05555555555555555,-3.26,0,0.2222222222222222,0,-2.35,0.16666666666666666,0",-3.000,57.9,2.7800,-37.6300,-15.8700,-15.8700,0.0,,0,none,19,guide
UAGGCGCUGCUUCUUGCCC,UCUCCGAGGGCUUGGCCCAGGGCAAGAAGCAGCGCCUAAGCAAGAAGCUGCGGAGGA,0.6957494407158837,1,"1.93,-1.33,-7.69,1,0,-199.56999999999996,0.3157894736842105,0,0.2631578947368421,0,0,0.05555555555555555,-2.08,0.05555555555555555,0,0,0.1111111111111111,-3.26,0,0.2222222222222222,0,-2.08,0.1111111111111111,0",-3.800,63.2,2.3800,-39.9600,-16.6200,-16.6200,0.0,,0,none,19,guide
GCUUCUUGCCCUGGGCCAA,GCUAGAGUUCUCCGAGGGCUUGGCCCAGGGCAAGAAGCAGCGCCUAAGCAAGAAGCU,0.3064876957494407,0,"-2.49,-3.42,-14.88,0,1,-199.92,0.2631578947368421,0,0.2631578947368421,0,1,0.1111111111111111,-2.08,0.0,0,0,0.16666666666666666,-0.93,0,0.16666666666666666,0,-3.26,0.1111111111111111,1",-2.100,63.2,-2.9400,-40.1800,-10.4800,-10.4800,0.0,,0,none,19,guide
CAAGCCCUCGGAGAACUCU,CGAGCGAGAUCAAAGGGCUAGAGUUCUCCGAGGGCUUGGCCCAGGGCAAGAAGCAGC,0.4108873974645787,0,"-0.93,-2.11,-10.44,0,0,-196.0,0.15789473684210525,0,0.21052631578947367,0,0,0.05555555555555555,-0.93,0.0,0,1,0.1111111111111111,-2.08,0,0.05555555555555555,0,-2.35,0.0,0",0.000,57.9,-0.4800,-37.4800,-15.0300,-15.0300,0.0,,0,none,19,guide
GAACUCUAGCCCUUUGAUC,CGGGGGCCAUGCCGAGCGAGAUCAAAGGGCUAGAGUUCUCCGAGGGCUUGGCCCAGG,0.5838926174496645,1,"0.0,-2.35,-12.44,0,1,-189.1,0.3157894736842105,0,0.15789473684210525,0,0,0.0,-0.93,0.05555555555555555,0,0,0.1111111111111111,-2.35,0,0.05555555555555555,0,-0.93,0.1111111111111111,0",0.000,47.4,0.0000,-33.6400,-11.0100,-11.0100,0.0,,0,none,19,guide
UCUAGCCCUUUGAUCUCGC,CCGUCGGGGGCCAUGCCGAGCGAGAUCAAAGGGCUAGAGUUCUCCGAGGGCUUGGCC,0.72110365398956,1,"1.52,-2.35,-12.44,1,0,-192.68,0.3684210526315789,0,0.15789473684210525,0,0,0.0,-2.08,0.05555555555555555,0,0,0.1111111111111111,-3.42,0,0.1111111111111111,0,-1.1,0.1111111111111111,0",0.000,52.6,1.5200,-35.9000,-15.4300,-15.4300,0.0,,0,none,19,guide
CCCCGACGGCCGCUGCCGC,CGGAGCUGGACCAGCUGCUGCGGCAGCGGCCGUCGGGGGCCAUGCCGAGCGAGAUCA,0.5257270693512304,1,"0.16,-3.26,-13.39,0,0,-223.57,0.05263157894736842,0,0.3157894736842105,0,0,0.05555555555555555,-3.26,0.0,0,1,0.2777777777777778,-3.42,1,0.2222222222222222,0,-2.08,0.0,0",-5.400,89.5,0.1600,-47.8700,-15.8300,-15.8300,0.0,,0,none,19,guide
CCGCUGCCGCAGCAGCUGG,AGGACCUGGCGGAGCUGGACCAGCUGCUGCGGCAGCGGCCGUCGGGGGCCAUGCCGA,0.5838926174496645,1,"0.0,-3.26,-13.39,0,0,-215.92,0.10526315789473684,0,0.3684210526315789,0,0,0.05555555555555555,-2.36,0.0,0,1,0.1111111111111111,-3.26,1,0.2777777777777778,0,-2.11,0.0,0",-8.300,78.9,0.0000,-44.7700,-16.6500,-16.6500,0.0,,0,none,19,guide
GCUGCCGCAGCAGCUGGUC,GGAGGACCUGGCGGAGCUGGACCAGCUGCUGCGGCAGCGGCCGUCGGGGGCCAUGCC,0.4116331096196868,0,"-0.62,-3.42,-14.88,0,1,-215.73,0.15789473684210525,0,0.3684210526315789,0,1,0.05555555555555555,-2.08,0.0,0,0,0.05555555555555555,-2.35,0,0.2777777777777778,0,-3.42,0.0,0",-7.600,73.7,-1.0700,-43.9400,-16.6500,-16.6500,0.0,,0,none,19,guide
GCAGCAGCUGGUCCAGCUC,GGGCGCGGAGGACCUGGCGGAGCUGGACCAGCUGCUGCGGCAGCGGCCGUCGGGGGC,0.5354213273676359,1,"-0.62,-3.42,-14.88,0,1,-213.12999999999997,0.15789473684210525,0,0.3157894736842105,0,1,0.05555555555555555,-2.11,0.0,0,0,0.05555555555555555,-2.35,0,0.2222222222222222,0,-3.26,0.0,0",-4.400,68.4,-1.0700,-42.5900,-15.2200,-15.2200,0.0,,0,none,19,guide
GCUGGUCCAGCUCCGCCAG,AGCUGGGGGCGCGGAGGACCUGGCGGAGCUGGACCAGCUGCUGCGGCAGCGGCCGUC,0.4377330350484713,0,"-0.89,-3.42,-14.88,0,1,-214.75,0.15789473684210525,0,0.3157894736842105,0,1,0.05555555555555555,-2.08,0.0,0,0,0.16666666666666666,-2.08,0,0.16666666666666666,0,-3.26,0.0,0",-4.800,73.7,-1.3400,-43.4600,-15.3000,-15.3000,0.0,,0,none,19,guide
GCGAGGUGGCCAUGAAGCC,CGGGGGCCACUACGACCCAGGCUUCAUGGCCACCUCGCCCCCCGAGGACCGGCCCGG,0.4817300521998509,0,"-0.16,-3.42,-14.88,0,1,-209.98999999999995,0.10526315789473684,0,0.42105263157894735,0,1,0.1111111111111111,-2.36,0.0,0,0,0.1111111111111111,-3.26,0,0.16666666666666666,0,-2.11,0.0,0",-2.300,68.4,-0.1600,-41.5300,-14.4000,-14.4000,0.0,,0,none,19,guide
UGGCCAUGAAGCCUGGGUC,GCUGCUCGGGGGCCACUACGACCCAGGCUUCAUGGCCACCUCGCCCCCCGAGGACCG,0.6159582401193139,1,"1.14,-2.11,-10.44,1,0,-204.58,0.21052631578947367,0,0.3684210526315789,0,0,0.16666666666666666,-3.26,0.0,0,0,0.1111111111111111,-2.35,0,0.1111111111111111,0,-2.08,0.0,0",-3.700,63.2,0.6900,-40.4200,-15.2600,-15.2600,0.0,,0,none,19,guide
CCCGAGCAGCGAGCGCAGC,AGGAUCUGAACGAGACGCUGCUGCGCUCGCUGCUCGGGGGCCACUACGACCCAGGCU,0.5003728560775541,0,"0.16,-3.26,-13.39,0,0,-217.17,0.0,0,0.3684210526315789,0,0,0.0,-3.26,0.0,0,1,0.1111111111111111,-3.42,1,0.2777777777777778,0,-3.42,0.0,0",-2.000,78.9,0.1600,-44.3500,-15.5800,-15.5800,0.0,,0,none,19,guide
GAGCAGCGAGCGCAGCAGC,AAAAGGAUCUGAACGAGACGCUGCUGCGCUCGCUGCUCGGGGGCCACUACGACCCAG,0.5876211782252051,1,"0.62,-2.35,-12.44,0,1,-215.54999999999995,0.0,0,0.42105263157894735,0,0,0.0,-2.08,0.0,0,0,0.0,-3.42,0,0.3333333333333333,0,-2.11,0.0,0",-3.300,73.7,1.0700,-43.0800,-15.4700,-15.4700,0.0,,0,none,19,guide
AGCAGCGAGCGCAGCAGCG,GAAAAGGAUCUGAACGAGACGCUGCUGCGCUCGCUGCUCGGGGGCCACUACGACCCA,0.5473527218493661,1,"0.73,-2.08,-10.48,0,0,-210.03,0.0,0,0.42105263157894735,0,0,0.0,-3.42,0.0,0,0,0.0,-2.36,0,0.3333333333333333,0,-2.08,0.0,0",-3.600,73.7,0.7300,-42.5900,-15.7400,-15.7400,0.0,,0,none,19,guide
CAGCGAGCGCAGCAGCGUC,AGGAAAAGGAUCUGAACGAGACGCUGCUGCGCUCGCUGCUCGGGGGCCACUACGACC,0.5287099179716629,1,"0.24,-2.11,-10.44,0,0,-212.23,0.05263157894736842,0,0.3684210526315789,0,0,0.0,-2.08,0.0,0,1,0.0,-2.35,0,0.2777777777777778,0,-2.11,0.0,0",-4.400,73.7,0.2400,-42.1800,-15.7100,-15.7100,0.0,,0,none,19,guide
GCGCAGCAGCGUCUCGUUC,ACCCCAAGGAAAAGGAUCUGAACGAGACGCUGCUGCGCUCGCUGCUCGGGGGCCACU,0.5525727069351231,1,"-0.62,-3.42,-14.88,0,1,-207.09,0.21052631578947367,0,0.3157894736842105,0,1,0.0,-2.36,0.0,0,0,0.0,-2.35,0,0.2222222222222222,0,-2.08,0.05555555555555555,0",-3.800,68.4,-1.0700,-39.8900,-15.5000,-15.5000,0.0,,0,none,19,guide
GCAGCAGCGUCUCGUUCAG,UGACCCCAAGGAAAAGGAUCUGAACGAGACGCUGCUGCGCUCGCUGCUCGGGGGCCA,0.3497390007457121,0,"-0.89,-3.42,-14.88,0,1,-202.49,0.21052631578947367,0,0.3157894736842105,0,1,0.0,-2.11,0.0,0,0,0.0,-2.08,0,0.16666666666666666,0,-2.36,0.05555555555555555,0",-1.000,63.2,-1.3400,-38.5000,-15.2200,-15.2200,0.0,,0,none,19,guide
GUUCAGAUCCUUUUCCUUG,CAGACCCUAUCUUUGACCCCAAGGAAAAGGAUCUGAACGAGACGCUGCUGCGCUCGC,0.7091722595078299,1,"-0.13,-2.24,-11.4,0,1,-180.12999999999997,0.4736842105263158,0,0.15789473684210525,0,0,0.0,-0.93,0.0,1,0,0.1111111111111111,-2.11,0,0.0,0,-0.93,0.2777777777777778,0",0.000,42.1,-0.1300,-30.7800,-10.9200,-10.9200,0.0,,0,none,19,guide
CCUUGGGGUCAAAGAUAGG,CCUCAUCGAACACCCAGACCCUAUCUUUGACCCCAAGGAAAAGGAUCUGAACGAGAC,0.6644295302013423,1,"0.0,-3.26,-13.39,0,0,-189.47,0.21052631578947367,0,0.3684210526315789,0,0,0.2222222222222222,-2.08,0.05555555555555555,0,1,0.05555555555555555,-3.26,1,0.0,0,-2.08,0.05555555555555555,0",0.000,52.6,0.0000,-35.3300,-14.9000,-14.9000,0.0,,0,none,19,guide
GGGUCAAAGAUAGGGUCUG,GUGGACCUCAUCGAACACCCAGACCCUAUCUUUGACCCCAAGGAAAAGGAUCUGAAC,0.6621923937360179,1,"-0.7,-3.26,-13.39,0,1,-193.1,0.21052631578947367,0,0.42105263157894735,1,0,0.2222222222222222,-3.26,0.05555555555555555,0,0,0.0,-2.11,0,0.0,0,-3.26,0.0,0",-0.600,52.6,-1.1500,-35.5300,-11.8200,-11.8200,0.0,,0,none,19,guide
GGGUCUGGGUGUUCGAUGA,AACCUGCCCCUGGUGGACCUCAUCGAACACCCAGACCCUAUCUUUGACCCCAAGGAA,0.505592841163311,0,"-1.36,-3.26,-13.39,0,1,-198.83,0.3157894736842105,0,0.4736842105263158,1,0,0.2222222222222222,-3.26,0.0,0,0,0.0,-2.35,0,0.0,0,-2.35,0.05555555555555555,1",0.000,57.9,-1.3600,-37.6700,-15.3000,-15.3000,0.0,,0,none,19,guide
GUCUGGGUGUUCGAUGAGG,ACAACCUGCCCCUGGUGGACCUCAUCGAACACCCAGACCCUAUCUUUGACCCCAAGG,0.5913497390007457,1,"0.57,-2.24,-11.4,0,1,-199.64,0.3157894736842105,0,0.4736842105263158,0,0,0.16666666666666666,-2.35,0.0,1,0,0.0,-3.26,0,0.0,0,-2.35,0.05555555555555555,0",0.000,57.9,1.0200,-37.1900,-15.3000,-15.3000,0.0,,0,none,19,guide
UCUGGGUGUUCGAUGAGGU,GACAACCUGCCCCUGGUGGACCUCAUCGAACACCCAGACCCUAUCUUUGACCCCAAG,0.7591349739000746,1,"-0.11,-2.35,-12.44,1,0,-192.2,0.3684210526315789,0,0.42105263157894735,0,0,0.16666666666666666,-2.08,0.0,0,0,0.0,-2.24,0,0.0,0,-1.1,0.05555555555555555,0",0.000,52.6,-0.1100,-36.1400,-15.0600,-15.0600,0.0,,0,none,19,guide
UGUUCGAUGAGGUCCACCA,CCCAGCGACAACCUGCCCCUGGUGGACCUCAUCGAACACCCAGACCCUAUCUUUGAC,0.7188665175242356,1,"0.0,-2.11,-10.44,1,0,-192.16000000000003,0.2631578947368421,0,0.2631578947368421,0,0,0.05555555555555555,-2.24,0.0,0,0,0.1111111111111111,-2.11,0,0.0,0,-2.35,0.05555555555555555,1",-0.300,52.6,0.0000,-36.0200,-11.3300,-11.3300,0.0,,0,none,19,guide
UUCGAUGAGGUCCACCAGG,CACCCAGCGACAACCUGCCCCUGGUGGACCUCAUCGAACACCCAGACCCUAUCUUUG,0.6092468307233407,1,"2.33,-0.93,-6.82,1,0,-197.91000000000003,0.21052631578947367,1,0.3157894736842105,0,0,0.1111111111111111,-2.35,0.0,1,0,0.1111111111111111,-3.26,0,0.0,0,-2.11,0.05555555555555555,0",-0.300,57.9,2.7800,-37.5100,-12.6200,-12.6200,0.0,,0,none,19,guide
GGGGCAGGUUGUCGCUGGG,UCUCCACAUCCGCCCGGCACCCAGCGACAACCUGCCCCUGGUGGACCUCAUCGAACA,0.5078299776286354,0,"0.0,-3.26,-13.39,0,1,-211.47,0.21052631578947367,0,0.5789473684210527,1,0,0.3333333333333333,-3.26,0.0,0,0,0.0,-3.26,0,0.1111111111111111,0,-2.36,0.05555555555555555,0",-3.600,73.7,0.0000,-43.4200,-17.3900,-17.3900,0.0,,0,none,19,guide
UUGUCGCUGGGUGCCGGGC,CAGCACUAUCUCCACAUCCGCCCGGCACCCAGCGACAACCUGCCCCUGGUGGACCUC,0.6592095451155854,1,"2.49,-0.93,-6.82,1,0,-209.4,0.2631578947368421,1,0.4736842105263158,0,0,0.2222222222222222,-2.11,0.0,1,0,0.05555555555555555,-3.42,0,0.16666666666666666,0,-3.42,0.05555555555555555,0",-3.100,73.7,2.9400,-43.1600,-14.5600,-14.5600,0.0,,0,none,19,guide
UCGCUGGGUGCCGGGCGGA,GGCCAGCACUAUCUCCACAUCCGCCCGGCACCCAGCGACAACCUGCCCCUGGUGGAC,0.5369127516778524,1,"0.0,-2.35,-12.44,1,0,-213.48999999999995,0.15789473684210525,0,0.5263157894736842,0,0,0.2777777777777778,-2.36,0.0,0,0,0.05555555555555555,-2.35,0,0.16666666666666666,0,-3.26,0.0,1",-7.000,78.9,0.0000,-45.5000,-16.4900,-16.4900,0.0,,0,none,19,guide
CGCUGGGUGCCGGGCGGAU,CGGCCAGCACUAUCUCCACAUCCGCCCGGCACCCAGCGACAACCUGCCCCUGGUGGA,0.3184190902311707,0,"-1.26,-2.36,-10.64,0,0,-214.15,0.15789473684210525,0,0.5263157894736842,0,0,0.2777777777777778,-3.42,0.0,0,1,0.05555555555555555,-1.1,0,0.16666666666666666,1,-3.26,0.0,0",-6.500,78.9,-1.7100,-44.8000,-16.3700,-16.3700,0.0,,0,none,19,guide
GGGUGCCGGGCGGAUGUGG,CCGGCGGCCAGCACUAUCUCCACAUCCGCCCGGCACCCAGCGACAACCUGCCCCUGG,0.3832960477255779,0,"0.0,-3.26,-13.39,0,1,-217.1,0.15789473684210525,0,0.631578947368421,1,0,0.3333333333333333,-3.26,0.0,0,0,0.05555555555555555,-3.26,0,0.1111111111111111,0,-2.35,0.0,0",-0.500,78.9,0.0000,-45.0500,-16.6500,-16.6500,0.0,,0,none,19,guide
GCCGGGCGGAUGUGGAGAU,XCGGCCGGCGGCCAGCACUAUCUCCACAUCCGCCCGGCACCCAGCGACAACCUGCCC,0.4489187173750932,0,"-2.32,-3.42,-14.88,0,1,-209.5,0.15789473684210525,0,0.5263157894736842,0,1,0.2222222222222222,-3.26,0.0,0,0,0.05555555555555555,-1.1,0,0.1111111111111111,0,-2.11,0.0,0",-1.600,68.4,-2.7700,-41.5600,-17.9200,-17.9200,0.0,,0,none,19,guide
GGGCGGAUGUGGAGAUAGU,XXXXCGGCCGGCGGCCAGCACUAUCUCCACAUCCGCCCGGCACCCAGCGACAACCUG,0.3937360178970917,0,"-1.47,-3.26,-13.39,0,1,-200.16,0.21052631578947367,0,0.5263157894736842,1,0,0.2222222222222222,-3.26,0.05555555555555555,0,0,0.0,-2.24,0,0.05555555555555555,0,-2.08,0.0,0",0.000,57.9,-1.4700,-38.1700,-15.7500,-15.7500,0.0,,0,none,19,guide
GGAGAUAGUGCUGGCCGCC,XXXXXXXXXXXXXXCGGCCGGCGGCCAGCACUAUCUCCACAUCCGCCCGGCACCCAG,0.6517524235645041,1,"0.0,-3.26,-13.39,0,1,-210.9,0.15789473684210525,0,0.42105263157894735,1,0,0.1111111111111111,-2.35,0.05555555555555555,0,0,0.1111111111111111,-3.26,0,0.16666666666666666,0,-3.26,0.0,0",0.000,68.4,0.0000,-41.9000,-11.2900,-11.2900,0.0,,0,none,19,guide
GAUAGUGCUGGCCGCCGGC,XXXXXXXXXXXXXXXXXCGGCCGGCGGCCAGCACUAUCUCCACAUCCGCCCGGCACC,0.6129753914988814,1,"0.62,-2.35,-12.44,0,1,-213.49999999999997,0.15789473684210525,0,0.42105263157894735,0,0,0.1111111111111111,-1.1,0.05555555555555555,0,0,0.1111111111111111,-3.42,0,0.2222222222222222,0,-2.36,0.0,0",-4.800,73.7,1.0700,-43.2500,-12.2800,-12.2800,0.0,,0,none,19,guide
UUCCAGAGCUCGGCAGCAU,GAUAGUCCCUUGAACACACAUGCUGCCGAGCUCUGGAAAAACCCCACAGCUUUUAAG,0.6301267710663684,1,"0.17,-0.93,-6.82,1,0,-197.77,0.21052631578947367,1,0.2631578947368421,0,0,0.05555555555555555,-2.35,0.0,1,0,0.05555555555555555,-1.1,0,0.16666666666666666,0,-3.42,0.05555555555555555,0",-1.500,57.9,0.1700,-38.2300,-14.2300,-14.2300,0.0,,0,none,19,guide
UCCAGAGCUCGGCAGCAUG,UGAUAGUCCCUUGAACACACAUGCUGCCGAGCUCUGGAAAAACCCCACAGCUUUUAA,0.6748695003728561,1,"0.66,-2.35,-12.44,1,0,-205.11,0.15789473684210525,0,0.3157894736842105,0,0,0.05555555555555555,-3.26,0.0,0,0,0.05555555555555555,-2.11,0,0.16666666666666666,0,-2.11,0.0,0",-1.500,63.2,0.2100,-40.1100,-15.3000,-15.3000,0.0,,0,none,19,guide
AGCUCGGCAGCAUGUGUGU,AACAUUGAUAGUCCCUUGAACACACAUGCUGCCGAGCUCUGGAAAAACCCCACAGCU,0.5816554809843401,1,"0.16,-2.08,-10.48,0,0,-197.28,0.2631578947368421,0,0.3684210526315789,0,0,0.05555555555555555,-3.42,0.0,0,0,0.0,-2.24,0,0.16666666666666666,0,-2.11,0.0,0",-1.500,57.9,0.1600,-38.2000,-16.8900,-16.8900,0.0,,0,none,19,guide
CUCGGCAGCAUGUGUGUUC,CCAACAUUGAUAGUCCCUUGAACACACAUGCUGCCGAGCUCUGGAAAAACCCCACAG,0.668158090976883,1,"0.27,-2.08,-10.48,0,0,-198.62,0.3157894736842105,0,0.3157894736842105,0,0,0.05555555555555555,-2.35,0.0,1,1,0.0,-2.35,0,0.1111111111111111,0,-2.11,0.05555555555555555,0",-0.300,57.9,0.2700,-36.8300,-15.5800,-15.5800,0.0,,0,none,19,guide
UCGGCAGCAUGUGUGUUCA,CCCAACAUUGAUAGUCCCUUGAACACACAUGCUGCCGAGCUCUGGAAAAACCCCACA,0.645041014168531,1,"-0.24,-2.35,-12.44,1,0,-191.14,0.3157894736842105,0,0.3157894736842105,0,0,0.05555555555555555,-2.36,0.0,0,0,0.0,-2.11,0,0.1111111111111111,0,-2.24,0.05555555555555555,1",-0.300,52.6,-0.2400,-36.0100,-16.6500,-16.6500,0.0,,0,none,19,guide
AUGUGUGUUCAAGGGACUA,UAGGAGAACCCAACAUUGAUAGUCCCUUGAACACACAUGCUGCCGAGCUCUGGAAAA,0.5674869500372857,1,"0.23,-1.1,-9.38,0,0,-179.64,0.3157894736842105,0,0.3157894736842105,0,0,0.1111111111111111,-2.11,0.05555555555555555,1,0,0.0,-1.33,0,0.0,0,-3.26,0.05555555555555555,1",-0.800,42.1,0.2300,-32.5800,-13.0500,-13.0500,0.0,,0,none,19,guide
UUCAAGGGACUAUCAAUGU,AGCCUUCUAGGAGAACCCAACAUUGAUAGUCCCUUGAACACACAUGCUGCCGAGCUC,0.6771066368381805,1,"0.86,-0.93,-6.82,1,0,-175.04,0.3157894736842105,1,0.21052631578947367,0,0,0.1111111111111111,-2.35,0.05555555555555555,1,0,0.0,-2.24,0,0.0,0,-2.35,0.05555555555555555,0",0.000,36.8,1.3100,-30.2200,-13.9900,-13.9900,0.0,,0,none,19,guide
UCAAGGGACUAUCAAUGUU,GAGCCUUCUAGGAGAACCCAACAUUGAUAGUCCCUUGAACACACAUGCUGCCGAGCU,0.6942580164056674,1,"-0.97,-2.35,-12.44,1,0,-175.04,0.3157894736842105,0,0.21052631578947367,0,0,0.1111111111111111,-2.11,0.05555555555555555,0,0,0.0,-0.93,0,0.0,0,-2.11,0.05555555555555555,0",0.000,36.8,-1.4200,-30.2200,-13.9900,-13.9900,0.0,,0,none,19,guide
CUAUCAAUGUUGGGUUCUC,UCCAUCCAGAGCCUUCUAGGAGAACCCAACAUUGAUAGUCCCUUGAACACACAUGCU,0.494407158836689,0,"0.27,-2.08,-10.48,0,0,-182.48,0.42105263157894735,0,0.21052631578947367,0,0,0.1111111111111111,-1.33,0.05555555555555555,1,1,0.0,-2.35,0,0.0,0,-3.26,0.1111111111111111,0",0.000,42.1,0.2700,-31.2700,-8.9200,-8.9200,0.0,,0,none,19,guide
AUCAAUGUUGGGUUCUCCU,UCUCCAUCCAGAGCCUUCUAGGAGAACCCAACAUUGAUAGUCCCUUGAACACACAUG,0.7024608501118568,1,"0.53,-1.1,-9.38,0,0,-180.74,0.42105263157894735,0,0.21052631578947367,0,0,0.1111111111111111,-2.35,0.0,1,0,0.05555555555555555,-2.08,0,0.0,0,-0.93,0.1111111111111111,0",-1.100,42.1,0.9800,-32.1500,-10.8400,-10.8400,0.0,,0,none,19,guide
AAUGUUGGGUUCUCCUAGA,UGCUCUCCAUCCAGAGCCUUCUAGGAGAACCCAACAUUGAUAGUCCCUUGAACACAC,0.6621923937360179,1,"0.97,-0.93,-6.82,0,0,-179.08999999999997,0.3684210526315789,0,0.2631578947368421,0,0,0.1111111111111111,-1.1,0.05555555555555555,0,0,0.05555555555555555,-2.35,0,0.0,0,-2.35,0.1111111111111111,1",-3.300,42.1,1.4200,-32.3500,-11.7500,-11.7500,0.0,,0,none,19,guide
UGUUGGGUUCUCCUAGAAG,UCUGCUCUCCAUCCAGAGCCUUCUAGGAGAACCCAACAUUGAUAGUCCCUUGAACAC,0.6420581655480985,1,"0.87,-2.11,-10.44,1,0,-183.91,0.3684210526315789,0,0.3157894736842105,0,0,0.1111111111111111,-2.24,0.05555555555555555,0,0,0.05555555555555555,-2.08,0,0.0,0,-2.08,0.1111111111111111,0",-3.300,47.4,0.4200,-33.6800,-14.0400,-14.0400,0.0,,0,none,19,guide
UUGGGUUCUCCUAGAAGGC,AUUCUGCUCUCCAUCCAGAGCCUUCUAGGAGAACCCAACAUUGAUAGUCCCUUGAAC,0.6920208799403431,1,"2.49,-0.93,-6.82,1,0,-190.34,0.3157894736842105,1,0.3157894736842105,0,0,0.16666666666666666,-2.11,0.05555555555555555,1,0,0.05555555555555555,-3.42,0,0.05555555555555555,0,-2.08,0.1111111111111111,0",-3.300,52.6,2.9400,-36.2100,-14.1500,-14.1500,0.0,,0,none,19,guide
GUUCUCCUAGAAGGCUCUG,GACCAUUCUGCUCUCCAUCCAGAGCCUUCUAGGAGAACCCAACAUUGAUAGUCCCUU,0.5630126771066368,1,"-0.13,-2.24,-11.4,0,1,-193.86,0.3157894736842105,0,0.2631578947368421,0,0,0.05555555555555555,-0.93,0.05555555555555555,1,0,0.05555555555555555,-2.11,0,0.05555555555555555,0,-3.26,0.05555555555555555,0",0.000,52.6,-0.1300,-35.5700,-13.0500,-13.0500,0.0,,0,none,19,guide
UCCUAGAAGGCUCUGGAUG,UCAGGACCAUUCUGCUCUCCAUCCAGAGCCUUCUAGGAGAACCCAACAUUGAUAGUC,0.5861297539149889,1,"0.66,-2.35,-12.44,1,0,-194.65,0.2631578947368421,0,0.3157894736842105,0,0,0.1111111111111111,-3.26,0.05555555555555555,0,0,0.05555555555555555,-2.11,0,0.05555555555555555,0,-2.08,0.0,0",-4.000,52.6,0.2100,-36.4400,-12.0300,-12.0300,0.0,,0,none,19,guide
UAGAAGGCUCUGGAUGGAG,AUGUCAGGACCAUUCUGCUCUCCAUCCAGAGCCUUCUAGGAGAACCCAACAUUGAUA,0.610738255033557,1,"1.2,-1.33,-7.69,1,0,-194.65,0.21052631578947367,0,0.42105263157894735,0,0,0.16666666666666666,-2.08,0.05555555555555555,0,0,0.0,-2.08,0,0.05555555555555555,0,-2.35,0.0,0",-1.500,52.6,1.2000,-36.4400,-14.1200,-14.1200,0.0,,0,none,19,guide
CUGGAUGGAGAGCAGAAUG,CCCUGUAUGAUGUCAGGACCAUUCUGCUCUCCAUCCAGAGCCUUCUAGGAGAACCCA,0.5943325876211782,1,"0.03,-2.08,-10.48,0,0,-197.07,0.15789473684210525,0,0.42105263157894735,0,0,0.1111111111111111,-2.11,0.0,1,1,0.0,-2.11,0,0.05555555555555555,0,-2.11,0.0,0",-1.100,52.6,0.0300,-35.6400,-14.1900,-14.1900,0.0,,0,none,19,guide
GGAGAGCAGAAUGGUCCUG,GGUCUGCCCUGUAUGAUGUCAGGACCAUUCUGCUCUCCAUCCAGAGCCUUCUAGGAG,0.3385533184190902,0,"-0.7,-3.26,-13.39,0,1,-202.04,0.15789473684210525,0,0.42105263157894735,1,0,0.1111111111111111,-2.35,0.0,0,0,0.05555555555555555,-2.11,0,0.05555555555555555,0,-3.26,0.0,0",-1.800,57.9,-1.1500,-37.9300,-14.3900,-14.3900,0.0,,0,none,19,guide
AGCAGAAUGGUCCUGACAU,AAGUGGUCUGCCCUGUAUGAUGUCAGGACCAUUCUGCUCUCCAUCCAGAGCCUUCUA,0.4213273676360924,0,"-0.53,-2.08,-10.48,0,0,-189.51,0.21052631578947367,0,0.2631578947368421,0,0,0.05555555555555555,-3.42,0.0,0,0,0.05555555555555555,-1.1,0,0.05555555555555555,0,-2.08,0.0,0",-1.000,47.4,-0.9800,-34.6400,-11.9900,-11.9900,0.0,,0,none,19,guide
GCAGAAUGGUCCUGACAUC,AAAGUGGUCUGCCCUGUAUGAUGUCAGGACCAUUCUGCUCUCCAUCCAGAGCCUUCU,0.3639075316927666,0,"-0.62,-3.42,-14.88,0,1,-198.91,0.21052631578947367,0,0.2631578947368421,0,1,0.05555555555555555,-2.11,0.0,0,0,0.05555555555555555,-2.35,0,0.05555555555555555,0,-2.11,0.0,0",-1.000,52.6,-1.0700,-35.7600,-10.6800,-10.6800,0.0,,0,none,19,guide
GAAUGGUCCUGACAUCAUA,GGAAAAGUGGUCUGCCCUGUAUGAUGUCAGGACCAUUCUGCUCUCCAUCCAGAGCCU,0.2393736017897091,0,"-1.47,-2.35,-12.44,0,1,-186.9,0.2631578947368421,0,0.21052631578947367,0,0,0.05555555555555555,-0.93,0.05555555555555555,0,0,0.05555555555555555,-1.33,0,0.0,0,-2.11,0.0,1",-1.300,42.1,-1.4700,-32.3400,-11.9900,-11.9900,0.0,,0,none,19,guide
GGUCCUGACAUCAUACAGG,UGAAGGAAAAGUGGUCUGCCCUGUAUGAUGUCAGGACCAUUCUGCUCUCCAUCCAGA,0.3131991051454139,0,"0.0,-3.26,-13.39,0,1,-197.25,0.21052631578947367,0,0.2631578947368421,1,0,0.1111111111111111,-2.24,0.05555555555555555,0,0,0.05555555555555555,-3.26,0,0.0,0,-1.1,0.0,0",-3.200,52.6,0.0000,-36.0900,-14.3900,-14.3900,0.0,,0,none,19,guide
CCUGACAUCAUACAGGGCA,UCCUGAAGGAAAAGUGGUCUGCCCUGUAUGAUGUCAGGACCAUUCUGCUCUCCAUCC,0.3788217747949292,0,"-1.6,-3.26,-13.39,0,0,-195.00999999999996,0.15789473684210525,0,0.21052631578947367,0,0,0.1111111111111111,-2.08,0.05555555555555555,0,1,0.05555555555555555,-2.11,1,0.05555555555555555,0,-2.11,0.0,1",-4.400,52.6,-1.6000,-36.5300,-11.9900,-11.9900,0.0,,0,none,19,guide
ACAUCAUACAGGGCAGACC,GACAUCCUGAAGGAAAAGUGGUCUGCCCUGUAUGAUGUCAGGACCAUUCUGCUCUCC,0.4138702460850112,0,"1.47,-2.24,-11.4,0,0,-195.97,0.10526315789473684,0,0.21052631578947367,0,0,0.1111111111111111,-2.11,0.05555555555555555,0,0,0.05555555555555555,-3.26,0,0.05555555555555555,0,-3.42,0.0,0",-0.300,52.6,1.4700,-36.4600,-10.1000,-10.1000,0.0,,0,none,19,guide
CAUCAUACAGGGCAGACCA,GGACAUCCUGAAGGAAAAGUGGUCUGCCCUGUAUGAUGUCAGGACCAUUCUGCUCUC,0.2132736763609246,0,"-0.9,-2.11,-10.44,0,0,-195.01,0.10526315789473684,0,0.21052631578947367,0,0,0.1111111111111111,-1.1,0.05555555555555555,0,1,0.05555555555555555,-2.11,0,0.05555555555555555,0,-2.11,0.0,1",-1.600,52.6,-0.4500,-36.4800,-10.2300,-10.2300,0.0,,0,none,19,guide
UCAUACAGGGCAGACCACU,CUGGACAUCCUGAAGGAAAAGUGGUCUGCCCUGUAUGAUGUCAGGACCAUUCUGCUC,0.4556301267710663,0,"-0.27,-2.35,-12.44,1,0,-193.35,0.15789473684210525,0,0.21052631578947367,0,0,0.1111111111111111,-2.11,0.05555555555555555,0,0,0.05555555555555555,-2.08,0,0.05555555555555555,0,-2.35,0.0,0",-1.600,52.6,-0.2700,-37.0900,-10.9700,-10.9700,0.0,,0,none,19,guide
GGCAGACCACUUUUCCUUC,ACAUAUGCCUGGACAUCCUGAAGGAAAAGUGGUCUGCCCUGUAUGAUGUCAGGACCA,0.4720357941834452,0,"-0.46,-3.26,-13.39,0,1,-191.16,0.3157894736842105,0,0.15789473684210525,1,0,0.05555555555555555,-3.42,0.0,0,0,0.1111111111111111,-2.35,0,0.05555555555555555,0,-0.93,0.2222222222222222,0",-0.500,52.6,-0.9100,-35.1200,-15.4600,-15.4600,0.0,,0,none,19,guide
GACCACUUUUCCUUCAGGA,GGUAACAUAUGCCUGGACAUCCUGAAGGAAAAGUGGUCUGCCCUGUAUGAUGUCAGG,0.5354213273676359,1,"-0.9,-2.35,-12.44,0,1,-184.99999999999997,0.3157894736842105,0,0.15789473684210525,0,0,0.05555555555555555,-2.24,0.0,0,0,0.1111111111111111,-2.35,0,0.0,0,-0.93,0.2222222222222222,1",-0.800,47.4,-0.4500,-33.7000,-12.8600,-12.8600,0.0,,0,none,19,guide
CACUUUUCCUUCAGGAUGU,CAGGGUAACAUAUGCCUGGACAUCCUGAAGGAAAAGUGGUCUGCCCUGUAUGAUGUC,0.3445190156599553,0,"-0.77,-2.11,-10.44,0,0,-178.99,0.42105263157894735,0,0.15789473684210525,0,0,0.05555555555555555,-2.24,0.0,0,1,0.05555555555555555,-2.24,0,0.0,0,-2.08,0.2222222222222222,0",-1.400,42.1,-0.3200,-31.5000,-9.4600,-9.4600,0.0,,0,none,19,guide
UUCCUUCAGGAUGUCCAGG,ACACCCAGGGUAACAUAUGCCUGGACAUCCUGAAGGAAAAGUGGUCUGCCCUGUAUG,0.5533184190902312,1,"2.33,-0.93,-6.82,1,0,-193.17,0.3157894736842105,1,0.2631578947368421,0,0,0.1111111111111111,-2.35,0.0,1,0,0.1111111111111111,-3.26,0,0.0,0,-2.24,0.1111111111111111,0",-1.400,52.6,2.7800,-36.2700,-13.0800,-13.0800,0.0,,0,none,19,guide
UCCUUCAGGAUGUCCAGGC,GACACCCAGGGUAACAUAUGCCUGGACAUCCUGAAGGAAAAGUGGUCUGCCCUGUAU,0.6398210290827739,1,"1.52,-2.35,-12.44,1,0,-201.23,0.2631578947368421,0,0.2631578947368421,0,0,0.1111111111111111,-3.26,0.0,0,0,0.1111111111111111,-3.42,0,0.05555555555555555,0,-2.35,0.05555555555555555,0",-1.400,57.9,1.5200,-38.5600,-12.8100,-12.8100,0.0,,0,none,19,guide
CCUUCAGGAUGUCCAGGCA,GGACACCCAGGGUAACAUAUGCCUGGACAUCCUGAAGGAAAAGUGGUCUGCCCUGUA,0.3668903803131991,0,"-1.6,-3.26,-13.39,0,0,-199.23,0.21052631578947367,0,0.2631578947368421,0,0,0.1111111111111111,-2.08,0.0,0,1,0.1111111111111111,-2.11,1,0.05555555555555555,0,-3.26,0.05555555555555555,1",-1.300,57.9,-1.6000,-38.5200,-12.8100,-12.8100,0.0,,0,none,19,guide
AGGAUGUCCAGGCAUAUGU,AACGUGGACACCCAGGGUAACAUAUGCCUGGACAUCCUGAAGGAAAAGUGGUCUGCC,0.5645041014168531,1,"0.16,-2.08,-10.48,0,0,-190.23,0.2631578947368421,0,0.3157894736842105,0,0,0.1111111111111111,-3.26,0.05555555555555555,0,0,0.05555555555555555,-2.24,0,0.05555555555555555,0,-2.11,0.0,0",-0.900,47.4,0.1600,-35.1200,-13.4100,-13.4100,0.0,,0,none,19,guide
GGCAUAUGUUACCCUGGGU,CUAUCACCCCAACGUGGACACCCAGGGUAACAUAUGCCUGGACAUCCUGAAGGAAAA,0.2953020134228188,0,"-1.47,-3.26,-13.39,0,1,-191.46,0.3157894736842105,0,0.3157894736842105,1,0,0.16666666666666666,-3.42,0.1111111111111111,0,0,0.1111111111111111,-2.24,0,0.05555555555555555,0,-3.26,0.05555555555555555,0",0.000,52.6,-1.4700,-36.3500,-11.1700,-11.1700,0.0,,0,none,19,guide
UUACCCUGGGUGUCCACGU,ACGCCCUGCUAUCACCCCAACGUGGACACCCAGGGUAACAUAUGCCUGGACAUCCUG,0.6189410887397464,1,"0.86,-0.93,-6.82,1,0,-192.29000000000005,0.3157894736842105,1,0.2631578947368421,0,0,0.1111111111111111,-1.33,0.05555555555555555,1,0,0.16666666666666666,-2.24,0,0.0,0,-2.35,0.05555555555555555,0",-1.500,57.9,1.3100,-38.2400,-14.2800,-14.2800,0.0,,0,none,19,guide
GGGUGUCCACGUUGGGGUG,GUUCCUCACGCCCUGCUAUCACCCCAACGUGGACACCCAGGGUAACAUAUGCCUGGA,0.0865026099925428,0,"-0.7,-3.26,-13.39,0,1,-205.39,0.2631578947368421,0,0.5263157894736842,1,0,0.2777777777777778,-3.26,0.0,0,0,0.05555555555555555,-2.11,0,0.0,0,-2.11,0.05555555555555555,0",-1.600,68.4,-1.1500,-41.2500,-15.4600,-15.4600,0.0,,0,none,19,guide
GUCCACGUUGGGGUGAUAG,UGAAGUUCCUCACGCCCUGCUAUCACCCCAACGUGGACACCCAGGGUAACAUAUGCC,0.575689783743475,1,"-0.16,-2.24,-11.4,0,1,-196.76,0.2631578947368421,0,0.42105263157894735,0,0,0.16666666666666666,-2.35,0.05555555555555555,1,0,0.05555555555555555,-2.08,0,0.0,0,-2.24,0.05555555555555555,0",-2.800,57.9,-0.1600,-37.4400,-14.5600,-14.5600,0.0,,0,none,19,guide
UCCACGUUGGGGUGAUAGC,GUGAAGUUCCUCACGCCCUGCUAUCACCCCAACGUGGACACCCAGGGUAACAUAUGC,0.6666666666666667,1,"1.52,-2.35,-12.44,1,0,-196.51999999999995,0.2631578947368421,0,0.3684210526315789,0,0,0.16666666666666666,-3.26,0.05555555555555555,0,0,0.05555555555555555,-3.42,0,0.05555555555555555,0,-2.11,0.05555555555555555,0",-2.800,57.9,1.5200,-37.7200,-13.1400,-13.1400,0.0,,0,none,19,guide
CGUUGGGGUGAUAGCAGGG,CACAGUGAAGUUCCUCACGCCCUGCUAUCACCCCAACGUGGACACCCAGGGUAACAU,0.3959731543624161,0,"0.9,-2.36,-10.64,0,0,-200.27,0.21052631578947367,0,0.5263157894736842,0,0,0.2777777777777778,-2.24,0.05555555555555555,0,1,0.0,-3.26,0,0.05555555555555555,1,-2.08,0.05555555555555555,0",-1.200,63.2,0.9000,-39.1700,-15.0600,-15.0600,0.0,,0,none,19,guide
GUUGGGGUGAUAGCAGGGC,CCACAGUGAAGUUCCUCACGCCCUGCUAUCACCCCAACGUGGACACCCAGGGUAACA,0.4727815063385533,0,"0.73,-2.24,-11.4,0,1,-204.51,0.21052631578947367,0,0.5263157894736842,0,0,0.2777777777777778,-0.93,0.05555555555555555,1,0,0.0,-3.42,0,0.1111111111111111,0,-3.42,0.05555555555555555,0",-1.400,63.2,1.1800,-40.2300,-15.0600,-15.0600,0.0,,0,none,19,guide
UAGCAGGGCGUGAGGAACU,UACAAUGCGCCCACAGUGAAGUUCCUCACGCCCUGCUAUCACCCCAACGUGGACACC,0.6293810589112603,1,"0.3,-1.33,-7.69,1,0,-194.51,0.15789473684210525,0,0.42105263157894735,0,0,0.16666666666666666,-2.08,0.05555555555555555,0,0,0.0,-2.08,0,0.1111111111111111,0,-2.08,0.0,0",-0.500,57.9,0.7500,-38.3200,-16.2100,-16.2100,0.0,,0,none,19,guide
AGCAGGGCGUGAGGAACUU,UUACAAUGCGCCCACAGUGAAGUUCCUCACGCCCUGCUAUCACCCCAACGUGGACAC,0.3803131991051454,0,"-0.7,-2.08,-10.48,0,0,-193.64,0.15789473684210525,0,0.42105263157894735,0,0,0.16666666666666666,-3.42,0.0,0,0,0.0,-0.93,0,0.1111111111111111,0,-3.26,0.05555555555555555,0",-0.800,57.9,-1.1500,-38.0700,-17.5500,-17.5500,0.0,,0,none,19,guide
GCAGGGCGUGAGGAACUUC,CUUACAAUGCGCCCACAGUGAAGUUCCUCACGCCCUGCUAUCACCCCAACGUGGACA,0.3049962714392244,0,"-0.62,-3.42,-14.88,0,1,-203.04,0.15789473684210525,0,0.42105263157894735,0,1,0.16666666666666666,-2.11,0.0,0,0,0.0,-2.35,0,0.1111111111111111,0,-2.35,0.05555555555555555,0",-0.800,63.2,-1.0700,-39.0400,-16.4900,-16.4900,0.0,,0,none,19,guide
GUGAGGAACUUCACUGUGG,GGCUACCCUUACAAUGCGCCCACAGUGAAGUUCCUCACGCCCUGCUAUCACCCCAAC,0.5540641312453393,1,"0.57,-2.24,-11.4,0,1,-192.93,0.2631578947368421,0,0.3684210526315789,0,0,0.1111111111111111,-2.11,0.0,1,0,0.0,-3.26,0,0.0,0,-2.24,0.05555555555555555,0",-3.400,52.6,1.0200,-35.4800,-13.0800,-13.0800,0.0,,0,none,19,guide
GAGGAACUUCACUGUGGGC,GUGGCUACCCUUACAAUGCGCCCACAGUGAAGUUCCUCACGCCCUGCUAUCACCCCA,0.3482475764354959,0,"0.62,-2.35,-12.44,0,1,-199.36,0.21052631578947367,0,0.3684210526315789,0,0,0.16666666666666666,-2.08,0.0,0,0,0.0,-3.42,0,0.05555555555555555,0,-2.11,0.05555555555555555,0",0.000,57.9,1.0700,-37.8100,-12.9400,-12.9400,0.0,,0,none,19,guide
GGAACUUCACUGUGGGCGC,CAGUGGCUACCCUUACAAUGCGCCCACAGUGAAGUUCCUCACGCCCUGCUAUCACCC,0.5287099179716629,1,"0.16,-3.26,-13.39,0,1,-201.96,0.21052631578947367,0,0.3684210526315789,1,0,0.16666666666666666,-2.35,0.0,0,0,0.0,-3.42,0,0.1111111111111111,0,-2.11,0.05555555555555555,0",-0.100,63.2,0.1600,-38.9600,-10.8800,-10.8800,0.0,,0,none,19,guide
ACUUCACUGUGGGCGCAUU,CCCCAGUGGCUACCCUUACAAUGCGCCCACAGUGAAGUUCCUCACGCCCUGCUAUCA,0.4295302013422818,0,"-0.86,-2.24,-11.4,0,0,-188.51,0.3157894736842105,0,0.2631578947368421,0,0,0.1111111111111111,-2.08,0.0,0,0,0.0,-0.93,0,0.1111111111111111,0,-3.42,0.1111111111111111,0",-0.100,52.6,-1.3100,-35.5600,-11.7900,-11.7900,0.0,,0,none,19,guide
UUCACUGUGGGCGCAUUGU,UUCCCCAGUGGCUACCCUUACAAUGCGCCCACAGUGAAGUUCCUCACGCCCUGCUAU,0.6987322893363163,1,"0.86,-0.93,-6.82,1,0,-188.47,0.3684210526315789,1,0.3157894736842105,0,0,0.1111111111111111,-2.35,0.0,1,0,0.0,-2.24,0,0.1111111111111111,0,-3.42,0.1111111111111111,0",-1.000,52.6,1.3100,-35.7400,-13.1300,-13.1300,0.0,,0,none,19,guide
GUGGGCGCAUUGUAAGGGU,CUAGAGUUCCCCAGUGGCUACCCUUACAAUGCGCCCACAGUGAAGUUCCUCACGCCC,0.3534675615212528,0,"-0.9,-2.24,-11.4,0,1,-193.33999999999997,0.2631578947368421,0,0.4736842105263158,0,0,0.2222222222222222,-2.11,0.05555555555555555,1,0,0.0,-2.24,0,0.1111111111111111,0,-1.33,0.05555555555555555,0",-0.100,57.9,-0.4500,-37.5700,-17.8300,-17.8300,0.0,,0,none,19,guide
CGCAUUGUAAGGGUAGCCA,UCUCGCUAGAGUUCCCCAGUGGCUACCCUUACAAUGCGCCCACAGUGAAGUUCCUCA,0.4571215510812826,0,"-0.7,-2.36,-10.64,0,0,-186.72,0.21052631578947367,0,0.3157894736842105,0,0,0.1111111111111111,-3.42,0.1111111111111111,0,1,0.05555555555555555,-2.11,0,0.1111111111111111,1,-2.24,0.05555555555555555,1",-1.400,52.6,-0.7000,-35.4300,-11.9100,-11.9100,0.0,,0,none,19,guide
GCAUUGUAAGGGUAGCCAC,CUCUCGCUAGAGUUCCCCAGUGGCUACCCUUACAAUGCGCCCACAGUGAAGUUCCUC,0.6547352721849367,1,"-0.73,-3.42,-14.88,0,1,-191.2,0.21052631578947367,0,0.3157894736842105,0,1,0.1111111111111111,-2.11,0.1111111111111111,0,0,0.05555555555555555,-2.24,0,0.1111111111111111,0,-1.33,0.05555555555555555,0",-1.400,52.6,-1.1800,-36.0600,-9.8200,-9.8200,0.0,,0,none,19,guide
CAUUGUAAGGGUAGCCACU,GCUCUCGCUAGAGUUCCCCAGUGGCUACCCUUACAAUGCGCCCACAGUGAAGUUCCU,0.5734526472781507,1,"-0.93,-2.11,-10.44,0,0,-183.08,0.2631578947368421,0,0.2631578947368421,0,0,0.1111111111111111,-1.1,0.1111111111111111,0,1,0.05555555555555555,-2.08,0,0.05555555555555555,0,-2.08,0.05555555555555555,0",-1.400,47.4,-0.4800,-33.8200,-8.6400,-8.6400,0.0,,0,none,19,guide
UGUAAGGGUAGCCACUGGG,UAAGCUCUCGCUAGAGUUCCCCAGUGGCUACCCUUACAAUGCGCCCACAGUGAAGUU,0.639075316927666,1,"1.6,-2.11,-10.44,1,0,-193.66,0.21052631578947367,0,0.42105263157894735,0,0,0.2222222222222222,-2.24,0.1111111111111111,0,0,0.05555555555555555,-3.26,0,0.05555555555555555,0,-2.11,0.0,0",-1.400,57.9,1.6000,-38.4600,-13.1000,-13.1000,0.0,,0,none,19,guide
GUAAGGGUAGCCACUGGGG,AUAAGCUCUCGCUAGAGUUCCCCAGUGGCUACCCUUACAAUGCGCCCACAGUGAAGU,0.5048471290082028,0,"0.57,-2.24,-11.4,0,1,-200.33,0.15789473684210525,0,0.4736842105263158,0,0,0.2777777777777778,-1.33,0.1111111111111111,1,0,0.05555555555555555,-3.26,0,0.05555555555555555,0,-2.24,0.0,0",-1.400,63.2,1.0200,-40.1600,-13.1000,-13.1000,0.0,,0,none,19,guide
GUAGCCACUGGGGAACUCU,UGAGGUAUAAGCUCUCGCUAGAGUUCCCCAGUGGCUACCCUUACAAUGCGCCCACAG,0.6487695749440716,1,"-1.06,-2.24,-11.4,0,1,-197.5,0.21052631578947367,0,0.3157894736842105,0,0,0.16666666666666666,-1.33,0.05555555555555555,1,0,0.05555555555555555,-2.08,0,0.05555555555555555,0,-2.35,0.0,0",-2.000,57.9,-0.6100,-38.3900,-14.4400,-14.4400,0.0,,0,none,19,guide
UAGCCACUGGGGAACUCUA,CUGAGGUAUAAGCUCUCGCUAGAGUUCCCCAGUGGCUACCCUUACAAUGCGCCCACA,0.5011185682326622,0,"0.0,-1.33,-7.69,1,0,-190.07,0.21052631578947367,0,0.2631578947368421,0,0,0.16666666666666666,-2.08,0.1111111111111111,0,0,0.05555555555555555,-1.33,0,0.05555555555555555,0,-0.93,0.0,1",-0.500,52.6,0.0000,-36.9800,-15.1900,-15.1900,0.0,,0,none,19,guide
GCCACUGGGGAACUCUAGC,ACCUGAGGUAUAAGCUCUCGCUAGAGUUCCCCAGUGGCUACCCUUACAAUGCGCCCA,0.5145413870246085,0,"0.0,-3.42,-14.88,0,1,-204.7,0.15789473684210525,0,0.3157894736842105,0,1,0.16666666666666666,-3.26,0.05555555555555555,0,0,0.05555555555555555,-3.42,0,0.1111111111111111,0,-2.08,0.0,0",-2.700,63.2,0.0000,-40.0700,-15.0600,-15.0600,0.0,,0,none,19,guide
CCACUGGGGAACUCUAGCG,GACCUGAGGUAUAAGCUCUCGCUAGAGUUCCCCAGUGGCUACCCUUACAAUGCGCCC,0.6480238627889635,1,"-0.9,-3.26,-13.39,0,0,-200.46,0.15789473684210525,0,0.3157894736842105,0,0,0.16666666666666666,-2.11,0.05555555555555555,0,1,0.05555555555555555,-2.36,1,0.05555555555555555,0,-2.35,0.0,0",-2.700,63.2,-0.9000,-39.0100,-15.0600,-15.0600,0.0,,0,none,19,guide
GAACUCUAGCGAGAGCUUA,UAUAUGAAGACCUGAGGUAUAAGCUCUCGCUAGAGUUCCCCAGUGGCUACCCUUACA,0.4489187173750932,0,"-1.47,-2.35,-12.44,0,1,-186.13,0.21052631578947367,0,0.2631578947368421,0,0,0.0,-0.93,0.1111111111111111,0,0,0.0,-1.33,0,0.1111111111111111,0,-2.35,0.05555555555555555,1",-2.600,47.4,-1.4700,-33.7000,-11.0100,-11.0100,0.0,,0,none,19,guide
UCUAGCGAGAGCUUAUACC,ACAGUAUAUGAAGACCUGAGGUAUAAGCUCUCGCUAGAGUUCCCCAGUGGCUACCCU,0.6808351976137211,1,"1.36,-2.35,-12.44,1,0,-186.85,0.2631578947368421,0,0.21052631578947367,0,0,0.0,-2.08,0.16666666666666666,0,0,0.05555555555555555,-3.26,0,0.1111111111111111,0,-0.93,0.05555555555555555,0",-2.200,47.4,1.3600,-34.2300,-13.6200,-13.6200,0.0,,0,none,19,guide
CUAGCGAGAGCUUAUACCU,AACAGUAUAUGAAGACCUGAGGUAUAAGCUCUCGCUAGAGUUCCCCAGUGGCUACCC,0.6890380313199106,1,"-0.9,-2.08,-10.48,0,0,-184.89,0.2631578947368421,0,0.21052631578947367,0,0,0.0,-1.33,0.16666666666666666,1,1,0.05555555555555555,-2.08,0,0.1111111111111111,0,-1.33,0.05555555555555555,0",-2.200,47.4,-0.4500,-33.9600,-13.6200,-13.6200,0.0,,0,none,19,guide
AGCGAGAGCUUAUACCUCA,GGAACAGUAUAUGAAGACCUGAGGUAUAAGCUCUCGCUAGAGUUCCCCAGUGGCUAC,0.6010439970171514,1,"0.03,-2.08,-10.48,0,0,-185.88,0.21052631578947367,0,0.21052631578947367,0,0,0.0,-3.42,0.1111111111111111,0,0,0.05555555555555555,-2.11,0,0.1111111111111111,0,-1.33,0.05555555555555555,1",-1.800,47.4,0.0300,-34.3100,-14.6400,-14.6400,0.0,,0,none,19,guide
GCGAGAGCUUAUACCUCAG,UGGAACAGUAUAUGAAGACCUGAGGUAUAAGCUCUCGCUAGAGUUCCCCAGUGGCUA,0.5652498135719612,1,"-0.89,-3.42,-14.88,0,1,-193.32,0.21052631578947367,0,0.2631578947368421,0,1,0.0,-2.36,0.1111111111111111,0,0,0.05555555555555555,-2.08,0,0.1111111111111111,0,-2.24,0.05555555555555555,0",-1.300,52.6,-1.3400,-35.1600,-14.6400,-14.6400,0.0,,0,none,19,guide
GAGAGCUUAUACCUCAGGU,GCUGGAACAGUAUAUGAAGACCUGAGGUAUAAGCUCUCGCUAGAGUUCCCCAGUGGC,0.6032811334824758,1,"-1.01,-2.35,-12.44,0,1,-188.87,0.2631578947368421,0,0.2631578947368421,0,0,0.05555555555555555,-2.08,0.1111111111111111,0,0,0.05555555555555555,-2.24,0,0.05555555555555555,0,-2.08,0.05555555555555555,0",-1.400,47.4,-0.5600,-34.7300,-12.9400,-12.9400,0.0,,0,none,19,guide
GAGCUUAUACCUCAGGUCU,CAGCUGGAACAGUAUAUGAAGACCUGAGGUAUAAGCUCUCGCUAGAGUUCCCCAGUG,0.5346756152125279,1,"-1.17,-2.35,-12.44,0,1,-188.87,0.3157894736842105,0,0.21052631578947367,0,0,0.05555555555555555,-2.08,0.1111111111111111,0,0,0.05555555555555555,-2.08,0,0.05555555555555555,0,-2.11,0.05555555555555555,0",-1.700,47.4,-0.7200,-34.5300,-10.9400,-10.9400,0.0,,0,none,19,guide
AGCUUAUACCUCAGGUCUU,GCAGCUGGAACAGUAUAUGAAGACCUGAGGUAUAAGCUCUCGCUAGAGUUCCCCAGU,0.3460104399701715,0,"-0.7,-2.08,-10.48,0,0,-179.52999999999997,0.3684210526315789,0,0.15789473684210525,0,0,0.05555555555555555,-3.42,0.1111111111111111,0,0,0.05555555555555555,-0.93,0,0.05555555555555555,0,-2.08,0.1111111111111111,0",-0.100,42.1,-1.1500,-32.6100,-10.1900,-10.1900,0.0,,0,none,19,guide
CCUCAGGUCUUCAUAUACU,UCCAUGGAGCAGCUGGAACAGUAUAUGAAGACCUGAGGUAUAAGCUCUCGCUAGAGU,0.575689783743475,1,"-1.63,-3.26,-13.39,0,0,-183.33,0.3684210526315789,0,0.10526315789473684,0,0,0.05555555555555555,-2.08,0.1111111111111111,0,1,0.05555555555555555,-2.08,1,0.0,0,-1.1,0.05555555555555555,0",0.000,42.1,-1.6300,-32.0900,-14.1200,-14.1200,0.0,,0,none,19,guide
CUCAGGUCUUCAUAUACUG,AUCCAUGGAGCAGCUGGAACAGUAUAUGAAGACCUGAGGUAUAAGCUCUCGCUAGAG,0.6129753914988814,1,"0.03,-2.08,-10.48,0,0,-184.1,0.3684210526315789,0,0.15789473684210525,0,0,0.05555555555555555,-2.35,0.1111111111111111,1,1,0.0,-2.11,0,0.0,0,-1.33,0.05555555555555555,0",-0.200,42.1,0.0300,-31.8400,-14.3900,-14.3900,0.0,,0,none,19,guide
UCAGGUCUUCAUAUACUGU,CAUCCAUGGAGCAGCUGGAACAGUAUAUGAAGACCUGAGGUAUAAGCUCUCGCUAGA,0.656972408650261,1,"-0.11,-2.35,-12.44,1,0,-177.57999999999996,0.42105263157894735,0,0.15789473684210525,0,0,0.05555555555555555,-2.11,0.1111111111111111,0,0,0.0,-2.24,0,0.0,0,-1.1,0.05555555555555555,0",-0.800,36.8,-0.1100,-30.9000,-14.1200,-14.1200,0.0,,0,none,19,guide
AGGUCUUCAUAUACUGUUC,ACCAUCCAUGGAGCAGCUGGAACAGUAUAUGAAGACCUGAGGUAUAAGCUCUCGCUA,0.6480238627889635,1,"1.17,-2.08,-10.48,0,0,-177.67999999999995,0.42105263157894735,0,0.15789473684210525,0,0,0.05555555555555555,-3.26,0.1111111111111111,0,0,0.0,-2.35,0,0.0,0,-2.24,0.1111111111111111,0",0.000,36.8,0.7200,-30.2700,-13.2100,-13.2100,0.0,,0,none,19,guide
CUUCAUAUACUGUUCCAGC,XGGGACCAUCCAUGGAGCAGCUGGAACAGUAUAUGAAGACCUGAGGUAUAAGCUCUC,0.674123788217748,1,"0.89,-2.08,-10.48,0,0,-182.88,0.3684210526315789,0,0.10526315789473684,0,0,0.0,-0.93,0.1111111111111111,1,1,0.05555555555555555,-3.42,0,0.05555555555555555,0,-0.93,0.1111111111111111,0",0.000,42.1,1.3400,-31.7600,-8.9200,-8.9200,0.0,,0,none,19,guide
UUCAUAUACUGUUCCAGCU,XXGGGACCAUCCAUGGAGCAGCUGGAACAGUAUAUGAAGACCUGAGGUAUAAGCUCU,0.727069351230425,1,"0.7,-0.93,-6.82,1,0,-175.44,0.42105263157894735,1,0.10526315789473684,0,0,0.0,-2.35,0.1111111111111111,1,0,0.05555555555555555,-2.08,0,0.05555555555555555,0,-2.35,0.1111111111111111,0",0.000,36.8,1.1500,-30.5100,-9.3200,-9.3200,0.0,,0,none,19,guide
UAUACUGUUCCAGCUGCUC,XXXXXXGGGACCAUCCAUGGAGCAGCUGGAACAGUAUAUGAAGACCUGAGGUAUAAG,0.6353467561521253,1,"1.47,-1.33,-7.69,1,0,-188.32,0.3684210526315789,0,0.15789473684210525,0,0,0.0,-1.1,0.1111111111111111,0,0,0.05555555555555555,-2.35,0,0.1111111111111111,0,-3.42,0.05555555555555555,0",0.000,47.4,1.4700,-34.5300,-11.1000,-11.1000,0.0,,0,none,19,guide
ACUGUUCCAGCUGCUCCAU,XXXXXXXXXGGGACCAUCCAUGGAGCAGCUGGAACAGUAUAUGAAGACCUGAGGUAU,0.6301267710663684,1,"-0.69,-2.24,-11.4,0,0,-193.04999999999995,0.3157894736842105,0,0.15789473684210525,0,0,0.0,-2.08,0.0,0,0,0.1111111111111111,-1.1,0,0.1111111111111111,0,-3.42,0.05555555555555555,0",0.000,52.6,-1.1400,-36.6900,-12.9700,-12.9700,0.0,,0,none,19,guide
CCAGCUGCUCCAUGGAUGG,XXXXXXXXXXXXXXXGGGACCAUCCAUGGAGCAGCUGGAACAGUAUAUGAAGACCUG,0.6017897091722596,1,"0.0,-3.26,-13.39,0,0,-206.98999999999995,0.21052631578947367,0,0.3157894736842105,0,0,0.1111111111111111,-2.11,0.0,0,1,0.1111111111111111,-3.26,1,0.1111111111111111,0,-2.11,0.0,0",-1.300,63.2,0.0000,-40.1800,-15.2200,-15.2200,0.0,,0,none,19,guide
CAGCUGCUCCAUGGAUGGU,XXXXXXXXXXXXXXXXGGGACCAUCCAUGGAGCAGCUGGAACAGUAUAUGAAGACCU,0.4630872483221476,0,"-0.77,-2.11,-10.44,0,0,-201.28,0.2631578947368421,0,0.3157894736842105,0,0,0.1111111111111111,-2.08,0.0,0,1,0.05555555555555555,-2.24,0,0.1111111111111111,0,-3.26,0.0,0",-0.600,57.9,-0.3200,-38.6100,-15.1900,-15.1900,0.0,,0,none,19,guide
UGGGUUGGUCAAAGCCGCG,AUGAGACUACGCUGAAAAUCGCGGCUUUGACCAACCCAGUGUACCCCAGCGACCAGA,0.6293810589112603,1,"0.7,-2.11,-10.44,1,0,-194.76999999999992,0.21052631578947367,0,0.42105263157894735,0,0,0.16666666666666666,-3.26,0.0,0,0,0.05555555555555555,-2.36,0,0.1111111111111111,0,-2.08,0.05555555555555555,0",-4.100,63.2,0.7000,-38.4900,-15.0600,-15.0600,0.0,,0,none,19,guide
CACUCCCACAGAAGUAAAG,UCAUCAGCUCUGUGGCGGCCUUUACUUCUGUGGGAGUGGGAACUGUUCUCUGUGACA,0.5048471290082028,0,"-0.03,-2.11,-10.44,0,0,-183.64,0.10526315789473684,0,0.15789473684210525,0,0,0.0,-2.24,0.05555555555555555,0,1,0.1111111111111111,-2.08,0,0.0,0,-2.08,0.0,0",0.000,47.4,-0.0300,-33.1200,-15.3000,-15.3000,0.0,,0,none,19,guide
AAGCCUUCAGGAGGGUGCG,GGAAAAUGGCAGUGAGUACCGCACCCUCCUGAAGGCUUUUGGCAUCCGCUUCGACGU,0.5063385533184191,0,"1.43,-0.93,-6.82,0,0,-199.35,0.15789473684210525,0,0.42105263157894735,0,0,0.16666666666666666,-2.08,0.0,0,0,0.05555555555555555,-2.36,0,0.1111111111111111,0,-3.26,0.05555555555555555,0",-3.100,63.2,1.8800,-39.2900,-14.1200,-14.1200,0.0,,0,none,19,guide
AACCUGAAGUUGUAGCCUG,GAGAAAAGCAGCGUGUCCCCAGGCUACAACUUCAGGUUUGCCAAGUACUACAAAAUG,0.7121551081282624,1,"1.63,-0.93,-6.82,0,0,-182.36,0.2631578947368421,0,0.2631578947368421,0,0,0.0,-2.24,0.05555555555555555,0,0,0.1111111111111111,-2.11,0,0.05555555555555555,0,-1.33,0.05555555555555555,0",0.000,47.4,1.6300,-33.4900,-12.9700,-12.9700,0.0,,0,none,19,guide
AAACGCUGUCGAGCCGGGU,CAUCCCCAAAUACUCCUUCACCCGGCUCGACAGCGUUUCUGAGAAAAGCAGCGUGUC,0.7017151379567487,1,"0.86,-0.93,-6.82,0,0,-194.92,0.15789473684210525,0,0.3684210526315789,0,0,0.1111111111111111,-0.93,0.0,0,0,0.05555555555555555,-2.24,0,0.1111111111111111,0,-3.42,0.0,0",-2.500,63.2,1.3100,-38.4600,-13.1400,-13.1400,0.0,,0,none,19,guide
UCGAGCCGGGUGAAGGAGU,GACCAGUGCAUCCCCAAAUACUCCUUCACCCGGCUCGACAGCGUUUCUGAGAAAAGC,0.5980611483967189,1,"-0.11,-2.35,-12.44,1,0,-199.93,0.15789473684210525,0,0.4736842105263158,0,0,0.16666666666666666,-2.36,0.0,0,0,0.05555555555555555,-2.24,0,0.05555555555555555,0,-0.93,0.0,0",-0.900,63.2,-0.1100,-39.5500,-15.8300,-15.8300,0.0,,0,none,19,guide
CCCAGGCCUUGUCCAAGUC,UAAGAUCGGCUGGGUGUGCGACUUGGACAAGGCCUGGGACCAGUGCAUCCCCAAAUA,0.6935123042505593,1,"-0.46,-3.26,-13.39,0,0,-202.3,0.21052631578947367,0,0.21052631578947367,0,0,0.05555555555555555,-3.26,0.0,0,1,0.2222222222222222,-2.35,1,0.05555555555555555,0,-3.26,0.05555555555555555,0",0.000,63.2,-0.9100,-39.7400,-17.3900,-17.3900,0.0,,0,none,19,guide
UUGACCACGUCCCCUACCC,CCUUUCUGCCCCAUCUUGCGGGUAGGGGACGUGGUCAAGUUUGCGGGGCAGGAUUUU,0.7076808351976137,1,"2.33,-0.93,-6.82,1,0,-199.99999999999997,0.21052631578947367,1,0.10526315789473684,0,0,0.0,-2.11,0.05555555555555555,1,0,0.3333333333333333,-3.26,0,0.0,0,-3.26,0.05555555555555555,0",0.000,63.2,2.7800,-40.0000,-14.3100,-14.3100,0.0,,0,none,19,guide
AGAUGGGGCAGAAAGGGUC,CCGCUUCCACCCGGACAAGGACCCUUUCUGCCCCAUCUUGCGGGUAGGGGACGUGGU,0.4906785980611484,0,"1.17,-2.08,-10.48,0,0,-198.56,0.10526315789473684,0,0.4736842105263158,0,0,0.2777777777777778,-2.35,0.0,0,0,0.0,-2.35,0,0.05555555555555555,0,-0.93,0.0,0",0.000,57.9,0.7200,-38.3400,-15.3400,-15.3400,0.0,,0,none,19,guide
UGUCCGGGUGGAAGCGGCA,AGCCAGGGACAUGAAGACCUGCCGCUUCCACCCGGACAAGGACCCUUUCUGCCCCAU,0.6987322893363163,1,"0.0,-2.11,-10.44,1,0,-203.23999999999995,0.15789473684210525,0,0.4736842105263158,0,0,0.2222222222222222,-2.24,0.0,0,0,0.05555555555555555,-2.11,0,0.1111111111111111,0,-2.08,0.0,1",-3.600,68.4,0.0000,-41.7400,-16.7300,-16.7300,0.0,,0,none,19,guide
AACGGAUGCUGUUCUUGAU,UGAGAACUUCACUAUUUUCAUCAAGAACAGCAUCCGUUUCCCCCUCUUCAACUUUGA,0.5264727815063386,1,"0.17,-0.93,-6.82,0,0,-179.48,0.3684210526315789,0,0.2631578947368421,0,0,0.05555555555555555,-2.24,0.0,0,0,0.0,-1.1,0,0.05555555555555555,0,-2.35,0.1111111111111111,0",-0.800,42.1,0.1700,-31.2600,-13.4200,-13.4200,0.0,,0,none,19,guide
UUGAUGAAAAUAGUGAAGU,AUCAUGAUGGAAGCUGAGAACUUCACUAUUUUCAUCAAGAACAGCAUCCGUUUCCCC,0.6927665920954512,1,"0.86,-0.93,-6.82,1,0,-161.9,0.3157894736842105,1,0.2631578947368421,0,0,0.0,-2.11,0.05555555555555555,1,0,0.0,-2.24,0,0.0,0,-2.24,0.05555555555555555,0",0.000,26.3,1.3100,-25.7100,-10.9500,-10.9500,0.0,,0,none,19,guide
CAUCAUGAUGGGCGUUUCC,CCACGGAGGUGGACACAGUGGAAACGCCCAUCAUGAUGGAAGCUGAGAACUUCACUA,0.55779269202088,1,"0.7,-2.11,-10.44,0,0,-194.34,0.3157894736842105,0,0.2631578947368421,0,0,0.1111111111111111,-1.1,0.0,0,1,0.05555555555555555,-3.26,0,0.05555555555555555,0,-2.36,0.1111111111111111,0",0.000,52.6,1.1500,-34.8600,-11.1200,-11.1200,0.0,,0,none,19,guide
GUUUCCACUGUGUCCACCU,CAGGGCUGGUGCCCCACGGAGGUGGACACAGUGGAAACGCCCAUCAUGAUGGAAGCU,0.6815809097688292,1,"-1.06,-2.24,-11.4,0,1,-191.08,0.3684210526315789,0,0.15789473684210525,0,0,0.0,-0.93,0.0,1,0,0.16666666666666666,-2.08,0,0.0,0,-2.35,0.1111111111111111,0",0.000,52.6,-0.6100,-36.2000,-11.8200,-11.8200,0.0,,0,none,19,guide
CCACCUCCGUGGGGCACCA,GACCUGUGAGAUCCAGGGCUGGUGCCCCACGGAGGUGGACACAGUGGAAACGCCCAU,0.1006711409395973,0,"-1.6,-3.26,-13.39,0,0,-210.8,0.10526315789473684,0,0.2631578947368421,0,0,0.16666666666666666,-2.11,0.0,0,1,0.2222222222222222,-2.11,1,0.05555555555555555,0,-3.26,0.0,1",-4.400,73.7,-1.6000,-44.1000,-15.3000,-15.3000,0.0,,0,none,19,guide
GCCCGCACUGGCUGUCUGA,GGAGAAAUACCGCUGUGUAUCAGACAGCCAGUGCGGGCCUGAGCGCUUGCCAGGUGG,0.1774794929157345,0,"-1.52,-3.42,-14.88,0,1,-209.0,0.21052631578947367,0,0.3157894736842105,0,1,0.05555555555555555,-3.26,0.0,0,0,0.1111111111111111,-2.35,0,0.16666666666666666,0,-2.11,0.0,1",-3.300,68.4,-1.5200,-42.1200,-16.6500,-16.6500,0.0,,0,none,19,guide
ACACAGCGGUAUUUCUCCU,GGAUUCUGCCCAGAGAGUGAGGAGAAAUACCGCUGUGUAUCAGACAGCCAGUGCGGG,0.5354213273676359,1,"-0.16,-2.24,-11.4,0,0,-183.36,0.3157894736842105,0,0.15789473684210525,0,0,0.05555555555555555,-2.11,0.05555555555555555,0,0,0.05555555555555555,-2.08,0,0.05555555555555555,0,-0.93,0.1111111111111111,0",-0.300,47.4,-0.1600,-33.9800,-14.3200,-14.3200,0.0,,0,none,19,guide
CACAGCGGUAUUUCUCCUC,AGGAUUCUGCCCAGAGAGUGAGGAGAAAUACCGCUGUGUAUCAGACAGCCAGUGCGG,0.5026099925428785,0,"0.24,-2.11,-10.44,0,0,-191.84,0.3157894736842105,0,0.15789473684210525,0,0,0.05555555555555555,-2.24,0.05555555555555555,0,1,0.05555555555555555,-2.35,0,0.05555555555555555,0,-2.35,0.1111111111111111,0",-0.300,52.6,0.2400,-34.7900,-15.4700,-15.4700,0.0,,0,none,19,guide
CCUCACUCUCUGGGCAGAA,UGAAAAUCAGAUGCAAGGAUUCUGCCCAGAGAGUGAGGAGAAAUACCGCUGUGUAUC,0.3303504847129008,0,"-2.33,-3.26,-13.39,0,0,-199.42,0.21052631578947367,0,0.21052631578947367,0,0,0.1111111111111111,-2.08,0.0,0,1,0.05555555555555555,-0.93,1,0.05555555555555555,0,-3.26,0.0,1",-0.900,57.9,-2.7800,-38.5600,-13.2100,-13.2100,0.0,,0,none,19,guide
UCACUCUCUGGGCAGAAUC,ACUGAAAAUCAGAUGCAAGGAUUCUGCCCAGAGAGUGAGGAGAAAUACCGCUGUGUA,0.7225950782997763,1,"0.9,-2.35,-12.44,1,0,-197.37,0.2631578947368421,0,0.21052631578947367,0,0,0.1111111111111111,-2.11,0.0,0,0,0.0,-2.35,0,0.05555555555555555,0,-2.11,0.0,0",0.000,52.6,0.4500,-36.6700,-13.2100,-13.2100,0.0,,0,none,19,guide
UCUCUGGGCAGAAUCCUUG,UGUUACUGAAAAUCAGAUGCAAGGAUUCUGCCCAGAGAGUGAGGAGAAAUACCGCUG,0.7591349739000746,1,"0.66,-2.35,-12.44,1,0,-193.74,0.3157894736842105,0,0.2631578947368421,0,0,0.1111111111111111,-2.08,0.0,0,0,0.05555555555555555,-2.11,0,0.05555555555555555,0,-1.1,0.05555555555555555,0",-0.500,52.6,0.2100,-36.2700,-15.1400,-15.1400,0.0,,0,none,19,guide
AGAAUCCUUGCAUCUGAUU,CAAGAUGAUUGUUACUGAAAAUCAGAUGCAAGGAUUCUGCCCAGAGAGUGAGGAGAA,0.5906040268456376,1,"-0.7,-2.08,-10.48,0,0,-178.33999999999997,0.3684210526315789,0,0.15789473684210525,0,0,0.0,-2.35,0.0,0,0,0.05555555555555555,-0.93,0,0.05555555555555555,0,-2.35,0.1111111111111111,0",0.000,36.8,-1.1500,-30.2500,-12.0700,-12.0700,0.0,,0,none,19,guide
UCAGUAACAAUCAUCUUGG,UCGGUCUUUGUCAUCAUCACCAAGAUGAUUGUUACUGAAAAUCAGAUGCAAGGAUUC,0.7375093214019388,1,"1.36,-2.35,-12.44,1,0,-175.80999999999997,0.3157894736842105,0,0.15789473684210525,0,0,0.05555555555555555,-2.11,0.05555555555555555,0,0,0.0,-3.26,0,0.0,0,-1.1,0.05555555555555555,0",0.000,36.8,1.3600,-29.7700,-10.9300,-10.9300,0.0,,0,none,19,guide
AUGACAAAGACCGAGGUGC,UACGUGACGCCACCUCAGGGCACCUCGGUCUUUGUCAUCAUCACCAAGAUGAUUGUU,0.6405667412378822,1,"2.32,-1.1,-9.38,0,0,-191.79,0.10526315789473684,0,0.3157894736842105,0,0,0.05555555555555555,-2.11,0.0,1,0,0.05555555555555555,-3.42,0,0.05555555555555555,0,-2.35,0.0,0",0.000,52.6,2.7700,-35.4300,-10.6700,-10.6700,0.0,,0,none,19,guide
GAGGUGCCCUGAGGUGGCG,GAUGUGUCUGAUUACGUGACGCCACCUCAGGGCACCUCGGUCUUUGUCAUCAUCACC,0.0969425801640566,0,"-0.44,-2.35,-12.44,0,1,-214.18,0.15789473684210525,0,0.5263157894736842,0,0,0.16666666666666666,-2.08,0.0,0,0,0.1111111111111111,-2.36,0,0.1111111111111111,0,-3.26,0.0,0",-3.700,73.7,0.0100,-43.8600,-16.3700,-16.3700,0.0,,0,none,19,guide
GGCGUCACGUAAUCAGACA,GCCAACAGAGUCAUGGAUGUGUCUGAUUACGUGACGCCACCUCAGGGCACCUCGGUC,0.3214019388516033,0,"-1.6,-3.26,-13.39,0,1,-190.83,0.15789473684210525,0,0.2631578947368421,1,0,0.05555555555555555,-3.42,0.05555555555555555,0,0,0.0,-2.11,0,0.05555555555555555,0,-2.35,0.0,1",-1.200,52.6,-1.6000,-35.2400,-14.7200,-14.7200,0.0,,0,none,19,guide
GUCACGUAAUCAGACACAU,UACGCCAACAGAGUCAUGGAUGUGUCUGAUUACGUGACGCCACCUCAGGGCACCUCG,0.2527964205816555,0,"-1.59,-2.24,-11.4,0,1,-183.14,0.21052631578947367,0,0.15789473684210525,0,0,0.0,-2.35,0.05555555555555555,1,0,0.0,-1.1,0,0.0,0,-2.35,0.0,0",-1.400,42.1,-1.5900,-31.6500,-12.6300,-12.6300,0.0,,0,none,19,guide
CAUGACUCUGUUGGCGUAG,AGGUGAAGGGCUCCGGACUCUACGCCAACAGAGUCAUGGAUGUGUCUGAUUACGUGA,0.3982102908277405,0,"-0.03,-2.11,-10.44,0,0,-191.47,0.3157894736842105,0,0.3157894736842105,0,0,0.05555555555555555,-1.1,0.05555555555555555,0,1,0.0,-2.08,0,0.05555555555555555,0,-3.26,0.05555555555555555,0",0.000,52.6,-0.0300,-34.9100,-12.2300,-12.2300,0.0,,0,none,19,guide
AAUGGCUGUGUCCCGUACC,UGCACGAGAAGGCUUACCAGGUACGGGACACAGCCAUUGAGUCCUCGGUGGUAACCA,0.4563758389261745,0,"2.33,-0.93,-6.82,0,0,-195.48,0.2631578947368421,0,0.2631578947368421,0,0,0.05555555555555555,-1.1,0.05555555555555555,0,0,0.16666666666666666,-3.26,0,0.05555555555555555,0,-3.26,0.0,0",-1.300,57.9,2.7800,-37.9600,-14.0800,-14.0800,0.0,,0,none,19,guide
UGCAAGAAAACCCACCCUA,CUGAUCAUCUCCUACUUUGUAGGGUGGGUUUUCUUGCACGAGAAGGCUUACCAGGUA,0.6129753914988814,1,"-0.33,-2.11,-10.44,1,0,-179.87999999999997,0.10526315789473684,0,0.10526315789473684,0,0,0.0,-3.42,0.05555555555555555,0,0,0.2222222222222222,-1.33,0,0.05555555555555555,0,-2.11,0.0,1",0.000,47.4,-0.7800,-34.1900,-11.8200,-11.8200,0.0,,0,none,19,guide
GAGAUGAUCAGAAGCUGAA,GGGAUCAUCAACCGAGUAGUUCAGCUUCUGAUCAUCUCCUACUUUGUAGGGUGGGUU,0.3489932885906041,0,"-1.87,-2.35,-12.44,0,1,-187.83,0.15789473684210525,0,0.3157894736842105,0,0,0.0,-2.08,0.0,0,0,0.0,-0.93,0,0.05555555555555555,0,-2.08,0.0,1",-1.500,42.1,-1.8700,-32.0900,-11.0900,-11.0900,0.0,,0,none,19,guide
CUGAACUACUCGGUUGAUG,AGAGCUGGACCAUCGGGAUCAUCAACCGAGUAGUUCAGCUUCUGAUCAUCUCCUACU,0.5570469798657718,1,"0.03,-2.08,-10.48,0,0,-185.41,0.3157894736842105,0,0.2631578947368421,0,0,0.05555555555555555,-2.11,0.05555555555555555,1,1,0.0,-2.11,0,0.0,0,-2.24,0.05555555555555555,0",-1.300,47.4,0.0300,-32.4600,-11.0400,-11.0400,0.0,,0,none,19,guide
CUCGGUUGAUGAUCCCGAU,GGUUGUGAAGAGCUGGACCAUCGGGAUCAUCAACCGAGUAGUUCAGCUUCUGAUCAU,0.2930648769574944,0,"-1.43,-2.08,-10.48,0,0,-194.04,0.3157894736842105,0,0.2631578947368421,0,0,0.05555555555555555,-2.35,0.0,1,1,0.1111111111111111,-1.1,0,0.0,0,-2.35,0.05555555555555555,0",-3.000,52.6,-1.4300,-34.7300,-13.2500,-13.2500,0.0,,0,none,19,guide
GGUUGAUGAUCCCGAUGGU,GGUGGUUGUGAAGAGCUGGACCAUCGGGAUCAUCAACCGAGUAGUUCAGCUUCUGAU,0.1871737509321402,0,"-1.47,-3.26,-13.39,0,1,-195.70999999999995,0.3157894736842105,0,0.3684210526315789,1,0,0.1111111111111111,-2.24,0.0,0,0,0.1111111111111111,-2.24,0,0.0,0,-2.36,0.05555555555555555,0",-0.200,52.6,-1.4700,-35.9000,-10.8400,-10.8400,0.0,,0,none,19,guide
CUCUUCACAACCACCGACU,XXXXXXXXXXXXACCACCAAGUCGGUGGUUGUGAAGAGCUGGACCAUCGGGAUCAUC,0.4839671886651752,0,"-0.9,-2.08,-10.48,0,0,-189.41,0.21052631578947367,0,0.05263157894736842,0,0,0.0,-2.35,0.0,1,1,0.1111111111111111,-2.08,0,0.0,0,-2.24,0.05555555555555555,0",0.000,52.6,-0.4500,-35.1800,-12.0600,-12.0600,0.0,,0,none,19,guide
CGGUGGACUGCUUCUCCGC,CCCCAGCGACCAGACCACAGCGGAGAAGCAGUCCACCGXXXXXXXXXXXXXXXXXXX,0.6099925428784488,1,"1.06,-2.36,-10.64,0,0,-206.86,0.2631578947368421,0,0.3157894736842105,0,0,0.1111111111111111,-3.26,0.0,0,1,0.05555555555555555,-3.42,0,0.1111111111111111,1,-2.35,0.05555555555555555,0",-3.800,68.4,1.0600,-40.8700,-15.4600,-15.4600,0.0,,0,none,19,guide
GACUGCUUCUCCGCUGUGG,GUGUACCCCAGCGACCAGACCACAGCGGAGAAGCAGUCCACCGXXXXXXXXXXXXXX,0.4675615212527964,0,"0.46,-2.35,-12.44,0,1,-203.75,0.3157894736842105,0,0.3157894736842105,0,0,0.05555555555555555,-2.24,0.0,0,0,0.05555555555555555,-3.26,0,0.1111111111111111,0,-3.42,0.05555555555555555,0",-1.900,63.2,0.9100,-39.2400,-12.8600,-12.8600,0.0,,0,none,19,guide
GCGAUUUUCAGCGUAGUCU,AAGUUUGAGGAGGUGAAUGAGACUACGCUGAAAAUCGCGGCUUUGACCAACCCAGUG,0.5749440715883669,1,"-1.79,-3.42,-14.88,0,1,-183.24,0.3684210526315789,0,0.2631578947368421,0,1,0.0,-2.36,0.05555555555555555,0,0,0.0,-2.08,0,0.1111111111111111,0,-2.24,0.16666666666666666,0",-1.900,47.4,-1.7900,-32.7200,-8.6000,-8.6000,0.0,,0,none,19,guide
CAGCGUAGUCUCAUUCACC,AAGCCAAGAAGUUUGAGGAGGUGAAUGAGACUACGCUGAAAAUCGCGGCUUUGACCA,0.651006711409396,1,"0.7,-2.11,-10.44,0,0,-193.47000000000003,0.2631578947368421,0,0.15789473684210525,0,0,0.0,-2.08,0.05555555555555555,0,1,0.05555555555555555,-3.26,0,0.05555555555555555,0,-1.1,0.05555555555555555,0",0.000,52.6,1.1500,-35.3500,-13.5100,-13.5100,0.0,,0,none,19,guide
AACUUCUUGGCUUUGUACU,UUCCUCAAGGGGGCCGACCAGUACAAAGCCAAGAAGUUUGAGGAGGUGAAUGAGACU,0.7419835943325876,1,"0.7,-0.93,-6.82,0,0,-168.45,0.4736842105263158,0,0.15789473684210525,0,0,0.05555555555555555,-2.24,0.05555555555555555,0,0,0.0,-2.08,0,0.05555555555555555,0,-0.93,0.2222222222222222,0",0.000,36.8,1.1500,-29.4800,-10.6100,-10.6100,0.0,,0,none,19,guide
UUCUUGGCUUUGUACUGGU,AACUUCCUCAAGGGGGCCGACCAGUACAAAGCCAAGAAGUUUGAGGAGGUGAAUGAG,0.6181953765846383,1,"0.86,-0.93,-6.82,1,0,-174.98,0.5263157894736842,1,0.2631578947368421,0,0,0.1111111111111111,-2.35,0.05555555555555555,1,0,0.0,-2.24,0,0.05555555555555555,0,-1.33,0.2222222222222222,0",0.000,42.1,1.3100,-32.1400,-14.1500,-14.1500,0.0,,0,none,19,guide
GGCUUUGUACUGGUCGGCC,UGCUCAACUUCCUCAAGGGGGCCGACCAGUACAAAGCCAAGAAGUUUGAGGAGGUGA,0.5070842654735273,0,"0.0,-3.26,-13.39,0,1,-200.16,0.3157894736842105,0,0.3684210526315789,1,0,0.16666666666666666,-3.42,0.05555555555555555,0,0,0.05555555555555555,-3.26,0,0.1111111111111111,0,-2.24,0.1111111111111111,0",-2.700,63.2,0.0000,-39.4900,-11.7100,-11.7100,0.0,,0,none,19,guide
UUGAGGAAGUUGAGCAGGA,ACUGUUCUCUGUGACAUCAUCCUGCUCAACUUCCUCAAGGGGGCCGACCAGUACAAA,0.6733780760626399,1,"0.97,-0.93,-6.82,1,0,-185.47,0.21052631578947367,1,0.42105263157894735,0,0,0.1111111111111111,-2.11,0.0,1,0,0.0,-2.35,0,0.05555555555555555,0,-2.08,0.1111111111111111,1",0.000,47.4,1.4200,-34.5300,-13.0800,-13.0800,0.0,,0,none,19,guide
UCCCACAGAAGUAAAGGCC,CCAUCAUCAGCUCUGUGGCGGCCUUUACUUCUGUGGGAGUGGGAACUGUUCUCUGUG,0.5980611483967189,1,"1.36,-2.35,-12.44,1,0,-189.26,0.10526315789473684,0,0.21052631578947367,0,0,0.05555555555555555,-3.26,0.05555555555555555,0,0,0.16666666666666666,-3.26,0,0.05555555555555555,0,-0.93,0.0,0",0.000,52.6,1.3600,-36.0800,-15.0600,-15.0600,0.0,,0,none,19,guide
CCACAGAAGUAAAGGCCGC,CACCAUCAUCAGCUCUGUGGCGGCCUUUACUUCUGUGGGAGUGGGAACUGUUCUCUG,0.4578672632363907,0,"0.16,-3.26,-13.39,0,0,-192.67,0.05263157894736842,0,0.2631578947368421,0,0,0.05555555555555555,-2.11,0.05555555555555555,0,1,0.1111111111111111,-3.42,1,0.1111111111111111,0,-2.08,0.0,0",0.000,57.9,0.1600,-37.0000,-11.8200,-11.8200,0.0,,0,none,19,guide
GAUGAUGGUGGGGAUGAUG,GGAAUGCUGGCAAGUUCAACAUCAUCCCCACCAUCAUCAGCUCUGUGGCGGCCUUUA,0.2870991797166294,0,"-0.24,-2.35,-12.44,0,1,-200.83,0.2631578947368421,0,0.5263157894736842,0,0,0.2222222222222222,-1.1,0.0,0,0,0.0,-2.11,0,0.0,0,-2.35,0.0,0",0.000,52.6,-0.2400,-36.2400,-12.0300,-12.0300,0.0,,0,none,19,guide
CUUCAGGAGGGUGCGGUAC,AAAUGGAAAAUGGCAGUGAGUACCGCACCCUCCUGAAGGCUUUUGGCAUCCGCUUCG,0.2766592095451156,0,"0.16,-2.08,-10.48,0,0,-201.38,0.21052631578947367,0,0.42105263157894735,0,0,0.2222222222222222,-0.93,0.05555555555555555,1,1,0.0,-2.24,0,0.05555555555555555,0,-3.42,0.05555555555555555,0",0.000,63.2,0.1600,-39.5700,-13.0800,-13.0800,0.0,,0,none,19,guide
GGGACACGCUGCUUUUCUC,CCGGCUCGACAGCGUUUCUGAGAAAAGCAGCGUGUCCCCAGGCUACAACUUCAGGUU,0.5093214019388517,0,"-0.46,-3.26,-13.39,0,1,-196.46999999999997,0.3157894736842105,0,0.2631578947368421,1,0,0.1111111111111111,-3.26,0.0,0,0,0.0,-2.35,0,0.1111111111111111,0,-0.93,0.16666666666666666,0",0.000,57.9,-0.9100,-36.7100,-14.5600,-14.5600,0.0,,0,none,19,guide
UCUCAGAAACGCUGUCGAG,CAAAUACUCCUUCACCCGGCUCGACAGCGUUUCUGAGAAAAGCAGCGUGUCCCCAGG,0.4787472035794183,0,"0.63,-2.35,-12.44,1,0,-190.27,0.21052631578947367,0,0.2631578947368421,0,0,0.0,-2.08,0.0,0,0,0.0,-2.08,0,0.05555555555555555,0,-2.11,0.0,0",-0.800,52.6,0.1800,-34.8300,-11.9000,-11.9000,0.0,,0,none,19,guide
CAGAAACGCUGUCGAGCCG,CCCCAAAUACUCCUUCACCCGGCUCGACAGCGUUUCUGAGAAAAGCAGCGUGUCCCC,0.6413124533929903,1,"-0.2,-2.11,-10.44,0,0,-197.54,0.10526315789473684,0,0.3157894736842105,0,0,0.0,-2.08,0.0,0,1,0.05555555555555555,-2.36,0,0.1111111111111111,0,-2.36,0.0,0",-2.500,63.2,0.2500,-37.4400,-10.8900,-10.8900,0.0,,0,none,19,guide
AGAAACGCUGUCGAGCCGG,UCCCCAAAUACUCCUUCACCCGGCUCGACAGCGUUUCUGAGAAAAGCAGCGUGUCCC,0.7307979120059657,1,"1.63,-2.08,-10.48,0,0,-196.77,0.10526315789473684,0,0.3684210526315789,0,0,0.05555555555555555,-2.35,0.0,0,0,0.05555555555555555,-3.26,0,0.1111111111111111,0,-2.35,0.0,0",-2.500,63.2,1.6300,-38.0400,-12.2300,-12.2300,0.0,,0,none,19,guide
AGGAGUAUUUGGGGAUGCA,GGACAAGGCCUGGGACCAGUGCAUCCCCAAAUACUCCUUCACCCGGCUCGACAGCGU,0.4198359433258761,0,"0.03,-2.08,-10.48,0,0,-186.04,0.2631578947368421,0,0.42105263157894735,0,0,0.2222222222222222,-3.26,0.05555555555555555,0,0,0.0,-2.11,0,0.05555555555555555,0,-3.26,0.1111111111111111,1",-2.000,47.4,0.0300,-34.6400,-12.3600,-12.3600,0.0,,0,none,19,guide
AAGUCGCACACCCAGCCGA,GGAGUUCUGGGCAUUAAGAUCGGCUGGGUGUGCGACUUGGACAAGGCCUGGGACCAG,0.5749440715883669,1,"0.97,-0.93,-6.82,0,0,-198.34,0.05263157894736842,0,0.21052631578947367,0,0,0.0,-2.08,0.0,0,0,0.16666666666666666,-2.35,0,0.1111111111111111,0,-2.11,0.0,1",0.000,63.2,1.4200,-39.6900,-14.5600,-14.5600,0.0,,0,none,19,guide
CACACCCAGCCGAUCUUAA,ACGGGGGGAGUUCUGGGCAUUAAGAUCGGCUGGGUGUGCGACUUGGACAAGGCCUGG,0.4131245339299031,0,"-1.63,-2.11,-10.44,0,0,-189.03,0.15789473684210525,0,0.10526315789473684,0,0,0.0,-2.24,0.05555555555555555,0,1,0.16666666666666666,-0.93,0,0.05555555555555555,0,-1.1,0.05555555555555555,1",0.000,52.6,-1.6300,-35.3800,-15.2200,-15.2200,0.0,,0,none,19,guide
CCAGCCGAUCUUAAUGCCC,CGCGCACGGGGGGAGUUCUGGGCAUUAAGAUCGGCUGGGUGUGCGACUUGGACAAGG,0.4451901565995526,0,"0.0,-3.26,-13.39,0,0,-197.16,0.21052631578947367,0,0.15789473684210525,0,0,0.0,-2.11,0.05555555555555555,0,1,0.2222222222222222,-3.26,1,0.1111111111111111,0,-0.93,0.05555555555555555,0",0.000,57.9,0.0000,-37.1200,-15.5800,-15.5800,0.0,,0,none,19,guide
UGCGCGCCAGUUUGGCAAA,CAAGUUUGCGGGGCAGGAUUUUGCCAAACUGGCGCGCACGGGGGGAGUUCUGGGCAU,0.2781506338553318,0,"-0.73,-2.11,-10.44,1,0,-187.45,0.21052631578947367,0,0.3157894736842105,0,0,0.05555555555555555,-3.42,0.0,0,0,0.05555555555555555,-0.93,0,0.2222222222222222,0,-2.11,0.1111111111111111,1",-4.400,57.9,-1.1800,-36.6100,-18.2400,-18.2400,0.0,,0,none,19,guide
UGGCAAAAUCCUGCCCCGC,AGGGGACGUGGUCAAGUUUGCGGGGCAGGAUUUUGCCAAACUGGCGCGCACGGGGGG,0.505592841163311,0,"1.76,-2.11,-10.44,1,0,-198.98,0.15789473684210525,0,0.21052631578947367,0,0,0.05555555555555555,-3.26,0.0,0,0,0.2222222222222222,-3.42,0,0.16666666666666666,0,-3.42,0.0,0",-4.700,63.2,1.7600,-39.4300,-11.5800,-11.5800,0.0,,0,none,19,guide
GCAAAAUCCUGCCCCGCAA,GUAGGGGACGUGGUCAAGUUUGCGGGGCAGGAUUUUGCCAAACUGGCGCGCACGGGG,0.2490678598061148,0,"-2.49,-3.42,-14.88,0,1,-192.41,0.10526315789473684,0,0.15789473684210525,0,1,0.0,-2.11,0.0,0,0,0.2222222222222222,-0.93,0,0.16666666666666666,0,-3.26,0.0,1",-1.400,57.9,-2.9400,-36.9500,-8.3500,-8.3500,0.0,,0,none,19,guide
GACCACGUCCCCUACCCGC,ACCCUUUCUGCCCCAUCUUGCGGGUAGGGGACGUGGUCAAGUUUGCGGGGCAGGAUU,0.2774049217002237,0,"0.62,-2.35,-12.44,0,1,-211.98,0.10526315789473684,0,0.15789473684210525,0,0,0.0,-2.24,0.05555555555555555,0,0,0.3333333333333333,-3.42,0,0.05555555555555555,0,-1.33,0.0,0",0.000,73.7,1.0700,-43.2900,-14.4500,-14.4500,0.0,,0,none,19,guide
ACGUCCCCUACCCGCAAGA,AAGGACCCUUUCUGCCCCAUCUUGCGGGUAGGGGACGUGGUCAAGUUUGCGGGGCAG,0.5659955257270693,1,"0.11,-2.24,-11.4,0,0,-197.05,0.10526315789473684,0,0.15789473684210525,0,0,0.0,-2.36,0.05555555555555555,0,0,0.2777777777777778,-2.35,0,0.05555555555555555,0,-2.36,0.0,1",0.000,63.2,0.1100,-39.9000,-16.7300,-16.7300,0.0,,0,none,19,guide
CCGCAAGAUGGGGCAGAAA,UCCACCCGGACAAGGACCCUUUCUGCCCCAUCUUGCGGGUAGGGGACGUGGUCAAGU,0.2624906785980611,0,"-2.33,-3.26,-13.39,0,0,-193.63,0.05263157894736842,0,0.3684210526315789,0,0,0.16666666666666666,-2.36,0.0,0,1,0.05555555555555555,-0.93,1,0.1111111111111111,0,-3.42,0.0,1",-2.100,57.9,-2.7800,-37.2300,-13.2500,-13.2500,0.0,,0,none,19,guide
GGUGGAAGCGGCAGGUCUU,CCUGACAGCCAGGGACAUGAAGACCUGCCGCUUCCACCCGGACAAGGACCCUUUCUG,0.2975391498881432,0,"-2.33,-3.26,-13.39,0,1,-200.27,0.21052631578947367,0,0.4736842105263158,1,0,0.2222222222222222,-2.24,0.0,0,0,0.0,-0.93,0,0.1111111111111111,0,-2.08,0.05555555555555555,0",-1.100,63.2,-2.7800,-39.6000,-12.9700,-12.9700,0.0,,0,none,19,guide
UCUUCAUGUCCCUGGCUGU,AAACCUCCUUCCCAACCUGACAGCCAGGGACAUGAAGACCUGCCGCUUCCACCCGGA,0.5824011931394482,1,"-0.11,-2.35,-12.44,1,0,-193.52,0.42105263157894735,0,0.21052631578947367,0,0,0.05555555555555555,-2.08,0.0,0,0,0.1111111111111111,-2.24,0,0.05555555555555555,0,-2.11,0.05555555555555555,0",0.000,52.6,-0.1100,-36.8000,-10.6800,-10.6800,0.0,,0,none,19,guide
UUCAUGUCCCUGGCUGUCA,GGAAACCUCCUUCCCAACCUGACAGCCAGGGACAUGAAGACCUGCCGCUUCCACCCG,0.6748695003728561,1,"0.73,-0.93,-6.82,1,0,-193.48,0.3684210526315789,1,0.21052631578947367,0,0,0.05555555555555555,-2.35,0.0,1,0,0.1111111111111111,-2.11,0,0.05555555555555555,0,-3.42,0.05555555555555555,1",0.000,52.6,1.1800,-36.8300,-12.2600,-12.2600,0.0,,0,none,19,guide
CAUGUCCCUGGCUGUCAGG,AGGGAAACCUCCUUCCCAACCUGACAGCCAGGGACAUGAAGACCUGCCGCUUCCACC,0.2490678598061148,0,"0.7,-2.11,-10.44,0,0,-205.53,0.2631578947368421,0,0.3157894736842105,0,0,0.1111111111111111,-1.1,0.0,0,1,0.1111111111111111,-3.26,0,0.05555555555555555,0,-2.11,0.0,0",-3.600,63.2,1.1500,-40.1400,-14.3200,-14.3200,0.0,,0,none,19,guide
UGGCUGUCAGGUUGGGAAG,CUUUGAGAAGGGAAACCUCCUUCCCAACCUGACAGCCAGGGACAUGAAGACCUGCCG,0.494407158836689,0,"0.87,-2.11,-10.44,1,0,-195.63,0.2631578947368421,0,0.4736842105263158,0,0,0.2222222222222222,-3.26,0.0,0,0,0.0,-2.08,0,0.05555555555555555,0,-2.11,0.05555555555555555,0",-0.700,57.9,0.4200,-38.0400,-15.4600,-15.4600,0.0,,0,none,19,guide
UUCUUGAUGAAAAUAGUGA,AUGAUGGAAGCUGAGAACUUCACUAUUUUCAUCAAGAACAGCAUCCGUUUCCCCCUC,0.5935868754660701,1,"0.97,-0.93,-6.82,1,0,-162.93999999999997,0.3684210526315789,1,0.21052631578947367,0,0,0.0,-2.35,0.05555555555555555,1,0,0.0,-2.35,0,0.0,0,-1.1,0.1111111111111111,1",0.000,26.3,1.4200,-25.5200,-10.9200,-10.9200,0.0,,0,none,19,guide
UAGUGAAGUUCUCAGCUUC,GGAAACGCCCAUCAUGAUGGAAGCUGAGAACUUCACUAUUUUCAUCAAGAACAGCAU,0.6621923937360179,1,"1.47,-1.33,-7.69,1,0,-181.54,0.3684210526315789,0,0.21052631578947367,0,0,0.0,-2.08,0.05555555555555555,0,0,0.0,-2.35,0,0.05555555555555555,0,-2.11,0.1111111111111111,0",-2.600,42.1,1.4700,-31.9500,-11.7900,-11.7900,0.0,,0,none,19,guide
CCAUCAUGAUGGGCGUUUC,CACGGAGGUGGACACAGUGGAAACGCCCAUCAUGAUGGAAGCUGAGAACUUCACUAU,0.3631618195376584,0,"-0.46,-3.26,-13.39,0,0,-194.33999999999997,0.3157894736842105,0,0.2631578947368421,0,0,0.1111111111111111,-2.11,0.0,0,1,0.05555555555555555,-2.35,1,0.05555555555555555,0,-3.42,0.1111111111111111,0",-2.400,52.6,-0.9100,-35.0600,-10.8800,-10.8800,0.0,,0,none,19,guide
AGCCCUGGAUCUCACAGGU,CUACAGCUCUGUGCUCCGGACCUGUGAGAUCCAGGGCUGGUGCCCCACGGAGGUGGA,0.3743475018642804,0,"0.16,-2.08,-10.48,0,0,-200.13,0.21052631578947367,0,0.2631578947368421,0,0,0.1111111111111111,-3.42,0.0,0,0,0.1111111111111111,-2.24,0,0.05555555555555555,0,-2.11,0.0,0",-5.000,57.9,0.1600,-39.2500,-17.3900,-17.3900,0.0,,0,none,19,guide
ACAGGUCCGGAGCACAGAG,GCCGCUGCGUGAACUACAGCUCUGUGCUCCGGACCUGUGAGAUCCAGGGCUGGUGCC,0.3124533929903057,0,"0.74,-2.24,-11.4,0,0,-203.12,0.05263157894736842,0,0.3684210526315789,0,0,0.1111111111111111,-2.11,0.0,0,0,0.05555555555555555,-2.08,0,0.05555555555555555,0,-2.11,0.0,0",0.000,63.2,0.2900,-40.0400,-15.3000,-15.3000,0.0,,0,none,19,guide
GUCCGGAGCACAGAGCUGU,ACUGGCCGCUGCGUGAACUACAGCUCUGUGCUCCGGACCUGUGAGAUCCAGGGCUGG,0.4414615958240119,0,"-0.9,-2.24,-11.4,0,1,-204.61,0.15789473684210525,0,0.3684210526315789,0,0,0.05555555555555555,-2.35,0.0,1,0,0.05555555555555555,-2.24,0,0.1111111111111111,0,-2.35,0.0,0",-2.000,63.2,-0.4500,-39.8500,-15.6600,-15.6600,0.0,,0,none,19,guide
CACAGAGCUGUAGUUCACG,GGAUCCUCACUGGCCGCUGCGUGAACUACAGCUCUGUGCUCCGGACCUGUGAGAUCC,0.3131991051454139,0,"-0.2,-2.11,-10.44,0,0,-190.58,0.21052631578947367,0,0.2631578947368421,0,0,0.0,-2.24,0.05555555555555555,0,1,0.0,-2.36,0,0.05555555555555555,0,-2.24,0.05555555555555555,0",-2.400,52.6,0.2500,-34.8700,-14.2800,-14.2800,0.0,,0,none,19,guide
UGUAGUUCACGCAGCGGCC,AGGUGGGGGGAUCCUCACUGGCCGCUGCGUGAACUACAGCUCUGUGCUCCGGACCUG,0.5391498881431768,1,"1.6,-2.11,-10.44,1,0,-198.79999999999995,0.21052631578947367,0,0.3157894736842105,0,0,0.05555555555555555,-2.24,0.05555555555555555,0,0,0.05555555555555555,-3.26,0,0.16666666666666666,0,-2.08,0.05555555555555555,0",-0.300,63.2,1.6000,-39.1800,-11.1700,-11.1700,0.0,,0,none,19,guide
ACGCAGCGGCCAGUGAGGA,CGCUUGCCAGGUGGGGGGAUCCUCACUGGCCGCUGCGUGAACUACAGCUCUGUGCUC,0.122296793437733,0,"0.11,-2.24,-11.4,0,0,-205.48,0.05263157894736842,0,0.42105263157894735,0,0,0.1111111111111111,-2.36,0.0,0,0,0.05555555555555555,-2.35,0,0.16666666666666666,0,-2.24,0.0,1",-1.000,68.4,0.1100,-42.0200,-15.7500,-15.7500,0.0,,0,none,19,guide
CCUUGCAUCUGAUUUUCAG,AUCACCAAGAUGAUUGUUACUGAAAAUCAGAUGCAAGGAUUCUGCCCAGAGAGUGAG,0.6375838926174496,1,"-0.73,-3.26,-13.39,0,0,-181.22,0.42105263157894735,0,0.15789473684210525,0,0,0.0,-2.08,0.0,0,1,0.05555555555555555,-2.08,1,0.05555555555555555,0,-0.93,0.2222222222222222,0",-0.800,42.1,-1.1800,-30.9400,-11.7500,-11.7500,0.0,,0,none,19,guide
AUCUGAUUUUCAGUAACAA,GUCAUCAUCACCAAGAUGAUUGUUACUGAAAAUCAGAUGCAAGGAUUCUGCCCAGAG,0.4034302759134974,0,"-0.17,-1.1,-9.38,0,0,-161.9,0.3684210526315789,0,0.10526315789473684,0,0,0.0,-2.35,0.05555555555555555,1,0,0.0,-0.93,0,0.0,0,-2.24,0.16666666666666666,1",-1.400,26.3,-0.1700,-25.7100,-10.9200,-10.9200,0.0,,0,none,19,guide
UCUGAUUUUCAGUAACAAU,UGUCAUCAUCACCAAGAUGAUUGUUACUGAAAAUCAGAUGCAAGGAUUCUGCCCAGA,0.5563012677106637,1,"-0.8,-2.35,-12.44,1,0,-161.9,0.42105263157894735,0,0.10526315789473684,0,0,0.0,-2.08,0.05555555555555555,0,0,0.0,-1.1,0,0.0,0,-1.33,0.16666666666666666,0",-1.400,26.3,-1.2500,-25.5600,-9.5000,-9.5000,0.0,,0,none,19,guide
UGAUGAUGACAAAGACCGA,GACGCCACCUCAGGGCACCUCGGUCUUUGUCAUCAUCACCAAGAUGAUUGUUACUGA,0.5428784489187174,1,"0.24,-2.11,-10.44,1,0,-182.62,0.15789473684210525,0,0.2631578947368421,0,0,0.0,-2.35,0.0,0,0,0.05555555555555555,-2.35,0,0.0,0,-2.08,0.0,1",0.000,42.1,0.2400,-31.6400,-11.1200,-11.1200,0.0,,0,none,19,guide
CCGAGGUGCCCUGAGGUGG,UGUGUCUGAUUACGUGACGCCACCUCAGGGCACCUCGGUCUUUGUCAUCAUCACCAA,0.5234899328859061,1,"0.0,-3.26,-13.39,0,0,-212.69,0.15789473684210525,0,0.4736842105263158,0,0,0.16666666666666666,-2.36,0.0,0,1,0.16666666666666666,-3.26,1,0.05555555555555555,0,-2.35,0.0,0",-2.000,73.7,0.0000,-43.5000,-14.4000,-14.4000,0.0,,0,none,19,guide
AGGUGCCCUGAGGUGGCGU,GGAUGUGUCUGAUUACGUGACGCCACCUCAGGGCACCUCGGUCUUUGUCAUCAUCAC,0.06413124533929901,0,"0.16,-2.08,-10.48,0,0,-205.7,0.21052631578947367,0,0.4736842105263158,0,0,0.16666666666666666,-3.26,0.0,0,0,0.1111111111111111,-2.24,0,0.1111111111111111,0,-2.24,0.0,0",-3.700,68.4,0.1600,-42.5000,-17.5500,-17.5500,0.0,,0,none,19,guide
GGUGGCGUCACGUAAUCAG,AACAGAGUCAUGGAUGUGUCUGAUUACGUGACGCCACCUCAGGGCACCUCGGUCUUU,0.3728560775540641,0,"-0.73,-3.26,-13.39,0,1,-195.5,0.21052631578947367,0,0.3684210526315789,1,0,0.1111111111111111,-2.24,0.05555555555555555,0,0,0.0,-2.08,0,0.05555555555555555,0,-1.33,0.0,0",-2.200,57.9,-1.1800,-36.3000,-15.6300,-15.6300,0.0,,0,none,19,guide
UCCAUGACUCUGUUGGCGU,GUGAAGGGCUCCGGACUCUACGCCAACAGAGUCAUGGAUGUGUCUGAUUACGUGACG,0.6651752423564504,1,"-0.11,-2.35,-12.44,1,0,-191.69,0.3684210526315789,0,0.2631578947368421,0,0,0.05555555555555555,-3.26,0.0,0,0,0.05555555555555555,-2.24,0,0.05555555555555555,0,-0.93,0.05555555555555555,0",-0.700,52.6,-0.1100,-35.9100,-13.1700,-13.1700,0.0,,0,none,19,guide
UUGGCGUAGAGUCCGGAGC,GUGGUAACCAAGGUGAAGGGCUCCGGACUCUACGCCAACAGAGUCAUGGAUGUGUCU,0.651006711409396,1,"2.49,-0.93,-6.82,1,0,-200.39,0.21052631578947367,1,0.42105263157894735,0,0,0.1111111111111111,-2.11,0.05555555555555555,1,0,0.05555555555555555,-3.42,0,0.1111111111111111,0,-3.26,0.05555555555555555,0",-1.700,63.2,2.9400,-39.3900,-14.7200,-14.7200,0.0,,0,none,19,guide
GAGCCCUUCACCUUGGUUA,GCCAUUGAGUCCUCGGUGGUAACCAAGGUGAAGGGCUCCGGACUCUACGCCAACAGA,0.1208053691275167,0,"-1.47,-2.35,-12.44,0,1,-189.26,0.3157894736842105,0,0.21052631578947367,0,0,0.05555555555555555,-2.08,0.05555555555555555,0,0,0.16666666666666666,-1.33,0,0.05555555555555555,0,-0.93,0.16666666666666666,1",-1.400,52.6,-1.4700,-36.0800,-15.0300,-15.0300,0.0,,0,none,19,guide
AAAACCCACCCUACAAAGU,CAGCUUCUGAUCAUCUCCUACUUUGUAGGGUGGGUUUUCUUGCACGAGAAGGCUUAC,0.6666666666666667,1,"0.86,-0.93,-6.82,0,0,-171.74,0.10526315789473684,0,0.05263157894736842,0,0,0.0,-0.93,0.05555555555555555,0,0,0.2222222222222222,-2.24,0,0.0,0,-2.24,0.0,0",0.000,42.1,1.3100,-31.5700,-12.7300,-12.7300,0.0,,0,none,19,guide
GAUGAUCAGAAGCUGAACU,UCGGGAUCAUCAACCGAGUAGUUCAGCUUCUGAUCAUCUCCUACUUUGUAGGGUGGG,0.5391498881431768,1,"-1.17,-2.35,-12.44,0,1,-186.79,0.21052631578947367,0,0.2631578947368421,0,0,0.0,-1.1,0.0,0,0,0.0,-2.08,0,0.05555555555555555,0,-2.08,0.0,0",-1.500,42.1,-0.7200,-31.8300,-11.1200,-11.1200,0.0,,0,none,19,guide
AUCAGAAGCUGAACUACUC,ACCAUCGGGAUCAUCAACCGAGUAGUUCAGCUUCUGAUCAUCUCCUACUUUGUAGGG,0.6845637583892618,1,"1.7,-1.1,-9.38,0,0,-184.1,0.21052631578947367,0,0.15789473684210525,0,0,0.0,-2.35,0.05555555555555555,1,0,0.0,-2.35,0,0.05555555555555555,0,-2.24,0.0,0",-1.500,42.1,1.7000,-31.9200,-11.9000,-11.9000,0.0,,0,none,19,guide
GAAGCUGAACUACUCGGUU,CUGGACCAUCGGGAUCAUCAACCGAGUAGUUCAGCUUCUGAUCAUCUCCUACUUUGU,0.4623415361670395,0,"-1.87,-2.35,-12.44,0,1,-183.61,0.2631578947368421,0,0.2631578947368421,0,0,0.05555555555555555,-0.93,0.05555555555555555,0,0,0.0,-0.93,0,0.05555555555555555,0,-2.08,0.05555555555555555,0",-3.600,47.4,-1.8700,-33.0700,-12.9700,-12.9700,0.0,,0,none,19,guide
GAUGAUCCCGAUGGUCCAG,AGUCGGUGGUUGUGAAGAGCUGGACCAUCGGGAUCAUCAACCGAGUAGUUCAGCUUC,0.4526472781506338,0,"-0.27,-2.35,-12.44,0,1,-204.13,0.21052631578947367,0,0.3157894736842105,0,0,0.05555555555555555,-1.1,0.0,0,0,0.16666666666666666,-2.08,0,0.0,0,-3.26,0.0,0",-1.200,57.9,-0.2700,-37.7100,-12.2700,-12.2700,0.0,,0,none,19,guide
