siRNA,mRNA,label,td,y,MFE_guide,GC_content,delta_deltaG_ends,dG_total,dG_seed_only_canonical,dG_seed,n_mismatch,diff_positions,diff_count,diff_band,diff_offset,mismatch_side
AAAACAACAACGGCGGCGG,GAUGACGCCGGUGAACUUCCCGCCGCCGUUGUUGUUUUGGAGCACGGAAAGACGAUG,0.6682552504038772,"2.33,-0.93,-6.82,0,0,-183.69999999999996,0.0,0,0.3157894736842105,0,0,0.16666666666666666,-0.93,0.0,0,0,0.0,-3.26,0,0.1111111111111111,0,-3.42,0.0,0",0,-0.600,57.9,2.7800,-35.1500,-9.3800,-9.3800,0.0,,0,none,19,guide
AAAAGUUUGGAAGAGGCAG,CGAGGAGAGCAGGAUUUCUCUGCCUCUUCCAAACUUUUCCUCCCUGAACCUGAGGGA,0.85,"1.6,-0.93,-6.82,0,0,-174.32999999999996,0.15789473684210525,0,0.3684210526315789,0,0,0.1111111111111111,-0.93,0.0,0,0,0.0,-2.08,0,0.05555555555555555,0,-2.35,0.1111111111111111,0",1,-0.900,42.1,1.6000,-30.7100,-8.0400,-8.0400,0.0,,0,none,19,guide
AAAAUGGAACAACUUUACC,UGAUAAACCGGGCGCGGUCGGUAAAGUUGUUCCAUUUUUUGAAGCGAAGGUUGUGGA,0.95,"2.33,-0.93,-6.82,0,0,-162.26,0.21052631578947367,0,0.10526315789473684,0,0,0.05555555555555555,-0.93,0.05555555555555555,0,0,0.05555555555555555,-3.26,0,0.0,0,-2.08,0.1111111111111111,0",1,0.000,31.6,2.7800,-26.5400,-10.6800,-10.6800,0.0,,0,none,19,guide
AAACAACAACGGCGGCGGG,CGAUGACGCCGGUGAACUUCCCGCCGCCGUUGUUGUUUUGGAGCACGGAAAGACGAU,0.45,"2.33,-0.93,-6.82,0,0,-190.27,0.0,0,0.3684210526315789,0,0,0.2222222222222222,-0.93,0.0,0,0,0.0,-3.26,0,0.1111111111111111,0,-2.36,0.0,0",0,-0.600,63.2,2.7800,-37.3300,-10.5600,-10.5600,0.0,,0,none,19,guide
AAACACAACUCCUCCGCGC,UAACAACCGCGAAAAAGUUGCGCGGAGGAGUUGUGUUUGUGGACGAAGUACCGAAAG,0.9256865912762522,"2.49,-0.93,-6.82,0,0,-191.86999999999995,0.10526315789473684,0,0.10526315789473684,0,0,0.0,-0.93,0.0,0,0,0.1111111111111111,-3.42,0,0.1111111111111111,0,-2.35,0.0,0",1,0.000,57.9,2.9400,-36.5300,-10.5600,-10.5600,0.0,,0,none,19,guide
AAACUCUAAGAAGGCGAGU,GCUUCCCUGGCCUCCCGCCACUCGCCUUCUUAGAGUUUUAUUCCUUUCCUUUUUUGA,0.85,"0.86,-0.93,-6.82,0,0,-175.34999999999997,0.15789473684210525,0,0.2631578947368421,0,0,0.05555555555555555,-0.93,0.05555555555555555,0,0,0.0,-2.24,0,0.05555555555555555,0,-3.26,0.0,0",1,-1.500,42.1,1.3100,-31.2300,-11.0100,-11.0100,0.0,,0,none,19,guide
AAACUUGGCCCUGUACUUA,CACGCAGGGCCAGGGUAGCUAAGUACAGGGCCAAGUUUGACCCACGUGUUACAGCUA,0.25,"0.4,-0.93,-6.82,0,0,-173.17999999999995,0.3157894736842105,0,0.15789473684210525,0,0,0.05555555555555555,-0.93,0.1111111111111111,0,0,0.1111111111111111,-1.33,0,0.05555555555555555,0,-2.24,0.1111111111111111,1",0,0.000,42.1,0.4000,-32.1200,-11.5500,-11.5500,0.0,,0,none,19,guide
AAAGGCAGGUUGGCCAAUG,AAAUGGGGCUGGGACUUCUCAUUGGCCAACCUGCCUUUCCCCAGAAGGAGUGAUUUU,0.5052631578947369,"1.63,-0.93,-6.82,0,0,-186.77,0.15789473684210525,0,0.3684210526315789,0,0,0.16666666666666666,-0.93,0.0,0,0,0.05555555555555555,-2.11,0,0.1111111111111111,0,-3.42,0.05555555555555555,0",0,-4.200,52.6,1.6300,-35.2500,-13.8800,-13.8800,0.0,,0,none,19,guide
AAAUUAAACGCUUUCUCUG,ACCGCGGGUGCAGGCAUUCCAGAGAAAGCGUUUAAUUUAACUUGGAUAUCAACUGAU,0.85,"1.63,-0.93,-6.82,0,0,-161.16,0.3684210526315789,0,0.10526315789473684,0,0,0.0,-0.93,0.05555555555555555,0,0,0.0,-2.11,0,0.05555555555555555,0,-0.93,0.16666666666666666,0",1,0.000,31.6,1.6300,-25.8700,-6.1500,-6.1500,0.0,,0,none,19,guide
AAAUUAUCCACUGUUUUUG,CUCUUCGGAAAGACUGUUCCAAAAACAGUGGAUAAUUUUGUGGCCUUAGCUACAGGA,0.9531502423263328,"1.63,-0.93,-6.82,0,0,-157.29,0.4736842105263158,0,0.10526315789473684,0,0,0.0,-0.93,0.05555555555555555,0,0,0.05555555555555555,-2.11,0,0.0,0,-2.24,0.2777777777777778,0",1,0.000,26.3,1.6300,-24.2500,-7.7400,-7.7400,0.0,,0,none,19,guide
AAAUUAUUUCCUUUCUGAG,UAGGGGAAUGGAGGGAAUGCUCAGAAAGGAAAUAAUUUUAUGCUGGACUCUGGACCA,0.5263157894736843,"1.6,-0.93,-6.82,0,0,-159.45000000000005,0.4736842105263158,0,0.10526315789473684,0,0,0.0,-0.93,0.05555555555555555,0,0,0.05555555555555555,-2.08,0,0.0,0,-0.93,0.2777777777777778,0",0,0.000,26.3,1.6000,-24.6100,-6.3200,-6.3200,0.0,,0,none,19,guide
AACAACAACGGCGGCGGGA,ACGAUGACGCCGGUGAACUUCCCGCCGCCGUUGUUGUUUUGGAGCACGGAAAGACGA,0.5783521809369953,"0.97,-0.93,-6.82,0,0,-192.17,0.0,0,0.3684210526315789,0,0,0.2222222222222222,-2.24,0.0,0,0,0.0,-2.35,0,0.1111111111111111,0,-3.26,0.0,1",0,-0.600,63.2,1.4200,-38.2500,-10.5600,-10.5600,0.0,,0,none,19,guide
AACAAGGCAUUGUCUCAGU,UGCCAUGUGUUUAUCCUAAACUGAGACAAUGCCUUGUUUUUUUCUAAUACCGUGGAU,0.2731017770597739,"0.86,-0.93,-6.82,0,0,-179.33999999999997,0.2631578947368421,0,0.21052631578947367,0,0,0.05555555555555555,-2.24,0.0,0,0,0.0,-2.24,0,0.05555555555555555,0,-2.35,0.05555555555555555,0",0,-1.000,42.1,1.3100,-32.0300,-14.0400,-14.0400,0.0,,0,none,19,guide
AACAUCCGGCCGGGCGCCG,CAGGCUAUGUGCUCAAGGACGGCGCCCGGCCGGAUGUUACGGAGAGCGAGAGCGGGA,0.7142857142857142,"1.43,-0.93,-6.82,0,0,-210.68999999999997,0.05263157894736842,0,0.3684210526315789,0,0,0.16666666666666666,-2.24,0.0,0,0,0.16666666666666666,-2.36,0,0.16666666666666666,0,-3.26,0.0,0",1,-4.800,78.9,1.8800,-44.0500,-13.4200,-13.4200,0.0,,0,none,19,guide
AACCACUGUAGAAAAUAAC,UUUUUUUUUUCUAAGAGAAGUUAUUUUCUACAGUGGUUUUAUACUGAAGGAAAAACA,0.98,"1.76,-0.93,-6.82,0,0,-164.79999999999995,0.15789473684210525,0,0.10526315789473684,0,0,0.0,-2.24,0.1111111111111111,0,0,0.05555555555555555,-2.24,0,0.0,0,-0.93,0.0,0",1,0.000,31.6,1.7600,-27.2700,-14.0400,-14.0400,0.0,,0,none,19,guide
AACGCUUUCUCUGGAAUGC,CAGGUGACCGCGGGUGCAGGCAUUCCAGAGAAAGCGUUUAAUUUAACUUGGAUAUCA,0.85,"2.49,-0.93,-6.82,0,0,-184.16,0.3157894736842105,0,0.21052631578947367,0,0,0.05555555555555555,-2.24,0.0,0,0,0.0,-3.42,0,0.1111111111111111,0,-3.26,0.1111111111111111,0",1,-1.600,47.4,2.9400,-32.9400,-11.9600,-11.9600,0.0,,0,none,19,guide
AACGGCGGCGGGAAGUUCA,UUCCCGACGAUGACGCCGGUGAACUUCCCGCCGCCGUUGUUGUUUUGGAGCACGGAA,0.7358642972536349,"0.73,-0.93,-6.82,0,0,-193.25,0.10526315789473684,0,0.42105263157894735,0,0,0.2222222222222222,-2.24,0.0,0,0,0.0,-2.11,0,0.1111111111111111,0,-0.93,0.05555555555555555,1",1,-0.600,63.2,1.1800,-38.6300,-16.9000,-16.9000,0.0,,0,none,19,guide
AACUCCUCCGCGCAACUUU,GUCAAGUAACAACCGCGAAAAAGUUGCGCGGAGGAGUUGUGUUUGUGGACGAAGUAC,0.9959612277867528,"0.0,-0.93,-6.82,0,0,-183.61,0.2631578947368421,0,0.10526315789473684,0,0,0.0,-2.24,0.0,0,0,0.1111111111111111,-0.93,0,0.1111111111111111,0,-2.11,0.1111111111111111,0",1,0.000,52.6,0.0000,-34.8400,-14.3600,-14.3600,0.0,,0,none,19,guide
AACUGGAAUAAAACGGGAA,GAUUAAUAAAGAUGGCACUUUCCCGUUUUAUUCCAGUUUUAUAAAAAGUGGAGACAG,0.6105263157894736,"0.0,-0.93,-6.82,0,0,-166.34999999999997,0.10526315789473684,0,0.2631578947368421,0,0,0.16666666666666666,-2.24,0.05555555555555555,0,0,0.0,-0.93,0,0.0,0,-2.24,0.0,1",0,-2.100,36.8,0.0000,-28.7300,-12.9700,-12.9700,0.0,,0,none,19,guide
AACUUUACCGACCGCGCCC,CCGAGGGGGAUGAUAAACCGGGCGCGGUCGGUAAAGUUGUUCCAUUUUUUGAAGCGA,0.92,"2.33,-0.93,-6.82,0,0,-193.18,0.15789473684210525,0,0.15789473684210525,0,0,0.0,-2.24,0.05555555555555555,0,0,0.2222222222222222,-3.26,0,0.1111111111111111,0,-2.36,0.1111111111111111,0",1,0.000,63.2,2.7800,-38.0900,-9.7500,-9.7500,0.0,,0,none,19,guide
AAGACCUUUCGGUACUUCG,GAGGAGUUGUGUUUGUGGACGAAGUACCGAAAGGUCUUACCGGAAAACUCGACGCAA,0.9765751211631664,"1.43,-0.93,-6.82,0,0,-178.65999999999997,0.3157894736842105,0,0.21052631578947367,0,0,0.05555555555555555,-2.08,0.05555555555555555,0,0,0.05555555555555555,-2.36,0,0.0,0,-1.33,0.16666666666666666,0",1,-2.500,47.4,1.8800,-32.3600,-12.9400,-12.9400,0.0,,0,none,19,guide
AAGAUUGCAGGGUGUUUUC,GCUUCAGAGAGGGGAAGCCGAAAACACCCUGCAAUCUUUCAGACAGGAUGUUGACAA,0.85,"1.87,-0.93,-6.82,0,0,-177.77,0.3684210526315789,0,0.3157894736842105,0,0,0.1111111111111111,-2.08,0.0,0,0,0.0,-2.35,0,0.05555555555555555,0,-2.11,0.2222222222222222,0",1,0.000,42.1,1.8700,-31.0700,-11.9900,-11.9900,0.0,,0,none,19,guide
AAGGUCUGGAGCUGGUAGG,UUUGAGAACACCUCGGCCCCCUACCAGCUCCAGACCUUUGUCCUGCCAGCGACUCCC,0.6842105263157894,"2.33,-0.93,-6.82,0,0,-196.58,0.21052631578947367,0,0.4736842105263158,0,0,0.2222222222222222,-2.08,0.05555555555555555,0,0,0.0,-3.26,0,0.05555555555555555,0,-2.11,0.0,0",0,0.000,57.9,2.7800,-38.2300,-14.1200,-14.1200,0.0,,0,none,19,guide
AAGUCCUUGAUUACACGAU,UACAAAAACAGCAAAUUCCAUCGUGUAAUCAAGGACUUCAUGAUCCAGGGCGGAGAC,0.9248788368336028,"0.17,-0.93,-6.82,0,0,-173.25,0.3157894736842105,0,0.15789473684210525,0,0,0.0,-2.08,0.05555555555555555,0,0,0.05555555555555555,-1.1,0,0.0,0,-2.24,0.1111111111111111,0",1,0.000,36.8,0.1700,-29.3000,-12.9400,-12.9400,0.0,,0,none,19,guide
AAGUCUUCUCCAGCUCCUU,CCAGGUGGAGCAGUAUAAGAAGGAGCUGGAGAAGACUUAUUCUGCCAAGCUGGACAA,0.91,"0.0,-0.93,-6.82,0,0,-185.55,0.3684210526315789,0,0.10526315789473684,0,0,0.0,-2.08,0.0,0,0,0.1111111111111111,-0.93,0,0.05555555555555555,0,-3.42,0.1111111111111111,0",1,0.000,47.4,0.0000,-34.4700,-12.0300,-12.0300,0.0,,0,none,19,guide
AAGUUCUCAUCGGGGAAGC,AAGAGCAUCUACGGUGAGCGCUUCCCCGAUGAGAACUUCAAACUGAAGCACUACGGG,0.7722132471728596,"2.49,-0.93,-6.82,0,0,-191.24,0.21052631578947367,0,0.3157894736842105,0,0,0.16666666666666666,-2.08,0.0,0,0,0.0,-3.42,0,0.05555555555555555,0,-3.26,0.05555555555555555,0",1,-3.000,52.6,2.9400,-35.1500,-12.0300,-12.0300,0.0,,0,none,19,guide
AAUAAGUCUUCUCCAGCUC,GGUGGAGCAGUAUAAGAAGGAGCUGGAGAAGACUUAUUCUGCCAAGCUGGACAAUGC,0.96,"1.87,-0.93,-6.82,0,0,-182.47,0.3157894736842105,0,0.10526315789473684,0,0,0.0,-1.1,0.05555555555555555,0,0,0.05555555555555555,-2.35,0,0.05555555555555555,0,-3.26,0.05555555555555555,0",1,0.000,42.1,1.8700,-31.9600,-10.0300,-10.0300,0.0,,0,none,19,guide
AAUAGGAUCUCUGGCAUGC,CUGCCUGCGUGAGAUUCUCGCAUGCCAGAGAUCCUAUUUUUGGCAAUCAAAUCAUUC,0.92,"2.49,-0.93,-6.82,0,0,-191.94,0.2631578947368421,0,0.2631578947368421,0,0,0.1111111111111111,-1.1,0.05555555555555555,0,0,0.0,-3.42,0,0.1111111111111111,0,-3.26,0.0,0",1,0.000,47.4,2.9400,-34.2500,-11.2200,-11.2200,0.0,,0,none,19,guide
AAUCAUCUUGAUGGCAUAC,ACCGGGCAACCCGGCAGCCGUAUGCCAUCAAGAUGAUUGAGACCAAGUACCGGGAGG,0.85,"1.76,-0.93,-6.82,0,0,-180.75,0.3157894736842105,0,0.15789473684210525,0,0,0.05555555555555555,-1.1,0.05555555555555555,0,0,0.0,-2.24,0,0.05555555555555555,0,-3.26,0.05555555555555555,0",1,-0.300,36.8,1.7600,-29.9400,-11.0900,-11.0900,0.0,,0,none,19,guide
AAUCCUUUCUCUCCUGUAG,GAUAAUUUUGUGGCCUUAGCUACAGGAGAGAAAGGAUUUGGCUACAAAAACAGCAAA,0.983037156704362,"1.6,-0.93,-6.82,0,0,-180.98,0.42105263157894735,0,0.10526315789473684,0,0,0.0,-1.1,0.05555555555555555,0,0,0.1111111111111111,-2.08,0,0.0,0,-3.26,0.1111111111111111,0",1,0.000,42.1,1.6000,-31.8000,-10.6500,-10.6500,0.0,,0,none,19,guide
AAUGCUAGUUCGCUUUCUC,CCCUGGUGCAGGCCCGGAAGAGAAAGCGAACUAGCAUUGAGAACCGUGUGAGGUGGA,0.85,"1.87,-0.93,-6.82,0,0,-178.49999999999997,0.42105263157894735,0,0.15789473684210525,0,0,0.0,-1.1,0.05555555555555555,0,0,0.0,-2.35,0,0.1111111111111111,0,-2.08,0.16666666666666666,0",1,-0.600,42.1,1.8700,-31.1300,-12.1200,-12.1200,0.0,,0,none,19,guide
ACAAACACAACUCCUCCGC,ACAACCGCGAAAAAGUUGCGCGGAGGAGUUGUGUUUGUGGACGAAGUACCGAAAGGU,0.9701130856219712,"1.63,-2.24,-11.4,0,0,-188.19,0.10526315789473684,0,0.05263157894736842,0,0,0.0,-2.11,0.0,0,0,0.1111111111111111,-3.42,0,0.05555555555555555,0,-3.26,0.0,0",1,0.000,52.6,1.6300,-35.1000,-10.5600,-10.5600,0.0,,0,none,19,guide
ACAACGGCGGCGGGAAGUU,CCCGACGAUGACGCCGGUGAACUUCCCGCCGCCGUUGUUGUUUUGGAGCACGGAAAG,0.3731825525040388,"-0.86,-2.24,-11.4,0,0,-192.21,0.10526315789473684,0,0.42105263157894735,0,0,0.2222222222222222,-2.11,0.0,0,0,0.0,-0.93,0,0.1111111111111111,0,-3.26,0.05555555555555555,0",0,-0.600,63.2,-1.3100,-38.3700,-14.3200,-14.3200,0.0,,0,none,19,guide
ACAACUCCUCCGCGCAACU,CAAGUAACAACCGCGAAAAAGUUGCGCGGAGGAGUUGUGUUUGUGGACGAAGUACCG,0.9806138933764136,"-0.16,-2.24,-11.4,0,0,-191.81,0.15789473684210525,0,0.10526315789473684,0,0,0.0,-2.11,0.0,0,0,0.1111111111111111,-2.08,0,0.1111111111111111,0,-2.36,0.0,0",1,0.000,57.9,-0.1600,-37.3300,-12.9700,-12.9700,0.0,,0,none,19,guide
ACACAACUCCUCCGCGCAA,AGUAACAACCGCGAAAAAGUUGCGCGGAGGAGUUGUGUUUGUGGACGAAGUACCGAA,0.4256865912762522,"-0.86,-2.24,-11.4,0,0,-191.77,0.10526315789473684,0,0.10526315789473684,0,0,0.0,-2.11,0.0,0,0,0.1111111111111111,-0.93,0,0.1111111111111111,0,-2.36,0.0,1",0,0.000,57.9,-1.3100,-37.2100,-11.7100,-11.7100,0.0,,0,none,19,guide
ACACAUACACACACACACA,UGGAAGGGUCAUCCGCGUGUGUGUGUGUGUGUAUGUGUAGACAAGCUCUCGCUCUGU,0.2842105263157894,"-0.13,-2.24,-11.4,0,0,-180.74,0.05263157894736842,0,0.0,0,0,0.0,-2.11,0.05555555555555555,0,0,0.0,-2.11,0,0.0,0,-2.24,0.0,1",0,0.000,42.1,-0.1300,-32.7400,-11.1300,-11.1300,0.0,,0,none,19,guide
ACACGAUGGAAUUUGCUGU,AAAGGAUUUGGCUACAAAAACAGCAAAUUCCAUCGUGUAAUCAAGGACUUCAUGAUC,0.9668820678513734,"0.0,-2.24,-11.4,0,0,-178.39999999999995,0.3157894736842105,0,0.2631578947368421,0,0,0.05555555555555555,-2.11,0.0,0,0,0.0,-2.24,0,0.05555555555555555,0,-0.93,0.1111111111111111,0",1,-0.700,42.1,0.0000,-31.4800,-12.2700,-12.2700,0.0,,0,none,19,guide
ACAGUAUUUGUAGUGCCUG,GCCCAGGUGGCCGGCGCUUCAGGCACUACAAAUACUGUGGCAGCAUAUAAUUUAACU,0.85,"0.77,-2.24,-11.4,0,0,-178.14,0.3684210526315789,0,0.2631578947368421,0,0,0.0,-2.11,0.1111111111111111,0,0,0.05555555555555555,-2.11,0,0.05555555555555555,0,-2.24,0.1111111111111111,0",1,-0.600,42.1,0.3200,-31.8000,-9.7900,-9.7900,0.0,,0,none,19,guide
ACAUAGCCUGGACCGUUUC,UACACGGUCCUCCUAUACGGAAACGGUCCAGGCUAUGUGCUCAAGGACGGCGCCCGG,0.2726978998384491,"1.01,-2.24,-11.4,0,0,-189.99,0.2631578947368421,0,0.21052631578947367,0,0,0.05555555555555555,-2.11,0.05555555555555555,0,0,0.1111111111111111,-2.35,0,0.05555555555555555,0,-3.26,0.1111111111111111,0",0,0.000,52.6,0.5600,-35.7100,-13.3000,-13.3000,0.0,,0,none,19,guide
ACCCCAAUACAGAUUCACU,AGAAAAGGCAGCUAAAGGAAGUGAAUCUGUAUUGGGGUACAGGAAUGAACCUUCUGC,0.6210526315789473,"-0.16,-2.24,-11.4,0,0,-180.57,0.21052631578947367,0,0.05263157894736842,0,0,0.0,-3.26,0.05555555555555555,0,0,0.16666666666666666,-2.08,0,0.0,0,-1.1,0.05555555555555555,0",0,0.000,42.1,-0.1600,-32.5900,-13.9200,-13.9200,0.0,,0,none,19,guide
ACCUUUGGUUUAAUGAGGC,GCAGAUGGACUCUGUACGCGCCUCAUUAAACCAAAGGUCAUGGAGGGCACAGUGGCG,0.85,"1.63,-2.24,-11.4,0,0,-175.96999999999997,0.3684210526315789,0,0.2631578947368421,0,0,0.1111111111111111,-3.26,0.05555555555555555,0,0,0.05555555555555555,-3.42,0,0.05555555555555555,0,-1.1,0.2222222222222222,0",1,-2.300,42.1,1.6300,-31.2000,-12.5700,-12.5700,0.0,,0,none,19,guide
ACGAUCUCUUUUUCCGUCA,UUGGAGCACGGAAAGACGAUGACGGAAAAAGAGAUCGUGGAUUACGUCGCCAGUCAA,0.9418416801292409,"-0.13,-2.24,-11.4,0,0,-176.67999999999995,0.42105263157894735,0,0.10526315789473684,0,0,0.0,-2.36,0.0,0,0,0.05555555555555555,-2.11,0,0.0,0,-2.35,0.2222222222222222,1",1,0.000,42.1,-0.1300,-30.8100,-12.5900,-12.5900,0.0,,0,none,19,guide
ACGAUGGAAUUUGCUGUUU,AGAAAGGAUUUGGCUACAAAAACAGCAAAUUCCAUCGUGUAAUCAAGGACUUCAUGA,0.2835218093699515,"-0.86,-2.24,-11.4,0,0,-170.19999999999996,0.42105263157894735,0,0.2631578947368421,0,0,0.05555555555555555,-2.36,0.0,0,0,0.0,-0.93,0,0.05555555555555555,0,-3.42,0.2222222222222222,0",0,-0.500,36.8,-1.3100,-28.9900,-13.5300,-13.5300,0.0,,0,none,19,guide
ACUCAAGGAAAGUCAGUAA,AGAUUAGGGGCUAAAACGAUUACUGACUUUCCUUGAGUAGUUUUUAUCUGAAAUCAA,0.1571082390953151,"-0.86,-2.24,-11.4,0,0,-171.63,0.15789473684210525,0,0.21052631578947367,0,0,0.05555555555555555,-2.08,0.05555555555555555,0,0,0.0,-0.93,0,0.0,0,-2.35,0.0,1",0,0.000,36.8,-1.3100,-30.1300,-12.8100,-12.8100,0.0,,0,none,19,guide
ACUCUUAGUGCCACUGAAG,UGGUCAAGAAGGUGGAGCCCUUCAGUGGCACUAAGAGUGACGUGUACAAGCACUUCA,0.85,"0.74,-2.24,-11.4,0,0,-185.07,0.2631578947368421,0,0.21052631578947367,0,0,0.0,-2.08,0.05555555555555555,0,0,0.05555555555555555,-2.08,0,0.05555555555555555,0,-2.24,0.05555555555555555,0",1,-1.200,47.4,0.2900,-33.8800,-10.8500,-10.8500,0.0,,0,none,19,guide
ACUGGCGACGUAAUCCACG,CGAUGACGGAAAAAGAGAUCGUGGAUUACGUCGCCAGUCAAGUAACAACCGCGAAAA,0.9281098546042004,"0.57,-2.24,-11.4,0,0,-191.98,0.15789473684210525,0,0.2631578947368421,0,0,0.05555555555555555,-2.08,0.05555555555555555,0,0,0.05555555555555555,-2.36,0,0.05555555555555555,0,-1.1,0.0,0",1,0.000,57.9,0.5700,-36.0500,-15.5800,-15.5800,0.0,,0,none,19,guide
ACUGUCUGGCACAUGUUUG,CCAAGACAUACAAUGUAGACAAACAUGUGCCAGACAGUGGAGCCACAGCCACGGCCU,0.9999999999999998,"0.77,-2.24,-11.4,0,0,-185.6,0.3684210526315789,0,0.2631578947368421,0,0,0.05555555555555555,-2.08,0.0,0,0,0.0,-2.11,0,0.05555555555555555,0,-1.1,0.1111111111111111,0",1,0.000,47.4,0.3200,-33.8300,-12.9700,-12.9700,0.0,,0,none,19,guide
ACUGUGGUCAUGAGUCCUU,GACAACUUUGGUAUCGUGGAAGGACUCAUGACCACAGUCCAUGCCAUCACUGCCACC,0.0841680129240711,"-0.86,-2.24,-11.4,0,0,-188.05,0.3684210526315789,0,0.2631578947368421,0,0,0.05555555555555555,-2.08,0.0,0,0,0.05555555555555555,-0.93,0,0.0,0,-2.08,0.05555555555555555,0",0,-1.000,47.4,-1.3100,-34.6000,-14.0400,-14.0400,0.0,,0,none,19,guide
ACUUUUUCGCGGUUGUUAC,GGAUUACGUCGCCAGUCAAGUAACAACCGCGAAAAAGUUGCGCGGAGGAGUUGUGUU,0.9151857835218092,"0.9,-2.24,-11.4,0,0,-169.79,0.4736842105263158,0,0.21052631578947367,0,0,0.05555555555555555,-2.08,0.05555555555555555,0,0,0.0,-2.24,0,0.05555555555555555,0,-0.93,0.3333333333333333,0",1,0.000,42.1,0.4500,-29.7200,-8.1500,-8.1500,0.0,,0,none,19,guide
AGAAUAAGUCUUCUCCAGC,UGGAGCAGUAUAAGAAGGAGCUGGAGAAGACUUAUUCUGCCAAGCUGGACAAUGCCA,0.96,"1.79,-2.08,-10.48,0,0,-182.47,0.2631578947368421,0,0.15789473684210525,0,0,0.0,-2.35,0.05555555555555555,0,0,0.05555555555555555,-3.42,0,0.05555555555555555,0,-2.08,0.05555555555555555,0",1,0.000,42.1,1.7900,-32.1100,-8.7200,-8.7200,0.0,,0,none,19,guide
AGAGACUUAGGCACAAUCU,AAGGAGGUGUUCGCGGGCAAGAUUGUGCCUAAGUCUCUGCUGCUCAAGCCGCACCAG,0.7777059773828758,"0.0,-2.08,-10.48,0,0,-181.33,0.21052631578947367,0,0.21052631578947367,0,0,0.05555555555555555,-2.35,0.05555555555555555,0,0,0.0,-2.08,0,0.05555555555555555,0,-2.24,0.05555555555555555,0",1,0.000,42.1,0.0000,-32.6300,-12.0300,-12.0300,0.0,,0,none,19,guide
AGAUGAUGAGGUUCUUGGC,GCAGCCUGCACAGACAGCCGCCAAGAACCUCAUCAUCUUCCUGGGUGACGGGAUGGG,0.9581583198707596,"1.79,-2.08,-10.48,0,0,-190.65,0.3157894736842105,0,0.3684210526315789,0,0,0.1111111111111111,-2.35,0.0,0,0,0.0,-3.42,0,0.05555555555555555,0,-2.35,0.1111111111111111,0",1,0.000,47.4,1.7900,-33.9200,-11.1200,-11.1200,0.0,,0,none,19,guide
AGAUGCUCUUUCCUCCUGU,CUUCACCAGGGGAGAUGGCACAGGAGGAAAGAGCAUCUACGGUGAGCGCUUCCCCGA,0.8263327948303716,"0.16,-2.08,-10.48,0,0,-188.07,0.42105263157894735,0,0.15789473684210525,0,0,0.0,-2.35,0.0,0,0,0.1111111111111111,-2.24,0,0.05555555555555555,0,-2.08,0.1111111111111111,0",1,0.000,47.4,0.1600,-34.5200,-13.4100,-13.4100,0.0,,0,none,19,guide
AGCCCAGAUCGUCACCACC,UCACCCUGAAGGCUGGGCAGGUGGUGACGAUCUGGGCUGCAGGAGCUGGGGCCACCC,0.92,"1.63,-2.08,-10.48,0,0,-204.93,0.10526315789473684,0,0.15789473684210525,0,0,0.0,-3.42,0.0,0,0,0.2222222222222222,-3.26,0,0.05555555555555555,0,-2.11,0.0,0",1,0.000,63.2,1.6300,-40.2400,-16.4800,-16.4800,0.0,,0,none,19,guide
AGCGAGAACUUGAGGAGAC,UCAGUGCUGGGCGGAGACUGUCUCCUCAAGUUCUCGCUAGAUGUCUGCGAGGCCAUG,0.85,"1.06,-2.08,-10.48,0,0,-193.06,0.10526315789473684,0,0.3684210526315789,0,0,0.05555555555555555,-3.42,0.0,0,0,0.0,-2.24,0,0.05555555555555555,0,-2.08,0.05555555555555555,0",1,0.000,52.6,0.6100,-35.5000,-13.4900,-13.4900,0.0,,0,none,19,guide
AGCGCUCACCGUAGAUGCU,AGAUGGCACAGGAGGAAAGAGCAUCUACGGUGAGCGCUUCCCCGAUGAGAACUUCAA,0.7423263327948304,"0.0,-2.08,-10.48,0,0,-195.81,0.21052631578947367,0,0.2631578947368421,0,0,0.0,-3.42,0.05555555555555555,0,0,0.05555555555555555,-2.08,0,0.16666666666666666,0,-2.08,0.0,0",1,-2.500,57.9,0.0000,-37.7500,-15.7400,-15.7400,0.0,,0,none,19,guide
AGCGGAUAGAAUGGCGCCG,AAAAACAUAAAGAAAGGCCCGGCGCCAUUCUAUCCGCUGGAAGAUGGAACCGCUGGA,0.53,"0.73,-2.08,-10.48,0,0,-198.94999999999996,0.10526315789473684,0,0.42105263157894735,0,0,0.1111111111111111,-3.42,0.05555555555555555,0,0,0.05555555555555555,-2.36,0,0.16666666666666666,0,-3.26,0.0,0",0,-2.500,63.2,0.7300,-38.4100,-13.8200,-13.8200,0.0,,0,none,19,guide
AGCUCCUUCUUAUACUGCU,CAGCAUGAGGACCAGGUGGAGCAGUAUAAGAAGGAGCUGGAGAAGACUUAUUCUGCC,0.84,"0.0,-2.08,-10.48,0,0,-180.09999999999997,0.42105263157894735,0,0.10526315789473684,0,0,0.0,-3.42,0.1111111111111111,0,0,0.05555555555555555,-2.08,0,0.1111111111111111,0,-1.33,0.1111111111111111,0",1,-0.300,42.1,0.0000,-32.7600,-14.1200,-14.1200,0.0,,0,none,19,guide
AGGAUCUCUCUGAUUUUUC,ACCGGAAAACUCGACGCAAGAAAAAUCAGAGAGAUCCUCAUAAAGGCCAAGAAGGGC,0.9256865912762522,"1.17,-2.08,-10.48,0,0,-179.09999999999997,0.4736842105263158,0,0.15789473684210525,0,0,0.05555555555555555,-3.26,0.0,0,0,0.0,-2.35,0,0.0,0,-1.1,0.2222222222222222,0",1,-1.900,36.8,0.7200,-29.6200,-13.4900,-13.4900,0.0,,0,none,19,guide
AGGCACUCUCCUGCAGUGU,GUACAGUUGUACAGGUUGUACACUGCAGGAGAGUGCCUGGCAAAAAGAUCAAAUGGG,0.2105263157894736,"0.16,-2.08,-10.48,0,0,-198.73,0.2631578947368421,0,0.2631578947368421,0,0,0.05555555555555555,-3.26,0.0,0,0,0.05555555555555555,-2.24,0,0.1111111111111111,0,-3.42,0.0,0",0,-3.900,57.9,0.1600,-38.9800,-15.4600,-15.4600,0.0,,0,none,19,guide
AGGCCACAAAAUUAUCCAC,AAAGACUGUUCCAAAAACAGUGGAUAAUUUUGUGGCCUUAGCUACAGGAGAGAAAGG,0.668820678513732,"1.06,-2.08,-10.48,0,0,-178.48999999999995,0.15789473684210525,0,0.10526315789473684,0,0,0.05555555555555555,-3.26,0.05555555555555555,0,0,0.1111111111111111,-2.24,0,0.05555555555555555,0,-1.33,0.05555555555555555,0",0,0.000,42.1,0.6100,-31.6000,-16.4000,-16.4000,0.0,,0,none,19,guide
AGGGGGCAGAGAUGAUGAC,GCAGGGGGGAGCCAAAAGGGUCAUCAUCUCUGCCCCCUCUGCUGAUGCCCCCAUGUU,0.788529886914378,"1.06,-2.08,-10.48,0,0,-203.79,0.10526315789473684,0,0.4736842105263158,0,0,0.2222222222222222,-3.26,0.0,0,0,0.0,-2.24,0,0.05555555555555555,0,-2.11,0.0,0",1,0.000,57.9,0.6100,-38.7800,-18.5700,-18.5700,0.0,,0,none,19,guide
AGGGUUAUUUUUCUUUGGC,UCAUGGGAGGGGGCUUGAAGCCAAAGAAAAAUAACCCUUUGGUUUUUUUCUUCUGUA,0.96,"1.79,-2.08,-10.48,0,0,-167.76999999999995,0.5263157894736842,0,0.2631578947368421,0,0,0.16666666666666666,-3.26,0.05555555555555555,0,0,0.0,-3.42,0,0.05555555555555555,0,-2.08,0.3888888888888889,0",1,0.000,36.8,1.7900,-28.9100,-12.1200,-12.1200,0.0,,0,none,19,guide
AGGUGUGAACUCUGGGGAG,GGGAGCCUCUGUAUGAGAACUCCCCAGAGUUCACACCUUACCUGGAGACAAACCUCG,0.25,"0.9,-2.08,-10.48,0,0,-197.81,0.21052631578947367,0,0.4736842105263158,0,0,0.2222222222222222,-3.26,0.0,0,0,0.0,-2.08,0,0.0,0,-2.11,0.0,0",0,-0.400,57.9,0.4500,-38.3000,-14.3100,-14.3100,0.0,,0,none,19,guide
AGGUGUGCAGGUACCAUGG,GAUACAACAGCAUUUGGGGCCAUGGUACCUGCACACCUAAAACACUAGGCCACGCAU,1.0,"1.63,-2.08,-10.48,0,0,-196.94,0.21052631578947367,0,0.42105263157894735,0,0,0.16666666666666666,-3.26,0.05555555555555555,0,0,0.05555555555555555,-3.26,0,0.05555555555555555,0,-2.24,0.0,0",1,-2.700,57.9,1.6300,-38.6200,-15.3800,-15.3800,0.0,,0,none,19,guide
AGUCUCCGCCCUGGAUCAU,UCGUGUAAUCAAGGACUUCAUGAUCCAGGGCGGAGACUUCACCAGGGGAGAUGGCAC,0.6163166397415186,"-0.53,-2.08,-10.48,0,0,-200.27,0.2631578947368421,0,0.21052631578947367,0,0,0.05555555555555555,-2.24,0.0,0,0,0.16666666666666666,-1.1,0,0.05555555555555555,0,-3.26,0.0,0",0,-1.800,57.9,-0.9800,-38.3300,-14.6400,-14.6400,0.0,,0,none,19,guide
AGUCUUCUCCAGCUCCUUC,ACCAGGUGGAGCAGUAUAAGAAGGAGCUGGAGAAGACUUAUUCUGCCAAGCUGGACA,0.93,"1.17,-2.08,-10.48,0,0,-194.89,0.3684210526315789,0,0.10526315789473684,0,0,0.0,-2.24,0.0,0,0,0.1111111111111111,-2.35,0,0.05555555555555555,0,-2.08,0.1111111111111111,0",1,0.000,52.6,0.7200,-36.2900,-12.0300,-12.0300,0.0,,0,none,19,guide
AGUGCCCAAGCUGGCAUCC,AAGGCCCACACUUCCUGACGGAUGCCAGCUUGGGCACUGCUGUCUACUGACCCCAAC,0.631578947368421,"1.63,-2.08,-10.48,0,0,-204.11,0.15789473684210525,0,0.2631578947368421,0,0,0.05555555555555555,-2.24,0.0,0,0,0.16666666666666666,-3.26,0,0.16666666666666666,0,-3.26,0.0,0",0,-5.800,63.2,1.6300,-40.4600,-16.4000,-16.4000,0.0,,0,none,19,guide
AGUGCUUCAGUUUGAAGUU,UGAGCGCUUCCCCGAUGAGAACUUCAAACUGAAGCACUACGGGCCUGGCUGGGUCAG,0.7835218093699516,"-0.7,-2.08,-10.48,0,0,-170.24999999999997,0.42105263157894735,0,0.2631578947368421,0,0,0.0,-2.24,0.0,0,0,0.0,-0.93,0,0.05555555555555555,0,-2.11,0.2222222222222222,0",1,-4.100,36.8,-1.1500,-29.6500,-13.1300,-13.1300,0.0,,0,none,19,guide
AGUGUCAAAACCCUGUGGA,UCUUGUUUUACCCUAUACAUCCACAGGGUUUUGACACUUGUUGUCCAGUUGAAAAAA,0.6842105263157894,"0.27,-2.08,-10.48,0,0,-182.78000000000003,0.21052631578947367,0,0.2631578947368421,0,0,0.05555555555555555,-2.24,0.0,0,0,0.1111111111111111,-2.35,0,0.0,0,-2.08,0.0,1",0,0.000,47.4,0.2700,-34.1900,-11.9800,-11.9800,0.0,,0,none,19,guide
AGUUGAUAUCCAAGUUAAA,UUCCAGAGAAAGCGUUUAAUUUAACUUGGAUAUCAACUGAUUUCAAGACAAUUUUGG,0.25,"-0.7,-2.08,-10.48,0,0,-160.09999999999997,0.3157894736842105,0,0.15789473684210525,0,0,0.0,-2.24,0.1111111111111111,0,0,0.05555555555555555,-0.93,0,0.0,0,-2.08,0.1111111111111111,1",0,0.000,26.3,-1.1500,-25.8400,-10.0600,-10.0600,0.0,,0,none,19,guide
AGUUUGAAGUUCUCAUCGG,AUCUACGGUGAGCGCUUCCCCGAUGAGAACUUCAAACUGAAGCACUACGGGCCUGGC,0.9119547657512116,"1.63,-2.08,-10.48,0,0,-178.24,0.3684210526315789,0,0.2631578947368421,0,0,0.05555555555555555,-2.24,0.0,0,0,0.0,-3.26,0,0.0,0,-2.35,0.16666666666666666,0",1,0.000,42.1,1.6300,-30.6400,-9.4900,-9.4900,0.0,,0,none,19,guide
AUAAGUCUUCUCCAGCUCC,AGGUGGAGCAGUAUAAGAAGGAGCUGGAGAAGACUUAUUCUGCCAAGCUGGACAAUG,0.95,"2.16,-1.1,-9.38,0,0,-189.04,0.3157894736842105,0,0.10526315789473684,0,0,0.0,-1.33,0.05555555555555555,1,0,0.1111111111111111,-3.26,0,0.05555555555555555,0,-2.11,0.05555555555555555,0",1,0.000,47.4,2.6100,-34.2900,-11.0100,-11.0100,0.0,,0,none,19,guide
AUACAGGACACGAAGCUCC,UACACAAGAACCAGACCCGGGAGCUUCGUGUCCUGUAUGGCCCCCGACUGGACGAGA,0.8210526315789474,"2.16,-1.1,-9.38,0,0,-192.7,0.10526315789473684,0,0.21052631578947367,0,0,0.05555555555555555,-1.33,0.05555555555555555,1,0,0.05555555555555555,-3.26,0,0.05555555555555555,0,-0.93,0.0,0",1,-0.600,52.6,2.6100,-35.9500,-13.3700,-13.3700,0.0,,0,none,19,guide
AUAGCCUGGACCGUUUCCG,CCUACACGGUCCUCCUAUACGGAAACGGUCCAGGCUAUGUGCUCAAGGACGGCGCCC,0.8724555735056545,"1.26,-1.1,-9.38,0,0,-192.18,0.2631578947368421,0,0.2631578947368421,0,0,0.05555555555555555,-1.33,0.05555555555555555,1,0,0.16666666666666666,-2.36,0,0.05555555555555555,0,-2.24,0.1111111111111111,0",1,-1.700,57.9,1.7100,-36.9800,-14.2800,-14.2800,0.0,,0,none,19,guide
AUCAAUAUUGUUCCUGUAU,CAGAAAGACUUGAAGGCGUAUACAGGAACAAUAUUGAUGAUGUAGUAAGGUUUUUGG,0.7263157894736841,"0.0,-1.1,-9.38,0,0,-165.18,0.4736842105263158,0,0.10526315789473684,0,0,0.0,-2.35,0.1111111111111111,1,0,0.05555555555555555,-1.1,0,0.0,0,-3.26,0.1111111111111111,0",1,0.000,26.3,0.0000,-26.0600,-8.9200,-8.9200,0.0,,0,none,19,guide
AUCAUGAAGUCCUUGAUUA,AACAGCAAAUUCCAUCGUGUAAUCAAGGACUUCAUGAUCCAGGGCGGAGACUUCACC,0.934571890145396,"0.23,-1.1,-9.38,0,0,-172.07,0.3684210526315789,0,0.15789473684210525,0,0,0.0,-2.35,0.05555555555555555,1,0,0.05555555555555555,-1.33,0,0.0,0,-0.93,0.1111111111111111,1",1,-0.200,31.6,0.2300,-28.1700,-10.9500,-10.9500,0.0,,0,none,19,guide
AUCCACGAUCUCUUUUUCC,AGCACGGAAAGACGAUGACGGAAAAAGAGAUCGUGGAUUACGUCGCCAGUCAAGUAA,0.9620355411954766,"2.16,-1.1,-9.38,0,0,-181.12999999999997,0.42105263157894735,0,0.05263157894736842,0,0,0.0,-2.35,0.0,1,0,0.1111111111111111,-3.26,0,0.0,0,-0.93,0.2222222222222222,0",1,0.000,42.1,2.6100,-30.7700,-14.6700,-14.6700,0.0,,0,none,19,guide
AUCCUUUAGACACUUGAGC,GGGGGAACCCAUUGCCCGAGCUCAAGUGUCUAAAGGAUGGCACUUUCCCACUGCCCA,0.631578947368421,"2.32,-1.1,-9.38,0,0,-181.39,0.3157894736842105,0,0.15789473684210525,0,0,0.0,-2.35,0.05555555555555555,1,0,0.05555555555555555,-3.42,0,0.05555555555555555,0,-2.08,0.16666666666666666,0",0,0.000,42.1,2.7700,-32.0300,-10.8800,-10.8800,0.0,,0,none,19,guide
AUCGGGGAAGCGCUCACCG,CAGGAGGAAAGAGCAUCUACGGUGAGCGCUUCCCCGAUGAGAACUUCAAACUGAAGC,0.8723747980613894,"1.26,-1.1,-9.38,0,0,-204.23,0.10526315789473684,0,0.3684210526315789,0,0,0.16666666666666666,-2.35,0.0,1,0,0.05555555555555555,-2.36,0,0.1111111111111111,0,-2.08,0.0,0",1,-2.500,68.4,1.7100,-40.6100,-16.8400,-16.8400,0.0,,0,none,19,guide
AUCGUCUUUCCGUGCUCCA,CCCGCCGCCGUUGUUGUUUUGGAGCACGGAAAGACGAUGACGGAAAAAGAGAUCGUG,0.6462035541195478,"0.56,-1.1,-9.38,0,0,-189.31,0.3684210526315789,0,0.15789473684210525,0,0,0.0,-2.35,0.0,1,0,0.1111111111111111,-2.11,0,0.05555555555555555,0,-2.11,0.1111111111111111,1",0,0.000,52.6,1.0100,-35.2400,-12.3100,-12.3100,0.0,,0,none,19,guide
AUCUCCCCUGGUGAAGUCU,ACUUCAUGAUCCAGGGCGGAGACUUCACCAGGGGAGAUGGCACAGGAGGAAAGAGCA,0.9321486268174476,"0.53,-1.1,-9.38,0,0,-194.07,0.3157894736842105,0,0.21052631578947367,0,0,0.05555555555555555,-2.35,0.0,1,0,0.16666666666666666,-2.08,0,0.0,0,-2.35,0.0,0",1,-0.700,52.6,0.9800,-37.0000,-16.5600,-16.5600,0.0,,0,none,19,guide
AUCUUGAGGCUGUUGUCAU,GGUGUGAACCAUGAGAAGUAUGACAACAGCCUCAAGAUCAUCAGCAAUGCCUCCUGC,0.6953957996768982,"0.0,-1.1,-9.38,0,0,-182.94,0.42105263157894735,0,0.2631578947368421,0,0,0.05555555555555555,-2.35,0.0,1,0,0.0,-1.1,0,0.05555555555555555,0,-0.93,0.1111111111111111,0",0,-2.000,42.1,0.0000,-32.1600,-11.9000,-11.9000,0.0,,0,none,19,guide
AUCUUUUGCCCUUCUGGCG,AGUAUGGUUCUGUAACCGGCGCCAGAAGGGCAAAAGAUCAAGUAUUGAGUAUUCCCA,0.85,"1.26,-1.1,-9.38,0,0,-187.1,0.42105263157894735,0,0.21052631578947367,0,0,0.05555555555555555,-2.35,0.0,1,0,0.1111111111111111,-2.36,0,0.1111111111111111,0,-2.35,0.2222222222222222,0",1,-3.300,52.6,1.7100,-34.8700,-9.3300,-9.3300,0.0,,0,none,19,guide
AUGAAGAAUGUAUUUACCC,GACAAAAUGUUUCACUUUUGGGUAAAUACAUUCUUCAUACCAGGACCAGAGGAAACC,0.9473684210526316,"2.16,-1.1,-9.38,0,0,-169.28999999999996,0.3157894736842105,0,0.15789473684210525,0,0,0.0,-2.11,0.1111111111111111,1,0,0.1111111111111111,-3.26,0,0.0,0,-0.93,0.1111111111111111,0",1,0.000,31.6,2.6100,-27.5400,-10.7500,-10.7500,0.0,,0,none,19,guide
AUGAGAGCCGUACGCAGGC,ACCUGGGGCUGCGGGAACAGCCUGCGUACGGCUCUCAUCAACUCCACUGGGGAAGAG,0.97,"2.32,-1.1,-9.38,0,0,-202.44,0.10526315789473684,0,0.3684210526315789,0,0,0.05555555555555555,-2.11,0.05555555555555555,1,0,0.05555555555555555,-3.42,0,0.16666666666666666,0,-2.36,0.0,0",1,-3.200,63.2,2.7700,-39.4800,-14.3900,-14.3900,0.0,,0,none,19,guide
AUGAGGCGUGUUGAGUCAU,AGCGUGGGGGUGCUCUUCAAUGACUCAACACGCCUCAUCCUCUACAAUGAUGGUGAC,0.6960420032310178,"0.0,-1.1,-9.38,0,0,-187.68,0.3157894736842105,0,0.3684210526315789,0,0,0.05555555555555555,-2.11,0.0,1,0,0.0,-1.1,0,0.05555555555555555,0,-2.35,0.05555555555555555,0",0,-1.800,47.4,0.0000,-33.9000,-15.5800,-15.5800,0.0,,0,none,19,guide
AUGCUCUUUCCUCCUGUGC,GACUUCACCAGGGGAGAUGGCACAGGAGGAAAGAGCAUCUACGGUGAGCGCUUCCCC,0.9579967689822296,"2.32,-1.1,-9.38,0,0,-194.19,0.42105263157894735,0,0.15789473684210525,0,0,0.0,-2.11,0.0,1,0,0.1111111111111111,-3.42,0,0.1111111111111111,0,-3.26,0.1111111111111111,0",1,0.000,52.6,2.7700,-36.1700,-12.9700,-12.9700,0.0,,0,none,19,guide
AUGGCUGCAGCUUCCGAGA,XXXXXXXXXXGUUCUCUCCUCUCGGAAGCUGCAGCCAUGAUGGAAGUUUGAGAGUUG,0.631578947368421,"0.8,-1.1,-9.38,0,0,-197.76999999999995,0.21052631578947367,0,0.3157894736842105,0,0,0.05555555555555555,-2.11,0.0,1,0,0.05555555555555555,-2.35,0,0.16666666666666666,0,-2.35,0.05555555555555555,1",0,-0.900,57.9,1.2500,-38.2300,-16.4000,-16.4000,0.0,,0,none,19,guide
AUGUCAUACUUAGCUGUAA,GCCAAGUUUGACCCACGUGUUACAGCUAAGUAUGACAUCAAGGCCCUAAUUGGCCGA,0.25,"-0.17,-1.1,-9.38,0,0,-168.7,0.3684210526315789,0,0.15789473684210525,0,0,0.0,-2.11,0.16666666666666666,1,0,0.0,-0.93,0,0.05555555555555555,0,-3.42,0.05555555555555555,1",0,-0.500,31.6,-0.1700,-28.4700,-11.2400,-11.2400,0.0,,0,none,19,guide
AUGUUUCAAGCCCAUUCUU,AAUGUGGAGGCUAUCAACAAAGAAUGGGCUUGAAACAUUAUAAAAAUUGACAAUGAU,0.631578947368421,"-0.17,-1.1,-9.38,0,0,-172.02999999999997,0.42105263157894735,0,0.10526315789473684,0,0,0.0,-2.11,0.0,1,0,0.1111111111111111,-0.93,0,0.05555555555555555,0,-2.11,0.2222222222222222,0",0,0.000,36.8,-0.1700,-29.5800,-10.6700,-10.6700,0.0,,0,none,19,guide
AUUAAAUUUGGCGGUGUCA,UUUGUGCUGAAAGACAUUAUGACACCGCCAAAUUUAAUUGCAGAGUUGCACAAUAUC,0.8947368421052632,"0.56,-1.1,-9.38,0,0,-168.36,0.3684210526315789,0,0.2631578947368421,0,0,0.1111111111111111,-0.93,0.05555555555555555,1,0,0.0,-2.11,0,0.05555555555555555,0,-3.26,0.16666666666666666,1",1,-0.400,36.8,1.0100,-29.0000,-6.1500,-6.1500,0.0,,0,none,19,guide
AUUAAGACGACUCGAAAUC,CUCGGAUAUUUGAUAUGUGGAUUUCGAGUCGUCUUAAUGUAUAGAUUUGAAGAAGAG,0.99,"1.7,-1.1,-9.38,0,0,-173.64,0.21052631578947367,0,0.15789473684210525,0,0,0.0,-0.93,0.05555555555555555,1,0,0.0,-2.35,0,0.0,0,-2.36,0.05555555555555555,0",1,0.000,36.8,1.7000,-28.4200,-9.8600,-9.8600,0.0,,0,none,19,guide
AUUAGAUAAAUCGUAUUUG,CCAAAAGCACUCUGAUUGACAAAUACGAUUUAUCUAAUUUACACGAAAUUGCUUCUG,0.8200000000000001,"1.46,-1.1,-9.38,0,0,-155.2,0.42105263157894735,0,0.15789473684210525,0,0,0.0,-0.93,0.16666666666666666,1,0,0.0,-2.11,0,0.0,0,-2.24,0.16666666666666666,0",1,0.000,21.1,1.4600,-22.4400,-9.1200,-9.1200,0.0,,0,none,19,guide
AUUAUCCACUGUUUUUGGA,GUCUCUUCGGAAAGACUGUUCCAAAAACAGUGGAUAAUUUUGUGGCCUUAGCUACAG,0.8327948303715671,"0.8,-1.1,-9.38,0,0,-165.76,0.4736842105263158,0,0.15789473684210525,0,0,0.05555555555555555,-0.93,0.05555555555555555,1,0,0.05555555555555555,-2.35,0,0.0,0,-0.93,0.2777777777777778,1",1,-1.800,31.6,1.2500,-27.5000,-11.0800,-11.0800,0.0,,0,none,19,guide
AUUCAUUAAAACCGGGAGG,GUUCGUCACAUCUCAUCUACCUCCCGGUUUUAAUGAAUACGAUUUUGUGCCAGAGUC,0.72,"2.16,-1.1,-9.38,0,0,-174.62,0.21052631578947367,0,0.2631578947368421,0,0,0.16666666666666666,-0.93,0.05555555555555555,1,0,0.05555555555555555,-3.26,0,0.0,0,-2.36,0.1111111111111111,0",1,-0.500,42.1,2.6100,-30.7700,-8.7500,-8.7500,0.0,,0,none,19,guide
AUUGAGCUCCUGCAGGUCC,CCCGGCUGCAGGAGAAGGAGGACCUGCAGGAGCUCAAUGAUCGCUUGGCGGUCUACA,0.45,"2.16,-1.1,-9.38,0,0,-200.76,0.2631578947368421,0,0.2631578947368421,0,0,0.05555555555555555,-0.93,0.0,1,0,0.1111111111111111,-3.26,0,0.1111111111111111,0,-2.11,0.05555555555555555,0",0,-1.400,57.9,2.6100,-38.6500,-12.9700,-12.9700,0.0,,0,none,19,guide
AUUUCUUCUCUCUCAGGGC,CAAGUGGACAGCCCCUGAGGCCCUGAGAGAGAAGAAAUUCUCCACUAAGUCUGACGU,0.85,"2.32,-1.1,-9.38,0,0,-189.21,0.42105263157894735,0,0.15789473684210525,0,0,0.1111111111111111,-0.93,0.0,1,0,0.0,-3.42,0,0.05555555555555555,0,-2.35,0.16666666666666666,0",1,-0.300,47.4,2.7700,-34.0000,-9.5700,-9.5700,0.0,,0,none,19,guide
AUUUGCUGUUUUUGUAGCC,UACAGGAGAGAAAGGAUUUGGCUACAAAAACAGCAAAUUCCAUCGUGUAAUCAAGGA,0.8497576736672052,"2.16,-1.1,-9.38,0,0,-168.89,0.5263157894736842,0,0.21052631578947367,0,0,0.0,-0.93,0.05555555555555555,1,0,0.05555555555555555,-3.26,0,0.1111111111111111,0,-2.11,0.3333333333333333,0",1,-2.000,36.8,2.6100,-28.7900,-11.5800,-11.5800,0.0,,0,none,19,guide
AUUUGUACCAUUCUUCUGC,UGCCAAGAACCUGCAGGAGGCAGAAGAAUGGUACAAAUCCAAGUUUGCUGACCUCUC,0.85,"2.32,-1.1,-9.38,0,0,-174.62999999999997,0.4736842105263158,0,0.10526315789473684,0,0,0.0,-0.93,0.05555555555555555,1,0,0.05555555555555555,-3.42,0,0.05555555555555555,0,-2.08,0.2222222222222222,0",1,0.000,36.8,2.7700,-29.5100,-9.7800,-9.7800,0.0,,0,none,19,guide
AUUUUUCUUGCGUCGAGUU,CCGAAAGGUCUUACCGGAAAACUCGACGCAAGAAAAAUCAGAGAGAUCCUCAUAAAG,0.9531502423263328,"-0.17,-1.1,-9.38,0,0,-166.93,0.5263157894736842,0,0.21052631578947367,0,0,0.0,-0.93,0.0,1,0,0.0,-0.93,0,0.05555555555555555,0,-2.35,0.3333333333333333,0",1,-0.100,36.8,-0.1700,-27.9800,-8.1500,-8.1500,0.0,,0,none,19,guide
CAAAACAACAACGGCGGCG,AUGACGCCGGUGAACUUCCCGCCGCCGUUGUUGUUUUGGAGCACGGAAAGACGAUGA,0.5,"-0.2,-2.11,-10.44,0,0,-184.47,0.0,0,0.2631578947368421,0,0,0.1111111111111111,-0.93,0.0,0,1,0.0,-2.36,0,0.1111111111111111,0,-3.26,0.0,0",0,0.000,57.9,0.2500,-34.5500,-8.0700,-8.0700,0.0,,0,none,19,guide
CAAAAUUAUCCACUGUUUU,CUUCGGAAAGACUGUUCCAAAAACAGUGGAUAAUUUUGUGGCCUUAGCUACAGGAGA,0.624394184168013,"-1.63,-2.11,-10.44,0,0,-157.29,0.42105263157894735,0,0.05263157894736842,0,0,0.0,-0.93,0.05555555555555555,0,1,0.05555555555555555,-0.93,0,0.0,0,-2.08,0.2222222222222222,0",0,0.000,26.3,-1.6300,-24.4000,-6.1500,-6.1500,0.0,,0,none,19,guide
CAAAUAUCCGAGUGUAGUA,AUCACGGUUUUGGAAUGUUUACUACACUCGGAUAUUUGAUAUGUGGAUUUCGAGUCG,0.5364297253634895,"-1.23,-2.11,-10.44,0,0,-173.09,0.2631578947368421,0,0.21052631578947367,0,0,0.0,-0.93,0.16666666666666666,0,1,0.05555555555555555,-1.33,0,0.0,0,-2.11,0.0,1",0,0.000,36.8,-1.2300,-29.3800,-7.7400,-7.7400,0.0,,0,none,19,guide
CAAAUCCUUUCUCUCCUGU,UAAUUUUGUGGCCUUAGCUACAGGAGAGAAAGGAUUUGGCUACAAAAACAGCAAAUU,0.910339256865913,"-0.77,-2.11,-10.44,0,0,-180.07,0.42105263157894735,0,0.05263157894736842,0,0,0.0,-0.93,0.0,0,1,0.1111111111111111,-2.24,0,0.0,0,-2.08,0.1111111111111111,0",1,0.000,42.1,-0.3200,-31.4300,-10.6500,-10.6500,0.0,,0,none,19,guide
CAACAACGGCGGCGGGAAG,CGACGAUGACGCCGGUGAACUUCCCGCCGCCGUUGUUGUUUUGGAGCACGGAAAGAC,0.6058158319870761,"-0.03,-2.11,-10.44,0,0,-198.69,0.0,0,0.42105263157894735,0,0,0.2222222222222222,-0.93,0.0,0,1,0.0,-2.08,0,0.1111111111111111,0,-2.36,0.0,0",0,-0.600,68.4,-0.0300,-39.2900,-10.8100,-10.8100,0.0,,0,none,19,guide
CAACUUUUUCGCGGUUGUU,AUUACGUCGCCAGUCAAGUAACAACCGCGAAAAAGUUGCGCGGAGGAGUUGUGUUUG,0.1785137318255251,"-1.63,-2.11,-10.44,0,0,-167.95999999999995,0.4736842105263158,0,0.21052631578947367,0,0,0.05555555555555555,-0.93,0.0,0,1,0.0,-0.93,0,0.05555555555555555,0,-3.26,0.3333333333333333,0",0,-2.000,42.1,-1.6300,-28.9900,-8.0400,-8.0400,0.0,,0,none,19,guide
CACAAAAUUAUCCACUGUU,UCGGAAAGACUGUUCCAAAAACAGUGGAUAAUUUUGUGGCCUUAGCUACAGGAGAGA,0.3562197092084006,"-1.63,-2.11,-10.44,0,0,-165.49,0.3157894736842105,0,0.05263157894736842,0,0,0.0,-2.24,0.05555555555555555,0,1,0.05555555555555555,-0.93,0,0.0,0,-2.11,0.1111111111111111,0",0,0.000,31.6,-1.6300,-27.0900,-8.2400,-8.2400,0.0,,0,none,19,guide
CACAUAGCGCCUCUGACUG,AAAAGGGAGUAACUAUUCCCAGUCAGAGGCGCUAUGUGUAUUAUUAUAGCUACCUGU,0.9789473684210526,"0.0,-2.11,-10.44,0,0,-198.61,0.21052631578947367,0,0.21052631578947367,0,0,0.0,-2.24,0.05555555555555555,0,1,0.05555555555555555,-2.11,0,0.1111111111111111,0,-2.08,0.0,0",1,0.000,57.9,0.0000,-37.0400,-12.2800,-12.2800,0.0,,0,none,19,guide
CACAUCCACCUCGAAACUG,UGCUGAGCAAGAAAGAGCACAGUUUCGAGGUGGAUGUGUGGUCCAUUGGGUGUAUCA,0.6490306946688207,"0.0,-2.11,-10.44,0,0,-191.07,0.15789473684210525,0,0.10526315789473684,0,0,0.0,-2.24,0.0,0,1,0.1111111111111111,-2.11,0,0.0,0,-2.35,0.0,0",0,0.000,52.6,0.0000,-34.6200,-13.1700,-13.1700,0.0,,0,none,19,guide
CACAUCCUUCACGAUCUCG,CCGAGUGCGACCUCACAGACGAGAUCGUGAAGGAUGUGACCUGGGCCUAUGAAGCAA,0.25,"-0.2,-2.11,-10.44,0,0,-193.92,0.2631578947368421,0,0.10526315789473684,0,0,0.0,-2.24,0.0,0,1,0.05555555555555555,-2.36,0,0.0,0,-2.35,0.05555555555555555,0",0,0.000,52.6,0.2500,-34.4400,-13.1400,-13.1400,0.0,,0,none,19,guide
CACCGUAGAUGCUCUUUCC,CAGGGGAGAUGGCACAGGAGGAAAGAGCAUCUACGGUGAGCGCUUCCCCGAUGAGAA,0.9781906300484652,"0.7,-2.11,-10.44,0,0,-191.84,0.3157894736842105,0,0.15789473684210525,0,0,0.0,-2.24,0.05555555555555555,0,1,0.1111111111111111,-3.26,0,0.05555555555555555,0,-2.35,0.1111111111111111,0",1,0.000,52.6,1.1500,-35.1900,-13.5100,-13.5100,0.0,,0,none,19,guide
CACGAUACCAAAGUUGUCA,CCCUGGCCAAGGUCAUCCAUGACAACUUUGGUAUCGUGGAAGGACUCAUGACCACAG,0.5719709208400646,"-0.9,-2.11,-10.44,0,0,-176.95000000000005,0.21052631578947367,0,0.15789473684210525,0,0,0.0,-2.24,0.05555555555555555,0,1,0.05555555555555555,-2.11,0,0.0,0,-2.24,0.05555555555555555,1",0,-1.500,42.1,-0.4500,-31.0800,-11.6200,-11.6200,0.0,,0,none,19,guide
CACUUCAGUUGGUGACAGA,GAAUUUUUUCCUUUUGUGUUCUGUCACCAACUGAAGUGGCUAAAGAGCUUUGUGAUA,0.4736842105263157,"-0.66,-2.11,-10.44,0,0,-186.26,0.2631578947368421,0,0.2631578947368421,0,0,0.05555555555555555,-2.24,0.0,0,1,0.0,-2.35,0,0.0,0,-2.11,0.1111111111111111,1",0,-3.000,47.4,-0.2100,-33.8300,-11.7900,-11.7900,0.0,,0,none,19,guide
CAGAAGUCCGGGUUCUCCU,GGCAUCAUCCCAGUUGAGGAGGAGAACCCGGACUUCUGGAACCGCCAGGCAGCCGAG,0.9285714285714286,"-0.93,-2.11,-10.44,0,0,-195.43,0.2631578947368421,0,0.2631578947368421,0,0,0.1111111111111111,-2.08,0.0,0,1,0.1111111111111111,-2.08,0,0.0,0,-0.93,0.05555555555555555,0",1,-1.200,57.9,-0.4800,-37.6300,-12.0300,-12.0300,0.0,,0,none,19,guide
CAGAAUAAGUCUUCUCCAG,GGAGCAGUAUAAGAAGGAGCUGGAGAAGACUUAUUCUGCCAAGCUGGACAAUGCCAG,0.98,"-0.03,-2.11,-10.44,0,0,-181.75,0.2631578947368421,0,0.15789473684210525,0,0,0.0,-2.08,0.05555555555555555,0,1,0.05555555555555555,-2.08,0,0.0,0,-2.35,0.05555555555555555,0",1,-0.400,42.1,-0.0300,-31.1500,-8.7200,-8.7200,0.0,,0,none,19,guide
CAGAUACCGGACGCCAUCC,GGGUGCUGCAGAUGGUGCUGGAUGGCGUCCGGUAUCUGCAUGCACUGGGCAUCACAC,0.25,"0.7,-2.11,-10.44,0,0,-204.04,0.10526315789473684,0,0.21052631578947367,0,0,0.05555555555555555,-2.08,0.05555555555555555,0,1,0.16666666666666666,-3.26,0,0.05555555555555555,0,-3.42,0.0,0",0,-0.400,63.2,1.1500,-38.7500,-12.3600,-12.3600,0.0,,0,none,19,guide
CAGCCAUUCCUGCACCAGA,CCAGGCUGGACGGGAAGAAUCUGGUGCAGGAAUGGCUGGCGAAGCACCAGGGUGCCC,0.4081632653061225,"-0.66,-2.11,-10.44,0,0,-198.72,0.15789473684210525,0,0.15789473684210525,0,0,0.0,-2.08,0.0,0,1,0.16666666666666666,-2.35,0,0.1111111111111111,0,-2.11,0.05555555555555555,1",0,-0.300,57.9,-0.2100,-38.4400,-12.9000,-12.9000,0.0,,0,none,19,guide
CAGCUCCUUCUUAUACUGC,AGCAUGAGGACCAGGUGGAGCAGUAUAAGAAGGAGCUGGAGAAGACUUAUUCUGCCA,0.8200000000000001,"0.86,-2.11,-10.44,0,0,-187.5,0.3684210526315789,0,0.10526315789473684,0,0,0.0,-2.08,0.1111111111111111,0,1,0.05555555555555555,-3.42,0,0.1111111111111111,0,-1.1,0.1111111111111111,0",1,0.000,47.4,1.3100,-33.8900,-15.2700,-15.2700,0.0,,0,none,19,guide
CAGGCAGGAGCAACUCCUU,AGAGACCCCGUUGCCUAAAAAGGAGUUGCUCCUGCCUGGGAACAACCGGAAGGUGUA,0.0526315789473685,"-1.63,-2.11,-10.44,0,0,-196.24,0.15789473684210525,0,0.2631578947368421,0,0,0.1111111111111111,-2.08,0.0,0,1,0.05555555555555555,-0.93,0,0.1111111111111111,0,-2.24,0.05555555555555555,0",0,-4.600,57.9,-1.6300,-38.2100,-16.2100,-16.2100,0.0,,0,none,19,guide
CAGUAUUACUGCACACGUC,ACGAGGGCACCCAGCGGCUGACGUGUGCAGUAAUACUGGGGAACCAGAGCCAGGAGA,0.5263157894736843,"0.24,-2.11,-10.44,0,0,-185.65,0.2631578947368421,0,0.15789473684210525,0,0,0.0,-2.08,0.1111111111111111,0,1,0.0,-2.35,0,0.05555555555555555,0,-2.24,0.05555555555555555,0",0,-0.900,47.4,0.2400,-33.0300,-9.0100,-9.0100,0.0,,0,none,19,guide
CAGUCGGGGGACCGGGGCA,AAGUCAGUAUGCACACCCCUGCCCCGGUCCCCCGACUGCUGGCCACACGGAGCCUCC,0.25,"-0.9,-2.11,-10.44,0,0,-214.98999999999995,0.05263157894736842,0,0.5263157894736842,0,0,0.3888888888888889,-2.08,0.0,0,1,0.05555555555555555,-2.11,0,0.05555555555555555,0,-2.36,0.0,1",0,-4.400,78.9,-0.4500,-45.4100,-15.5500,-15.5500,0.0,,0,none,19,guide
CAGUGCCAGGUGGACCUGG,UGUUCCCAGUCUCGGAGGCCCAGGUCCACCUGGCACUGGGGGACCAGAGGUUGAACC,0.431578947368421,"0.7,-2.11,-10.44,0,0,-208.5,0.15789473684210525,0,0.42105263157894735,0,0,0.16666666666666666,-2.08,0.0,0,1,0.1111111111111111,-3.26,0,0.05555555555555555,0,-2.35,0.0,0",0,-6.500,68.4,1.1500,-41.9900,-15.2200,-15.2200,0.0,,0,none,19,guide
CAGUUGUAUGUCCUCAUGG,UGGGGGAGACAUAGCCCCACCAUGAGGACAUACAACUGGGAAAUACUGAAACUUGCU,0.8210526315789474,"0.7,-2.11,-10.44,0,0,-188.68,0.3684210526315789,0,0.2631578947368421,0,0,0.05555555555555555,-2.08,0.05555555555555555,0,1,0.05555555555555555,-3.26,0,0.0,0,-2.08,0.05555555555555555,0",1,-0.500,47.4,1.1500,-33.7200,-10.9300,-10.9300,0.0,,0,none,19,guide
CAUGAAGUCCUUGAUUACA,AAAACAGCAAAUUCCAUCGUGUAAUCAAGGACUUCAUGAUCCAGGGCGGAGACUUCA,0.7407108239095317,"-0.9,-2.11,-10.44,0,0,-175.81,0.3157894736842105,0,0.15789473684210525,0,0,0.0,-1.1,0.05555555555555555,0,1,0.05555555555555555,-2.11,0,0.0,0,-2.35,0.1111111111111111,1",1,0.000,36.8,-0.4500,-29.7700,-10.8100,-10.8100,0.0,,0,none,19,guide
CAUGACGUGCGCUAUGAAG,ACGGCGUGCAGGAGCAGACCUUCAUAGCGCACGUCAUGGCCUUCGCCGCCUGCCUGG,0.3578352180936996,"-0.03,-2.11,-10.44,0,0,-191.1,0.21052631578947367,0,0.3157894736842105,0,0,0.0,-1.1,0.05555555555555555,0,1,0.0,-2.08,0,0.1111111111111111,0,-1.33,0.0,0",0,-0.300,52.6,-0.0300,-34.2100,-12.4000,-12.4000,0.0,,0,none,19,guide
CAUGUCUCCAGGCUCAAAG,UGACCCAUCUCAUGGGUCUCUUUGAGCCUGGAGACAUGAAAUACGAGAUCCACCGAG,0.8865261613530712,"-0.03,-2.11,-10.44,0,0,-193.47,0.21052631578947367,0,0.21052631578947367,0,0,0.05555555555555555,-1.1,0.0,0,1,0.05555555555555555,-2.08,0,0.05555555555555555,0,-2.08,0.0,0",1,-0.600,52.6,-0.0300,-35.3600,-12.2300,-12.2300,0.0,,0,none,19,guide
CAUUACACCAGUUCGUCCC,UUCACUGUAAAGCUGGAAAGGGACGAACUGGUGUAAUGAUAUGUGCAUAUUUAUUAC,1.0,"0.7,-2.11,-10.44,0,0,-190.19,0.2631578947368421,0,0.10526315789473684,0,0,0.0,-1.1,0.05555555555555555,0,1,0.16666666666666666,-3.26,0,0.0,0,-2.35,0.1111111111111111,0",1,0.000,52.6,1.1500,-35.1100,-9.9500,-9.9500,0.0,,0,none,19,guide
CAUUGUUGCUGUGUUUCUU,UAAAAAUAAUGUCAUAGGUAAGAAACACAGCAACAAUGACUUAACCAUAUAAAUGUG,0.5263157894736843,"-1.63,-2.11,-10.44,0,0,-170.82999999999996,0.5789473684210527,0,0.21052631578947367,0,0,0.0,-1.1,0.0,0,1,0.0,-0.93,0,0.05555555555555555,0,-2.24,0.2777777777777778,0",0,0.000,36.8,-1.6300,-28.8600,-9.4200,-9.4200,0.0,,0,none,19,guide
CCAAAACAACAACGGCGGC,UGACGCCGGUGAACUUCCCGCCGCCGUUGUUGUUUUGGAGCACGGAAAGACGAUGAC,0.3360258481421648,"0.16,-3.26,-13.39,0,0,-187.22,0.0,0,0.21052631578947367,0,0,0.1111111111111111,-2.11,0.0,0,1,0.05555555555555555,-3.42,1,0.1111111111111111,0,-2.36,0.0,0",0,0.000,57.9,0.1600,-35.4500,-9.2500,-9.2500,0.0,,0,none,19,guide
CCACAAACACAACUCCUCC,AACCGCGAAAAAGUUGCGCGGAGGAGUUGUGUUUGUGGACGAAGUACCGAAAGGUCU,0.977382875605816,"0.0,-3.26,-13.39,0,0,-190.22,0.10526315789473684,0,0.0,0,0,0.0,-2.11,0.0,0,1,0.16666666666666666,-3.26,1,0.0,0,-2.08,0.0,0",1,0.000,52.6,0.0000,-35.2400,-10.5600,-10.5600,0.0,,0,none,19,guide
CCACGAUCUCUUUUUCCGU,GGAGCACGGAAAGACGAUGACGGAAAAAGAGAUCGUGGAUUACGUCGCCAGUCAAGU,0.6995153473344105,"-1.47,-3.26,-13.39,0,0,-181.35,0.42105263157894735,0,0.10526315789473684,0,0,0.0,-2.11,0.0,0,1,0.1111111111111111,-2.24,1,0.0,0,-0.93,0.2222222222222222,0",0,0.000,47.4,-1.4700,-32.2700,-12.5100,-12.5100,0.0,,0,none,19,guide
CCACUCCAAAAUUGUCUUG,CUUGGAAAUCAACUAAUUUCAAGACAAUUUUGGAGUGGGAACCCAAACCCGUCAAUC,0.25,"-0.7,-3.26,-13.39,0,0,-177.04999999999995,0.3157894736842105,0,0.10526315789473684,0,0,0.0,-2.11,0.0,0,1,0.1111111111111111,-2.11,1,0.0,0,-2.11,0.1111111111111111,0",0,0.000,42.1,-1.1500,-30.4600,-14.1500,-14.1500,0.0,,0,none,19,guide
CCACUCUGUUCAGUGUGGC,CCAUAUUGGUGGCAGUGGUGCCACACUGAACAGAGUGGAAGACAUAUGCCAUGCAGC,0.431578947368421,"0.16,-3.26,-13.39,0,0,-198.99,0.3157894736842105,0,0.2631578947368421,0,0,0.05555555555555555,-2.11,0.0,0,1,0.05555555555555555,-3.42,1,0.05555555555555555,0,-2.24,0.05555555555555555,0",0,-4.900,57.9,0.1600,-37.7300,-12.9700,-12.9700,0.0,,0,none,19,guide
CCAGAUUAAUAACUGUAGC,ACACACCUUUCUUUAGCAUGCUACAGUUAUUAAUCUGGACAUUCGAGGAAUUGGCCG,0.6,"0.16,-3.26,-13.39,0,0,-174.51,0.2631578947368421,0,0.15789473684210525,0,0,0.0,-2.11,0.16666666666666666,0,1,0.05555555555555555,-3.42,1,0.05555555555555555,0,-2.08,0.05555555555555555,0",0,-0.800,36.8,0.1600,-29.3600,-9.9000,-9.9000,0.0,,0,none,19,guide
CCAGCGGUUCCAUCUUCCA,CCGGCGCCAUUCUAUCCGCUGGAAGAUGGAACCGCUGGAGAGCAACUGCAUAAGGCU,0.0999999999999999,"-1.6,-3.26,-13.39,0,0,-195.77,0.2631578947368421,0,0.15789473684210525,0,0,0.05555555555555555,-2.11,0.0,0,1,0.16666666666666666,-2.11,1,0.05555555555555555,0,-2.35,0.1111111111111111,1",0,0.000,57.9,-1.6000,-37.4700,-15.4700,-15.4700,0.0,,0,none,19,guide
CCAGCUCCUUCUUAUACUG,GCAUGAGGACCAGGUGGAGCAGUAUAAGAAGGAGCUGGAGAAGACUUAUUCUGCCAA,0.95,"-0.7,-3.26,-13.39,0,0,-186.01,0.3684210526315789,0,0.10526315789473684,0,0,0.0,-2.11,0.1111111111111111,0,1,0.1111111111111111,-2.11,1,0.05555555555555555,0,-1.33,0.1111111111111111,0",1,0.000,47.4,-1.1500,-33.7300,-15.3000,-15.3000,0.0,,0,none,19,guide
CCAGCUUGCGCAUGGCCAC,CAACUCCACUGGGGAAGAGGUGGCCAUGCGCAAGCUGGUGCGCUCAGUGACUGUGGU,0.74,"-0.57,-3.26,-13.39,0,0,-207.48,0.15789473684210525,0,0.2631578947368421,0,0,0.05555555555555555,-2.11,0.0,0,1,0.1111111111111111,-2.24,1,0.2222222222222222,0,-2.11,0.05555555555555555,0",1,-3.300,68.4,-1.0200,-41.2100,-12.7300,-12.7300,0.0,,0,none,19,guide
CCAUCUCCCCUGGUGAAGU,UUCAUGAUCCAGGGCGGAGACUUCACCAGGGGAGAUGGCACAGGAGGAAAGAGCAUC,0.5630048465266559,"-1.47,-3.26,-13.39,0,0,-198.7,0.2631578947368421,0,0.21052631578947367,0,0,0.05555555555555555,-2.11,0.0,0,1,0.2222222222222222,-2.24,1,0.0,0,-2.24,0.0,0",0,-3.200,57.9,-1.4700,-38.2900,-13.2500,-13.2500,0.0,,0,none,19,guide
CCAUUCCUGCACCAGAUUC,GGACCAGGCUGGACGGGAAGAAUCUGGUGCAGGAAUGGCUGGCGAAGCACCAGGGUG,0.6820892815930897,"-0.46,-3.26,-13.39,0,0,-195.28,0.2631578947368421,0,0.10526315789473684,0,0,0.0,-2.11,0.0,0,1,0.16666666666666666,-2.35,1,0.05555555555555555,0,-2.11,0.1111111111111111,0",0,-0.300,52.6,-0.9100,-35.5600,-11.8300,-11.8300,0.0,,0,none,19,guide
CCCAAGCUGGCAUCCGUCA,CACAAAGGCCCACACUUCCUGACGGAUGCCAGCUUGGGCACUGCUGUCUACUGACCC,0.5157894736842106,"-1.6,-3.26,-13.39,0,0,-201.83,0.15789473684210525,0,0.21052631578947367,0,0,0.05555555555555555,-3.26,0.0,0,1,0.16666666666666666,-2.11,1,0.1111111111111111,0,-2.35,0.0,1",0,-1.600,63.2,-1.6000,-39.5200,-13.8800,-13.8800,0.0,,0,none,19,guide
CCCACCUUGUUUUUGGCUU,AAGGACCCCAACUGGUACAAAGCCAAAAACAAGGUGGGCCGUGAGGGCAUCAUCCCA,0.25,"-2.33,-3.26,-13.39,0,0,-177.10999999999993,0.4736842105263158,0,0.15789473684210525,0,0,0.05555555555555555,-3.26,0.0,0,1,0.16666666666666666,-0.93,1,0.05555555555555555,0,-0.93,0.3333333333333333,0",0,-1.000,47.4,-2.7800,-32.8700,-13.8800,-13.8800,0.0,,0,none,19,guide
CCCACUGGCUGCCAAGAGG,GUGGAACUGGCACCCCUCCCCUCUUGGCAGCCAGUGGGCAAGAACCUUACCCUACGC,0.4,"0.0,-3.26,-13.39,0,0,-207.43999999999997,0.10526315789473684,0,0.3157894736842105,0,0,0.1111111111111111,-3.26,0.0,0,1,0.16666666666666666,-3.26,1,0.1111111111111111,0,-2.11,0.0,0",0,-1.000,68.4,0.0000,-41.6300,-15.0600,-15.0600,0.0,,0,none,19,guide
CCCAGGAAGAUGAUGAGGU,GCACAGACAGCCGCCAAGAACCUCAUCAUCUUCCUGGGUGACGGGAUGGGGGUGUCU,0.6020408163265305,"-1.47,-3.26,-13.39,0,0,-195.73,0.15789473684210525,0,0.3684210526315789,0,0,0.1111111111111111,-3.26,0.0,0,1,0.1111111111111111,-2.24,1,0.0,0,-1.1,0.0,0",0,-0.300,52.6,-1.4700,-36.2400,-13.9900,-13.9900,0.0,,0,none,19,guide
CCCAGGAGGUAGGAGCGGG,UUCGGGGACAAUCUGGUCACCCGCUCCUACCUCCUGGGCACCUCCAGCCCCCGAACC,0.71,"0.0,-3.26,-13.39,0,0,-211.97,0.05263157894736842,0,0.5263157894736842,0,0,0.2777777777777778,-3.26,0.05555555555555555,0,1,0.1111111111111111,-3.26,1,0.05555555555555555,0,-2.35,0.0,0",1,-1.300,73.7,0.0000,-43.7100,-15.1400,-15.1400,0.0,,0,none,19,guide
CCCCGCGGCUGCUCACAGG,CCCGGAGCCCCUCUCAGCGCCUGUGAGCAGCCGCGGGGGCAGCGCCCUCGGGGAGCC,0.4736842105263157,"0.0,-3.26,-13.39,0,0,-215.86,0.10526315789473684,0,0.3157894736842105,0,0,0.1111111111111111,-3.26,0.0,0,1,0.16666666666666666,-3.26,1,0.16666666666666666,0,-2.35,0.0,0",0,-1.100,78.9,0.0000,-45.0500,-17.9200,-17.9200,0.0,,0,none,19,guide
CCCCUGGUGAAGUCUCCGC,AAGGACUUCAUGAUCCAGGGCGGAGACUUCACCAGGGGAGAUGGCACAGGAGGAAAG,0.8432956381260097,"0.16,-3.26,-13.39,0,0,-208.11999999999995,0.21052631578947367,0,0.2631578947368421,0,0,0.05555555555555555,-3.26,0.0,0,1,0.2222222222222222,-3.42,1,0.05555555555555555,0,-2.35,0.0,0",1,-1.000,68.4,0.1600,-41.6100,-16.2100,-16.2100,0.0,,0,none,19,guide
CCCGGGUCCCUGGAUGUGC,ACGGCGGCGGCGGCGGCUGGCACAUCCAGGGACCCGGGCCGGUUUUAAACCUCCCGU,0.5473684210526315,"0.16,-3.26,-13.39,0,0,-214.50000000000003,0.21052631578947367,0,0.3684210526315789,0,0,0.16666666666666666,-3.26,0.0,0,1,0.2222222222222222,-3.42,1,0.05555555555555555,0,-2.35,0.0,0",0,-4.200,73.7,0.1600,-43.7000,-16.7300,-16.7300,0.0,,0,none,19,guide
CCCUCGGGUGUAAUCAGAA,ACUGAGACUACAUCAGCUAUUCUGAUUACACCCGAGGGGGAUGAUAAACCGGGCGCG,0.0999999999999999,"-2.33,-3.26,-13.39,0,0,-189.54,0.21052631578947367,0,0.2631578947368421,0,0,0.1111111111111111,-3.26,0.05555555555555555,0,1,0.1111111111111111,-0.93,1,0.0,0,-1.1,0.0,1",0,-1.400,52.6,-2.7800,-35.6600,-16.5700,-16.5700,0.0,,0,none,19,guide
CCCUGGAUCAUGAAGUCCU,AAAUUCCAUCGUGUAAUCAAGGACUUCAUGAUCCAGGGCGGAGACUUCACCAGGGGA,0.8941841680129243,"-1.63,-3.26,-13.39,0,0,-195.73,0.2631578947368421,0,0.21052631578947367,0,0,0.05555555555555555,-3.26,0.0,0,1,0.16666666666666666,-2.08,1,0.0,0,-0.93,0.0,0",1,-3.100,52.6,-1.6300,-36.2400,-14.1600,-14.1600,0.0,,0,none,19,guide
CCCUUUUGGCUCCCCCCUG,GAAGGCUGGGGCUCAUUUGCAGGGGGGAGCCAAAAGGGUCAUCAUCUCUGCCCCCUC,0.0273021001615509,"-0.7,-3.26,-13.39,0,0,-203.60999999999996,0.3157894736842105,0,0.15789473684210525,0,0,0.05555555555555555,-3.26,0.0,0,1,0.3888888888888889,-2.11,1,0.05555555555555555,0,-3.26,0.16666666666666666,0",0,-0.500,68.4,-1.1500,-41.5100,-10.2400,-10.2400,0.0,,0,none,19,guide
CCGCGCCCGGUUUAUCAUC,UCUGAUUACACCCGAGGGGGAUGAUAAACCGGGCGCGGUCGGUAAAGUUGUUCCAUU,0.51,"-0.46,-3.26,-13.39,0,0,-198.44,0.2631578947368421,0,0.21052631578947367,0,0,0.05555555555555555,-2.36,0.05555555555555555,0,1,0.16666666666666666,-2.35,1,0.1111111111111111,0,-1.33,0.1111111111111111,0",0,-1.400,63.2,-0.9100,-37.8100,-18.0800,-18.0800,0.0,,0,none,19,guide
CCGCUUGGCUCUGGACCGC,CAGCAGCCAUUACCCGGCUGCGGUCCAGAGCCAAGCGGCGGCAGAGCGAGGGGCAUC,0.5368421052631579,"0.16,-3.26,-13.39,0,0,-211.29,0.21052631578947367,0,0.3157894736842105,0,0,0.1111111111111111,-2.36,0.0,0,1,0.1111111111111111,-3.42,1,0.16666666666666666,0,-3.26,0.05555555555555555,0",0,-0.500,73.7,0.1600,-42.5600,-14.1600,-14.1600,0.0,,0,none,19,guide
CCGGGCCGCCGAACAUCCU,GUCCUCGUCCUCCUACCGCAGGAUGUUCGGCGGCCCGGGCACCGCGAGCCGGCCGAG,0.25,"-1.63,-3.26,-13.39,0,0,-208.09,0.10526315789473684,0,0.2631578947368421,0,0,0.1111111111111111,-2.36,0.0,0,1,0.2222222222222222,-2.08,1,0.1111111111111111,0,-2.24,0.0,0",0,-3.800,73.7,-1.6300,-42.5500,-17.9200,-17.9200,0.0,,0,none,19,guide
CCGGGCCUUUCUUUAUGUU,CACCAUGGAAGACGCCAAAAACAUAAAGAAAGGCCCGGCGCCAUUCUAUCCGCUGGA,0.0999999999999999,"-2.33,-3.26,-13.39,0,0,-178.16,0.4736842105263158,0,0.21052631578947367,0,0,0.1111111111111111,-2.36,0.05555555555555555,0,1,0.1111111111111111,-0.93,1,0.05555555555555555,0,-0.93,0.2777777777777778,0",0,0.000,47.4,-2.7800,-32.6200,-17.6400,-17.6400,0.0,,0,none,19,guide
CCGGGCGCCUCGGAAGACC,UCGCCUCCCGCCUCCCCUCGGUCUUCCGAGGCGCCCGGGCUCCCGGCGCGGCGGCGG,0.2105263157894736,"0.0,-3.26,-13.39,0,0,-214.91,0.05263157894736842,0,0.3684210526315789,0,0,0.16666666666666666,-2.36,0.0,0,1,0.16666666666666666,-3.26,1,0.1111111111111111,0,-2.35,0.0,0",0,-5.000,78.9,0.0000,-44.2700,-18.0800,-18.0800,0.0,,0,none,19,guide
CCGUAGAUGCUCUUUCCUC,ACCAGGGGAGAUGGCACAGGAGGAAAGAGCAUCUACGGUGAGCGCUUCCCCGAUGAG,0.6962843295638126,"-0.46,-3.26,-13.39,0,0,-192.91999999999996,0.3684210526315789,0,0.15789473684210525,0,0,0.0,-2.36,0.05555555555555555,0,1,0.1111111111111111,-2.35,1,0.05555555555555555,0,-0.93,0.1111111111111111,0",0,0.000,52.6,-0.9100,-35.0700,-11.4600,-11.4600,0.0,,0,none,19,guide
CCGUAGUGCUUCAGUUUGA,CGCUUCCCCGAUGAGAACUUCAAACUGAAGCACUACGGGCCUGGCUGGGUCAGCAUG,0.3707592891760904,"-1.36,-3.26,-13.39,0,0,-181.57,0.3684210526315789,0,0.2631578947368421,0,0,0.0,-2.36,0.05555555555555555,0,1,0.05555555555555555,-2.35,1,0.05555555555555555,0,-2.08,0.16666666666666666,1",0,0.000,47.4,-1.3600,-33.0600,-12.3600,-12.3600,0.0,,0,none,19,guide
CCUCCGCGCAACUUUUUCG,GCCAGUCAAGUAACAACCGCGAAAAAGUUGCGCGGAGGAGUUGUGUUUGUGGACGAA,0.8594507269789984,"-0.9,-3.26,-13.39,0,0,-186.62999999999997,0.3157894736842105,0,0.15789473684210525,0,0,0.0,-2.08,0.0,0,1,0.1111111111111111,-2.36,1,0.1111111111111111,0,-0.93,0.2222222222222222,0",1,0.000,57.9,-0.9000,-34.9100,-15.8300,-15.8300,0.0,,0,none,19,guide
CCUCGCGGCUGACCACCUC,UCGCAUCACCGAGUCUGAAGAGGUGGUCAGCCGCGAGGUGUCCGGCAUCAAGGCCGC,0.8,"-0.46,-3.26,-13.39,0,0,-213.43000000000004,0.15789473684210525,0,0.21052631578947367,0,0,0.05555555555555555,-2.08,0.0,0,1,0.16666666666666666,-2.35,1,0.1111111111111111,0,-3.26,0.0,0",1,-0.300,73.7,-0.9100,-43.0000,-15.8300,-15.8300,0.0,,0,none,19,guide
CCUGAAGCGCCGGCCACCU,CUCGGCUGGGUCUUCGCCCAGGUGGCCGGCGCUUCAGGCACUACAAAUACUGUGGCA,0.25,"-1.63,-3.26,-13.39,0,0,-208.52,0.10526315789473684,0,0.2631578947368421,0,0,0.05555555555555555,-2.08,0.0,0,1,0.2222222222222222,-2.08,1,0.16666666666666666,0,-3.42,0.0,0",0,-1.200,73.7,-1.6300,-42.9700,-12.9700,-12.9700,0.0,,0,none,19,guide
CCUGGUGAAGUCUCCGCCC,UCAAGGACUUCAUGAUCCAGGGCGGAGACUUCACCAGGGGAGAUGGCACAGGAGGAA,0.9434571890145398,"0.0,-3.26,-13.39,0,0,-208.11999999999995,0.21052631578947367,0,0.2631578947368421,0,0,0.05555555555555555,-2.08,0.0,0,1,0.2222222222222222,-3.26,1,0.05555555555555555,0,-2.35,0.0,0",1,-3.500,68.4,0.0000,-41.6100,-14.1500,-14.1500,0.0,,0,none,19,guide
CCUGUAGCUAAGGCCACAA,CCAAAAACAGUGGAUAAUUUUGUGGCCUUAGCUACAGGAGAGAAAGGAUUUGGCUAC,0.3537964458804524,"-2.33,-3.26,-13.39,0,0,-187.66,0.15789473684210525,0,0.21052631578947367,0,0,0.05555555555555555,-2.08,0.1111111111111111,0,1,0.1111111111111111,-0.93,1,0.1111111111111111,0,-3.42,0.0,1",0,-3.400,52.6,-2.7800,-36.1800,-13.2600,-13.2600,0.0,,0,none,19,guide
CCUUGAUUACACGAUGGAA,UGGCUACAAAAACAGCAAAUUCCAUCGUGUAAUCAAGGACUUCAUGAUCCAGGGCGG,0.5953150242326334,"-2.33,-3.26,-13.39,0,0,-178.92000000000004,0.2631578947368421,0,0.21052631578947367,0,0,0.05555555555555555,-2.08,0.05555555555555555,0,1,0.05555555555555555,-0.93,1,0.0,0,-2.35,0.1111111111111111,1",0,-1.100,42.1,-2.7800,-31.2000,-9.5000,-9.5000,0.0,,0,none,19,guide
CCUUUAUGAGGAUCUCUCU,ACUCGACGCAAGAAAAAUCAGAGAGAUCCUCAUAAAGGCCAAGAAGGGCGGAAAGAU,0.9725363489499196,"-1.63,-3.26,-13.39,0,0,-184.58,0.42105263157894735,0,0.15789473684210525,0,0,0.05555555555555555,-2.08,0.05555555555555555,0,1,0.05555555555555555,-2.08,1,0.0,0,-2.35,0.1111111111111111,0",1,-1.900,42.1,-1.6300,-31.8800,-8.4800,-8.4800,0.0,,0,none,19,guide
CCUUUCGGUACUUCGUCCA,CGCGGAGGAGUUGUGUUUGUGGACGAAGUACCGAAAGGUCUUACCGGAAAACUCGAC,0.7924071082390955,"-1.6,-3.26,-13.39,0,0,-185.19000000000003,0.3684210526315789,0,0.15789473684210525,0,0,0.05555555555555555,-2.08,0.05555555555555555,0,1,0.1111111111111111,-2.11,1,0.0,0,-2.35,0.16666666666666666,1",1,-0.900,52.6,-1.6000,-34.5200,-11.9100,-11.9100,0.0,,0,none,19,guide
CGAGGUUUGUCUCCAGGUA,CUCCCCAGAGUUCACACCUUACCUGGAGACAAACCUCGGACAGCCAACAAUUCAGAG,0.25,"-1.03,-2.36,-10.64,0,0,-188.65,0.3157894736842105,0,0.3157894736842105,0,0,0.1111111111111111,-2.35,0.05555555555555555,0,1,0.05555555555555555,-1.33,0,0.0,1,-3.26,0.1111111111111111,1",0,-1.700,52.6,-1.4800,-35.4700,-11.7900,-11.7900,0.0,,0,none,19,guide
CGCAACUUUUUCGCGGUUG,UACGUCGCCAGUCAAGUAACAACCGCGAAAAAGUUGCGCGGAGGAGUUGUGUUUGUG,0.2140549273021003,"0.2,-2.36,-10.64,0,0,-178.98,0.3684210526315789,0,0.2631578947368421,0,0,0.05555555555555555,-3.42,0.0,0,1,0.0,-2.11,0,0.1111111111111111,1,-3.42,0.2777777777777778,0",0,-2.200,52.6,-0.2500,-32.3000,-11.7100,-11.7100,0.0,,0,none,19,guide
CGCAGCUCCGACUCACACA,UACCGGGAGGGGCGGGAGGUGUGUGAGUCGGAGCUGCGUGUGCUGCGUCGGGUGCGU,0.25,"-0.7,-2.36,-10.64,0,0,-201.82,0.10526315789473684,0,0.15789473684210525,0,0,0.0,-3.42,0.0,0,1,0.05555555555555555,-2.11,0,0.1111111111111111,1,-2.35,0.0,1",0,0.000,63.2,-0.7000,-39.1300,-15.4600,-15.4600,0.0,,0,none,19,guide
CGCCCGGGGACGAGGCGUA,CAGUACCAGCCGCAGCCUCUACGCCUCGUCCCCGGGCGGCGUGUAUGCCACGCGCUC,0.25,"-1.03,-2.36,-10.64,0,0,-211.18,0.05263157894736842,0,0.4736842105263158,0,0,0.2222222222222222,-3.42,0.05555555555555555,0,1,0.1111111111111111,-1.33,0,0.1111111111111111,1,-2.08,0.0,1",0,-8.500,78.9,-1.4800,-44.3400,-18.8200,-18.8200,0.0,,0,none,19,guide
CGCCCUGGAUCAUGAAGUC,AUUCCAUCGUGUAAUCAAGGACUUCAUGAUCCAGGGCGGAGACUUCACCAGGGGAGA,0.6381260096930534,"0.44,-2.36,-10.64,0,0,-201.1,0.21052631578947367,0,0.2631578947368421,0,0,0.05555555555555555,-3.42,0.0,0,1,0.1111111111111111,-2.35,0,0.05555555555555555,1,-2.11,0.0,0",0,0.000,57.9,-0.0100,-37.4300,-17.3900,-17.3900,0.0,,0,none,19,guide
CGCGCAACUUUUUCGCGGU,CGUCGCCAGUCAAGUAACAACCGCGAAAAAGUUGCGCGGAGGAGUUGUGUUUGUGGA,0.4660743134087238,"-0.57,-2.36,-10.64,0,0,-183.51999999999995,0.3157894736842105,0,0.2631578947368421,0,0,0.05555555555555555,-3.42,0.0,0,1,0.0,-2.24,0,0.16666666666666666,1,-2.35,0.2222222222222222,0",0,-3.600,57.9,-0.5700,-34.6900,-14.4800,-14.4800,0.0,,0,none,19,guide
CGCGCCCAACACCGGCAUA,AAAACUCUCUUCAAUUCUUUAUGCCGGUGUUGGGCGCGUUAUUUAUCGGAGUUGCAG,0.18,"-1.03,-2.36,-10.64,0,0,-200.79999999999995,0.05263157894736842,0,0.21052631578947367,0,0,0.05555555555555555,-3.42,0.05555555555555555,0,1,0.16666666666666666,-1.33,0,0.16666666666666666,1,-2.36,0.0,1",0,-3.300,68.4,-1.4800,-40.2600,-17.8300,-17.8300,0.0,,0,none,19,guide
CGCGGGCGCAACUGCAACU,UGGGCGCGUUAUUUAUCGGAGUUGCAGUUGCGCCCGCGAACGACAUUUAUAAUGAAC,0.33,"-0.73,-2.36,-10.64,0,0,-199.61,0.10526315789473684,0,0.3157894736842105,0,0,0.1111111111111111,-3.42,0.0,0,1,0.0,-2.08,0,0.2222222222222222,1,-2.11,0.0,0",0,-5.500,68.4,-0.7300,-40.1700,-18.0800,-18.0800,0.0,,0,none,19,guide
CGCGGGCUUUGUCGUUGGU,CCGGCAGGUGGACCAGCUAACCAACGACAAAGCCCGCGUCGAGGUGGAGCGCGACAA,0.25,"-0.57,-2.36,-10.64,0,0,-192.98,0.3684210526315789,0,0.42105263157894735,0,0,0.16666666666666666,-3.42,0.0,0,1,0.0,-2.24,0,0.1111111111111111,1,-2.36,0.16666666666666666,0",0,-2.700,63.2,-0.5700,-37.7200,-17.8000,-17.8000,0.0,,0,none,19,guide
CGCUCACCGUAGAUGCUCU,GGAGAUGGCACAGGAGGAAAGAGCAUCUACGGUGAGCGCUUCCCCGAUGAGAACUUC,0.8037156704361876,"-0.73,-2.36,-10.64,0,0,-197.09,0.2631578947368421,0,0.21052631578947367,0,0,0.0,-3.42,0.05555555555555555,0,1,0.05555555555555555,-2.08,0,0.1111111111111111,1,-1.1,0.0,0",1,-1.600,57.9,-0.7300,-37.1800,-15.4600,-15.4600,0.0,,0,none,19,guide
CGCUUCCGGAUUGUUUACA,CUAUGAUUAUGUCCGGUUAUGUAAACAAUCCGGAAGCGACCAACGCCUUGAUUGACA,0.3046042003231018,"-0.7,-2.36,-10.64,0,0,-179.0,0.3684210526315789,0,0.21052631578947367,0,0,0.05555555555555555,-3.42,0.05555555555555555,0,1,0.05555555555555555,-2.11,0,0.05555555555555555,1,-2.24,0.2222222222222222,1",0,0.000,47.4,-0.7000,-32.3500,-14.4000,-14.4000,0.0,,0,none,19,guide
CGCUUCUCACUGAGAGCAG,AAGGAGGCCGCACUGAGCACUGCUCUCAGUGAGAAGCGCACGCUGGAGGGCGAGCUG,0.88,"0.17,-2.36,-10.64,0,0,-198.97,0.21052631578947367,0,0.2631578947368421,0,0,0.0,-3.42,0.0,0,1,0.0,-2.08,0,0.1111111111111111,1,-2.08,0.05555555555555555,0",1,-4.700,57.9,-0.2800,-36.9900,-13.2100,-13.2100,0.0,,0,none,19,guide
CGGCGGCGGGAAGUUCACC,UCUUCCCGACGAUGACGCCGGUGAACUUCCCGCCGCCGUUGUUGUUUUGGAGCACGG,0.0799999999999999,"0.9,-2.36,-10.64,0,0,-207.26,0.10526315789473684,0,0.42105263157894735,0,0,0.2222222222222222,-3.26,0.0,0,1,0.05555555555555555,-3.26,0,0.1111111111111111,1,-2.24,0.05555555555555555,0",0,-0.800,73.7,0.9000,-41.6600,-18.0800,-18.0800,0.0,,0,none,19,guide
CGGGAGGUGCCGCCGCCGC,AGCCGGCUGAGGCGCGGCGGCGGCGGCGGCACCUCCCGCUCCUGGAGCGGGGGGGAG,0.4210526315789473,"1.06,-2.36,-10.64,0,0,-223.56999999999996,0.05263157894736842,0,0.4736842105263158,0,0,0.16666666666666666,-3.26,0.0,0,1,0.16666666666666666,-3.42,0,0.2222222222222222,1,-3.26,0.0,0",0,-4.900,89.5,1.0600,-47.8700,-16.4500,-16.4500,0.0,,0,none,19,guide
CGGGCGGACAUGGGGAGAU,AGGCUCAGAGGUAUUGGGGAUCUCCCCAUGUCCGCCCGCAUACGAGUUCUGCGGAGG,0.25,"-1.26,-2.36,-10.64,0,0,-208.01,0.10526315789473684,0,0.5263157894736842,0,0,0.3333333333333333,-3.26,0.0,0,1,0.0,-1.1,0,0.05555555555555555,1,-3.26,0.0,0",0,0.000,68.4,-1.7100,-41.3500,-17.9100,-17.9100,0.0,,0,none,19,guide
CGGGGAAGCGCUCACCGUA,CACAGGAGGAAAGAGCAUCUACGGUGAGCGCUUCCCCGAUGAGAACUUCAAACUGAA,0.1445880452342488,"-1.03,-2.36,-10.64,0,0,-201.5,0.10526315789473684,0,0.3684210526315789,0,0,0.16666666666666666,-3.26,0.05555555555555555,0,1,0.05555555555555555,-1.33,0,0.1111111111111111,1,-2.11,0.0,1",0,-3.000,68.4,-1.4800,-40.5800,-15.1400,-15.1400,0.0,,0,none,19,guide
CGGUAAGACCUUUCGGUAC,AGUUGUGUUUGUGGACGAAGUACCGAAAGGUCUUACCGGAAAACUCGACGCAAGAAA,0.8739903069466883,"0.33,-2.36,-10.64,0,0,-185.12,0.2631578947368421,0,0.2631578947368421,0,0,0.1111111111111111,-3.26,0.1111111111111111,0,1,0.05555555555555555,-2.24,0,0.0,1,-2.35,0.1111111111111111,0",1,-1.900,52.6,-0.1200,-34.3800,-12.1900,-12.1900,0.0,,0,none,19,guide
CGGUUGGCUUUGUCUUUAU,AAUGAUCUUGACAAAGCAAAUAAAGACAAAGCCAACCGAUACUUUUCUCCAAAUUUU,0.2105263157894736,"-1.26,-2.36,-10.64,0,0,-173.21999999999997,0.5263157894736842,0,0.2631578947368421,0,0,0.1111111111111111,-3.26,0.05555555555555555,0,1,0.0,-1.1,0,0.05555555555555555,1,-2.35,0.2777777777777778,0",0,0.000,42.1,-1.7100,-30.6500,-15.2200,-15.2200,0.0,,0,none,19,guide
CGUAAUCCACGAUCUCUUU,CGGAAAGACGAUGACGGAAAAAGAGAUCGUGGAUUACGUCGCCAGUCAAGUAACAAC,0.6074313408723748,"-1.43,-2.36,-10.64,0,0,-178.20999999999995,0.3684210526315789,0,0.10526315789473684,0,0,0.0,-2.24,0.05555555555555555,0,1,0.05555555555555555,-0.93,0,0.0,1,-2.35,0.1111111111111111,0",0,-0.300,42.1,-1.8800,-30.3100,-11.2100,-11.2100,0.0,,0,none,19,guide
CGUCAUCGUCUUUCCGUGC,CCGCCGUUGUUGUUUUGGAGCACGGAAAGACGAUGACGGAAAAAGAGAUCGUGGAUU,0.5411954765751212,"1.06,-2.36,-10.64,0,0,-194.92,0.3684210526315789,0,0.21052631578947367,0,0,0.0,-2.24,0.0,0,1,0.05555555555555555,-3.42,0,0.05555555555555555,1,-2.35,0.1111111111111111,0",0,0.000,57.9,1.0600,-35.7500,-12.5100,-12.5100,0.0,,0,none,19,guide
CGUCGAGUUUUCCGGUAAG,GGACGAAGUACCGAAAGGUCUUACCGGAAAACUCGACGCAAGAAAAAUCAGAGAGAU,0.9862681744749596,"0.17,-2.36,-10.64,0,0,-182.54,0.3157894736842105,0,0.3157894736842105,0,0,0.05555555555555555,-2.24,0.05555555555555555,0,1,0.05555555555555555,-2.08,0,0.0,1,-2.36,0.16666666666666666,0",1,0.000,52.6,-0.2800,-32.7900,-13.6200,-13.6200,0.0,,0,none,19,guide
CGUCUUUCCGUGCUCCAAA,UUCCCGCCGCCGUUGUUGUUUUGGAGCACGGAAAGACGAUGACGGAAAAAGAGAUCG,0.1405492730210016,"-1.43,-2.36,-10.64,0,0,-184.85,0.3157894736842105,0,0.15789473684210525,0,0,0.0,-2.24,0.0,0,1,0.1111111111111111,-0.93,0,0.05555555555555555,1,-2.08,0.1111111111111111,1",0,0.000,52.6,-1.8800,-34.2000,-10.8800,-10.8800,0.0,,0,none,19,guide
CGUGCUCCAAAACAACAAC,CGGUGAACUUCCCGCCGCCGUUGUUGUUUUGGAGCACGGAAAGACGAUGACGGAAAA,0.4878836833602585,"0.33,-2.36,-10.64,0,0,-179.67999999999995,0.10526315789473684,0,0.10526315789473684,0,0,0.0,-2.24,0.0,0,1,0.05555555555555555,-2.24,0,0.05555555555555555,1,-2.11,0.0,0",0,0.000,47.4,-0.1200,-31.9300,-15.4600,-15.4600,0.0,,0,none,19,guide
CGUGUCCACCUCUAGGACC,CACAACUUGUCAGCCCCCGGGUCCUAGAGGUGGACACGCAGGGGACCGUGGUCUGUU,0.3157894736842105,"0.9,-2.36,-10.64,0,0,-203.52,0.21052631578947367,0,0.21052631578947367,0,0,0.05555555555555555,-2.24,0.05555555555555555,0,1,0.16666666666666666,-3.26,0,0.0,1,-1.33,0.0,0",0,-4.200,63.2,0.9000,-39.6100,-14.3100,-14.3100,0.0,,0,none,19,guide
CUACCACAGUGAUGAUGAC,CUCCCCCCGGUAUGAGAUUGUCAUCAUCACUGUGGUAGCAGCCGCAGUCAUAAUGGG,0.5789473684210527,"0.16,-2.08,-10.48,0,0,-192.31,0.21052631578947367,0,0.21052631578947367,0,0,0.0,-1.33,0.05555555555555555,1,1,0.05555555555555555,-2.24,0,0.0,0,-2.11,0.0,0",0,0.000,47.4,0.1600,-33.7200,-13.2900,-13.2900,0.0,,0,none,19,guide
CUCACCGUAGAUGCUCUUU,GGGGAGAUGGCACAGGAGGAAAGAGCAUCUACGGUGAGCGCUUCCCCGAUGAGAACU,0.6340872374798062,"-1.6,-2.08,-10.48,0,0,-185.20999999999995,0.3684210526315789,0,0.15789473684210525,0,0,0.0,-2.35,0.05555555555555555,1,1,0.05555555555555555,-0.93,0,0.05555555555555555,0,-3.42,0.1111111111111111,0",0,0.000,47.4,-1.6000,-33.2600,-14.5600,-14.5600,0.0,,0,none,19,guide
CUCAGCAGACUGCCUGGCA,AUUCUGCCAAGCUGGACAAUGCCAGGCAGUCUGCUGAGAGGAACAGCAACCUGGUGG,0.81,"-0.87,-2.08,-10.48,0,0,-204.97000000000003,0.15789473684210525,0,0.2631578947368421,0,0,0.05555555555555555,-2.35,0.0,1,1,0.05555555555555555,-2.11,0,0.16666666666666666,0,-3.26,0.0,1",1,-1.700,63.2,-0.4200,-40.7300,-14.1500,-14.1500,0.0,,0,none,19,guide
CUCCAAAACAACAACGGCG,ACGCCGGUGAACUUCCCGCCGCCGUUGUUGUUUUGGAGCACGGAAAGACGAUGACGG,0.82875605815832,"-0.17,-2.08,-10.48,0,0,-181.86999999999995,0.05263157894736842,0,0.15789473684210525,0,0,0.05555555555555555,-2.35,0.0,1,1,0.05555555555555555,-2.36,0,0.05555555555555555,0,-0.93,0.0,0",1,0.000,52.6,0.2800,-33.0000,-10.5100,-10.5100,0.0,,0,none,19,guide
CUCCAGCUCCUUCUUAUAC,AUGAGGACCAGGUGGAGCAGUAUAAGAAGGAGCUGGAGAAGACUUAUUCUGCCAAGC,0.96,"0.16,-2.08,-10.48,0,0,-188.01,0.3684210526315789,0,0.05263157894736842,0,0,0.0,-2.35,0.1111111111111111,1,1,0.1111111111111111,-2.24,0,0.05555555555555555,0,-2.08,0.1111111111111111,0",1,0.000,47.4,0.1600,-33.9700,-15.3000,-15.3000,0.0,,0,none,19,guide
CUCCAUGUCCAGGGCCAGC,AGGAGCUUCUGGACAUCAAGCUGGCCCUGGACAUGGAGAUCCACGCCUACCGCAAGC,0.79,"0.89,-2.08,-10.48,0,0,-211.95999999999995,0.15789473684210525,0,0.2631578947368421,0,0,0.1111111111111111,-2.35,0.0,1,1,0.16666666666666666,-3.42,0,0.1111111111111111,0,-3.26,0.0,0",1,-0.500,68.4,1.3400,-42.4700,-13.1700,-13.1700,0.0,,0,none,19,guide
CUCCCCUGGUGAAGUCUCC,GGACUUCAUGAUCCAGGGCGGAGACUUCACCAGGGGAGAUGGCACAGGAGGAAAGAG,0.8780290791599354,"0.73,-2.08,-10.48,0,0,-205.52,0.2631578947368421,0,0.21052631578947367,0,0,0.05555555555555555,-2.35,0.0,1,1,0.2222222222222222,-3.26,0,0.0,0,-2.08,0.0,0",1,0.000,63.2,1.1800,-40.0600,-16.3200,-16.3200,0.0,,0,none,19,guide
CUCCGUGAGGCCAGAGACC,UGUAGGCUAAAUGAACAUAGGUCUCUGGCCUCACGGAGCUCCCAGUCCAUGUCACAU,0.2842105263157894,"0.73,-2.08,-10.48,0,0,-210.83,0.10526315789473684,0,0.3157894736842105,0,0,0.05555555555555555,-2.35,0.0,1,1,0.16666666666666666,-3.26,0,0.05555555555555555,0,-2.08,0.0,0",0,-0.700,68.4,1.1800,-41.6500,-14.6700,-14.6700,0.0,,0,none,19,guide
CUCCUCCGCGCAACUUUUU,CAGUCAAGUAACAACCGCGAAAAAGUUGCGCGGAGGAGUUGUGUUUGUGGACGAAGU,0.5379644588045235,"-1.6,-2.08,-10.48,0,0,-182.74999999999997,0.3684210526315789,0,0.10526315789473684,0,0,0.0,-2.35,0.0,1,1,0.1111111111111111,-0.93,0,0.1111111111111111,0,-2.24,0.2222222222222222,0",0,0.000,52.6,-1.6000,-33.8800,-15.6600,-15.6600,0.0,,0,none,19,guide
CUCCUGGCCCGACAGAGGU,CGAGAUCUUGAGGGCACCUACCUCUGUCGGGCCAGGAGCACUCAAGGGGAGGUCACC,0.2631578947368421,"-0.74,-2.08,-10.48,0,0,-208.06,0.15789473684210525,0,0.3157894736842105,0,0,0.1111111111111111,-2.35,0.0,1,1,0.16666666666666666,-2.24,0,0.05555555555555555,0,-2.11,0.0,0",0,-3.300,68.4,-0.2900,-41.8600,-16.4800,-16.4800,0.0,,0,none,19,guide
CUCCUGUAGCUAAGGCCAC,AAAAACAGUGGAUAAUUUUGUGGCCUUAGCUACAGGAGAGAAAGGAUUUGGCUACAA,0.711631663974152,"0.16,-2.08,-10.48,0,0,-197.04,0.21052631578947367,0,0.21052631578947367,0,0,0.05555555555555555,-2.35,0.1111111111111111,1,1,0.1111111111111111,-2.24,0,0.1111111111111111,0,-2.08,0.0,0",1,-1.400,57.9,0.1600,-38.0700,-13.3700,-13.3700,0.0,,0,none,19,guide
CUCCUGUGCCAUCUCCCCU,CCAGGGCGGAGACUUCACCAGGGGAGAUGGCACAGGAGGAAAGAGCAUCUACGGUGA,0.8392568659127626,"-0.9,-2.08,-10.48,0,0,-205.83999999999997,0.3157894736842105,0,0.10526315789473684,0,0,0.0,-2.35,0.0,1,1,0.2777777777777778,-2.08,0,0.05555555555555555,0,-2.08,0.0,0",1,0.000,63.2,-0.4500,-40.6700,-14.1500,-14.1500,0.0,,0,none,19,guide
CUCUCAUCAGGCUAGACUU,ACAUGAUUGAUGGAUGUUAAAGUCUAGCCUGAUGAGAGGGGAAGUGGUGGGGGAGAC,0.7368421052631579,"-1.6,-2.08,-10.48,0,0,-189.75,0.3157894736842105,0,0.15789473684210525,0,0,0.05555555555555555,-2.35,0.05555555555555555,1,1,0.0,-0.93,0,0.05555555555555555,0,-1.33,0.05555555555555555,0",1,0.000,47.4,-1.6000,-34.4400,-12.3400,-12.3400,0.0,,0,none,19,guide
CUCUCCUCACCAGCACCGU,GCCCGCUGAGGUCACGACCACGGUGCUGGUGAGGAGAGAUCACCAUGGAGCCAAUUU,0.0,"-0.74,-2.08,-10.48,0,0,-203.12,0.21052631578947367,0,0.10526315789473684,0,0,0.0,-2.35,0.0,1,1,0.16666666666666666,-2.24,0,0.05555555555555555,0,-3.42,0.0,0",0,0.000,63.2,-0.2900,-39.8900,-14.4700,-14.4700,0.0,,0,none,19,guide
CUCUCCUGUAGCUAAGGCC,AAACAGUGGAUAAUUUUGUGGCCUUAGCUACAGGAGAGAAAGGAUUUGGCUACAAAA,0.988691437802908,"0.73,-2.08,-10.48,0,0,-198.11999999999995,0.2631578947368421,0,0.21052631578947367,0,0,0.05555555555555555,-2.35,0.1111111111111111,1,1,0.1111111111111111,-3.26,0,0.1111111111111111,0,-1.33,0.0,0",1,-1.400,57.9,1.1800,-38.1500,-14.2300,-14.2300,0.0,,0,none,19,guide
CUCUGGAUCAGAGUCAGUG,AUUAUAGAUAUUCUGACACCACUGACUCUGAUCCAGAGAAUGAACCUUUUGAUGAAG,0.368421052631579,"0.03,-2.08,-10.48,0,0,-198.32,0.2631578947368421,0,0.3157894736842105,0,0,0.05555555555555555,-2.35,0.0,1,1,0.0,-2.11,0,0.0,0,-2.24,0.0,0",0,-3.900,52.6,0.0300,-35.8400,-13.2500,-13.2500,0.0,,0,none,19,guide
CUCUGGCUUCGUCAGAAUC,GCUUUCCGGCGCCCAACGUGAUUCUGACGAAGCCAGAGGUCUCAGAAGGGACCGAGG,0.1052631578947367,"0.27,-2.08,-10.48,0,0,-194.72,0.3157894736842105,0,0.21052631578947367,0,0,0.05555555555555555,-2.35,0.0,1,1,0.0,-2.35,0,0.05555555555555555,0,-2.11,0.05555555555555555,0",0,-5.700,52.6,0.2700,-34.9400,-15.3000,-15.3000,0.0,,0,none,19,guide
CUGACUGAGGACAAUGCCC,CCUGGGACGCCGGAGGACAGGGCAUUGUCCUCAGUCAGAUACAACAGCAUUUGGGGC,0.863157894736842,"0.73,-2.08,-10.48,0,0,-200.96,0.15789473684210525,0,0.2631578947368421,0,0,0.05555555555555555,-2.11,0.0,1,1,0.1111111111111111,-3.26,0,0.05555555555555555,0,-0.93,0.0,0",1,-0.200,57.9,1.1800,-38.0500,-13.2400,-13.2400,0.0,,0,none,19,guide
CUGAGGUGGGAGGAUCACU,UCUUGACCUUUUGGGCUCAAGUGAUCCUCCCACCUCAGCCUCCUGAGUAGCUGGGAC,0.6842105263157894,"-0.9,-2.08,-10.48,0,0,-201.41,0.21052631578947367,0,0.42105263157894735,0,0,0.2222222222222222,-2.11,0.0,1,1,0.0,-2.08,0,0.0,0,-2.35,0.0,0",0,-3.000,57.9,-0.4500,-38.5300,-14.1500,-14.1500,0.0,,0,none,19,guide
CUGCCUGGCAUUGUCCAGC,AGAAGACUUAUUCUGCCAAGCUGGACAAUGCCAGGCAGUCUGCUGAGAGGAACAGCA,0.84,"0.89,-2.08,-10.48,0,0,-204.88,0.2631578947368421,0,0.2631578947368421,0,0,0.05555555555555555,-2.11,0.0,1,1,0.1111111111111111,-3.42,0,0.16666666666666666,0,-2.24,0.05555555555555555,0",1,-3.300,63.2,1.3400,-39.8600,-16.2400,-16.2400,0.0,,0,none,19,guide
CUGCUAGCCUCUGGAUUUG,AAAACAGUAGAGGAGCCGUCAAAUCCAGAGGCUAGCAGUUCAACUUCUGUAACACCA,0.6736842105263158,"0.03,-2.08,-10.48,0,0,-192.24,0.3684210526315789,0,0.2631578947368421,0,0,0.05555555555555555,-2.11,0.05555555555555555,1,1,0.05555555555555555,-2.11,0,0.1111111111111111,0,-3.26,0.1111111111111111,0",0,-1.100,52.6,0.0300,-35.2900,-14.4400,-14.4400,0.0,,0,none,19,guide
CUGGAUCAUGAAGUCCUUG,GCAAAUUCCAUCGUGUAAUCAAGGACUUCAUGAUCCAGGGCGGAGACUUCACCAGGG,0.8255250403877223,"0.03,-2.08,-10.48,0,0,-189.93,0.3157894736842105,0,0.2631578947368421,0,0,0.05555555555555555,-2.11,0.0,1,1,0.05555555555555555,-2.11,0,0.0,0,-2.24,0.05555555555555555,0",1,-3.100,47.4,0.0300,-33.3100,-13.2800,-13.2800,0.0,,0,none,19,guide
CUGGUCCUCAUUGGACUUG,AGUUUGUCCGGCUGCGCAACAAGUCCAAUGAGGACCAGUCCAUGGGCAAUUGGCAGA,0.79,"0.03,-2.08,-10.48,0,0,-192.9,0.3684210526315789,0,0.2631578947368421,0,0,0.1111111111111111,-2.11,0.0,1,1,0.05555555555555555,-2.11,0,0.0,0,-3.26,0.1111111111111111,0",1,-6.400,52.6,0.0300,-35.3600,-15.3000,-15.3000,0.0,,0,none,19,guide
CUGGUGAGCUGGCCCGCCC,UUCGACGACGCCAUUGAGAGGGCGGGCCAGCUCACCAGCGAGGAGGACACGCUGAGC,0.3061224489795918,"0.73,-2.08,-10.48,0,0,-218.61,0.15789473684210525,0,0.3684210526315789,0,0,0.1111111111111111,-2.11,0.0,1,1,0.2222222222222222,-3.26,0,0.16666666666666666,0,-3.26,0.0,0",0,-4.000,78.9,1.1800,-45.7500,-14.1500,-14.1500,0.0,,0,none,19,guide
CUGUAGUCAUCUGGGUACU,AUGGGGACCCCAGACCCUGAGUACCCAGAUGACUACAGCCAAGGUGGGACCAGGCUG,0.2394991922455573,"-0.9,-2.08,-10.48,0,0,-187.93,0.3684210526315789,0,0.2631578947368421,0,0,0.1111111111111111,-2.11,0.1111111111111111,1,1,0.0,-2.08,0,0.0,0,-3.26,0.0,0",0,-2.800,47.4,-0.4500,-34.4500,-12.3500,-12.3500,0.0,,0,none,19,guide
CUGUCCCGGGAUAGGUUCA,CACACAAGCCACGCCUCCCUGAACCUAUCCCGGGACAGGGCCUCUUCCUCGGCCUUC,0.4210526315789473,"-0.87,-2.08,-10.48,0,0,-196.11,0.2631578947368421,0,0.3157894736842105,0,0,0.16666666666666666,-2.11,0.05555555555555555,1,1,0.1111111111111111,-2.11,0,0.0,0,-2.08,0.05555555555555555,1",0,-3.600,57.9,-0.4200,-37.8400,-15.5800,-15.5800,0.0,,0,none,19,guide
CUUCAGGGGAAUUCUUGGA,CCUUUGGGCGAGUGCCUUAUCCAAGAAUUCCCCUGAAGGACGUCGUCCCUCGGGUGG,0.25,"-0.63,-2.08,-10.48,0,0,-184.97,0.3157894736842105,0,0.3157894736842105,0,0,0.2222222222222222,-0.93,0.0,1,1,0.0,-2.35,0,0.0,0,-2.35,0.16666666666666666,1",0,-3.600,47.4,-0.1800,-33.7800,-13.9900,-13.9900,0.0,,0,none,19,guide
CUUCAGUUUGAAGUUCUCA,ACGGUGAGCGCUUCCCCGAUGAGAACUUCAAACUGAAGCACUACGGGCCUGGCUGGG,0.561389337641357,"-0.87,-2.08,-10.48,0,0,-172.57,0.42105263157894735,0,0.15789473684210525,0,0,0.0,-0.93,0.0,1,1,0.0,-2.11,0,0.0,0,-2.24,0.2222222222222222,1",0,-2.200,36.8,-0.4200,-29.0400,-10.6400,-10.6400,0.0,,0,none,19,guide
CUUCGUCCACAAACACAAC,GAAAAAGUUGCGCGGAGGAGUUGUGUUUGUGGACGAAGUACCGAAAGGUCUUACCGG,0.9523424878836836,"0.16,-2.08,-10.48,0,0,-181.82,0.15789473684210525,0,0.05263157894736842,0,0,0.0,-0.93,0.0,1,1,0.05555555555555555,-2.24,0,0.0,0,-2.24,0.05555555555555555,0",1,0.000,47.4,0.1600,-32.1700,-13.4900,-13.4900,0.0,,0,none,19,guide
CUUCUCCAGCUCCUUCUUA,AGGACCAGGUGGAGCAGUAUAAGAAGGAGCUGGAGAAGACUUAUUCUGCCAAGCUGG,0.6699999999999999,"-1.2,-2.08,-10.48,0,0,-185.55999999999997,0.42105263157894735,0,0.05263157894736842,0,0,0.0,-0.93,0.05555555555555555,1,1,0.1111111111111111,-1.33,0,0.05555555555555555,0,-2.08,0.16666666666666666,1",0,0.000,47.4,-1.2000,-34.1100,-13.0800,-13.0800,0.0,,0,none,19,guide
CUUGACUGGCGACGUAAUC,GACGGAAAAAGAGAUCGUGGAUUACGUCGCCAGUCAAGUAACAACCGCGAAAAAGUU,1.0,"0.27,-2.08,-10.48,0,0,-190.01,0.2631578947368421,0,0.2631578947368421,0,0,0.05555555555555555,-0.93,0.05555555555555555,1,1,0.0,-2.35,0,0.05555555555555555,0,-2.36,0.05555555555555555,0",1,0.000,52.6,0.2700,-34.2500,-11.8200,-11.8200,0.0,,0,none,19,guide
CUUGAGGCUGUUGUCAUAC,UGGGUGUGAACCAUGAGAAGUAUGACAACAGCCUCAAGAUCAUCAGCAAUGCCUCCU,0.851615508885299,"0.16,-2.08,-10.48,0,0,-187.65,0.3684210526315789,0,0.2631578947368421,0,0,0.05555555555555555,-0.93,0.05555555555555555,1,1,0.0,-2.24,0,0.05555555555555555,0,-2.24,0.1111111111111111,0",1,-2.000,47.4,0.1600,-33.6800,-14.1500,-14.1500,0.0,,0,none,19,guide
CUUGCGUCGAGUUUUCCGG,GAAGUACCGAAAGGUCUUACCGGAAAACUCGACGCAAGAAAAAUCAGAGAGAUCCUC,0.9911147011308564,"0.73,-2.08,-10.48,0,0,-188.77,0.3684210526315789,0,0.3157894736842105,0,0,0.05555555555555555,-0.93,0.0,1,1,0.05555555555555555,-3.26,0,0.05555555555555555,0,-0.93,0.2222222222222222,0",1,0.000,57.9,1.1800,-35.1500,-13.4100,-13.4100,0.0,,0,none,19,guide
CUUUCUCUCCUGUAGCUAA,AGUGGAUAAUUUUGUGGCCUUAGCUACAGGAGAGAAAGGAUUUGGCUACAAAAACAG,0.4725363489499193,"-1.6,-2.08,-10.48,0,0,-178.81999999999996,0.42105263157894735,0,0.10526315789473684,0,0,0.0,-0.93,0.1111111111111111,1,1,0.05555555555555555,-0.93,0,0.05555555555555555,0,-1.33,0.1111111111111111,1",0,0.000,42.1,-1.6000,-31.9200,-10.7200,-10.7200,0.0,,0,none,19,guide
GAAAAAAACCAAAGGGUUA,GCUUGAAGCCAAAGAAAAAUAACCCUUUGGUUUUUUUCUUCUGUAUUUUUUUUUUCU,0.52,"-1.47,-2.35,-12.44,0,1,-158.06999999999996,0.10526315789473684,0,0.21052631578947367,0,0,0.1111111111111111,-0.93,0.05555555555555555,0,0,0.05555555555555555,-1.33,0,0.0,0,-2.08,0.05555555555555555,1",0,-2.700,31.6,-1.4700,-26.3600,-5.5800,-5.5800,0.0,,0,none,19,guide
GAACAUGAUCGUCUCAGUC,GCAGGGCUUACCGGGCACUGACUGAGACGAUCAUGUUCGACGACGCCAUUGAGAGGG,0.9693877551020408,"0.0,-2.35,-12.44,0,1,-193.73,0.2631578947368421,0,0.21052631578947367,0,0,0.0,-0.93,0.0,0,0,0.0,-2.35,0,0.0,0,-2.08,0.0,0",1,0.000,47.4,0.0000,-33.2100,-10.8400,-10.8400,0.0,,0,none,19,guide
GAACAUGGGGGCAUCAGCA,UCAUCAUCUCUGCCCCCUCUGCUGAUGCCCCCAUGUUCGUCAUGGGUGUGAACCAUG,0.3273828756058159,"-1.14,-2.35,-12.44,0,1,-200.53,0.10526315789473684,0,0.3684210526315789,0,0,0.2222222222222222,-0.93,0.0,0,0,0.0,-2.11,0,0.1111111111111111,0,-1.1,0.0,1",0,-0.700,57.9,-0.6900,-38.4900,-11.7500,-11.7500,0.0,,0,none,19,guide
GAAGCGCUCACCGUAGAUG,AUGGCACAGGAGGAAAGAGCAUCUACGGUGAGCGCUUCCCCGAUGAGAACUUCAAAC,0.9434571890145398,"-0.24,-2.35,-12.44,0,1,-197.15,0.15789473684210525,0,0.3157894736842105,0,0,0.0,-0.93,0.05555555555555555,0,0,0.05555555555555555,-2.11,0,0.1111111111111111,0,-2.24,0.0,0",1,-0.400,57.9,-0.2400,-36.5800,-14.2900,-14.2900,0.0,,0,none,19,guide
GAAGUCUCCGCCCUGGAUC,GUGUAAUCAAGGACUUCAUGAUCCAGGGCGGAGACUUCACCAGGGGAGAUGGCACAG,0.9733441033925688,"0.0,-2.35,-12.44,0,1,-207.15,0.21052631578947367,0,0.2631578947368421,0,0,0.05555555555555555,-0.93,0.0,0,0,0.16666666666666666,-2.35,0,0.05555555555555555,0,-2.08,0.0,0",1,-1.800,63.2,0.0000,-39.6000,-12.0300,-12.0300,0.0,,0,none,19,guide
GAAUAAGUCUUCUCCAGCU,GUGGAGCAGUAUAAGAAGGAGCUGGAGAAGACUUAUUCUGCCAAGCUGGACAAUGCC,0.96,"-1.17,-2.35,-12.44,0,1,-182.47,0.3157894736842105,0,0.15789473684210525,0,0,0.0,-0.93,0.05555555555555555,0,0,0.05555555555555555,-2.08,0,0.05555555555555555,0,-2.35,0.05555555555555555,0",1,0.000,42.1,-0.7200,-31.9100,-8.6100,-8.6100,0.0,,0,none,19,guide
GAAUUUGCUGUUUUUGUAG,CAGGAGAGAAAGGAUUUGGCUACAAAAACAGCAAAUUCCAUCGUGUAAUCAAGGACU,0.7996768982229403,"-0.27,-2.35,-12.44,0,1,-163.59999999999997,0.5263157894736842,0,0.2631578947368421,0,0,0.0,-0.93,0.05555555555555555,0,0,0.0,-2.08,0,0.05555555555555555,0,-0.93,0.3333333333333333,0",1,-0.100,31.6,-0.2700,-26.0900,-9.4200,-9.4200,0.0,,0,none,19,guide
GACCUUUCGGUACUUCGUC,CGGAGGAGUUGUGUUUGUGGACGAAGUACCGAAAGGUCUUACCGGAAAACUCGACGC,0.9491114701130858,"0.0,-2.35,-12.44,0,1,-188.92,0.3684210526315789,0,0.21052631578947367,0,0,0.05555555555555555,-2.24,0.05555555555555555,0,0,0.05555555555555555,-2.35,0,0.0,0,-2.08,0.16666666666666666,0",1,-1.900,52.6,0.0000,-34.2900,-11.7900,-11.7900,0.0,,0,none,19,guide
GACGCACCCGACGCAGCAC,GUGUGAGUCGGAGCUGCGUGUGCUGCGUCGGGUGCGUCAUGCCAACAUCAUCCAGCU,0.85,"-0.11,-2.35,-12.44,0,1,-212.01,0.0,0,0.2631578947368421,0,0,0.0,-2.24,0.0,0,0,0.1111111111111111,-2.24,0,0.16666666666666666,0,-3.42,0.0,0",1,-0.400,73.7,-0.1100,-42.3400,-15.6300,-15.6300,0.0,,0,none,19,guide
GACGUAAUCCACGAUCUCU,GAAAGACGAUGACGGAAAAAGAGAUCGUGGAUUACGUCGCCAGUCAAGUAACAACCG,0.8933764135702749,"-1.17,-2.35,-12.44,0,1,-188.41,0.2631578947368421,0,0.15789473684210525,0,0,0.0,-2.24,0.05555555555555555,0,0,0.05555555555555555,-2.08,0,0.0,0,-2.35,0.0,0",1,-1.200,47.4,-0.7200,-33.2400,-10.2000,-10.2000,0.0,,0,none,19,guide
GAGAUGAUGACCCUUUUGG,GCUCAUUUGCAGGGGGGAGCCAAAAGGGUCAUCAUCUCUGCCCCCUCUGCUGAUGCC,0.983037156704362,"0.46,-2.35,-12.44,0,1,-189.22,0.3157894736842105,0,0.3157894736842105,0,0,0.05555555555555555,-2.08,0.0,0,0,0.1111111111111111,-3.26,0,0.0,0,-2.08,0.16666666666666666,0",1,-0.100,47.4,0.9100,-33.3100,-11.0900,-11.0900,0.0,,0,none,19,guide
GAGCUCCUGCAGGUCCUCC,UCACCCGGCUGCAGGAGAAGGAGGACCUGCAGGAGCUCAAUGAUCGCUUGGCGGUCU,0.83,"0.46,-2.35,-12.44,0,1,-214.15000000000003,0.21052631578947367,0,0.2631578947368421,0,0,0.05555555555555555,-2.08,0.0,0,0,0.16666666666666666,-3.26,0,0.1111111111111111,0,-2.24,0.0,0",1,-3.800,68.4,0.9100,-42.7500,-15.2700,-15.2700,0.0,,0,none,19,guide
GAGGAAGAGGCCCUGUCCC,GCCUCCCUGAACCUAUCCCGGGACAGGGCCUCUUCCUCGGCCUUCCCAUAUUGGUGG,0.7578947368421053,"0.46,-2.35,-12.44,0,1,-211.95,0.10526315789473684,0,0.3684210526315789,0,0,0.1111111111111111,-2.08,0.0,0,0,0.2222222222222222,-3.26,0,0.05555555555555555,0,-2.08,0.0,0",1,-1.700,68.4,0.9100,-42.3900,-13.0500,-13.0500,0.0,,0,none,19,guide
GAGGAGCUCAGCGUCGACU,XXXXXXXXXXXXGCGCCCCAGUCGACGCUGAGCUCCUCUGCUACUCAGAGUUGCAAC,0.2105263157894736,"-1.17,-2.35,-12.44,0,1,-204.94,0.15789473684210525,0,0.3684210526315789,0,0,0.05555555555555555,-2.08,0.0,0,0,0.0,-2.08,0,0.1111111111111111,0,-2.24,0.0,0",0,-1.100,63.2,-0.7200,-39.2700,-15.2700,-15.2700,0.0,,0,none,19,guide
GAGGCGUGGCUUGUGUGUU,AGGGACCCCCAUGAAACCGAACACACAAGCCACGCCUCCCUGAACCUAUCCCGGGAC,0.2210526315789473,"-1.87,-2.35,-12.44,0,1,-194.25,0.3684210526315789,0,0.4736842105263158,0,0,0.1111111111111111,-2.08,0.0,0,0,0.0,-0.93,0,0.1111111111111111,0,-2.24,0.1111111111111111,0",0,-1.400,57.9,-1.8700,-37.3500,-15.4700,-15.4700,0.0,,0,none,19,guide
GAGUUUUCCGGUAAGACCU,UUGUGGACGAAGUACCGAAAGGUCUUACCGGAAAACUCGACGCAAGAAAAAUCAGAG,0.9523424878836836,"-1.17,-2.35,-12.44,0,1,-181.41,0.3157894736842105,0,0.2631578947368421,0,0,0.05555555555555555,-2.08,0.05555555555555555,0,0,0.1111111111111111,-2.08,0,0.0,0,-0.93,0.16666666666666666,0",1,-1.000,47.4,-0.7200,-33.2600,-9.4600,-9.4600,0.0,,0,none,19,guide
GAUCUCUCUGAUUUUUCUU,UUACCGGAAAACUCGACGCAAGAAAAAUCAGAGAGAUCCUCAUAAAGGCCAAGAAGG,0.7746365105008077,"-1.87,-2.35,-12.44,0,1,-172.52999999999992,0.5789473684210527,0,0.10526315789473684,0,0,0.0,-1.1,0.0,0,0,0.0,-0.93,0,0.0,0,-0.93,0.2777777777777778,0",1,-0.800,31.6,-1.8700,-27.0900,-12.3100,-12.3100,0.0,,0,none,19,guide
GAUCUCUUUUUCCGUCAUC,UUUUGGAGCACGGAAAGACGAUGACGGAAAAAGAGAUCGUGGAUUACGUCGCCAGUC,0.6090468497576738,"0.0,-2.35,-12.44,0,1,-183.9,0.4736842105263158,0,0.10526315789473684,0,0,0.0,-1.1,0.0,0,0,0.05555555555555555,-2.35,0,0.0,0,-2.36,0.2222222222222222,0",0,0.000,42.1,0.0000,-30.5600,-10.8900,-10.8900,0.0,,0,none,19,guide
GAUGAAGUGCUUGUACACG,UCAGUGGCACUAAGAGUGACGUGUACAAGCACUUCAUCACAGAGGUGGACAGUGUUG,0.85,"-0.44,-2.35,-12.44,0,1,-185.82,0.2631578947368421,0,0.3157894736842105,0,0,0.0,-1.1,0.05555555555555555,0,0,0.0,-2.36,0,0.05555555555555555,0,-2.24,0.05555555555555555,0",1,-1.400,47.4,0.0100,-32.9400,-10.8100,-10.8100,0.0,,0,none,19,guide
GAUGGAAUUUGCUGUUUUU,AGAGAAAGGAUUUGGCUACAAAAACAGCAAAUUCCAUCGUGUAAUCAAGGACUUCAU,0.2859450726978998,"-1.87,-2.35,-12.44,0,1,-165.51999999999995,0.5263157894736842,0,0.2631578947368421,0,0,0.05555555555555555,-1.1,0.0,0,0,0.0,-0.93,0,0.05555555555555555,0,-2.11,0.3333333333333333,0",0,0.000,31.6,-1.8700,-26.6500,-10.8500,-10.8500,0.0,,0,none,19,guide
GAUUACACGAUGGAAUUUG,GAUUUGGCUACAAAAACAGCAAAUUCCAUCGUGUAAUCAAGGACUUCAUGAUCCAGG,0.9701130856219712,"-0.24,-2.35,-12.44,0,1,-174.96999999999997,0.3157894736842105,0,0.2631578947368421,0,0,0.05555555555555555,-1.1,0.05555555555555555,0,0,0.0,-2.11,0,0.0,0,-2.35,0.16666666666666666,0",1,0.000,36.8,-0.2400,-28.4400,-9.9500,-9.9500,0.0,,0,none,19,guide
GCACUUGGCAAAGCCGCCC,GGGGCCGCUUUUUGGGCAAGGGCGGCUUUGCCAAGUGCUUCGAGAUCUCGGACGCGG,0.4718901453957997,"-0.16,-3.42,-14.88,0,1,-204.24999999999997,0.10526315789473684,0,0.2631578947368421,0,1,0.05555555555555555,-2.11,0.0,0,0,0.16666666666666666,-3.26,0,0.2222222222222222,0,-3.42,0.05555555555555555,0",0,-3.600,68.4,-0.1600,-41.0100,-12.7300,-12.7300,0.0,,0,none,19,guide
GCAGAAUAAGUCUUCUCCA,GAGCAGUAUAAGAAGGAGCUGGAGAAGACUUAUUCUGCCAAGCUGGACAAUGCCAGG,0.81,"-1.76,-3.42,-14.88,0,1,-182.43,0.2631578947368421,0,0.15789473684210525,0,1,0.0,-2.11,0.05555555555555555,0,0,0.05555555555555555,-2.11,0,0.05555555555555555,0,-0.93,0.05555555555555555,1",1,-0.800,42.1,-1.7600,-31.7900,-9.9000,-9.9000,0.0,,0,none,19,guide
GCCAAAUCCUUUCUCUCCU,AUUUUGUGGCCUUAGCUACAGGAGAGAAAGGAUUUGGCUACAAAAACAGCAAAUUCC,0.938610662358643,"-1.79,-3.42,-14.88,0,1,-186.5,0.3684210526315789,0,0.05263157894736842,0,1,0.0,-3.26,0.0,0,0,0.16666666666666666,-2.08,0,0.05555555555555555,0,-2.08,0.1111111111111111,0",1,0.000,47.4,-1.7900,-33.5600,-10.6800,-10.6800,0.0,,0,none,19,guide
GCCACAAAAUUAUCCACUG,GGAAAGACUGUUCCAAAAACAGUGGAUAAUUUUGUGGCCUUAGCUACAGGAGAGAAA,0.5452342487883683,"-0.86,-3.42,-14.88,0,1,-179.26,0.21052631578947367,0,0.10526315789473684,0,1,0.0,-3.26,0.05555555555555555,0,0,0.1111111111111111,-2.11,0,0.05555555555555555,0,-2.35,0.05555555555555555,0",0,0.000,42.1,-1.3100,-30.9500,-11.5800,-11.5800,0.0,,0,none,19,guide
GCCACAGUAUUUGUAGUGC,CAGGUGGCCGGCGCUUCAGGCACUACAAAUACUGUGGCAGCAUAUAAUUUAACUUGG,0.25,"0.0,-3.42,-14.88,0,1,-186.26,0.3157894736842105,0,0.2631578947368421,0,1,0.0,-3.26,0.1111111111111111,0,0,0.05555555555555555,-3.42,0,0.1111111111111111,0,-2.24,0.1111111111111111,0",0,-0.600,47.4,0.0000,-33.8900,-14.0400,-14.0400,0.0,,0,none,19,guide
GCCCCAGGUGUUCUGUGCC,CUACCGACCUGGUGUGGAAGGCACAGAACACCUGGGGCUGCGGGAACAGCCUGCGUA,0.86,"-0.16,-3.42,-14.88,0,1,-209.28,0.2631578947368421,0,0.3157894736842105,0,1,0.05555555555555555,-3.26,0.0,0,0,0.2222222222222222,-3.26,0,0.1111111111111111,0,-2.08,0.05555555555555555,0",1,-1.900,68.4,-0.1600,-42.1500,-17.2300,-17.2300,0.0,,0,none,19,guide
GCGACGUAAUCCACGAUCU,AAGACGAUGACGGAAAAAGAGAUCGUGGAUUACGUCGCCAGUCAAGUAACAACCGCG,0.765751211631664,"-1.79,-3.42,-14.88,0,1,-191.01,0.21052631578947367,0,0.21052631578947367,0,1,0.0,-2.36,0.05555555555555555,0,0,0.05555555555555555,-2.08,0,0.05555555555555555,0,-2.24,0.0,0",1,-1.400,52.6,-1.7900,-34.3900,-12.8800,-12.8800,0.0,,0,none,19,guide
GCGAGAGGCGGACGGGACC,XCCUCCCCUCGCCCGGCGCGGUCCCGUCCGCCUCUCGCUCGCCUCCCGCCUCCCCUC,0.2105263157894736,"-0.16,-3.42,-14.88,0,1,-218.54,0.0,0,0.5263157894736842,0,1,0.2222222222222222,-2.36,0.0,0,0,0.05555555555555555,-3.26,0,0.1111111111111111,0,-2.36,0.0,0",0,-1.800,78.9,-0.1600,-44.4700,-14.4800,-14.4800,0.0,,0,none,19,guide
GCGGUUGUUACUUGACUGG,GAGAUCGUGGAUUACGUCGCCAGUCAAGUAACAACCGCGAAAAAGUUGCGCGGAGGA,0.7584814216478191,"-0.16,-3.42,-14.88,0,1,-187.16000000000003,0.3684210526315789,0,0.3684210526315789,0,1,0.1111111111111111,-2.36,0.05555555555555555,0,0,0.0,-3.26,0,0.05555555555555555,0,-2.11,0.16666666666666666,0",1,-3.400,52.6,-0.1600,-34.8300,-13.1400,-13.1400,0.0,,0,none,19,guide
GCUAAGCAGUUGGUGGUGC,AUCAUCAGCAAUGCCUCCUGCACCACCAACUGCUUAGCACCCCUGGCCAAGGUCAUC,0.5363489499192247,"0.0,-3.42,-14.88,0,1,-196.54,0.2631578947368421,0,0.42105263157894735,0,1,0.1111111111111111,-2.08,0.05555555555555555,0,0,0.0,-3.42,0,0.16666666666666666,0,-2.24,0.05555555555555555,0",0,-2.200,57.9,0.0000,-37.7800,-11.9500,-11.9500,0.0,,0,none,19,guide
GCUAAGGCCACAAAAUUAU,ACUGUUCCAAAAACAGUGGAUAAUUUUGUGGCCUUAGCUACAGGAGAGAAAGGAUUU,0.4894991922455574,"-2.32,-3.42,-14.88,0,1,-170.68999999999997,0.21052631578947367,0,0.15789473684210525,0,1,0.05555555555555555,-2.08,0.1111111111111111,0,0,0.05555555555555555,-1.1,0,0.1111111111111111,0,-0.93,0.05555555555555555,0",0,-0.600,36.8,-2.7700,-29.3500,-13.1000,-13.1000,0.0,,0,none,19,guide
GCUCAUUCCAGGCAUCCCA,CUUCACGGGCAAGGCCAAGUGGGAUGCCUGGAAUGAGCUGAAAGGGACUUCCAAGGA,0.2641357027463652,"-1.76,-3.42,-14.88,0,1,-201.61,0.21052631578947367,0,0.15789473684210525,0,1,0.05555555555555555,-2.08,0.0,0,0,0.16666666666666666,-2.11,0,0.1111111111111111,0,-2.11,0.05555555555555555,1",0,-1.400,57.9,-1.7600,-38.5200,-10.9200,-10.9200,0.0,,0,none,19,guide
GCUCUUUCCUCCUGUGCCA,GAGACUUCACCAGGGGAGAUGGCACAGGAGGAAAGAGCAUCUACGGUGAGCGCUUCC,0.6760904684975768,"-1.76,-3.42,-14.88,0,1,-198.2,0.3684210526315789,0,0.15789473684210525,0,1,0.0,-2.08,0.0,0,0,0.16666666666666666,-2.11,0,0.1111111111111111,0,-2.11,0.1111111111111111,1",0,0.000,57.9,-1.7600,-38.4800,-10.7200,-10.7200,0.0,,0,none,19,guide
GCUGAGGUUGCAACUCUGA,CGCUGAGCUCCUCUGCUACUCAGAGUUGCAACCUCAGCCUCGCUAUGGCUCCCAGCA,0.2210526315789473,"-1.52,-3.42,-14.88,0,1,-193.26,0.2631578947368421,0,0.3157894736842105,0,1,0.05555555555555555,-2.08,0.0,0,0,0.0,-2.35,0,0.1111111111111111,0,-2.24,0.05555555555555555,1",0,-2.200,52.6,-1.5200,-35.9600,-14.1200,-14.1200,0.0,,0,none,19,guide
GCUGUUUUUGUAGCCAAAU,UAGCUACAGGAGAGAAAGGAUUUGGCUACAAAAACAGCAAAUUCCAUCGUGUAAUCA,0.3360258481421648,"-2.32,-3.42,-14.88,0,1,-168.89,0.42105263157894735,0,0.21052631578947367,0,1,0.0,-2.08,0.05555555555555555,0,0,0.05555555555555555,-1.1,0,0.1111111111111111,0,-3.42,0.2222222222222222,0",0,-2.000,36.8,-2.7700,-29.1400,-9.2200,-9.2200,0.0,,0,none,19,guide
GCUUGCGCAUGGCCACUUC,CAUCAACUCCACUGGGGAAGAAGUGGCCAUGCGCAAGCUGGUGCGCUCAGUGACUGU,0.7,"-0.62,-3.42,-14.88,0,1,-202.91,0.2631578947368421,0,0.2631578947368421,0,1,0.05555555555555555,-2.08,0.0,0,0,0.05555555555555555,-2.35,0,0.2222222222222222,0,-3.26,0.1111111111111111,0",0,-1.200,63.2,-1.0700,-39.1200,-14.3200,-14.3200,0.0,,0,none,19,guide
GCUUUCUCUGGAAUGCCUG,CUCCAGGUGACCGCGGGUGCAGGCAUUCCAGAGAAAGCGUUUAAUUUAACUUGGAUA,0.85,"-0.86,-3.42,-14.88,0,1,-193.33,0.3684210526315789,0,0.2631578947368421,0,1,0.05555555555555555,-2.08,0.0,0,0,0.05555555555555555,-2.11,0,0.1111111111111111,0,-1.1,0.1111111111111111,0",1,-2.100,52.6,-1.3100,-35.5600,-10.7200,-10.7200,0.0,,0,none,19,guide
GGAAAGUCAGUAAUCGUUU,UCUAACAGAUUAGGGGCUAAAACGAUUACUGACUUUCCUUGAGUAGUUUUUAUCUGA,0.0744749596122779,"-2.33,-3.26,-13.39,0,1,-170.79,0.3157894736842105,0,0.2631578947368421,1,0,0.05555555555555555,-2.35,0.05555555555555555,0,0,0.0,-0.93,0,0.0,0,-1.1,0.1111111111111111,0",0,0.000,36.8,-2.7800,-28.6000,-10.8800,-10.8800,0.0,,0,none,19,guide
GGAAGUUGUACUUGGCAAU,GCCAUCCGGUACAGAAUGUAUUGCCAAGUACAACUUCCACGGCACUGCCGAGCAGGA,0.25,"-2.16,-3.26,-13.39,0,1,-177.59999999999997,0.3157894736842105,0,0.3157894736842105,1,0,0.1111111111111111,-2.35,0.05555555555555555,0,0,0.0,-1.1,0,0.05555555555555555,0,-2.11,0.1111111111111111,0",0,-1.600,42.1,-2.6100,-31.5600,-10.6400,-10.6400,0.0,,0,none,19,guide
GGAAUACUGUAUUCAUUCU,ACCUACCUCCGGAUCAAGAAGAAUGAAUACAGUAUUCCCAAGCACAUCAACCCCGUG,0.6927302100161552,"-1.63,-3.26,-13.39,0,1,-171.99999999999997,0.42105263157894735,0,0.15789473684210525,1,0,0.05555555555555555,-2.35,0.1111111111111111,0,0,0.0,-2.08,0,0.0,0,-2.35,0.1111111111111111,0",0,-1.200,31.6,-1.6300,-27.7800,-10.0300,-10.0300,0.0,,0,none,19,guide
GGAAUAUAUCUUCACCUUU,AGUUUGUGGUCUGCCAGCUAAAGGUGAAGAUAUAUUCCUCCAAUUCAGGACCCACAC,0.3052631578947368,"-2.33,-3.26,-13.39,0,1,-170.36999999999995,0.42105263157894735,0,0.10526315789473684,1,0,0.05555555555555555,-2.35,0.1111111111111111,0,0,0.05555555555555555,-0.93,0,0.0,0,-2.11,0.16666666666666666,0",0,0.000,31.6,-2.7800,-27.4700,-8.1400,-8.1400,0.0,,0,none,19,guide
GGAGGCAUUGCUGAUGAUC,AGUAUGACAACAGCCUCAAGAUCAUCAGCAAUGCCUCCUGCACCACCAACUGCUUAG,0.7964458804523427,"-0.46,-3.26,-13.39,0,1,-200.37,0.2631578947368421,0,0.3684210526315789,1,0,0.1111111111111111,-2.35,0.0,0,0,0.0,-2.35,0,0.1111111111111111,0,-2.35,0.05555555555555555,0",1,-0.100,52.6,-0.9100,-36.0000,-14.3200,-14.3200,0.0,,0,none,19,guide
GGAUAUUUCCAUGGACAUC,AGCCGCACCAGAGGGAGAAGAUGUCCAUGGAAAUAUCCAUUCACCGCAGCCUCGCCC,0.57875605815832,"-0.46,-3.26,-13.39,0,1,-187.89,0.3157894736842105,0,0.21052631578947367,1,0,0.1111111111111111,-2.35,0.05555555555555555,0,0,0.05555555555555555,-2.35,0,0.0,0,-3.26,0.1111111111111111,0",0,-3.000,42.1,-0.9100,-31.9500,-7.7400,-7.7400,0.0,,0,none,19,guide
GGAUCAUGAAGUCCUUGAU,CAGCAAAUUCCAUCGUGUAAUCAAGGACUUCAUGAUCCAGGGCGGAGACUUCACCAG,0.7609046849757675,"-2.16,-3.26,-13.39,0,1,-187.11,0.3157894736842105,0,0.2631578947368421,1,0,0.05555555555555555,-2.35,0.0,0,0,0.05555555555555555,-1.1,0,0.0,0,-3.26,0.05555555555555555,0",1,-3.100,42.1,-2.6100,-32.2200,-11.1200,-11.1200,0.0,,0,none,19,guide
GGAUGACCUUGGCCAGGGG,CACCACCAACUGCUUAGCACCCCUGGCCAAGGUCAUCCAUGACAACUUUGGUAUCGU,0.2042810985460419,"0.0,-3.26,-13.39,0,1,-209.76,0.15789473684210525,0,0.4736842105263158,1,0,0.2777777777777778,-2.35,0.0,0,0,0.1111111111111111,-3.26,0,0.05555555555555555,0,-3.26,0.05555555555555555,0",0,-2.300,68.4,0.0000,-42.3100,-13.4100,-13.4100,0.0,,0,none,19,guide
GGAUUGUUUACAUAACCGG,AGAGGUCCUAUGAUUAUGUCCGGUUAUGUAAACAAUCCGGAAGCGACCAACGCCUUG,0.5605815831987077,"0.0,-3.26,-13.39,0,1,-176.14,0.3157894736842105,0,0.2631578947368421,1,0,0.1111111111111111,-2.35,0.1111111111111111,0,0,0.05555555555555555,-3.26,0,0.0,0,-1.33,0.16666666666666666,0",0,-1.200,42.1,0.0000,-30.4200,-9.6600,-9.6600,0.0,,0,none,19,guide
GGCACCAGGUCCAUGAUCU,UGUGGGGACUGAACCUGGAAGAUCAUGGACCUGGUGCCCCUGCUCACUGGGCCCGAG,0.85,"-1.63,-3.26,-13.39,0,1,-202.71,0.21052631578947367,0,0.2631578947368421,1,0,0.1111111111111111,-3.42,0.0,0,0,0.1111111111111111,-2.08,0,0.05555555555555555,0,-1.1,0.0,0",1,-1.800,57.9,-1.6300,-38.6500,-15.2200,-15.2200,0.0,,0,none,19,guide
GGCAGAAUAAGUCUUCUCC,AGCAGUAUAAGAAGGAGCUGGAGAAGACUUAUUCUGCCAAGCUGGACAAUGCCAGGC,0.95,"0.0,-3.26,-13.39,0,1,-189.1,0.2631578947368421,0,0.21052631578947367,1,0,0.05555555555555555,-3.42,0.05555555555555555,0,0,0.05555555555555555,-3.26,0,0.05555555555555555,0,-2.08,0.05555555555555555,0",1,-2.200,47.4,0.0000,-33.6400,-11.9900,-11.9900,0.0,,0,none,19,guide
GGCCAGGCAGGGGUCUCCA,CGCCGCCAACUGGUAGACAUGGAGACCCCUGCCUGGCCCCGGGUCCCGCGCCCCGAG,0.25,"-1.6,-3.26,-13.39,0,1,-215.2,0.10526315789473684,0,0.42105263157894735,1,0,0.2777777777777778,-3.42,0.0,0,0,0.1111111111111111,-2.11,0,0.1111111111111111,0,-2.24,0.0,1",0,-3.900,73.7,-1.6000,-45.0300,-17.5500,-17.5500,0.0,,0,none,19,guide
GGCCUCAGCAUACCCAAUA,AAUACUGAAACUUGCUGCCUAUUGGGUAUGCUGAGGCCCACAGACUUACAGAAGAAG,0.6631578947368422,"-1.93,-3.26,-13.39,0,1,-193.06999999999996,0.15789473684210525,0,0.15789473684210525,1,0,0.05555555555555555,-3.42,0.1111111111111111,0,0,0.16666666666666666,-1.33,0,0.1111111111111111,0,-3.26,0.0,1",0,-0.200,52.6,-2.3800,-36.4600,-15.3000,-15.3000,0.0,,0,none,19,guide
GGCCUUUAUGAGGAUCUCU,UCGACGCAAGAAAAAUCAGAGAGAUCCUCAUAAAGGCCAAGAAGGGCGGAAAGAUCG,0.5371567043618741,"-1.63,-3.26,-13.39,0,1,-189.93,0.3684210526315789,0,0.2631578947368421,1,0,0.1111111111111111,-3.42,0.05555555555555555,0,0,0.05555555555555555,-2.08,0,0.05555555555555555,0,-2.35,0.1111111111111111,0",0,-2.200,47.4,-1.6300,-34.4800,-11.9500,-11.9500,0.0,,0,none,19,guide
GGCGAGGCGUGCUGCACUC,GGAGUGGUAACCACCACACGAGUGCAGCACGCCUCGCCAGCCGGCACCUACGCCCAC,0.0510204081632653,"-0.46,-3.26,-13.39,0,1,-214.41,0.15789473684210525,0,0.42105263157894735,1,0,0.1111111111111111,-3.42,0.0,0,0,0.0,-2.35,0,0.2222222222222222,0,-2.11,0.0,0",0,-3.500,73.7,-0.9100,-43.0800,-16.8900,-16.8900,0.0,,0,none,19,guide
GGCGCCGGGCCUUUCUUUA,AUGGAAGACGCCAAAAACAUAAAGAAAGGCCCGGCGCCAUUCUAUCCGCUGGAAGAU,0.02,"-1.93,-3.26,-13.39,0,1,-193.91,0.3157894736842105,0,0.3157894736842105,1,0,0.16666666666666666,-3.42,0.05555555555555555,0,0,0.1111111111111111,-1.33,0,0.16666666666666666,0,-0.93,0.2222222222222222,1",0,-4.600,63.2,-2.3800,-38.9000,-18.0800,-18.0800,0.0,,0,none,19,guide
GGCGUUGGUCGCUUCCGGA,UGUCCGGUUAUGUAAACAAUCCGGAAGCGACCAACGCCUUGAUUGACAAGGAUGGAU,0.9491114701130858,"-1.36,-3.26,-13.39,0,1,-202.59,0.2631578947368421,0,0.42105263157894735,1,0,0.16666666666666666,-3.42,0.0,0,0,0.05555555555555555,-2.35,0,0.1111111111111111,0,-0.93,0.1111111111111111,1",1,-3.400,68.4,-1.3600,-40.4000,-14.3200,-14.3200,0.0,,0,none,19,guide
GGGAAGCGCUCACCGUAGA,GGCACAGGAGGAAAGAGCAUCUACGGUGAGCGCUUCCCCGAUGAGAACUUCAAACUG,0.247172859450727,"-1.36,-3.26,-13.39,0,1,-200.39,0.10526315789473684,0,0.3684210526315789,1,0,0.1111111111111111,-3.26,0.05555555555555555,0,0,0.05555555555555555,-2.35,0,0.1111111111111111,0,-3.26,0.0,1",0,-1.700,63.2,-1.3600,-39.3400,-14.4000,-14.4000,0.0,,0,none,19,guide
GGGAGCUUUUUUUGCACGU,GGGUUGCAAAAAAUUUUGAACGUGCAAAAAAAGCUCCCAAUCAUCCAAAAAAUUAUU,0.28,"-1.47,-3.26,-13.39,0,1,-177.85,0.42105263157894735,0,0.3157894736842105,1,0,0.1111111111111111,-3.26,0.0,0,0,0.0,-2.24,0,0.1111111111111111,0,-2.11,0.3333333333333333,0",0,-1.000,47.4,-1.4700,-32.5700,-14.1200,-14.1200,0.0,,0,none,19,guide
GGGCCUUUCUUUAUGUUUU,GCCACCAUGGAAGACGCCAAAAACAUAAAGAAAGGCCCGGCGCCAUUCUAUCCGCUG,0.06,"-2.33,-3.26,-13.39,0,1,-167.76999999999995,0.5789473684210527,0,0.21052631578947367,1,0,0.1111111111111111,-3.26,0.05555555555555555,0,0,0.05555555555555555,-0.93,0,0.05555555555555555,0,-1.1,0.3888888888888889,0",0,0.000,36.8,-2.7800,-29.0600,-13.8800,-13.8800,0.0,,0,none,19,guide
GGGGAGUUCUCCUUCCAGC,AAGGCAGGAGUGGGGCAGAGCUGGAAGGAGAACUCCCCACUGAAUGUUUCAUAAAGG,0.25,"0.16,-3.26,-13.39,0,1,-205.38,0.2631578947368421,0,0.3157894736842105,1,0,0.16666666666666666,-3.26,0.0,0,0,0.1111111111111111,-3.42,0,0.05555555555555555,0,-0.93,0.1111111111111111,0",0,-4.900,63.2,0.1600,-40.2600,-14.1200,-14.1200,0.0,,0,none,19,guide
GGGGCCGCAGCUUACACAU,GCAGCUCAGCCUUAAGAACAUGUGUAAGCUGCGGCCCCUGCUGGAGAAGUGGGUGGA,0.25,"-2.16,-3.26,-13.39,0,1,-200.48,0.15789473684210525,0,0.3157894736842105,1,0,0.16666666666666666,-3.26,0.05555555555555555,0,0,0.05555555555555555,-1.1,0,0.16666666666666666,0,-1.33,0.05555555555555555,0",0,-2.000,63.2,-2.6100,-39.7000,-18.9800,-18.9800,0.0,,0,none,19,guide
GGUACUUCGUCCACAAACA,AAGUUGCGCGGAGGAGUUGUGUUUGUGGACGAAGUACCGAAAGGUCUUACCGGAAAA,0.51453957996769,"-1.6,-3.26,-13.39,0,1,-181.92,0.21052631578947367,0,0.15789473684210525,1,0,0.05555555555555555,-2.24,0.05555555555555555,0,0,0.05555555555555555,-2.11,0,0.0,0,-2.24,0.05555555555555555,1",0,-1.100,47.4,-1.6000,-33.3700,-11.1700,-11.1700,0.0,,0,none,19,guide
GGUUCUCAAAGUACACCUC,CAAGCUCAGCAUCGACGAGGAGGUGUACUUUGAGAACCUCAUGCAGCUGGUGGAGCA,0.25,"-0.46,-3.26,-13.39,0,1,-186.56,0.2631578947368421,0,0.15789473684210525,1,0,0.05555555555555555,-2.24,0.05555555555555555,0,0,0.05555555555555555,-2.35,0,0.0,0,-2.24,0.05555555555555555,0",0,-0.200,47.4,-0.9100,-33.5200,-12.0600,-12.0600,0.0,,0,none,19,guide
GGUUGUUACUUGACUGGCG,AAGAGAUCGUGGAUUACGUCGCCAGUCAAGUAACAACCGCGAAAAAGUUGCGCGGAG,0.8667205169628434,"-0.9,-3.26,-13.39,0,1,-187.16,0.3684210526315789,0,0.3684210526315789,1,0,0.1111111111111111,-2.24,0.05555555555555555,0,0,0.0,-2.36,0,0.05555555555555555,0,-2.24,0.16666666666666666,0",1,-0.800,52.6,-0.9000,-34.6300,-9.7800,-9.7800,0.0,,0,none,19,guide
GUAAAUAGCUGGAGAUGGU,GCUGGACUCUGGACCAUAUACCAUCUCCAGCUAUUUACACACACCUUUCUUUAGCAU,0.2736842105263158,"-0.9,-2.24,-11.4,0,1,-182.11,0.2631578947368421,0,0.3684210526315789,0,0,0.1111111111111111,-1.33,0.1111111111111111,1,0,0.0,-2.24,0,0.05555555555555555,0,-2.08,0.0,0",0,0.000,42.1,-0.4500,-32.2100,-7.7000,-7.7000,0.0,,0,none,19,guide
GUAAGACCUUUCGGUACUU,GGAGUUGUGUUUGUGGACGAAGUACCGAAAGGUCUUACCGGAAAACUCGACGCAAGA,0.7439418416801293,"-1.76,-2.24,-11.4,0,1,-174.67,0.3684210526315789,0,0.21052631578947367,0,0,0.05555555555555555,-1.33,0.1111111111111111,1,0,0.05555555555555555,-0.93,0,0.0,0,-3.26,0.16666666666666666,0",1,-2.600,42.1,-1.7600,-31.0200,-12.1900,-12.1900,0.0,,0,none,19,guide
GUAAGCUUUCAUGGCAUCU,UGAAAGGGACUUCCAAGGAAGAUGCCAUGAAAGCUUACAUCAACAAAGUAGAAGAGC,0.1508077544426495,"-1.06,-2.24,-11.4,0,1,-181.77,0.3684210526315789,0,0.21052631578947367,0,0,0.05555555555555555,-1.33,0.05555555555555555,1,0,0.0,-2.08,0,0.1111111111111111,0,-3.26,0.1111111111111111,0",0,-2.200,42.1,-0.6100,-31.9900,-10.7700,-10.7700,0.0,,0,none,19,guide
GUAAUCUCUGAACCUGUGA,UAUAUGGACUGGUAAUGGUUCACAGGUUCAGAGAUUACCCAGUGAGGCCUUAUUCCU,0.5684210526315789,"-0.79,-2.24,-11.4,0,1,-183.49,0.3157894736842105,0,0.21052631578947367,0,0,0.0,-1.33,0.05555555555555555,1,0,0.05555555555555555,-2.35,0,0.0,0,-3.26,0.0,1",0,0.000,42.1,-0.3400,-31.9500,-10.1400,-10.1400,0.0,,0,none,19,guide
GUACUUAAUCAGAGACUUC,UCUUCAUCGUUGACCGCCUGAAGUCUCUGAUUAAGUACAAAGGCUAUCAGGUGGCUC,0.5046042003231019,"0.11,-2.24,-11.4,0,1,-177.92999999999995,0.3157894736842105,0,0.15789473684210525,0,0,0.0,-1.33,0.1111111111111111,1,0,0.0,-2.35,0,0.0,0,-2.08,0.1111111111111111,0",0,-0.200,36.8,0.1100,-29.5100,-8.8400,-8.8400,0.0,,0,none,19,guide
GUAGAUGCUCUUUCCUCCU,UCACCAGGGGAGAUGGCACAGGAGGAAAGAGCAUCUACGGUGAGCGCUUCCCCGAUG,0.7003231017770598,"-1.06,-2.24,-11.4,0,1,-189.04,0.42105263157894735,0,0.15789473684210525,0,0,0.0,-1.33,0.05555555555555555,1,0,0.1111111111111111,-2.08,0,0.05555555555555555,0,-2.35,0.1111111111111111,0",1,0.000,47.4,-0.6100,-34.2900,-12.3900,-12.3900,0.0,,0,none,19,guide
GUAGCAAAACCUUUCGGAA,GCAGUUGGCUAAGAGAGGUUUCCGAAAGGUUUUGCUACCAUUCUAAUGCAUGUAUUC,0.5473684210526315,"-1.76,-2.24,-11.4,0,1,-172.65999999999997,0.21052631578947367,0,0.21052631578947367,0,0,0.05555555555555555,-1.33,0.05555555555555555,1,0,0.05555555555555555,-0.93,0,0.05555555555555555,0,-0.93,0.1111111111111111,1",0,-0.200,42.1,-1.7600,-30.3700,-10.8000,-10.8000,0.0,,0,none,19,guide
GUAGGAGCGGGUGACCAGA,GUGGCAGCUUCGGGGACAAUCUGGUCACCCGCUCCUACCUCCUGGGCACCUCCAGCC,0.83,"-0.79,-2.24,-11.4,0,1,-203.28,0.10526315789473684,0,0.4736842105263158,0,0,0.16666666666666666,-1.33,0.05555555555555555,1,0,0.05555555555555555,-2.35,0,0.05555555555555555,0,-2.35,0.0,1",1,-1.700,63.2,-0.3400,-40.2400,-14.5200,-14.5200,0.0,,0,none,19,guide
GUAGUAGAGCAGAUUCUCA,CACACCGAGACCUCAAACCUGAGAAUCUGCUCUACUACCAUCCGGGCACUGACUCCA,0.85,"-1.03,-2.24,-11.4,0,1,-184.97,0.2631578947368421,0,0.2631578947368421,0,0,0.0,-1.33,0.1111111111111111,1,0,0.0,-2.11,0,0.05555555555555555,0,-1.1,0.05555555555555555,1",1,-1.100,42.1,-0.5800,-32.3200,-11.4100,-11.4100,0.0,,0,none,19,guide
GUAGUGCCUGAAGCGCCGG,UGGGUCUUCGCCCAGGUGGCCGGCGCUUCAGGCACUACAAAUACUGUGGCAGCAUAU,0.85,"0.57,-2.24,-11.4,0,1,-204.54999999999995,0.15789473684210525,0,0.42105263157894735,0,0,0.05555555555555555,-1.33,0.05555555555555555,1,0,0.1111111111111111,-3.26,0,0.16666666666666666,0,-3.42,0.0,0",1,-3.600,68.4,1.0200,-40.9200,-14.4400,-14.4400,0.0,,0,none,19,guide
GUAGUGCUUCAGUUUGAAG,AGCGCUUCCCCGAUGAGAACUUCAAACUGAAGCACUACGGGCCUGGCUGGGUCAGCA,0.8150242326332797,"-0.16,-2.24,-11.4,0,1,-178.55999999999997,0.3684210526315789,0,0.3157894736842105,0,0,0.0,-1.33,0.05555555555555555,1,0,0.0,-2.08,0,0.05555555555555555,0,-0.93,0.16666666666666666,0",1,-1.800,42.1,-0.1600,-31.1500,-13.2600,-13.2600,0.0,,0,none,19,guide
GUAUAGGAGGACCGUGUAG,AGGCCCGGGACAGGAAGGCCUACACGGUCCUCCUAUACGGAAACGGUCCAGGCUAUG,0.3961227786752827,"-0.16,-2.24,-11.4,0,1,-192.01,0.21052631578947367,0,0.42105263157894735,0,0,0.1111111111111111,-1.33,0.16666666666666666,1,0,0.05555555555555555,-2.08,0,0.0,0,-2.36,0.0,0",0,-1.200,52.6,-0.1600,-35.6500,-11.4500,-11.4500,0.0,,0,none,19,guide
GUAUUUGUAGUGCCUGAAG,UUCGCCCAGGUGGCCGGCGCUUCAGGCACUACAAAUACUGUGGCAGCAUAUAAUUUA,0.25,"-0.16,-2.24,-11.4,0,1,-179.27999999999997,0.3684210526315789,0,0.3157894736842105,0,0,0.0,-1.33,0.1111111111111111,1,0,0.05555555555555555,-2.08,0,0.05555555555555555,0,-3.26,0.1111111111111111,0",0,-0.400,42.1,-0.1600,-31.2800,-8.6400,-8.6400,0.0,,0,none,19,guide
GUCCACAAACACAACUCCU,CCGCGAAAAAGUUGCGCGGAGGAGUUGUGUUUGUGGACGAAGUACCGAAAGGUCUUA,0.9313408723747982,"-1.06,-2.24,-11.4,0,1,-184.51,0.15789473684210525,0,0.05263157894736842,0,0,0.0,-2.35,0.0,1,0,0.1111111111111111,-2.08,0,0.0,0,-0.93,0.0,0",1,0.000,47.4,-0.6100,-33.8700,-13.0000,-13.0000,0.0,,0,none,19,guide
GUCCUCCAGGUCUCGAAGC,UGGCAGCCAAGGAGGCGAAGCUUCGAGACCUGGAGGACUCACUGGCCCGUGAGCGGG,0.96,"0.73,-2.24,-11.4,0,1,-206.26,0.21052631578947367,0,0.2631578947368421,0,0,0.05555555555555555,-2.35,0.0,1,0,0.1111111111111111,-3.42,0,0.05555555555555555,0,-2.35,0.0,0",1,-0.500,63.2,1.1800,-39.5600,-15.4100,-15.4100,0.0,,0,none,19,guide
GUCCUUGAUUACACGAUGG,GCUACAAAAACAGCAAAUUCCAUCGUGUAAUCAAGGACUUCAUGAUCCAGGGCGGAG,0.9305331179321488,"0.57,-2.24,-11.4,0,1,-187.22,0.3157894736842105,0,0.2631578947368421,0,0,0.05555555555555555,-2.35,0.05555555555555555,1,0,0.05555555555555555,-3.26,0,0.0,0,-2.24,0.1111111111111111,0",1,-0.100,47.4,1.0200,-32.6600,-13.0800,-13.0800,0.0,,0,none,19,guide
GUCUUCUCCAGCUCCUUCU,GACCAGGUGGAGCAGUAUAAGAAGGAGCUGGAGAAGACUUAUUCUGCCAAGCUGGAC,0.96,"-1.06,-2.24,-11.4,0,1,-194.89,0.42105263157894735,0,0.10526315789473684,0,0,0.0,-2.35,0.0,1,0,0.1111111111111111,-2.08,0,0.05555555555555555,0,-2.35,0.1111111111111111,0",1,0.000,52.6,-0.6100,-36.2400,-12.1400,-12.1400,0.0,,0,none,19,guide
GUGAAGUCUCCGCCCUGGA,GUAAUCAAGGACUUCAUGAUCCAGGGCGGAGACUUCACCAGGGGAGAUGGCACAGGA,0.5621970920840065,"-0.79,-2.24,-11.4,0,1,-203.45,0.21052631578947367,0,0.3157894736842105,0,0,0.05555555555555555,-2.11,0.0,1,0,0.16666666666666666,-2.35,0,0.05555555555555555,0,-3.26,0.0,1",0,-1.100,63.2,-0.3400,-39.9500,-12.0600,-12.0600,0.0,,0,none,19,guide
GUGCCCAAGCUGGCAUCCG,AAAGGCCCACACUUCCUGACGGAUGCCAGCUUGGGCACUGCUGUCUACUGACCCCAA,0.463157894736842,"-0.33,-2.24,-11.4,0,1,-207.98999999999995,0.15789473684210525,0,0.3157894736842105,0,0,0.05555555555555555,-2.11,0.0,1,0,0.16666666666666666,-2.36,0,0.16666666666666666,0,-3.42,0.0,0",0,-5.200,68.4,0.1200,-41.2900,-15.0900,-15.0900,0.0,,0,none,19,guide
GUGCCUGAAGCGCCGGCCA,GGCUGGGUCUUCGCCCAGGUGGCCGGCGCUUCAGGCACUACAAAUACUGUGGCAGCA,0.25,"-1.03,-2.24,-11.4,0,1,-209.97,0.10526315789473684,0,0.3684210526315789,0,0,0.05555555555555555,-2.11,0.0,1,0,0.16666666666666666,-2.11,0,0.2222222222222222,0,-3.26,0.0,1",0,-3.400,73.7,-0.5800,-43.3100,-15.3300,-15.3300,0.0,,0,none,19,guide
GUGGACUCCAGUUUGCGCU,GGGGGCAGCGUCACCAAAAAGCGCAAACUGGAGUCCACCGAGAGCCGCAGCAGCUUC,0.98,"-1.06,-2.24,-11.4,0,1,-195.33,0.3157894736842105,0,0.3157894736842105,0,0,0.05555555555555555,-2.11,0.0,1,0,0.05555555555555555,-2.08,0,0.1111111111111111,0,-0.93,0.1111111111111111,0",1,-3.300,57.9,-0.6100,-37.4300,-14.3900,-14.3900,0.0,,0,none,19,guide
GUGGCCUUCAGCAGGAGCU,CCACUGGGCCCGAGGGCCCAGCUCCUGCUGAAGGCCACCCCAGAGGACAACGGGCGC,0.3157894736842105,"-1.06,-2.24,-11.4,0,1,-204.29999999999995,0.21052631578947367,0,0.3684210526315789,0,0,0.1111111111111111,-2.11,0.0,1,0,0.05555555555555555,-2.08,0,0.16666666666666666,0,-2.08,0.05555555555555555,0",0,-2.200,63.2,-0.6100,-40.3500,-15.0600,-15.0600,0.0,,0,none,19,guide
GUGGGAGUGGUCGGCAGUG,AGGACACGCUGAGCCUCGUCACUGCCGACCACUCCCACGUCUUCUCCUUCGGAGGCU,0.0,"-0.13,-2.24,-11.4,0,1,-208.67,0.21052631578947367,0,0.5789473684210527,0,0,0.2222222222222222,-2.11,0.0,1,0,0.0,-2.11,0,0.05555555555555555,0,-3.26,0.0,0",0,-1.700,68.4,-0.1300,-41.4900,-15.3000,-15.3000,0.0,,0,none,19,guide
GUGUGGUGUUGUGAGCCUA,UCCUGAGUAGCUGGGACCAUAGGCUCACAACACCACACCUGGCAAAUUUGAUUUUUU,0.6421052631578947,"-1.36,-2.24,-11.4,0,1,-191.44,0.3684210526315789,0,0.42105263157894735,0,0,0.05555555555555555,-2.11,0.05555555555555555,1,0,0.05555555555555555,-1.33,0,0.05555555555555555,0,-2.35,0.05555555555555555,1",0,-1.900,52.6,-1.3600,-36.3200,-14.0700,-14.0700,0.0,,0,none,19,guide
GUUACUUGACUGGCGACGU,GAAAAAGAGAUCGUGGAUUACGUCGCCAGUCAAGUAACAACCGCGAAAAAGUUGCGC,0.9038772213247172,"-0.9,-2.24,-11.4,0,1,-187.27000000000007,0.3157894736842105,0,0.3157894736842105,0,0,0.05555555555555555,-0.93,0.05555555555555555,1,0,0.0,-2.24,0,0.05555555555555555,0,-3.42,0.1111111111111111,0",1,-1.300,52.6,-0.4500,-34.7800,-9.6200,-9.6200,0.0,,0,none,19,guide
GUUCCAUCUUCCAGCGGAU,AAAGGCCCGGCGCCAUUCUAUCCGCUGGAAGAUGGAACCGCUGGAGAGCAACUGCAU,0.25,"-1.59,-2.24,-11.4,0,1,-193.76,0.3157894736842105,0,0.21052631578947367,0,0,0.05555555555555555,-0.93,0.0,1,0,0.1111111111111111,-1.1,0,0.05555555555555555,0,-2.08,0.1111111111111111,0",0,-1.000,52.6,-1.5900,-35.3500,-12.1000,-12.1000,0.0,,0,none,19,guide
GUUCUCAUCGGGGAAGCGC,GAAAGAGCAUCUACGGUGAGCGCUUCCCCGAUGAGAACUUCAAACUGAAGCACUACG,0.9733441033925688,"0.73,-2.24,-11.4,0,1,-203.17999999999995,0.21052631578947367,0,0.3684210526315789,0,0,0.16666666666666666,-0.93,0.0,1,0,0.0,-3.42,0,0.1111111111111111,0,-2.35,0.05555555555555555,0",1,-3.000,63.2,1.1800,-38.6200,-10.9200,-10.9200,0.0,,0,none,19,guide
GUUCUUGGCGGCUGUCUGU,CCAAGAAGCUGCAGCCUGCACAGACAGCCGCCAAGAACCUCAUCAUCUUCCUGGGUG,0.6665672084665855,"-0.9,-2.24,-11.4,0,1,-195.33,0.42105263157894735,0,0.3684210526315789,0,0,0.1111111111111111,-0.93,0.0,1,0,0.0,-2.24,0,0.1111111111111111,0,-2.11,0.1111111111111111,0",0,-1.100,57.9,-0.4500,-37.2800,-11.6600,-11.6600,0.0,,0,none,19,guide
GUUGCGUCAUGACUGAGGC,CCAGGCCUUCCUGGCUGAAGCCUCAGUCAUGACGCAACUGCGGCAUAGCAACCUGGU,0.85,"0.73,-2.24,-11.4,0,1,-200.61999999999995,0.2631578947368421,0,0.3684210526315789,0,0,0.05555555555555555,-0.93,0.0,1,0,0.0,-3.42,0,0.1111111111111111,0,-2.08,0.05555555555555555,0",1,-4.000,57.9,1.1800,-37.2700,-13.4100,-13.4100,0.0,,0,none,19,guide
GUUUUCCGGUAAGACCUUU,GUUUGUGGACGAAGUACCGAAAGGUCUUACCGGAAAACUCGACGCAAGAAAAAUCAG,0.7988691437802908,"-1.76,-2.24,-11.4,0,1,-172.12999999999997,0.42105263157894735,0,0.21052631578947367,0,0,0.05555555555555555,-0.93,0.05555555555555555,1,0,0.1111111111111111,-0.93,0,0.0,0,-2.35,0.2777777777777778,0",1,-1.000,42.1,-1.7600,-30.4900,-10.7600,-10.7600,0.0,,0,none,19,guide
UAAAUAACGCGCCCAACAC,UCUUCAAUUCUUUAUGCCGGUGUUGGGCGCGUUAUUUAUCGGAGUUGCAGUUGCGCC,0.9,"1.36,-1.33,-7.69,1,0,-177.61,0.10526315789473684,0,0.10526315789473684,0,0,0.0,-0.93,0.1111111111111111,0,0,0.1111111111111111,-2.24,0,0.1111111111111111,0,-3.26,0.0,0",1,0.000,47.4,1.3600,-32.4100,-7.4600,-7.4600,0.0,,0,none,19,guide
UAACACAAAGGAAGUCUGG,CGGGGUCUCGCAACAUUGCCCAGACUUCCUUUGUGUUAGUUAAUAAAGCUUUCUCAA,0.7157894736842104,"1.93,-1.33,-7.69,1,0,-176.26,0.15789473684210525,0,0.2631578947368421,0,0,0.1111111111111111,-0.93,0.05555555555555555,0,0,0.0,-3.26,0,0.0,0,-2.08,0.0,0",1,0.000,42.1,2.3800,-31.4200,-10.5600,-10.5600,0.0,,0,none,19,guide
UAACAUUGAGCAGGUCUUG,UCGUCACCUUCGUGAAUACCAAGACCUGCUCAAUGUUAAGAUGGCCCUUGACAUUGA,0.85,"1.23,-1.33,-7.69,1,0,-179.35,0.3157894736842105,0,0.2631578947368421,0,0,0.05555555555555555,-0.93,0.05555555555555555,0,0,0.0,-2.11,0,0.05555555555555555,0,-3.26,0.1111111111111111,0",1,0.000,42.1,1.2300,-31.6200,-9.4200,-9.4200,0.0,,0,none,19,guide
UAAGCUUUCAUGGCAUCUU,CUGAAAGGGACUUCCAAGGAAGAUGCCAUGAAAGCUUACAUCAACAAAGUAGAAGAG,0.6344103392568661,"-0.4,-1.33,-7.69,1,0,-173.46999999999997,0.42105263157894735,0,0.15789473684210525,0,0,0.05555555555555555,-0.93,0.05555555555555555,0,0,0.0,-0.93,0,0.1111111111111111,0,-3.42,0.16666666666666666,0",0,-2.200,36.8,-0.4000,-29.9800,-10.3700,-10.3700,0.0,,0,none,19,guide
UAAGGCCACAAAAUUAUCC,AGACUGUUCCAAAAACAGUGGAUAAUUUUGUGGCCUUAGCUACAGGAGAGAAAGGAU,0.9022617124394186,"1.93,-1.33,-7.69,1,0,-171.15999999999997,0.21052631578947367,0,0.10526315789473684,0,0,0.05555555555555555,-0.93,0.1111111111111111,0,0,0.1111111111111111,-3.26,0,0.05555555555555555,0,-1.1,0.05555555555555555,0",1,0.000,36.8,2.3800,-29.4600,-15.0600,-15.0600,0.0,,0,none,19,guide
UAAGUCUUCUCCAGCUCCU,CAGGUGGAGCAGUAUAAGAAGGAGCUGGAGAAGACUUAUUCUGCCAAGCUGGACAAU,0.98,"0.3,-1.33,-7.69,1,0,-186.42,0.3684210526315789,0,0.10526315789473684,0,0,0.0,-0.93,0.05555555555555555,0,0,0.1111111111111111,-2.08,0,0.05555555555555555,0,-2.08,0.05555555555555555,0",1,0.000,47.4,0.7500,-34.7200,-10.6100,-10.6100,0.0,,0,none,19,guide
UAAUCCACGAUCUCUUUUU,CACGGAAAGACGAUGACGGAAAAAGAGAUCGUGGAUUACGUCGCCAGUCAAGUAACA,0.9612277867528272,"-0.4,-1.33,-7.69,1,0,-166.08999999999997,0.4736842105263158,0,0.05263157894736842,0,0,0.0,-0.93,0.05555555555555555,0,0,0.05555555555555555,-0.93,0,0.0,0,-2.35,0.2222222222222222,0",1,0.000,31.6,-0.4000,-27.0700,-11.9900,-11.9900,0.0,,0,none,19,guide
UAAUUUUUUGGAUGAUUGG,GAACGUGCAAAAAAAGCUCCCAAUCAUCCAAAAAAUUAUUAUCAUGGAUUCUAAAAC,0.97,"1.93,-1.33,-7.69,1,0,-159.21999999999997,0.5263157894736842,0,0.2631578947368421,0,0,0.1111111111111111,-0.93,0.05555555555555555,0,0,0.0,-3.26,0,0.0,0,-2.11,0.3333333333333333,0",1,0.000,26.3,2.3800,-24.4000,-5.7500,-5.7500,0.0,,0,none,19,guide
UACAGAACCAUACUCGAAC,UGGGCUAGAGAAGGAUGUGGUUCGAGUAUGGUUCUGUAACCGGCGCCAGAAGGGCAA,0.85,"1.36,-1.33,-7.69,1,0,-179.86,0.15789473684210525,0,0.10526315789473684,0,0,0.0,-2.24,0.1111111111111111,0,0,0.05555555555555555,-2.24,0,0.0,0,-2.08,0.0,0",1,0.000,42.1,1.3600,-31.6900,-11.9500,-11.9500,0.0,,0,none,19,guide
UACAUAACCGGACAUAAUC,UGUGUGUGAGAGGUCCUAUGAUUAUGUCCGGUUAUGUAAACAAUCCGGAAGCGACCA,0.96,"1.47,-1.33,-7.69,1,0,-174.89999999999995,0.21052631578947367,0,0.10526315789473684,0,0,0.05555555555555555,-2.24,0.16666666666666666,0,0,0.05555555555555555,-2.35,0,0.0,0,-2.11,0.0,0",1,0.000,36.8,1.4700,-29.5300,-9.9500,-9.9500,0.0,,0,none,19,guide
UACUUAAUCAGAGACUUCA,UUCUUCAUCGUUGACCGCCUGAAGUCUCUGAUUAAGUACAAAGGCUAUCAGGUGGCU,0.9668820678513734,"0.33,-1.33,-7.69,1,0,-169.52999999999997,0.3157894736842105,0,0.10526315789473684,0,0,0.0,-2.24,0.1111111111111111,0,0,0.0,-2.11,0,0.0,0,-2.35,0.1111111111111111,1",1,0.000,31.6,0.7800,-28.1800,-8.6100,-8.6100,0.0,,0,none,19,guide
UACUUCGUCCACAAACACA,AAAAGUUGCGCGGAGGAGUUGUGUUUGUGGACGAAGUACCGAAAGGUCUUACCGGAA,0.9579967689822296,"0.33,-1.33,-7.69,1,0,-175.25,0.21052631578947367,0,0.05263157894736842,0,0,0.0,-2.24,0.05555555555555555,0,0,0.05555555555555555,-2.11,0,0.0,0,-0.93,0.05555555555555555,1",1,0.000,42.1,0.7800,-31.3700,-12.2000,-12.2000,0.0,,0,none,19,guide
UACUUCUCAUGGUUCACAC,GCCCCCAUGUUCGUCAUGGGUGUGAACCAUGAGAAGUAUGACAACAGCCUCAAGAUC,0.9734248788368338,"1.36,-1.33,-7.69,1,0,-182.41,0.3684210526315789,0,0.10526315789473684,0,0,0.05555555555555555,-2.24,0.05555555555555555,0,0,0.0,-2.24,0,0.0,0,-0.93,0.1111111111111111,0",1,0.000,42.1,1.3600,-32.0700,-12.0300,-12.0300,0.0,,0,none,19,guide
UACUUGACUGGCGACGUAA,CGGAAAAAGAGAUCGUGGAUUACGUCGCCAGUCAAGUAACAACCGCGAAAAAGUUGC,0.9749596122778676,"-0.4,-1.33,-7.69,1,0,-179.84,0.2631578947368421,0,0.2631578947368421,0,0,0.05555555555555555,-2.24,0.1111111111111111,0,0,0.0,-0.93,0,0.05555555555555555,0,-2.35,0.05555555555555555,1",1,-0.400,47.4,-0.4000,-33.4700,-11.9500,-11.9500,0.0,,0,none,19,guide
UAGAAUGGCGCCGGGCCUU,GACGCCAAAAACAUAAAGAAAGGCCCGGCGCCAUUCUAUCCGCUGGAAGAUGGAACC,0.2,"-0.4,-1.33,-7.69,1,0,-196.37,0.21052631578947367,0,0.3684210526315789,0,0,0.16666666666666666,-2.08,0.05555555555555555,0,0,0.1111111111111111,-0.93,0,0.16666666666666666,0,-3.26,0.05555555555555555,0",0,-4.600,63.2,-0.4000,-39.5500,-11.8300,-11.8300,0.0,,0,none,19,guide
UAGAUCGAUCACUUAUCUG,CAACUAUACCUACACUGUACAGAUAAGUGAUCGAUCUAGAAACUGGAAAAACAAGUG,0.85,"1.23,-1.33,-7.69,1,0,-179.57,0.3684210526315789,0,0.15789473684210525,0,0,0.0,-2.08,0.1111111111111111,0,0,0.0,-2.11,0,0.0,0,-0.93,0.05555555555555555,0",1,0.000,36.8,1.2300,-29.7600,-12.5900,-12.5900,0.0,,0,none,19,guide
UAGCCAAAUCCUUUCUCUC,UUUGUGGCCUUAGCUACAGGAGAGAAAGGAUUUGGCUACAAAAACAGCAAAUUCCAU,0.9789983844911148,"1.47,-1.33,-7.69,1,0,-180.79999999999995,0.3684210526315789,0,0.05263157894736842,0,0,0.0,-2.08,0.05555555555555555,0,0,0.1111111111111111,-2.35,0,0.05555555555555555,0,-0.93,0.1111111111111111,0",1,0.000,42.1,1.4700,-31.8300,-12.7300,-12.7300,0.0,,0,none,19,guide
UAGCUAAGGCCACAAAAUU,UGUUCCAAAAACAGUGGAUAAUUUUGUGGCCUUAGCUACAGGAGAGAAAGGAUUUGG,0.8812600969305331,"-0.4,-1.33,-7.69,1,0,-168.06999999999996,0.21052631578947367,0,0.15789473684210525,0,0,0.05555555555555555,-2.08,0.1111111111111111,0,0,0.05555555555555555,-0.93,0,0.1111111111111111,0,-2.11,0.05555555555555555,0",1,-0.800,36.8,-0.4000,-29.6800,-11.9200,-11.9200,0.0,,0,none,19,guide
UAUAGGAGGACCGUGUAGG,AAGGCCCGGGACAGGAAGGCCUACACGGUCCUCCUAUACGGAAACGGUCCAGGCUAU,0.7283521809369953,"1.93,-1.33,-7.69,1,0,-190.28,0.21052631578947367,0,0.42105263157894735,0,0,0.16666666666666666,-1.1,0.16666666666666666,0,0,0.05555555555555555,-3.26,0,0.0,0,-2.24,0.0,0",1,-1.200,52.6,2.3800,-36.1700,-12.2000,-12.2000,0.0,,0,none,19,guide
UAUCCACUGUUUUUGGAAC,UGGUCUCUUCGGAAAGACUGUUCCAAAAACAGUGGAUAAUUUUGUGGCCUUAGCUAC,0.9361873990306946,"1.36,-1.33,-7.69,1,0,-171.49999999999997,0.42105263157894735,0,0.15789473684210525,0,0,0.05555555555555555,-1.1,0.05555555555555555,0,0,0.05555555555555555,-2.24,0,0.0,0,-0.93,0.2222222222222222,0",1,-2.300,36.8,1.3600,-29.2900,-13.1400,-13.1400,0.0,,0,none,19,guide
UAUGAGGAUCUCUCUGAUU,GAAAACUCGACGCAAGAAAAAUCAGAGAGAUCCUCAUAAAGGCCAAGAAGGGCGGAA,0.9652665589660744,"-0.4,-1.33,-7.69,1,0,-182.43,0.42105263157894735,0,0.21052631578947367,0,0,0.05555555555555555,-1.1,0.05555555555555555,0,0,0.0,-0.93,0,0.0,0,-2.35,0.05555555555555555,0",1,-1.500,36.8,-0.4000,-30.9700,-13.2500,-13.2500,0.0,,0,none,19,guide
UAUUCACGAAGGUGACGAG,AAUAUGAAGGAGGAAAUGGCUCGUCACCUUCGUGAAUACCAAGACCUGCUCAAUGUU,0.85,"1.2,-1.33,-7.69,1,0,-183.85,0.21052631578947367,0,0.3157894736842105,0,0,0.05555555555555555,-1.1,0.05555555555555555,0,0,0.0,-2.08,0,0.0,0,-2.11,0.05555555555555555,0",1,-3.700,47.4,1.2000,-32.6800,-11.0900,-11.0900,0.0,,0,none,19,guide
UAUUUAAGGAGGGUGAUCU,CCCAACUCCUUGAUGAAGAAGAUCACCCUCCUUAAAUAUUUCCGCAAUUACAUGAGC,0.8104200323101778,"0.3,-1.33,-7.69,1,0,-174.32,0.3684210526315789,0,0.3157894736842105,0,0,0.16666666666666666,-1.1,0.1111111111111111,0,0,0.0,-2.08,0,0.0,0,-2.24,0.1111111111111111,0",1,-0.100,36.8,0.7500,-30.4300,-7.3000,-7.3000,0.0,,0,none,19,guide
UAUUUGUCAAUCAGAGUGC,UUCUCCUUCUUCGCCAAAAGCACUCUGAUUGACAAAUACGAUUUAUCUAAUUUACAC,0.9379483037156704,"2.09,-1.33,-7.69,1,0,-177.29999999999995,0.3684210526315789,0,0.21052631578947367,0,0,0.0,-1.1,0.05555555555555555,0,0,0.0,-3.42,0,0.05555555555555555,0,-2.08,0.1111111111111111,0",1,-0.200,36.8,2.5400,-29.7800,-9.6600,-9.6600,0.0,,0,none,19,guide
UAUUUUUUCUUUAGCUCUU,GCUUACAUCAACAAAGUAGAAGAGCUAAAGAAAAAAUACGGGAUAUGAGAGACUGGA,0.7738287560581583,"-0.4,-1.33,-7.69,1,0,-149.94999999999996,0.6842105263157895,0,0.05263157894736842,0,0,0.0,-1.1,0.1111111111111111,0,0,0.0,-0.93,0,0.05555555555555555,0,-2.08,0.4444444444444444,0",1,0.000,21.1,-0.4000,-23.0000,-5.7500,-5.7500,0.0,,0,none,19,guide
UCAAGAUCUUCACAAAAGG,CAGCUAGAACUUAUCAAACCCUUUUGUGAAGAUCUUGACCAAUGGCUAAGUGAAGAU,0.9789473684210526,"1.36,-2.35,-12.44,1,0,-173.45999999999995,0.21052631578947367,0,0.15789473684210525,0,0,0.05555555555555555,-2.11,0.0,0,0,0.0,-3.26,0,0.0,0,-2.11,0.05555555555555555,0",1,0.000,36.8,1.3600,-28.9300,-10.9200,-10.9200,0.0,,0,none,19,guide
UCAAUGGCGUCGUCGAACA,GCACUGACUGAGACGAUCAUGUUCGACGACGCCAUUGAGAGGGCGGGCCAGCUCACC,0.8429486334113613,"-0.24,-2.35,-12.44,1,0,-187.44000000000003,0.21052631578947367,0,0.2631578947368421,0,0,0.05555555555555555,-2.11,0.0,0,0,0.0,-2.11,0,0.05555555555555555,0,-2.35,0.0,1",1,-0.200,52.6,-0.2400,-34.6800,-12.9300,-12.9300,0.0,,0,none,19,guide
UCAGGAGAAGCCGAGGAAG,UUUUCUAACCGUGCAGCCUCUUCCUCGGCUUCUCCUGAAAGGGAAGGUGGAAGCCGU,0.863157894736842,"0.63,-2.35,-12.44,1,0,-197.04,0.05263157894736842,0,0.42105263157894735,0,0,0.1111111111111111,-2.11,0.0,0,0,0.05555555555555555,-2.08,0,0.05555555555555555,0,-2.35,0.0,0",1,-0.300,57.9,0.1800,-37.5400,-14.2300,-14.2300,0.0,,0,none,19,guide
UCAGUUUGAAGUUCUCAUC,CUACGGUGAGCGCUUCCCCGAUGAGAACUUCAAACUGAAGCACUACGGGCCUGGCUG,0.9491114701130858,"0.9,-2.35,-12.44,1,0,-177.09,0.42105263157894735,0,0.15789473684210525,0,0,0.0,-2.11,0.0,0,0,0.0,-2.35,0,0.0,0,-2.35,0.16666666666666666,0",1,0.000,36.8,0.4500,-29.4800,-10.4000,-10.4000,0.0,,0,none,19,guide
UCAUAUUCUGAAUCUCAUC,CACUAUUGGCCGCCUGCAGGAUGAGAUUCAGAAUAUGAAGGAGGAAAUGGCUCGUCA,0.85,"0.9,-2.35,-12.44,1,0,-178.43999999999997,0.42105263157894735,0,0.05263157894736842,0,0,0.0,-2.11,0.05555555555555555,0,0,0.0,-2.35,0,0.0,0,-2.35,0.05555555555555555,0",1,0.000,31.6,0.4500,-28.2400,-8.9200,-8.9200,0.0,,0,none,19,guide
UCAUCGGGGAAGCGCUCAC,GGAGGAAAGAGCAUCUACGGUGAGCGCUUCCCCGAUGAGAACUUCAAACUGAAGCAC,0.9022617124394186,"0.79,-2.35,-12.44,1,0,-203.08,0.15789473684210525,0,0.3157894736842105,0,0,0.16666666666666666,-2.11,0.0,0,0,0.0,-2.24,0,0.1111111111111111,0,-2.36,0.0,0",1,-1.900,63.2,0.3400,-39.4500,-14.4400,-14.4400,0.0,,0,none,19,guide
UCAUCGUCUUUCCGUGCUC,CGCCGCCGUUGUUGUUUUGGAGCACGGAAAGACGAUGACGGAAAAAGAGAUCGUGGA,0.388529886914378,"0.9,-2.35,-12.44,1,0,-192.08,0.42105263157894735,0,0.15789473684210525,0,0,0.0,-2.11,0.0,0,0,0.05555555555555555,-2.35,0,0.05555555555555555,0,-2.36,0.1111111111111111,0",0,0.000,52.6,0.4500,-34.8800,-12.5100,-12.5100,0.0,,0,none,19,guide
UCAUGGAUGACCUUGGCCA,ACCAACUGCUUAGCACCCCUGGCCAAGGUCAUCCAUGACAACUUUGGUAUCGUGGAA,0.9634087237479808,"-0.24,-2.35,-12.44,1,0,-194.37,0.2631578947368421,0,0.2631578947368421,0,0,0.1111111111111111,-2.11,0.0,0,0,0.1111111111111111,-2.11,0,0.05555555555555555,0,-0.93,0.05555555555555555,1",1,-1.600,52.6,-0.2400,-36.7200,-12.0300,-12.0300,0.0,,0,none,19,guide
UCAUGGUUCACACCCAUGA,GCUGAUGCCCCCAUGUUCGUCAUGGGUGUGAACCAUGAGAAGUAUGACAACAGCCUC,0.7136510500807755,"0.0,-2.35,-12.44,1,0,-188.86,0.2631578947368421,0,0.15789473684210525,0,0,0.05555555555555555,-2.11,0.0,0,0,0.1111111111111111,-2.35,0,0.0,0,-3.26,0.05555555555555555,1",1,-5.500,47.4,0.0000,-34.8500,-11.7500,-11.7500,0.0,,0,none,19,guide
UCAUGUAAUUGCGGAAAUA,GAAGAUCACCCUCCUUAAAUAUUUCCGCAAUUACAUGAGCGAGCACUUGCUGAAGGC,0.6859450726979,"-0.57,-2.35,-12.44,1,0,-166.25999999999996,0.3157894736842105,0,0.21052631578947367,0,0,0.05555555555555555,-2.11,0.1111111111111111,0,0,0.0,-1.33,0,0.05555555555555555,0,-3.26,0.05555555555555555,1",0,0.000,31.6,-1.0200,-27.5000,-9.8200,-9.8200,0.0,,0,none,19,guide
UCCAGACAUGACCGCUGAG,GCCAGUGUUCACAAUGACACUCAGCGGUCAUGUCUGGACAUGAGUGCCCAGGGAAUA,0.5578947368421052,"0.63,-2.35,-12.44,1,0,-200.11,0.15789473684210525,0,0.2631578947368421,0,0,0.0,-3.26,0.0,0,0,0.1111111111111111,-2.08,0,0.05555555555555555,0,-2.36,0.0,0",0,-1.400,57.9,0.1800,-37.8700,-14.1500,-14.1500,0.0,,0,none,19,guide
UCCAGCUCCUUCUUAUACU,CAUGAGGACCAGGUGGAGCAGUAUAAGAAGGAGCUGGAGAAGACUUAUUCUGCCAAG,0.95,"-0.27,-2.35,-12.44,1,0,-180.57,0.42105263157894735,0,0.05263157894736842,0,0,0.0,-3.26,0.1111111111111111,0,0,0.1111111111111111,-2.08,0,0.05555555555555555,0,-0.93,0.1111111111111111,0",1,0.000,42.1,-0.2700,-32.7200,-15.3000,-15.3000,0.0,,0,none,19,guide
UCCGCCCUGGAUCAUGAAG,UCCAUCGUGUAAUCAAGGACUUCAUGAUCCAGGGCGGAGACUUCACCAGGGGAGAUG,0.9410339256865914,"0.63,-2.35,-12.44,1,0,-199.37,0.21052631578947367,0,0.2631578947368421,0,0,0.05555555555555555,-3.26,0.0,0,0,0.16666666666666666,-2.08,0,0.05555555555555555,0,-2.11,0.0,0",1,-1.600,57.9,0.1800,-37.9000,-17.6400,-17.6400,0.0,,0,none,19,guide
UCCGCGCAACUUUUUCGCG,UCGCCAGUCAAGUAACAACCGCGAAAAAGUUGCGCGGAGGAGUUGUGUUUGUGGACG,0.4838449111470113,"0.46,-2.35,-12.44,1,0,-184.56,0.3157894736842105,0,0.21052631578947367,0,0,0.0,-3.26,0.0,0,0,0.05555555555555555,-2.36,0,0.16666666666666666,0,-0.93,0.2222222222222222,0",0,-2.600,57.9,0.4600,-34.6000,-16.9300,-16.9300,0.0,,0,none,19,guide
UCCGGUAAGACCUUUCGGU,UUGUGUUUGUGGACGAAGUACCGAAAGGUCUUACCGGAAAACUCGACGCAAGAAAAA,0.9894991922455576,"-0.11,-2.35,-12.44,1,0,-184.42,0.3157894736842105,0,0.2631578947368421,0,0,0.1111111111111111,-3.26,0.05555555555555555,0,0,0.1111111111111111,-2.24,0,0.0,0,-0.93,0.1111111111111111,0",1,-2.500,52.6,-0.1100,-35.1700,-13.3800,-13.3800,0.0,,0,none,19,guide
UCCGUCAUCGUCUUUCCGU,GCCGUUGUUGUUUUGGAGCACGGAAAGACGAUGACGGAAAAAGAGAUCGUGGAUUAC,0.8206785137318255,"-0.11,-2.35,-12.44,1,0,-187.99,0.42105263157894735,0,0.15789473684210525,0,0,0.0,-3.26,0.0,0,0,0.1111111111111111,-2.24,0,0.0,0,-0.93,0.1111111111111111,0",1,0.000,52.6,-0.1100,-34.5800,-13.4200,-13.4200,0.0,,0,none,19,guide
UCCGUGCUCCAAAACAACA,GUGAACUUCCCGCCGCCGUUGUUGUUUUGGAGCACGGAAAGACGAUGACGGAAAAAG,0.8909531502423265,"-0.24,-2.35,-12.44,1,0,-179.85,0.15789473684210525,0,0.10526315789473684,0,0,0.0,-3.26,0.0,0,0,0.1111111111111111,-2.11,0,0.05555555555555555,0,-0.93,0.0,1",1,0.000,47.4,-0.2400,-33.3200,-15.4700,-15.4700,0.0,,0,none,19,guide
UCCUCCGAACGGCUGCCUC,GCUCCGGAGGCCGCCGGCGGAGGCAGCCGUUCGGAGGAUUAUUCGUCUUCUCCCCAU,0.8210526315789474,"0.9,-2.35,-12.44,1,0,-207.13,0.21052631578947367,0,0.21052631578947367,0,0,0.05555555555555555,-3.26,0.0,0,0,0.16666666666666666,-2.35,0,0.1111111111111111,0,-2.08,0.0,0",1,0.000,68.4,0.4500,-41.4300,-15.6600,-15.6600,0.0,,0,none,19,guide
UCCUCCUGUGCCAUCUCCC,AGGGCGGAGACUUCACCAGGGGAGAUGGCACAGGAGGAAAGAGCAUCUACGGUGAGC,0.8739903069466883,"1.36,-2.35,-12.44,1,0,-207.79999999999995,0.3157894736842105,0,0.10526315789473684,0,0,0.0,-3.26,0.0,0,0,0.2777777777777778,-3.26,0,0.05555555555555555,0,-1.1,0.0,0",1,0.000,63.2,1.3600,-41.0900,-15.1400,-15.1400,0.0,,0,none,19,guide
UCCUUCUGACUAAAGUCCG,UGUGACCGUAGAAGAUGAACGGACUUUAGUCAGAAGGAACAACACUUUCCUAAGCCU,0.25,"0.46,-2.35,-12.44,1,0,-183.16,0.3157894736842105,0,0.15789473684210525,0,0,0.0,-3.26,0.05555555555555555,0,0,0.1111111111111111,-2.36,0,0.0,0,-0.93,0.05555555555555555,0",0,-0.800,47.4,0.4600,-33.3700,-12.8100,-12.8100,0.0,,0,none,19,guide
UCCUUUCUCUCCUGUAGCU,UGGAUAAUUUUGUGGCCUUAGCUACAGGAGAGAAAGGAUUUGGCUACAAAAACAGCA,0.8368336025848144,"-0.27,-2.35,-12.44,1,0,-186.42,0.4736842105263158,0,0.10526315789473684,0,0,0.0,-3.26,0.05555555555555555,0,0,0.1111111111111111,-2.08,0,0.05555555555555555,0,-2.11,0.1111111111111111,0",1,0.000,47.4,-0.2700,-34.5700,-11.6300,-11.6300,0.0,,0,none,19,guide
UCGAGUUUUCCGGUAAGAC,GUGGACGAAGUACCGAAAGGUCUUACCGGAAAACUCGACGCAAGAAAAAUCAGAGAG,0.717285945072698,"0.79,-2.35,-12.44,1,0,-180.62,0.3157894736842105,0,0.2631578947368421,0,0,0.05555555555555555,-2.36,0.05555555555555555,0,0,0.05555555555555555,-2.24,0,0.0,0,-2.24,0.16666666666666666,0",1,0.000,47.4,0.3400,-32.4800,-10.8900,-10.8900,0.0,,0,none,19,guide
UCGCGGUUGUUACUUGACU,GAUCGUGGAUUACGUCGCCAGUCAAGUAACAACCGCGAAAAAGUUGCGCGGAGGAGU,0.9394184168012925,"-0.27,-2.35,-12.44,1,0,-178.97,0.42105263157894735,0,0.2631578947368421,0,0,0.05555555555555555,-2.36,0.05555555555555555,0,0,0.0,-2.08,0,0.05555555555555555,0,-2.08,0.16666666666666666,0",1,-0.400,47.4,-0.2700,-32.9200,-14.5700,-14.5700,0.0,,0,none,19,guide
UCGCUCUCGGUAACAUCCG,CUCAAGGACGGCGCCCGGCCGGAUGUUACCGAGAGCGAGAGCGGGAGCCCCGAGUAU,0.4285714285714285,"0.46,-2.35,-12.44,1,0,-194.1,0.2631578947368421,0,0.21052631578947367,0,0,0.05555555555555555,-2.36,0.05555555555555555,0,0,0.05555555555555555,-2.36,0,0.05555555555555555,0,-2.24,0.0,0",0,-2.000,57.9,0.4600,-36.3900,-14.6400,-14.6400,0.0,,0,none,19,guide
UCGGUACUUCGUCCACAAA,GUUGCGCGGAGGAGUUGUGUUUGUGGACGAAGUACCGAAAGGUCUUACCGGAAAACU,0.0791599353796446,"-0.97,-2.35,-12.44,1,0,-179.44,0.2631578947368421,0,0.15789473684210525,0,0,0.05555555555555555,-2.36,0.05555555555555555,0,0,0.05555555555555555,-0.93,0,0.0,0,-3.26,0.05555555555555555,1",0,-0.900,47.4,-1.4200,-33.1800,-13.5100,-13.5100,0.0,,0,none,19,guide
UCGUCCACAAACACAACUC,GCGAAAAAGUUGCGCGGAGGAGUUGUGUUUGUGGACGAAGUACCGAAAGGUCUUACC,0.994345718901454,"0.9,-2.35,-12.44,1,0,-183.72,0.15789473684210525,0,0.05263157894736842,0,0,0.0,-2.36,0.0,0,0,0.05555555555555555,-2.35,0,0.0,0,-2.24,0.0,0",1,0.000,47.4,0.4500,-33.2400,-14.5600,-14.5600,0.0,,0,none,19,guide
UCGUCCAGCUGCUGCUGCA,GCCGAGAUGCGGGCAAGGAUGCAGCAGCAGCUGGACGAGUACCAGGAGCUUCUGGAC,0.92,"-0.24,-2.35,-12.44,1,0,-202.89999999999995,0.2631578947368421,0,0.2631578947368421,0,0,0.0,-2.36,0.0,0,0,0.05555555555555555,-2.11,0,0.2222222222222222,0,-2.11,0.0,1",1,-4.800,63.2,-0.2400,-40.6200,-14.4000,-14.4000,0.0,,0,none,19,guide
UCUCAUCGGGGAAGCGCUC,AGGAAAGAGCAUCUACGGUGAGCGCUUCCCCGAUGAGAACUUCAAACUGAAGCACUA,0.9232633279483038,"0.9,-2.35,-12.44,1,0,-204.16,0.21052631578947367,0,0.3157894736842105,0,0,0.16666666666666666,-2.08,0.0,0,0,0.0,-2.35,0,0.1111111111111111,0,-2.08,0.0,0",1,-2.100,63.2,0.4500,-39.3300,-12.3500,-12.3500,0.0,,0,none,19,guide
UCUCCAGCUCCUUCUUAUA,UGAGGACCAGGUGGAGCAGUAUAAGAAGGAGCUGGAGAAGACUUAUUCUGCCAAGCU,0.9,"-0.57,-2.35,-12.44,1,0,-181.61,0.42105263157894735,0,0.05263157894736842,0,0,0.0,-2.08,0.1111111111111111,0,0,0.1111111111111111,-1.33,0,0.05555555555555555,0,-2.35,0.1111111111111111,1",1,0.000,42.1,-1.0200,-32.9800,-15.3000,-15.3000,0.0,,0,none,19,guide
UCUCCGCCCUGGAUCAUGA,CAUCGUGUAAUCAAGGACUUCAUGAUCCAGGGCGGAGACUUCACCAGGGGAGAUGGC,0.9741518578352182,"0.0,-2.35,-12.44,1,0,-201.27,0.2631578947368421,0,0.21052631578947367,0,0,0.05555555555555555,-2.08,0.0,0,0,0.16666666666666666,-2.35,0,0.05555555555555555,0,-1.1,0.0,1",1,-1.800,57.9,0.0000,-38.4700,-16.7300,-16.7300,0.0,,0,none,19,guide
UCUCUCUGAUUUUUCUUGC,UCUUACCGGAAAACUCGACGCAAGAAAAAUCAGAGAGAUCCUCAUAAAGGCCAAGAA,0.9927302100161552,"1.52,-2.35,-12.44,1,0,-176.02999999999992,0.5789473684210527,0,0.10526315789473684,0,0,0.0,-2.08,0.0,0,0,0.0,-3.42,0,0.05555555555555555,0,-0.93,0.2777777777777778,0",1,0.000,36.8,1.5200,-29.1700,-13.0500,-13.0500,0.0,,0,none,19,guide
UCUCUGAUUUUUCUUGCGU,GGUCUUACCGGAAAACUCGACGCAAGAAAAAUCAGAGAGAUCCUCAUAAAGGCCAAG,0.9321486268174476,"-0.11,-2.35,-12.44,1,0,-171.42999999999995,0.5789473684210527,0,0.15789473684210525,0,0,0.0,-2.08,0.0,0,0,0.0,-2.24,0,0.05555555555555555,0,-2.08,0.2777777777777778,0",1,0.000,36.8,-0.1100,-29.1400,-12.0700,-12.0700,0.0,,0,none,19,guide
UCUCUUUUUCCGUCAUCGU,UGUUUUGGAGCACGGAAAGACGAUGACGGAAAAAGAGAUCGUGGAUUACGUCGCCAG,0.8764135702746365,"-0.11,-2.35,-12.44,1,0,-176.68000000000004,0.5263157894736842,0,0.10526315789473684,0,0,0.0,-2.08,0.0,0,0,0.05555555555555555,-2.24,0,0.0,0,-2.35,0.2222222222222222,0",1,0.000,42.1,-0.1100,-30.6600,-9.3000,-9.3000,0.0,,0,none,19,guide
UCUGAUUUUUCUUGCGUCG,AAGGUCUUACCGGAAAACUCGACGCAAGAAAAAUCAGAGAGAUCCUCAUAAAGGCCA,0.9991922455573508,"0.46,-2.35,-12.44,1,0,-175.31,0.5263157894736842,0,0.21052631578947367,0,0,0.0,-2.08,0.0,0,0,0.0,-2.36,0,0.05555555555555555,0,-2.11,0.2777777777777778,0",1,0.000,42.1,0.4600,-29.7700,-9.5000,-9.5000,0.0,,0,none,19,guide
UCUGUGGUCGAGAAGCACU,UCUAGAAACUGGAAAAACAAGUGCUUCUCGACCACAGACACCGAGUGCGACCUCACA,0.85,"-0.27,-2.35,-12.44,1,0,-191.88,0.2631578947368421,0,0.3157894736842105,0,0,0.05555555555555555,-2.08,0.0,0,0,0.0,-2.08,0,0.05555555555555555,0,-0.93,0.0,0",1,-1.400,52.6,-0.2700,-36.1000,-14.0400,-14.0400,0.0,,0,none,19,guide
UCUUAUUCUGCUGCUCCAG,CAUCGACAAGGUGCGCUUCCUGGAGCAGCAGAAUAAGAUCCUGCUGGCCGAGCUCGA,0.85,"0.63,-2.35,-12.44,1,0,-187.57,0.42105263157894735,0,0.15789473684210525,0,0,0.0,-2.08,0.05555555555555555,0,0,0.05555555555555555,-2.08,0,0.1111111111111111,0,-3.42,0.1111111111111111,0",1,0.000,47.4,0.1800,-33.8800,-8.7200,-8.7200,0.0,,0,none,19,guide
UCUUCCAGCGGAUAGAAUG,AUAAAGAAAGGCCCGGCGCCAUUCUAUCCGCUGGAAGAUGGAACCGCUGGAGAGCAA,0.92,"0.66,-2.35,-12.44,1,0,-187.14,0.2631578947368421,0,0.2631578947368421,0,0,0.05555555555555555,-2.08,0.05555555555555555,0,0,0.05555555555555555,-2.11,0,0.05555555555555555,0,-1.33,0.05555555555555555,0",1,-2.200,47.4,0.2100,-33.2600,-12.8100,-12.8100,0.0,,0,none,19,guide
UCUUCUCCAGCUCCUUCUU,GGACCAGGUGGAGCAGUAUAAGAAGGAGCUGGAGAAGACUUAUUCUGCCAAGCUGGA,0.87,"-0.97,-2.35,-12.44,1,0,-186.59,0.4736842105263158,0,0.05263157894736842,0,0,0.0,-2.08,0.0,0,0,0.1111111111111111,-0.93,0,0.05555555555555555,0,-3.26,0.16666666666666666,0",1,0.000,47.4,-1.4200,-34.2800,-13.0500,-13.0500,0.0,,0,none,19,guide
UCUUGGCCUUUAUGAGGAU,CGCAAGAAAAAUCAGAGAGAUCCUCAUAAAGGCCAAGAAGGGCGGAAAGAUCGCCGU,0.1211631663974153,"-0.8,-2.35,-12.44,1,0,-180.54999999999995,0.42105263157894735,0,0.2631578947368421,0,0,0.1111111111111111,-2.08,0.05555555555555555,0,0,0.05555555555555555,-1.1,0,0.05555555555555555,0,-2.11,0.16666666666666666,0",0,-2.100,42.1,-1.2500,-32.5400,-15.0600,-15.0600,0.0,,0,none,19,guide
UCUUUAGCUCUUCUACUUU,CAUGAAAGCUUACAUCAACAAAGUAGAAGAGCUAAAGAAAAAAUACGGGAUAUGAGA,0.804281098546042,"-0.97,-2.35,-12.44,1,0,-164.91,0.5789473684210527,0,0.05263157894736842,0,0,0.0,-2.08,0.1111111111111111,0,0,0.0,-0.93,0,0.05555555555555555,0,-2.08,0.2777777777777778,0",1,0.000,31.6,-1.4200,-27.8600,-10.7700,-10.7700,0.0,,0,none,19,guide
UCUUUAUGUUUUUGGCGUC,UGGUAAAGCCACCAUGGAAGACGCCAAAAACAUAAAGAAAGGCCCGGCGCCAUUCUA,0.8200000000000001,"0.9,-2.35,-12.44,1,0,-168.61,0.5789473684210527,0,0.21052631578947367,0,0,0.05555555555555555,-2.08,0.05555555555555555,0,0,0.0,-2.35,0,0.05555555555555555,0,-2.11,0.3333333333333333,0",1,0.000,36.8,0.4500,-28.5900,-8.4800,-8.4800,0.0,,0,none,19,guide
UCUUUCCGUGCUCCAAAAC,ACUUCCCGCCGCCGUUGUUGUUUUGGAGCACGGAAAGACGAUGACGGAAAAAGAGAU,0.0,"0.79,-2.35,-12.44,1,0,-181.03,0.3157894736842105,0,0.10526315789473684,0,0,0.0,-2.08,0.0,0,0,0.1111111111111111,-2.24,0,0.05555555555555555,0,-3.26,0.1111111111111111,0",0,0.000,47.4,0.3400,-32.5700,-11.9100,-11.9100,0.0,,0,none,19,guide
UCUUUCCUCCUGUGCCAUC,CGGAGACUUCACCAGGGGAGAUGGCACAGGAGGAAAGAGCAUCUACGGUGAGCGCUU,0.910339256865913,"0.9,-2.35,-12.44,1,0,-194.66000000000003,0.42105263157894735,0,0.10526315789473684,0,0,0.0,-2.08,0.0,0,0,0.16666666666666666,-2.35,0,0.05555555555555555,0,-2.11,0.1111111111111111,0",1,0.000,52.6,0.4500,-36.4300,-11.6300,-11.6300,0.0,,0,none,19,guide
UCUUUUUCCGUCAUCGUCU,GUUGUUUUGGAGCACGGAAAGACGAUGACGGAAAAAGAGAUCGUGGAUUACGUCGCC,0.9765751211631664,"-0.27,-2.35,-12.44,1,0,-176.68,0.5263157894736842,0,0.10526315789473684,0,0,0.0,-2.08,0.0,0,0,0.05555555555555555,-2.08,0,0.0,0,-1.1,0.2222222222222222,0",1,0.000,42.1,-0.2700,-30.8100,-8.1500,-8.1500,0.0,,0,none,19,guide
UGAAGUCCUUGAUUACACG,CAAAAACAGCAAAUUCCAUCGUGUAAUCAAGGACUUCAUGAUCCAGGGCGGAGACUU,0.9418416801292409,"0.7,-2.11,-10.44,1,0,-178.02999999999997,0.3157894736842105,0,0.21052631578947367,0,0,0.0,-2.35,0.05555555555555555,0,0,0.05555555555555555,-2.36,0,0.0,0,-0.93,0.1111111111111111,0",1,0.000,42.1,0.7000,-30.8100,-13.2100,-13.2100,0.0,,0,none,19,guide
UGAAGUUCUCAUCGGGGAA,GAGCAUCUACGGUGAGCGCUUCCCCGAUGAGAACUUCAAACUGAAGCACUACGGGCC,0.9014539579967692,"-0.73,-2.11,-10.44,1,0,-185.04,0.2631578947368421,0,0.3157894736842105,0,0,0.16666666666666666,-2.35,0.0,0,0,0.0,-0.93,0,0.0,0,-2.36,0.05555555555555555,1",1,-2.400,47.4,-1.1800,-33.7600,-10.8800,-10.8800,0.0,,0,none,19,guide
UGAAUAGCACAUUGGUUGG,GCAAUGUGCAAGAAGAUAGCCAACCAAUGUGCUAUUCAAACUGCCCUGAUGGGCAGU,0.2842105263157894,"1.6,-2.11,-10.44,1,0,-179.16000000000003,0.3157894736842105,0,0.3157894736842105,0,0,0.1111111111111111,-2.35,0.05555555555555555,0,0,0.0,-3.26,0,0.05555555555555555,0,-2.11,0.1111111111111111,0",0,-0.200,42.1,1.6000,-31.7800,-11.2100,-11.2100,0.0,,0,none,19,guide
UGACUGGCGACGUAAUCCA,AUGACGGAAAAAGAGAUCGUGGAUUACGUCGCCAGUCAAGUAACAACCGCGAAAAAG,0.9806138933764136,"0.0,-2.11,-10.44,1,0,-189.1,0.21052631578947367,0,0.2631578947368421,0,0,0.05555555555555555,-2.35,0.05555555555555555,0,0,0.05555555555555555,-2.11,0,0.05555555555555555,0,-1.33,0.0,1",1,0.000,52.6,0.0000,-35.7100,-15.4600,-15.4600,0.0,,0,none,19,guide
UGAGCCGCUGGCAGAUGCC,GCGGGCAGCCUGCCGACAAGGCAUCUGCCAGCGGCUCAGGAGCCCAGGUGGGCGGAC,0.92,"1.6,-2.11,-10.44,1,0,-210.46,0.15789473684210525,0,0.3684210526315789,0,0,0.05555555555555555,-2.35,0.0,0,0,0.1111111111111111,-3.26,0,0.2222222222222222,0,-2.08,0.0,0",1,-2.800,68.4,1.6000,-42.3600,-16.8900,-16.8900,0.0,,0,none,19,guide
UGAGGAUCUCUCUGAUUUU,CGGAAAACUCGACGCAAGAAAAAUCAGAGAGAUCCUCAUAAAGGCCAAGAAGGGCGG,0.938610662358643,"-0.73,-2.11,-10.44,1,0,-179.0,0.4736842105263158,0,0.21052631578947367,0,0,0.05555555555555555,-2.35,0.0,0,0,0.0,-0.93,0,0.0,0,-2.11,0.16666666666666666,0",1,-2.200,36.8,-1.1800,-30.2500,-13.4900,-13.4900,0.0,,0,none,19,guide
UGAGGCUGUUGUCAUACUU,CAUGGGUGUGAACCAUGAGAAGUAUGACAACAGCCUCAAGAUCAUCAGCAAUGCCUC,0.9852180936995154,"-0.73,-2.11,-10.44,1,0,-180.21,0.42105263157894735,0,0.2631578947368421,0,0,0.05555555555555555,-2.35,0.05555555555555555,0,0,0.0,-0.93,0,0.05555555555555555,0,-2.11,0.1111111111111111,0",1,-2.000,42.1,-1.1800,-32.5800,-15.3000,-15.3000,0.0,,0,none,19,guide
UGAUCUUGAGGCUGUUGUC,UGUGAACCAUGAGAAGUAUGACAACAGCCUCAAGAUCAUCAGCAAUGCCUCCUGCAC,0.9855411954765754,"1.14,-2.11,-10.44,1,0,-189.72,0.42105263157894735,0,0.3157894736842105,0,0,0.05555555555555555,-2.35,0.0,0,0,0.0,-2.35,0,0.05555555555555555,0,-2.11,0.1111111111111111,0",1,-0.700,47.4,0.6900,-33.9100,-10.9200,-10.9200,0.0,,0,none,19,guide
UGAUGACCCUUUUGGCUCC,UGGGGCUCAUUUGCAGGGGGGAGCCAAAAGGGUCAUCAUCUCUGCCCCCUCUGCUGA,0.9409531502423264,"1.6,-2.11,-10.44,1,0,-191.95,0.3684210526315789,0,0.21052631578947367,0,0,0.05555555555555555,-2.35,0.0,0,0,0.16666666666666666,-3.26,0,0.05555555555555555,0,-2.11,0.16666666666666666,0",1,-1.800,52.6,1.6000,-36.0400,-13.4100,-13.4100,0.0,,0,none,19,guide
UGAUUUUUCUUGCGUCGAG,GAAAGGUCUUACCGGAAAACUCGACGCAAGAAAAAUCAGAGAGAUCCUCAUAAAGGC,0.9278836833602586,"0.87,-2.11,-10.44,1,0,-175.30999999999997,0.4736842105263158,0,0.2631578947368421,0,0,0.0,-2.35,0.0,0,0,0.0,-2.08,0,0.05555555555555555,0,-2.36,0.2777777777777778,0",1,0.000,42.1,0.4200,-29.9700,-7.1700,-7.1700,0.0,,0,none,19,guide
UGCCAAGUACGUCUGCUUC,ACGAGAUUGUGAAGGAUGUGAAGCAGACGUACUUGGCACGGGUCUUCUCCUACCCGG,0.85,"1.14,-2.11,-10.44,1,0,-189.63,0.3157894736842105,0,0.21052631578947367,0,0,0.0,-3.42,0.05555555555555555,0,0,0.05555555555555555,-2.35,0,0.1111111111111111,0,-2.08,0.05555555555555555,0",1,-1.200,52.6,0.6900,-35.3500,-14.0400,-14.0400,0.0,,0,none,19,guide
UGCCAUCUCCCCUGGUGAA,CAUGAUCCAGGGCGGAGACUUCACCAGGGGAGAUGGCACAGGAGGAAAGAGCAUCUA,0.3667205169628433,"-0.73,-2.11,-10.44,1,0,-198.42,0.2631578947368421,0,0.21052631578947367,0,0,0.05555555555555555,-3.42,0.0,0,0,0.2222222222222222,-0.93,0,0.05555555555555555,0,-2.11,0.0,1",0,-3.200,57.9,-1.1800,-38.8500,-14.3200,-14.3200,0.0,,0,none,19,guide
UGCGUCGAGUUUUCCGGUA,ACGAAGUACCGAAAGGUCUUACCGGAAAACUCGACGCAAGAAAAAUCAGAGAGAUCC,0.9991922455573508,"-0.33,-2.11,-10.44,1,0,-183.12,0.3684210526315789,0,0.3157894736842105,0,0,0.05555555555555555,-3.42,0.05555555555555555,0,0,0.05555555555555555,-1.33,0,0.05555555555555555,0,-2.35,0.16666666666666666,1",1,0.000,52.6,-0.7800,-34.4600,-15.0800,-15.0800,0.0,,0,none,19,guide
UGCUACACAUGUCUAUGGA,CUUACAGAAGAAGUGGCCCUCCAUAGACAUGUGUAGCAUCAAAACACAAAGGCCCAC,0.8736842105263157,"0.24,-2.11,-10.44,1,0,-183.6,0.3157894736842105,0,0.21052631578947367,0,0,0.05555555555555555,-3.42,0.1111111111111111,0,0,0.0,-2.35,0,0.05555555555555555,0,-2.08,0.0,1",1,0.000,42.1,0.2400,-32.8800,-13.4200,-13.4200,0.0,,0,none,19,guide
UGCUCCAAAACAACAACGG,GCCGGUGAACUUCCCGCCGCCGUUGUUGUUUUGGAGCACGGAAAGACGAUGACGGAA,0.945880452342488,"1.6,-2.11,-10.44,1,0,-177.95,0.10526315789473684,0,0.15789473684210525,0,0,0.05555555555555555,-3.42,0.0,0,0,0.05555555555555555,-3.26,0,0.05555555555555555,0,-2.24,0.0,0",1,0.000,47.4,1.6000,-32.4500,-14.1500,-14.1500,0.0,,0,none,19,guide
UGCUCUCCAGCGGUUCCAU,CCAUUCUAUCCGCUGGAAGAUGGAACCGCUGGAGAGCAACUGCAUAAGGCUAUGAAG,0.35,"-0.56,-2.11,-10.44,1,0,-197.2,0.3157894736842105,0,0.21052631578947367,0,0,0.05555555555555555,-3.42,0.0,0,0,0.1111111111111111,-1.1,0,0.1111111111111111,0,-2.24,0.05555555555555555,0",0,-1.700,57.9,-1.0100,-38.3800,-15.5400,-15.5400,0.0,,0,none,19,guide
UGCUUCAGUUUGAAGUUCU,GGUGAGCGCUUCCCCGAUGAGAACUUCAAACUGAAGCACUACGGGCCUGGCUGGGUC,0.5912762520193862,"-0.03,-2.11,-10.44,1,0,-171.28999999999996,0.4736842105263158,0,0.21052631578947367,0,0,0.0,-3.42,0.0,0,0,0.0,-2.08,0,0.05555555555555555,0,-0.93,0.2222222222222222,0",0,-4.100,36.8,-0.0300,-29.6100,-12.9700,-12.9700,0.0,,0,none,19,guide
UGGAAGAACUCUACUUUGA,UUACCUGUGUGUGGUGAUAUCAAAGUAGAGUUCUUCCACAAACAGAACAAGAUGCUA,0.5263157894736843,"0.24,-2.11,-10.44,1,0,-172.67,0.3157894736842105,0,0.21052631578947367,0,0,0.05555555555555555,-3.26,0.05555555555555555,0,0,0.0,-2.35,0,0.0,0,-2.24,0.1111111111111111,1",0,-0.300,36.8,0.2400,-30.0900,-11.9000,-11.9000,0.0,,0,none,19,guide
UGGAAUUUGCUGUUUUUGU,GGAGAGAAAGGAUUUGGCUACAAAAACAGCAAAUUCCAUCGUGUAAUCAAGGACUUC,0.8586429725363491,"0.13,-2.11,-10.44,1,0,-161.82,0.5789473684210527,0,0.2631578947368421,0,0,0.05555555555555555,-3.26,0.0,0,0,0.0,-2.24,0,0.05555555555555555,0,-0.93,0.3333333333333333,0",1,0.000,31.6,0.1300,-26.8500,-9.5000,-9.5000,0.0,,0,none,19,guide
UGGAGCUGCAAUAGUGCAA,UUUGCAUUUCACUGGGAGCUUGCACUAUUGCAGCUCCAGUUUCCUGCAGUGAUCAGG,0.2631578947368421,"-0.73,-2.11,-10.44,1,0,-185.17,0.21052631578947367,0,0.3157894736842105,0,0,0.05555555555555555,-3.26,0.05555555555555555,0,0,0.0,-0.93,0,0.16666666666666666,0,-2.08,0.0,1",0,-2.800,47.4,-1.1800,-34.5500,-15.3000,-15.3000,0.0,,0,none,19,guide
UGGAUAAAUAUAGGUCAAG,AGGAUGGAUUCGACUUAGACUUGACCUAUAUUUAUCCAAACAUUAUUGCUAUGGGAU,0.7157894736842104,"0.87,-2.11,-10.44,1,0,-169.23999999999995,0.2631578947368421,0,0.2631578947368421,0,0,0.1111111111111111,-3.26,0.16666666666666666,0,0,0.0,-2.08,0,0.0,0,-3.26,0.0,0",1,-0.300,31.6,0.4200,-27.9800,-9.9000,-9.9000,0.0,,0,none,19,guide
UGGCAGAAUAAGUCUUCUC,GCAGUAUAAGAAGGAGCUGGAGAAGACUUAUUCUGCCAAGCUGGACAAUGCCAGGCA,0.97,"1.14,-2.11,-10.44,1,0,-182.43,0.3157894736842105,0,0.21052631578947367,0,0,0.05555555555555555,-3.26,0.05555555555555555,0,0,0.0,-2.35,0,0.05555555555555555,0,-2.35,0.05555555555555555,0",1,-0.700,42.1,0.6900,-32.1400,-14.1500,-14.1500,0.0,,0,none,19,guide
UGGCGACGUAAUCCACGAU,GACGAUGACGGAAAAAGAGAUCGUGGAUUACGUCGCCAGUCAAGUAACAACCGCGAA,0.581583198707593,"-0.56,-2.11,-10.44,1,0,-188.2,0.21052631578947367,0,0.2631578947368421,0,0,0.05555555555555555,-3.26,0.05555555555555555,0,0,0.05555555555555555,-1.1,0,0.05555555555555555,0,-3.26,0.0,0",0,-0.300,52.6,-1.0100,-34.9800,-15.9900,-15.9900,0.0,,0,none,19,guide
UGGCGUCGUUCUUAAUGCA,GAACAAAGUCGCCGUCAAGUGCAUUAAGAACGACGCCACUGCCCAGGCCUUCCUGGC,0.85,"0.0,-2.11,-10.44,1,0,-180.39,0.3684210526315789,0,0.2631578947368421,0,0,0.05555555555555555,-3.26,0.05555555555555555,0,0,0.0,-2.11,0,0.1111111111111111,0,-1.33,0.1111111111111111,1",1,-2.300,47.4,0.0000,-32.9900,-15.9900,-15.9900,0.0,,0,none,19,guide
UGGUGAAGUCUCCGCCCUG,AAUCAAGGACUUCAUGAUCCAGGGCGGAGACUUCACCAGGGGAGAUGGCACAGGAGG,0.6025848142164782,"0.9,-2.11,-10.44,1,0,-201.45,0.2631578947368421,0,0.3157894736842105,0,0,0.05555555555555555,-3.26,0.0,0,0,0.16666666666666666,-2.11,0,0.05555555555555555,0,-2.36,0.0,0",0,-3.500,63.2,0.4500,-39.7100,-12.9700,-12.9700,0.0,,0,none,19,guide
UGUAGACUUGAUUGACGGG,UUUGGAGUGGGAACCCAAACCCGUCAAUCAAGUCUACACUGUUCAAAUAAGCACUAA,0.25,"1.6,-2.11,-10.44,1,0,-184.6,0.3157894736842105,0,0.3684210526315789,0,0,0.1111111111111111,-2.24,0.05555555555555555,0,0,0.0,-3.26,0,0.0,0,-2.11,0.1111111111111111,0",0,0.000,47.4,1.6000,-33.3400,-12.3200,-12.3200,0.0,,0,none,19,guide
UGUAGCCAAAUCCUUUCUC,UGUGGCCUUAGCUACAGGAGAGAAAGGAUUUGGCUACAAAAACAGCAAAUUCCAUCG,0.9701130856219712,"1.14,-2.11,-10.44,1,0,-179.71999999999997,0.3684210526315789,0,0.10526315789473684,0,0,0.0,-2.24,0.05555555555555555,0,0,0.1111111111111111,-2.35,0,0.05555555555555555,0,-2.08,0.1111111111111111,0",1,0.000,42.1,0.6900,-31.9000,-14.4400,-14.4400,0.0,,0,none,19,guide
UGUAGCUAAGGCCACAAAA,UUCCAAAAACAGUGGAUAAUUUUGUGGCCUUAGCUACAGGAGAGAAAGGAUUUGGCU,0.644588045234249,"-0.73,-2.11,-10.44,1,0,-173.71,0.15789473684210525,0,0.21052631578947367,0,0,0.05555555555555555,-2.24,0.1111111111111111,0,0,0.05555555555555555,-0.93,0,0.1111111111111111,0,-2.11,0.0,1",0,-3.200,42.1,-1.1800,-32.3000,-12.4800,-12.4800,0.0,,0,none,19,guide
UGUGCCAUCUCCCCUGGUG,UGAUCCAGGGCGGAGACUUCACCAGGGGAGAUGGCACAGGAGGAAAGAGCAUCUACG,0.8206785137318255,"0.9,-2.11,-10.44,1,0,-204.72,0.3157894736842105,0,0.2631578947368421,0,0,0.05555555555555555,-2.24,0.0,0,0,0.2222222222222222,-2.11,0,0.05555555555555555,0,-3.26,0.0,0",1,-2.500,63.2,0.4500,-40.5700,-14.2400,-14.2400,0.0,,0,none,19,guide
UGUGUGUUCGGUUUCAUGG,CAGGCCCAAAAAGGGACCCCCAUGAAACCGAACACACAAGCCACGCCUCCCUGAACC,0.8315789473684211,"1.6,-2.11,-10.44,1,0,-182.61,0.4736842105263158,0,0.3684210526315789,0,0,0.1111111111111111,-2.24,0.0,0,0,0.0,-3.26,0,0.0,0,-0.93,0.16666666666666666,0",1,0.000,47.4,1.6000,-32.8400,-11.8700,-11.8700,0.0,,0,none,19,guide
UGUUCUUCUGGAAGUCCAG,GCAGACCAUGAAGGAGGAACUGGACUUCCAGAAGAACAUCUACAGUGAGGAGCUGCG,0.98,"0.87,-2.11,-10.44,1,0,-185.70999999999995,0.3684210526315789,0,0.2631578947368421,0,0,0.05555555555555555,-2.24,0.0,0,0,0.05555555555555555,-2.08,0,0.0,0,-2.08,0.1111111111111111,0",1,-3.500,47.4,0.4200,-33.7500,-10.8800,-10.8800,0.0,,0,none,19,guide
UGUUGUCAUACUUCUCAUG,GUUCGUCAUGGGUGUGAACCAUGAGAAGUAUGACAACAGCCUCAAGAUCAUCAGCAA,0.9708400646203555,"0.9,-2.11,-10.44,1,0,-177.43999999999997,0.4736842105263158,0,0.15789473684210525,0,0,0.0,-2.24,0.05555555555555555,0,0,0.0,-2.11,0,0.0,0,-2.35,0.1111111111111111,0",1,0.000,36.8,0.4500,-29.7300,-11.9800,-11.9800,0.0,,0,none,19,guide
UGUUUUUGUAGCCAAAUCC,CUUAGCUACAGGAGAGAAAGGAUUUGGCUACAAAAACAGCAAAUUCCAUCGUGUAAU,0.8990306946688207,"1.6,-2.11,-10.44,1,0,-169.35999999999996,0.42105263157894735,0,0.15789473684210525,0,0,0.0,-2.24,0.05555555555555555,0,0,0.1111111111111111,-3.26,0,0.05555555555555555,0,-2.11,0.2222222222222222,0",1,0.000,36.8,1.6000,-29.2500,-8.0700,-8.0700,0.0,,0,none,19,guide
UUAAAAUCGCAGUAUCCGG,UUUUGGCAAUCAAAUCAUUCCGGAUACUGCGAUUUUAAGUGUUGUUCCAUUCCAUCA,0.92,"2.33,-0.93,-6.82,1,0,-174.22999999999996,0.2631578947368421,1,0.21052631578947367,0,0,0.05555555555555555,-1.33,0.1111111111111111,1,0,0.05555555555555555,-3.26,0,0.05555555555555555,0,-1.33,0.05555555555555555,0",1,0.000,42.1,2.7800,-30.2300,-7.5700,-7.5700,0.0,,0,none,19,guide
UUAAACGCUUUCUCUGGAA,GUGACCGCGGGUGCAGGCAUUCCAGAGAAAGCGUUUAAUUUAACUUGGAUAUCAACU,0.25,"0.0,-0.93,-6.82,1,0,-167.07,0.3684210526315789,1,0.15789473684210525,0,0,0.05555555555555555,-1.33,0.05555555555555555,1,0,0.0,-0.93,0,0.05555555555555555,0,-2.35,0.16666666666666666,1",0,0.000,36.8,0.0000,-28.9500,-11.2100,-11.2100,0.0,,0,none,19,guide
UUAAUCAGAGACUUCAGGC,CACUUCUUCAUCGUUGACCGCCUGAAGUCUCUGAUUAAGUACAAAGGCUAUCAGGUG,0.92,"2.49,-0.93,-6.82,1,0,-182.43,0.2631578947368421,1,0.21052631578947367,0,0,0.05555555555555555,-1.33,0.05555555555555555,1,0,0.0,-3.42,0,0.05555555555555555,0,-0.93,0.1111111111111111,0",1,0.000,42.1,2.9400,-31.9400,-9.9000,-9.9000,0.0,,0,none,19,guide
UUACACGAUGGAAUUUGCU,AGGAUUUGGCUACAAAAACAGCAAAUUCCAUCGUGUAAUCAAGGACUUCAUGAUCCA,0.9224555735056544,"0.7,-0.93,-6.82,1,0,-171.06999999999996,0.3684210526315789,1,0.21052631578947367,0,0,0.05555555555555555,-1.33,0.05555555555555555,1,0,0.0,-2.08,0,0.05555555555555555,0,-1.1,0.16666666666666666,0",1,0.000,36.8,1.1500,-29.0900,-12.6300,-12.6300,0.0,,0,none,19,guide
UUAGGCAAGAAGUCUCAAA,GUUAGUGGGCAAACCACCUUUUGAGACUUCUUGCCUAAAAGAGACCUACCUCCGGAU,0.8885298869143783,"0.0,-0.93,-6.82,1,0,-170.53,0.21052631578947367,1,0.21052631578947367,0,0,0.05555555555555555,-1.33,0.05555555555555555,1,0,0.0,-0.93,0,0.05555555555555555,0,-2.35,0.05555555555555555,1",1,-1.900,36.8,0.0000,-29.8500,-13.1300,-13.1300,0.0,,0,none,19,guide
UUAUAAAUGUCGUUCGCGG,AUCGGAGUUGCAGUUGCGCCCGCGAACGACAUUUAUAAUGAACGUGAAUUGCUCAAC,0.92,"2.33,-0.93,-6.82,1,0,-172.39999999999995,0.3684210526315789,1,0.2631578947368421,0,0,0.05555555555555555,-1.33,0.1111111111111111,1,0,0.0,-3.26,0,0.05555555555555555,0,-0.93,0.1111111111111111,0",1,0.000,42.1,2.7800,-29.3400,-6.7200,-6.7200,0.0,,0,none,19,guide
UUAUUUUCAUGGUGUUUUA,UUUUUUUUAUCAAGAGGGAUAAAACACCAUGAAAAUAAACUUGAAUAAACUGAAAAU,0.8210526315789474,"0.4,-0.93,-6.82,1,0,-150.77999999999997,0.631578947368421,1,0.15789473684210525,0,0,0.05555555555555555,-1.33,0.1111111111111111,1,0,0.0,-1.33,0,0.0,0,-2.11,0.3888888888888889,1",1,0.000,21.1,0.4000,-23.3000,-7.5700,-7.5700,0.0,,0,none,19,guide
UUCACACCCAUGACGAACA,CCCUCUGCUGAUGCCCCCAUGUUCGUCAUGGGUGUGAACCAUGAGAAGUAUGACAAC,0.8735056542810986,"0.73,-0.93,-6.82,1,0,-184.51,0.15789473684210525,1,0.10526315789473684,0,0,0.0,-2.35,0.0,1,0,0.1111111111111111,-2.11,0,0.0,0,-2.24,0.05555555555555555,1",1,0.000,47.4,1.1800,-33.7600,-14.3100,-14.3100,0.0,,0,none,19,guide
UUCACCUCCAGAUCUUCAU,CUGGGCAACCUUUUCCUGAAUGAAGAUCUGGAGGUGAAAAUAGGGGAUUUUGGACUG,0.668659127625202,"0.17,-0.93,-6.82,1,0,-184.49,0.3684210526315789,1,0.05263157894736842,0,0,0.0,-2.35,0.0,1,0,0.1111111111111111,-1.1,0,0.0,0,-2.35,0.1111111111111111,0",0,0.000,42.1,0.1700,-32.6500,-14.3900,-14.3900,0.0,,0,none,19,guide
UUCUCCAGCUCCUUCUUAU,GAGGACCAGGUGGAGCAGUAUAAGAAGGAGCUGGAGAAGACUUAUUCUGCCAAGCUG,0.96,"0.17,-0.93,-6.82,1,0,-180.74,0.4736842105263158,1,0.05263157894736842,0,0,0.0,-2.35,0.05555555555555555,1,0,0.1111111111111111,-1.1,0,0.05555555555555555,0,-0.93,0.16666666666666666,0",1,0.000,42.1,0.1700,-32.4300,-14.2300,-14.2300,0.0,,0,none,19,guide
UUCUCCUCAGCAGCCAGAG,GCUGCCGCCGCUGCCAGGCCUCUGGCUGCUGAGGAGAAGCAGGCCCAGUCGCUGCAA,0.7578947368421053,"1.6,-0.93,-6.82,1,0,-199.98999999999995,0.21052631578947367,1,0.21052631578947367,0,0,0.0,-2.35,0.0,1,0,0.1111111111111111,-2.08,0,0.1111111111111111,0,-3.42,0.05555555555555555,0",1,-0.800,57.9,1.6000,-38.3600,-14.4700,-14.4700,0.0,,0,none,19,guide
UUCUCUCCUGUAGCUAAGG,ACAGUGGAUAAUUUUGUGGCCUUAGCUACAGGAGAGAAAGGAUUUGGCUACAAAAAC,0.8481421647819065,"2.33,-0.93,-6.82,1,0,-185.39,0.3684210526315789,1,0.21052631578947367,0,0,0.05555555555555555,-2.35,0.1111111111111111,1,0,0.05555555555555555,-3.26,0,0.05555555555555555,0,-3.42,0.05555555555555555,0",1,-1.000,47.4,2.7800,-34.4000,-14.4700,-14.4700,0.0,,0,none,19,guide
UUCUCUGGAAUGCCUGCAC,CUCCUCCAGGUGACCGCGGGUGCAGGCAUUCCAGAGAAAGCGUUUAAUUUAACUUGG,0.25,"1.76,-0.93,-6.82,1,0,-194.15,0.3157894736842105,1,0.21052631578947367,0,0,0.05555555555555555,-2.35,0.0,1,0,0.05555555555555555,-2.24,0,0.1111111111111111,0,-3.26,0.05555555555555555,0",0,-0.200,52.6,1.7600,-36.3500,-14.2300,-14.2300,0.0,,0,none,19,guide
UUCUUCUGCAGGAUGGAAA,ACCGCCAAGUCCAGAGCCAUUUCCAUCCUGCAGAAGAAGCCCCGCCACCAGCAGCUU,0.4947368421052631,"0.0,-0.93,-6.82,1,0,-179.78999999999996,0.3157894736842105,1,0.2631578947368421,0,0,0.1111111111111111,-2.35,0.0,1,0,0.0,-0.93,0,0.05555555555555555,0,-1.1,0.1111111111111111,1",0,-1.100,42.1,0.0000,-32.2400,-11.9000,-11.9000,0.0,,0,none,19,guide
UUCUUGCGUCGAGUUUUCC,AGUACCGAAAGGUCUUACCGGAAAACUCGACGCAAGAAAAAUCAGAGAGAUCCUCAU,0.9733441033925688,"2.33,-0.93,-6.82,1,0,-180.28,0.4736842105263158,1,0.21052631578947367,0,0,0.0,-2.35,0.0,1,0,0.05555555555555555,-3.26,0,0.05555555555555555,0,-2.24,0.2777777777777778,0",1,-0.100,47.4,2.7800,-32.0600,-13.2500,-13.2500,0.0,,0,none,19,guide
UUCUUUAUGUUUUUGGCGU,GGUAAAGCCACCAUGGAAGACGCCAAAAACAUAAAGAAAGGCCCGGCGCCAUUCUAU,0.95,"0.86,-0.93,-6.82,1,0,-159.27,0.631578947368421,1,0.21052631578947367,0,0,0.05555555555555555,-2.35,0.05555555555555555,1,0,0.0,-2.24,0,0.05555555555555555,0,-0.93,0.3888888888888889,0",1,0.000,31.6,1.3100,-26.6200,-8.7200,-8.7200,0.0,,0,none,19,guide
UUGAACUCGGUGUUGAUGG,GACUUCUCGCUGGCCGACGCCAUCAACACCGAGUUCAAGAACACCCGCACCAACGAG,0.85,"2.33,-0.93,-6.82,1,0,-183.69,0.3684210526315789,1,0.3684210526315789,0,0,0.1111111111111111,-2.11,0.0,1,0,0.0,-3.26,0,0.0,0,-0.93,0.1111111111111111,0",1,-0.500,47.4,2.7800,-33.1200,-12.0600,-12.0600,0.0,,0,none,19,guide
UUGAUUACACGAUGGAAUU,UUUGGCUACAAAAACAGCAAAUUCCAUCGUGUAAUCAAGGACUUCAUGAUCCAGGGC,0.9305331179321488,"0.0,-0.93,-6.82,1,0,-167.52999999999997,0.3684210526315789,1,0.21052631578947367,0,0,0.05555555555555555,-2.11,0.05555555555555555,1,0,0.0,-0.93,0,0.0,0,-2.11,0.16666666666666666,0",1,0.000,31.6,0.0000,-27.3400,-10.0600,-10.0600,0.0,,0,none,19,guide
UUGCUGUUUUUGUAGCCAA,GCUACAGGAGAGAAAGGAUUUGGCUACAAAAACAGCAAAUUCCAUCGUGUAAUCAAG,0.7738287560581583,"0.0,-0.93,-6.82,1,0,-166.23000000000005,0.4736842105263158,1,0.21052631578947367,0,0,0.0,-2.11,0.05555555555555555,1,0,0.05555555555555555,-0.93,0,0.1111111111111111,0,-1.33,0.2777777777777778,1",1,-2.000,36.8,0.0000,-29.4500,-12.8900,-12.8900,0.0,,0,none,19,guide
UUGCUUGUCCCACAGCCCA,GAUGCCCUCGUGUCCGUGAUGGGCUGUGGGACAAGCAAGGUCCUUCCCGAGCCACCC,0.25,"0.73,-0.93,-6.82,1,0,-194.31,0.2631578947368421,1,0.15789473684210525,0,0,0.0,-2.11,0.0,1,0,0.2222222222222222,-2.11,0,0.1111111111111111,0,-2.11,0.1111111111111111,1",0,-0.900,57.9,1.1800,-38.7900,-12.8900,-12.8900,0.0,,0,none,19,guide
UUGGCCUUUAUGAGGAUCU,GACGCAAGAAAAAUCAGAGAGAUCCUCAUAAAGGCCAAGAAGGGCGGAAAGAUCGCC,0.8562197092084007,"0.7,-0.93,-6.82,1,0,-180.55,0.42105263157894735,1,0.2631578947368421,0,0,0.1111111111111111,-2.11,0.05555555555555555,1,0,0.05555555555555555,-2.08,0,0.05555555555555555,0,-2.08,0.16666666666666666,0",1,-2.200,42.1,1.1500,-32.5400,-15.0600,-15.0600,0.0,,0,none,19,guide
UUGUCAUACUUCUCAUGGU,AUGUUCGUCAUGGGUGUGAACCAUGAGAAGUAUGACAACAGCCUCAAGAUCAUCAGC,0.9718901453957998,"0.86,-0.93,-6.82,1,0,-176.67,0.4736842105263158,1,0.15789473684210525,0,0,0.05555555555555555,-2.11,0.05555555555555555,1,0,0.0,-2.24,0,0.0,0,-2.35,0.1111111111111111,0",1,0.000,36.8,1.3100,-30.3800,-11.2400,-11.2400,0.0,,0,none,19,guide
UUGUCUCUGGUCCUUACUU,GCCCUAGAUUUCUAUGGGGAAGUAAGGACCAGAGACAAAAAGGGAGUAACUAUUCCC,1.0,"0.0,-0.93,-6.82,1,0,-178.2,0.5263157894736842,1,0.15789473684210525,0,0,0.05555555555555555,-2.11,0.05555555555555555,1,0,0.05555555555555555,-0.93,0,0.0,0,-2.08,0.16666666666666666,0",1,0.000,42.1,0.0000,-32.4600,-13.2100,-13.2100,0.0,,0,none,19,guide
UUGUUACUUGACUGGCGAC,AAAAGAGAUCGUGGAUUACGUCGCCAGUCAAGUAACAACCGCGAAAAAGUUGCGCGG,0.587237479806139,"1.76,-0.93,-6.82,1,0,-182.49,0.3684210526315789,1,0.2631578947368421,0,0,0.05555555555555555,-2.11,0.05555555555555555,1,0,0.0,-2.24,0,0.05555555555555555,0,-2.11,0.16666666666666666,0",0,-1.500,47.4,1.7600,-33.0200,-10.9300,-10.9300,0.0,,0,none,19,guide
UUGUUCCUAUAACUGGUAA,AAUAGGACAUUGUGUCAGAUUACCAGUUAUAGGAACAAUUCUCUUUUCCUGACCAAU,0.631578947368421,"0.0,-0.93,-6.82,1,0,-163.94,0.42105263157894735,1,0.15789473684210525,0,0,0.05555555555555555,-2.11,0.16666666666666666,1,0,0.05555555555555555,-0.93,0,0.0,0,-2.08,0.1111111111111111,1",0,-0.100,31.6,0.0000,-28.1400,-12.9700,-12.9700,0.0,,0,none,19,guide
UUGUUGAUGUAAGCUUUCA,ACUUCCAAGGAAGAUGCCAUGAAAGCUUACAUCAACAAAGUAGAAGAGCUAAAGAAA,0.4969305331179321,"0.73,-0.93,-6.82,1,0,-165.39999999999995,0.4736842105263158,1,0.21052631578947367,0,0,0.0,-2.11,0.05555555555555555,1,0,0.0,-2.11,0,0.05555555555555555,0,-3.42,0.2222222222222222,1",0,-0.400,31.6,1.1800,-27.7900,-10.8400,-10.8400,0.0,,0,none,19,guide
UUUAUGAGGAUCUCUCUGA,AAACUCGACGCAAGAAAAAUCAGAGAGAUCCUCAUAAAGGCCAAGAAGGGCGGAAAG,0.968739903069467,"0.97,-0.93,-6.82,1,0,-179.86999999999995,0.42105263157894735,1,0.21052631578947367,0,0,0.05555555555555555,-0.93,0.05555555555555555,1,0,0.0,-2.35,0,0.0,0,-2.35,0.1111111111111111,1",1,-1.500,36.8,1.4200,-30.8000,-9.9000,-9.9000,0.0,,0,none,19,guide
UUUCAUAGCUUCUGCCAAC,ACUUCGAAAUGUCCGUUCGGUUGGCAGAAGCUAUGAAACGAUAUGGGCUGAAUACAA,0.92,"1.76,-0.93,-6.82,1,0,-179.21,0.3684210526315789,1,0.10526315789473684,0,0,0.0,-0.93,0.05555555555555555,1,0,0.05555555555555555,-2.24,0,0.1111111111111111,0,-2.11,0.16666666666666666,0",1,-0.900,42.1,1.7600,-31.6700,-9.9000,-9.9000,0.0,,0,none,19,guide
UUUCAUAUUGCUGACGUAC,CACGGCUGCCCUGCGUGACGUACGUCAGCAAUAUGAAAGUGUGGCUGCCAAGAACCU,0.85,"1.76,-0.93,-6.82,1,0,-173.67000000000004,0.42105263157894735,1,0.15789473684210525,0,0,0.0,-0.93,0.1111111111111111,1,0,0.0,-2.24,0,0.05555555555555555,0,-2.35,0.16666666666666666,0",1,0.000,36.8,1.7600,-29.1200,-8.9200,-8.9200,0.0,,0,none,19,guide
UUUCCGGUAAGACCUUUCG,GUGUUUGUGGACGAAGUACCGAAAGGUCUUACCGGAAAACUCGACGCAAGAAAAAUC,0.9919224555735058,"1.43,-0.93,-6.82,1,0,-176.99,0.3684210526315789,1,0.21052631578947367,0,0,0.05555555555555555,-0.93,0.05555555555555555,1,0,0.1111111111111111,-2.36,0,0.0,0,-3.26,0.2222222222222222,0",1,-1.000,47.4,1.8800,-32.0300,-14.4000,-14.4000,0.0,,0,none,19,guide
UUUCCGUCAUCGUCUUUCC,CGUUGUUGUUUUGGAGCACGGAAAGACGAUGACGGAAAAAGAGAUCGUGGAUUACGU,0.9321486268174476,"2.33,-0.93,-6.82,1,0,-183.31,0.4736842105263158,1,0.10526315789473684,0,0,0.0,-0.93,0.0,1,0,0.1111111111111111,-3.26,0,0.0,0,-2.35,0.2222222222222222,0",1,0.000,47.4,2.7800,-32.3400,-13.4900,-13.4900,0.0,,0,none,19,guide
UUUCCGUGCUCCAAAACAA,GAACUUCCCGCCGCCGUUGUUGUUUUGGAGCACGGAAAGACGAUGACGGAAAAAGAG,0.9450726978998384,"0.0,-0.93,-6.82,1,0,-171.64999999999995,0.2631578947368421,1,0.10526315789473684,0,0,0.0,-0.93,0.0,1,0,0.1111111111111111,-0.93,0,0.05555555555555555,0,-0.93,0.1111111111111111,1",1,0.000,42.1,0.0000,-30.9800,-13.2500,-13.2500,0.0,,0,none,19,guide
UUUCCUCCUGUGCCAUCUC,GGCGGAGACUUCACCAGGGGAGAUGGCACAGGAGGAAAGAGCAUCUACGGUGAGCGC,0.7940226171243943,"1.87,-0.93,-6.82,1,0,-194.66,0.42105263157894735,1,0.10526315789473684,0,0,0.0,-0.93,0.0,1,0,0.16666666666666666,-2.35,0,0.05555555555555555,0,-3.26,0.1111111111111111,0",1,0.000,52.6,1.8700,-36.4300,-14.2300,-14.2300,0.0,,0,none,19,guide
UUUCGCGGUUGUUACUUGA,UCGUGGAUUACGUCGCCAGUCAAGUAACAACCGCGAAAAAGUUGCGCGGAGGAGUUG,0.9394184168012925,"0.97,-0.93,-6.82,1,0,-170.73,0.4736842105263158,1,0.2631578947368421,0,0,0.05555555555555555,-0.93,0.05555555555555555,1,0,0.0,-2.35,0,0.05555555555555555,0,-1.33,0.2777777777777778,1",1,0.000,42.1,1.4200,-30.6100,-14.6800,-14.6800,0.0,,0,none,19,guide
UUUCGGUACUUCGUCCACA,UGCGCGGAGGAGUUGUGUUUGUGGACGAAGUACCGAAAGGUCUUACCGGAAAACUCG,0.8529886914378031,"0.73,-0.93,-6.82,1,0,-179.44000000000003,0.3684210526315789,1,0.15789473684210525,0,0,0.05555555555555555,-0.93,0.05555555555555555,1,0,0.05555555555555555,-2.11,0,0.0,0,-2.24,0.16666666666666666,1",1,-0.900,47.4,1.1800,-33.0300,-12.4700,-12.4700,0.0,,0,none,19,guide
UUUGAAGUUCUCAUCGGGG,GCAUCUACGGUGAGCGCUUCCCCGAUGAGAACUUCAAACUGAAGCACUACGGGCCUG,0.908723747980614,"2.33,-0.93,-6.82,1,0,-183.13999999999996,0.3684210526315789,1,0.3157894736842105,0,0,0.16666666666666666,-0.93,0.0,1,0,0.0,-3.26,0,0.0,0,-1.1,0.16666666666666666,0",1,0.000,47.4,2.7800,-32.6900,-10.6400,-10.6400,0.0,,0,none,19,guide
UUUGUAGCCAAAUCCUUUC,UGGCCUUAGCUACAGGAGAGAAAGGAUUUGGCUACAAAAACAGCAAAUUCCAUCGUG,0.9854604200323104,"1.87,-0.93,-6.82,1,0,-170.43999999999997,0.42105263157894735,1,0.10526315789473684,0,0,0.0,-0.93,0.05555555555555555,1,0,0.1111111111111111,-2.35,0,0.05555555555555555,0,-2.35,0.2222222222222222,0",1,0.000,36.8,1.8700,-29.3300,-12.1100,-12.1100,0.0,,0,none,19,guide
UUUGUAGUGCCUGAAGCGC,GUCUUCGCCCAGGUGGCCGGCGCUUCAGGCACUACAAAUACUGUGGCAGCAUAUAAU,0.85,"2.49,-0.93,-6.82,1,0,-187.48999999999995,0.3157894736842105,1,0.3157894736842105,0,0,0.0,-0.93,0.05555555555555555,1,0,0.05555555555555555,-3.42,0,0.16666666666666666,0,-2.35,0.1111111111111111,0",1,-2.800,52.6,2.9400,-35.3100,-10.9300,-10.9300,0.0,,0,none,19,guide
UUUGUAUUCAGCCCAUAUC,UUGGCAGAAGCUAUGAAACGAUAUGGGCUGAAUACAAAUCACAGAAUCGUCGUAUGC,0.967205169628433,"1.87,-0.93,-6.82,1,0,-176.39,0.42105263157894735,1,0.10526315789473684,0,0,0.0,-0.93,0.1111111111111111,1,0,0.1111111111111111,-2.35,0,0.05555555555555555,0,-3.26,0.16666666666666666,0",1,0.000,36.8,1.8700,-29.7500,-8.6400,-8.6400,0.0,,0,none,19,guide
UUUUAGAAUCCAUGAUAAU,CCCAAUCAUCCAAAAAAUUAUUAUCAUGGAUUCUAAAACGGAUUACCAGGGAUUUCA,0.672940226171244,"0.17,-0.93,-6.82,1,0,-158.01999999999995,0.42105263157894735,1,0.10526315789473684,0,0,0.0,-0.93,0.1111111111111111,1,0,0.05555555555555555,-1.1,0,0.0,0,-2.11,0.16666666666666666,0",0,0.000,21.1,0.1700,-23.5300,-8.5500,-8.5500,0.0,,0,none,19,guide
UUUUCUUGCGUCGAGUUUU,UACCGAAAGGUCUUACCGGAAAACUCGACGCAAGAAAAAUCAGAGAGAUCCUCAUAA,0.988691437802908,"0.0,-0.93,-6.82,1,0,-164.36999999999995,0.5789473684210527,1,0.21052631578947367,0,0,0.0,-0.93,0.0,1,0,0.0,-0.93,0,0.05555555555555555,0,-2.35,0.3888888888888889,0",1,-0.100,36.8,0.0000,-27.9600,-9.3300,-9.3300,0.0,,0,none,19,guide
UUUUUCCGUCAUCGUCUUU,UUGUUGUUUUGGAGCACGGAAAGACGAUGACGGAAAAAGAGAUCGUGGAUUACGUCG,0.8214862681744752,"0.0,-0.93,-6.82,1,0,-167.39999999999995,0.5789473684210527,1,0.10526315789473684,0,0,0.0,-0.93,0.0,1,0,0.05555555555555555,-0.93,0,0.0,0,-2.36,0.3333333333333333,0",1,0.000,36.8,0.0000,-28.2400,-10.7600,-10.7600,0.0,,0,none,19,guide
UUUUUCGCGGUUGUUACUU,GUGGAUUACGUCGCCAGUCAAGUAACAACCGCGAAAAAGUUGCGCGGAGGAGUUGUG,0.8432956381260097,"0.0,-0.93,-6.82,1,0,-161.49,0.5789473684210527,1,0.21052631578947367,0,0,0.05555555555555555,-0.93,0.05555555555555555,1,0,0.0,-0.93,0,0.05555555555555555,0,-2.24,0.3888888888888889,0",1,0.000,36.8,0.0000,-27.8600,-10.9200,-10.9200,0.0,,0,none,19,guide
UUUUUGAGUGGGUAUCAAC,UCUGGAUUCACUCCCUCUGGUUGAUACCCACUCAAAAAGGACACUUCUGAUUAAGAC,0.85,"1.76,-0.93,-6.82,1,0,-171.5,0.42105263157894735,1,0.2631578947368421,0,0,0.1111111111111111,-0.93,0.05555555555555555,1,0,0.0,-2.24,0,0.0,0,-1.33,0.2222222222222222,0",1,-0.800,36.8,1.7600,-29.4900,-9.3300,-9.3300,0.0,,0,none,19,guide
UUUUUGUAGCCAAAUCCUU,GCCUUAGCUACAGGAGAGAAAGGAUUUGGCUACAAAAACAGCAAAUUCCAUCGUGUA,0.8861066235864299,"0.0,-0.93,-6.82,1,0,-161.09999999999994,0.4736842105263158,1,0.10526315789473684,0,0,0.0,-0.93,0.05555555555555555,1,0,0.1111111111111111,-0.93,0,0.05555555555555555,0,-0.93,0.2777777777777778,0",1,0.000,31.6,0.0000,-27.2100,-8.4700,-8.4700,0.0,,0,none,19,guide
