siRNA,mRNA,label,y,td,MFE_guide,GC_content,delta_deltaG_ends,dG_total,dG_seed_only_canonical,dG_seed,n_mismatch,diff_positions,diff_count,diff_band,diff_offset,mismatch_side
UGUCAGGACUAGUAUAUUU,CUGCUUGCAUCUGAAAAUAAAAUAUACUAGUCCUGACACUGAAUUUUUCAAGUAUAC,0.67,0,"-0.73,-2.11,-10.44,1,0,-169.20999999999998,0.42105263157894735,0,0.21052631578947367,0,0,0.05555555555555555,-2.24,0.16666666666666666,0,0,0.0,-0.93,0,0.0,0,-1.33,0.1111111111111111,0",0.000,31.6,-1.1800,-28.5500,-14.3900,-14.3900,0.0,,0,none,19,guide
UCUCCUAACCAGACCUUCU,GAGAGCACCAGGCCUGGCAAGAAGGUCUGGUUAGGAGAAACAAGCUCUGCAUAUGGA,0.82,1,"-0.27,-2.35,-12.44,1,0,-185.84999999999997,0.3157894736842105,0,0.05263157894736842,0,0,0.0,-2.08,0.05555555555555555,0,0,0.16666666666666666,-2.08,0,0.0,0,-2.24,0.05555555555555555,0",0.000,47.4,-0.2700,-34.8700,-12.0300,-12.0300,0.0,,0,none,19,guide
UCUCCUAACUGCGACCCAU,AAGGCUGAUAUUUUCAUCAAUGGGUCGCAGUUAGGAGAAGAUUUUAUUCAAUUGCAU,0.81,1,"-0.8,-2.35,-12.44,1,0,-190.96999999999997,0.2631578947368421,0,0.10526315789473684,0,0,0.0,-2.08,0.05555555555555555,0,0,0.16666666666666666,-1.1,0,0.05555555555555555,0,-2.35,0.0,0",0.000,52.6,-1.2500,-36.4200,-12.0300,-12.0300,0.0,,0,none,19,guide
UUAUACCCCUUGGAAGAGC,CAGUUGCUCCUGGACUACUGCUCUUCCAAGGGGUAUAACAUUUCUUGGGAACUAGGC,0.87,1,"2.49,-0.93,-6.82,1,0,-184.48999999999998,0.2631578947368421,1,0.21052631578947367,0,0,0.05555555555555555,-1.33,0.1111111111111111,1,0,0.16666666666666666,-3.42,0,0.05555555555555555,0,-2.35,0.1111111111111111,0",0.000,47.4,2.9400,-34.0100,-12.5200,-12.5200,0.0,,0,none,19,guide
UCAGGACUAGUAUAUUUUA,UGCUGCUUGCAUCUGAAAAUAAAAUAUACUAGUCCUGACACUGAAUUUUUCAAGUAU,0.43,0,"-0.57,-2.35,-12.44,1,0,-161.87999999999997,0.42105263157894735,0,0.15789473684210525,0,0,0.05555555555555555,-2.11,0.2222222222222222,0,0,0.0,-1.33,0,0.0,0,-1.33,0.16666666666666666,1",0.000,26.3,-1.0200,-26.4600,-14.1200,-14.1200,0.0,,0,none,19,guide
AUCAUGAUGAGUUUUGGUC,CUUUGGACUCUGAUCAUCUGACCAAAACUCAUCAUGAUAUGUUUACUAAAGGACAAG,0.91,1,"1.7,-1.1,-9.38,0,0,-179.46,0.42105263157894735,0,0.2631578947368421,0,0,0.05555555555555555,-2.35,0.0,1,0,0.0,-2.35,0,0.0,0,-0.93,0.16666666666666666,0",0.000,36.8,1.7000,-29.6100,-11.1200,-11.1200,0.0,,0,none,19,guide
AAUACUUGCCUCAUCACCA,GCCCGAAUGGGAAUAGAAGUGGUGAUGAGGCAAGUAUUCUUUGGAGCAGGAAACUAC,0.95,1,"0.73,-0.93,-6.82,0,0,-181.10000000000002,0.2631578947368421,0,0.05263157894736842,0,0,0.0,-1.1,0.05555555555555555,0,0,0.1111111111111111,-2.11,0,0.05555555555555555,0,-1.1,0.05555555555555555,1",0.000,42.1,1.1800,-32.4700,-9.7900,-9.7900,0.0,,0,none,19,guide
UUCACAAUCAUAACUGGUC,AAAGUGGAUUACCACAGCUGACCAGUUAUGAUUGUGAAGUUAAUGCUCCUAUACAAG,0.9,1,"1.87,-0.93,-6.82,1,0,-176.73,0.3157894736842105,1,0.10526315789473684,0,0,0.05555555555555555,-2.35,0.05555555555555555,1,0,0.0,-2.35,0,0.0,0,-2.24,0.05555555555555555,0",0.000,36.8,1.8700,-29.7300,-10.8400,-10.8400,0.0,,0,none,19,guide
UAAAUGGUAGUUUCCUGCU,UGAGGCAAGUAUUCUUUGGAGCAGGAAACUACCAUUUAGUGGAUGAAAACUUCGAUC,0.89,1,"0.3,-1.33,-7.69,1,0,-170.20999999999998,0.42105263157894735,0,0.21052631578947367,0,0,0.05555555555555555,-0.93,0.1111111111111111,0,0,0.05555555555555555,-2.08,0,0.05555555555555555,0,-2.35,0.1111111111111111,0",-2.800,36.8,0.7500,-30.2200,-10.5700,-10.5700,0.0,,0,none,19,guide
AUUGAUGAAAAUAUCAGCC,CUAACAGUUUCCUUAAGAAGGCUGAUAUUUUCAUCAAUGGGUCGCAGUUAGGAGAAG,0.91,1,"2.16,-1.1,-9.38,0,0,-172.54999999999995,0.2631578947368421,0,0.15789473684210525,0,0,0.0,-0.93,0.05555555555555555,1,0,0.05555555555555555,-3.26,0,0.05555555555555555,0,-1.1,0.05555555555555555,0",-1.500,31.6,2.6100,-27.6500,-10.9500,-10.9500,0.0,,0,none,19,guide
UUGGAAAGUAAUCCAUGAG,CUUCUAAGACCUUUGGGACCUCAUGGAUUACUUUCCAAAUCUGUCCAACUCAAUGGU,0.81,1,"1.6,-0.93,-6.82,1,0,-174.17999999999998,0.2631578947368421,1,0.2631578947368421,0,0,0.05555555555555555,-2.11,0.05555555555555555,1,0,0.05555555555555555,-2.08,0,0.0,0,-3.26,0.05555555555555555,0",-3.000,36.8,1.6000,-29.4100,-11.6600,-11.6600,0.0,,0,none,19,guide
UAUUGAUACACAUCCGCCC,CAUGGUGGAAGGCGAUGAGGGGCGGAUGUGUAUCAAUAUGGAGUGGGGGGCCUUCGG,0.81,1,"1.93,-1.33,-7.69,1,0,-187.69999999999993,0.2631578947368421,0,0.10526315789473684,0,0,0.0,-1.1,0.1111111111111111,0,0,0.16666666666666666,-3.26,0,0.05555555555555555,0,-2.35,0.05555555555555555,0",0.000,47.4,2.3800,-33.8700,-8.9200,-8.9200,0.0,,0,none,19,guide
ACUCUCGUCUAGUUUAGUC,UCUCGUUCCCCUGCCACCAGACUAAACUAGACGAGAGUUUCCUGGUCUCAUGGACCA,0.79,1,"1.01,-2.24,-11.4,0,0,-180.09,0.42105263157894735,0,0.15789473684210525,0,0,0.0,-2.08,0.1111111111111111,0,0,0.0,-2.35,0,0.0,0,-0.93,0.1111111111111111,0",0.000,42.1,0.5600,-31.5500,-13.4600,-13.4600,0.0,,0,none,19,guide
AAAUAUCCUGGUUGACUUG,GAGAAGUUACUGGCAAUCUCAAGUCAACCAGGAUAUUUGCAAAUAUGGAUCCAUCCC,0.61,0,"1.63,-0.93,-6.82,0,0,-173.14,0.3684210526315789,0,0.21052631578947367,0,0,0.05555555555555555,-0.93,0.05555555555555555,0,0,0.05555555555555555,-2.11,0,0.0,0,-2.11,0.1111111111111111,0",0.000,36.8,1.6300,-29.3000,-10.0700,-10.0700,0.0,,0,none,19,guide
UUUAAUUCAUCAGUGGUGG,AAUGCCACCACUACCACUGCCACCACUGAUGAAUUAAAAACAGUGACAAAAGACCGU,0.93,1,"2.33,-0.93,-6.82,1,0,-173.10000000000002,0.42105263157894735,1,0.2631578947368421,0,0,0.1111111111111111,-0.93,0.05555555555555555,1,0,0.0,-3.26,0,0.0,0,-2.24,0.16666666666666666,0",-1.100,36.8,2.7800,-29.5300,-7.5700,-7.5700,0.0,,0,none,19,guide
AAGUUAGCCAGGCAUUCGG,CAGCUGUUUGACCACAUUGCCGAAUGCCUGGCUAACUUCAUGGAUAAGCUACAAAUC,0.88,1,"2.33,-0.93,-6.82,0,0,-186.92999999999995,0.21052631578947367,0,0.3157894736842105,0,0,0.1111111111111111,-2.08,0.05555555555555555,0,0,0.05555555555555555,-3.26,0,0.1111111111111111,0,-2.11,0.1111111111111111,0",0.000,52.6,2.7800,-35.1600,-12.0800,-12.0800,0.0,,0,none,19,guide
UGUCCUGAGUAGAAAAUGG,AGACACAGAAGCAAAGAACCCAUUUUCUACUCAGGACACAGAUUUAGACUUGGAGAU,0.92,1,"1.6,-2.11,-10.44,1,0,-179.86,0.2631578947368421,0,0.3157894736842105,0,0,0.05555555555555555,-2.24,0.05555555555555555,0,0,0.05555555555555555,-3.26,0,0.0,0,-0.93,0.0,0",0.000,42.1,1.6000,-31.5500,-14.3900,-14.3900,0.0,,0,none,19,guide
UCAUAUCCCAUCAAUUCGG,UAUUGUGAUGAAAGAAUUACCGAAUUGAUGGGAUAUGAGCCAGAAGAACUUUUAGGC,0.84,1,"1.36,-2.35,-12.44,1,0,-183.40999999999997,0.3157894736842105,0,0.10526315789473684,0,0,0.05555555555555555,-2.11,0.05555555555555555,0,0,0.1111111111111111,-3.26,0,0.0,0,-0.93,0.05555555555555555,0",0.000,42.1,1.3600,-31.5200,-11.2500,-11.2500,0.0,,0,none,19,guide
UAACGCAUUUAGGCCAAAG,GCUCAGGACUGGACUUGAUCUUUGGCCUAAAUGCGUUAUUAAGAACAGCAGAUUUGC,0.76,1,"1.2,-1.33,-7.69,1,0,-171.94999999999996,0.21052631578947367,0,0.21052631578947367,0,0,0.05555555555555555,-0.93,0.1111111111111111,0,0,0.05555555555555555,-2.08,0,0.1111111111111111,0,-3.42,0.1111111111111111,0",-0.500,42.1,1.2000,-30.4600,-12.1600,-12.1600,0.0,,0,none,19,guide
UCUAGUUUAGUCUGGUGGC,UUUACCUUCUCGUUCCCCUGCCACCAGACUAAACUAGACGAGAGUUUCCUGGUCUCA,0.82,1,"1.52,-2.35,-12.44,1,0,-185.23000000000002,0.42105263157894735,0,0.3157894736842105,0,0,0.1111111111111111,-2.08,0.1111111111111111,0,0,0.0,-3.42,0,0.05555555555555555,0,-2.11,0.1111111111111111,0",-2.100,47.4,1.5200,-34.1300,-9.5900,-9.5900,0.0,,0,none,19,guide
UGAACUUUGUCUAGUGCUU,CACCUAGUCCUUCCGAUGGAAGCACUAGACAAAGUUCACCUGAGCCUAAUAGUCCCA,0.89,1,"-0.73,-2.11,-10.44,1,0,-171.11999999999998,0.47368421052631576,0,0.21052631578947367,0,0,0.0,-2.35,0.05555555555555555,0,0,0.0,-0.93,0,0.05555555555555555,0,-2.08,0.16666666666666666,0",-0.400,36.8,-1.1800,-29.9000,-9.4600,-9.4600,0.0,,0,none,19,guide
UUGAUAGUUGUAAACAUGG,AAAAGGACGGCUCCUCUAACCAUGUUUACAACUAUCAACCCUGUGAUCAUCCACGGC,0.69,0,"2.33,-0.93,-6.82,1,0,-166.36,0.3684210526315789,1,0.2631578947368421,0,0,0.05555555555555555,-2.11,0.1111111111111111,1,0,0.0,-3.26,0,0.0,0,-0.93,0.1111111111111111,0",0.000,31.6,2.7800,-27.3400,-11.2100,-11.2100,0.0,,0,none,19,guide
AAUGAUGCUGUCGUCACAG,ACUUAGGGCUUGAGAGCACCUGUGACGACAGCAUCAUUGUUAAGGAGGUGUGCACUG,0.84,1,"1.6,-0.93,-6.82,0,0,-188.45,0.2631578947368421,0,0.2631578947368421,0,0,0.0,-1.1,0.0,0,0,0.0,-2.08,0,0.05555555555555555,0,-2.24,0.0,0",-2.300,47.4,1.6000,-33.2500,-12.1900,-12.1900,0.0,,0,none,19,guide
AUACUCGAAGCUUCCUUCU,AAGCGUGCAAGGUUCAAAGAGAAGGAAGCUUCGAGUAUACCUUCAUUGCACAAACAC,0.87,1,"0.53,-1.1,-9.38,0,0,-178.95,0.3684210526315789,0,0.10526315789473684,0,0,0.0,-1.33,0.05555555555555555,1,0,0.05555555555555555,-2.08,0,0.05555555555555555,0,-2.35,0.1111111111111111,0",-1.900,42.1,0.9800,-31.8100,-12.7100,-12.7100,0.0,,0,none,19,guide
UUUUCAUAUCUGAAGAUUC,AUGUGUCCUUAAACCGGUUGAAUCUUCAGAUAUGAAAAUGACUCAGCUAUUCACCAA,0.9,1,"1.87,-0.93,-6.82,1,0,-166.64000000000001,0.47368421052631576,1,0.10526315789473684,0,0,0.0,-0.93,0.05555555555555555,1,0,0.0,-2.35,0,0.0,0,-0.93,0.2222222222222222,0",-2.100,26.3,1.8700,-25.1200,-8.7500,-8.7500,0.0,,0,none,19,guide
UUCUUGAGUAGGUGCUGUU,CUACCAGAAAAAGUUCAAGAACAGCACCUACUCAAGAAGCUCUGUAGAUGUGCUAUA,0.65,0,"0.0,-0.93,-6.82,1,0,-177.69,0.47368421052631576,1,0.3157894736842105,0,0,0.05555555555555555,-2.35,0.05555555555555555,1,0,0.0,-0.93,0,0.05555555555555555,0,-2.11,0.16666666666666666,0",0.000,42.1,0.0000,-32.3800,-11.9000,-11.9000,0.0,,0,none,19,guide
AAUGAGGCCAACUUCACAG,GUGGCUUUGAAGACCCUCACUGUGAAGUUGGCCUCAUUGUUGGCACGGGCAGCAAUG,0.89,1,"1.6,-0.93,-6.82,0,0,-185.05,0.15789473684210525,0,0.21052631578947367,0,0,0.05555555555555555,-1.1,0.0,0,0,0.05555555555555555,-2.08,0,0.05555555555555555,0,-0.93,0.05555555555555555,0",-2.800,47.4,1.6000,-33.7500,-14.3200,-14.3200,0.0,,0,none,19,guide
UUGAGCGGCCUAAAAGUUC,GAUGGGAUAUGAGCCAGAAGAACUUUUAGGCCGCUCAAUUUAUGAAUAUUAUCAUGC,0.23,0,"1.87,-0.93,-6.82,1,0,-179.79999999999995,0.2631578947368421,1,0.2631578947368421,0,0,0.05555555555555555,-2.11,0.05555555555555555,1,0,0.05555555555555555,-2.35,0,0.1111111111111111,0,-0.93,0.1111111111111111,0",-1.400,47.4,1.8700,-32.9000,-15.5800,-15.5800,0.0,,0,none,19,guide
UAAACAUAUCAUGAUGAGU,CUCUGAUCAUCUGACCAAAACUCAUCAUGAUAUGUUUACUAAAGGACAAGUCACCAC,0.63,0,"0.46,-1.33,-7.69,1,0,-167.85,0.3157894736842105,0,0.15789473684210525,0,0,0.0,-0.93,0.1111111111111111,0,0,0.0,-2.24,0,0.0,0,-2.35,0.0,0",0.000,26.3,0.9100,-26.3300,-8.6400,-8.6400,0.0,,0,none,19,guide
AACAAUAUUCACUGGGACU,AAGUUCACCUGAGCCUAAUAGUCCCAGUGAAUAUUGUUUUUAUGUGGAUAGUGAUAU,0.81,1,"0.7,-0.93,-6.82,0,0,-174.0,0.2631578947368421,0,0.15789473684210525,0,0,0.1111111111111111,-2.24,0.05555555555555555,0,0,0.0,-2.08,0,0.0,0,-2.11,0.05555555555555555,0",0.000,36.8,1.1500,-29.9600,-8.8100,-8.8100,0.0,,0,none,19,guide
AACAACAUCGAUUUCUUCC,AGGAGGAACAAGAAGAUGAGGAAGAAAUCGAUGUUGUUUCUGUGGAAAAGAGGCAGG,0.8,1,"2.33,-0.93,-6.82,0,0,-173.47999999999996,0.3157894736842105,0,0.05263157894736842,0,0,0.0,-2.24,0.0,0,0,0.05555555555555555,-3.26,0,0.0,0,-0.93,0.16666666666666666,0",0.000,36.8,2.7800,-28.5600,-10.7300,-10.7300,0.0,,0,none,19,guide
UCAAACUCCUCUCGCCGGU,CUGCUGAAGGAAGCGAUCCACCGGCGAGAGGAGUUUGACCUGGAUGUGGUUGCUGUG,0.88,1,"-0.11,-2.35,-12.44,1,0,-193.35999999999999,0.2631578947368421,0,0.15789473684210525,0,0,0.05555555555555555,-2.11,0.0,0,0,0.1111111111111111,-2.24,0,0.05555555555555555,0,-2.36,0.0,0",0.000,57.9,-0.1100,-37.2200,-10.6400,-10.6400,0.0,,0,none,19,guide
AUGAUGCUGUCGUCACAGG,CACUUAGGGCUUGAGAGCACCUGUGACGACAGCAUCAUUGUUAAGGAGGUGUGCACU,0.86,1,"2.16,-1.1,-9.38,0,0,-195.01999999999998,0.2631578947368421,0,0.3157894736842105,0,0,0.05555555555555555,-2.11,0.0,1,0,0.0,-3.26,0,0.05555555555555555,0,-2.35,0.0,0",-2.300,52.6,2.6100,-35.6300,-13.1700,-13.1700,0.0,,0,none,19,guide
AUGCUGUCGUCACAGGUGC,CAACACUUAGGGCUUGAGAGCACCUGUGACGACAGCAUCAUUGUUAAGGAGGUGUGC,0.89,1,"2.32,-1.1,-9.38,0,0,-199.48,0.2631578947368421,0,0.3157894736842105,0,0,0.05555555555555555,-2.11,0.0,1,0,0.0,-3.42,0,0.1111111111111111,0,-2.11,0.0,0",-2.300,57.9,2.7700,-37.8400,-14.3100,-14.3100,0.0,,0,none,19,guide
UUUAGUCUGGUGGCAGGGG,UGGGUUUUACCUUCUCGUUCCCCUGCCACCAGACUAAACUAGACGAGAGUUUCCUGG,0.39,0,"2.33,-0.93,-6.82,1,0,-193.82999999999998,0.3157894736842105,1,0.47368421052631576,0,0,0.2777777777777778,-0.93,0.05555555555555555,1,0,0.0,-3.26,0,0.05555555555555555,0,-3.42,0.1111111111111111,0",-2.600,57.9,2.7800,-38.0200,-11.0100,-11.0100,0.0,,0,none,19,guide
UGAGUCAUUUUCAUAUCUG,CUUAAACCGGUUGAAUCUUCAGAUAUGAAAAUGACUCAGCUAUUCACCAAAGUUGAA,0.53,0,"0.9,-2.11,-10.44,1,0,-172.83999999999995,0.47368421052631576,0,0.15789473684210525,0,0,0.0,-2.35,0.05555555555555555,0,0,0.0,-2.11,0,0.0,0,-1.1,0.16666666666666666,0",-0.500,31.6,0.4500,-27.5200,-12.2300,-12.2300,0.0,,0,none,19,guide
UCUUCUCCUAACUGCGACC,GCUGAUAUUUUCAUCAAUGGGUCGCAGUUAGGAGAAGAUUUUAUUCAAUUGCAUAAA,0.89,1,"1.36,-2.35,-12.44,1,0,-191.22000000000003,0.3157894736842105,0,0.10526315789473684,0,0,0.0,-2.08,0.05555555555555555,0,0,0.1111111111111111,-3.26,0,0.05555555555555555,0,-2.11,0.05555555555555555,0",0.000,52.6,1.3600,-35.7100,-13.0500,-13.0500,0.0,,0,none,19,guide
UUCUGUUCACUAGAUUUGC,UGGAAACGUGUAAAAGGAUGCAAAUCUAGUGAACAGAAUGGAAUGGAGCAAAAGACA,0.87,1,"2.49,-0.93,-6.82,1,0,-174.78,0.47368421052631576,1,0.15789473684210525,0,0,0.0,-2.35,0.05555555555555555,1,0,0.0,-3.42,0,0.05555555555555555,0,-2.35,0.2222222222222222,0",-0.400,36.8,2.9400,-29.3800,-12.0600,-12.0600,0.0,,0,none,19,guide
AACUAUAUGAGAAAGCUGG,AGGAAGUUCACUGGGCUUGCCAGCUUUCUCAUAUAGUUUUUUUGUGAUAAGAAAUGC,0.95,1,"2.33,-0.93,-6.82,0,0,-174.62,0.21052631578947367,0,0.2631578947368421,0,0,0.05555555555555555,-2.24,0.1111111111111111,0,0,0.0,-3.26,0,0.05555555555555555,0,-0.93,0.0,0",0.000,36.8,2.7800,-29.7200,-9.1800,-9.1800,0.0,,0,none,19,guide
AAGGACUAGGUGUCUGAUC,UACCAUGCCCCAGAUUCAGGAUCAGACACCUAGUCCUUCCGAUGGAAGCACUAGACA,0.84,1,"1.87,-0.93,-6.82,0,0,-190.1,0.2631578947368421,0,0.3157894736842105,0,0,0.1111111111111111,-2.08,0.05555555555555555,0,0,0.0,-2.35,0,0.0,0,-2.35,0.0,0",-3.100,47.4,1.8700,-34.4500,-13.3400,-13.3400,0.0,,0,none,19,guide
UUAUUGGUGUUUGACACCG,CUCCUCUGAAGCAAAUUCUCGGUGUCAAACACCAAUAAAGAUGAAGCCAAAUAUUGA,0.37,0,"1.43,-0.93,-6.82,1,0,-174.24,0.42105263157894735,1,0.2631578947368421,0,0,0.05555555555555555,-1.33,0.05555555555555555,1,0,0.05555555555555555,-2.36,0,0.0,0,-2.35,0.2222222222222222,0",-5.400,42.1,1.8800,-30.6400,-10.9700,-10.9700,0.0,,0,none,19,guide
GGUGGGUAAUGGAGACAUU,UACAGAAUAUAAAUUUGGCAAUGUCUCCAUUACCCACCGCUGAAACGCCAAAGCCAC,0.28,0,"-2.33,-3.26,-13.39,0,1,-187.2,0.2631578947368421,0,0.42105263157894735,1,0,0.2222222222222222,-2.24,0.05555555555555555,0,0,0.0,-0.93,0,0.0,0,-2.08,0.05555555555555555,0",-0.700,47.4,-2.7800,-34.1700,-14.4400,-14.4400,0.0,,0,none,19,guide
UUCAAUGUCUGAGAUGUCU,CCGGUCGCUUUGAGACCAAAGACAUCUCAGACAUUGAAGGGGAGAAGGAUGGCAUCC,0.75,1,"0.7,-0.93,-6.82,1,0,-179.54999999999998,0.42105263157894735,1,0.21052631578947367,0,0,0.0,-2.35,0.0,1,0,0.0,-2.08,0,0.0,0,-2.35,0.05555555555555555,0",-0.200,36.8,1.1500,-30.4800,-10.8400,-10.8400,0.0,,0,none,19,guide
UUGCGGAACCGCUUAGAGA,GAUGAGACCCUCUUGGAGAUCUCUAAGCGGUUCCGCAAGGAGAUGGAGAAAGGGCUU,0.53,0,"0.97,-0.93,-6.82,1,0,-185.51999999999998,0.21052631578947367,1,0.3157894736842105,0,0,0.05555555555555555,-2.11,0.05555555555555555,1,0,0.05555555555555555,-2.35,0,0.1111111111111111,0,-0.93,0.1111111111111111,1",-2.900,52.6,1.4200,-35.3500,-14.4300,-14.4300,0.0,,0,none,19,guide
UUGAACAGAAAGCUGCACA,AAAGUGUAUGAUAAAUACAUGUGCAGCUUUCUGUUCAACUUGAACAAUGAUUUUGUG,0.84,1,"0.73,-0.93,-6.82,1,0,-177.30999999999997,0.15789473684210525,1,0.21052631578947367,0,0,0.0,-2.11,0.0,1,0,0.0,-2.11,0,0.1111111111111111,0,-2.08,0.05555555555555555,1",-1.000,42.1,1.1800,-31.8900,-11.8200,-11.8200,0.0,,0,none,19,guide
UCAACUUUGGUGAAUAGCU,UCAGAUAUGAAAAUGACUCAGCUAUUCACCAAAGUUGAAUCAGAAGAUACAAGUAGC,0.84,1,"-0.27,-2.35,-12.44,1,0,-172.00999999999996,0.3684210526315789,0,0.21052631578947367,0,0,0.05555555555555555,-2.11,0.05555555555555555,0,0,0.0,-2.08,0,0.05555555555555555,0,-0.93,0.1111111111111111,0",0.000,36.8,-0.2700,-29.9400,-9.2200,-9.2200,0.0,,0,none,19,guide
UACUGGUCAACCUUCUGCA,GAGCUCAACCAUGACCAAGUGCAGAAGGUUGACCAGUAUCUCUACCACAUGCGCCUC,0.75,1,"0.33,-1.33,-7.69,1,0,-184.21999999999997,0.3157894736842105,0,0.15789473684210525,0,0,0.05555555555555555,-2.24,0.05555555555555555,0,0,0.05555555555555555,-2.11,0,0.05555555555555555,0,-0.93,0.05555555555555555,1",0.000,47.4,0.7800,-34.5900,-14.2800,-14.2800,0.0,,0,none,19,guide
CUAACUGCGACCCAUUGAU,UAAGAAGGCUGAUAUUUUCAUCAAUGGGUCGCAGUUAGGAGAAGAUUUUAUUCAAUU,0.42,0,"-1.43,-2.08,-10.48,0,0,-185.01999999999998,0.2631578947368421,0,0.15789473684210525,0,0,0.0,-1.33,0.05555555555555555,1,1,0.1111111111111111,-1.1,0,0.05555555555555555,0,-2.11,0.05555555555555555,0",0.000,47.4,-1.4300,-33.2700,-12.1100,-12.1100,0.0,,0,none,19,guide
UUAGGGUACACUUCAUUCU,ACAGCGAAGCUUUUUUCUCAGAAUGAAGUGUACCCUAACUAGCCGAGGAAGAACUAU,0.77,1,"0.7,-0.93,-6.82,1,0,-172.34999999999997,0.42105263157894735,1,0.15789473684210525,0,0,0.1111111111111111,-1.33,0.1111111111111111,1,0,0.0,-2.08,0,0.0,0,-2.35,0.16666666666666666,0",0.000,36.8,1.1500,-30.1600,-13.5000,-13.5000,0.0,,0,none,19,guide
AAUAUUCAUAAAUUGAGCG,GCCAGAAGAACUUUUAGGCCGCUCAAUUUAUGAAUAUUAUCAUGCUUUGGACUCUGA,0.87,1,"1.43,-0.93,-6.82,0,0,-161.42999999999995,0.3157894736842105,0,0.15789473684210525,0,0,0.0,-1.1,0.1111111111111111,0,0,0.0,-2.36,0,0.05555555555555555,0,-0.93,0.1111111111111111,0",-0.700,26.3,1.8800,-24.3500,-8.9200,-8.9200,0.0,,0,none,19,guide
GAGAUUGCCAGUAACUUCU,GGAAUCAACCUUUGAAGAGAGAAGUUACUGGCAAUCUCAAGUCAACCAGGAUAUUUG,0.93,1,"-1.17,-2.35,-12.44,0,1,-181.39,0.3157894736842105,0,0.21052631578947367,0,0,0.0,-2.08,0.05555555555555555,0,0,0.05555555555555555,-2.08,0,0.05555555555555555,0,-0.93,0.1111111111111111,0",0.000,42.1,-0.7200,-32.0300,-11.9900,-11.9900,0.0,,0,none,19,guide
UUCACUGUCUCAUGCAUGA,CAUCCUCACUUUGCCAAAGUCAUGCAUGAGACAGUGAAGGACCUGGCUCCGAAAUGU,0.9,1,"0.97,-0.93,-6.82,1,0,-185.57,0.3684210526315789,1,0.15789473684210525,0,0,0.0,-2.35,0.0,1,0,0.0,-2.35,0,0.05555555555555555,0,-2.11,0.05555555555555555,1",-0.400,42.1,1.4200,-32.7600,-13.1300,-13.1300,0.0,,0,none,19,guide
AAUUUGAAGGCAGUCUGUC,UUAAAUUCUUGGCUAUUACGACAGACUGCCUUCAAAUUUUAGCUUAUGGCAACCAAG,0.89,1,"1.87,-0.93,-6.82,0,0,-180.48,0.3157894736842105,0,0.2631578947368421,0,0,0.05555555555555555,-1.1,0.0,0,0,0.0,-2.35,0,0.05555555555555555,0,-2.24,0.1111111111111111,0",-0.400,42.1,1.8700,-31.3100,-8.3500,-8.3500,0.0,,0,none,19,guide
CAGCGGCUGGGGCCAGCAA,GGAACCUGAUGCUUUAACUUUGCUGGCCCCAGCCGCUGGAGACACAAUCAUAUCUUU,0.31,0,"-1.63,-2.11,-10.44,0,0,-209.79999999999998,0.05263157894736842,0,0.42105263157894735,0,0,0.2222222222222222,-2.08,0.0,0,1,0.05555555555555555,-0.93,0,0.2222222222222222,0,-3.26,0.0,1",-5.600,73.7,-1.6300,-43.8600,-16.6200,-16.6200,0.0,,0,none,19,guide
AGAGAUAGCCAAUAAUCAG,GAAAACUUCGAUCCUUUACCUGAUUAUUGGCUAUCUCUUCUGUUCAAGAAAUUGGUG,0.92,1,"0.9,-2.08,-10.48,0,0,-178.21999999999997,0.15789473684210525,0,0.21052631578947367,0,0,0.0,-2.35,0.1111111111111111,0,0,0.05555555555555555,-2.08,0,0.05555555555555555,0,-1.33,0.0,0",0.000,36.8,0.4500,-29.8000,-11.2900,-11.2900,0.0,,0,none,19,guide
CCAAGGCUUUCAAAUAAAA,GAAAGCACAGAUGAAUUGCUUUUAUUUGAAAGCCUUGGAUGGUUUUGUUAUGGUUCU,0.14,0,"-2.33,-3.26,-13.39,0,0,-160.23999999999995,0.21052631578947367,0,0.10526315789473684,0,0,0.05555555555555555,-2.11,0.05555555555555555,0,1,0.05555555555555555,-0.93,1,0.05555555555555555,0,-0.93,0.1111111111111111,1",0.000,31.6,-2.7800,-26.4500,-13.8800,-13.8800,0.0,,0,none,19,guide
UUGUCCGUUACUUUCACCC,ACCAACUUCCGUGUGCUUUGGGUGAAAGUAACGGACAAUGGGCUCCAGAAGGUGGAG,0.61,0,"2.33,-0.93,-6.82,1,0,-180.29000000000002,0.42105263157894735,1,0.10526315789473684,0,0,0.0,-2.11,0.05555555555555555,1,0,0.16666666666666666,-3.26,0,0.0,0,-0.93,0.2222222222222222,0",0.000,47.4,2.7800,-32.8600,-14.5600,-14.5600,0.0,,0,none,19,guide
UUUGACUCAAAGCGACAGA,AAGAAGCCCUAACGUGUUAUCUGUCGCUUUGAGUCAAAGAACUACAGUUCCUGAGGA,0.75,1,"0.97,-0.93,-6.82,1,0,-177.06999999999996,0.21052631578947367,1,0.21052631578947367,0,0,0.0,-0.93,0.0,1,0,0.0,-2.35,0,0.05555555555555555,0,-2.36,0.1111111111111111,1",0.000,42.1,1.4200,-31.4600,-12.0600,-12.0600,0.0,,0,none,19,guide
UACAGAGUUAAAUCUCCUU,GACAAUCCAAGGUAUAAAGAAGGAGAUUUAACUCUGUAUGCCAUAAACCUCCAUAAU,0.61,0,"-0.4,-1.33,-7.69,1,0,-166.85999999999999,0.3684210526315789,0,0.10526315789473684,0,0,0.0,-2.24,0.1111111111111111,0,0,0.05555555555555555,-0.93,0,0.0,0,-2.35,0.1111111111111111,0",-1.700,31.6,-0.4000,-28.0600,-13.1000,-13.1000,0.0,,0,none,19,guide
UGGAGUGGACCUCACAAAG,CAGUGAAGAUGCUGCCCACCUUUGUGAGGUCCACUCCAGAUGGGACAGAACACGGAG,0.59,0,"0.87,-2.11,-10.44,1,0,-191.2,0.15789473684210525,0,0.3157894736842105,0,0,0.1111111111111111,-3.26,0.0,0,0,0.05555555555555555,-2.08,0,0.0,0,-2.11,0.0,0",-1.700,52.6,0.4200,-35.9500,-15.3000,-15.3000,0.0,,0,none,19,guide
UCAUCUGUGCUUUCAUGUC,UGAUUUGGAUAUUGAAGAUGACAUGAAAGCACAGAUGAAUUGCUUUUAUUUGAAAGC,0.69,0,"0.9,-2.35,-12.44,1,0,-185.67,0.47368421052631576,0,0.15789473684210525,0,0,0.0,-2.11,0.0,0,0,0.0,-2.35,0,0.05555555555555555,0,-2.35,0.1111111111111111,0",0.000,42.1,0.4500,-31.9300,-11.9900,-11.9900,0.0,,0,none,19,guide
UAACCAGACCUUCUUGCCA,UGGUUGAGAGCACCAGGCCUGGCAAGAAGGUCUGGUUAGGAGAAACAAGCUCUGCAU,0.33,0,"0.33,-1.33,-7.69,1,0,-182.59000000000003,0.2631578947368421,0,0.10526315789473684,0,0,0.0,-0.93,0.05555555555555555,0,0,0.16666666666666666,-2.11,0,0.05555555555555555,0,-2.08,0.1111111111111111,1",0.000,47.4,0.7800,-34.4300,-12.9700,-12.9700,0.0,,0,none,19,guide
UUUCAUCCACUAAAUGGUA,AUUCUUUGGAGCAGGAAACUACCAUUUAGUGGAUGAAAACUUCGAUCCUUUACCUGA,0.63,0,"0.4,-0.93,-6.82,1,0,-166.63000000000002,0.3684210526315789,1,0.10526315789473684,0,0,0.05555555555555555,-0.93,0.1111111111111111,1,0,0.05555555555555555,-1.33,0,0.0,0,-0.93,0.1111111111111111,1",-0.500,31.6,0.4000,-28.0500,-12.1000,-12.1000,0.0,,0,none,19,guide
UGAGACUAGAGAGAAGCGG,GGACCCCGGCGAUUGCCGCCCGCUUCUCUCUAGUCUCACGAGGGGUUUCCCGCCUCG,0.68,0,"1.6,-2.11,-10.44,1,0,-193.01,0.10526315789473684,0,0.42105263157894735,0,0,0.05555555555555555,-2.35,0.05555555555555555,0,0,0.0,-3.26,0,0.05555555555555555,0,-2.35,0.0,0",0.000,52.6,1.6000,-35.5900,-12.4300,-12.4300,0.0,,0,none,19,guide
AGAGUCGAGAGCUCUAGCA,XXXXXXXXXXXXXXXXXAGUGCUAGAGCUCUCGACUCUCCGCUGCGCGGCAGCUGGC,0.73,1,"0.03,-2.08,-10.48,0,0,-194.43999999999997,0.15789473684210525,0,0.3157894736842105,0,0,0.0,-2.35,0.05555555555555555,0,0,0.0,-2.11,0,0.1111111111111111,0,-2.35,0.0,1",-3.800,52.6,0.0300,-36.5500,-13.7300,-13.7300,0.0,,0,none,19,guide
UAGAGUUAGACCAUUGAGU,UACUUUCCAAAUCUGUCCAACUCAAUGGUCUAACUCUAAAGAUGGUGGAUGAUCAAA,0.91,1,"0.46,-1.33,-7.69,1,0,-175.05999999999997,0.3157894736842105,0,0.2631578947368421,0,0,0.0,-2.08,0.1111111111111111,0,0,0.05555555555555555,-2.24,0,0.0,0,-1.1,0.1111111111111111,0",0.000,36.8,0.9100,-30.7000,-11.0100,-11.0100,0.0,,0,none,19,guide
AGAGCUUCUUGAGUAGGUG,AGAAAAAGUUCAAGAACAGCACCUACUCAAGAAGCUCUGUAGAUGUGCUAUACACUU,0.85,1,"0.93,-2.08,-10.48,0,0,-186.15,0.3157894736842105,0,0.3684210526315789,0,0,0.05555555555555555,-2.35,0.05555555555555555,0,0,0.0,-2.11,0,0.05555555555555555,0,-2.24,0.1111111111111111,0",-0.500,47.4,0.4800,-34.1600,-13.2100,-13.2100,0.0,,0,none,19,guide
UCGCCUUCCACCAUGUCGA,AUGGAAGAGAUGCGCCACAUCGACAUGGUGGAAGGCGAUGAGGGGCGGAUGUGUAUC,0.8,1,"0.0,-2.35,-12.44,1,0,-195.84000000000003,0.2631578947368421,0,0.15789473684210525,0,0,0.0,-2.36,0.0,0,0,0.16666666666666666,-2.35,0,0.05555555555555555,0,-1.1,0.05555555555555555,1",0.000,57.9,0.0000,-37.6000,-14.4000,-14.4000,0.0,,0,none,19,guide
UUGGUGAAAUCGAUGAGAA,GGUGAGAUUGUCCGUAACAUUCUCAUCGAUUUCACCAAGCGUGGACUACUCUUCCGA,0.77,1,"0.0,-0.93,-6.82,1,0,-174.41999999999996,0.2631578947368421,1,0.3157894736842105,0,0,0.05555555555555555,-2.11,0.0,1,0,0.0,-0.93,0,0.0,0,-1.1,0.05555555555555555,1",0.000,36.8,0.0000,-29.4500,-13.0000,-13.0000,0.0,,0,none,19,guide
CACACCUCCUUAACAAUGA,AGCACCUGUGACGACAGCAUCAUUGUUAAGGAGGUGUGCACUGUGGUGGCCCGGCGG,0.71,1,"-0.66,-2.11,-10.44,0,0,-178.77999999999997,0.21052631578947367,0,0.05263157894736842,0,0,0.0,-2.24,0.05555555555555555,0,1,0.1111111111111111,-2.35,0,0.0,0,-2.24,0.05555555555555555,1",0.000,42.1,-0.2100,-31.6200,-14.2800,-14.2800,0.0,,0,none,19,guide
UUGAGUGAAAGCUCAUCCA,ACAGAAUUUGAUGUGGCUGUGGAUGAGCUUUCACUCAACCCCGGCAAGCAGAGGUUC,0.88,1,"0.73,-0.93,-6.82,1,0,-181.41999999999996,0.2631578947368421,1,0.21052631578947367,0,0,0.0,-2.11,0.0,1,0,0.05555555555555555,-2.11,0,0.05555555555555555,0,-2.35,0.05555555555555555,1",-4.700,42.1,1.1800,-32.2500,-13.2400,-13.2400,0.0,,0,none,19,guide
UUGGUGAAGCUAACGUUGA,CCUCCCGCGACGAUGCCCCUCAACGUUAGCUUCACCAACAGGAACUAUGACCUCGAC,0.18,0,"0.97,-0.93,-6.82,1,0,-174.18999999999997,0.3157894736842105,1,0.3157894736842105,0,0,0.05555555555555555,-2.11,0.05555555555555555,1,0,0.0,-2.35,0,0.05555555555555555,0,-2.24,0.1111111111111111,1",-0.600,42.1,1.4200,-31.2100,-13.0000,-13.0000,0.0,,0,none,19,guide
UACAACUGCAUGUUUCAGC,UGGCUGAACCAUCACAGAUGCUGAAACAUGCAGUUGUAAACUUGAUUAACUAUCAAG,0.9,1,"2.09,-1.33,-7.69,1,0,-179.75999999999996,0.3157894736842105,0,0.15789473684210525,0,0,0.0,-2.24,0.05555555555555555,0,0,0.0,-3.42,0,0.1111111111111111,0,-0.93,0.1111111111111111,0",0.000,42.1,2.5400,-31.7000,-11.7100,-11.7100,0.0,,0,none,19,guide
UGGAGAACCCAGGAGGAUG,CCACGGACCCGCGGUUCCUCAUCCUCCUGGGUUCUCCAAAGCUUCGUACCUUGGCCA,0.92,1,"0.9,-2.11,-10.44,1,0,-199.74,0.10526315789473684,0,0.42105263157894735,0,0,0.16666666666666666,-3.26,0.0,0,0,0.1111111111111111,-2.11,0,0.0,0,-2.35,0.0,0",-1.500,57.9,0.4500,-38.4000,-13.2100,-13.2100,0.0,,0,none,19,guide
ACAGUGCACACCUCCUUAA,UGUGACGACAGCAUCAUUGUUAAGGAGGUGUGCACUGUGGUGGCCCGGCGGGCAGCC,0.43,0,"-0.86,-2.24,-11.4,0,0,-183.17999999999998,0.21052631578947367,0,0.10526315789473684,0,0,0.0,-2.11,0.05555555555555555,0,0,0.1111111111111111,-0.93,0,0.05555555555555555,0,-2.35,0.05555555555555555,1",0.000,47.4,-1.3100,-34.6300,-14.0700,-14.0700,0.0,,0,none,19,guide
AAGUCGUGCUGAAUAAUAC,GUGAAUUACGUUGUGAGUGGUAUUAUUCAGCACGACUUGAUUUUCUCCCUUCAACAA,0.83,1,"1.76,-0.93,-6.82,0,0,-173.70999999999998,0.2631578947368421,0,0.21052631578947367,0,0,0.0,-2.08,0.1111111111111111,0,0,0.0,-2.24,0,0.05555555555555555,0,-1.1,0.0,0",0.000,36.8,1.7600,-29.2900,-13.3800,-13.3800,0.0,,0,none,19,guide
UGGCAUACAGAGUUAAAUC,UCCAAGGUAUAAAGAAGGAGAUUUAACUCUGUAUGCCAUAAACCUCCAUAAUGUCAC,0.92,1,"1.14,-2.11,-10.44,1,0,-175.5,0.2631578947368421,0,0.21052631578947367,0,0,0.05555555555555555,-3.26,0.1111111111111111,0,0,0.0,-2.35,0,0.05555555555555555,0,-0.93,0.05555555555555555,0",0.000,36.8,0.6900,-29.9100,-13.4600,-13.4600,0.0,,0,none,19,guide
AAUGGGUUCACAAAUCAGC,CACCUAUGACCUGCUUGGUGCUGAUUUGUGAACCCAUUCCUCACCCAUCAAAUAUUG,0.9,1,"2.49,-0.93,-6.82,0,0,-180.28999999999996,0.21052631578947367,0,0.21052631578947367,0,0,0.1111111111111111,-1.1,0.0,0,0,0.0,-3.42,0,0.05555555555555555,0,-0.93,0.05555555555555555,0",0.000,42.1,2.9400,-31.2700,-12.9000,-12.9000,0.0,,0,none,19,guide
AAACACACUGUGUCCAGUU,GAUUAACUCAGUUUGAACUAACUGGACACAGUGUGUUUGAUUUUACUCAUCCAUGUG,0.77,1,"0.0,-0.93,-6.82,0,0,-176.79999999999998,0.2631578947368421,0,0.15789473684210525,0,0,0.0,-0.93,0.0,0,0,0.05555555555555555,-0.93,0,0.0,0,-2.35,0.05555555555555555,0",-1.900,42.1,0.0000,-31.9100,-11.8700,-11.8700,0.0,,0,none,19,guide
UUGAGCCGCUCUGAGAUGC,GGACUACUCUUCCGAGGCCGCAUCUCAGAGCGGCUCAAGACAAGGGGCAUCUUUGAA,0.78,1,"2.49,-0.93,-6.82,1,0,-200.53999999999996,0.2631578947368421,1,0.3157894736842105,0,0,0.0,-2.11,0.0,1,0,0.05555555555555555,-3.42,0,0.16666666666666666,0,-2.35,0.05555555555555555,0",-0.300,57.9,2.9400,-37.8200,-15.5800,-15.5800,0.0,,0,none,19,guide
UUUGGCAAAGUGAGGAUGU,AUGGGACCCUCUACAAGCUACAUCCUCACUUUGCCAAAGUCAUGCAUGAGACAGUGA,0.85,1,"0.86,-0.93,-6.82,1,0,-177.67,0.3157894736842105,1,0.3684210526315789,0,0,0.1111111111111111,-0.93,0.0,1,0,0.0,-2.24,0,0.05555555555555555,0,-2.08,0.1111111111111111,0",0.000,42.1,1.3100,-31.9000,-12.7600,-12.7600,0.0,,0,none,19,guide
AAACGCUGGACAUUAGUGG,CAGUUUGAUGCUGCUCAUCCCACUAAUGUCCAGCGUUUGGCUGAACCAUCACAGAUG,0.87,1,"2.33,-0.93,-6.82,0,0,-181.42000000000002,0.21052631578947367,0,0.3157894736842105,0,0,0.1111111111111111,-0.93,0.05555555555555555,0,0,0.0,-3.26,0,0.05555555555555555,0,-0.93,0.05555555555555555,0",-3.400,47.4,2.7800,-32.9400,-13.1400,-13.1400,0.0,,0,none,19,guide
AUCACCACUUCUAUUCCCA,UUGGGCCUGUCAGCCCGAAUGGGAAUAGAAGUGGUGAUGAGGCAAGUAUUCUUUGGA,0.93,1,"0.56,-1.1,-9.38,0,0,-181.61,0.3157894736842105,0,0.0,0,0,0.0,-2.35,0.05555555555555555,1,0,0.16666666666666666,-2.11,0,0.0,0,-1.1,0.1111111111111111,1",0.000,42.1,1.0100,-32.7000,-14.3100,-14.3100,0.0,,0,none,19,guide
UGUGUAAGCAUUUCUCUCA,CCAUGUGACCAUGAGGAAAUGAGAGAAAUGCUUACACACAGAAAUGGCCUUGUGAAA,0.82,1,"0.0,-2.11,-10.44,1,0,-174.67999999999995,0.42105263157894735,0,0.15789473684210525,0,0,0.0,-2.24,0.05555555555555555,0,0,0.0,-2.11,0,0.05555555555555555,0,-2.35,0.1111111111111111,1",0.000,36.8,0.0000,-30.2100,-10.9300,-10.9300,0.0,,0,none,19,guide
UUAGGCCAAAGAUCAAGUC,UGCAAACUGCUCAGGACUGGACUUGAUCUUUGGCCUAAAUGCGUUAUUAAGAACAGC,0.63,0,"1.87,-0.93,-6.82,1,0,-179.72,0.21052631578947367,1,0.21052631578947367,0,0,0.05555555555555555,-1.33,0.05555555555555555,1,0,0.05555555555555555,-2.35,0,0.05555555555555555,0,-2.35,0.05555555555555555,0",0.000,42.1,1.8700,-31.9000,-15.4600,-15.4600,0.0,,0,none,19,guide
UCGCCGGUGGAUCGCUUCC,ACGUGGUGACCCUGCUGAAGGAAGCGAUCCACCGGCGAGAGGAGUUUGACCUGGAUG,0.83,1,"1.36,-2.35,-12.44,1,0,-206.19,0.2631578947368421,0,0.3157894736842105,0,0,0.1111111111111111,-2.36,0.0,0,0,0.1111111111111111,-3.26,0,0.1111111111111111,0,-2.36,0.05555555555555555,0",-1.200,68.4,1.3600,-40.8800,-16.9000,-16.9000,0.0,,0,none,19,guide
UUCUGCAAAGCUAGUAUCU,GAGGAAGAACUAAAUCCAAAGAUACUAGCUUUGCAGAAUGCUCAGAGAAAGCGAAAA,0.83,1,"0.7,-0.93,-6.82,1,0,-173.48999999999998,0.3684210526315789,1,0.15789473684210525,0,0,0.0,-2.35,0.1111111111111111,1,0,0.0,-2.08,0,0.1111111111111111,0,-2.08,0.05555555555555555,0",0.000,36.8,1.1500,-30.3100,-13.0000,-13.0000,0.0,,0,none,19,guide
UCUGAUUCAACUUUGGUGA,AUGAAAAUGACUCAGCUAUUCACCAAAGUUGAAUCAGAAGAUACAAGUAGCCUCUUU,0.89,1,"0.0,-2.35,-12.44,1,0,-174.28,0.42105263157894735,0,0.21052631578947367,0,0,0.05555555555555555,-2.08,0.0,0,0,0.0,-2.35,0,0.0,0,-0.93,0.16666666666666666,1",0.000,36.8,0.0000,-29.9200,-10.9200,-10.9200,0.0,,0,none,19,guide
UCAGGUAAAGGAUCGAAGU,UACCAUUUAGUGGAUGAAAACUUCGAUCCUUUACCUGAUUAUUGGCUAUCUCUUCUG,0.95,1,"-0.11,-2.35,-12.44,1,0,-178.33999999999997,0.21052631578947367,0,0.3157894736842105,0,0,0.1111111111111111,-2.11,0.05555555555555555,0,0,0.0,-2.24,0,0.0,0,-2.35,0.0,0",0.000,42.1,-0.1100,-31.6900,-11.9500,-11.9500,0.0,,0,none,19,guide
AUCAGAGAGGCGCAUGUGG,AGGUUGACCAGUAUCUCUACCACAUGCGCCUCUCUGAUGAGACCCUCUUGGAGAUCU,0.72,1,"2.16,-1.1,-9.38,0,0,-200.52999999999997,0.15789473684210525,0,0.42105263157894735,0,0,0.1111111111111111,-2.35,0.0,1,0,0.0,-3.26,0,0.1111111111111111,0,-2.11,0.0,0",0.000,57.9,2.6100,-37.9500,-13.3200,-13.3200,0.0,,0,none,19,guide
AAUGUGGUCAAACAGCUGG,UCAUGCGAGGCAGUGGCACCCAGCUGUUUGACCACAUUGCCGAAUGCCUGGCUAACU,0.78,1,"2.33,-0.93,-6.82,0,0,-183.96999999999997,0.21052631578947367,0,0.3157894736842105,0,0,0.1111111111111111,-1.1,0.0,0,0,0.0,-3.26,0,0.05555555555555555,0,-2.11,0.0,0",-0.700,47.4,2.7800,-33.4700,-13.0600,-13.0600,0.0,,0,none,19,guide
UCUUUGGAUUUAGUUCUUC,AAGAACUACAGUUCCUGAGGAAGAACUAAAUCCAAAGAUACUAGCUUUGCAGAAUGC,0.58,0,"0.9,-2.35,-12.44,1,0,-167.08999999999997,0.5789473684210527,0,0.15789473684210525,0,0,0.05555555555555555,-2.08,0.05555555555555555,0,0,0.0,-2.35,0,0.0,0,-2.24,0.3333333333333333,0",-0.300,31.6,0.4500,-27.1700,-11.6600,-11.6600,0.0,,0,none,19,guide
UUAUCUGGAAACAUUGAGG,AAAAUUUUUGAAGCCAUUUCCUCAAUGUUUCCAGAUAAGGGCACAGCAGAAGAACUA,0.83,1,"2.33,-0.93,-6.82,1,0,-174.17999999999995,0.3157894736842105,1,0.2631578947368421,0,0,0.1111111111111111,-1.33,0.05555555555555555,1,0,0.0,-3.26,0,0.0,0,-1.1,0.1111111111111111,0",-0.300,36.8,2.7800,-29.4100,-12.2300,-12.2300,0.0,,0,none,19,guide
UGGUUCACCAUGUCUCCUC,AUGGUGACCGAGCUGCUGGGAGGAGACAUGGUGAACCAGAGUUUCAUCUGCGACCCG,0.36,0,"1.14,-2.11,-10.44,1,0,-195.72,0.3684210526315789,0,0.15789473684210525,0,0,0.05555555555555555,-3.26,0.0,0,0,0.1111111111111111,-2.35,0,0.0,0,-2.35,0.05555555555555555,0",-1.000,52.6,0.6900,-36.5900,-13.1300,-13.1300,0.0,,0,none,19,guide
AUUUAGGCCAAAGAUCAAG,CAAACUGCUCAGGACUGGACUUGAUCUUUGGCCUAAAUGCGUUAUUAAGAACAGCAG,0.8,1,"1.43,-1.1,-9.38,0,0,-172.07999999999998,0.21052631578947367,0,0.21052631578947367,0,0,0.05555555555555555,-0.93,0.05555555555555555,1,0,0.05555555555555555,-2.08,0,0.05555555555555555,0,-2.35,0.1111111111111111,0",0.000,36.8,1.4300,-29.3400,-11.9500,-11.9500,0.0,,0,none,19,guide
UCAGUUUCUGUGUCGUUGC,AUAUCUUUAGAUUUUGGCAGCAACGACACAGAAACUGAUGACCAGCAACUUGAGGAA,0.88,1,"1.52,-2.35,-12.44,1,0,-184.29,0.47368421052631576,0,0.2631578947368421,0,0,0.0,-2.11,0.0,0,0,0.0,-3.42,0,0.05555555555555555,0,-2.35,0.16666666666666666,0",0.000,47.4,1.5200,-33.0900,-10.6400,-10.6400,0.0,,0,none,19,guide
AUUCUGCAAAGCUAGUAUC,AGGAAGAACUAAAUCCAAAGAUACUAGCUUUGCAGAAUGCUCAGAGAAAGCGAAAAA,0.88,1,"1.7,-1.1,-9.38,0,0,-176.10999999999999,0.3157894736842105,0,0.15789473684210525,0,0,0.0,-0.93,0.1111111111111111,1,0,0.0,-2.35,0,0.1111111111111111,0,-1.33,0.05555555555555555,0",0.000,36.8,1.7000,-30.0300,-13.0000,-13.0000,0.0,,0,none,19,guide
UUCUGCUGCCUUGUAUAGG,UGAUUGUGAAGUUAAUGCUCCUAUACAAGGCAGCAGAAACCUACUGCAGGGUGAAGA,0.38,0,"2.33,-0.93,-6.82,1,0,-184.69,0.42105263157894735,1,0.2631578947368421,0,0,0.05555555555555555,-2.35,0.1111111111111111,1,0,0.05555555555555555,-3.26,0,0.1111111111111111,0,-2.24,0.1111111111111111,0",-0.800,47.4,2.7800,-34.0800,-14.1500,-14.1500,0.0,,0,none,19,guide
UGUUUCUCCUAACCAGACC,GCACCAGGCCUGGCAAGAAGGUCUGGUUAGGAGAAACAAGCUCUGCAUAUGGAGGCG,0.75,1,"1.6,-2.11,-10.44,1,0,-184.82999999999998,0.3157894736842105,0,0.10526315789473684,0,0,0.0,-2.24,0.05555555555555555,0,0,0.16666666666666666,-3.26,0,0.0,0,-3.26,0.1111111111111111,0",0.000,47.4,1.6000,-34.1900,-10.8800,-10.8800,0.0,,0,none,19,guide
AUCUCCAAGUCUAAAUCUG,CCAUUUUCUACUCAGGACACAGAUUUAGACUUGGAGAUGUUAGCUCCCUAUAUCCCA,0.89,1,"1.46,-1.1,-9.38,0,0,-176.92999999999998,0.3157894736842105,0,0.10526315789473684,0,0,0.0,-2.35,0.05555555555555555,1,0,0.05555555555555555,-2.11,0,0.0,0,-0.93,0.0,0",0.000,36.8,1.4600,-29.8200,-13.0800,-13.0800,0.0,,0,none,19,guide
CAGUGCACACCUCCUUAAC,CUGUGACGACAGCAUCAUUGUUAAGGAGGUGUGCACUGUGGUGGCCCGGCGGGCAGC,0.56,0,"0.13,-2.11,-10.44,0,0,-190.62,0.21052631578947367,0,0.10526315789473684,0,0,0.0,-2.08,0.05555555555555555,0,1,0.1111111111111111,-2.24,0,0.05555555555555555,0,-3.26,0.05555555555555555,0",0.000,52.6,0.1300,-35.3300,-14.2000,-14.2000,0.0,,0,none,19,guide
UAACUGUGCUUUGAGGACU,CGCAAGCCCUGAAAGCGCAAGUCCUCAAAGCACAGUUACAGUAUUCCAGCAGACUCA,0.91,1,"0.3,-1.33,-7.69,1,0,-177.69,0.3684210526315789,0,0.2631578947368421,0,0,0.05555555555555555,-0.93,0.05555555555555555,0,0,0.0,-2.08,0,0.05555555555555555,0,-2.35,0.1111111111111111,0",-1.000,42.1,0.7500,-32.2300,-11.7100,-11.7100,0.0,,0,none,19,guide
AAUUUAUCCAGCCACAUAA,GACACCUUUGCAGCUGGCUUUAUGUGGCUGGAUAAAUUGGGCCUGUCAGCCCGAAUG,0.5,0,"0.0,-0.93,-6.82,0,0,-167.04999999999998,0.2631578947368421,0,0.05263157894736842,0,0,0.0,-1.1,0.1111111111111111,0,0,0.1111111111111111,-0.93,0,0.05555555555555555,0,-2.11,0.1111111111111111,1",0.000,31.6,0.0000,-27.9800,-7.7400,-7.7400,0.0,,0,none,19,guide
UUGUCUUGAGCCGCUCUGA,ACUCUUCCGAGGCCGCAUCUCAGAGCGGCUCAAGACAAGGGGCAUCUUUGAAACCAA,0.86,1,"0.97,-0.93,-6.82,1,0,-190.77999999999997,0.3684210526315789,1,0.2631578947368421,0,0,0.0,-2.11,0.0,1,0,0.05555555555555555,-2.35,0,0.1111111111111111,0,-3.42,0.1111111111111111,1",-0.300,52.6,1.4200,-35.9700,-11.8200,-11.8200,0.0,,0,none,19,guide
UUUCUCCUAACCAGACCUU,GAGCACCAGGCCUGGCAAGAAGGUCUGGUUAGGAGAAACAAGCUCUGCAUAUGGAGG,0.58,0,"0.0,-0.93,-6.82,1,0,-176.56999999999996,0.3684210526315789,1,0.05263157894736842,0,0,0.0,-0.93,0.05555555555555555,1,0,0.16666666666666666,-0.93,0,0.0,0,-2.08,0.16666666666666666,0",0.000,42.1,0.0000,-32.1500,-13.0500,-13.0500,0.0,,0,none,19,guide
AAGGGAGAAAAUCAAGUCG,UGAGUGGUAUUAUUCAGCACGACUUGAUUUUCUCCCUUCAACAAACAGAAUGUGUCC,0.87,1,"1.43,-0.93,-6.82,0,0,-176.60999999999996,0.10526315789473684,0,0.3157894736842105,0,0,0.1111111111111111,-2.08,0.0,0,0,0.0,-2.36,0,0.0,0,-2.11,0.0,0",0.000,42.1,1.8800,-30.5300,-15.3800,-15.3800,0.0,,0,none,19,guide
UGUUGCAGACUUUAUGUUC,CUAGCCGAGGAAGAACUAUGAACAUAAAGUCUGCAACAUGGAAGGUAUUGCACUGCA,0.55,0,"1.14,-2.11,-10.44,1,0,-173.7,0.47368421052631576,0,0.21052631578947367,0,0,0.0,-2.24,0.05555555555555555,0,0,0.0,-2.35,0,0.05555555555555555,0,-1.33,0.2222222222222222,0",-0.100,36.8,0.6900,-29.3000,-12.8900,-12.8900,0.0,,0,none,19,guide
UUCUUGUAGACGGAACCGU,CGCUCUACUAUUGGGGUCGACGGUUCCGUCUACAAGAAACACCCCCAUUUUGCCAAG,0.76,1,"0.86,-0.93,-6.82,1,0,-179.48,0.3157894736842105,1,0.2631578947368421,0,0,0.05555555555555555,-2.35,0.05555555555555555,1,0,0.05555555555555555,-2.24,0,0.0,0,-2.35,0.1111111111111111,0",-0.400,47.4,1.3100,-33.1500,-11.0400,-11.0400,0.0,,0,none,19,guide
UCUACAGAGCUUCUUGAGU,AAGUUCAAGAACAGCACCUACUCAAGAAGCUCUGUAGAUGUGCUAUACACUUUUGCA,0.49,0,"-0.11,-2.35,-12.44,1,0,-181.47999999999996,0.3684210526315789,0,0.21052631578947367,0,0,0.0,-2.08,0.05555555555555555,0,0,0.0,-2.24,0,0.05555555555555555,0,-2.08,0.1111111111111111,0",0.000,42.1,-0.1100,-32.4000,-12.1900,-12.1900,0.0,,0,none,19,guide
AAUAGCUGAGUCAUUUUCA,CCGGUUGAAUCUUCAGAUAUGAAAAUGACUCAGCUAUUCACCAAAGUUGAAUCAGAA,0.81,1,"0.73,-0.93,-6.82,0,0,-169.04,0.3684210526315789,0,0.15789473684210525,0,0,0.0,-1.1,0.05555555555555555,0,0,0.0,-2.11,0,0.05555555555555555,0,-1.1,0.16666666666666666,1",0.000,31.6,1.1800,-27.8900,-12.1200,-12.1200,0.0,,0,none,19,guide
UAAAUCUGUGUCCUGAGUA,AAGCAAAGAACCCAUUUUCUACUCAGGACACAGAUUUAGACUUGGAGAUGUUAGCUC,0.8,1,"0.0,-1.33,-7.69,1,0,-175.02,0.3684210526315789,0,0.21052631578947367,0,0,0.0,-0.93,0.1111111111111111,0,0,0.05555555555555555,-1.33,0,0.0,0,-2.08,0.0,1",0.000,36.8,0.0000,-30.5800,-9.5000,-9.5000,0.0,,0,none,19,guide
UGUCGGAUAGCAAGGGCGC,CUCUGCAUAUGGAGGCGGAGCGCCCUUGCUAUCCGACACCUUUGCAGCUGGCUUUAU,0.9,1,"1.76,-2.11,-10.44,1,0,-200.76999999999992,0.15789473684210525,0,0.42105263157894735,0,0,0.16666666666666666,-2.24,0.05555555555555555,0,0,0.0,-3.42,0,0.16666666666666666,0,-2.08,0.0,0",-1.400,63.2,1.7600,-39.3500,-13.6600,-13.6600,0.0,,0,none,19,guide
UAACUGGAAGUCAUCAUCC,UAGCUCCCUAUAUCCCAAUGGAUGAUGACUUCCAGUUACGUUCCUUCGAUCAGUUGU,0.91,1,"1.93,-1.33,-7.69,1,0,-184.38,0.2631578947368421,0,0.15789473684210525,0,0,0.05555555555555555,-0.93,0.05555555555555555,0,0,0.05555555555555555,-3.26,0,0.0,0,-1.1,0.0,0",-0.500,42.1,2.3800,-31.9900,-12.9700,-12.9700,0.0,,0,none,19,guide
UUGAGUUUCAACCCAGACA,UUGCCAAAAGAGGUGGAUAUGUCUGGGUUGAAACUCAAGCAACUGUCAUAUAUAACA,0.8,1,"0.73,-0.93,-6.82,1,0,-177.25,0.2631578947368421,1,0.15789473684210525,0,0,0.0,-2.11,0.0,1,0,0.1111111111111111,-2.11,0,0.0,0,-3.26,0.16666666666666666,1",-0.300,42.1,1.1800,-32.1200,-10.6400,-10.6400,0.0,,0,none,19,guide
UCUUUUCGACGUUCAGAAC,AACGACAAGAAAAAGAUAAGUUCUGAACGUCGAAAAGAAAAGUCUCGAGAUGCAGCC,0.73,1,"0.79,-2.35,-12.44,1,0,-175.85,0.3684210526315789,0,0.15789473684210525,0,0,0.0,-2.08,0.0,0,0,0.0,-2.24,0,0.0,0,-2.35,0.2222222222222222,0",-0.300,42.1,0.3400,-30.1700,-9.5800,-9.5800,0.0,,0,none,19,guide
AUACGGUCUUUUGUCACUG,ACCACUGAUGAAUUAAAAACAGUGACAAAAGACCGUAUGGAAGACAUUAAAAUAUUG,0.84,1,"1.46,-1.1,-9.38,0,0,-176.98999999999998,0.42105263157894735,0,0.21052631578947367,0,0,0.05555555555555555,-1.33,0.05555555555555555,1,0,0.0,-2.11,0,0.0,0,-2.24,0.16666666666666666,0",-0.800,42.1,1.4600,-31.0500,-13.7800,-13.7800,0.0,,0,none,19,guide
UUGAGAAGAAUCUCAGCCC,CCACUGCCCGAGUGGAGCCGGGCUGAGAUUCUUCUCAAGUUGAGCCUCAGUGAUCCU,0.74,1,"2.33,-0.93,-6.82,1,0,-189.16999999999996,0.21052631578947367,1,0.21052631578947367,0,0,0.0,-2.11,0.0,1,0,0.1111111111111111,-3.26,0,0.05555555555555555,0,-2.35,0.05555555555555555,0",-4.300,47.4,2.7800,-33.9800,-11.9000,-11.9000,0.0,,0,none,19,guide
UCAUCACCACUUCUAUUCC,GGGCCUGUCAGCCCGAAUGGGAAUAGAAGUGGUGAUGAGGCAAGUAUUCUUUGGAGC,0.89,1,"1.36,-2.35,-12.44,1,0,-184.38,0.3684210526315789,0,0.0,0,0,0.0,-2.11,0.05555555555555555,0,0,0.1111111111111111,-3.26,0,0.0,0,-2.08,0.1111111111111111,0",0.000,42.1,1.3600,-32.3400,-13.1700,-13.1700,0.0,,0,none,19,guide
AAAGUGAGGAUGUAGCUUG,GUGUGGAUGGGACCCUCUACAAGCUACAUCCUCACUUUGCCAAAGUCAUGCAUGAGA,0.89,1,"1.63,-0.93,-6.82,0,0,-179.38999999999996,0.2631578947368421,0,0.3684210526315789,0,0,0.05555555555555555,-0.93,0.05555555555555555,0,0,0.0,-2.11,0,0.05555555555555555,0,-1.33,0.05555555555555555,0",-0.600,42.1,1.6300,-31.7900,-11.7900,-11.7900,0.0,,0,none,19,guide
CAUACAGAGUUAAAUCUCC,CAAUCCAAGGUAUAAAGAAGGAGAUUUAACUCUGUAUGCCAUAAACCUCCAUAAUGU,0.46,0,"0.7,-2.11,-10.44,0,0,-176.82,0.2631578947368421,0,0.10526315789473684,0,0,0.0,-1.1,0.1111111111111111,0,1,0.05555555555555555,-3.26,0,0.0,0,-0.93,0.05555555555555555,0",-1.700,36.8,1.1500,-29.3100,-11.2100,-11.2100,0.0,,0,none,19,guide
AAAGGUGUCGGAUAGCAAG,CAUAUGGAGGCGGAGCGCCCUUGCUAUCCGACACCUUUGCAGCUGGCUUUAUGUGGC,0.71,1,"1.6,-0.93,-6.82,0,0,-182.49999999999997,0.15789473684210525,0,0.3684210526315789,0,0,0.1111111111111111,-0.93,0.05555555555555555,0,0,0.0,-2.08,0,0.05555555555555555,0,-1.33,0.0,0",0.000,47.4,1.6000,-33.0200,-12.8600,-12.8600,0.0,,0,none,19,guide
UGUCGACUGAGGAAAGUCU,GAAAUUCCUUUAGAUAGCAAGACUUUCCUCAGUCGACACAGCCUGGAUAUGAAAUUU,0.89,1,"-0.03,-2.11,-10.44,1,0,-185.81999999999996,0.2631578947368421,0,0.3157894736842105,0,0,0.05555555555555555,-2.24,0.0,0,0,0.0,-2.08,0,0.0,0,-0.93,0.0,0",-4.200,47.4,-0.0300,-33.8500,-13.6200,-13.6200,0.0,,0,none,19,guide
GCCCCCCAUUCCAUGUUCA,GAAGAGGGGCGGAUGUGUGUGAACAUGGAAUGGGGGGCCUUCGGGGACAAUGGAUGC,0.51,0,"-1.76,-3.42,-14.88,0,1,-198.32999999999998,0.2631578947368421,0,0.10526315789473684,0,1,0.0,-3.26,0.0,0,0,0.3333333333333333,-2.11,0,0.05555555555555555,0,-1.1,0.1111111111111111,1",0.000,57.9,-1.7600,-38.2800,-18.4100,-18.4100,0.0,,0,none,19,guide
UGUCACUUUGAGAGCGUCC,UACGAGAAAACCGUGGGCUGGACGCUCUCAAAGUGACAGUGGGUGUGGAUGGGACCC,0.84,1,"1.6,-2.11,-10.44,1,0,-191.94,0.3157894736842105,0,0.2631578947368421,0,0,0.0,-2.24,0.0,0,0,0.05555555555555555,-3.26,0,0.05555555555555555,0,-2.08,0.1111111111111111,0",0.000,52.6,1.6000,-35.4500,-11.9500,-11.9500,0.0,,0,none,19,guide
ACCACAGUGCACACCUCCU,GACGACAGCAUCAUUGUUAAGGAGGUGUGCACUGUGGUGGCCCGGCGGGCAGCCCAG,0.81,1,"-0.16,-2.24,-11.4,0,0,-197.08,0.15789473684210525,0,0.10526315789473684,0,0,0.0,-3.26,0.0,0,0,0.16666666666666666,-2.08,0,0.05555555555555555,0,-2.24,0.0,0",0.000,57.9,-0.1600,-39.0500,-14.0400,-14.0400,0.0,,0,none,19,guide
UUAUGUGGAAGUGGCAACU,UUUUAUGAGCUUGCUCAUCAGUUGCCACUUCCACAUAAUGUGAGUUCGCAUCUUGAU,0.89,1,"0.7,-0.93,-6.82,1,0,-177.5,0.3157894736842105,1,0.3157894736842105,0,0,0.1111111111111111,-1.33,0.05555555555555555,1,0,0.0,-2.08,0,0.05555555555555555,0,-3.26,0.05555555555555555,0",0.000,42.1,1.1500,-32.0400,-12.1500,-12.1500,0.0,,0,none,19,guide
CAAGUCUAAAUCUGUGUCC,AGAACCCAUUUUCUACUCAGGACACAGAUUUAGACUUGGAGAUGUUAGCUCCCUAUA,0.87,1,"0.7,-2.11,-10.44,0,0,-181.58999999999997,0.3157894736842105,0,0.15789473684210525,0,0,0.0,-0.93,0.05555555555555555,0,1,0.05555555555555555,-3.26,0,0.0,0,-2.11,0.0,0",0.000,42.1,1.1500,-31.4300,-11.0100,-11.0100,0.0,,0,none,19,guide
UCUACCUUCAUCCUCCUCU,GACCAGCUGCUGGAGGUCAAGAGGAGGAUGAAGGUAGAAAUGGAGCGAGGUCUGAGC,0.84,1,"-0.27,-2.35,-12.44,1,0,-189.45,0.42105263157894735,0,0.0,0,0,0.0,-2.08,0.05555555555555555,0,0,0.16666666666666666,-2.08,0,0.0,0,-2.08,0.05555555555555555,0",0.000,47.4,-0.2700,-35.1500,-11.9200,-11.9200,0.0,,0,none,19,guide
AUGUGGUAGAGAUACUGGU,GACCAAGUGCAGAAGGUUGACCAGUAUCUCUACCACAUGCGCCUCUCUGAUGAGACC,0.74,1,"0.69,-1.1,-9.38,0,0,-183.10999999999999,0.3157894736842105,0,0.3684210526315789,0,0,0.1111111111111111,-2.11,0.1111111111111111,1,0,0.0,-2.24,0,0.0,0,-1.33,0.0,0",-1.500,42.1,1.1400,-33.1200,-13.2900,-13.2900,0.0,,0,none,19,guide
CAGAGUUAAAUCUCCUUCU,CUGACAAUCCAAGGUAUAAAGAAGGAGAUUUAACUCUGUAUGCCAUAAACCUCCAUA,0.9,1,"-0.93,-2.11,-10.44,0,0,-174.40999999999997,0.3684210526315789,0,0.10526315789473684,0,0,0.0,-2.08,0.05555555555555555,0,1,0.05555555555555555,-2.08,0,0.0,0,-2.35,0.1111111111111111,0",-1.700,36.8,-0.4800,-29.4200,-11.0100,-11.0100,0.0,,0,none,19,guide
UUAUCCAUGAAGUUAGCCA,GACCACAUUGCCGAAUGCCUGGCUAACUUCAUGGAUAAGCUACAAAUCAAAGACAAG,0.92,1,"0.73,-0.93,-6.82,1,0,-173.76999999999998,0.3157894736842105,1,0.15789473684210525,0,0,0.0,-1.33,0.1111111111111111,1,0,0.1111111111111111,-2.11,0,0.05555555555555555,0,-0.93,0.1111111111111111,1",0.000,36.8,1.1800,-30.3800,-11.2500,-11.2500,0.0,,0,none,19,guide
UACUUGCCUCAUCACCACU,CAGCCCGAAUGGGAAUAGAAGUGGUGAUGAGGCAAGUAUUCUUUGGAGCAGGAAACU,0.88,1,"0.3,-1.33,-7.69,1,0,-186.78000000000003,0.3157894736842105,0,0.05263157894736842,0,0,0.0,-2.24,0.05555555555555555,0,0,0.1111111111111111,-2.08,0,0.05555555555555555,0,-2.11,0.05555555555555555,0",0.000,47.4,0.7500,-34.7600,-14.0400,-14.0400,0.0,,0,none,19,guide
UAUCCAGCCACAUAAAGCC,AUCCGACACCUUUGCAGCUGGCUUUAUGUGGCUGGAUAAAUUGGGCCUGUCAGCCCG,0.87,1,"1.93,-1.33,-7.69,1,0,-186.49999999999994,0.15789473684210525,0,0.10526315789473684,0,0,0.0,-1.1,0.1111111111111111,0,0,0.16666666666666666,-3.26,0,0.1111111111111111,0,-1.33,0.0,0",0.000,47.4,2.3800,-34.2800,-14.3200,-14.3200,0.0,,0,none,19,guide
UCUGGUAGUGUUCUCGGAG,CUACCAGGAGCAAUUGCUACUCCGAGAACACUACCAGAAAAAGUUCAAGAACAGCAC,0.89,1,"0.63,-2.35,-12.44,1,0,-191.35999999999999,0.3684210526315789,0,0.3684210526315789,0,0,0.1111111111111111,-2.08,0.05555555555555555,0,0,0.0,-2.08,0,0.0,0,-2.08,0.05555555555555555,0",-2.500,52.6,0.1800,-35.8600,-13.1000,-13.1000,0.0,,0,none,19,guide
AUACAAUGCACUGUGGUUG,AUAUAACACCAAGAAUUCUCAACCACAGUGCAUUGUAUGUGUGAAUUACGUUGUGAG,0.86,1,"1.46,-1.1,-9.38,0,0,-179.75000000000003,0.3157894736842105,0,0.2631578947368421,0,0,0.05555555555555555,-1.33,0.05555555555555555,1,0,0.0,-2.11,0,0.05555555555555555,0,-2.24,0.05555555555555555,0",-0.500,42.1,1.4600,-31.6300,-9.8200,-9.8200,0.0,,0,none,19,guide
UACUUGUAUCUUCUGAUUC,UCAGCUAUUCACCAAAGUUGAAUCAGAAGAUACAAGUAGCCUCUUUGACAAACUUAA,0.81,1,"1.47,-1.33,-7.69,1,0,-172.15,0.5263157894736842,0,0.10526315789473684,0,0,0.0,-2.24,0.1111111111111111,0,0,0.0,-2.35,0,0.0,0,-2.08,0.16666666666666666,0",0.000,31.6,1.4700,-27.8500,-10.9300,-10.9300,0.0,,0,none,19,guide
UUGAACAGAAGAGAUAGCC,GAUCCUUUACCUGAUUAUUGGCUAUCUCUUCUGUUCAAGAAAUUGGUGGGCACCAAG,0.9,1,"2.33,-0.93,-6.82,1,0,-182.42999999999995,0.15789473684210525,1,0.2631578947368421,0,0,0.0,-2.11,0.05555555555555555,1,0,0.05555555555555555,-3.26,0,0.05555555555555555,0,-2.35,0.05555555555555555,0",0.000,42.1,2.7800,-31.9400,-11.8200,-11.8200,0.0,,0,none,19,guide
ACUGCCUCGCAUGAUGUCC,AGAUCUAUGCCAUCCCUGAGGACAUCAUGCGAGGCAGUGGCACCCAGCUGUUUGACC,0.55,0,"1.47,-2.24,-11.4,0,0,-201.45,0.2631578947368421,0,0.21052631578947367,0,0,0.0,-2.08,0.0,0,0,0.1111111111111111,-3.26,0,0.1111111111111111,0,-2.35,0.0,0",-0.400,57.9,1.4700,-38.1100,-15.3000,-15.3000,0.0,,0,none,19,guide
UUGGUCAUGGUUGAGCUCC,UGCUUGCCUACUUCUUCACGGAGCUCAACCAUGACCAAGUGCAGAAGGUUGACCAGU,0.67,0,"2.33,-0.93,-6.82,1,0,-193.57999999999998,0.3684210526315789,1,0.3157894736842105,0,0,0.1111111111111111,-2.11,0.0,1,0,0.05555555555555555,-3.26,0,0.05555555555555555,0,-2.35,0.1111111111111111,0",-2.700,52.6,2.7800,-36.1500,-13.1700,-13.1700,0.0,,0,none,19,guide
GUUUUCAUCCACUAAAUGG,UCUUUGGAGCAGGAAACUACCAUUUAGUGGAUGAAAACUUCGAUCCUUUACCUGAUU,0.93,1,"0.57,-2.24,-11.4,0,1,-173.2,0.3684210526315789,0,0.15789473684210525,0,0,0.05555555555555555,-0.93,0.05555555555555555,1,0,0.05555555555555555,-3.26,0,0.0,0,-1.33,0.16666666666666666,0",0.000,36.8,1.0200,-28.7000,-8.3500,-8.3500,0.0,,0,none,19,guide
CUUGAGUAGGUGCUGUUCU,CACUACCAGAAAAAGUUCAAGAACAGCACCUACUCAAGAAGCUCUGUAGAUGUGCUA,0.58,0,"-0.9,-2.08,-10.48,0,0,-185.06999999999996,0.42105263157894735,0,0.3157894736842105,0,0,0.05555555555555555,-0.93,0.05555555555555555,1,1,0.0,-2.08,0,0.05555555555555555,0,-2.08,0.1111111111111111,0",-0.600,47.4,-0.4500,-34.0800,-11.0400,-11.0400,0.0,,0,none,19,guide
AUCAGGGUUUAGAAAAUCU,GACGGACUGCUACCAAGGAAGAUUUUCUAAACCCUGAUGUAUUGGACAUUUUUAUUU,0.72,1,"0.53,-1.1,-9.38,0,0,-166.87999999999997,0.3157894736842105,0,0.21052631578947367,0,0,0.1111111111111111,-2.35,0.05555555555555555,1,0,0.0,-2.08,0,0.0,0,-0.93,0.1111111111111111,0",-0.700,31.6,0.9800,-27.8500,-15.3000,-15.3000,0.0,,0,none,19,guide
UGAGUAGGUGCUGUUCUUG,AACACUACCAGAAAAAGUUCAAGAACAGCACCUACUCAAGAAGCUCUGUAGAUGUGC,0.79,1,"0.9,-2.11,-10.44,1,0,-185.02999999999997,0.42105263157894735,0,0.3684210526315789,0,0,0.05555555555555555,-2.35,0.05555555555555555,0,0,0.0,-2.11,0,0.05555555555555555,0,-2.24,0.1111111111111111,0",-0.600,47.4,0.4500,-33.9100,-13.3400,-13.3400,0.0,,0,none,19,guide
GUAGAGAUACUGGUCAACC,ACCAUGACCAAGUGCAGAAGGUUGACCAGUAUCUCUACCACAUGCGCCUCUCUGAUG,0.85,1,"0.57,-2.24,-11.4,0,1,-189.99,0.21052631578947367,0,0.2631578947368421,0,0,0.05555555555555555,-1.33,0.1111111111111111,1,0,0.05555555555555555,-3.26,0,0.0,0,-2.24,0.0,0",-0.300,47.4,1.0200,-34.0900,-11.2900,-11.2900,0.0,,0,none,19,guide
UCGCAGUAGAAAUACGGCU,CUCGACUACGACUCGGUGCAGCCGUAUUUCUACUGCGACGAGGAGGAGAACUUCUAC,0.3,0,"-0.27,-2.35,-12.44,1,0,-181.33999999999995,0.21052631578947367,0,0.2631578947368421,0,0,0.05555555555555555,-2.36,0.1111111111111111,0,0,0.0,-2.08,0,0.1111111111111111,0,-1.33,0.0,0",-3.400,47.4,-0.2700,-33.1800,-13.5400,-13.5400,0.0,,0,none,19,guide
AAGGCAAGUCCAGAGGUGG,GGUUUCCCGCCUCGCACCCCCACCUCUGGACUUGCCUUUCCUUCUCUUCUCCGCGUG,0.56,0,"2.33,-0.93,-6.82,0,0,-195.67000000000002,0.10526315789473684,0,0.42105263157894735,0,0,0.16666666666666666,-2.08,0.0,0,0,0.05555555555555555,-3.26,0,0.05555555555555555,0,-2.35,0.0,0",-1.000,57.9,2.7800,-37.8600,-13.8800,-13.8800,0.0,,0,none,19,guide
UUCAAACUGAGUUAAUCCC,AUAAUGUGAACAAAUACAUGGGAUUAACUCAGUUUGAACUAACUGGACACAGUGUGU,0.9,1,"2.33,-0.93,-6.82,1,0,-172.57999999999998,0.3157894736842105,1,0.10526315789473684,0,0,0.0,-2.35,0.05555555555555555,1,0,0.1111111111111111,-3.26,0,0.0,0,-1.33,0.1111111111111111,0",0.000,36.8,2.7800,-29.2200,-10.6400,-10.6400,0.0,,0,none,19,guide
UGACUUUGGCAAAGUGAGG,GACCCUCUACAAGCUACAUCCUCACUUUGCCAAAGUCAUGCAUGAGACAGUGAAGGA,0.83,1,"1.6,-2.11,-10.44,1,0,-182.48999999999995,0.2631578947368421,0,0.3684210526315789,0,0,0.1111111111111111,-2.35,0.0,0,0,0.0,-3.26,0,0.05555555555555555,0,-2.08,0.1111111111111111,0",-1.200,47.4,1.6000,-33.2300,-10.6400,-10.6400,0.0,,0,none,19,guide
UGUGGUCAUCAUAACCACA,AGUUGGGACCAUGAUGACCUGUGGUUAUGAUGACCACAACUGUGAGAUUGGUCUCAU,0.05,0,"0.0,-2.11,-10.44,1,0,-182.11999999999998,0.2631578947368421,0,0.15789473684210525,0,0,0.05555555555555555,-2.24,0.05555555555555555,0,0,0.05555555555555555,-2.11,0,0.0,0,-0.93,0.0,1",-5.600,42.1,0.0000,-32.6600,-14.3100,-14.3100,0.0,,0,none,19,guide
UGAUGCUGUCGUCACAGGU,ACACUUAGGGCUUGAGAGCACCUGUGACGACAGCAUCAUUGUUAAGGAGGUGUGCAC,0.85,1,"0.13,-2.11,-10.44,1,0,-193.32000000000002,0.3157894736842105,0,0.3157894736842105,0,0,0.05555555555555555,-2.35,0.0,0,0,0.0,-2.24,0,0.05555555555555555,0,-2.11,0.0,0",-2.300,52.6,0.1300,-36.0700,-13.1700,-13.1700,0.0,,0,none,19,guide
UGCAUCUCGAGACUUUUCU,UAAGUUCUGAACGUCGAAAAGAAAAGUCUCGAGAUGCAGCCAGAUCUCGGCGAAGUA,0.85,1,"-0.03,-2.11,-10.44,1,0,-180.70999999999998,0.42105263157894735,0,0.15789473684210525,0,0,0.0,-3.42,0.0,0,0,0.0,-2.08,0,0.05555555555555555,0,-2.08,0.16666666666666666,0",0.000,42.1,-0.0300,-31.7100,-13.4100,-13.4100,0.0,,0,none,19,guide
UUUGCGCGCAGCCUGGUAG,UCUCAGAGAAGCUGGCCUCCUACCAGGCUGCGCGCAAAGACAGCGGCAGCCCGAACC,0.22,0,"1.6,-0.93,-6.82,1,0,-195.74,0.2631578947368421,1,0.3684210526315789,0,0,0.05555555555555555,-0.93,0.05555555555555555,1,0,0.05555555555555555,-2.08,0,0.2222222222222222,0,-2.08,0.1111111111111111,0",-0.800,63.2,1.6000,-38.7800,-14.6000,-14.6000,0.0,,0,none,19,guide
AUGUCUUCUGGCGGGCACG,CCGGCUGGCCGAUCAACACCGUGCCCGCCAGAAGACAUUAGAGCAUCUGCAGCUGAG,0.73,1,"1.26,-1.1,-9.38,0,0,-200.04000000000002,0.2631578947368421,0,0.3684210526315789,0,0,0.16666666666666666,-2.11,0.0,1,0,0.0,-2.36,0,0.1111111111111111,0,-3.26,0.05555555555555555,0",-3.000,63.2,1.7100,-38.7500,-12.0600,-12.0600,0.0,,0,none,19,guide
CUUGGUUUCAAAGAUGCCC,CAGAGCGGCUCAAGACAAGGGGCAUCUUUGAAACCAAGUUCUUGUCUCAGAUUGAGA,0.88,1,"0.73,-2.08,-10.48,0,0,-183.47999999999996,0.3157894736842105,0,0.21052631578947367,0,0,0.05555555555555555,-0.93,0.0,1,1,0.1111111111111111,-3.26,0,0.05555555555555555,0,-2.35,0.16666666666666666,0",-2.000,47.4,1.1800,-32.7900,-10.4000,-10.4000,0.0,,0,none,19,guide
UUCGGUAAUUCUUUCAUCA,AUAUGAAAUUUUCUUAUUGUGAUGAAAGAAUUACCGAAUUGAUGGGAUAUGAGCCAG,0.91,1,"0.73,-0.93,-6.82,1,0,-166.04999999999998,0.47368421052631576,1,0.10526315789473684,0,0,0.05555555555555555,-2.35,0.05555555555555555,1,0,0.0,-2.11,0,0.0,0,-0.93,0.2222222222222222,1",0.000,31.6,1.1800,-27.1000,-12.4700,-12.4700,0.0,,0,none,19,guide
UAUUUGAUGGGUGAGGAAU,GGUGCUGAUUUGUGAACCCAUUCCUCACCCAUCAAAUAUUGAAAUUCCUUUAGAUAG,0.9,1,"-0.23,-1.33,-7.69,1,0,-175.93,0.3684210526315789,0,0.3684210526315789,0,0,0.16666666666666666,-1.1,0.05555555555555555,0,0,0.0,-1.1,0,0.0,0,-2.35,0.1111111111111111,0",0.000,36.8,-0.2300,-30.1100,-8.5200,-8.5200,0.0,,0,none,19,guide
AAUGUCGAUAUCAAAGUCC,AGGCCAUCCAGAGGAGAGGGGACUUUGAUAUCGACAUUGUGGCUGUGGUGAAUGACA,0.87,1,"2.33,-0.93,-6.82,0,0,-176.90999999999997,0.2631578947368421,0,0.15789473684210525,0,0,0.0,-1.1,0.05555555555555555,0,0,0.05555555555555555,-3.26,0,0.0,0,-0.93,0.0,0",0.000,36.8,2.7800,-29.2800,-12.5100,-12.5100,0.0,,0,none,19,guide
AAUGAGACCAAUCUCACAG,GUGGUUAUGAUGACCACAACUGUGAGAUUGGUCUCAUUGUGGGCACGGGCAGCAACG,0.75,1,"1.6,-0.93,-6.82,0,0,-184.21999999999997,0.15789473684210525,0,0.15789473684210525,0,0,0.0,-1.1,0.0,0,0,0.05555555555555555,-2.08,0,0.0,0,-2.08,0.0,0",-3.600,42.1,1.6000,-31.9400,-12.2300,-12.2300,0.0,,0,none,19,guide
UUCAAUGAAAGUACCAUCC,GAGAUGAAGUUUUAGAUCAGGAUGGUACUUUCAUUGAAGAACUAAUAAAAAAUUAUG,0.76,1,"2.33,-0.93,-6.82,1,0,-175.10000000000002,0.2631578947368421,1,0.10526315789473684,0,0,0.0,-2.35,0.05555555555555555,1,0,0.1111111111111111,-3.26,0,0.0,0,-2.24,0.05555555555555555,0",0.000,36.8,2.7800,-29.7700,-10.9500,-10.9500,0.0,,0,none,19,guide
AUCCUGGUUGACUUGAGAU,AAGAGAGAAGUUACUGGCAAUCUCAAGUCAACCAGGAUAUUUGCAAAUAUGGAUCCA,0.48,0,"0.0,-1.1,-9.38,0,0,-183.45,0.3684210526315789,0,0.2631578947368421,0,0,0.05555555555555555,-2.35,0.0,1,0,0.05555555555555555,-1.1,0,0.0,0,-0.93,0.1111111111111111,0",0.000,42.1,0.0000,-32.5400,-15.3000,-15.3000,0.0,,0,none,19,guide
UUCAGCAUCUUAGCCGUCU,GUUGGUCAGCCUCGAAGAAAGACGGCUAAGAUGCUGAAGAGCUUCCUGAAGGCUGGU,0.84,1,"0.7,-0.93,-6.82,1,0,-184.96999999999997,0.3684210526315789,1,0.15789473684210525,0,0,0.0,-2.35,0.05555555555555555,1,0,0.05555555555555555,-2.08,0,0.1111111111111111,0,-3.42,0.1111111111111111,0",-0.500,47.4,1.1500,-34.0900,-13.1700,-13.1700,0.0,,0,none,19,guide
UUUGCUUCUGUGUCUUCAG,UUGGUAGAAAAACUUUUUGCUGAAGACACAGAAGCAAAGAACCCAUUUUCUACUCAG,0.83,1,"1.6,-0.93,-6.82,1,0,-178.62999999999997,0.5263157894736842,1,0.21052631578947367,0,0,0.0,-0.93,0.0,1,0,0.0,-2.08,0,0.05555555555555555,0,-2.35,0.2222222222222222,0",-0.500,42.1,1.6000,-31.4900,-11.8200,-11.8200,0.0,,0,none,19,guide
UUUAUUUUCAGAUGCAAGC,AAGAAAUGCCAAAGUUGCUGCUUGCAUCUGAAAAUAAAAUAUACUAGUCCUGACACU,0.95,1,"2.49,-0.93,-6.82,1,0,-166.95999999999998,0.42105263157894735,1,0.15789473684210525,0,0,0.0,-0.93,0.05555555555555555,1,0,0.0,-3.42,0,0.1111111111111111,0,-2.11,0.2777777777777778,0",0.000,31.6,2.9400,-27.0000,-6.1500,-6.1500,0.0,,0,none,19,guide
UCCACGCUUGGUGAAAUCG,UUGUCCGUAACAUUCUCAUCGAUUUCACCAAGCGUGGACUACUCUUCCGAGGCCGCA,0.88,1,"0.46,-2.35,-12.44,1,0,-187.37,0.2631578947368421,0,0.2631578947368421,0,0,0.05555555555555555,-3.26,0.0,0,0,0.05555555555555555,-2.36,0,0.05555555555555555,0,-2.35,0.05555555555555555,0",-2.500,52.6,0.4600,-34.2000,-15.4700,-15.4700,0.0,,0,none,19,guide
AUCGAAGUUUUCAUCCACU,GAGCAGGAAACUACCAUUUAGUGGAUGAAAACUUCGAUCCUUUACCUGAUUAUUGGC,0.88,1,"0.53,-1.1,-9.38,0,0,-173.41999999999996,0.3684210526315789,0,0.10526315789473684,0,0,0.0,-2.35,0.0,1,0,0.05555555555555555,-2.08,0,0.0,0,-1.1,0.16666666666666666,0",0.000,36.8,0.9800,-29.0100,-12.3100,-12.3100,0.0,,0,none,19,guide
AACUGUAGUUCUUUGACUC,ACGUGUUAUCUGUCGCUUUGAGUCAAAGAACUACAGUUCCUGAGGAAGAACUAAAUC,0.92,1,"1.87,-0.93,-6.82,0,0,-173.35999999999999,0.42105263157894735,0,0.15789473684210525,0,0,0.0,-2.24,0.05555555555555555,0,0,0.0,-2.35,0,0.0,0,-0.93,0.16666666666666666,0",0.000,36.8,1.8700,-29.3100,-12.0800,-12.0800,0.0,,0,none,19,guide
UAAGGACACAUUCUGUUUG,CUUGAUUUUCUCCCUUCAACAAACAGAAUGUGUCCUUAAACCGGUUGAAUCUUCAGA,0.9,1,"1.23,-1.33,-7.69,1,0,-172.21,0.3684210526315789,0,0.21052631578947367,0,0,0.05555555555555555,-0.93,0.05555555555555555,0,0,0.0,-2.11,0,0.0,0,-2.08,0.16666666666666666,0",-0.600,36.8,1.2300,-29.4900,-12.9700,-12.9700,0.0,,0,none,19,guide
GUUAGGGUACACUUCAUUC,CAGCGAAGCUUUUUUCUCAGAAUGAAGUGUACCCUAACUAGCCGAGGAAGAACUAUG,0.82,1,"0.11,-2.24,-11.4,0,1,-180.71,0.3684210526315789,0,0.21052631578947367,0,0,0.1111111111111111,-0.93,0.1111111111111111,1,0,0.0,-2.35,0,0.0,0,-0.93,0.16666666666666666,0",0.000,42.1,0.1100,-31.5200,-13.1000,-13.1000,0.0,,0,none,19,guide
UUCGCUUUCUCUGAGCAUU,AAAGAUACUAGCUUUGCAGAAUGCUCAGAGAAAGCGAAAAAUGGAACAUGAUGGUUC,0.93,1,"0.0,-0.93,-6.82,1,0,-178.57,0.47368421052631576,1,0.15789473684210525,0,0,0.0,-2.35,0.0,1,0,0.0,-0.93,0,0.1111111111111111,0,-2.35,0.2222222222222222,0",-3.500,42.1,0.0000,-31.4700,-12.0700,-12.0700,0.0,,0,none,19,guide
UUGCUAUCUAAAGGAAUUU,CCUCACCCAUCAAAUAUUGAAAUUCCUUUAGAUAGCAAGACUUUCCUCAGUCGACAC,0.39,0,"0.0,-0.93,-6.82,1,0,-159.03999999999996,0.42105263157894735,1,0.15789473684210525,0,0,0.05555555555555555,-2.11,0.1111111111111111,1,0,0.0,-0.93,0,0.05555555555555555,0,-3.26,0.16666666666666666,0",0.000,26.3,0.0000,-25.6800,-12.3900,-12.3900,0.0,,0,none,19,guide
CACGCUUGCCAUUAACACC,AGAAAUUGGUGGGCACCAAGGUGUUAAUGGCAAGCGUGCAAGGUUCAAAGAGAAGGA,0.85,1,"0.7,-2.11,-10.44,0,0,-187.54000000000002,0.21052631578947367,0,0.10526315789473684,0,0,0.0,-2.24,0.05555555555555555,0,1,0.1111111111111111,-3.26,0,0.1111111111111111,0,-1.33,0.1111111111111111,0",0.000,52.6,1.1500,-34.5900,-13.1400,-13.1400,0.0,,0,none,19,guide
UUCAACUUUGGUGAAUAGC,CAGAUAUGAAAAUGACUCAGCUAUUCACCAAAGUUGAAUCAGAAGAUACAAGUAGCC,0.84,1,"2.49,-0.93,-6.82,1,0,-172.06999999999996,0.3684210526315789,1,0.21052631578947367,0,0,0.05555555555555555,-2.35,0.05555555555555555,1,0,0.0,-3.42,0,0.05555555555555555,0,-2.35,0.16666666666666666,0",-0.200,36.8,2.9400,-29.3400,-10.6400,-10.6400,0.0,,0,none,19,guide
UAGCCGUCUUUCUUCGAGG,UGGUCCUGAUGUUGGUCAGCCUCGAAGAAAGACGGCUAAGAUGCUGAAGAGCUUCCU,0.87,1,"1.93,-1.33,-7.69,1,0,-186.84000000000003,0.3684210526315789,0,0.2631578947368421,0,0,0.05555555555555555,-2.08,0.05555555555555555,0,0,0.05555555555555555,-3.26,0,0.05555555555555555,0,-0.93,0.16666666666666666,0",0.000,52.6,2.3800,-34.8000,-15.7100,-15.7100,0.0,,0,none,19,guide
AGUGCACACCUCCUUAACA,CCUGUGACGACAGCAUCAUUGUUAAGGAGGUGUGCACUGUGGUGGCCCGGCGGGCAG,0.77,1,"0.03,-2.08,-10.48,0,0,-183.17999999999998,0.21052631578947367,0,0.10526315789473684,0,0,0.0,-2.24,0.05555555555555555,0,0,0.1111111111111111,-2.11,0,0.05555555555555555,0,-2.08,0.05555555555555555,1",0.000,47.4,0.0300,-34.4800,-14.2300,-14.2300,0.0,,0,none,19,guide
UUUAGGCCAAAGAUCAAGU,GCAAACUGCUCAGGACUGGACUUGAUCUUUGGCCUAAAUGCGUUAUUAAGAACAGCA,0.84,1,"0.86,-0.93,-6.82,1,0,-170.38,0.2631578947368421,1,0.21052631578947367,0,0,0.05555555555555555,-0.93,0.05555555555555555,1,0,0.05555555555555555,-2.24,0,0.05555555555555555,0,-1.1,0.1111111111111111,0",0.000,36.8,1.3100,-29.7800,-14.2800,-14.2800,0.0,,0,none,19,guide
UUGUAUAGGAGCAUUAACU,UGACCAGUUAUGAUUGUGAAGUUAAUGCUCCUAUACAAGGCAGCAGAAACCUACUGC,0.9,1,"0.7,-0.93,-6.82,1,0,-167.06999999999996,0.3684210526315789,1,0.21052631578947367,0,0,0.05555555555555555,-2.11,0.16666666666666666,1,0,0.0,-2.08,0,0.05555555555555555,0,-1.1,0.1111111111111111,0",0.000,31.6,1.1500,-28.4600,-10.1900,-10.1900,0.0,,0,none,19,guide
UCUGUCUGUUCUAUGACUC,CCAAACAGAGCAGGAAAAGGAGUCAUAGAACAGACAGAAAAAUCUCAUCCAAGAAGC,0.92,1,"0.9,-2.35,-12.44,1,0,-186.2,0.47368421052631576,0,0.15789473684210525,0,0,0.0,-2.08,0.05555555555555555,0,0,0.0,-2.35,0,0.0,0,-1.1,0.05555555555555555,0",-2.400,42.1,0.4500,-32.5400,-12.9700,-12.9700,0.0,,0,none,19,guide
AUUAUCAGAAAUGUAAAUC,UCACAGAUGAUGGUGACAUGAUUUACAUUUCUGAUAAUGUGAACAAAUACAUGGGAU,0.85,1,"1.7,-1.1,-9.38,0,0,-159.74999999999997,0.3157894736842105,0,0.10526315789473684,0,0,0.0,-0.93,0.1111111111111111,1,0,0.0,-2.35,0,0.0,0,-2.24,0.05555555555555555,0",0.000,21.1,1.7000,-23.1600,-9.9000,-9.9000,0.0,,0,none,19,guide
AAGCACACGGAAGUUGGUC,UGGCUCUGGAUCUUGGAGGGACCAACUUCCGUGUGCUUUGGGUGAAAGUAACGGACA,0.65,0,"1.87,-0.93,-6.82,0,0,-188.18999999999997,0.15789473684210525,0,0.3157894736842105,0,0,0.1111111111111111,-2.08,0.0,0,0,0.0,-2.35,0,0.05555555555555555,0,-2.24,0.05555555555555555,0",0.000,52.6,1.8700,-35.1500,-14.2000,-14.2000,0.0,,0,none,19,guide
UUUUGUGCUAUCACACAAG,CCUUGUGACAGUUCGUGCCCUUGUGUGAUAGCACAAAAUUUUUGUGAAAAGUUUUGU,0.79,1,"1.6,-0.93,-6.82,1,0,-171.7,0.3684210526315789,1,0.15789473684210525,0,0,0.0,-0.93,0.05555555555555555,1,0,0.0,-2.08,0,0.05555555555555555,0,-2.24,0.16666666666666666,0",-3.500,36.8,1.6000,-29.0600,-11.7400,-11.7400,0.0,,0,none,19,guide
UUAGUUCUUCCUCAGGAAC,UUUGAGUCAAAGAACUACAGUUCCUGAGGAAGAACUAAAUCCAAAGAUACUAGCUUU,0.89,1,"1.76,-0.93,-6.82,1,0,-179.34,0.3684210526315789,1,0.15789473684210525,0,0,0.05555555555555555,-1.33,0.05555555555555555,1,0,0.05555555555555555,-2.24,0,0.0,0,-2.11,0.16666666666666666,0",-2.900,42.1,1.7600,-31.9400,-11.0100,-11.0100,0.0,,0,none,19,guide
UUGGCAAGCAUCCUGUACU,GGACAAGUCACCACAGGACAGUACAGGAUGCUUGCCAAAAGAGGUGGAUAUGUCUGG,0.88,1,"0.7,-0.93,-6.82,1,0,-184.64,0.3157894736842105,1,0.21052631578947367,0,0,0.05555555555555555,-2.11,0.05555555555555555,1,0,0.05555555555555555,-2.08,0,0.1111111111111111,0,-2.08,0.05555555555555555,0",0.000,47.4,1.1500,-34.5200,-13.9100,-13.9100,0.0,,0,none,19,guide
AUAGAUCUGAUUCUCCAUC,AUGGGCUCCAGAAGGUGGAGAUGGAGAAUCAGAUCUAUGCCAUCCCUGAGGACAUCA,0.77,1,"1.7,-1.1,-9.38,0,0,-185.05,0.3684210526315789,0,0.10526315789473684,0,0,0.0,-1.33,0.05555555555555555,1,0,0.05555555555555555,-2.35,0,0.0,0,-2.08,0.05555555555555555,0",-0.300,36.8,1.7000,-30.5400,-11.2900,-11.2900,0.0,,0,none,19,guide
UAUCUGAAGAUUCAACCGG,AACAGAAUGUGUCCUUAAACCGGUUGAAUCUUCAGAUAUGAAAAUGACUCAGCUAUU,0.9,1,"1.93,-1.33,-7.69,1,0,-179.99999999999994,0.2631578947368421,0,0.21052631578947367,0,0,0.05555555555555555,-1.1,0.05555555555555555,0,0,0.05555555555555555,-3.26,0,0.0,0,-2.11,0.05555555555555555,0",0.000,42.1,2.3800,-31.1300,-10.9200,-10.9200,0.0,,0,none,19,guide
UGUCUCAUGCAUGACUUUG,AGCUACAUCCUCACUUUGCCAAAGUCAUGCAUGAGACAGUGAAGGACCUGGCUCCGA,0.84,1,"0.9,-2.11,-10.44,1,0,-183.66999999999996,0.42105263157894735,0,0.21052631578947367,0,0,0.0,-2.24,0.0,0,0,0.0,-2.11,0,0.05555555555555555,0,-2.35,0.1111111111111111,0",-2.400,42.1,0.4500,-31.6900,-12.2300,-12.2300,0.0,,0,none,19,guide
AUUAGAACUGUUCCACUGC,UAUUAAGAACAGCAGAUUUGCAGUGGAACAGUUCUAAUGCUCAGUUGCUCCUGGACU,0.67,0,"2.32,-1.1,-9.38,0,0,-180.31,0.3157894736842105,0,0.15789473684210525,0,0,0.0,-0.93,0.05555555555555555,1,0,0.05555555555555555,-3.42,0,0.05555555555555555,0,-3.26,0.1111111111111111,0",0.000,42.1,2.7700,-31.7500,-9.8600,-9.8600,0.0,,0,none,19,guide
UUGAGUUGGACAGAUUUGG,GGACCUCAUGGAUUACUUUCCAAAUCUGUCCAACUCAAUGGUCUAACUCUAAAGAUG,0.94,1,"2.33,-0.93,-6.82,1,0,-178.95,0.3684210526315789,1,0.3684210526315789,0,0,0.1111111111111111,-2.11,0.0,1,0,0.0,-3.26,0,0.0,0,-2.35,0.2222222222222222,0",-0.100,42.1,2.7800,-31.1800,-11.8200,-11.8200,0.0,,0,none,19,guide
AACUUGAAUUCAUUGACCA,UUUUAUGUGGAUAGUGAUAUGGUCAAUGAAUUCAAGUUGGAAUUGGUAGAAAAACUU,0.87,1,"0.73,-0.93,-6.82,0,0,-167.56,0.3157894736842105,0,0.10526315789473684,0,0,0.0,-2.24,0.0,0,0,0.05555555555555555,-2.11,0,0.0,0,-0.93,0.16666666666666666,1",0.000,31.6,1.1800,-27.6700,-10.6400,-10.6400,0.0,,0,none,19,guide
AAAUCGAUGAGAAUGUUAC,UACCUGGGUGAGAUUGUCCGUAACAUUCUCAUCGAUUUCACCAAGCGUGGACUACUC,0.88,1,"1.76,-0.93,-6.82,0,0,-170.34,0.2631578947368421,0,0.21052631578947367,0,0,0.0,-0.93,0.05555555555555555,0,0,0.0,-2.24,0,0.0,0,-1.1,0.05555555555555555,0",0.000,31.6,1.7600,-26.6000,-10.1900,-10.1900,0.0,,0,none,19,guide
UAGUUCUUUGACUCAAAGC,CCCUAACGUGUUAUCUGUCGCUUUGAGUCAAAGAACUACAGUUCCUGAGGAAGAACU,0.89,1,"2.09,-1.33,-7.69,1,0,-172.26,0.3684210526315789,0,0.15789473684210525,0,0,0.0,-2.08,0.05555555555555555,0,0,0.0,-3.42,0,0.05555555555555555,0,-2.35,0.16666666666666666,0",-1.100,36.8,2.5400,-29.1800,-10.6100,-10.6100,0.0,,0,none,19,guide
UUGUCUAGUGCUUCCAUCG,AUCAGACACCUAGUCCUUCCGAUGGAAGCACUAGACAAAGUUCACCUGAGCCUAAUA,0.89,1,"1.43,-0.93,-6.82,1,0,-185.16999999999996,0.42105263157894735,1,0.21052631578947367,0,0,0.0,-2.11,0.05555555555555555,1,0,0.05555555555555555,-2.36,0,0.05555555555555555,0,-2.35,0.1111111111111111,0",0.000,47.4,1.8800,-33.2900,-12.1900,-12.1900,0.0,,0,none,19,guide
UUAAGUUUGUCAAAGAGGC,GAAUCAGAAGAUACAAGUAGCCUCUUUGACAAACUUAAGAAGGAACCUGAUGCUUUA,0.89,1,"2.49,-0.93,-6.82,1,0,-169.55,0.3157894736842105,1,0.2631578947368421,0,0,0.05555555555555555,-1.33,0.05555555555555555,1,0,0.0,-3.42,0,0.05555555555555555,0,-0.93,0.16666666666666666,0",0.000,36.8,2.9400,-29.2900,-8.4400,-8.4400,0.0,,0,none,19,guide
UUGGUGCCACCAAACCUCA,GGCUUGUCUCCUGCGUACCUGAGGUUUGGUGGCACCAAGACAGACUUCCUAAUUUUC,0.51,0,"0.73,-0.93,-6.82,1,0,-187.17,0.21052631578947367,1,0.15789473684210525,0,0,0.05555555555555555,-2.11,0.0,1,0,0.16666666666666666,-2.11,0,0.05555555555555555,0,-0.93,0.05555555555555555,1",-2.900,52.6,1.1800,-36.3100,-16.4000,-16.4000,0.0,,0,none,19,guide
UAGGUGCUGUUCUUGAACU,CGAGAACACUACCAGAAAAAGUUCAAGAACAGCACCUACUCAAGAAGCUCUGUAGAU,0.57,0,"0.3,-1.33,-7.69,1,0,-177.69,0.42105263157894735,0,0.2631578947368421,0,0,0.05555555555555555,-2.08,0.05555555555555555,0,0,0.0,-2.08,0,0.05555555555555555,0,-0.93,0.1111111111111111,0",0.000,42.1,0.7500,-32.2300,-15.1900,-15.1900,0.0,,0,none,19,guide
UCUCUUUGAACCUUGCACG,CCAAGGUGUUAAUGGCAAGCGUGCAAGGUUCAAAGAGAAGGAAGCUUCGAGUAUACC,0.55,0,"0.46,-2.35,-12.44,1,0,-181.74,0.3684210526315789,0,0.15789473684210525,0,0,0.0,-2.08,0.0,0,0,0.05555555555555555,-2.36,0,0.05555555555555555,0,-0.93,0.16666666666666666,0",0.000,47.4,0.4600,-32.9200,-10.4800,-10.4800,0.0,,0,none,19,guide
UUCACUGGGACUAUUAGGC,CUAGACAAAGUUCACCUGAGCCUAAUAGUCCCAGUGAAUAUUGUUUUUAUGUGGAUA,0.89,1,"2.49,-0.93,-6.82,1,0,-186.12,0.3157894736842105,1,0.2631578947368421,0,0,0.16666666666666666,-2.35,0.1111111111111111,1,0,0.0,-3.42,0,0.05555555555555555,0,-1.1,0.1111111111111111,0",-0.500,47.4,2.9400,-34.3700,-14.1500,-14.1500,0.0,,0,none,19,guide
UUUCUCUGAGCAUUCUGCA,AAUCCAAAGAUACUAGCUUUGCAGAAUGCUCAGAGAAAGCGAAAAAUGGAACAUGAU,0.85,1,"0.73,-0.93,-6.82,1,0,-181.98999999999995,0.42105263157894735,1,0.15789473684210525,0,0,0.0,-0.93,0.0,1,0,0.0,-2.11,0,0.1111111111111111,0,-0.93,0.16666666666666666,1",-1.100,42.1,1.1800,-32.2500,-11.9000,-11.9000,0.0,,0,none,19,guide
AAAUGUAAAUCAUGUCACC,UAUGGUUCUCACAGAUGAUGGUGACAUGAUUUACAUUUCUGAUAAUGUGAACAAAUA,0.75,1,"2.33,-0.93,-6.82,0,0,-170.01,0.2631578947368421,0,0.10526315789473684,0,0,0.0,-0.93,0.05555555555555555,0,0,0.05555555555555555,-3.26,0,0.0,0,-2.11,0.0,0",0.000,31.6,2.7800,-27.1800,-8.6400,-8.6400,0.0,,0,none,19,guide
UGCGGGAUGGCGUAGAUCU,GGAGUGGAGAUGCACAACAAGAUCUACGCCAUCCCGCAGGAGGUCAUGCACGGCACC,0.72,1,"-0.03,-2.11,-10.44,1,0,-197.16999999999996,0.2631578947368421,0,0.42105263157894735,0,0,0.16666666666666666,-3.42,0.05555555555555555,0,0,0.0,-2.08,0,0.1111111111111111,0,-1.33,0.0,0",-3.000,57.9,-0.0300,-38.0500,-15.7500,-15.7500,0.0,,0,none,19,guide
AAAGCCAGCUGCAAAGGUG,GAGCGCCCUUGCUAUCCGACACCUUUGCAGCUGGCUUUAUGUGGCUGGAUAAAUUGG,0.86,1,"1.63,-0.93,-6.82,0,0,-186.44999999999996,0.10526315789473684,0,0.3157894736842105,0,0,0.05555555555555555,-0.93,0.0,0,0,0.05555555555555555,-2.11,0,0.16666666666666666,0,-0.93,0.0,0",-1.800,52.6,1.6300,-35.5600,-13.8800,-13.8800,0.0,,0,none,19,guide
AUUGACCAUAUCACUAUCC,GUGAAUAUUGUUUUUAUGUGGAUAGUGAUAUGGUCAAUGAAUUCAAGUUGGAAUUGG,0.86,1,"2.16,-1.1,-9.38,0,0,-181.08999999999997,0.3157894736842105,0,0.05263157894736842,0,0,0.0,-0.93,0.1111111111111111,1,0,0.1111111111111111,-3.26,0,0.0,0,-2.24,0.05555555555555555,0",0.000,36.8,2.6100,-30.3100,-13.0000,-13.0000,0.0,,0,none,19,guide
UGCUGCAGUAGGGUGAGUG,AGAAAGGGCUUGGAGCCACCACUCACCCUACUGCAGCAGUGAAGAUGCUGCCCACCU,0.76,1,"0.9,-2.11,-10.44,1,0,-197.66,0.2631578947368421,0,0.47368421052631576,0,0,0.1111111111111111,-3.42,0.05555555555555555,0,0,0.0,-2.11,0,0.1111111111111111,0,-2.24,0.0,0",-1.300,57.9,0.4500,-38.4900,-15.2200,-15.2200,0.0,,0,none,19,guide
UUCUCUGAGACGAGCUUGG,AGCGGCUUCUCGGCCGCCGCCAAGCUCGUCUCAGAGAAGCUGGCCUCCUACCAGGCU,0.52,0,"2.33,-0.93,-6.82,1,0,-192.09999999999997,0.3157894736842105,1,0.3157894736842105,0,0,0.05555555555555555,-2.35,0.0,1,0,0.0,-3.26,0,0.05555555555555555,0,-2.08,0.1111111111111111,0",-1.000,52.6,2.7800,-35.5700,-13.3200,-13.3200,0.0,,0,none,19,guide
UGAGCCCAUGUCAAUCUCC,UUCGCACUGAGUUUGACCAGGAGAUUGACAUGGGCUCACUGAACCCGGGAAAGCAAC,0.44,0,"1.6,-2.11,-10.44,1,0,-197.17999999999995,0.2631578947368421,0,0.15789473684210525,0,0,0.0,-2.35,0.0,0,0,0.16666666666666666,-3.26,0,0.05555555555555555,0,-0.93,0.0,0",0.000,52.6,1.6000,-36.4800,-16.4800,-16.4800,0.0,,0,none,19,guide
UUGUCUUUUGCUCCAUUCC,CAAAUCUAGUGAACAGAAUGGAAUGGAGCAAAAGACAAUUAUUUUAAUACCCUCUGA,0.87,1,"2.33,-0.93,-6.82,1,0,-178.81,0.5263157894736842,1,0.10526315789473684,0,0,0.0,-2.11,0.0,1,0,0.1111111111111111,-3.26,0,0.05555555555555555,0,-3.26,0.2777777777777778,0",0.000,42.1,2.7800,-31.1800,-10.6400,-10.6400,0.0,,0,none,19,guide
AUAUCCUGGUUGACUUGAG,GAGAGAAGUUACUGGCAAUCUCAAGUCAACCAGGAUAUUUGCAAAUAUGGAUCCAUC,0.73,1,"1.43,-1.1,-9.38,0,0,-182.42,0.3684210526315789,0,0.2631578947368421,0,0,0.05555555555555555,-1.33,0.05555555555555555,1,0,0.05555555555555555,-2.08,0,0.0,0,-2.24,0.1111111111111111,0",0.000,42.1,1.4300,-31.7200,-12.2300,-12.2300,0.0,,0,none,19,guide
UGCCUUGAAGCCUUUUGUC,AGAGCAUCCUCCUCAAGUGGACAAAAGGCUUCAAGGCAUCUGGCUGCGAGGGCGAGG,0.76,1,"1.14,-2.11,-10.44,1,0,-182.35,0.42105263157894735,0,0.21052631578947367,0,0,0.0,-3.42,0.0,0,0,0.1111111111111111,-2.35,0,0.1111111111111111,0,-0.93,0.2222222222222222,0",0.000,47.4,0.6900,-33.4300,-14.1500,-14.1500,0.0,,0,none,19,guide
UUUAGUAAACAUAUCAUGA,AUCAUCUGACCAAAACUCAUCAUGAUAUGUUUACUAAAGGACAAGUCACCACAGGAC,0.89,1,"0.97,-0.93,-6.82,1,0,-156.92,0.3684210526315789,1,0.10526315789473684,0,0,0.0,-0.93,0.16666666666666666,1,0,0.0,-2.35,0,0.0,0,-1.1,0.1111111111111111,1",0.000,21.1,1.4200,-24.1100,-8.8400,-8.8400,0.0,,0,none,19,guide
AACCAGACCUUCUUGCCAG,GUGGUUGAGAGCACCAGGCCUGGCAAGAAGGUCUGGUUAGGAGAAACAAGCUCUGCA,0.87,1,"1.6,-0.93,-6.82,0,0,-189.1,0.21052631578947367,0,0.15789473684210525,0,0,0.0,-2.24,0.0,0,0,0.16666666666666666,-2.08,0,0.05555555555555555,0,-0.93,0.1111111111111111,0",0.000,52.6,1.6000,-35.6800,-14.2800,-14.2800,0.0,,0,none,19,guide
UUGCUCAGACCUCGCUCCA,AGGAGGAUGAAGGUAGAAAUGGAGCGAGGUCUGAGCAAGGAGACUCAUGCCAGUGCC,0.49,0,"0.73,-0.93,-6.82,1,0,-197.34999999999997,0.2631578947368421,1,0.15789473684210525,0,0,0.0,-2.11,0.0,1,0,0.1111111111111111,-2.11,0,0.1111111111111111,0,-2.36,0.05555555555555555,1",0.000,57.9,1.1800,-38.4500,-14.1500,-14.1500,0.0,,0,none,19,guide
UUUGGCAAGCAUCCUGUAC,GACAAGUCACCACAGGACAGUACAGGAUGCUUGCCAAAAGAGGUGGAUAUGUCUGGG,0.89,1,"1.76,-0.93,-6.82,1,0,-184.7,0.3157894736842105,1,0.21052631578947367,0,0,0.05555555555555555,-0.93,0.05555555555555555,1,0,0.05555555555555555,-2.24,0,0.1111111111111111,0,-3.26,0.1111111111111111,0",0.000,47.4,1.7600,-34.0700,-12.7600,-12.7600,0.0,,0,none,19,guide
UAGUGUUCUCGGAGUAGCA,UGGCCCUACCAGGAGCAAUUGCUACUCCGAGAACACUACCAGAAAAAGUUCAAGAAC,0.87,1,"0.33,-1.33,-7.69,1,0,-184.37999999999997,0.3157894736842105,0,0.3157894736842105,0,0,0.05555555555555555,-2.08,0.1111111111111111,0,0,0.0,-2.11,0,0.05555555555555555,0,-2.08,0.05555555555555555,1",0.000,47.4,0.7800,-34.1500,-11.9500,-11.9500,0.0,,0,none,19,guide
UUUGGUCAGAUGAUCAGAG,AAUAUUAUCAUGCUUUGGACUCUGAUCAUCUGACCAAAACUCAUCAUGAUAUGUUUA,0.85,1,"1.6,-0.93,-6.82,1,0,-185.25999999999996,0.3157894736842105,1,0.3157894736842105,0,0,0.05555555555555555,-0.93,0.0,1,0,0.0,-2.08,0,0.0,0,-1.1,0.1111111111111111,0",-5.500,42.1,1.6000,-32.0500,-13.0000,-13.0000,0.0,,0,none,19,guide
UUUUGUCCACUUGAGGAGG,ACAGCCUGGACGAGAGCAUCCUCCUCAAGUGGACAAAAGGCUUCAAGGCAUCUGGCU,0.7,0,"2.33,-0.93,-6.82,1,0,-183.0,0.3684210526315789,1,0.3157894736842105,0,0,0.1111111111111111,-0.93,0.0,1,0,0.05555555555555555,-3.26,0,0.0,0,-2.35,0.2222222222222222,0",-2.200,47.4,2.7800,-33.4600,-11.8200,-11.8200,0.0,,0,none,19,guide
AACGUCUCUGCCUUCCACU,AGGGAUUCAAGUCCAGUGGAGUGGAAGGCAGAGACGUUGUGGCUCUGAUCCGGAAGG,0.76,1,"0.7,-0.93,-6.82,0,0,-189.20999999999998,0.3157894736842105,0,0.10526315789473684,0,0,0.0,-2.24,0.0,0,0,0.1111111111111111,-2.08,0,0.05555555555555555,0,-0.93,0.05555555555555555,0",0.000,52.6,1.1500,-35.9800,-13.6200,-13.6200,0.0,,0,none,19,guide
UCCUCAGGAACUGUAGUUC,UCUGUCGCUUUGAGUCAAAGAACUACAGUUCCUGAGGAAGAACUAAAUCCAAAGAUA,0.9,1,"0.9,-2.35,-12.44,1,0,-187.54,0.3157894736842105,0,0.21052631578947367,0,0,0.05555555555555555,-3.26,0.05555555555555555,0,0,0.05555555555555555,-2.35,0,0.0,0,-2.24,0.05555555555555555,0",-0.900,47.4,0.4500,-34.4300,-15.1400,-15.1400,0.0,,0,none,19,guide
AAGGAUCGAAGUUUUCAUC,AGGAAACUACCAUUUAGUGGAUGAAAACUUCGAUCCUUUACCUGAUUAUUGGCUAUC,0.94,1,"1.87,-0.93,-6.82,0,0,-174.55999999999997,0.3157894736842105,0,0.21052631578947367,0,0,0.05555555555555555,-2.08,0.0,0,0,0.0,-2.35,0,0.0,0,-0.93,0.16666666666666666,0",0.000,36.8,1.8700,-28.6400,-13.5000,-13.5000,0.0,,0,none,19,guide
AGAAAUGUUAUACCCCUUG,UCCUGGACUACUGCUCUUCCAAGGGGUAUAACAUUUCUUGGGAACUAGGCAAUGAAC,0.52,0,"0.93,-2.08,-10.48,0,0,-171.33999999999995,0.3157894736842105,0,0.15789473684210525,0,0,0.0,-2.35,0.1111111111111111,0,0,0.16666666666666666,-2.11,0,0.0,0,-3.26,0.1111111111111111,0",0.000,36.8,0.4800,-29.2800,-9.6600,-9.6600,0.0,,0,none,19,guide
AUACCUUGGAUUGUCAGUG,UAUACCUUCAUUGCACAAACACUGACAAUCCAAGGUAUAAAGAAGGAGAUUUAACUC,0.98,1,"1.46,-1.1,-9.38,0,0,-181.33999999999997,0.3684210526315789,0,0.2631578947368421,0,0,0.05555555555555555,-1.33,0.05555555555555555,1,0,0.05555555555555555,-2.11,0,0.0,0,-2.24,0.1111111111111111,0",0.000,42.1,1.4600,-31.9900,-11.9500,-11.9500,0.0,,0,none,19,guide
CAUGAGACCAGGAAACUCU,CACCAGACUAAACUAGACGAGAGUUUCCUGGUCUCAUGGACCAAGGGAUUCAAGUCC,0.55,0,"-0.93,-2.11,-10.44,0,0,-188.26999999999998,0.15789473684210525,0,0.21052631578947367,0,0,0.05555555555555555,-1.1,0.0,0,1,0.05555555555555555,-2.08,0,0.0,0,-0.93,0.0,0",-0.400,47.4,-0.4800,-34.0700,-12.2300,-12.2300,0.0,,0,none,19,guide
AGGAGGAUGAGGAACCGCG,GCCAACCUGGCCACGGACCCGCGGUUCCUCAUCCUCCUGGGUUCUCCAAAGCUUCGU,0.84,1,"0.73,-2.08,-10.48,0,0,-201.62999999999994,0.05263157894736842,0,0.47368421052631576,0,0,0.16666666666666666,-3.26,0.0,0,0,0.05555555555555555,-2.36,0,0.05555555555555555,0,-0.93,0.0,0",-0.600,63.2,0.7300,-39.0600,-14.4000,-14.4000,0.0,,0,none,19,guide
UGUCGUCACAGGUGCUCUC,CCUGCAACACUUAGGGCUUGAGAGCACCUGUGACGACAGCAUCAUUGUUAAGGAGGU,0.85,1,"1.14,-2.11,-10.44,1,0,-200.14,0.3157894736842105,0,0.2631578947368421,0,0,0.05555555555555555,-2.24,0.0,0,0,0.0,-2.35,0,0.05555555555555555,0,-2.11,0.0,0",0.000,57.9,0.6900,-37.9400,-13.6500,-13.6500,0.0,,0,none,19,guide
UGAGAUGCGGCCUCGGAAG,UCACCAAGCGUGGACUACUCUUCCGAGGCCGCAUCUCAGAGCGGCUCAAGACAAGGG,0.85,1,"0.87,-2.11,-10.44,1,0,-202.15999999999994,0.15789473684210525,0,0.42105263157894735,0,0,0.1111111111111111,-2.35,0.0,0,0,0.05555555555555555,-2.08,0,0.1111111111111111,0,-2.35,0.0,0",-1.700,63.2,0.4200,-39.0900,-13.4100,-13.4100,0.0,,0,none,19,guide
UAGACGCUUGGCAAAAUGG,CCGUCUACAAGAAACACCCCCAUUUUGCCAAGCGUCUACAUAAGACCGUGCGGCGGC,0.77,1,"1.93,-1.33,-7.69,1,0,-180.32,0.21052631578947367,0,0.3157894736842105,0,0,0.1111111111111111,-2.08,0.05555555555555555,0,0,0.0,-3.26,0,0.1111111111111111,0,-0.93,0.05555555555555555,0",0.000,47.4,2.3800,-32.6600,-14.5300,-14.5300,0.0,,0,none,19,guide
AACUCUCCGUGUUCUGUCC,GUGAGGUCCACUCCAGAUGGGACAGAACACGGAGAGUUCCUGGCUCUGGAUCUUGGA,0.82,1,"2.33,-0.93,-6.82,0,0,-191.41000000000003,0.3684210526315789,0,0.15789473684210525,0,0,0.0,-2.24,0.0,0,0,0.1111111111111111,-3.26,0,0.0,0,-2.35,0.05555555555555555,0",0.000,52.6,2.7800,-35.4700,-14.3600,-14.3600,0.0,,0,none,19,guide
UACGCAGGAGACAAGCCUC,AAGCUUCGUACCUUGGCCAGAGGCUUGUCUCCUGCGUACCUGAGGUUUGGUGGCACC,0.97,1,"1.47,-1.33,-7.69,1,0,-197.28,0.10526315789473684,0,0.2631578947368421,0,0,0.05555555555555555,-2.24,0.05555555555555555,0,0,0.05555555555555555,-2.35,0,0.1111111111111111,0,-0.93,0.0,0",-0.800,57.9,1.4700,-37.9600,-15.4700,-15.4700,0.0,,0,none,19,guide
UGUUACGGACAAUCUCACC,GAUCAGUGGAAUGUACCUGGGUGAGAUUGUCCGUAACAUUCUCAUCGAUUUCACCAA,0.94,1,"1.6,-2.11,-10.44,1,0,-185.51999999999998,0.2631578947368421,0,0.15789473684210525,0,0,0.05555555555555555,-2.24,0.05555555555555555,0,0,0.05555555555555555,-3.26,0,0.0,0,-2.35,0.05555555555555555,0",0.000,47.4,1.6000,-33.5000,-12.3600,-12.3600,0.0,,0,none,19,guide
AAACUCAGUGCGAAUGUCG,GGGACGAUGGCUCGCUCAACGACAUUCGCACUGAGUUUGACCAGGAGAUUGACAUGG,0.79,1,"1.43,-0.93,-6.82,0,0,-182.46999999999997,0.21052631578947367,0,0.2631578947368421,0,0,0.0,-0.93,0.0,0,0,0.0,-2.36,0,0.05555555555555555,0,-0.93,0.0,0",0.000,47.4,1.8800,-32.3500,-11.7900,-11.7900,0.0,,0,none,19,guide
AGGAUCGAAGUUUUCAUCC,CAGGAAACUACCAUUUAGUGGAUGAAAACUUCGAUCCUUUACCUGAUUAUUGGCUAU,0.87,1,"1.63,-2.08,-10.48,0,0,-181.13,0.3157894736842105,0,0.21052631578947367,0,0,0.05555555555555555,-3.26,0.0,0,0,0.05555555555555555,-3.26,0,0.0,0,-0.93,0.16666666666666666,0",-2.700,42.1,1.6300,-30.7700,-13.7700,-13.7700,0.0,,0,none,19,guide
AAUGGUGACGGACAGGAAC,UGCACCUGGUGAGCCCCUCGUUCCUGUCCGUCACCAUUGACGCCAACCUGGCCACGG,0.94,1,"1.76,-0.93,-6.82,0,0,-191.22,0.10526315789473684,0,0.3684210526315789,0,0,0.16666666666666666,-1.1,0.0,0,0,0.0,-2.24,0,0.0,0,-2.11,0.0,0",0.000,52.6,1.7600,-35.3800,-13.1700,-13.1700,0.0,,0,none,19,guide
GUCAGGACUAGUAUAUUUU,GCUGCUUGCAUCUGAAAAUAAAAUAUACUAGUCCUGACACUGAAUUUUUCAAGUAUA,0.08,0,"-1.76,-2.24,-11.4,0,1,-169.30999999999997,0.42105263157894735,0,0.21052631578947367,0,0,0.05555555555555555,-2.35,0.16666666666666666,1,0,0.0,-0.93,0,0.0,0,-1.1,0.16666666666666666,0",0.000,31.6,-1.7600,-27.9200,-14.3900,-14.3900,0.0,,0,none,19,guide
AAACUGUUAGGUUCAUUGC,AACAUUUCUUGGGAACUAGGCAAUGAACCUAACAGUUUCCUUAAGAAGGCUGAUAUU,0.66,0,"2.49,-0.93,-6.82,0,0,-171.03,0.3684210526315789,0,0.21052631578947367,0,0,0.05555555555555555,-0.93,0.05555555555555555,0,0,0.0,-3.42,0,0.05555555555555555,0,-2.35,0.16666666666666666,0",-0.700,36.8,2.9400,-29.2300,-10.5300,-10.5300,0.0,,0,none,19,guide
UAGAUCUUGUUGUGCAUCU,GGGAAGUGGGGUGGAGUGGAGAUGCACAACAAGAUCUACGCCAUCCCGCAGGAGGUC,0.72,1,"0.3,-1.33,-7.69,1,0,-177.23999999999998,0.47368421052631576,0,0.21052631578947367,0,0,0.0,-2.08,0.05555555555555555,0,0,0.0,-2.08,0,0.05555555555555555,0,-2.11,0.1111111111111111,0",0.000,36.8,0.7500,-30.3800,-10.8900,-10.8900,0.0,,0,none,19,guide
AAGAAAUGUUAUACCCCUU,CCUGGACUACUGCUCUUCCAAGGGGUAUAACAUUUCUUGGGAACUAGGCAAUGAACC,0.39,0,"0.0,-0.93,-6.82,0,0,-163.99999999999997,0.3157894736842105,0,0.10526315789473684,0,0,0.0,-2.08,0.1111111111111111,0,0,0.16666666666666666,-0.93,0,0.0,0,-2.24,0.1111111111111111,0",0.000,31.6,0.0000,-27.7500,-9.5000,-9.5000,0.0,,0,none,19,guide
UAUCAAGAUGCGAACUCAC,GUUGCCACUUCCACAUAAUGUGAGUUCGCAUCUUGAUAAGGCCUCUGUGAUGAGGCU,0.84,1,"1.36,-1.33,-7.69,1,0,-183.11999999999998,0.21052631578947367,0,0.15789473684210525,0,0,0.0,-1.1,0.05555555555555555,0,0,0.0,-2.24,0,0.05555555555555555,0,-0.93,0.0,0",0.000,42.1,1.3600,-31.4000,-10.9200,-10.9200,0.0,,0,none,19,guide
UGAGUAAAAUCAAACACAC,UUUGAACUAACUGGACACAGUGUGUUUGAUUUUACUCAUCCAUGUGACCAUGAGGAA,0.89,1,"1.03,-2.11,-10.44,1,0,-166.56,0.15789473684210525,0,0.10526315789473684,0,0,0.0,-2.35,0.05555555555555555,0,0,0.0,-2.24,0,0.0,0,-0.93,0.0,0",-0.600,31.6,0.5800,-27.1700,-9.8600,-9.8600,0.0,,0,none,19,guide
UUUGAUUUGUAGCUUAUCC,AAUGCCUGGCUAACUUCAUGGAUAAGCUACAAAUCAAAGACAAGAAGCUCCCACUGG,0.96,1,"2.33,-0.93,-6.82,1,0,-167.3,0.5263157894736842,1,0.15789473684210525,0,0,0.0,-0.93,0.1111111111111111,1,0,0.05555555555555555,-3.26,0,0.05555555555555555,0,-2.08,0.2777777777777778,0",0.000,31.6,2.7800,-27.3700,-8.3500,-8.3500,0.0,,0,none,19,guide
UCCAAGCCCUUUCUCCAUC,CUAAGCGGUUCCGCAAGGAGAUGGAGAAAGGGCUUGGAGCCACCACUCACCCUACUG,0.69,0,"0.9,-2.35,-12.44,1,0,-193.02999999999997,0.3157894736842105,0,0.05263157894736842,0,0,0.0,-3.26,0.0,0,0,0.2222222222222222,-2.35,0,0.05555555555555555,0,-2.08,0.1111111111111111,0",0.000,52.6,0.4500,-36.2700,-15.0600,-15.0600,0.0,,0,none,19,guide
UUGAAGCCUUUUGUCCACU,GACGAGAGCAUCCUCCUCAAGUGGACAAAAGGCUUCAAGGCAUCUGGCUGCGAGGGC,0.74,1,"0.7,-0.93,-6.82,1,0,-175.14999999999998,0.42105263157894735,1,0.15789473684210525,0,0,0.0,-2.11,0.0,1,0,0.1111111111111111,-2.08,0,0.05555555555555555,0,-2.24,0.2222222222222222,0",0.000,42.1,1.1500,-31.8500,-14.1500,-14.1500,0.0,,0,none,19,guide
AAGCCCAGUGAACUUCCUG,AUGGAAAAACCUCUCCGGCCAGGAAGUUCACUGGGCUUGCCAGCUUUCUCAUAUAGU,0.93,1,"1.63,-0.93,-6.82,0,0,-189.1,0.21052631578947367,0,0.21052631578947367,0,0,0.0,-2.08,0.0,0,0,0.16666666666666666,-2.11,0,0.05555555555555555,0,-2.08,0.05555555555555555,0",-0.500,52.6,1.6300,-35.6800,-16.2100,-16.2100,0.0,,0,none,19,guide
UUUGACUCUAAACUCAUAC,CCAAAACAUGUAGACAGGUGUAUGAGUUUAGAGUCAAAGAAUCUAGCAUCAUAGCUC,0.78,1,"1.76,-0.93,-6.82,1,0,-168.55,0.3684210526315789,1,0.05263157894736842,0,0,0.0,-0.93,0.1111111111111111,1,0,0.0,-2.24,0,0.0,0,-2.08,0.1111111111111111,0",0.000,31.6,1.7600,-27.5700,-12.0600,-12.0600,0.0,,0,none,19,guide
AACUUCUUGAUUGAGUGCA,UUCGAAGUAGUGCUGACCCUGCACUCAAUCAAGAAGUUGCAUUAAAAUUAGAACCAA,0.81,1,"0.73,-0.93,-6.82,0,0,-173.80999999999997,0.3684210526315789,0,0.21052631578947367,0,0,0.0,-2.24,0.0,0,0,0.0,-2.11,0,0.05555555555555555,0,-2.35,0.16666666666666666,1",-0.200,36.8,1.1800,-29.8100,-10.6100,-10.6100,0.0,,0,none,19,guide
UCCUCAGGUGGCUUGUCAG,CAGUGUGUCGGGCUGGGCCCUGACAAGCCACCUGAGGAGAGGCUCGGAGCCGGGCCC,0.33,0,"0.63,-2.35,-12.44,1,0,-198.33999999999997,0.3157894736842105,0,0.3157894736842105,0,0,0.1111111111111111,-3.26,0.0,0,0,0.05555555555555555,-2.08,0,0.05555555555555555,0,-0.93,0.05555555555555555,0",-0.500,57.9,0.1800,-38.2800,-15.1400,-15.1400,0.0,,0,none,19,guide
UACUGUCCUGUGGUGACUU,GAUAUGUUUACUAAAGGACAAGUCACCACAGGACAGUACAGGAUGCUUGCCAAAAGA,0.58,0,"-0.4,-1.33,-7.69,1,0,-185.32,0.42105263157894735,0,0.2631578947368421,0,0,0.05555555555555555,-2.24,0.05555555555555555,0,0,0.05555555555555555,-0.93,0,0.0,0,-2.24,0.05555555555555555,0",-0.700,47.4,-0.4000,-34.5700,-14.2800,-14.2800,0.0,,0,none,19,guide
UAGAAGGUAUUUAUCCACU,AUCCUUUUUCUAACAAGCAAGUGGAUAAAUACCUUCUAAGACCUUUGGGACCUCAUG,0.72,1,"0.3,-1.33,-7.69,1,0,-167.57999999999998,0.3684210526315789,0,0.15789473684210525,0,0,0.05555555555555555,-2.08,0.16666666666666666,0,0,0.05555555555555555,-2.08,0,0.0,0,-1.1,0.1111111111111111,0",-0.400,31.6,0.7500,-28.5400,-12.9400,-12.9400,0.0,,0,none,19,guide
UGUCCAGUUAGUUCAAACU,AAAUACAUGGGAUUAACUCAGUUUGAACUAACUGGACACAGUGUGUUUGAUUUUACU,0.86,1,"-0.03,-2.11,-10.44,1,0,-170.54999999999998,0.3684210526315789,0,0.15789473684210525,0,0,0.0,-2.24,0.05555555555555555,0,0,0.05555555555555555,-2.08,0,0.0,0,-2.35,0.1111111111111111,0",-0.100,36.8,-0.0300,-29.7500,-14.2800,-14.2800,0.0,,0,none,19,guide
UUGAGCUCCGUGAAGAAGU,GCCUCGCAUCUGCUUGCCUACUUCUUCACGGAGCUCAACCAUGACCAAGUGCAGAAG,0.63,0,"0.86,-0.93,-6.82,1,0,-183.67999999999998,0.2631578947368421,1,0.3157894736842105,0,0,0.0,-2.11,0.0,1,0,0.05555555555555555,-2.24,0,0.05555555555555555,0,-0.93,0.05555555555555555,0",0.000,47.4,1.3100,-33.4600,-14.3900,-14.3900,0.0,,0,none,19,guide
UCCAGAGCCAGGAACUCUC,CCAGAUGGGACAGAACACGGAGAGUUCCUGGCUCUGGAUCUUGGAGGGACCAACUUC,0.84,1,"0.9,-2.35,-12.44,1,0,-201.42,0.15789473684210525,0,0.21052631578947367,0,0,0.05555555555555555,-3.26,0.0,0,0,0.1111111111111111,-2.35,0,0.05555555555555555,0,-0.93,0.0,0",-1.800,57.9,0.4500,-38.6500,-15.3000,-15.3000,0.0,,0,none,19,guide
UAGUGCUUCCAUCGGAAGG,UCAGGAUCAGACACCUAGUCCUUCCGAUGGAAGCACUAGACAAAGUUCACCUGAGCC,0.52,0,"1.93,-1.33,-7.69,1,0,-190.11,0.2631578947368421,0,0.3157894736842105,0,0,0.1111111111111111,-2.08,0.05555555555555555,0,0,0.05555555555555555,-3.26,0,0.05555555555555555,0,-2.36,0.05555555555555555,0",-4.700,52.6,2.3800,-35.4600,-12.8600,-12.8600,0.0,,0,none,19,guide
AGAUUGCCAGUAACUUCUC,AGGAAUCAACCUUUGAAGAGAGAAGUUACUGGCAAUCUCAAGUCAACCAGGAUAUUU,0.51,0,"1.17,-2.08,-10.48,0,0,-181.39,0.3157894736842105,0,0.15789473684210525,0,0,0.0,-2.35,0.05555555555555555,0,0,0.05555555555555555,-2.35,0,0.05555555555555555,0,-2.24,0.1111111111111111,0",0.000,42.1,0.7200,-31.8800,-13.1700,-13.1700,0.0,,0,none,19,guide
AAAGGUUGAUUCCUUCUUG,ACUUCCUAAUUUUCGAUCCCAAGAAGGAAUCAACCUUUGAAGAGAGAAGUUACUGGC,0.58,0,"1.63,-0.93,-6.82,0,0,-170.78999999999996,0.42105263157894735,0,0.21052631578947367,0,0,0.05555555555555555,-0.93,0.0,0,0,0.05555555555555555,-2.11,0,0.0,0,-2.08,0.2222222222222222,0",-2.700,36.8,1.6300,-28.8100,-11.5500,-11.5500,0.0,,0,none,19,guide
AAGCCAGCUGCAAAGGUGU,GGAGCGCCCUUGCUAUCCGACACCUUUGCAGCUGGCUUUAUGUGGCUGGAUAAAUUG,0.77,1,"0.86,-0.93,-6.82,0,0,-187.31,0.15789473684210525,0,0.3157894736842105,0,0,0.05555555555555555,-2.08,0.0,0,0,0.05555555555555555,-2.24,0,0.16666666666666666,0,-0.93,0.0,0",-2.500,52.6,1.3100,-36.1700,-16.3700,-16.3700,0.0,,0,none,19,guide
CACCACAGUGCACACCUCC,ACGACAGCAUCAUUGUUAAGGAGGUGUGCACUGUGGUGGCCCGGCGGGCAGCCCAGC,0.83,1,"0.7,-2.11,-10.44,0,0,-204.48000000000002,0.10526315789473684,0,0.10526315789473684,0,0,0.0,-2.24,0.0,0,1,0.16666666666666666,-3.26,0,0.05555555555555555,0,-2.11,0.0,0",-0.100,63.2,1.1500,-40.1800,-14.0400,-14.0400,0.0,,0,none,19,guide
AAGUGAACCAUCAUGUUCC,CUCAGAGAAAGCGAAAAAUGGAACAUGAUGGUUCACUUUUUCAAGCAGUAGGAAUUG,0.92,1,"2.33,-0.93,-6.82,0,0,-182.43,0.2631578947368421,0,0.15789473684210525,0,0,0.0,-2.08,0.0,0,0,0.1111111111111111,-3.26,0,0.0,0,-1.1,0.05555555555555555,0",-1.700,42.1,2.7800,-31.5100,-11.9500,-11.9500,0.0,,0,none,19,guide
AUGGCGUAGAUCUUGUUGU,UGGGGUGGAGUGGAGAUGCACAACAAGAUCUACGCCAUCCCGCAGGAGGUCAUGCAC,0.8,1,"0.69,-1.1,-9.38,0,0,-179.31,0.42105263157894735,0,0.3157894736842105,0,0,0.05555555555555555,-2.11,0.05555555555555555,1,0,0.0,-2.24,0,0.05555555555555555,0,-0.93,0.1111111111111111,0",0.000,42.1,1.1400,-31.5500,-14.7200,-14.7200,0.0,,0,none,19,guide
UACUCGAGGAAGUCCGCGA,GACCACAUUGUCCAGUGCAUCGCGGACUUCCUCGAGUACAUGGGCAUGAAGGGCGUG,0.81,1,"0.57,-1.33,-7.69,1,0,-193.47999999999996,0.15789473684210525,0,0.3157894736842105,0,0,0.05555555555555555,-2.24,0.05555555555555555,0,0,0.05555555555555555,-2.35,0,0.05555555555555555,0,-2.35,0.0,1",-3.700,57.9,1.0200,-37.1100,-13.4600,-13.4600,0.0,,0,none,19,guide
GGCGCAUGUGGUAGAGAUA,AGUGCAGAAGGUUGACCAGUAUCUCUACCACAUGCGCCUCUCUGAUGAGACCCUCUU,0.54,0,"-1.93,-3.26,-13.39,0,1,-193.95,0.21052631578947367,0,0.42105263157894735,1,0,0.1111111111111111,-3.42,0.1111111111111111,0,0,0.0,-1.33,0,0.1111111111111111,0,-2.08,0.0,1",0.000,52.6,-2.3800,-36.1100,-14.5200,-14.5200,0.0,,0,none,19,guide
UUUGCCACUGCCAUCCUCG,AUGUCCGCUUCCUCCGCUCCGAGGAUGGCAGUGGCAAAGGUGCAGCCAUGGUGACAG,0.62,0,"1.43,-0.93,-6.82,1,0,-195.26,0.3157894736842105,1,0.15789473684210525,0,0,0.0,-0.93,0.0,1,0,0.16666666666666666,-2.36,0,0.1111111111111111,0,-1.1,0.1111111111111111,0",0.000,57.9,1.8800,-37.3400,-14.0700,-14.0700,0.0,,0,none,19,guide
UCUUAUGUAGACGCUUGGC,CAAGAAACACCCCCAUUUUGCCAAGCGUCUACAUAAGACCGUGCGGCGGCUGGUGCC,0.52,0,"1.52,-2.35,-12.44,1,0,-184.86,0.3684210526315789,0,0.2631578947368421,0,0,0.05555555555555555,-2.08,0.1111111111111111,0,0,0.0,-3.42,0,0.1111111111111111,0,-3.42,0.1111111111111111,0",0.000,47.4,1.5200,-33.4300,-9.7900,-9.7900,0.0,,0,none,19,guide
CUGGCCAAGGUACGAAGCU,AUCCUCCUGGGUUCUCCAAAGCUUCGUACCUUGGCCAGAGGCUUGUCUCCUGCGUAC,0.7,0,"-0.9,-2.08,-10.48,0,0,-192.60999999999996,0.15789473684210525,0,0.3157894736842105,0,0,0.1111111111111111,-2.11,0.05555555555555555,1,1,0.05555555555555555,-2.08,0,0.1111111111111111,0,-2.36,0.0,0",0.000,57.9,-0.4500,-37.6000,-15.0900,-15.0900,0.0,,0,none,19,guide
AUAUCCACCUCUUUUGGCA,CAGGACAGUACAGGAUGCUUGCCAAAAGAGGUGGAUAUGUCUGGGUUGAAACUCAAG,0.87,1,"0.56,-1.1,-9.38,0,0,-179.46999999999997,0.3684210526315789,0,0.10526315789473684,0,0,0.05555555555555555,-1.33,0.05555555555555555,1,0,0.1111111111111111,-2.11,0,0.05555555555555555,0,-0.93,0.16666666666666666,1",-1.100,42.1,1.0100,-32.3100,-12.3900,-12.3900,0.0,,0,none,19,guide
AUGGUGACGGACAGGAACG,CUGCACCUGGUGAGCCCCUCGUUCCUGUCCGUCACCAUUGACGCCAACCUGGCCACG,0.89,1,"1.26,-1.1,-9.38,0,0,-195.04000000000002,0.10526315789473684,0,0.42105263157894735,0,0,0.16666666666666666,-2.11,0.0,1,0,0.0,-2.36,0,0.0,0,-2.08,0.0,0",-1.300,57.9,1.7100,-36.6600,-14.3100,-14.3100,0.0,,0,none,19,guide
UUGUUGAAGGGAGAAAAUC,GUAUUAUUCAGCACGACUUGAUUUUCUCCCUUCAACAAACAGAAUGUGUCCUUAAAC,0.85,1,"1.87,-0.93,-6.82,1,0,-172.74999999999997,0.2631578947368421,1,0.3157894736842105,0,0,0.1111111111111111,-2.11,0.0,1,0,0.0,-2.35,0,0.0,0,-2.35,0.1111111111111111,0",0.000,36.8,1.8700,-29.0800,-10.6700,-10.6700,0.0,,0,none,19,guide
UCAUAGUUCCGACUGUGUC,UGUGGUUGCUGUGGUGAACGACACAGUCGGAACUAUGAUGACCUGUGGCUUUGAAGA,0.89,1,"0.9,-2.35,-12.44,1,0,-188.23,0.3684210526315789,0,0.21052631578947367,0,0,0.0,-2.11,0.05555555555555555,0,0,0.05555555555555555,-2.35,0,0.0,0,-2.08,0.05555555555555555,0",-4.100,47.4,0.4500,-33.5400,-9.7900,-9.7900,0.0,,0,none,19,guide
UUCUCCACCAGCCUUCAGG,CUAAGAUGCUGAAGAGCUUCCUGAAGGCUGGUGGAGAAGUGAUUGAUUCAGUUACAU,0.88,1,"2.33,-0.93,-6.82,1,0,-196.70999999999998,0.2631578947368421,1,0.15789473684210525,0,0,0.05555555555555555,-2.35,0.0,1,0,0.16666666666666666,-3.26,0,0.05555555555555555,0,-2.08,0.1111111111111111,0",0.000,57.9,2.7800,-38.1200,-14.3900,-14.3900,0.0,,0,none,19,guide
AACUUCACAGUGAGGGUCU,UGAUGACCUGUGGCUUUGAAGACCCUCACUGUGAAGUUGGCCUCAUUGUUGGCACGG,0.86,1,"0.7,-0.93,-6.82,0,0,-185.52999999999997,0.2631578947368421,0,0.2631578947368421,0,0,0.1111111111111111,-2.24,0.0,0,0,0.0,-2.08,0,0.0,0,-2.08,0.05555555555555555,0",-2.900,47.4,1.1500,-34.5500,-11.9500,-11.9500,0.0,,0,none,19,guide
UUGUAUUUGAGUCUGCUGG,AAAGCACAGUUACAGUAUUCCAGCAGACUCAAAUACAAGAACCUACUGCUAAUGCCA,0.91,1,"2.33,-0.93,-6.82,1,0,-179.35000000000002,0.47368421052631576,1,0.3157894736842105,0,0,0.05555555555555555,-2.11,0.05555555555555555,1,0,0.0,-3.26,0,0.05555555555555555,0,-2.08,0.16666666666666666,0",0.000,42.1,2.7800,-31.6200,-8.6400,-8.6400,0.0,,0,none,19,guide
AUUGCCAGUAACUUCUCUC,GAAGGAAUCAACCUUUGAAGAGAGAAGUUACUGGCAAUCUCAAGUCAACCAGGAUAU,0.93,1,"1.7,-1.1,-9.38,0,0,-181.39,0.3684210526315789,0,0.10526315789473684,0,0,0.0,-0.93,0.05555555555555555,1,0,0.05555555555555555,-2.35,0,0.05555555555555555,0,-0.93,0.1111111111111111,0",0.000,42.1,1.7000,-31.8800,-13.9100,-13.9100,0.0,,0,none,19,guide
UUGAGUAGGUGCUGUUCUU,ACACUACCAGAAAAAGUUCAAGAACAGCACCUACUCAAGAAGCUCUGUAGAUGUGCU,0.84,1,"0.0,-0.93,-6.82,1,0,-177.69,0.47368421052631576,1,0.3157894736842105,0,0,0.05555555555555555,-2.11,0.05555555555555555,1,0,0.0,-0.93,0,0.05555555555555555,0,-2.11,0.16666666666666666,0",-0.600,42.1,0.0000,-32.2300,-12.1900,-12.1900,0.0,,0,none,19,guide
CUAAAUGGUAGUUUCCUGC,GAGGCAAGUAUUCUUUGGAGCAGGAAACUACCAUUUAGUGGAUGAAAACUUCGAUCC,0.87,1,"0.89,-2.08,-10.48,0,0,-177.65,0.3684210526315789,0,0.21052631578947367,0,0,0.05555555555555555,-1.33,0.1111111111111111,1,1,0.05555555555555555,-3.42,0,0.05555555555555555,0,-0.93,0.1111111111111111,0",-1.000,42.1,1.3400,-31.1200,-9.6600,-9.6600,0.0,,0,none,19,guide
AGGACUAGUAUAUUUUAUU,GUUGCUGCUUGCAUCUGAAAAUAAAAUAUACUAGUCCUGACACUGAAUUUUUCAAGU,0.33,0,"-0.7,-2.08,-10.48,0,0,-155.19999999999996,0.47368421052631576,0,0.15789473684210525,0,0,0.05555555555555555,-3.26,0.2222222222222222,0,0,0.0,-0.93,0,0.0,0,-0.93,0.2222222222222222,0",0.000,21.1,-1.1500,-24.1800,-13.3400,-13.3400,0.0,,0,none,19,guide
UCGACGUUCAGAACUUAUC,GCGCGAACGACAAGAAAAAGAUAAGUUCUGAACGUCGAAAAGAAAAGUCUCGAGAUG,0.91,1,"0.9,-2.35,-12.44,1,0,-179.27999999999997,0.3157894736842105,0,0.15789473684210525,0,0,0.0,-2.36,0.05555555555555555,0,0,0.0,-2.35,0,0.0,0,-2.24,0.1111111111111111,0",0.000,42.1,0.4500,-30.7400,-12.4800,-12.4800,0.0,,0,none,19,guide
UUGUGGAGAGUUGUAAUGG,GAUUCUGUGUUGUUUUAUGCCAUUACAACUCUCCACAACCUUUUAUUACAUCAAGAA,0.85,1,"2.33,-0.93,-6.82,1,0,-178.77999999999997,0.3684210526315789,1,0.42105263157894735,0,0,0.1111111111111111,-2.11,0.05555555555555555,1,0,0.0,-3.26,0,0.0,0,-2.24,0.1111111111111111,0",0.000,42.1,2.7800,-31.6700,-14.1500,-14.1500,0.0,,0,none,19,guide
AUUAGGAAGUCUGUCUUGG,UACCUGAGGUUUGGUGGCACCAAGACAGACUUCCUAAUUUUCGAUCCCAAGAAGGAA,0.84,1,"2.16,-1.1,-9.38,0,0,-179.89999999999998,0.3684210526315789,0,0.3157894736842105,0,0,0.1111111111111111,-0.93,0.05555555555555555,1,0,0.0,-3.26,0,0.0,0,-2.24,0.1111111111111111,0",-1.500,42.1,2.6100,-31.7200,-10.8800,-10.8800,0.0,,0,none,19,guide
AAUCUGAGACAAGAACUUG,CAAGGGGCAUCUUUGAAACCAAGUUCUUGUCUCAGAUUGAGAGUGACUGCCUGGCCC,0.87,1,"1.63,-0.93,-6.82,0,0,-175.13,0.21052631578947367,0,0.21052631578947367,0,0,0.0,-1.1,0.0,0,0,0.0,-2.11,0,0.0,0,-2.35,0.05555555555555555,0",-0.900,36.8,1.6300,-29.2100,-12.0700,-12.0700,0.0,,0,none,19,guide
UUUGGUGAGGCUGUCCGAC,CCAUAUAGAGAUACUCAAAGUCGGACAGCCUCACCAAACAGAGCAGGAAAAGGAGUC,0.6,0,"1.76,-0.93,-6.82,1,0,-195.79999999999998,0.3157894736842105,1,0.3684210526315789,0,0,0.1111111111111111,-0.93,0.0,1,0,0.05555555555555555,-2.24,0,0.05555555555555555,0,-2.24,0.1111111111111111,0",-1.400,57.9,1.7600,-37.5900,-13.0000,-13.0000,0.0,,0,none,19,guide
UUGACUUGAGAUUGCCAGU,ACCUUUGAAGAGAGAAGUUACUGGCAAUCUCAAGUCAACCAGGAUAUUUGCAAAUAU,0.89,1,"0.86,-0.93,-6.82,1,0,-180.38,0.3684210526315789,1,0.2631578947368421,0,0,0.0,-2.11,0.0,1,0,0.05555555555555555,-2.24,0,0.05555555555555555,0,-2.11,0.16666666666666666,0",0.000,42.1,1.3100,-31.9900,-11.8200,-11.8200,0.0,,0,none,19,guide
UGAGUGGUGGCUCCAAGCC,CGCAAGGAGAUGGAGAAAGGGCUUGGAGCCACCACUCACCCUACUGCAGCAGUGAAG,0.54,0,"1.6,-2.11,-10.44,1,0,-203.69,0.21052631578947367,0,0.3684210526315789,0,0,0.1111111111111111,-2.35,0.0,0,0,0.1111111111111111,-3.26,0,0.1111111111111111,0,-3.26,0.0,0",-3.300,63.2,1.6000,-40.5800,-14.2800,-14.2800,0.0,,0,none,19,guide
AGCAUCUUAGCCGUCUUUC,GAUGUUGGUCAGCCUCGAAGAAAGACGGCUAAGAUGCUGAAGAGCUUCCUGAAGGCU,0.86,1,"1.17,-2.08,-10.48,0,0,-185.06999999999996,0.3684210526315789,0,0.15789473684210525,0,0,0.0,-3.42,0.05555555555555555,0,0,0.05555555555555555,-2.35,0,0.1111111111111111,0,-2.24,0.16666666666666666,0",-0.500,47.4,0.7200,-33.4600,-11.9900,-11.9900,0.0,,0,none,19,guide
AUCUGAAGAUUCAACCGGU,AAACAGAAUGUGUCCUUAAACCGGUUGAAUCUUCAGAUAUGAAAAUGACUCAGCUAU,0.8,1,"0.69,-1.1,-9.38,0,0,-179.98999999999998,0.2631578947368421,0,0.21052631578947367,0,0,0.05555555555555555,-2.35,0.0,1,0,0.05555555555555555,-2.24,0,0.0,0,-0.93,0.05555555555555555,0",0.000,42.1,1.1400,-31.6400,-11.9000,-11.9000,0.0,,0,none,19,guide
UAUAGCACAUCUACAGAGC,AACAGCACCUACUCAAGAAGCUCUGUAGAUGUGCUAUACACUUUUGCAAACUGCUCA,0.7,0,"2.09,-1.33,-7.69,1,0,-185.17999999999998,0.21052631578947367,0,0.15789473684210525,0,0,0.0,-1.1,0.16666666666666666,0,0,0.0,-3.42,0,0.1111111111111111,0,-2.24,0.0,0",0.000,42.1,2.5400,-32.7700,-12.2800,-12.2800,0.0,,0,none,19,guide
UCACAGGUGCUCUCAAGCC,GCCAUCCUGCAACACUUAGGGCUUGAGAGCACCUGUGACGACAGCAUCAUUGUUAAG,0.82,1,"1.36,-2.35,-12.44,1,0,-199.82999999999998,0.21052631578947367,0,0.21052631578947367,0,0,0.05555555555555555,-2.11,0.0,0,0,0.05555555555555555,-3.26,0,0.1111111111111111,0,-2.35,0.0,0",-1.400,57.9,1.3600,-38.4900,-14.0400,-14.0400,0.0,,0,none,19,guide
AACAGUUGCUUUCCCGGGU,AUUGACAUGGGCUCACUGAACCCGGGAAAGCAACUGUUUGAGAAGAUGAUCAGUGGG,0.77,1,"0.86,-0.93,-6.82,0,0,-183.79,0.3157894736842105,0,0.2631578947368421,0,0,0.1111111111111111,-2.24,0.0,0,0,0.1111111111111111,-2.24,0,0.05555555555555555,0,-3.26,0.16666666666666666,0",0.000,52.6,1.3100,-35.3500,-11.7100,-11.7100,0.0,,0,none,19,guide
UUGUUGUGCAUCUCCACUC,CGGAAUGGGAAGUGGGGUGGAGUGGAGAUGCACAACAAGAUCUACGCCAUCCCGCAG,0.79,1,"1.87,-0.93,-6.82,1,0,-188.64,0.42105263157894735,1,0.15789473684210525,0,0,0.0,-2.11,0.0,1,0,0.05555555555555555,-2.35,0,0.05555555555555555,0,-2.35,0.1111111111111111,0",-0.800,47.4,1.8700,-34.1800,-11.7400,-11.7400,0.0,,0,none,19,guide
CUUGCCAUUAACACCUUGG,UUCAAGAAAUUGGUGGGCACCAAGGUGUUAAUGGCAAGCGUGCAAGGUUCAAAGAGA,0.86,1,"0.73,-2.08,-10.48,0,0,-181.31,0.3157894736842105,0,0.15789473684210525,0,0,0.05555555555555555,-0.93,0.05555555555555555,1,1,0.1111111111111111,-3.26,0,0.05555555555555555,0,-2.24,0.16666666666666666,0",-0.400,47.4,1.1800,-32.8400,-12.9300,-12.9300,0.0,,0,none,19,guide
UUAACAAUGAUGCUGUCGU,GGGCUUGAGAGCACCUGUGACGACAGCAUCAUUGUUAAGGAGGUGUGCACUGUGGUG,0.88,1,"0.86,-0.93,-6.82,1,0,-172.70000000000002,0.3684210526315789,1,0.21052631578947367,0,0,0.0,-1.33,0.05555555555555555,1,0,0.0,-2.24,0,0.05555555555555555,0,-2.08,0.05555555555555555,0",-0.500,36.8,1.3100,-29.5500,-8.6400,-8.6400,0.0,,0,none,19,guide
UUAUCCAGCCACAUAAAGC,UCCGACACCUUUGCAGCUGGCUUUAUGUGGCUGGAUAAAUUGGGCCUGUCAGCCCGA,0.66,0,"2.49,-0.93,-6.82,1,0,-179.92999999999998,0.21052631578947367,1,0.10526315789473684,0,0,0.0,-1.33,0.1111111111111111,1,0,0.1111111111111111,-3.42,0,0.1111111111111111,0,-1.1,0.05555555555555555,0",0.000,42.1,2.9400,-32.1500,-12.2300,-12.2300,0.0,,0,none,19,guide
UGGUCAAACAGCUGGGUGC,GACAUCAUGCGAGGCAGUGGCACCCAGCUGUUUGACCACAUUGCCGAAUGCCUGGCU,0.7,0,"1.76,-2.11,-10.44,1,0,-196.04,0.21052631578947367,0,0.3684210526315789,0,0,0.16666666666666666,-3.26,0.0,0,0,0.0,-3.42,0,0.1111111111111111,0,-2.11,0.0,0",0.000,57.9,1.7600,-38.1700,-11.8200,-11.8200,0.0,,0,none,19,guide
UUCACACACAUCCGCCCCU,GAACUGGUGGAAGGAGAAGAGGGGCGGAUGUGUGUGAACAUGGAAUGGGGGGCCUUC,0.72,1,"0.7,-0.93,-6.82,1,0,-195.54999999999993,0.21052631578947367,1,0.05263157894736842,0,0,0.0,-2.35,0.0,1,0,0.2222222222222222,-2.08,0,0.05555555555555555,0,-2.36,0.05555555555555555,0",0.000,57.9,1.1500,-38.1500,-13.1600,-13.1600,0.0,,0,none,19,guide
UGAAACUCUGGUUCACCAU,CGAGCUGCUGGGAGGAGACAUGGUGAACCAGAGUUUCAUCUGCGACCCGGACGACGA,0.51,0,"-0.56,-2.11,-10.44,1,0,-179.81,0.3157894736842105,0,0.15789473684210525,0,0,0.05555555555555555,-2.35,0.0,0,0,0.05555555555555555,-1.1,0,0.0,0,-2.35,0.05555555555555555,0",-1.200,42.1,-1.0100,-31.9900,-10.8800,-10.8800,0.0,,0,none,19,guide
UACAAUAGCAGACACCAUC,CUAUCAUGCGUUCUCCUCAGAUGGUGUCUGCUAUUGUACGUACCAUGCAGAAUACAA,0.92,1,"1.47,-1.33,-7.69,1,0,-183.7,0.15789473684210525,0,0.10526315789473684,0,0,0.0,-2.24,0.1111111111111111,0,0,0.05555555555555555,-2.35,0,0.05555555555555555,0,-2.11,0.0,0",0.000,42.1,1.4700,-32.4000,-9.7900,-9.7900,0.0,,0,none,19,guide
UUUGUUCUCCUUGAUGCGC,CCCUGGCCGCCGUGCUGCAGCGCAUCAAGGAGAACAAAGGCGAGGAGCGGCUGCGCU,0.8,1,"2.49,-0.93,-6.82,1,0,-184.12,0.47368421052631576,1,0.21052631578947367,0,0,0.0,-0.93,0.0,1,0,0.05555555555555555,-3.42,0,0.1111111111111111,0,-2.35,0.2222222222222222,0",0.000,47.4,2.9400,-33.1200,-10.6400,-10.6400,0.0,,0,none,19,guide
UGAGGGUCUUCAAAGCCAC,GUCGGAACUAUGAUGACCUGUGGCUUUGAAGACCCUCACUGUGAAGUUGGCCUCAUU,0.85,1,"1.03,-2.11,-10.44,1,0,-191.05999999999997,0.21052631578947367,0,0.2631578947368421,0,0,0.1111111111111111,-2.35,0.0,0,0,0.05555555555555555,-2.24,0,0.05555555555555555,0,-0.93,0.05555555555555555,0",-1.400,52.6,0.5800,-35.8000,-15.5400,-15.5400,0.0,,0,none,19,guide
UGGAAGUCAUCAUCCAUUG,AUGUUAGCUCCCUAUAUCCCAAUGGAUGAUGACUUCCAGUUACGUUCCUUCGAUCAG,0.88,1,"0.9,-2.11,-10.44,1,0,-185.07,0.3157894736842105,0,0.21052631578947367,0,0,0.05555555555555555,-3.26,0.0,0,0,0.05555555555555555,-2.11,0,0.0,0,-2.35,0.05555555555555555,0",-2.700,42.1,0.4500,-31.8100,-13.2100,-13.2100,0.0,,0,none,19,guide
UGAUUUUACACGCUUCCGC,AGAAGGGACCAGUUUGUUGGCGGAAGCGUGUAAAAUCAGAGUACAUGCGACUGAGAC,0.54,0,"1.76,-2.11,-10.44,1,0,-180.49,0.3684210526315789,0,0.15789473684210525,0,0,0.0,-2.35,0.05555555555555555,0,0,0.05555555555555555,-3.42,0,0.1111111111111111,0,-2.08,0.2222222222222222,0",0.000,47.4,1.7600,-32.5100,-7.5700,-7.5700,0.0,,0,none,19,guide
UGAAAGCUCAUCCACAGCC,UCCGCACAGAAUUUGAUGUGGCUGUGGAUGAGCUUUCACUCAACCCCGGCAAGCAGA,0.94,1,"1.6,-2.11,-10.44,1,0,-194.14999999999998,0.15789473684210525,0,0.15789473684210525,0,0,0.0,-2.35,0.0,0,0,0.1111111111111111,-3.26,0,0.1111111111111111,0,-2.11,0.0,0",-0.600,52.6,1.6000,-36.0000,-11.7900,-11.7900,0.0,,0,none,19,guide
UAGGGUAACCGCAAGUACU,AACCUCCAUAAUGUCACCAAGUACUUGCGGUUACCCUAUCCUUUUUCUAACAAGCAA,0.94,1,"0.3,-1.33,-7.69,1,0,-178.82999999999998,0.21052631578947367,0,0.2631578947368421,0,0,0.1111111111111111,-2.08,0.16666666666666666,0,0,0.05555555555555555,-2.08,0,0.05555555555555555,0,-0.93,0.0,0",-1.600,47.4,0.7500,-34.0800,-13.1000,-13.1000,0.0,,0,none,19,guide
UCGAGGCUGACCAACAUCA,AUGCAAAACUCUAUGGUCCUGAUGUUGGUCAGCCUCGAAGAAAGACGGCUAAGAUGC,0.56,0,"-0.24,-2.35,-12.44,1,0,-192.73,0.15789473684210525,0,0.21052631578947367,0,0,0.05555555555555555,-2.36,0.0,0,0,0.05555555555555555,-2.11,0,0.05555555555555555,0,-0.93,0.0,1",-0.300,52.6,-0.2400,-36.1700,-15.5500,-15.5500,0.0,,0,none,19,guide
UCGGAGUAGCAAUUGCUCC,GGUUGGAAUGGCCCUACCAGGAGCAAUUGCUACUCCGAGAACACUACCAGAAAAAGU,0.71,1,"1.36,-2.35,-12.44,1,0,-191.59999999999997,0.2631578947368421,0,0.2631578947368421,0,0,0.05555555555555555,-2.36,0.05555555555555555,0,0,0.05555555555555555,-3.26,0,0.1111111111111111,0,-0.93,0.05555555555555555,0",-6.400,52.6,1.3600,-35.8200,-13.6200,-13.6200,0.0,,0,none,19,guide
ACGCAGGAGACAAGCCUCU,AAAGCUUCGUACCUUGGCCAGAGGCUUGUCUCCUGCGUACCUGAGGUUUGGUGGCAC,0.85,1,"-0.16,-2.24,-11.4,0,0,-196.34999999999997,0.10526315789473684,0,0.2631578947368421,0,0,0.05555555555555555,-2.36,0.0,0,0,0.05555555555555555,-2.08,0,0.1111111111111111,0,-2.08,0.0,0",-2.500,57.9,-0.1600,-38.1600,-15.5800,-15.5800,0.0,,0,none,19,guide
UCACAAAUCAGCACCAAGC,AAGAAACCACCUAUGACCUGCUUGGUGCUGAUUUGUGAACCCAUUCCUCACCCAUCA,0.89,1,"1.52,-2.35,-12.44,1,0,-186.49999999999997,0.10526315789473684,0,0.10526315789473684,0,0,0.0,-2.11,0.0,0,0,0.05555555555555555,-3.42,0,0.1111111111111111,0,-2.24,0.0,0",0.000,47.4,1.5200,-33.7400,-9.4200,-9.4200,0.0,,0,none,19,guide
AACACGGACCAGCAGGACC,UUGGAGGAACAAAUUUCCGGGUCCUGCUGGUCCGUGUUCGGAAUGGGAAGUGGGGUG,0.69,0,"2.33,-0.93,-6.82,0,0,-201.33000000000004,0.0,0,0.2631578947368421,0,0,0.1111111111111111,-2.24,0.0,0,0,0.1111111111111111,-3.26,0,0.05555555555555555,0,-2.11,0.0,0",-2.000,63.2,2.7800,-39.8100,-14.5600,-14.5600,0.0,,0,none,19,guide
AAUAAUACCACUCACAACG,GCAUUGUAUGUGUGAAUUACGUUGUGAGUGGUAUUAUUCAGCACGACUUGAUUUUCU,0.9,1,"1.43,-0.93,-6.82,0,0,-171.14,0.15789473684210525,0,0.05263157894736842,0,0,0.0,-1.1,0.1111111111111111,0,0,0.05555555555555555,-2.36,0,0.0,0,-2.11,0.0,0",0.000,36.8,1.8800,-28.9000,-8.0300,-8.0300,0.0,,0,none,19,guide
CCACCUCUUUUGGCAAGCA,ACCACAGGACAGUACAGGAUGCUUGCCAAAAGAGGUGGAUAUGUCUGGGUUGAAACU,0.17,0,"-1.6,-3.26,-13.39,0,0,-186.91999999999996,0.2631578947368421,0,0.15789473684210525,0,0,0.05555555555555555,-2.11,0.0,0,1,0.1111111111111111,-2.11,1,0.1111111111111111,0,-3.42,0.16666666666666666,1",-1.100,52.6,-1.6000,-35.6700,-14.1200,-14.1200,0.0,,0,none,19,guide
AACAUCAGGACCAUAGAGU,CCACCUUCAAAAAUGCAAAACUCUAUGGUCCUGAUGUUGGUCAGCCUCGAAGAAAGA,0.86,1,"0.86,-0.93,-6.82,0,0,-183.27999999999997,0.15789473684210525,0,0.21052631578947367,0,0,0.05555555555555555,-2.24,0.05555555555555555,0,0,0.05555555555555555,-2.24,0,0.0,0,-1.1,0.0,0",0.000,42.1,1.3100,-32.8300,-11.9900,-11.9900,0.0,,0,none,19,guide
AUUCCAACCGUAACUUCUC,CAUCCCUCCUGAUGUGGAGGAGAAGUUACGGUUGGAAUGGCCCUACCAGGAGCAAUU,0.48,0,"1.7,-1.1,-9.38,0,0,-177.35999999999999,0.3157894736842105,0,0.05263157894736842,0,0,0.0,-0.93,0.05555555555555555,1,0,0.1111111111111111,-2.35,0,0.0,0,-2.24,0.1111111111111111,0",0.000,42.1,1.7000,-31.1300,-11.8200,-11.8200,0.0,,0,none,19,guide
UAGGCAUCCAUUGUCCCCG,ACAUGGAAUGGGGGGCCUUCGGGGACAAUGGAUGCCUAGAUGACUUCCGCACAGAAU,0.86,1,"1.03,-1.33,-7.69,1,0,-196.48999999999995,0.2631578947368421,0,0.21052631578947367,0,0,0.05555555555555555,-2.08,0.05555555555555555,0,0,0.2222222222222222,-2.36,0,0.05555555555555555,0,-2.24,0.05555555555555555,0",-2.600,57.9,1.4800,-37.7500,-14.3200,-14.3200,0.0,,0,none,19,guide
UUCCCAAGAAAUGUUAUAC,ACUACUGCUCUUCCAAGGGGUAUAACAUUUCUUGGGAACUAGGCAAUGAACCUAACA,0.89,1,"1.76,-0.93,-6.82,1,0,-166.73,0.3157894736842105,1,0.10526315789473684,0,0,0.0,-2.35,0.1111111111111111,1,0,0.1111111111111111,-2.24,0,0.0,0,-2.24,0.1111111111111111,0",0.000,31.6,1.7600,-27.4200,-13.9900,-13.9900,0.0,,0,none,19,guide
ACUGGACUUGAAUCCCUUG,GUUUCCUGGUCUCAUGGACCAAGGGAUUCAAGUCCAGUGGAGUGGAAGGCAGAGACG,0.26,0,"0.77,-2.24,-11.4,0,0,-185.55999999999997,0.3157894736842105,0,0.21052631578947367,0,0,0.05555555555555555,-2.08,0.0,0,0,0.1111111111111111,-2.11,0,0.0,0,-2.35,0.1111111111111111,0",-1.200,47.4,0.3200,-33.6300,-14.1200,-14.1200,0.0,,0,none,19,guide
AGAAUACUUGCCUCAUCAC,CCGAAUGGGAAUAGAAGUGGUGAUGAGGCAAGUAUUCUUUGGAGCAGGAAACUACCA,0.93,1,"1.06,-2.08,-10.48,0,0,-183.91,0.2631578947368421,0,0.10526315789473684,0,0,0.0,-2.35,0.05555555555555555,0,0,0.05555555555555555,-2.24,0,0.05555555555555555,0,-2.35,0.05555555555555555,0",0.000,42.1,0.6100,-32.0800,-10.0300,-10.0300,0.0,,0,none,19,guide
UUUCAAUAUUUGAUGGGUG,GAUUUGUGAACCCAUUCCUCACCCAUCAAAUAUUGAAAUUCCUUUAGAUAGCAAGAC,0.63,0,"1.63,-0.93,-6.82,1,0,-167.42,0.47368421052631576,1,0.2631578947368421,0,0,0.1111111111111111,-0.93,0.05555555555555555,1,0,0.0,-2.11,0,0.0,0,-1.1,0.2222222222222222,0",0.000,31.6,1.6300,-26.8900,-8.7500,-8.7500,0.0,,0,none,19,guide
AAGUCUUGCUAUCUAAAGG,CCCAUCAAAUAUUGAAAUUCCUUUAGAUAGCAAGACUUUCCUCAGUCGACACAGCCU,0.92,1,"2.33,-0.93,-6.82,0,0,-172.09999999999997,0.3157894736842105,0,0.21052631578947367,0,0,0.05555555555555555,-2.08,0.1111111111111111,0,0,0.0,-3.26,0,0.05555555555555555,0,-2.08,0.05555555555555555,0",-0.500,36.8,2.7800,-29.3200,-11.7900,-11.7900,0.0,,0,none,19,guide
UCCACUAAAUGGUAGUUUC,CAAGUAUUCUUUGGAGCAGGAAACUACCAUUUAGUGGAUGAAAACUUCGAUCCUUUA,0.88,1,"0.9,-2.35,-12.44,1,0,-172.40999999999997,0.3684210526315789,0,0.15789473684210525,0,0,0.05555555555555555,-3.26,0.1111111111111111,0,0,0.05555555555555555,-2.35,0,0.0,0,-1.33,0.1111111111111111,0",-0.500,36.8,0.4500,-29.7100,-11.9500,-11.9500,0.0,,0,none,19,guide
AAGGUGUCGGAUAGCAAGG,GCAUAUGGAGGCGGAGCGCCCUUGCUAUCCGACACCUUUGCAGCUGGCUUUAUGUGG,0.88,1,"2.33,-0.93,-6.82,0,0,-189.06999999999994,0.15789473684210525,0,0.42105263157894735,0,0,0.16666666666666666,-2.08,0.05555555555555555,0,0,0.0,-3.26,0,0.05555555555555555,0,-2.08,0.0,0",0.000,52.6,2.7800,-35.2000,-14.2800,-14.2800,0.0,,0,none,19,guide
GAAACUGUUAGGUUCAUUG,ACAUUUCUUGGGAACUAGGCAAUGAACCUAACAGUUUCCUUAAGAAGGCUGAUAUUU,0.76,1,"-0.24,-2.35,-12.44,0,1,-172.30999999999997,0.3684210526315789,0,0.2631578947368421,0,0,0.05555555555555555,-0.93,0.05555555555555555,0,0,0.0,-2.11,0,0.0,0,-0.93,0.16666666666666666,0",-0.800,36.8,-0.2400,-28.6600,-10.5300,-10.5300,0.0,,0,none,19,guide
UAAACAUUGAGGCUUCAGC,GAAUGUGGAGUGGAGUGGUGCUGAAGCCUCAAUGUUUAGAGUCCUCAUUGGCACUUA,0.76,1,"2.09,-1.33,-7.69,1,0,-179.20999999999998,0.2631578947368421,0,0.21052631578947367,0,0,0.05555555555555555,-0.93,0.05555555555555555,0,0,0.0,-3.42,0,0.1111111111111111,0,-2.08,0.1111111111111111,0",-0.100,42.1,2.5400,-31.6200,-8.2400,-8.2400,0.0,,0,none,19,guide
UAUACUCGAAGCUUCCUUC,AGCGUGCAAGGUUCAAAGAGAAGGAAGCUUCGAGUAUACCUUCAUUGCACAAACACU,0.94,1,"1.47,-1.33,-7.69,1,0,-179.87999999999997,0.3684210526315789,0,0.10526315789473684,0,0,0.0,-1.1,0.1111111111111111,0,0,0.05555555555555555,-2.35,0,0.05555555555555555,0,-0.93,0.1111111111111111,0",-0.800,42.1,1.4700,-31.4600,-11.4600,-11.4600,0.0,,0,none,19,guide
AAAAUUAGGAAGUCUGUCU,CUGAGGUUUGGUGGCACCAAGACAGACUUCCUAAUUUUCGAUCCCAAGAAGGAAUCA,0.85,1,"0.7,-0.93,-6.82,0,0,-165.99,0.3157894736842105,0,0.21052631578947367,0,0,0.05555555555555555,-0.93,0.05555555555555555,0,0,0.0,-2.08,0,0.0,0,-2.35,0.05555555555555555,0",0.000,31.6,1.1500,-27.6600,-7.3000,-7.3000,0.0,,0,none,19,guide
AAUUAGGAAGUCUGUCUUG,ACCUGAGGUUUGGUGGCACCAAGACAGACUUCCUAAUUUUCGAUCCCAAGAAGGAAU,0.79,1,"1.63,-0.93,-6.82,0,0,-173.32999999999998,0.3684210526315789,0,0.2631578947368421,0,0,0.05555555555555555,-1.1,0.05555555555555555,0,0,0.0,-2.11,0,0.0,0,-2.11,0.1111111111111111,0",-0.700,36.8,1.6300,-29.1900,-11.0500,-11.0500,0.0,,0,none,19,guide
GAAAAUUAGGAAGUCUGUC,UGAGGUUUGGUGGCACCAAGACAGACUUCCUAAUUUUCGAUCCCAAGAAGGAAUCAA,0.42,0,"0.0,-2.35,-12.44,0,1,-175.39000000000001,0.2631578947368421,0,0.2631578947368421,0,0,0.05555555555555555,-0.93,0.05555555555555555,0,0,0.0,-2.35,0,0.0,0,-2.24,0.05555555555555555,0",0.000,36.8,0.0000,-29.1800,-6.1500,-6.1500,0.0,,0,none,19,guide
UUCCAUCGGAAGGACUAGG,CCAGAUUCAGGAUCAGACACCUAGUCCUUCCGAUGGAAGCACUAGACAAAGUUCACC,0.4,0,"2.33,-0.93,-6.82,1,0,-190.62,0.21052631578947367,1,0.3157894736842105,0,0,0.16666666666666666,-2.35,0.05555555555555555,1,0,0.05555555555555555,-3.26,0,0.0,0,-2.35,0.05555555555555555,0",-1.500,52.6,2.7800,-35.7400,-13.5300,-13.5300,0.0,,0,none,19,guide
UAAUGCAACUUCUUGAUUG,GUAGUGCUGACCCUGCACUCAAUCAAGAAGUUGCAUUAAAAUUAGAACCAAAUCCAG,0.9,1,"1.23,-1.33,-7.69,1,0,-167.1,0.42105263157894735,0,0.15789473684210525,0,0,0.0,-0.93,0.05555555555555555,0,0,0.0,-2.11,0,0.05555555555555555,0,-0.93,0.16666666666666666,0",0.000,31.6,1.2300,-27.0000,-10.6000,-10.6000,0.0,,0,none,19,guide
