siRNA,mRNA,label,y,td,MFE_guide,GC_content,delta_deltaG_ends,dG_total,dG_seed_only_canonical,dG_seed,n_mismatch,diff_positions,diff_count,diff_band,diff_offset,mismatch_side
CCUCGCCCUUGCUCACCAU,XXXXXXXXXXXXXXXXXXXAUGGUGAGCAAGGGCGAGGAGCUGUUCACCGGGGUGGU,0.5587304827023166,0,"-2.16,-3.26,-13.39,0,0,-201.87,0.2631578947368421,0,0.10526315789473684,0,0,0.0,-2.08,0.0,0,1,0.2222222222222222,-1.1,1,0.1111111111111111,0,-2.35,0.05555555555555555,0",0.000,63.2,-2.6100,-39.8400,-16.7300,-16.7300,0.0,,0,none,19,guide
UCCUCGCCCUUGCUCACCA,XXXXXXXXXXXXXXXXXXAUGGUGAGCAAGGGCGAGGAGCUGUUCACCGGGGUGGUG,0.7930401061332789,1,"-0.24,-2.35,-12.44,1,0,-201.20999999999998,0.2631578947368421,0,0.10526315789473684,0,0,0.0,-3.26,0.0,0,0,0.2222222222222222,-2.11,0,0.1111111111111111,0,-2.08,0.05555555555555555,1",0.000,63.2,-0.2400,-40.5400,-16.7300,-16.7300,0.0,,0,none,19,guide
CUCCUCGCCCUUGCUCACC,XXXXXXXXXXXXXXXXXAUGGUGAGCAAGGGCGAGGAGCUGUUCACCGGGGUGGUGC,0.6139401979793857,0,"0.73,-2.08,-10.48,0,0,-208.69,0.2631578947368421,0,0.10526315789473684,0,0,0.0,-2.35,0.0,1,1,0.2222222222222222,-3.26,0,0.1111111111111111,0,-3.42,0.05555555555555555,0",0.000,68.4,1.1800,-41.2100,-15.8200,-15.8200,0.0,,0,none,19,guide
GCUCCUCGCCCUUGCUCAC,XXXXXXXXXXXXXXXXAUGGUGAGCAAGGGCGAGGAGCUGUUCACCGGGGUGGUGCC,0.3936115930196959,0,"-0.73,-3.42,-14.88,0,1,-210.17999999999998,0.2631578947368421,0,0.15789473684210525,0,1,0.0,-2.08,0.0,0,0,0.16666666666666666,-2.24,0,0.16666666666666666,0,-2.11,0.05555555555555555,0",-0.100,68.4,-1.1800,-41.5700,-14.4800,-14.4800,0.0,,0,none,19,guide
AGCUCCUCGCCCUUGCUCA,XXXXXXXXXXXXXXXAUGGUGAGCAAGGGCGAGGAGCUGUUCACCGGGGUGGUGCCC,0.6641494030003062,0,"0.03,-2.08,-10.48,0,0,-201.81999999999996,0.2631578947368421,0,0.15789473684210525,0,0,0.0,-3.42,0.0,0,0,0.16666666666666666,-2.11,0,0.16666666666666666,0,-0.93,0.05555555555555555,1",-0.600,63.2,0.0300,-40.5100,-15.5400,-15.5400,0.0,,0,none,19,guide
CAGCUCCUCGCCCUUGCUC,XXXXXXXXXXXXXXAUGGUGAGCAAGGGCGAGGAGCUGUUCACCGGGGUGGUGCCCA,0.4546382283906521,0,"0.24,-2.11,-10.44,0,0,-209.25999999999993,0.2631578947368421,0,0.15789473684210525,0,0,0.0,-2.08,0.0,0,1,0.16666666666666666,-2.35,0,0.16666666666666666,0,-2.08,0.05555555555555555,0",-1.100,68.4,0.2400,-41.2100,-15.2700,-15.2700,0.0,,0,none,19,guide
ACAGCUCCUCGCCCUUGCU,XXXXXXXXXXXXXAUGGUGAGCAAGGGCGAGGAGCUGUUCACCGGGGUGGUGCCCAU,0.5470966425145424,0,"-0.16,-2.24,-11.4,0,0,-200.77999999999997,0.2631578947368421,0,0.15789473684210525,0,0,0.0,-2.11,0.0,0,0,0.16666666666666666,-2.08,0,0.16666666666666666,0,-3.26,0.05555555555555555,0",-0.800,63.2,-0.1600,-40.2500,-15.3000,-15.3000,0.0,,0,none,19,guide
AACAGCUCCUCGCCCUUGC,XXXXXXXXXXXXAUGGUGAGCAAGGGCGAGGAGCUGUUCACCGGGGUGGUGCCCAUC,0.7719155015817941,1,"2.49,-0.93,-6.82,0,0,-200.83999999999995,0.21052631578947367,0,0.15789473684210525,0,0,0.0,-2.24,0.0,0,0,0.16666666666666666,-3.42,0,0.16666666666666666,0,-3.26,0.05555555555555555,0",-0.100,63.2,2.9400,-39.6500,-14.2800,-14.2800,0.0,,0,none,19,guide
GAACAGCUCCUCGCCCUUG,XXXXXXXXXXXAUGGUGAGCAAGGGCGAGGAGCUGUUCACCGGGGUGGUGCCCAUCC,0.4316767017042555,0,"-0.24,-2.35,-12.44,0,1,-202.11999999999998,0.21052631578947367,0,0.21052631578947367,0,0,0.0,-0.93,0.0,0,0,0.16666666666666666,-2.11,0,0.1111111111111111,0,-3.42,0.05555555555555555,0",-0.100,63.2,-0.2400,-39.2800,-12.8600,-12.8600,0.0,,0,none,19,guide
UGAACAGCUCCUCGCCCUU,XXXXXXXXXXAUGGUGAGCAAGGGCGAGGAGCUGUUCACCGGGGUGGUGCCCAUCCU,0.5743443208490663,0,"-0.73,-2.11,-10.44,1,0,-194.67999999999998,0.2631578947368421,0,0.15789473684210525,0,0,0.0,-2.35,0.0,0,0,0.16666666666666666,-0.93,0,0.1111111111111111,0,-2.36,0.05555555555555555,0",-0.100,57.9,-1.1800,-37.8800,-13.1300,-13.1300,0.0,,0,none,19,guide
GUGAACAGCUCCUCGCCCU,XXXXXXXXXAUGGUGAGCAAGGGCGAGGAGCUGUUCACCGGGGUGGUGCCCAUCCUG,0.754872946219002,1,"-1.06,-2.24,-11.4,0,1,-202.97999999999993,0.21052631578947367,0,0.21052631578947367,0,0,0.0,-2.11,0.0,1,0,0.16666666666666666,-2.08,0,0.1111111111111111,0,-2.35,0.0,0",-2.100,63.2,-0.6100,-39.8400,-11.8200,-11.8200,0.0,,0,none,19,guide
GGUGAACAGCUCCUCGCCC,XXXXXXXXAUGGUGAGCAAGGGCGAGGAGCUGUUCACCGGGGUGGUGCCCAUCCUGG,0.5352586998673334,0,"0.0,-3.26,-13.39,0,1,-209.60999999999996,0.15789473684210525,0,0.2631578947368421,1,0,0.05555555555555555,-2.24,0.0,0,0,0.16666666666666666,-3.26,0,0.1111111111111111,0,-2.08,0.0,0",-5.400,68.4,0.0000,-41.7700,-11.9800,-11.9800,0.0,,0,none,19,guide
CGGUGAACAGCUCCUCGCC,XXXXXXXAUGGUGAGCAAGGGCGAGGAGCUGUUCACCGGGGUGGUGCCCAUCCUGGU,0.3223798346770078,0,"0.9,-2.36,-10.64,0,0,-206.86,0.15789473684210525,0,0.2631578947368421,0,0,0.05555555555555555,-3.26,0.0,0,1,0.1111111111111111,-3.26,0,0.1111111111111111,1,-3.26,0.0,0",-4.900,68.4,0.9000,-40.8700,-13.1300,-13.1300,0.0,,0,none,19,guide
CCGGUGAACAGCUCCUCGC,XXXXXXAUGGUGAGCAAGGGCGAGGAGCUGUUCACCGGGGUGGUGCCCAUCCUGGUC,0.6755791407286459,0,"0.16,-3.26,-13.39,0,0,-206.86,0.15789473684210525,0,0.2631578947368421,0,0,0.05555555555555555,-2.36,0.0,0,1,0.1111111111111111,-3.42,1,0.1111111111111111,0,-2.35,0.0,0",-1.300,68.4,0.1600,-40.8700,-13.2500,-13.2500,0.0,,0,none,19,guide
CCCGGUGAACAGCUCCUCG,XXXXXAUGGUGAGCAAGGGCGAGGAGCUGUUCACCGGGGUGGUGCCCAUCCUGGUCG,0.4008572303296255,0,"-0.9,-3.26,-13.39,0,0,-205.37,0.15789473684210525,0,0.2631578947368421,0,0,0.05555555555555555,-3.26,0.0,0,1,0.16666666666666666,-2.36,1,0.05555555555555555,0,-2.08,0.0,0",-0.400,68.4,-0.9000,-40.7100,-15.5800,-15.5800,0.0,,0,none,19,guide
CCCCGGUGAACAGCUCCUC,XXXXAUGGUGAGCAAGGGCGAGGAGCUGUUCACCGGGGUGGUGCCCAUCCUGGUCGA,0.124502500255128,0,"-0.46,-3.26,-13.39,0,0,-208.11999999999998,0.15789473684210525,0,0.21052631578947367,0,0,0.05555555555555555,-3.26,0.0,0,1,0.2222222222222222,-2.35,1,0.05555555555555555,0,-3.42,0.0,0",-0.400,68.4,-0.9100,-41.2100,-16.4900,-16.4900,0.0,,0,none,19,guide
ACCCCGGUGAACAGCUCCU,XXXAUGGUGAGCAAGGGCGAGGAGCUGUUCACCGGGGUGGUGCCCAUCCUGGUCGAG,0.5108684559648944,0,"-0.16,-2.24,-11.4,0,0,-199.63999999999996,0.15789473684210525,0,0.21052631578947367,0,0,0.05555555555555555,-3.26,0.0,0,0,0.2222222222222222,-2.08,0,0.05555555555555555,0,-2.08,0.0,0",-0.400,63.2,-0.1600,-40.4000,-17.6400,-17.6400,0.0,,0,none,19,guide
CACCCCGGUGAACAGCUCC,XXAUGGUGAGCAAGGGCGAGGAGCUGUUCACCGGGGUGGUGCCCAUCCUGGUCGAGC,0.6737422185937341,0,"0.7,-2.11,-10.44,0,0,-207.03999999999996,0.10526315789473684,0,0.21052631578947367,0,0,0.05555555555555555,-2.24,0.0,0,1,0.2222222222222222,-3.26,0,0.05555555555555555,0,-2.11,0.0,0",-0.800,68.4,1.1500,-41.5300,-17.6400,-17.6400,0.0,,0,none,19,guide
CCACCCCGGUGAACAGCUC,XAUGGUGAGCAAGGGCGAGGAGCUGUUCACCGGGGUGGUGCCCAUCCUGGUCGAGCU,0.5212776813960608,0,"-0.46,-3.26,-13.39,0,0,-207.03999999999996,0.10526315789473684,0,0.21052631578947367,0,0,0.05555555555555555,-2.11,0.0,0,1,0.2222222222222222,-2.35,1,0.05555555555555555,0,-2.24,0.0,0",-1.200,68.4,-0.9100,-41.3300,-16.4900,-16.4900,0.0,,0,none,19,guide
ACCACCCCGGUGAACAGCU,AUGGUGAGCAAGGGCGAGGAGCUGUUCACCGGGGUGGUGCCCAUCCUGGUCGAGCUG,0.6184304520869477,0,"-0.16,-2.24,-11.4,0,0,-198.55999999999997,0.10526315789473684,0,0.21052631578947367,0,0,0.05555555555555555,-3.26,0.0,0,0,0.2222222222222222,-2.08,0,0.05555555555555555,0,-0.93,0.0,0",-1.500,63.2,-0.1600,-40.3200,-17.3900,-17.3900,0.0,,0,none,19,guide
CACCACCCCGGUGAACAGC,UGGUGAGCAAGGGCGAGGAGCUGUUCACCGGGGUGGUGCCCAUCCUGGUCGAGCUGG,0.4940300030615369,0,"0.86,-2.11,-10.44,0,0,-205.95999999999998,0.05263157894736842,0,0.21052631578947367,0,0,0.05555555555555555,-2.24,0.0,0,1,0.2222222222222222,-3.42,0,0.05555555555555555,0,-2.35,0.0,0",-4.500,68.4,1.3100,-41.2500,-16.3700,-16.3700,0.0,,0,none,19,guide
GCACCACCCCGGUGAACAG,GGUGAGCAAGGGCGAGGAGCUGUUCACCGGGGUGGUGCCCAUCCUGGUCGAGCUGGA,0.3426880293907541,0,"-0.89,-3.42,-14.88,0,1,-205.96,0.05263157894736842,0,0.2631578947368421,0,1,0.05555555555555555,-2.11,0.0,0,0,0.2222222222222222,-2.08,0,0.05555555555555555,0,-2.11,0.0,0",-4.700,68.4,-1.3400,-41.2500,-15.2200,-15.2200,0.0,,0,none,19,guide
GGCACCACCCCGGUGAACA,GUGAGCAAGGGCGAGGAGCUGUUCACCGGGGUGGUGCCCAUCCUGGUCGAGCUGGAC,0.5610776609858149,0,"-1.6,-3.26,-13.39,0,1,-205.14999999999998,0.05263157894736842,0,0.2631578947368421,1,0,0.1111111111111111,-3.42,0.0,0,0,0.2222222222222222,-2.11,0,0.05555555555555555,0,-2.24,0.0,1",-4.700,68.4,-1.6000,-41.7300,-15.3800,-15.3800,0.0,,0,none,19,guide
GGGCACCACCCCGGUGAAC,UGAGCAAGGGCGAGGAGCUGUUCACCGGGGUGGUGCCCAUCCUGGUCGAGCUGGACG,0.3006429227472191,0,"-0.57,-3.26,-13.39,0,1,-211.82,0.05263157894736842,0,0.3157894736842105,1,0,0.16666666666666666,-3.26,0.0,0,0,0.2222222222222222,-2.24,0,0.05555555555555555,0,-3.26,0.0,0",-5.300,73.7,-1.0200,-43.5800,-16.4000,-16.4000,0.0,,0,none,19,guide
UGGGCACCACCCCGGUGAA,GAGCAAGGGCGAGGAGCUGUUCACCGGGGUGGUGCCCAUCCUGGUCGAGCUGGACGG,0.2596183284008572,0,"-0.73,-2.11,-10.44,1,0,-203.42,0.10526315789473684,0,0.3157894736842105,0,0,0.16666666666666666,-3.26,0.0,0,0,0.2222222222222222,-0.93,0,0.05555555555555555,0,-2.36,0.0,1",-4.700,68.4,-1.1800,-42.4000,-17.5500,-17.5500,0.0,,0,none,19,guide
AUGGGCACCACCCCGGUGA,AGCAAGGGCGAGGAGCUGUUCACCGGGGUGGUGCCCAUCCUGGUCGAGCUGGACGGC,0.4584141238901929,0,"0.8,-1.1,-9.38,0,0,-205.98,0.10526315789473684,0,0.3157894736842105,0,0,0.16666666666666666,-2.11,0.0,1,0,0.2222222222222222,-2.35,0,0.05555555555555555,0,-3.26,0.0,1",-4.700,68.4,1.2500,-42.4200,-16.4000,-16.4000,0.0,,0,none,19,guide
GAUGGGCACCACCCCGGUG,GCAAGGGCGAGGAGCUGUUCACCGGGGUGGUGCCCAUCCUGGUCGAGCUGGACGGCG,0.3110521481783855,0,"-0.24,-2.35,-12.44,0,1,-213.42,0.10526315789473684,0,0.3684210526315789,0,0,0.16666666666666666,-1.1,0.0,0,0,0.2222222222222222,-2.11,0,0.05555555555555555,0,-3.26,0.0,0",-3.600,73.7,-0.2400,-43.4200,-15.2600,-15.2600,0.0,,0,none,19,guide
GGAUGGGCACCACCCCGGU,CAAGGGCGAGGAGCUGUUCACCGGGGUGGUGCCCAUCCUGGUCGAGCUGGACGGCGA,0.289723441167466,0,"-1.47,-3.26,-13.39,0,1,-212.64999999999995,0.10526315789473684,0,0.3684210526315789,1,0,0.2222222222222222,-2.35,0.0,0,0,0.2222222222222222,-2.24,0,0.05555555555555555,0,-3.26,0.0,0",-3.400,73.7,-1.4700,-44.0700,-15.5000,-15.5000,0.0,,0,none,19,guide
AGGAUGGGCACCACCCCGG,AAGGGCGAGGAGCUGUUCACCGGGGUGGUGCCCAUCCUGGUCGAGCUGGACGGCGAC,0.486376160832738,0,"1.63,-2.08,-10.48,0,0,-211.72999999999996,0.05263157894736842,0,0.3684210526315789,0,0,0.2222222222222222,-3.26,0.0,0,0,0.2222222222222222,-3.26,0,0.05555555555555555,0,-2.24,0.0,0",-3.400,73.7,1.6300,-44.2600,-15.3400,-15.3400,0.0,,0,none,19,guide
CAGGAUGGGCACCACCCCG,AGGGCGAGGAGCUGUUCACCGGGGUGGUGCCCAUCCUGGUCGAGCUGGACGGCGACG,0.3310541892029799,0,"-0.2,-2.11,-10.44,0,0,-212.49999999999994,0.05263157894736842,0,0.3157894736842105,0,0,0.16666666666666666,-2.08,0.0,0,1,0.2222222222222222,-2.36,0,0.05555555555555555,0,-2.11,0.0,0",-3.400,73.7,0.2500,-43.4600,-14.1600,-14.1600,0.0,,0,none,19,guide
CCAGGAUGGGCACCACCCC,GGGCGAGGAGCUGUUCACCGGGGUGGUGCCCAUCCUGGUCGAGCUGGACGGCGACGU,0.1737932442085927,0,"0.0,-3.26,-13.39,0,0,-215.25,0.05263157894736842,0,0.2631578947368421,0,0,0.16666666666666666,-2.11,0.0,0,1,0.2777777777777778,-3.26,1,0.05555555555555555,0,-3.26,0.0,0",-3.100,73.7,0.0000,-44.1600,-13.0100,-13.0100,0.0,,0,none,19,guide
ACCAGGAUGGGCACCACCC,GGCGAGGAGCUGUUCACCGGGGUGGUGCCCAUCCUGGUCGAGCUGGACGGCGACGUA,0.6225125012756404,0,"1.47,-2.24,-11.4,0,0,-209.54000000000002,0.05263157894736842,0,0.2631578947368421,0,0,0.16666666666666666,-3.26,0.0,0,0,0.2222222222222222,-3.26,0,0.05555555555555555,0,-2.24,0.0,0",-2.700,68.4,1.4700,-42.8400,-14.1600,-14.1600,0.0,,0,none,19,guide
GACCAGGAUGGGCACCACC,GCGAGGAGCUGUUCACCGGGGUGGUGCCCAUCCUGGUCGAGCUGGACGGCGACGUAA,0.4343300336769058,0,"0.46,-2.35,-12.44,0,1,-212.31,0.05263157894736842,0,0.3157894736842105,0,0,0.16666666666666666,-2.24,0.0,0,0,0.16666666666666666,-3.26,0,0.05555555555555555,0,-2.11,0.0,0",-1.900,68.4,0.9100,-42.6300,-15.3000,-15.3000,0.0,,0,none,19,guide
CGACCAGGAUGGGCACCAC,CGAGGAGCUGUUCACCGGGGUGGUGCCCAUCCUGGUCGAGCUGGACGGCGACGUAAA,0.2782937034391264,0,"0.33,-2.36,-10.64,0,0,-209.55999999999997,0.05263157894736842,0,0.3157894736842105,0,0,0.16666666666666666,-2.35,0.0,0,1,0.1111111111111111,-2.24,0,0.05555555555555555,1,-3.42,0.0,0",-1.100,68.4,-0.1200,-41.7300,-15.3000,-15.3000,0.0,,0,none,19,guide
UCGACCAGGAUGGGCACCA,GAGGAGCUGUUCACCGGGGUGGUGCCCAUCCUGGUCGAGCUGGACGGCGACGUAAAC,0.5353607510970507,0,"-0.24,-2.35,-12.44,1,0,-203.15999999999997,0.10526315789473684,0,0.3157894736842105,0,0,0.16666666666666666,-2.36,0.0,0,0,0.1111111111111111,-2.11,0,0.05555555555555555,0,-3.26,0.0,1",-1.100,63.2,-0.2400,-40.7400,-14.4000,-14.4000,0.0,,0,none,19,guide
CUCGACCAGGAUGGGCACC,AGGAGCUGUUCACCGGGGUGGUGCCCAUCCUGGUCGAGCUGGACGGCGACGUAAACG,0.3097254821920605,0,"0.73,-2.08,-10.48,0,0,-210.64,0.10526315789473684,0,0.3157894736842105,0,0,0.16666666666666666,-2.35,0.0,1,1,0.1111111111111111,-3.26,0,0.05555555555555555,0,-3.26,0.0,0",-1.100,68.4,1.1800,-41.4100,-14.6700,-14.6700,0.0,,0,none,19,guide
GCUCGACCAGGAUGGGCAC,GGAGCUGUUCACCGGGGUGGUGCCCAUCCUGGUCGAGCUGGACGGCGACGUAAACGG,0.1800183692213491,0,"-0.73,-3.42,-14.88,0,1,-212.12999999999997,0.10526315789473684,0,0.3684210526315789,0,1,0.16666666666666666,-2.08,0.0,0,0,0.05555555555555555,-2.24,0,0.1111111111111111,0,-2.11,0.0,0",-3.900,68.4,-1.1800,-41.7700,-14.6400,-14.6400,0.0,,0,none,19,guide
AGCUCGACCAGGAUGGGCA,GAGCUGUUCACCGGGGUGGUGCCCAUCCUGGUCGAGCUGGACGGCGACGUAAACGGC,0.5531176650678641,0,"0.03,-2.08,-10.48,0,0,-203.76999999999998,0.10526315789473684,0,0.3684210526315789,0,0,0.16666666666666666,-3.42,0.0,0,0,0.05555555555555555,-2.11,0,0.1111111111111111,0,-1.1,0.0,1",-3.700,63.2,0.0300,-40.7100,-14.8000,-14.8000,0.0,,0,none,19,guide
CAGCUCGACCAGGAUGGGC,AGCUGUUCACCGGGGUGGUGCCCAUCCUGGUCGAGCUGGACGGCGACGUAAACGGCC,0.4057556893560567,0,"0.86,-2.11,-10.44,0,0,-211.20999999999998,0.10526315789473684,0,0.3684210526315789,0,0,0.16666666666666666,-2.08,0.0,0,1,0.05555555555555555,-3.42,0,0.1111111111111111,0,-2.35,0.0,0",-2.400,68.4,1.3100,-41.6100,-14.6400,-14.6400,0.0,,0,none,19,guide
CCAGCUCGACCAGGAUGGG,GCUGUUCACCGGGGUGGUGCCCAUCCUGGUCGAGCUGGACGGCGACGUAAACGGCCA,0.3466680273497295,0,"0.0,-3.26,-13.39,0,0,-209.71999999999997,0.10526315789473684,0,0.3684210526315789,0,0,0.16666666666666666,-2.11,0.0,0,1,0.1111111111111111,-3.26,1,0.05555555555555555,0,-3.26,0.0,0",-2.400,68.4,0.0000,-41.6500,-14.4000,-14.4000,0.0,,0,none,19,guide
UCCAGCUCGACCAGGAUGG,CUGUUCACCGGGGUGGUGCCCAUCCUGGUCGAGCUGGACGGCGACGUAAACGGCCAC,0.654148382488009,0,"1.36,-2.35,-12.44,1,0,-205.04999999999995,0.15789473684210525,0,0.3157894736842105,0,0,0.1111111111111111,-3.26,0.0,0,0,0.1111111111111111,-3.26,0,0.05555555555555555,0,-2.08,0.0,0",-1.200,63.2,1.3600,-39.8400,-15.3000,-15.3000,0.0,,0,none,19,guide
GUCCAGCUCGACCAGGAUG,UGUUCACCGGGGUGGUGCCCAUCCUGGUCGAGCUGGACGGCGACGUAAACGGCCACA,0.6049596897642617,0,"-0.13,-2.24,-11.4,0,1,-206.77999999999997,0.15789473684210525,0,0.3157894736842105,0,0,0.05555555555555555,-2.35,0.0,1,0,0.1111111111111111,-2.11,0,0.05555555555555555,0,-2.11,0.0,0",-2.300,63.2,-0.1300,-39.5200,-15.3000,-15.3000,0.0,,0,none,19,guide
CGUCCAGCUCGACCAGGAU,GUUCACCGGGGUGGUGCCCAUCCUGGUCGAGCUGGACGGCGACGUAAACGGCCACAA,0.3201347076232269,0,"-1.26,-2.36,-10.64,0,0,-203.26,0.15789473684210525,0,0.2631578947368421,0,0,0.05555555555555555,-2.24,0.0,0,1,0.1111111111111111,-1.1,0,0.05555555555555555,1,-3.26,0.0,0",-1.900,63.2,-1.7100,-39.2700,-15.4600,-15.4600,0.0,,0,none,19,guide
CCGUCCAGCUCGACCAGGA,UUCACCGGGGUGGUGCCCAUCCUGGUCGAGCUGGACGGCGACGUAAACGGCCACAAG,0.4978058985610777,0,"-1.36,-3.26,-13.39,0,0,-207.27000000000004,0.10526315789473684,0,0.2631578947368421,0,0,0.05555555555555555,-2.36,0.0,0,1,0.16666666666666666,-2.35,1,0.05555555555555555,0,-2.24,0.0,1",-1.900,68.4,-1.3600,-41.3800,-14.4000,-14.4000,0.0,,0,none,19,guide
GCCGUCCAGCUCGACCAGG,UCACCGGGGUGGUGCCCAUCCUGGUCGAGCUGGACGGCGACGUAAACGGCCACAAGU,0.3463618736605776,0,"-0.16,-3.42,-14.88,0,1,-213.43,0.10526315789473684,0,0.3157894736842105,0,1,0.05555555555555555,-3.26,0.0,0,0,0.16666666666666666,-3.26,0,0.1111111111111111,0,-2.35,0.0,0",-1.400,73.7,-0.1600,-43.0000,-15.5800,-15.5800,0.0,,0,none,19,guide
CGCCGUCCAGCUCGACCAG,CACCGGGGUGGUGCCCAUCCUGGUCGAGCUGGACGGCGACGUAAACGGCCACAAGUU,0.3119706092458414,0,"0.17,-2.36,-10.64,0,0,-210.67999999999998,0.10526315789473684,0,0.2631578947368421,0,0,0.0,-3.42,0.0,0,1,0.16666666666666666,-2.08,0,0.1111111111111111,1,-2.36,0.0,0",-1.400,73.7,-0.2800,-42.1000,-16.8900,-16.8900,0.0,,0,none,19,guide
UCGCCGUCCAGCUCGACCA,ACCGGGGUGGUGCCCAUCCUGGUCGAGCUGGACGGCGACGUAAACGGCCACAAGUUC,0.7840595979181549,1,"-0.24,-2.35,-12.44,1,0,-205.2,0.15789473684210525,0,0.21052631578947367,0,0,0.0,-2.36,0.0,0,0,0.16666666666666666,-2.11,0,0.1111111111111111,0,-2.35,0.0,1",-1.400,68.4,-0.2400,-41.1700,-15.9900,-15.9900,0.0,,0,none,19,guide
GUCGCCGUCCAGCUCGACC,CCGGGGUGGUGCCCAUCCUGGUCGAGCUGGACGGCGACGUAAACGGCCACAAGUUCA,0.7300744973976938,1,"0.57,-2.24,-11.4,0,1,-213.60000000000002,0.15789473684210525,0,0.2631578947368421,0,0,0.0,-2.35,0.0,1,0,0.16666666666666666,-3.26,0,0.1111111111111111,0,-2.08,0.0,0",-2.200,73.7,1.0200,-42.5000,-15.9900,-15.9900,0.0,,0,none,19,guide
CGUCGCCGUCCAGCUCGAC,CGGGGUGGUGCCCAUCCUGGUCGAGCUGGACGGCGACGUAAACGGCCACAAGUUCAG,0.2548219206041432,0,"0.33,-2.36,-10.64,0,0,-210.85,0.15789473684210525,0,0.2631578947368421,0,0,0.0,-2.24,0.0,0,1,0.1111111111111111,-2.24,0,0.1111111111111111,1,-3.42,0.0,0",-1.700,73.7,-0.1200,-41.6000,-15.9900,-15.9900,0.0,,0,none,19,guide
ACGUCGCCGUCCAGCUCGA,GGGGUGGUGCCCAUCCUGGUCGAGCUGGACGGCGACGUAAACGGCCACAAGUUCAGC,0.2950301051127666,0,"0.11,-2.24,-11.4,0,0,-203.40999999999997,0.15789473684210525,0,0.2631578947368421,0,0,0.0,-2.36,0.0,0,0,0.1111111111111111,-2.35,0,0.1111111111111111,0,-2.08,0.0,1",-0.800,68.4,0.1100,-40.7000,-15.9900,-15.9900,0.0,,0,none,19,guide
UACGUCGCCGUCCAGCUCG,GGGUGGUGCCCAUCCUGGUCGAGCUGGACGGCGACGUAAACGGCCACAAGUUCAGCG,0.5324012654352486,0,"1.03,-1.33,-7.69,1,0,-202.38,0.21052631578947367,0,0.2631578947368421,0,0,0.0,-2.24,0.05555555555555555,0,0,0.1111111111111111,-2.36,0,0.1111111111111111,0,-2.11,0.0,0",-0.400,68.4,1.4800,-40.0300,-14.9700,-14.9700,0.0,,0,none,19,guide
UUACGUCGCCGUCCAGCUC,GGUGGUGCCCAUCCUGGUCGAGCUGGACGGCGACGUAAACGGCCACAAGUUCAGCGU,0.6049596897642617,0,"1.87,-0.93,-6.82,1,0,-198.55999999999997,0.2631578947368421,1,0.21052631578947367,0,0,0.0,-1.33,0.05555555555555555,1,0,0.1111111111111111,-2.35,0,0.1111111111111111,0,-3.26,0.05555555555555555,0",-0.400,63.2,1.8700,-38.6000,-12.8800,-12.8800,0.0,,0,none,19,guide
UUUACGUCGCCGUCCAGCU,GUGGUGCCCAUCCUGGUCGAGCUGGACGGCGACGUAAACGGCCACAAGUUCAGCGUG,0.4564751505255638,0,"0.7,-0.93,-6.82,1,0,-189.21999999999997,0.3157894736842105,1,0.21052631578947367,0,0,0.0,-0.93,0.05555555555555555,1,0,0.1111111111111111,-2.08,0,0.1111111111111111,0,-2.35,0.1111111111111111,0",-0.400,57.9,1.1500,-36.6800,-11.4500,-11.4500,0.0,,0,none,19,guide
GUUUACGUCGCCGUCCAGC,UGGUGCCCAUCCUGGUCGAGCUGGACGGCGACGUAAACGGCCACAAGUUCAGCGUGU,0.582916624145321,0,"0.73,-2.24,-11.4,0,1,-197.57999999999996,0.2631578947368421,0,0.2631578947368421,0,0,0.0,-0.93,0.05555555555555555,1,0,0.1111111111111111,-3.42,0,0.1111111111111111,0,-2.24,0.1111111111111111,0",0.000,63.2,1.1800,-38.0900,-10.0300,-10.0300,0.0,,0,none,19,guide
CGUUUACGUCGCCGUCCAG,GGUGCCCAUCCUGGUCGAGCUGGACGGCGACGUAAACGGCCACAAGUUCAGCGUGUC,0.3793244208592713,0,"0.17,-2.36,-10.64,0,0,-193.34,0.2631578947368421,0,0.2631578947368421,0,0,0.0,-2.24,0.05555555555555555,0,1,0.1111111111111111,-2.08,0,0.05555555555555555,1,-2.36,0.1111111111111111,0",0.000,63.2,-0.2800,-37.0300,-10.0300,-10.0300,0.0,,0,none,19,guide
CCGUUUACGUCGCCGUCCA,GUGCCCAUCCUGGUCGAGCUGGACGGCGACGUAAACGGCCACAAGUUCAGCGUGUCC,0.330441881824676,0,"-1.6,-3.26,-13.39,0,0,-192.53000000000003,0.2631578947368421,0,0.21052631578947367,0,0,0.0,-2.36,0.05555555555555555,0,1,0.16666666666666666,-2.11,1,0.05555555555555555,0,-3.26,0.1111111111111111,1",0.000,63.2,-1.6000,-37.3100,-10.0300,-10.0300,0.0,,0,none,19,guide
GCCGUUUACGUCGCCGUCC,UGCCCAUCCUGGUCGAGCUGGACGGCGACGUAAACGGCCACAAGUUCAGCGUGUCCG,0.3578936626186346,0,"-0.16,-3.42,-14.88,0,1,-200.69,0.2631578947368421,0,0.2631578947368421,0,1,0.0,-3.26,0.05555555555555555,0,0,0.16666666666666666,-3.26,0,0.1111111111111111,0,-3.42,0.1111111111111111,0",0.000,68.4,-0.1600,-39.1200,-11.0500,-11.0500,0.0,,0,none,19,guide
GGCCGUUUACGUCGCCGUC,GCCCAUCCUGGUCGAGCUGGACGGCGACGUAAACGGCCACAAGUUCAGCGUGUCCGG,0.4564751505255638,0,"-0.46,-3.26,-13.39,0,1,-200.68999999999997,0.2631578947368421,0,0.3157894736842105,1,0,0.05555555555555555,-3.42,0.05555555555555555,0,0,0.1111111111111111,-2.35,0,0.1111111111111111,0,-2.36,0.1111111111111111,0",-3.500,68.4,-0.9100,-39.5200,-13.1400,-13.1400,0.0,,0,none,19,guide
UGGCCGUUUACGUCGCCGU,CCCAUCCUGGUCGAGCUGGACGGCGACGUAAACGGCCACAAGUUCAGCGUGUCCGGC,0.6999693846310849,0,"0.13,-2.11,-10.44,1,0,-191.24999999999997,0.3157894736842105,0,0.3157894736842105,0,0,0.05555555555555555,-3.26,0.05555555555555555,0,0,0.1111111111111111,-2.24,0,0.1111111111111111,0,-2.35,0.1111111111111111,0",-3.300,63.2,0.1300,-38.0300,-15.4700,-15.4700,0.0,,0,none,19,guide
GUGGCCGUUUACGUCGCCG,CCAUCCUGGUCGAGCUGGACGGCGACGUAAACGGCCACAAGUUCAGCGUGUCCGGCG,0.7239514236146546,1,"-0.33,-2.24,-11.4,0,1,-198.68999999999994,0.2631578947368421,0,0.3684210526315789,0,0,0.05555555555555555,-2.11,0.05555555555555555,1,0,0.1111111111111111,-2.36,0,0.1111111111111111,0,-2.24,0.1111111111111111,0",-3.800,68.4,0.1200,-39.2800,-16.6500,-16.6500,0.0,,0,none,19,guide
UGUGGCCGUUUACGUCGCC,CAUCCUGGUCGAGCUGGACGGCGACGUAAACGGCCACAAGUUCAGCGUGUCCGGCGA,0.4493315644453516,0,"1.6,-2.11,-10.44,1,0,-194.77000000000004,0.3157894736842105,0,0.3157894736842105,0,0,0.05555555555555555,-2.24,0.05555555555555555,0,0,0.1111111111111111,-3.26,0,0.1111111111111111,0,-2.36,0.1111111111111111,0",-3.800,63.2,1.6000,-38.2800,-16.6500,-16.6500,0.0,,0,none,19,guide
UUGUGGCCGUUUACGUCGC,AUCCUGGUCGAGCUGGACGGCGACGUAAACGGCCACAAGUUCAGCGUGUCCGGCGAG,0.5098479436677212,0,"2.49,-0.93,-6.82,1,0,-188.20000000000005,0.3684210526315789,1,0.3157894736842105,0,0,0.05555555555555555,-2.11,0.05555555555555555,1,0,0.05555555555555555,-3.42,0,0.1111111111111111,0,-2.24,0.16666666666666666,0",-3.000,57.9,2.9400,-36.1500,-16.4000,-16.4000,0.0,,0,none,19,guide
CUUGUGGCCGUUUACGUCG,UCCUGGUCGAGCUGGACGGCGACGUAAACGGCCACAAGUUCAGCGUGUCCGGCGAGG,0.5905704663741198,0,"-0.17,-2.08,-10.48,0,0,-187.52000000000004,0.3684210526315789,0,0.3157894736842105,0,0,0.05555555555555555,-0.93,0.05555555555555555,1,1,0.05555555555555555,-2.36,0,0.05555555555555555,0,-1.33,0.16666666666666666,0",-0.600,57.9,0.2800,-35.1600,-14.0700,-14.0700,0.0,,0,none,19,guide
ACUUGUGGCCGUUUACGUC,CCUGGUCGAGCUGGACGGCGACGUAAACGGCCACAAGUUCAGCGUGUCCGGCGAGGG,0.5474027962036943,0,"1.01,-2.24,-11.4,0,0,-184.55999999999997,0.3684210526315789,0,0.2631578947368421,0,0,0.05555555555555555,-2.08,0.05555555555555555,0,0,0.05555555555555555,-2.35,0,0.05555555555555555,0,-0.93,0.16666666666666666,0",0.000,52.6,0.5600,-34.3400,-12.7300,-12.7300,0.0,,0,none,19,guide
AACUUGUGGCCGUUUACGU,CUGGUCGAGCUGGACGGCGACGUAAACGGCCACAAGUUCAGCGUGUCCGGCGAGGGC,0.5494438207980407,0,"0.86,-0.93,-6.82,0,0,-175.22,0.3684210526315789,0,0.2631578947368421,0,0,0.05555555555555555,-2.24,0.05555555555555555,0,0,0.05555555555555555,-2.24,0,0.05555555555555555,0,-0.93,0.16666666666666666,0",0.000,47.4,1.3100,-32.5700,-11.7100,-11.7100,0.0,,0,none,19,guide
GAACUUGUGGCCGUUUACG,UGGUCGAGCUGGACGGCGACGUAAACGGCCACAAGUUCAGCGUGUCCGGCGAGGGCG,0.6984386161853251,0,"-0.44,-2.35,-12.44,0,1,-183.7,0.3157894736842105,0,0.3157894736842105,0,0,0.05555555555555555,-0.93,0.05555555555555555,0,0,0.05555555555555555,-2.36,0,0.05555555555555555,0,-2.24,0.16666666666666666,0",-0.500,52.6,0.0100,-33.9300,-10.5300,-10.5300,0.0,,0,none,19,guide
UGAACUUGUGGCCGUUUAC,GGUCGAGCUGGACGGCGACGUAAACGGCCACAAGUUCAGCGUGUCCGGCGAGGGCGA,0.8462087968160017,1,"1.03,-2.11,-10.44,1,0,-179.77999999999997,0.3684210526315789,0,0.2631578947368421,0,0,0.05555555555555555,-2.35,0.05555555555555555,0,0,0.05555555555555555,-2.24,0,0.05555555555555555,0,-2.36,0.16666666666666666,0",-1.300,47.4,0.5800,-32.9300,-10.6400,-10.6400,0.0,,0,none,19,guide
CUGAACUUGUGGCCGUUUA,GUCGAGCUGGACGGCGACGUAAACGGCCACAAGUUCAGCGUGUCCGGCGAGGGCGAG,0.5635268904990306,0,"-1.2,-2.08,-10.48,0,0,-178.85999999999999,0.3684210526315789,0,0.2631578947368421,0,0,0.05555555555555555,-2.11,0.05555555555555555,1,1,0.05555555555555555,-1.33,0,0.05555555555555555,0,-3.26,0.16666666666666666,1",-0.900,47.4,-1.2000,-32.7700,-10.6400,-10.6400,0.0,,0,none,19,guide
GCUGAACUUGUGGCCGUUU,UCGAGCUGGACGGCGACGUAAACGGCCACAAGUUCAGCGUGUCCGGCGAGGGCGAGG,0.4266761914481071,0,"-2.49,-3.42,-14.88,0,1,-186.04999999999998,0.3684210526315789,0,0.3157894736842105,0,1,0.05555555555555555,-2.08,0.0,0,0,0.05555555555555555,-0.93,0,0.1111111111111111,0,-3.42,0.16666666666666666,0",-1.100,52.6,-2.9400,-34.9100,-11.7900,-11.7900,0.0,,0,none,19,guide
CGCUGAACUUGUGGCCGUU,CGAGCUGGACGGCGACGUAAACGGCCACAAGUUCAGCGUGUCCGGCGAGGGCGAGGG,0.4357587508929483,0,"-1.43,-2.36,-10.64,0,0,-189.86999999999998,0.3157894736842105,0,0.3157894736842105,0,0,0.05555555555555555,-3.42,0.0,0,1,0.05555555555555555,-0.93,0,0.1111111111111111,1,-3.26,0.1111111111111111,0",-1.400,57.9,-1.8800,-36.2900,-13.1300,-13.1300,0.0,,0,none,19,guide
ACGCUGAACUUGUGGCCGU,GAGCUGGACGGCGACGUAAACGGCCACAAGUUCAGCGUGUCCGGCGAGGGCGAGGGC,0.6946627206857843,0,"0.0,-2.24,-11.4,0,0,-190.73,0.2631578947368421,0,0.3157894736842105,0,0,0.05555555555555555,-2.36,0.0,0,0,0.05555555555555555,-2.24,0,0.1111111111111111,0,-2.11,0.05555555555555555,0",-1.600,57.9,0.0000,-37.2500,-13.2500,-13.2500,0.0,,0,none,19,guide
CACGCUGAACUUGUGGCCG,AGCUGGACGGCGACGUAAACGGCCACAAGUUCAGCGUGUCCGGCGAGGGCGAGGGCG,0.6507806919073376,0,"-0.2,-2.11,-10.44,0,0,-197.20999999999998,0.21052631578947367,0,0.3157894736842105,0,0,0.05555555555555555,-2.24,0.0,0,1,0.05555555555555555,-2.36,0,0.1111111111111111,0,-2.24,0.05555555555555555,0",-1.600,63.2,0.2500,-38.0200,-14.5600,-14.5600,0.0,,0,none,19,guide
ACACGCUGAACUUGUGGCC,GCUGGACGGCGACGUAAACGGCCACAAGUUCAGCGUGUCCGGCGAGGGCGAGGGCGA,0.6042453311562405,0,"1.47,-2.24,-11.4,0,0,-194.25,0.21052631578947367,0,0.2631578947368421,0,0,0.05555555555555555,-2.11,0.0,0,0,0.05555555555555555,-3.26,0,0.1111111111111111,0,-2.11,0.05555555555555555,0",-1.600,57.9,1.4700,-37.2000,-14.3200,-14.3200,0.0,,0,none,19,guide
GACACGCUGAACUUGUGGC,CUGGACGGCGACGUAAACGGCCACAAGUUCAGCGUGUCCGGCGAGGGCGAGGGCGAU,0.7624247372180835,1,"0.62,-2.35,-12.44,0,1,-197.01999999999998,0.21052631578947367,0,0.3157894736842105,0,0,0.05555555555555555,-2.24,0.0,0,0,0.0,-3.42,0,0.1111111111111111,0,-0.93,0.05555555555555555,0",-1.600,57.9,1.0700,-36.9900,-14.4500,-14.4500,0.0,,0,none,19,guide
GGACACGCUGAACUUGUGG,UGGACGGCGACGUAAACGGCCACAAGUUCAGCGUGUCCGGCGAGGGCGAGGGCGAUG,0.8591693029901011,1,"0.0,-3.26,-13.39,0,1,-195.52999999999997,0.21052631578947367,0,0.3684210526315789,1,0,0.1111111111111111,-2.35,0.0,0,0,0.0,-3.26,0,0.05555555555555555,0,-2.08,0.05555555555555555,0",-1.600,57.9,0.0000,-37.0300,-14.7200,-14.7200,0.0,,0,none,19,guide
CGGACACGCUGAACUUGUG,GGACGGCGACGUAAACGGCCACAAGUUCAGCGUGUCCGGCGAGGGCGAGGGCGAUGC,0.5750586794570876,0,"0.2,-2.36,-10.64,0,0,-192.77999999999997,0.21052631578947367,0,0.3157894736842105,0,0,0.05555555555555555,-3.26,0.0,0,1,0.0,-2.11,0,0.05555555555555555,1,-2.24,0.05555555555555555,0",-0.500,57.9,-0.2500,-35.9300,-14.5600,-14.5600,0.0,,0,none,19,guide
CCGGACACGCUGAACUUGU,GACGGCGACGUAAACGGCCACAAGUUCAGCGUGUCCGGCGAGGGCGAGGGCGAUGCC,0.5430145933258497,0,"-1.47,-3.26,-13.39,0,0,-192.01,0.21052631578947367,0,0.2631578947368421,0,0,0.05555555555555555,-2.36,0.0,0,1,0.05555555555555555,-2.24,1,0.05555555555555555,0,-0.93,0.05555555555555555,0",-0.600,57.9,-1.4700,-36.3800,-14.5600,-14.5600,0.0,,0,none,19,guide
GCCGGACACGCUGAACUUG,ACGGCGACGUAAACGGCCACAAGUUCAGCGUGUCCGGCGAGGGCGAGGGCGAUGCCA,0.5872027757934484,0,"-0.86,-3.42,-14.88,0,1,-199.20999999999998,0.15789473684210525,0,0.3157894736842105,0,1,0.05555555555555555,-3.26,0.0,0,0,0.05555555555555555,-2.11,0,0.1111111111111111,0,-2.35,0.05555555555555555,0",-0.600,63.2,-1.3100,-38.4600,-15.5800,-15.5800,0.0,,0,none,19,guide
CGCCGGACACGCUGAACUU,CGGCGACGUAAACGGCCACAAGUUCAGCGUGUCCGGCGAGGGCGAGGGCGAUGCCAC,0.4125931217471171,0,"-1.43,-2.36,-10.64,0,0,-195.68999999999997,0.15789473684210525,0,0.2631578947368421,0,0,0.05555555555555555,-3.42,0.0,0,1,0.05555555555555555,-0.93,0,0.1111111111111111,1,-2.11,0.05555555555555555,0",-0.600,63.2,-1.8800,-38.0100,-16.8900,-16.8900,0.0,,0,none,19,guide
UCGCCGGACACGCUGAACU,GGCGACGUAAACGGCCACAAGUUCAGCGUGUCCGGCGAGGGCGAGGGCGAUGCCACC,0.7484437187468108,1,"-0.27,-2.35,-12.44,1,0,-197.58999999999997,0.15789473684210525,0,0.2631578947368421,0,0,0.05555555555555555,-2.36,0.0,0,0,0.05555555555555555,-2.08,0,0.1111111111111111,0,-2.08,0.0,0",-2.200,63.2,-0.2700,-39.0300,-17.0100,-17.0100,0.0,,0,none,19,guide
CUCGCCGGACACGCUGAAC,GCGACGUAAACGGCCACAAGUUCAGCGUGUCCGGCGAGGGCGAGGGCGAUGCCACCU,0.5054597407898765,0,"0.16,-2.08,-10.48,0,0,-205.03,0.10526315789473684,0,0.2631578947368421,0,0,0.05555555555555555,-2.35,0.0,1,1,0.05555555555555555,-2.24,0,0.1111111111111111,0,-3.42,0.0,0",-2.400,68.4,0.1600,-40.1300,-17.0100,-17.0100,0.0,,0,none,19,guide
CCUCGCCGGACACGCUGAA,CGACGUAAACGGCCACAAGUUCAGCGUGUCCGGCGAGGGCGAGGGCGAUGCCACCUA,0.4033064598428412,0,"-2.33,-3.26,-13.39,0,0,-203.29999999999998,0.10526315789473684,0,0.2631578947368421,0,0,0.05555555555555555,-2.08,0.0,0,1,0.1111111111111111,-0.93,1,0.1111111111111111,0,-2.36,0.0,1",-2.400,68.4,-2.7800,-40.6000,-15.8300,-15.8300,0.0,,0,none,19,guide
CCCUCGCCGGACACGCUGA,GACGUAAACGGCCACAAGUUCAGCGUGUCCGGCGAGGGCGAGGGCGAUGCCACCUAC,0.348709051944076,0,"-1.36,-3.26,-13.39,0,0,-209.86999999999998,0.10526315789473684,0,0.2631578947368421,0,0,0.05555555555555555,-3.26,0.0,0,1,0.16666666666666666,-2.35,1,0.1111111111111111,0,-2.24,0.0,1",-1.500,73.7,-1.3600,-42.5800,-16.7300,-16.7300,0.0,,0,none,19,guide
GCCCUCGCCGGACACGCUG,ACGUAAACGGCCACAAGUUCAGCGUGUCCGGCGAGGGCGAGGGCGAUGCCACCUACG,0.5032146137360956,0,"-0.86,-3.42,-14.88,0,1,-216.03,0.10526315789473684,0,0.3157894736842105,0,1,0.05555555555555555,-3.26,0.0,0,0,0.16666666666666666,-2.11,0,0.16666666666666666,0,-2.11,0.0,0",-0.500,78.9,-1.3100,-44.3500,-16.7300,-16.7300,0.0,,0,none,19,guide
CGCCCUCGCCGGACACGCU,CGUAAACGGCCACAAGUUCAGCGUGUCCGGCGAGGGCGAGGGCGAUGCCACCUACGG,0.5020920502092051,0,"-0.73,-2.36,-10.64,0,0,-212.50999999999996,0.10526315789473684,0,0.2631578947368421,0,0,0.05555555555555555,-3.42,0.0,0,1,0.16666666666666666,-2.08,0,0.16666666666666666,1,-2.24,0.0,0",-0.700,78.9,-0.7300,-44.1000,-16.7300,-16.7300,0.0,,0,none,19,guide
UCGCCCUCGCCGGACACGC,GUAAACGGCCACAAGUUCAGCGUGUCCGGCGAGGGCGAGGGCGAUGCCACCUACGGC,0.3970813348300847,0,"1.52,-2.35,-12.44,1,0,-214.46999999999997,0.10526315789473684,0,0.2631578947368421,0,0,0.05555555555555555,-2.36,0.0,0,0,0.16666666666666666,-3.42,0,0.16666666666666666,0,-2.35,0.0,0",-0.500,78.9,1.5200,-44.5200,-16.7300,-16.7300,0.0,,0,none,19,guide
CUCGCCCUCGCCGGACACG,UAAACGGCCACAAGUUCAGCGUGUCCGGCGAGGGCGAGGGCGAUGCCACCUACGGCA,0.3996326155730176,0,"-0.17,-2.08,-10.48,0,0,-213.78999999999996,0.10526315789473684,0,0.2631578947368421,0,0,0.05555555555555555,-2.35,0.0,1,1,0.16666666666666666,-2.36,0,0.1111111111111111,0,-3.26,0.0,0",-0.500,78.9,0.2800,-43.7300,-16.7300,-16.7300,0.0,,0,none,19,guide
CCUCGCCCUCGCCGGACAC,AAACGGCCACAAGUUCAGCGUGUCCGGCGAGGGCGAGGGCGAUGCCACCUACGGCAA,0.4082049188692724,0,"-0.57,-3.26,-13.39,0,0,-216.54000000000002,0.10526315789473684,0,0.21052631578947367,0,0,0.05555555555555555,-2.08,0.0,0,1,0.2222222222222222,-2.24,1,0.1111111111111111,0,-2.36,0.0,0",-1.000,78.9,-1.0200,-44.4300,-16.7300,-16.7300,0.0,,0,none,19,guide
CCCUCGCCCUCGCCGGACA,AACGGCCACAAGUUCAGCGUGUCCGGCGAGGGCGAGGGCGAUGCCACCUACGGCAAG,0.5237269109092765,0,"-1.6,-3.26,-13.39,0,0,-214.80999999999997,0.10526315789473684,0,0.21052631578947367,0,0,0.05555555555555555,-3.26,0.0,0,1,0.2777777777777778,-2.11,1,0.1111111111111111,0,-3.26,0.0,1",-1.400,78.9,-1.6000,-44.9000,-16.7300,-16.7300,0.0,,0,none,19,guide
GCCCUCGCCCUCGCCGGAC,ACGGCCACAAGUUCAGCGUGUCCGGCGAGGGCGAGGGCGAUGCCACCUACGGCAAGC,0.5388304929074396,0,"-0.73,-3.42,-14.88,0,1,-222.96999999999994,0.10526315789473684,0,0.2631578947368421,0,1,0.05555555555555555,-3.26,0.0,0,0,0.2777777777777778,-2.24,0,0.16666666666666666,0,-3.42,0.0,0",-1.400,84.2,-1.1800,-46.7600,-16.7300,-16.7300,0.0,,0,none,19,guide
CGCCCUCGCCCUCGCCGGA,CGGCCACAAGUUCAGCGUGUCCGGCGAGGGCGAGGGCGAUGCCACCUACGGCAAGCU,0.4535156648637616,0,"-0.46,-2.36,-10.64,0,0,-218.48999999999995,0.10526315789473684,0,0.2631578947368421,0,0,0.05555555555555555,-3.42,0.0,0,1,0.2777777777777778,-2.35,0,0.16666666666666666,1,-2.36,0.0,1",-1.400,84.2,-0.4600,-46.5300,-16.7300,-16.7300,0.0,,0,none,19,guide
UCGCCCUCGCCCUCGCCGG,GGCCACAAGUUCAGCGUGUCCGGCGAGGGCGAGGGCGAUGCCACCUACGGCAAGCUG,0.3548321257271151,0,"1.36,-2.35,-12.44,1,0,-218.48999999999995,0.15789473684210525,0,0.2631578947368421,0,0,0.05555555555555555,-2.36,0.0,0,0,0.2777777777777778,-3.26,0,0.16666666666666666,0,-2.35,0.0,0",-0.200,84.2,1.3600,-46.1800,-16.7300,-16.7300,0.0,,0,none,19,guide
AUCGCCCUCGCCCUCGCCG,GCCACAAGUUCAGCGUGUCCGGCGAGGGCGAGGGCGAUGCCACCUACGGCAAGCUGA,0.3088070211246045,0,"1.26,-1.1,-9.38,0,0,-214.47999999999996,0.15789473684210525,0,0.21052631578947367,0,0,0.0,-2.35,0.0,1,0,0.2777777777777778,-2.36,0,0.16666666666666666,0,-2.08,0.0,0",0.000,78.9,1.7100,-44.1700,-16.7300,-16.7300,0.0,,0,none,19,guide
CAUCGCCCUCGCCCUCGCC,CCACAAGUUCAGCGUGUCCGGCGAGGGCGAGGGCGAUGCCACCUACGGCAAGCUGAC,0.3953464639248903,0,"0.7,-2.11,-10.44,0,0,-218.0,0.15789473684210525,0,0.15789473684210525,0,0,0.0,-1.1,0.0,0,1,0.2777777777777778,-3.26,0,0.16666666666666666,0,-3.26,0.0,0",0.000,78.9,1.1500,-44.2700,-15.7500,-15.7500,0.0,,0,none,19,guide
GCAUCGCCCUCGCCCUCGC,CACAAGUUCAGCGUGUCCGGCGAGGGCGAGGGCGAUGCCACCUACGGCAAGCUGACC,0.3413613634044291,0,"0.0,-3.42,-14.88,0,1,-219.48999999999995,0.15789473684210525,0,0.21052631578947367,0,1,0.0,-2.11,0.0,0,0,0.2222222222222222,-3.42,0,0.2222222222222222,0,-3.26,0.0,0",0.000,78.9,0.0000,-44.6300,-14.6000,-14.6000,0.0,,0,none,19,guide
GGCAUCGCCCUCGCCCUCG,ACAAGUUCAGCGUGUCCGGCGAGGGCGAGGGCGAUGCCACCUACGGCAAGCUGACCC,0.2987039493825901,0,"-0.9,-3.26,-13.39,0,1,-218.0,0.15789473684210525,0,0.2631578947368421,1,0,0.05555555555555555,-3.42,0.0,0,0,0.2222222222222222,-2.36,0,0.16666666666666666,0,-3.42,0.0,0",-2.600,78.9,-0.9000,-44.6700,-14.7600,-14.7600,0.0,,0,none,19,guide
UGGCAUCGCCCUCGCCCUC,CAAGUUCAGCGUGUCCGGCGAGGGCGAGGGCGAUGCCACCUACGGCAAGCUGACCCU,0.3119706092458414,0,"1.14,-2.11,-10.44,1,0,-214.07999999999996,0.21052631578947367,0,0.21052631578947367,0,0,0.05555555555555555,-3.26,0.0,0,0,0.2222222222222222,-2.35,0,0.16666666666666666,0,-2.36,0.0,0",-2.600,73.7,0.6900,-43.5200,-14.6000,-14.6000,0.0,,0,none,19,guide
GUGGCAUCGCCCUCGCCCU,AAGUUCAGCGUGUCCGGCGAGGGCGAGGGCGAUGCCACCUACGGCAAGCUGACCCUG,0.4055515868966221,0,"-1.06,-2.24,-11.4,0,1,-213.03999999999994,0.21052631578947367,0,0.2631578947368421,0,0,0.05555555555555555,-2.11,0.0,1,0,0.2222222222222222,-2.08,0,0.16666666666666666,0,-2.35,0.0,0",-2.600,73.7,-0.6100,-43.5600,-14.3500,-14.3500,0.0,,0,none,19,guide
GGUGGCAUCGCCCUCGCCC,AGUUCAGCGUGUCCGGCGAGGGCGAGGGCGAUGCCACCUACGGCAAGCUGACCCUGA,0.1663435044392285,0,"0.0,-3.26,-13.39,0,1,-219.66999999999996,0.15789473684210525,0,0.3157894736842105,1,0,0.1111111111111111,-2.24,0.0,0,0,0.2222222222222222,-3.26,0,0.16666666666666666,0,-2.08,0.0,0",-4.200,78.9,0.0000,-45.2900,-14.2400,-14.2400,0.0,,0,none,19,guide
AGGUGGCAUCGCCCUCGCC,GUUCAGCGUGUCCGGCGAGGGCGAGGGCGAUGCCACCUACGGCAAGCUGACCCUGAA,0.4013674864782121,0,"1.63,-2.08,-10.48,0,0,-213.03999999999996,0.15789473684210525,0,0.3157894736842105,0,0,0.1111111111111111,-3.26,0.0,0,0,0.16666666666666666,-3.26,0,0.16666666666666666,0,-3.26,0.0,0",-4.100,73.7,1.6300,-43.7600,-16.4000,-16.4000,0.0,,0,none,19,guide
UAGGUGGCAUCGCCCUCGC,UUCAGCGUGUCCGGCGAGGGCGAGGGCGAUGCCACCUACGGCAAGCUGACCCUGAAG,0.2910501071537912,0,"2.09,-1.33,-7.69,1,0,-207.33999999999997,0.21052631578947367,0,0.3157894736842105,0,0,0.1111111111111111,-2.08,0.05555555555555555,0,0,0.1111111111111111,-3.42,0,0.16666666666666666,0,-3.26,0.0,0",-4.100,68.4,2.5400,-41.6800,-16.3700,-16.3700,0.0,,0,none,19,guide
GUAGGUGGCAUCGCCCUCG,UCAGCGUGUCCGGCGAGGGCGAGGGCGAUGCCACCUACGGCAAGCUGACCCUGAAGU,0.3694254515766915,0,"-0.33,-2.24,-11.4,0,1,-207.57999999999998,0.21052631578947367,0,0.3684210526315789,0,0,0.1111111111111111,-1.33,0.05555555555555555,1,0,0.1111111111111111,-2.36,0,0.1111111111111111,0,-3.42,0.0,0",-5.000,68.4,0.1200,-41.2000,-14.2800,-14.2800,0.0,,0,none,19,guide
CGUAGGUGGCAUCGCCCUC,CAGCGUGUCCGGCGAGGGCGAGGGCGAUGCCACCUACGGCAAGCUGACCCUGAAGUU,0.3322788039595877,0,"0.44,-2.36,-10.64,0,0,-207.57999999999996,0.21052631578947367,0,0.3157894736842105,0,0,0.1111111111111111,-2.24,0.05555555555555555,0,1,0.1111111111111111,-2.35,0,0.1111111111111111,1,-2.36,0.0,0",-4.100,68.4,-0.0100,-41.0000,-13.2600,-13.2600,0.0,,0,none,19,guide
CCGUAGGUGGCAUCGCCCU,AGCGUGUCCGGCGAGGGCGAGGGCGAUGCCACCUACGGCAAGCUGACCCUGAAGUUC,0.2516583324829064,0,"-1.63,-3.26,-13.39,0,0,-204.80999999999997,0.21052631578947367,0,0.3157894736842105,0,0,0.1111111111111111,-2.36,0.05555555555555555,0,1,0.16666666666666666,-2.08,1,0.1111111111111111,0,-2.35,0.0,0",-4.100,68.4,-1.6300,-41.3600,-13.5100,-13.5100,0.0,,0,none,19,guide
GCCGUAGGUGGCAUCGCCC,GCGUGUCCGGCGAGGGCGAGGGCGAUGCCACCUACGGCAAGCUGACCCUGAAGUUCA,0.327890601081743,0,"-0.16,-3.42,-14.88,0,1,-212.92999999999995,0.15789473684210525,0,0.3684210526315789,0,1,0.1111111111111111,-3.26,0.05555555555555555,0,0,0.16666666666666666,-3.26,0,0.16666666666666666,0,-1.1,0.0,0",-4.500,73.7,-0.1600,-43.4500,-14.5300,-14.5300,0.0,,0,none,19,guide
UGCCGUAGGUGGCAUCGCC,CGUGUCCGGCGAGGGCGAGGGCGAUGCCACCUACGGCAAGCUGACCCUGAAGUUCAU,0.4970915399530565,0,"1.6,-2.11,-10.44,1,0,-206.26,0.21052631578947367,0,0.3684210526315789,0,0,0.1111111111111111,-3.42,0.05555555555555555,0,0,0.1111111111111111,-3.26,0,0.16666666666666666,0,-2.11,0.0,0",-5.000,68.4,1.6000,-41.7500,-14.6900,-14.6900,0.0,,0,none,19,guide
UUGCCGUAGGUGGCAUCGC,GUGUCCGGCGAGGGCGAGGGCGAUGCCACCUACGGCAAGCUGACCCUGAAGUUCAUC,0.403918767221145,0,"2.49,-0.93,-6.82,1,0,-199.69,0.2631578947368421,1,0.3684210526315789,0,0,0.1111111111111111,-2.11,0.05555555555555555,1,0,0.05555555555555555,-3.42,0,0.16666666666666666,0,-3.42,0.05555555555555555,0",-5.200,63.2,2.9400,-39.4200,-14.7200,-14.7200,0.0,,0,none,19,guide
CUUGCCGUAGGUGGCAUCG,UGUCCGGCGAGGGCGAGGGCGAUGCCACCUACGGCAAGCUGACCCUGAAGUUCAUCU,0.5552607408919278,0,"-0.17,-2.08,-10.48,0,0,-199.01,0.2631578947368421,0,0.3684210526315789,0,0,0.1111111111111111,-0.93,0.05555555555555555,1,1,0.05555555555555555,-2.36,0,0.1111111111111111,0,-3.26,0.05555555555555555,0",-5.200,63.2,0.2800,-38.4300,-14.3200,-14.3200,0.0,,0,none,19,guide
GCUUGCCGUAGGUGGCAUC,GUCCGGCGAGGGCGAGGGCGAUGCCACCUACGGCAAGCUGACCCUGAAGUUCAUCUG,0.3197265027043576,0,"-0.62,-3.42,-14.88,0,1,-203.25,0.2631578947368421,0,0.3684210526315789,0,1,0.1111111111111111,-2.08,0.05555555555555555,0,0,0.05555555555555555,-2.35,0,0.16666666666666666,0,-2.11,0.05555555555555555,0",-5.200,63.2,-1.0700,-39.2900,-14.1600,-14.1600,0.0,,0,none,19,guide
AGCUUGCCGUAGGUGGCAU,UCCGGCGAGGGCGAGGGCGAUGCCACCUACGGCAAGCUGACCCUGAAGUUCAUCUGC,0.4773956526176141,0,"-0.53,-2.08,-10.48,0,0,-193.84999999999997,0.2631578947368421,0,0.3684210526315789,0,0,0.1111111111111111,-3.42,0.05555555555555555,0,0,0.05555555555555555,-1.1,0,0.16666666666666666,0,-2.24,0.05555555555555555,0",-5.200,57.9,-0.9800,-38.3200,-15.2200,-15.2200,0.0,,0,none,19,guide
CAGCUUGCCGUAGGUGGCA,CCGGCGAGGGCGAGGGCGAUGCCACCUACGGCAAGCUGACCCUGAAGUUCAUCUGCA,0.1966527196652719,0,"-0.9,-2.11,-10.44,0,0,-198.63,0.21052631578947367,0,0.3684210526315789,0,0,0.1111111111111111,-2.08,0.05555555555555555,0,1,0.05555555555555555,-2.11,0,0.16666666666666666,0,-3.26,0.05555555555555555,1",-4.600,63.2,-0.4500,-39.8800,-14.0400,-14.0400,0.0,,0,none,19,guide
UCAGCUUGCCGUAGGUGGC,CGGCGAGGGCGAGGGCGAUGCCACCUACGGCAAGCUGACCCUGAAGUUCAUCUGCAC,0.4618838657005817,0,"1.52,-2.35,-12.44,1,0,-200.63,0.2631578947368421,0,0.3684210526315789,0,0,0.1111111111111111,-2.11,0.05555555555555555,0,0,0.05555555555555555,-3.42,0,0.16666666666666666,0,-2.08,0.05555555555555555,0",-2.800,63.2,1.5200,-39.7700,-12.7300,-12.7300,0.0,,0,none,19,guide
GUCAGCUUGCCGUAGGUGG,GGCGAGGGCGAGGGCGAUGCCACCUACGGCAAGCUGACCCUGAAGUUCAUCUGCACC,0.5697520155117869,0,"0.57,-2.24,-11.4,0,1,-200.87,0.2631578947368421,0,0.42105263157894735,0,0,0.1111111111111111,-2.35,0.05555555555555555,1,0,0.05555555555555555,-3.26,0,0.1111111111111111,0,-1.33,0.05555555555555555,0",-2.600,63.2,1.0200,-39.2900,-12.9700,-12.9700,0.0,,0,none,19,guide
GGUCAGCUUGCCGUAGGUG,GCGAGGGCGAGGGCGAUGCCACCUACGGCAAGCUGACCCUGAAGUUCAUCUGCACCA,0.3545259720379631,0,"-0.7,-3.26,-13.39,0,1,-200.86999999999998,0.2631578947368421,0,0.42105263157894735,1,0,0.1111111111111111,-2.24,0.05555555555555555,0,0,0.05555555555555555,-2.11,0,0.1111111111111111,0,-2.24,0.05555555555555555,0",-2.100,63.2,-1.1500,-39.0900,-14.2800,-14.2800,0.0,,0,none,19,guide
GGGUCAGCUUGCCGUAGGU,CGAGGGCGAGGGCGAUGCCACCUACGGCAAGCUGACCCUGAAGUUCAUCUGCACCAC,0.3990203081947138,0,"-1.47,-3.26,-13.39,0,1,-200.09999999999994,0.2631578947368421,0,0.42105263157894735,1,0,0.16666666666666666,-3.26,0.05555555555555555,0,0,0.05555555555555555,-2.24,0,0.1111111111111111,0,-2.36,0.05555555555555555,0",-2.000,63.2,-1.4700,-39.7400,-15.4600,-15.4600,0.0,,0,none,19,guide
AGGGUCAGCUUGCCGUAGG,GAGGGCGAGGGCGAUGCCACCUACGGCAAGCUGACCCUGAAGUUCAUCUGCACCACC,0.6911929788753955,0,"1.63,-2.08,-10.48,0,0,-199.17999999999995,0.21052631578947367,0,0.42105263157894735,0,0,0.16666666666666666,-3.26,0.05555555555555555,0,0,0.05555555555555555,-3.26,0,0.1111111111111111,0,-3.26,0.05555555555555555,0",-2.000,63.2,1.6300,-39.9300,-15.3000,-15.3000,0.0,,0,none,19,guide
CAGGGUCAGCUUGCCGUAG,AGGGCGAGGGCGAUGCCACCUACGGCAAGCUGACCCUGAAGUUCAUCUGCACCACCG,0.3141136850699051,0,"-0.03,-2.11,-10.44,0,0,-199.95,0.21052631578947367,0,0.3684210526315789,0,0,0.1111111111111111,-2.08,0.05555555555555555,0,1,0.05555555555555555,-2.08,0,0.1111111111111111,0,-3.42,0.05555555555555555,0",-2.100,63.2,-0.0300,-39.1300,-15.3000,-15.3000,0.0,,0,none,19,guide
UCAGGGUCAGCUUGCCGUA,GGGCGAGGGCGAUGCCACCUACGGCAAGCUGACCCUGAAGUUCAUCUGCACCACCGG,0.4946423104398408,0,"-0.57,-2.35,-12.44,1,0,-194.47,0.2631578947368421,0,0.3157894736842105,0,0,0.1111111111111111,-2.11,0.05555555555555555,0,0,0.05555555555555555,-1.33,0,0.1111111111111111,0,-2.11,0.05555555555555555,1",-2.100,57.9,-1.0200,-38.3500,-15.3000,-15.3000,0.0,,0,none,19,guide
UUCAGGGUCAGCUUGCCGU,GGCGAGGGCGAUGCCACCUACGGCAAGCUGACCCUGAAGUUCAUCUGCACCACCGGC,0.7651801204204511,1,"0.86,-0.93,-6.82,1,0,-193.6,0.3157894736842105,1,0.3157894736842105,0,0,0.1111111111111111,-2.35,0.0,1,0,0.05555555555555555,-2.24,0,0.1111111111111111,0,-0.93,0.1111111111111111,0",-2.000,57.9,1.3100,-37.9500,-15.3000,-15.3000,0.0,,0,none,19,guide
CUUCAGGGUCAGCUUGCCG,GCGAGGGCGAUGCCACCUACGGCAAGCUGACCCUGAAGUUCAUCUGCACCACCGGCA,0.6588427390550057,0,"-0.17,-2.08,-10.48,0,0,-200.11999999999995,0.2631578947368421,0,0.3157894736842105,0,0,0.1111111111111111,-0.93,0.0,1,1,0.05555555555555555,-2.36,0,0.1111111111111111,0,-2.08,0.1111111111111111,0",-2.000,63.2,0.2800,-38.8400,-13.9900,-13.9900,0.0,,0,none,19,guide
ACUUCAGGGUCAGCUUGCC,CGAGGGCGAUGCCACCUACGGCAAGCUGACCCUGAAGUUCAUCUGCACCACCGGCAA,0.6385345443412593,0,"1.47,-2.24,-11.4,0,0,-197.15999999999997,0.2631578947368421,0,0.2631578947368421,0,0,0.1111111111111111,-2.08,0.0,0,0,0.05555555555555555,-3.26,0,0.1111111111111111,0,-3.42,0.1111111111111111,0",-1.800,57.9,1.4700,-38.0200,-12.8100,-12.8100,0.0,,0,none,19,guide
AACUUCAGGGUCAGCUUGC,GAGGGCGAUGCCACCUACGGCAAGCUGACCCUGAAGUUCAUCUGCACCACCGGCAAG,0.7105827125216859,0,"2.49,-0.93,-6.82,0,0,-190.58999999999997,0.2631578947368421,0,0.2631578947368421,0,0,0.1111111111111111,-2.24,0.0,0,0,0.0,-3.42,0,0.1111111111111111,0,-2.08,0.1111111111111111,0",-1.800,52.6,2.9400,-35.8900,-11.7900,-11.7900,0.0,,0,none,19,guide
GAACUUCAGGGUCAGCUUG,AGGGCGAUGCCACCUACGGCAAGCUGACCCUGAAGUUCAUCUGCACCACCGGCAAGC,0.7322175732217574,1,"-0.24,-2.35,-12.44,0,1,-191.86999999999998,0.2631578947368421,0,0.3157894736842105,0,0,0.1111111111111111,-0.93,0.0,0,0,0.0,-2.11,0,0.05555555555555555,0,-2.11,0.1111111111111111,0",-1.400,52.6,-0.2400,-35.5200,-10.6400,-10.6400,0.0,,0,none,19,guide
UGAACUUCAGGGUCAGCUU,GGGCGAUGCCACCUACGGCAAGCUGACCCUGAAGUUCAUCUGCACCACCGGCAAGCU,0.9358097765078072,1,"-0.73,-2.11,-10.44,1,0,-184.42999999999998,0.3157894736842105,0,0.2631578947368421,0,0,0.1111111111111111,-2.35,0.0,0,0,0.0,-0.93,0,0.05555555555555555,0,-2.35,0.1111111111111111,0",0.000,47.4,-1.1800,-34.1200,-10.8800,-10.8800,0.0,,0,none,19,guide
AUGAACUUCAGGGUCAGCU,GGCGAUGCCACCUACGGCAAGCUGACCCUGAAGUUCAUCUGCACCACCGGCAAGCUG,0.8910092866619044,1,"0.53,-1.1,-9.38,0,0,-186.98999999999998,0.2631578947368421,0,0.2631578947368421,0,0,0.1111111111111111,-2.11,0.0,1,0,0.0,-2.08,0,0.05555555555555555,0,-2.24,0.05555555555555555,0",0.000,47.4,0.9800,-34.4400,-10.6400,-10.6400,0.0,,0,none,19,guide
GAUGAACUUCAGGGUCAGC,GCGAUGCCACCUACGGCAAGCUGACCCUGAAGUUCAUCUGCACCACCGGCAAGCUGC,0.7672211450147975,1,"0.62,-2.35,-12.44,0,1,-196.39,0.21052631578947367,0,0.3157894736842105,0,0,0.1111111111111111,-1.1,0.0,0,0,0.0,-3.42,0,0.05555555555555555,0,-3.26,0.05555555555555555,0",-0.100,52.6,1.0700,-35.7600,-10.8100,-10.8100,0.0,,0,none,19,guide
AGAUGAACUUCAGGGUCAG,CGAUGCCACCUACGGCAAGCUGACCCUGAAGUUCAUCUGCACCACCGGCAAGCUGCC,0.7119093785080112,0,"0.9,-2.08,-10.48,0,0,-188.26999999999998,0.21052631578947367,0,0.3157894736842105,0,0,0.1111111111111111,-2.35,0.0,0,0,0.0,-2.08,0,0.0,0,-3.26,0.05555555555555555,0",0.000,47.4,0.4500,-34.0700,-11.0800,-11.0800,0.0,,0,none,19,guide
CAGAUGAACUUCAGGGUCA,GAUGCCACCUACGGCAAGCUGACCCUGAAGUUCAUCUGCACCACCGGCAAGCUGCCC,0.5111746096540464,0,"-0.9,-2.11,-10.44,0,0,-188.23,0.21052631578947367,0,0.2631578947368421,0,0,0.1111111111111111,-2.08,0.0,0,1,0.0,-2.11,0,0.0,0,-2.08,0.05555555555555555,1",0.000,47.4,-0.4500,-33.7500,-10.9200,-10.9200,0.0,,0,none,19,guide
GCAGAUGAACUUCAGGGUC,AUGCCACCUACGGCAAGCUGACCCUGAAGUUCAUCUGCACCACCGGCAAGCUGCCCG,0.4439228492703337,0,"-0.62,-3.42,-14.88,0,1,-196.39000000000001,0.21052631578947367,0,0.3157894736842105,0,1,0.1111111111111111,-2.11,0.0,0,0,0.0,-2.35,0,0.05555555555555555,0,-2.11,0.05555555555555555,0",0.000,52.6,-1.0700,-35.7600,-12.1000,-12.1000,0.0,,0,none,19,guide
UGCAGAUGAACUUCAGGGU,UGCCACCUACGGCAAGCUGACCCUGAAGUUCAUCUGCACCACCGGCAAGCUGCCCGU,0.8051842024696398,1,"0.13,-2.11,-10.44,1,0,-186.95000000000002,0.2631578947368421,0,0.3157894736842105,0,0,0.1111111111111111,-3.42,0.0,0,0,0.0,-2.24,0,0.05555555555555555,0,-2.35,0.05555555555555555,0",0.000,47.4,0.1300,-34.4700,-13.1700,-13.1700,0.0,,0,none,19,guide
GUGCAGAUGAACUUCAGGG,GCCACCUACGGCAAGCUGACCCUGAAGUUCAUCUGCACCACCGGCAAGCUGCCCGUG,0.8063067659965304,1,"0.57,-2.24,-11.4,0,1,-194.39,0.21052631578947367,0,0.3684210526315789,0,0,0.1111111111111111,-2.11,0.0,1,0,0.0,-3.26,0,0.05555555555555555,0,-0.93,0.05555555555555555,0",0.000,52.6,1.0200,-35.5200,-13.1700,-13.1700,0.0,,0,none,19,guide
GGUGCAGAUGAACUUCAGG,CCACCUACGGCAAGCUGACCCUGAAGUUCAUCUGCACCACCGGCAAGCUGCCCGUGC,0.695172976834371,0,"0.0,-3.26,-13.39,0,1,-194.39,0.21052631578947367,0,0.3684210526315789,1,0,0.1111111111111111,-2.24,0.0,0,0,0.0,-3.26,0,0.05555555555555555,0,-2.08,0.05555555555555555,0",0.000,52.6,0.0000,-35.5200,-14.3100,-14.3100,0.0,,0,none,19,guide
UGGUGCAGAUGAACUUCAG,CACCUACGGCAAGCUGACCCUGAAGUUCAUCUGCACCACCGGCAAGCUGCCCGUGCC,0.6880293907541587,0,"0.87,-2.11,-10.44,1,0,-187.71999999999997,0.2631578947368421,0,0.3157894736842105,0,0,0.05555555555555555,-3.26,0.0,0,0,0.0,-2.08,0,0.05555555555555555,0,-2.24,0.05555555555555555,0",-0.300,47.4,0.4200,-33.6700,-15.2200,-15.2200,0.0,,0,none,19,guide
GUGGUGCAGAUGAACUUCA,ACCUACGGCAAGCUGACCCUGAAGUUCAUCUGCACCACCGGCAAGCUGCCCGUGCCC,0.4635166853760588,0,"-1.03,-2.24,-11.4,0,1,-188.63999999999996,0.2631578947368421,0,0.3157894736842105,0,0,0.05555555555555555,-2.11,0.0,1,0,0.0,-2.11,0,0.05555555555555555,0,-0.93,0.05555555555555555,1",-1.300,47.4,-0.5800,-33.8300,-15.2500,-15.2500,0.0,,0,none,19,guide
GGUGGUGCAGAUGAACUUC,CCUACGGCAAGCUGACCCUGAAGUUCAUCUGCACCACCGGCAAGCUGCCCGUGCCCU,0.5413817736503725,0,"-0.46,-3.26,-13.39,0,1,-195.30999999999997,0.2631578947368421,0,0.3684210526315789,1,0,0.1111111111111111,-2.24,0.0,0,0,0.0,-2.35,0,0.05555555555555555,0,-2.35,0.05555555555555555,0",-0.300,52.6,-0.9100,-35.6800,-15.3800,-15.3800,0.0,,0,none,19,guide
CGGUGGUGCAGAUGAACUU,CUACGGCAAGCUGACCCUGAAGUUCAUCUGCACCACCGGCAAGCUGCCCGUGCCCUG,0.5989386672109399,0,"-1.43,-2.36,-10.64,0,0,-189.78999999999996,0.2631578947368421,0,0.3684210526315789,0,0,0.1111111111111111,-3.26,0.0,0,1,0.0,-0.93,0,0.05555555555555555,1,-2.11,0.05555555555555555,0",-0.300,52.6,-1.8800,-35.3400,-15.2200,-15.2200,0.0,,0,none,19,guide
CCGGUGGUGCAGAUGAACU,UACGGCAAGCUGACCCUGAAGUUCAUCUGCACCACCGGCAAGCUGCCCGUGCCCUGG,0.3915705684253495,0,"-1.63,-3.26,-13.39,0,0,-196.35999999999999,0.21052631578947367,0,0.3684210526315789,0,0,0.1111111111111111,-2.36,0.0,0,1,0.05555555555555555,-2.08,1,0.05555555555555555,0,-1.1,0.0,0",0.000,57.9,-1.6300,-37.4700,-15.4700,-15.4700,0.0,,0,none,19,guide
GCCGGUGGUGCAGAUGAAC,ACGGCAAGCUGACCCUGAAGUUCAUCUGCACCACCGGCAAGCUGCCCGUGCCCUGGC,0.1335850596999694,0,"-0.73,-3.42,-14.88,0,1,-204.48,0.15789473684210525,0,0.42105263157894735,0,1,0.1111111111111111,-3.26,0.0,0,0,0.05555555555555555,-2.24,0,0.1111111111111111,0,-2.35,0.0,0",-1.400,63.2,-1.1800,-39.5600,-16.4900,-16.4900,0.0,,0,none,19,guide
UGCCGGUGGUGCAGAUGAA,CGGCAAGCUGACCCUGAAGUUCAUCUGCACCACCGGCAAGCUGCCCGUGCCCUGGCC,0.2221655270946015,0,"-0.73,-2.11,-10.44,1,0,-196.07999999999998,0.21052631578947367,0,0.42105263157894735,0,0,0.1111111111111111,-3.42,0.0,0,0,0.05555555555555555,-0.93,0,0.1111111111111111,0,-2.08,0.0,1",-2.100,57.9,-1.1800,-38.3300,-16.6500,-16.6500,0.0,,0,none,19,guide
UUGCCGGUGGUGCAGAUGA,GGCAAGCUGACCCUGAAGUUCAUCUGCACCACCGGCAAGCUGCCCGUGCCCUGGCCC,0.4949484641289928,0,"0.97,-0.93,-6.82,1,0,-196.07999999999998,0.2631578947368421,1,0.42105263157894735,0,0,0.1111111111111111,-2.11,0.0,1,0,0.05555555555555555,-2.35,0,0.1111111111111111,0,-2.11,0.05555555555555555,1",-2.700,57.9,1.4200,-38.1800,-16.6500,-16.6500,0.0,,0,none,19,guide
CUUGCCGGUGGUGCAGAUG,GCAAGCUGACCCUGAAGUUCAUCUGCACCACCGGCAAGCUGCCCGUGCCCUGGCCCA,0.4151444024900499,0,"0.03,-2.08,-10.48,0,0,-201.56,0.2631578947368421,0,0.42105263157894735,0,0,0.1111111111111111,-0.93,0.0,1,1,0.05555555555555555,-2.11,0,0.1111111111111111,0,-3.42,0.05555555555555555,0",-2.900,63.2,0.0300,-38.7600,-15.3400,-15.3400,0.0,,0,none,19,guide
GCUUGCCGGUGGUGCAGAU,CAAGCUGACCCUGAAGUUCAUCUGCACCACCGGCAAGCUGCCCGUGCCCUGGCCCAC,0.0612307378303908,0,"-2.32,-3.42,-14.88,0,1,-202.27999999999997,0.2631578947368421,0,0.42105263157894735,0,1,0.1111111111111111,-2.08,0.0,0,0,0.05555555555555555,-1.1,0,0.16666666666666666,0,-2.11,0.05555555555555555,0",-2.900,63.2,-2.7700,-39.5700,-14.1600,-14.1600,0.0,,0,none,19,guide
AGCUUGCCGGUGGUGCAGA,AAGCUGACCCUGAAGUUCAUCUGCACCACCGGCAAGCUGCCCGUGCCCUGGCCCACC,0.0443922849270333,0,"0.27,-2.08,-10.48,0,0,-199.65999999999997,0.21052631578947367,0,0.42105263157894735,0,0,0.1111111111111111,-3.42,0.0,0,0,0.05555555555555555,-2.35,0,0.16666666666666666,0,-2.24,0.05555555555555555,1",-2.900,63.2,0.2700,-40.3500,-15.2200,-15.2200,0.0,,0,none,19,guide
CAGCUUGCCGGUGGUGCAG,AGCUGACCCUGAAGUUCAUCUGCACCACCGGCAAGCUGCCCGUGCCCUGGCCCACCC,0.3306459842841106,0,"-0.03,-2.11,-10.44,0,0,-205.10000000000002,0.21052631578947367,0,0.42105263157894735,0,0,0.1111111111111111,-2.08,0.0,0,1,0.05555555555555555,-2.08,0,0.16666666666666666,0,-3.26,0.05555555555555555,0",-2.300,68.4,-0.0300,-40.8100,-14.0400,-14.0400,0.0,,0,none,19,guide
GCAGCUUGCCGGUGGUGCA,GCUGACCCUGAAGUUCAUCUGCACCACCGGCAAGCUGCCCGUGCCCUGGCCCACCCU,0.0389835697520155,0,"-1.76,-3.42,-14.88,0,1,-205.78,0.21052631578947367,0,0.42105263157894735,0,1,0.1111111111111111,-2.11,0.0,0,0,0.05555555555555555,-2.11,0,0.2222222222222222,0,-2.11,0.05555555555555555,1",-5.200,68.4,-1.7600,-41.6500,-12.7300,-12.7300,0.0,,0,none,19,guide
GGCAGCUUGCCGGUGGUGC,CUGACCCUGAAGUUCAUCUGCACCACCGGCAAGCUGCCCGUGCCCUGGCCCACCCUC,0.3609551995101541,0,"0.16,-3.26,-13.39,0,1,-212.45000000000002,0.21052631578947367,0,0.47368421052631576,1,0,0.16666666666666666,-3.42,0.0,0,0,0.05555555555555555,-3.42,0,0.2222222222222222,0,-2.24,0.05555555555555555,0",-4.600,73.7,0.1600,-43.3000,-14.0400,-14.0400,0.0,,0,none,19,guide
GGGCAGCUUGCCGGUGGUG,UGACCCUGAAGUUCAUCUGCACCACCGGCAAGCUGCCCGUGCCCUGGCCCACCCUCG,0.212062455352587,0,"-0.7,-3.26,-13.39,0,1,-210.96,0.21052631578947367,0,0.5263157894736842,1,0,0.2222222222222222,-3.26,0.0,0,0,0.05555555555555555,-2.11,0,0.16666666666666666,0,-3.26,0.05555555555555555,0",-4.500,73.7,-1.1500,-43.5400,-16.3700,-16.3700,0.0,,0,none,19,guide
CGGGCAGCUUGCCGGUGGU,GACCCUGAAGUUCAUCUGCACCACCGGCAAGCUGCCCGUGCCCUGGCCCACCCUCGU,0.0474538218185529,0,"-0.57,-2.36,-10.64,0,0,-207.43999999999997,0.21052631578947367,0,0.47368421052631576,0,0,0.2222222222222222,-3.26,0.0,0,1,0.05555555555555555,-2.24,0,0.16666666666666666,1,-2.36,0.05555555555555555,0",-4.900,73.7,-0.5700,-42.8900,-17.5500,-17.5500,0.0,,0,none,19,guide
ACGGGCAGCUUGCCGGUGG,ACCCUGAAGUUCAUCUGCACCACCGGCAAGCUGCCCGUGCCCUGGCCCACCCUCGUG,0.3957546688437596,0,"1.47,-2.24,-11.4,0,0,-207.44,0.15789473684210525,0,0.47368421052631576,0,0,0.2222222222222222,-2.36,0.0,0,0,0.05555555555555555,-3.26,0,0.16666666666666666,0,-3.26,0.05555555555555555,0",-6.700,73.7,1.4700,-43.2400,-16.4900,-16.4900,0.0,,0,none,19,guide
CACGGGCAGCUUGCCGGUG,CCCUGAAGUUCAUCUGCACCACCGGCAAGCUGCCCGUGCCCUGGCCCACCCUCGUGA,0.2002245127053781,0,"0.0,-2.11,-10.44,0,0,-208.20999999999995,0.15789473684210525,0,0.42105263157894735,0,0,0.16666666666666666,-2.24,0.0,0,1,0.05555555555555555,-2.11,0,0.16666666666666666,0,-3.42,0.05555555555555555,0",-8.600,73.7,0.0000,-42.2400,-16.6500,-16.6500,0.0,,0,none,19,guide
GCACGGGCAGCUUGCCGGU,CCUGAAGUUCAUCUGCACCACCGGCAAGCUGCCCGUGCCCUGGCCCACCCUCGUGAC,0.1718542708439636,0,"-1.63,-3.42,-14.88,0,1,-208.92999999999998,0.15789473684210525,0,0.42105263157894735,0,1,0.16666666666666666,-2.11,0.0,0,0,0.05555555555555555,-2.24,0,0.2222222222222222,0,-2.11,0.05555555555555555,0",-6.300,73.7,-1.6300,-43.0500,-16.6500,-16.6500,0.0,,0,none,19,guide
GGCACGGGCAGCUUGCCGG,CUGAAGUUCAUCUGCACCACCGGCAAGCUGCCCGUGCCCUGGCCCACCCUCGUGACC,0.4710684763751403,0,"0.0,-3.26,-13.39,0,1,-214.63999999999993,0.10526315789473684,0,0.47368421052631576,1,0,0.2222222222222222,-3.42,0.0,0,0,0.05555555555555555,-3.26,0,0.2222222222222222,0,-0.93,0.05555555555555555,0",-6.000,78.9,0.0000,-44.7700,-16.6500,-16.6500,0.0,,0,none,19,guide
GGGCACGGGCAGCUUGCCG,UGAAGUUCAUCUGCACCACCGGCAAGCUGCCCGUGCCCUGGCCCACCCUCGUGACCA,0.2816613940197979,0,"-0.9,-3.26,-13.39,0,1,-214.63999999999993,0.10526315789473684,0,0.47368421052631576,1,0,0.2222222222222222,-3.26,0.0,0,0,0.05555555555555555,-2.36,0,0.2222222222222222,0,-2.08,0.05555555555555555,0",-5.900,78.9,-0.9000,-44.5700,-16.6500,-16.6500,0.0,,0,none,19,guide
AGGGCACGGGCAGCUUGCC,GAAGUUCAUCUGCACCACCGGCAAGCUGCCCGUGCCCUGGCCCACCCUCGUGACCAC,0.3128890703132973,0,"1.63,-2.08,-10.48,0,0,-210.76,0.10526315789473684,0,0.42105263157894735,0,0,0.2222222222222222,-3.26,0.0,0,0,0.05555555555555555,-3.26,0,0.2222222222222222,0,-3.42,0.05555555555555555,0",-4.300,73.7,1.6300,-43.9400,-16.6500,-16.6500,0.0,,0,none,19,guide
CAGGGCACGGGCAGCUUGC,AAGUUCAUCUGCACCACCGGCAAGCUGCCCGUGCCCUGGCCCACCCUCGUGACCACC,0.5715889376466987,0,"0.86,-2.11,-10.44,0,0,-211.52999999999997,0.10526315789473684,0,0.42105263157894735,0,0,0.2222222222222222,-2.08,0.0,0,1,0.0,-3.42,0,0.2222222222222222,0,-2.08,0.05555555555555555,0",-1.600,73.7,1.3100,-43.5400,-16.3700,-16.3700,0.0,,0,none,19,guide
CCAGGGCACGGGCAGCUUG,AGUUCAUCUGCACCACCGGCAAGCUGCCCGUGCCCUGGCCCACCCUCGUGACCACCC,0.4725992448209001,0,"-0.7,-3.26,-13.39,0,0,-210.03999999999996,0.10526315789473684,0,0.42105263157894735,0,0,0.2222222222222222,-2.11,0.0,0,1,0.05555555555555555,-2.11,1,0.16666666666666666,0,-2.11,0.05555555555555555,0",-1.500,73.7,-1.1500,-43.1800,-16.2400,-16.2400,0.0,,0,none,19,guide
GCCAGGGCACGGGCAGCUU,GUUCAUCUGCACCACCGGCAAGCUGCCCGUGCCCUGGCCCACCCUCGUGACCACCCU,0.1839983671803245,0,"-2.49,-3.42,-14.88,0,1,-210.75999999999993,0.10526315789473684,0,0.42105263157894735,0,1,0.2222222222222222,-3.26,0.0,0,0,0.05555555555555555,-0.93,0,0.2222222222222222,0,-3.42,0.05555555555555555,0",-4.800,73.7,-2.9400,-43.7900,-17.3900,-17.3900,0.0,,0,none,19,guide
GGCCAGGGCACGGGCAGCU,UUCAUCUGCACCACCGGCAAGCUGCCCGUGCCCUGGCCCACCCUCGUGACCACCCUG,0.0866414940300029,0,"-1.63,-3.26,-13.39,0,1,-217.32999999999993,0.05263157894736842,0,0.47368421052631576,1,0,0.2777777777777778,-3.42,0.0,0,0,0.05555555555555555,-2.08,0,0.2222222222222222,0,-3.26,0.0,0",-4.500,78.9,-1.6300,-46.2700,-17.3900,-17.3900,0.0,,0,none,19,guide
GGGCCAGGGCACGGGCAGC,UCAUCUGCACCACCGGCAAGCUGCCCGUGCCCUGGCCCACCCUCGUGACCACCCUGA,0.2934993366670069,0,"0.16,-3.26,-13.39,0,1,-223.95999999999995,0.0,0,0.5263157894736842,1,0,0.3333333333333333,-3.26,0.0,0,0,0.05555555555555555,-3.42,0,0.2222222222222222,0,-3.26,0.0,0",-4.500,84.2,0.1600,-48.2000,-17.3900,-17.3900,0.0,,0,none,19,guide
UGGGCCAGGGCACGGGCAG,CAUCUGCACCACCGGCAAGCUGCCCGUGCCCUGGCCCACCCUCGUGACCACCCUGAC,0.2693131952240025,0,"0.87,-2.11,-10.44,1,0,-215.79999999999998,0.05263157894736842,0,0.5263157894736842,0,0,0.3333333333333333,-3.26,0.0,0,0,0.05555555555555555,-2.08,0,0.16666666666666666,0,-2.36,0.0,0",-4.500,78.9,0.4200,-46.1900,-17.3900,-17.3900,0.0,,0,none,19,guide
GUGGGCCAGGGCACGGGCA,AUCUGCACCACCGGCAAGCUGCCCGUGCCCUGGCCCACCCUCGUGACCACCCUGACC,0.2416573119706092,0,"-1.03,-2.24,-11.4,0,1,-216.71999999999997,0.05263157894736842,0,0.5263157894736842,0,0,0.3333333333333333,-2.11,0.0,1,0,0.05555555555555555,-2.11,0,0.16666666666666666,0,-2.24,0.0,1",-4.500,78.9,-0.5800,-46.1500,-17.4200,-17.4200,0.0,,0,none,19,guide
GGUGGGCCAGGGCACGGGC,UCUGCACCACCGGCAAGCUGCCCGUGCCCUGGCCCACCCUCGUGACCACCCUGACCU,0.1526686396571079,0,"0.16,-3.26,-13.39,0,1,-223.39,0.05263157894736842,0,0.5789473684210527,1,0,0.3888888888888889,-2.24,0.0,0,0,0.05555555555555555,-3.42,0,0.16666666666666666,0,-2.11,0.0,0",-3.100,84.2,0.1600,-47.8000,-17.5500,-17.5500,0.0,,0,none,19,guide
GGGUGGGCCAGGGCACGGG,CUGCACCACCGGCAAGCUGCCCGUGCCCUGGCCCACCCUCGUGACCACCCUGACCUA,0.0853148280436779,0,"0.0,-3.26,-13.39,0,1,-221.89999999999998,0.05263157894736842,0,0.631578947368421,1,0,0.4444444444444444,-3.26,0.0,0,0,0.05555555555555555,-3.26,0,0.1111111111111111,0,-3.42,0.0,0",-2.600,84.2,0.0000,-47.8400,-17.5500,-17.5500,0.0,,0,none,19,guide
AGGGUGGGCCAGGGCACGG,UGCACCACCGGCAAGCUGCCCGUGCCCUGGCCCACCCUCGUGACCACCCUGACCUAC,0.0519440759261149,0,"1.63,-2.08,-10.48,0,0,-215.26999999999998,0.05263157894736842,0,0.5789473684210527,0,0,0.3888888888888889,-3.26,0.0,0,0,0.05555555555555555,-3.26,0,0.1111111111111111,0,-3.26,0.0,0",-2.600,78.9,1.6300,-45.9600,-17.3900,-17.3900,0.0,,0,none,19,guide
GAGGGUGGGCCAGGGCACG,GCACCACCGGCAAGCUGCCCGUGCCCUGGCCCACCCUCGUGACCACCCUGACCUACG,0.2984998469231554,0,"-0.44,-2.35,-12.44,0,1,-218.04000000000002,0.05263157894736842,0,0.5789473684210527,0,0,0.3333333333333333,-2.08,0.0,0,0,0.05555555555555555,-2.36,0,0.1111111111111111,0,-3.26,0.0,0",-2.600,78.9,0.0100,-45.7500,-16.2100,-16.2100,0.0,,0,none,19,guide
CGAGGGUGGGCCAGGGCAC,CACCACCGGCAAGCUGCCCGUGCCCUGGCCCACCCUCGUGACCACCCUGACCUACGG,0.0,0,"0.33,-2.36,-10.64,0,0,-218.04,0.05263157894736842,0,0.5263157894736842,0,0,0.3333333333333333,-2.35,0.0,0,1,0.05555555555555555,-2.24,0,0.1111111111111111,1,-2.08,0.0,0",-1.400,78.9,-0.1200,-45.5500,-15.3000,-15.3000,0.0,,0,none,19,guide
ACGAGGGUGGGCCAGGGCA,ACCACCGGCAAGCUGCCCGUGCCCUGGCCCACCCUCGUGACCACCCUGACCUACGGC,0.0001020512297173,0,"-0.13,-2.24,-11.4,0,0,-210.59999999999997,0.05263157894736842,0,0.5263157894736842,0,0,0.3333333333333333,-2.36,0.0,0,0,0.05555555555555555,-2.11,0,0.1111111111111111,0,-2.11,0.0,1",-1.700,73.7,-0.1300,-44.8500,-15.5500,-15.5500,0.0,,0,none,19,guide
CACGAGGGUGGGCCAGGGC,CCACCGGCAAGCUGCCCGUGCCCUGGCCCACCCUCGUGACCACCCUGACCUACGGCG,0.2324727012960506,0,"0.86,-2.11,-10.44,0,0,-218.04000000000002,0.05263157894736842,0,0.5263157894736842,0,0,0.3333333333333333,-2.24,0.0,0,1,0.05555555555555555,-3.42,0,0.1111111111111111,0,-3.26,0.0,0",-2.400,78.9,1.3100,-45.7500,-15.5500,-15.5500,0.0,,0,none,19,guide
UCACGAGGGUGGGCCAGGG,CACCGGCAAGCUGCCCGUGCCCUGGCCCACCCUCGUGACCACCCUGACCUACGGCGU,0.2582916624145321,0,"1.36,-2.35,-12.44,1,0,-211.88,0.10526315789473684,0,0.5263157894736842,0,0,0.3333333333333333,-2.11,0.0,0,0,0.05555555555555555,-3.26,0,0.05555555555555555,0,-3.42,0.0,0",-2.900,73.7,1.3600,-44.1800,-14.4000,-14.4000,0.0,,0,none,19,guide
GUCACGAGGGUGGGCCAGG,ACCGGCAAGCUGCCCGUGCCCUGGCCCACCCUCGUGACCACCCUGACCUACGGCGUG,0.3158485559750995,0,"0.57,-2.24,-11.4,0,1,-213.61,0.10526315789473684,0,0.5263157894736842,0,0,0.2777777777777778,-2.35,0.0,1,0,0.05555555555555555,-3.26,0,0.05555555555555555,0,-3.26,0.0,0",-2.900,73.7,1.0200,-43.4600,-13.4900,-13.4900,0.0,,0,none,19,guide
GGUCACGAGGGUGGGCCAG,CCGGCAAGCUGCCCGUGCCCUGGCCCACCCUCGUGACCACCCUGACCUACGGCGUGC,0.2481885906725176,0,"-0.73,-3.26,-13.39,0,1,-213.60999999999999,0.10526315789473684,0,0.5263157894736842,1,0,0.2777777777777778,-2.24,0.0,0,0,0.05555555555555555,-2.08,0,0.05555555555555555,0,-3.26,0.0,0",-6.300,73.7,-1.1800,-43.6600,-13.6500,-13.6500,0.0,,0,none,19,guide
UGGUCACGAGGGUGGGCCA,CGGCAAGCUGCCCGUGCCCUGGCCCACCCUCGUGACCACCCUGACCUACGGCGUGCA,0.72793142157363,1,"0.0,-2.11,-10.44,1,0,-206.12999999999994,0.15789473684210525,0,0.47368421052631576,0,0,0.2777777777777778,-3.26,0.0,0,0,0.05555555555555555,-2.11,0,0.05555555555555555,0,-2.11,0.0,1",-6.200,68.4,0.0000,-42.4900,-14.5600,-14.5600,0.0,,0,none,19,guide
GUGGUCACGAGGGUGGGCC,GGCAAGCUGCCCGUGCCCUGGCCCACCCUCGUGACCACCCUGACCUACGGCGUGCAG,0.5200530666394529,0,"0.57,-2.24,-11.4,0,1,-214.52999999999997,0.15789473684210525,0,0.5263157894736842,0,0,0.2777777777777778,-2.11,0.0,1,0,0.05555555555555555,-3.26,0,0.05555555555555555,0,-2.24,0.0,0",-4.800,73.7,1.0200,-43.6200,-14.3100,-14.3100,0.0,,0,none,19,guide
GGUGGUCACGAGGGUGGGC,GCAAGCUGCCCGUGCCCUGGCCCACCCUCGUGACCACCCUGACCUACGGCGUGCAGU,0.4482090009184611,0,"0.16,-3.26,-13.39,0,1,-214.52999999999997,0.15789473684210525,0,0.5789473684210527,1,0,0.3333333333333333,-2.24,0.0,0,0,0.0,-3.42,0,0.05555555555555555,0,-3.26,0.0,0",-4.000,73.7,0.1600,-43.8200,-14.3100,-14.3100,0.0,,0,none,19,guide
GGGUGGUCACGAGGGUGGG,CAAGCUGCCCGUGCCCUGGCCCACCCUCGUGACCACCCUGACCUACGGCGUGCAGUG,0.2080824573936116,0,"0.0,-3.26,-13.39,0,1,-213.03999999999996,0.15789473684210525,0,0.631578947368421,1,0,0.3888888888888889,-3.26,0.0,0,0,0.0,-3.26,0,0.0,0,-3.26,0.0,0",-2.900,73.7,0.0000,-43.6600,-15.4600,-15.4600,0.0,,0,none,19,guide
AGGGUGGUCACGAGGGUGG,AAGCUGCCCGUGCCCUGGCCCACCCUCGUGACCACCCUGACCUACGGCGUGCAGUGC,0.3463618736605776,0,"1.63,-2.08,-10.48,0,0,-206.41000000000003,0.15789473684210525,0,0.5789473684210527,0,0,0.3333333333333333,-3.26,0.0,0,0,0.0,-3.26,0,0.0,0,-2.08,0.0,0",-2.600,68.4,1.6300,-41.9300,-16.3700,-16.3700,0.0,,0,none,19,guide
CAGGGUGGUCACGAGGGUG,AGCUGCCCGUGCCCUGGCCCACCCUCGUGACCACCCUGACCUACGGCGUGCAGUGCU,0.270435758750893,0,"0.0,-2.11,-10.44,0,0,-207.17999999999998,0.15789473684210525,0,0.5263157894736842,0,0,0.2777777777777778,-2.08,0.0,0,1,0.0,-2.11,0,0.0,0,-2.35,0.0,0",-1.200,68.4,0.0000,-41.3300,-16.2100,-16.2100,0.0,,0,none,19,guide
UCAGGGUGGUCACGAGGGU,GCUGCCCGUGCCCUGGCCCACCCUCGUGACCACCCUGACCUACGGCGUGCAGUGCUU,0.3797326257781406,0,"-0.11,-2.35,-12.44,1,0,-201.73999999999998,0.21052631578947367,0,0.47368421052631576,0,0,0.2777777777777778,-2.11,0.0,0,0,0.0,-2.24,0,0.0,0,-2.36,0.0,0",0.000,63.2,-0.1100,-40.3700,-15.0600,-15.0600,0.0,,0,none,19,guide
GUCAGGGUGGUCACGAGGG,CUGCCCGUGCCCUGGCCCACCCUCGUGACCACCCUGACCUACGGCGUGCAGUGCUUC,0.4331054189202979,0,"0.57,-2.24,-11.4,0,1,-209.18,0.15789473684210525,0,0.5263157894736842,0,0,0.2777777777777778,-2.35,0.0,1,0,0.0,-3.26,0,0.0,0,-2.24,0.0,0",0.000,68.4,1.0200,-41.5700,-15.3000,-15.3000,0.0,,0,none,19,guide
GGUCAGGGUGGUCACGAGG,UGCCCGUGCCCUGGCCCACCCUCGUGACCACCCUGACCUACGGCGUGCAGUGCUUCA,0.5177058883559547,0,"0.0,-3.26,-13.39,0,1,-209.18,0.15789473684210525,0,0.5263157894736842,1,0,0.2777777777777778,-2.24,0.0,0,0,0.0,-3.26,0,0.0,0,-2.11,0.0,0",0.000,68.4,0.0000,-41.3700,-15.3000,-15.3000,0.0,,0,none,19,guide
AGGUCAGGGUGGUCACGAG,GCCCGUGCCCUGGCCCACCCUCGUGACCACCCUGACCUACGGCGUGCAGUGCUUCAG,0.5814879069292785,0,"0.9,-2.08,-10.48,0,0,-202.54999999999998,0.15789473684210525,0,0.47368421052631576,0,0,0.2222222222222222,-3.26,0.0,0,0,0.0,-2.08,0,0.0,0,-2.35,0.0,0",0.000,63.2,0.4500,-39.8400,-15.3000,-15.3000,0.0,,0,none,19,guide
UAGGUCAGGGUGGUCACGA,CCCGUGCCCUGGCCCACCCUCGUGACCACCCUGACCUACGGCGUGCAGUGCUUCAGC,0.5284212674762732,0,"0.57,-1.33,-7.69,1,0,-196.04000000000002,0.21052631578947367,0,0.42105263157894735,0,0,0.2222222222222222,-2.08,0.05555555555555555,0,0,0.0,-2.35,0,0.0,0,-2.24,0.0,1",0.000,57.9,1.0200,-38.4400,-14.1200,-14.1200,0.0,,0,none,19,guide
GUAGGUCAGGGUGGUCACG,CCGUGCCCUGGCCCACCCUCGUGACCACCCUGACCUACGGCGUGCAGUGCUUCAGCC,0.4808653944280028,0,"-0.33,-2.24,-11.4,0,1,-202.44,0.21052631578947367,0,0.47368421052631576,0,0,0.2222222222222222,-1.33,0.05555555555555555,1,0,0.0,-2.36,0,0.0,0,-3.26,0.0,0",-0.100,63.2,0.1200,-39.5300,-13.3700,-13.3700,0.0,,0,none,19,guide
CGUAGGUCAGGGUGGUCAC,CGUGCCCUGGCCCACCCUCGUGACCACCCUGACCUACGGCGUGCAGUGCUUCAGCCG,0.6749668333503419,0,"0.33,-2.36,-10.64,0,0,-202.44,0.21052631578947367,0,0.42105263157894735,0,0,0.2222222222222222,-2.24,0.05555555555555555,0,1,0.0,-2.24,0,0.0,1,-2.11,0.0,0",0.000,63.2,-0.1200,-39.5300,-13.5000,-13.5000,0.0,,0,none,19,guide
CCGUAGGUCAGGGUGGUCA,GUGCCCUGGCCCACCCUCGUGACCACCCUGACCUACGGCGUGCAGUGCUUCAGCCGC,0.4261659352995203,0,"-1.6,-3.26,-13.39,0,0,-200.71,0.21052631578947367,0,0.42105263157894735,0,0,0.2222222222222222,-2.36,0.05555555555555555,0,1,0.05555555555555555,-2.11,1,0.0,0,-2.24,0.0,1",-1.400,63.2,-1.6000,-40.0000,-13.5100,-13.5100,0.0,,0,none,19,guide
GCCGUAGGUCAGGGUGGUC,UGCCCUGGCCCACCCUCGUGACCACCCUGACCUACGGCGUGCAGUGCUUCAGCCGCU,0.3065618940708235,0,"-0.62,-3.42,-14.88,0,1,-208.87000000000003,0.21052631578947367,0,0.47368421052631576,0,1,0.2222222222222222,-3.26,0.05555555555555555,0,0,0.05555555555555555,-2.35,0,0.05555555555555555,0,-3.26,0.0,0",-2.000,68.4,-1.0700,-41.8600,-14.5300,-14.5300,0.0,,0,none,19,guide
CGCCGUAGGUCAGGGUGGU,GCCCUGGCCCACCCUCGUGACCACCCUGACCUACGGCGUGCAGUGCUUCAGCCGCUA,0.4613736095519951,0,"-0.57,-2.36,-10.64,0,0,-203.35,0.21052631578947367,0,0.47368421052631576,0,0,0.2222222222222222,-3.42,0.05555555555555555,0,1,0.05555555555555555,-2.24,0,0.05555555555555555,1,-3.26,0.0,0",-4.500,68.4,-0.5700,-41.3200,-14.6900,-14.6900,0.0,,0,none,19,guide
ACGCCGUAGGUCAGGGUGG,CCCUGGCCCACCCUCGUGACCACCCUGACCUACGGCGUGCAGUGCUUCAGCCGCUAC,0.5794468823349321,0,"1.47,-2.24,-11.4,0,0,-203.35000000000002,0.15789473684210525,0,0.47368421052631576,0,0,0.2222222222222222,-2.36,0.05555555555555555,0,0,0.05555555555555555,-3.26,0,0.05555555555555555,0,-2.08,0.0,0",-4.800,68.4,1.4700,-41.5200,-14.9700,-14.9700,0.0,,0,none,19,guide
CACGCCGUAGGUCAGGGUG,CCUGGCCCACCCUCGUGACCACCCUGACCUACGGCGUGCAGUGCUUCAGCCGCUACC,0.7585467904888255,1,"0.0,-2.11,-10.44,0,0,-204.11999999999998,0.15789473684210525,0,0.42105263157894735,0,0,0.16666666666666666,-2.24,0.05555555555555555,0,1,0.05555555555555555,-2.11,0,0.05555555555555555,0,-2.11,0.0,0",-3.900,68.4,0.0000,-40.5200,-15.8800,-15.8800,0.0,,0,none,19,guide
GCACGCCGUAGGUCAGGGU,CUGGCCCACCCUCGUGACCACCCUGACCUACGGCGUGCAGUGCUUCAGCCGCUACCC,0.6849678538626391,0,"-1.63,-3.42,-14.88,0,1,-204.84,0.15789473684210525,0,0.42105263157894735,0,1,0.16666666666666666,-2.11,0.05555555555555555,0,0,0.05555555555555555,-2.24,0,0.1111111111111111,0,-2.35,0.0,0",-1.600,68.4,-1.6300,-41.5300,-15.7500,-15.7500,0.0,,0,none,19,guide
UGCACGCCGUAGGUCAGGG,UGGCCCACCCUCGUGACCACCCUGACCUACGGCGUGCAGUGCUUCAGCCGCUACCCC,0.5690376569037657,0,"1.6,-2.11,-10.44,1,0,-203.88,0.15789473684210525,0,0.42105263157894735,0,0,0.16666666666666666,-3.42,0.05555555555555555,0,0,0.05555555555555555,-3.26,0,0.1111111111111111,0,-2.24,0.0,0",-1.500,68.4,1.6000,-41.5500,-16.8100,-16.8100,0.0,,0,none,19,guide
CUGCACGCCGUAGGUCAGG,GGCCCACCCUCGUGACCACCCUGACCUACGGCGUGCAGUGCUUCAGCCGCUACCCCG,0.4896418001836922,0,"0.73,-2.08,-10.48,0,0,-204.69,0.15789473684210525,0,0.3684210526315789,0,0,0.1111111111111111,-2.11,0.05555555555555555,1,1,0.05555555555555555,-3.26,0,0.1111111111111111,0,-3.26,0.0,0",-2.700,68.4,1.1800,-40.5200,-15.6600,-15.6600,0.0,,0,none,19,guide
ACUGCACGCCGUAGGUCAG,GCCCACCCUCGUGACCACCCUGACCUACGGCGUGCAGUGCUUCAGCCGCUACCCCGA,0.5749566282273703,0,"0.74,-2.24,-11.4,0,0,-198.97999999999996,0.15789473684210525,0,0.3157894736842105,0,0,0.05555555555555555,-2.08,0.05555555555555555,0,0,0.05555555555555555,-2.08,0,0.1111111111111111,0,-2.08,0.0,0",-3.000,63.2,0.2900,-39.1500,-14.3200,-14.3200,0.0,,0,none,19,guide
CACUGCACGCCGUAGGUCA,CCCACCCUCGUGACCACCCUGACCUACGGCGUGCAGUGCUUCAGCCGCUACCCCGAC,0.5914889274415758,0,"-0.9,-2.11,-10.44,0,0,-198.93999999999997,0.15789473684210525,0,0.2631578947368421,0,0,0.05555555555555555,-2.24,0.05555555555555555,0,1,0.05555555555555555,-2.11,0,0.1111111111111111,0,-1.33,0.0,1",-3.000,63.2,-0.4500,-39.0300,-14.2000,-14.2000,0.0,,0,none,19,guide
GCACUGCACGCCGUAGGUC,CCACCCUCGUGACCACCCUGACCUACGGCGUGCAGUGCUUCAGCCGCUACCCCGACC,0.6137360955199511,0,"-0.62,-3.42,-14.88,0,1,-207.1,0.15789473684210525,0,0.3157894736842105,0,1,0.05555555555555555,-2.11,0.05555555555555555,0,0,0.05555555555555555,-2.35,0,0.16666666666666666,0,-2.24,0.0,0",-3.000,68.4,-1.0700,-40.8400,-14.0700,-14.0700,0.0,,0,none,19,guide
AGCACUGCACGCCGUAGGU,CACCCUCGUGACCACCCUGACCUACGGCGUGCAGUGCUUCAGCCGCUACCCCGACCA,0.5682212470660272,0,"0.16,-2.08,-10.48,0,0,-197.69999999999996,0.15789473684210525,0,0.3157894736842105,0,0,0.05555555555555555,-3.42,0.05555555555555555,0,0,0.05555555555555555,-2.24,0,0.16666666666666666,0,-2.36,0.0,0",-3.200,63.2,0.1600,-39.7200,-15.3800,-15.3800,0.0,,0,none,19,guide
AAGCACUGCACGCCGUAGG,ACCCUCGUGACCACCCUGACCUACGGCGUGCAGUGCUUCAGCCGCUACCCCGACCAC,0.7152770690886826,1,"2.33,-0.93,-6.82,0,0,-196.83999999999997,0.10526315789473684,0,0.3157894736842105,0,0,0.05555555555555555,-2.08,0.05555555555555555,0,0,0.05555555555555555,-3.26,0,0.16666666666666666,0,-3.26,0.0,0",-3.000,63.2,2.7800,-38.9600,-14.0400,-14.0400,0.0,,0,none,19,guide
GAAGCACUGCACGCCGUAG,CCCUCGUGACCACCCUGACCUACGGCGUGCAGUGCUUCAGCCGCUACCCCGACCACA,0.6091437901826717,0,"-0.27,-2.35,-12.44,0,1,-199.60999999999996,0.10526315789473684,0,0.3157894736842105,0,0,0.0,-0.93,0.05555555555555555,0,0,0.05555555555555555,-2.08,0,0.16666666666666666,0,-3.42,0.0,0",-1.900,63.2,-0.2700,-38.5500,-12.8600,-12.8600,0.0,,0,none,19,guide
UGAAGCACUGCACGCCGUA,CCUCGUGACCACCCUGACCUACGGCGUGCAGUGCUUCAGCCGCUACCCCGACCACAU,0.57648739667313,0,"-0.33,-2.11,-10.44,1,0,-192.12999999999997,0.15789473684210525,0,0.2631578947368421,0,0,0.0,-2.35,0.05555555555555555,0,0,0.05555555555555555,-1.33,0,0.16666666666666666,0,-2.36,0.0,1",0.000,57.9,-0.7800,-37.5300,-13.1300,-13.1300,0.0,,0,none,19,guide
CUGAAGCACUGCACGCCGU,CUCGUGACCACCCUGACCUACGGCGUGCAGUGCUUCAGCCGCUACCCCGACCACAUG,0.6337381365445455,0,"-0.74,-2.08,-10.48,0,0,-198.63999999999996,0.15789473684210525,0,0.2631578947368421,0,0,0.0,-2.11,0.0,1,1,0.05555555555555555,-2.24,0,0.16666666666666666,0,-2.24,0.0,0",0.000,63.2,-0.2900,-38.6300,-13.0000,-13.0000,0.0,,0,none,19,guide
GCUGAAGCACUGCACGCCG,UCGUGACCACCCUGACCUACGGCGUGCAGUGCUUCAGCCGCUACCCCGACCACAUGA,0.6030207163996327,0,"-1.06,-3.42,-14.88,0,1,-205.83999999999997,0.10526315789473684,0,0.3157894736842105,0,1,0.0,-2.08,0.0,0,0,0.05555555555555555,-2.36,0,0.2222222222222222,0,-2.11,0.0,0",-0.800,68.4,-1.0600,-40.5100,-12.9700,-12.9700,0.0,,0,none,19,guide
GGCUGAAGCACUGCACGCC,CGUGACCACCCUGACCUACGGCGUGCAGUGCUUCAGCCGCUACCCCGACCACAUGAA,0.7323196244514747,1,"0.0,-3.26,-13.39,0,1,-208.58999999999997,0.10526315789473684,0,0.3157894736842105,1,0,0.05555555555555555,-3.42,0.0,0,0,0.05555555555555555,-3.26,0,0.2222222222222222,0,-3.42,0.0,0",-2.900,68.4,0.0000,-41.4100,-12.9700,-12.9700,0.0,,0,none,19,guide
CGGCUGAAGCACUGCACGC,GUGACCACCCUGACCUACGGCGUGCAGUGCUUCAGCCGCUACCCCGACCACAUGAAG,0.5177058883559547,0,"1.06,-2.36,-10.64,0,0,-205.83999999999997,0.10526315789473684,0,0.3157894736842105,0,0,0.05555555555555555,-3.26,0.0,0,1,0.0,-3.42,0,0.2222222222222222,1,-2.11,0.0,0",-1.400,68.4,1.0600,-40.5100,-14.1500,-14.1500,0.0,,0,none,19,guide
GCGGCUGAAGCACUGCACG,UGACCACCCUGACCUACGGCGUGCAGUGCUUCAGCCGCUACCCCGACCACAUGAAGC,0.8117154811715482,1,"-1.06,-3.42,-14.88,0,1,-205.83999999999997,0.10526315789473684,0,0.3684210526315789,0,1,0.05555555555555555,-2.36,0.0,0,0,0.0,-2.36,0,0.2222222222222222,0,-2.08,0.0,0",-4.200,68.4,-1.0600,-40.5100,-15.5800,-15.5800,0.0,,0,none,19,guide
AGCGGCUGAAGCACUGCAC,GACCACCCUGACCUACGGCGUGCAGUGCUUCAGCCGCUACCCCGACCACAUGAAGCA,0.9209102969690784,1,"1.06,-2.08,-10.48,0,0,-201.96,0.10526315789473684,0,0.3157894736842105,0,0,0.05555555555555555,-3.42,0.0,0,0,0.0,-2.24,0,0.2222222222222222,0,-2.24,0.0,0",-4.000,63.2,0.6100,-39.6800,-16.6500,-16.6500,0.0,,0,none,19,guide
UAGCGGCUGAAGCACUGCA,ACCACCCUGACCUACGGCGUGCAGUGCUUCAGCCGCUACCCCGACCACAUGAAGCAG,0.8367180324522909,1,"0.33,-1.33,-7.69,1,0,-194.53,0.15789473684210525,0,0.3157894736842105,0,0,0.05555555555555555,-2.08,0.05555555555555555,0,0,0.0,-2.11,0,0.2222222222222222,0,-2.11,0.0,1",-4.000,57.9,0.7800,-38.2700,-16.6200,-16.6200,0.0,,0,none,19,guide
GUAGCGGCUGAAGCACUGC,CCACCCUGACCUACGGCGUGCAGUGCUUCAGCCGCUACCCCGACCACAUGAAGCAGC,0.7507908970303092,1,"0.73,-2.24,-11.4,0,1,-202.92999999999998,0.15789473684210525,0,0.3684210526315789,0,0,0.05555555555555555,-1.33,0.05555555555555555,1,0,0.0,-3.42,0,0.2222222222222222,0,-3.42,0.0,0",-3.300,63.2,1.1800,-39.2500,-15.8700,-15.8700,0.0,,0,none,19,guide
GGUAGCGGCUGAAGCACUG,CACCCUGACCUACGGCGUGCAGUGCUUCAGCCGCUACCCCGACCACAUGAAGCAGCA,0.8291662414532096,1,"-0.7,-3.26,-13.39,0,1,-201.43999999999997,0.15789473684210525,0,0.42105263157894735,1,0,0.1111111111111111,-2.24,0.05555555555555555,0,0,0.0,-2.11,0,0.16666666666666666,0,-2.08,0.0,0",-2.500,63.2,-1.1500,-39.2900,-14.6900,-14.6900,0.0,,0,none,19,guide
GGGUAGCGGCUGAAGCACU,ACCCUGACCUACGGCGUGCAGUGCUUCAGCCGCUACCCCGACCACAUGAAGCAGCAC,0.8890703132972754,1,"-1.63,-3.26,-13.39,0,1,-200.66999999999996,0.15789473684210525,0,0.42105263157894735,1,0,0.16666666666666666,-3.26,0.05555555555555555,0,0,0.0,-2.08,0,0.16666666666666666,0,-0.93,0.0,0",-2.200,63.2,-1.6300,-39.7400,-14.6900,-14.6900,0.0,,0,none,19,guide
GGGGUAGCGGCUGAAGCAC,CCCUGACCUACGGCGUGCAGUGCUUCAGCCGCUACCCCGACCACAUGAAGCAGCACG,0.5923053372793142,0,"-0.57,-3.26,-13.39,0,1,-207.29999999999995,0.10526315789473684,0,0.47368421052631576,1,0,0.2222222222222222,-3.26,0.05555555555555555,0,0,0.0,-2.24,0,0.16666666666666666,0,-2.35,0.0,0",-1.200,68.4,-1.0200,-41.8200,-15.5900,-15.5900,0.0,,0,none,19,guide
CGGGGUAGCGGCUGAAGCA,CCUGACCUACGGCGUGCAGUGCUUCAGCCGCUACCCCGACCACAUGAAGCAGCACGA,0.5981222573732013,0,"-0.7,-2.36,-10.64,0,0,-202.81999999999996,0.10526315789473684,0,0.47368421052631576,0,0,0.2222222222222222,-3.26,0.05555555555555555,0,1,0.0,-2.11,0,0.16666666666666666,1,-2.11,0.0,1",-1.300,68.4,-0.7000,-41.3900,-15.4300,-15.4300,0.0,,0,none,19,guide
UCGGGGUAGCGGCUGAAGC,CUGACCUACGGCGUGCAGUGCUUCAGCCGCUACCCCGACCACAUGAAGCAGCACGAC,0.7782426778242679,1,"1.52,-2.35,-12.44,1,0,-204.81999999999996,0.15789473684210525,0,0.47368421052631576,0,0,0.2222222222222222,-2.36,0.05555555555555555,0,0,0.0,-3.42,0,0.16666666666666666,0,-2.08,0.0,0",-2.900,68.4,1.5200,-41.2800,-15.7100,-15.7100,0.0,,0,none,19,guide
GUCGGGGUAGCGGCUGAAG,UGACCUACGGCGUGCAGUGCUUCAGCCGCUACCCCGACCACAUGAAGCAGCACGACU,0.6132258393713645,0,"-0.16,-2.24,-11.4,0,1,-205.05999999999997,0.15789473684210525,0,0.5263157894736842,0,0,0.2222222222222222,-2.35,0.05555555555555555,1,0,0.0,-2.08,0,0.1111111111111111,0,-3.42,0.0,0",-4.400,68.4,-0.1600,-40.8000,-16.7300,-16.7300,0.0,,0,none,19,guide
GGUCGGGGUAGCGGCUGAA,GACCUACGGCGUGCAGUGCUUCAGCCGCUACCCCGACCACAUGAAGCAGCACGACUU,0.3737116032248188,0,"-2.33,-3.26,-13.39,0,1,-204.24999999999997,0.15789473684210525,0,0.5263157894736842,1,0,0.2777777777777778,-2.24,0.05555555555555555,0,0,0.0,-0.93,0,0.1111111111111111,0,-3.26,0.0,1",-5.500,68.4,-2.7800,-41.4800,-16.7300,-16.7300,0.0,,0,none,19,guide
UGGUCGGGGUAGCGGCUGA,ACCUACGGCGUGCAGUGCUUCAGCCGCUACCCCGACCACAUGAAGCAGCACGACUUC,0.5959791815491376,0,"0.24,-2.11,-10.44,1,0,-204.14999999999995,0.21052631578947367,0,0.5263157894736842,0,0,0.2777777777777778,-3.26,0.05555555555555555,0,0,0.0,-2.35,0,0.1111111111111111,0,-2.36,0.0,1",-5.600,68.4,0.2400,-41.9600,-16.7300,-16.7300,0.0,,0,none,19,guide
GUGGUCGGGGUAGCGGCUG,CCUACGGCGUGCAGUGCUUCAGCCGCUACCCCGACCACAUGAAGCAGCACGACUUCU,0.3811613429941831,0,"-0.13,-2.24,-11.4,0,1,-210.54999999999998,0.21052631578947367,0,0.5789473684210527,0,0,0.2777777777777778,-2.11,0.05555555555555555,1,0,0.0,-2.11,0,0.1111111111111111,0,-3.42,0.0,0",-5.600,73.7,-0.1300,-43.0500,-15.5800,-15.5800,0.0,,0,none,19,guide
UGUGGUCGGGGUAGCGGCU,CUACGGCGUGCAGUGCUUCAGCCGCUACCCCGACCACAUGAAGCAGCACGACUUCUU,0.3426880293907541,0,"-0.03,-2.11,-10.44,1,0,-203.10999999999999,0.2631578947368421,0,0.5263157894736842,0,0,0.2777777777777778,-2.24,0.05555555555555555,0,0,0.0,-2.08,0,0.1111111111111111,0,-2.08,0.0,0",-5.000,68.4,-0.0300,-41.8500,-14.5600,-14.5600,0.0,,0,none,19,guide
AUGUGGUCGGGGUAGCGGC,UACGGCGUGCAGUGCUUCAGCCGCUACCCCGACCACAUGAAGCAGCACGACUUCUUC,0.4561689968364119,0,"2.32,-1.1,-9.38,0,0,-205.72999999999996,0.21052631578947367,0,0.5263157894736842,0,0,0.2777777777777778,-2.11,0.05555555555555555,1,0,0.0,-3.42,0,0.1111111111111111,0,-1.33,0.0,0",-3.200,68.4,2.7700,-41.7200,-14.3100,-14.3100,0.0,,0,none,19,guide
CAUGUGGUCGGGGUAGCGG,ACGGCGUGCAGUGCUUCAGCCGCUACCCCGACCACAUGAAGCAGCACGACUUCUUCA,0.4528013062557404,0,"0.7,-2.11,-10.44,0,0,-205.01,0.21052631578947367,0,0.5263157894736842,0,0,0.2777777777777778,-1.1,0.05555555555555555,0,1,0.0,-3.26,0,0.05555555555555555,0,-2.24,0.0,0",-0.700,68.4,1.1500,-40.9600,-13.0600,-13.0600,0.0,,0,none,19,guide
UCAUGUGGUCGGGGUAGCG,CGGCGUGCAGUGCUUCAGCCGCUACCCCGACCACAUGAAGCAGCACGACUUCUUCAA,0.4151444024900499,0,"0.46,-2.35,-12.44,1,0,-200.33999999999997,0.2631578947368421,0,0.47368421052631576,0,0,0.2222222222222222,-2.11,0.05555555555555555,0,0,0.0,-2.36,0,0.05555555555555555,0,-3.26,0.0,0",0.000,63.2,0.4600,-39.3000,-12.9300,-12.9300,0.0,,0,none,19,guide
UUCAUGUGGUCGGGGUAGC,GGCGUGCAGUGCUUCAGCCGCUACCCCGACCACAUGAAGCAGCACGACUUCUUCAAG,0.4566792529849985,0,"2.49,-0.93,-6.82,1,0,-196.51999999999998,0.3157894736842105,1,0.42105263157894735,0,0,0.2222222222222222,-2.35,0.05555555555555555,1,0,0.0,-3.42,0,0.05555555555555555,0,-3.26,0.05555555555555555,0",0.000,57.9,2.9400,-37.8700,-12.0200,-12.0200,0.0,,0,none,19,guide
CUUCAUGUGGUCGGGGUAG,GCGUGCAGUGCUUCAGCCGCUACCCCGACCACAUGAAGCAGCACGACUUCUUCAAGU,0.4048372282886009,0,"0.0,-2.08,-10.48,0,0,-195.83999999999997,0.3157894736842105,0,0.42105263157894735,0,0,0.2222222222222222,-0.93,0.05555555555555555,1,1,0.0,-2.08,0,0.0,0,-3.26,0.05555555555555555,0",-0.700,57.9,0.0000,-37.0800,-10.8400,-10.8400,0.0,,0,none,19,guide
GCUUCAUGUGGUCGGGGUA,CGUGCAGUGCUUCAGCCGCUACCCCGACCACAUGAAGCAGCACGACUUCUUCAAGUC,0.3150321461373609,0,"-2.09,-3.42,-14.88,0,1,-196.51999999999995,0.3157894736842105,0,0.42105263157894735,0,1,0.2222222222222222,-2.08,0.05555555555555555,0,0,0.0,-1.33,0,0.05555555555555555,0,-2.36,0.05555555555555555,1",-2.800,57.9,-2.5400,-37.9200,-10.6800,-10.6800,0.0,,0,none,19,guide
UGCUUCAUGUGGUCGGGGU,GUGCAGUGCUUCAGCCGCUACCCCGACCACAUGAAGCAGCACGACUUCUUCAAGUCC,0.6407796713950403,0,"0.13,-2.11,-10.44,1,0,-195.54999999999998,0.3684210526315789,0,0.42105263157894735,0,0,0.2222222222222222,-3.42,0.0,0,0,0.0,-2.24,0,0.05555555555555555,0,-2.35,0.05555555555555555,0",-2.300,57.9,0.1300,-38.1500,-11.9900,-11.9900,0.0,,0,none,19,guide
CUGCUUCAUGUGGUCGGGG,UGCAGUGCUUCAGCCGCUACCCCGACCACAUGAAGCAGCACGACUUCUUCAAGUCCG,0.3337075211756302,0,"0.73,-2.08,-10.48,0,0,-202.06999999999994,0.3157894736842105,0,0.42105263157894735,0,0,0.2222222222222222,-2.11,0.0,1,1,0.0,-3.26,0,0.05555555555555555,0,-2.24,0.05555555555555555,0",-2.000,63.2,1.1800,-39.0400,-13.0000,-13.0000,0.0,,0,none,19,guide
GCUGCUUCAUGUGGUCGGG,GCAGUGCUUCAGCCGCUACCCCGACCACAUGAAGCAGCACGACUUCUUCAAGUCCGC,0.4131033778957036,0,"-0.16,-3.42,-14.88,0,1,-203.56,0.3157894736842105,0,0.42105263157894735,0,1,0.16666666666666666,-2.08,0.0,0,0,0.0,-3.26,0,0.1111111111111111,0,-3.26,0.05555555555555555,0",-2.800,63.2,-0.1600,-39.2000,-12.9700,-12.9700,0.0,,0,none,19,guide
UGCUGCUUCAUGUGGUCGG,CAGUGCUUCAGCCGCUACCCCGACCACAUGAAGCAGCACGACUUCUUCAAGUCCGCC,0.5180120420451066,0,"1.6,-2.11,-10.44,1,0,-196.89,0.3684210526315789,0,0.3684210526315789,0,0,0.1111111111111111,-3.42,0.0,0,0,0.0,-3.26,0,0.1111111111111111,0,-2.11,0.05555555555555555,0",-3.200,57.9,1.6000,-37.3500,-14.0400,-14.0400,0.0,,0,none,19,guide
GUGCUGCUUCAUGUGGUCG,AGUGCUUCAGCCGCUACCCCGACCACAUGAAGCAGCACGACUUCUUCAAGUCCGCCA,0.6366976222063476,0,"-0.33,-2.24,-11.4,0,1,-198.62,0.3684210526315789,0,0.3684210526315789,0,0,0.05555555555555555,-2.11,0.0,1,0,0.0,-2.36,0,0.1111111111111111,0,-2.24,0.05555555555555555,0",-3.200,57.9,0.1200,-37.0300,-15.2200,-15.2200,0.0,,0,none,19,guide
CGUGCUGCUUCAUGUGGUC,GUGCUUCAGCCGCUACCCCGACCACAUGAAGCAGCACGACUUCUUCAAGUCCGCCAU,0.5108684559648944,0,"0.44,-2.36,-10.64,0,0,-198.61999999999998,0.3684210526315789,0,0.3157894736842105,0,0,0.05555555555555555,-2.24,0.0,0,1,0.0,-2.35,0,0.1111111111111111,1,-2.11,0.05555555555555555,0",-3.200,57.9,-0.0100,-37.0300,-15.3800,-15.3800,0.0,,0,none,19,guide
UCGUGCUGCUUCAUGUGGU,UGCUUCAGCCGCUACCCCGACCACAUGAAGCAGCACGACUUCUUCAAGUCCGCCAUG,0.7217062965608736,1,"-0.11,-2.35,-12.44,1,0,-191.17999999999998,0.42105263157894735,0,0.3157894736842105,0,0,0.05555555555555555,-2.36,0.0,0,0,0.0,-2.24,0,0.1111111111111111,0,-1.1,0.05555555555555555,0",-2.900,52.6,-0.1100,-35.9800,-14.3200,-14.3200,0.0,,0,none,19,guide
GUCGUGCUGCUUCAUGUGG,GCUUCAGCCGCUACCCCGACCACAUGAAGCAGCACGACUUCUUCAAGUCCGCCAUGC,0.6854781100112257,0,"0.57,-2.24,-11.4,0,1,-198.62,0.3684210526315789,0,0.3684210526315789,0,0,0.05555555555555555,-2.35,0.0,1,0,0.0,-3.26,0,0.1111111111111111,0,-2.11,0.05555555555555555,0",-0.900,57.9,1.0200,-37.0300,-14.5600,-14.5600,0.0,,0,none,19,guide
AGUCGUGCUGCUUCAUGUG,CUUCAGCCGCUACCCCGACCACAUGAAGCAGCACGACUUCUUCAAGUCCGCCAUGCC,0.6578222267578324,0,"0.93,-2.08,-10.48,0,0,-191.98999999999998,0.3684210526315789,0,0.3157894736842105,0,0,0.0,-2.24,0.0,0,0,0.0,-2.11,0,0.1111111111111111,0,-2.35,0.05555555555555555,0",-0.700,52.6,0.4800,-35.1500,-14.7200,-14.7200,0.0,,0,none,19,guide
AAGUCGUGCUGCUUCAUGU,UUCAGCCGCUACCCCGACCACAUGAAGCAGCACGACUUCUUCAAGUCCGCCAUGCCC,0.844065720991938,1,"0.86,-0.93,-6.82,0,0,-184.64999999999998,0.3684210526315789,0,0.2631578947368421,0,0,0.0,-2.08,0.0,0,0,0.0,-2.24,0,0.1111111111111111,0,-0.93,0.05555555555555555,0",-0.700,47.4,1.3100,-33.4700,-13.3800,-13.3800,0.0,,0,none,19,guide
GAAGUCGUGCUGCUUCAUG,UCAGCCGCUACCCCGACCACAUGAAGCAGCACGACUUCUUCAAGUCCGCCAUGCCCG,0.6755791407286459,0,"-0.24,-2.35,-12.44,0,1,-193.12999999999997,0.3157894736842105,0,0.3157894736842105,0,0,0.0,-0.93,0.0,0,0,0.0,-2.11,0,0.1111111111111111,0,-2.08,0.05555555555555555,0",-4.200,52.6,-0.2400,-34.7800,-12.2000,-12.2000,0.0,,0,none,19,guide
AGAAGUCGUGCUGCUUCAU,CAGCCGCUACCCCGACCACAUGAAGCAGCACGACUUCUUCAAGUCCGCCAUGCCCGA,0.6880293907541587,0,"-0.53,-2.08,-10.48,0,0,-185.72999999999996,0.3157894736842105,0,0.2631578947368421,0,0,0.0,-2.35,0.0,0,0,0.0,-1.1,0,0.1111111111111111,0,-3.42,0.05555555555555555,0",-4.000,47.4,-0.9800,-33.5500,-12.3100,-12.3100,0.0,,0,none,19,guide
AAGAAGUCGUGCUGCUUCA,AGCCGCUACCCCGACCACAUGAAGCAGCACGACUUCUUCAAGUCCGCCAUGCCCGAA,0.6485355648535565,0,"0.73,-0.93,-6.82,0,0,-183.17,0.2631578947368421,0,0.2631578947368421,0,0,0.0,-2.08,0.0,0,0,0.0,-2.11,0,0.1111111111111111,0,-2.11,0.05555555555555555,1",-4.000,47.4,1.1800,-33.5300,-12.0300,-12.0300,0.0,,0,none,19,guide
GAAGAAGUCGUGCUGCUUC,GCCGCUACCCCGACCACAUGAAGCAGCACGACUUCUUCAAGUCCGCCAUGCCCGAAG,0.6601694050413308,0,"0.0,-2.35,-12.44,0,1,-192.60999999999999,0.2631578947368421,0,0.3157894736842105,0,0,0.0,-0.93,0.0,0,0,0.0,-2.35,0,0.1111111111111111,0,-2.08,0.05555555555555555,0",-2.900,52.6,0.0000,-34.8200,-10.6100,-10.6100,0.0,,0,none,19,guide
UGAAGAAGUCGUGCUGCUU,CCGCUACCCCGACCACAUGAAGCAGCACGACUUCUUCAAGUCCGCCAUGCCCGAAGG,0.5203592203286049,0,"-0.73,-2.11,-10.44,1,0,-183.17,0.3157894736842105,0,0.3157894736842105,0,0,0.0,-2.35,0.0,0,0,0.0,-0.93,0,0.1111111111111111,0,-3.42,0.05555555555555555,0",-0.400,47.4,-1.1800,-33.6800,-10.7200,-10.7200,0.0,,0,none,19,guide
UUGAAGAAGUCGUGCUGCU,CGCUACCCCGACCACAUGAAGCAGCACGACUUCUUCAAGUCCGCCAUGCCCGAAGGC,0.5402592101234821,0,"0.7,-0.93,-6.82,1,0,-183.17,0.3157894736842105,1,0.3157894736842105,0,0,0.0,-2.11,0.0,1,0,0.0,-2.08,0,0.1111111111111111,0,-2.11,0.05555555555555555,0",0.000,47.4,1.1500,-33.6800,-10.7500,-10.7500,0.0,,0,none,19,guide
CUUGAAGAAGUCGUGCUGC,GCUACCCCGACCACAUGAAGCAGCACGACUUCUUCAAGUCCGCCAUGCCCGAAGGCU,0.647719155015818,0,"0.89,-2.08,-10.48,0,0,-190.60999999999999,0.2631578947368421,0,0.3157894736842105,0,0,0.0,-0.93,0.0,1,1,0.0,-3.42,0,0.1111111111111111,0,-2.24,0.05555555555555555,0",0.000,52.6,1.3400,-34.5800,-10.7500,-10.7500,0.0,,0,none,19,guide
ACUUGAAGAAGUCGUGCUG,CUACCCCGACCACAUGAAGCAGCACGACUUCUUCAAGUCCGCCAUGCCCGAAGGCUA,0.7938565159710176,1,"0.77,-2.24,-11.4,0,0,-183.41,0.2631578947368421,0,0.3157894736842105,0,0,0.0,-2.08,0.0,0,0,0.0,-2.11,0,0.05555555555555555,0,-2.36,0.05555555555555555,0",-0.700,47.4,0.3200,-32.9000,-10.4800,-10.4800,0.0,,0,none,19,guide
GACUUGAAGAAGUCGUGCU,UACCCCGACCACAUGAAGCAGCACGACUUCUUCAAGUCCGCCAUGCCCGAAGGCUAC,0.7804878048780489,1,"-1.17,-2.35,-12.44,0,1,-185.41,0.2631578947368421,0,0.3157894736842105,0,0,0.0,-2.24,0.0,0,0,0.0,-2.08,0,0.05555555555555555,0,-2.35,0.05555555555555555,0",-5.200,47.4,-0.7200,-32.9400,-10.6400,-10.6400,0.0,,0,none,19,guide
GGACUUGAAGAAGUCGUGC,ACCCCGACCACAUGAAGCAGCACGACUUCUUCAAGUCCGCCAUGCCCGAAGGCUACG,0.7982447188488622,1,"0.16,-3.26,-13.39,0,1,-192.04,0.21052631578947367,0,0.3684210526315789,1,0,0.05555555555555555,-2.35,0.0,0,0,0.0,-3.42,0,0.05555555555555555,0,-2.24,0.05555555555555555,0",-5.100,52.6,0.1600,-35.0200,-12.0600,-12.0600,0.0,,0,none,19,guide
CGGACUUGAAGAAGUCGUG,CCCCGACCACAUGAAGCAGCACGACUUCUUCAAGUCCGCCAUGCCCGAAGGCUACGU,0.7731401163384021,1,"0.2,-2.36,-10.64,0,0,-187.79999999999998,0.21052631578947367,0,0.3684210526315789,0,0,0.05555555555555555,-3.26,0.0,0,1,0.0,-2.11,0,0.0,1,-2.08,0.05555555555555555,0",-5.100,52.6,-0.2500,-33.7600,-12.9700,-12.9700,0.0,,0,none,19,guide
GCGGACUUGAAGAAGUCGU,CCCGACCACAUGAAGCAGCACGACUUCUUCAAGUCCGCCAUGCCCGAAGGCUACGUC,0.5312787019083579,0,"-1.63,-3.42,-14.88,0,1,-188.52,0.21052631578947367,0,0.3684210526315789,0,1,0.05555555555555555,-2.36,0.0,0,0,0.0,-2.24,0,0.05555555555555555,0,-0.93,0.05555555555555555,0",-5.100,52.6,-1.6300,-34.3700,-13.2200,-13.2200,0.0,,0,none,19,guide
GGCGGACUUGAAGAAGUCG,CCGACCACAUGAAGCAGCACGACUUCUUCAAGUCCGCCAUGCCCGAAGGCUACGUCC,0.4491274619859169,0,"-0.9,-3.26,-13.39,0,1,-194.22999999999996,0.15789473684210525,0,0.42105263157894735,1,0,0.1111111111111111,-3.42,0.0,0,0,0.0,-2.36,0,0.05555555555555555,0,-2.35,0.05555555555555555,0",-5.100,57.9,-0.9000,-36.2900,-15.7100,-15.7100,0.0,,0,none,19,guide
UGGCGGACUUGAAGAAGUC,CGACCACAUGAAGCAGCACGACUUCUUCAAGUCCGCCAUGCCCGAAGGCUACGUCCA,0.5794468823349321,0,"1.14,-2.11,-10.44,1,0,-190.30999999999997,0.21052631578947367,0,0.3684210526315789,0,0,0.1111111111111111,-3.26,0.0,0,0,0.0,-2.35,0,0.05555555555555555,0,-2.08,0.05555555555555555,0",-3.500,52.6,0.6900,-35.1400,-16.8900,-16.8900,0.0,,0,none,19,guide
AUGGCGGACUUGAAGAAGU,GACCACAUGAAGCAGCACGACUUCUUCAAGUCCGCCAUGCCCGAAGGCUACGUCCAG,0.6013878967241556,0,"0.69,-1.1,-9.38,0,0,-183.52999999999997,0.21052631578947367,0,0.3684210526315789,0,0,0.1111111111111111,-2.11,0.0,1,0,0.0,-2.24,0,0.05555555555555555,0,-0.93,0.05555555555555555,0",-1.000,47.4,1.1400,-33.6900,-16.7600,-16.7600,0.0,,0,none,19,guide
CAUGGCGGACUUGAAGAAG,ACCACAUGAAGCAGCACGACUUCUUCAAGUCCGCCAUGCCCGAAGGCUACGUCCAGG,0.5243392182875805,0,"-0.03,-2.11,-10.44,0,0,-190.00999999999996,0.15789473684210525,0,0.3684210526315789,0,0,0.1111111111111111,-1.1,0.0,0,1,0.0,-2.08,0,0.05555555555555555,0,-2.35,0.05555555555555555,0",0.000,52.6,-0.0300,-34.4600,-15.5100,-15.5100,0.0,,0,none,19,guide
GCAUGGCGGACUUGAAGAA,CCACAUGAAGCAGCACGACUUCUUCAAGUCCGCCAUGCCCGAAGGCUACGUCCAGGA,0.3181957342585978,0,"-2.49,-3.42,-14.88,0,1,-190.68999999999997,0.15789473684210525,0,0.3684210526315789,0,1,0.1111111111111111,-2.11,0.0,0,0,0.0,-0.93,0,0.1111111111111111,0,-2.11,0.05555555555555555,1",0.000,52.6,-2.9400,-35.1000,-14.3600,-14.3600,0.0,,0,none,19,guide
GGCAUGGCGGACUUGAAGA,CACAUGAAGCAGCACGACUUCUUCAAGUCCGCCAUGCCCGAAGGCUACGUCCAGGAG,0.4484131033778957,0,"-1.36,-3.26,-13.39,0,1,-197.25999999999996,0.15789473684210525,0,0.42105263157894735,1,0,0.16666666666666666,-3.42,0.0,0,0,0.0,-2.35,0,0.1111111111111111,0,-0.93,0.05555555555555555,1",0.000,57.9,-1.3600,-37.4300,-15.4200,-15.4200,0.0,,0,none,19,guide
GGGCAUGGCGGACUUGAAG,ACAUGAAGCAGCACGACUUCUUCAAGUCCGCCAUGCCCGAAGGCUACGUCCAGGAGC,0.5209715277069089,0,"-0.73,-3.26,-13.39,0,1,-201.92999999999998,0.15789473684210525,0,0.47368421052631576,1,0,0.2222222222222222,-3.26,0.0,0,0,0.0,-2.08,0,0.1111111111111111,0,-2.08,0.05555555555555555,0",0.000,63.2,-1.1800,-39.0400,-15.2600,-15.2600,0.0,,0,none,19,guide
CGGGCAUGGCGGACUUGAA,CAUGAAGCAGCACGACUUCUUCAAGUCCGCCAUGCCCGAAGGCUACGUCCAGGAGCG,0.3813654454536177,0,"-1.43,-2.36,-10.64,0,0,-198.36999999999998,0.15789473684210525,0,0.42105263157894735,0,0,0.2222222222222222,-3.26,0.0,0,1,0.0,-0.93,0,0.1111111111111111,1,-2.24,0.05555555555555555,1",-0.700,63.2,-1.8800,-38.8200,-15.2600,-15.2600,0.0,,0,none,19,guide
UCGGGCAUGGCGGACUUGA,AUGAAGCAGCACGACUUCUUCAAGUCCGCCAUGCCCGAAGGCUACGUCCAGGAGCGC,0.4819879579548933,0,"0.0,-2.35,-12.44,1,0,-200.26999999999998,0.21052631578947367,0,0.42105263157894735,0,0,0.2222222222222222,-2.36,0.0,0,0,0.0,-2.35,0,0.1111111111111111,0,-2.35,0.05555555555555555,1",-1.500,63.2,0.0000,-39.6900,-15.5100,-15.5100,0.0,,0,none,19,guide
UUCGGGCAUGGCGGACUUG,UGAAGCAGCACGACUUCUUCAAGUCCGCCAUGCCCGAAGGCUACGUCCAGGAGCGCA,0.4980100010205123,0,"1.63,-0.93,-6.82,1,0,-198.36999999999995,0.2631578947368421,1,0.42105263157894735,0,0,0.2222222222222222,-2.35,0.0,1,0,0.0,-2.11,0,0.1111111111111111,0,-3.26,0.1111111111111111,0",-1.400,63.2,1.6300,-38.7700,-16.7600,-16.7600,0.0,,0,none,19,guide
CUUCGGGCAUGGCGGACUU,GAAGCAGCACGACUUCUUCAAGUCCGCCAUGCCCGAAGGCUACGUCCAGGAGCGCAC,0.4166751709358098,0,"-1.6,-2.08,-10.48,0,0,-198.40999999999997,0.2631578947368421,0,0.3684210526315789,0,0,0.2222222222222222,-0.93,0.0,1,1,0.0,-0.93,0,0.1111111111111111,0,-2.36,0.1111111111111111,0",-1.600,63.2,-1.6000,-38.7900,-15.5800,-15.5800,0.0,,0,none,19,guide
CCUUCGGGCAUGGCGGACU,AAGCAGCACGACUUCUUCAAGUCCGCCAUGCCCGAAGGCUACGUCCAGGAGCGCACC,0.4804571895091336,0,"-1.63,-3.26,-13.39,0,0,-204.97999999999996,0.21052631578947367,0,0.3684210526315789,0,0,0.2222222222222222,-2.08,0.0,0,1,0.05555555555555555,-2.08,1,0.1111111111111111,0,-3.42,0.05555555555555555,0",-1.700,68.4,-1.6300,-41.0700,-14.2400,-14.2400,0.0,,0,none,19,guide
GCCUUCGGGCAUGGCGGAC,AGCAGCACGACUUCUUCAAGUCCGCCAUGCCCGAAGGCUACGUCCAGGAGCGCACCA,0.8837636493519747,1,"-0.73,-3.42,-14.88,0,1,-213.09999999999994,0.15789473684210525,0,0.42105263157894735,0,1,0.2222222222222222,-3.26,0.0,0,0,0.05555555555555555,-2.24,0,0.16666666666666666,0,-3.26,0.05555555555555555,0",-4.700,73.7,-1.1800,-42.9600,-14.2400,-14.2400,0.0,,0,none,19,guide
AGCCUUCGGGCAUGGCGGA,GCAGCACGACUUCUUCAAGUCCGCCAUGCCCGAAGGCUACGUCCAGGAGCGCACCAU,0.4703541177671191,0,"0.27,-2.08,-10.48,0,0,-204.73999999999995,0.15789473684210525,0,0.42105263157894735,0,0,0.2222222222222222,-3.42,0.0,0,0,0.05555555555555555,-2.35,0,0.16666666666666666,0,-2.11,0.05555555555555555,1",-4.500,68.4,0.2700,-41.9000,-14.4000,-14.4000,0.0,,0,none,19,guide
UAGCCUUCGGGCAUGGCGG,CAGCACGACUUCUUCAAGUCCGCCAUGCCCGAAGGCUACGUCCAGGAGCGCACCAUC,0.6904786202673743,0,"1.93,-1.33,-7.69,1,0,-203.70999999999998,0.21052631578947367,0,0.42105263157894735,0,0,0.2222222222222222,-2.08,0.05555555555555555,0,0,0.05555555555555555,-3.26,0,0.16666666666666666,0,-1.1,0.05555555555555555,0",-4.500,68.4,2.3800,-41.0800,-14.1200,-14.1200,0.0,,0,none,19,guide
GUAGCCUUCGGGCAUGGCG,AGCACGACUUCUUCAAGUCCGCCAUGCCCGAAGGCUACGUCCAGGAGCGCACCAUCU,0.6319012144096336,0,"-0.33,-2.24,-11.4,0,1,-205.44,0.21052631578947367,0,0.42105263157894735,0,0,0.16666666666666666,-1.33,0.05555555555555555,1,0,0.05555555555555555,-2.36,0,0.16666666666666666,0,-2.11,0.05555555555555555,0",-4.500,68.4,0.1200,-40.7600,-13.1000,-13.1000,0.0,,0,none,19,guide
CGUAGCCUUCGGGCAUGGC,GCACGACUUCUUCAAGUCCGCCAUGCCCGAAGGCUACGUCCAGGAGCGCACCAUCUU,0.6898663128890703,0,"1.06,-2.36,-10.64,0,0,-205.44,0.21052631578947367,0,0.3684210526315789,0,0,0.16666666666666666,-2.24,0.05555555555555555,0,1,0.05555555555555555,-3.42,0,0.16666666666666666,1,-3.42,0.05555555555555555,0",-5.400,68.4,1.0600,-40.5600,-14.4100,-14.4100,0.0,,0,none,19,guide
ACGUAGCCUUCGGGCAUGG,CACGACUUCUUCAAGUCCGCCAUGCCCGAAGGCUACGUCCAGGAGCGCACCAUCUUC,0.5698540667415043,0,"1.47,-2.24,-11.4,0,0,-198.24,0.21052631578947367,0,0.3684210526315789,0,0,0.16666666666666666,-2.36,0.05555555555555555,0,0,0.05555555555555555,-3.26,0,0.1111111111111111,0,-3.26,0.05555555555555555,0",-5.700,63.2,1.4700,-39.0800,-14.6900,-14.6900,0.0,,0,none,19,guide
GACGUAGCCUUCGGGCAUG,ACGACUUCUUCAAGUCCGCCAUGCCCGAAGGCUACGUCCAGGAGCGCACCAUCUUCU,0.3809572405347484,0,"-0.24,-2.35,-12.44,0,1,-201.00999999999993,0.21052631578947367,0,0.3684210526315789,0,0,0.1111111111111111,-2.24,0.05555555555555555,0,0,0.05555555555555555,-2.11,0,0.1111111111111111,0,-3.26,0.05555555555555555,0",-4.600,63.2,-0.2400,-38.4700,-13.6700,-13.6700,0.0,,0,none,19,guide
GGACGUAGCCUUCGGGCAU,CGACUUCUUCAAGUCCGCCAUGCCCGAAGGCUACGUCCAGGAGCGCACCAUCUUCUU,0.1800183692213491,0,"-2.16,-3.26,-13.39,0,1,-200.23999999999995,0.21052631578947367,0,0.3684210526315789,1,0,0.16666666666666666,-2.35,0.05555555555555555,0,0,0.05555555555555555,-1.1,0,0.1111111111111111,0,-2.36,0.05555555555555555,0",-4.500,63.2,-2.6100,-39.3200,-12.6000,-12.6000,0.0,,0,none,19,guide
UGGACGUAGCCUUCGGGCA,GACUUCUUCAAGUCCGCCAUGCCCGAAGGCUACGUCCAGGAGCGCACCAUCUUCUUC,0.5410756199612206,0,"0.0,-2.11,-10.44,1,0,-197.57999999999998,0.21052631578947367,0,0.3684210526315789,0,0,0.16666666666666666,-3.26,0.05555555555555555,0,0,0.05555555555555555,-2.11,0,0.1111111111111111,0,-2.35,0.05555555555555555,1",-4.500,63.2,0.0000,-39.9300,-13.7800,-13.7800,0.0,,0,none,19,guide
CUGGACGUAGCCUUCGGGC,ACUUCUUCAAGUCCGCCAUGCCCGAAGGCUACGUCCAGGAGCGCACCAUCUUCUUCA,0.402285947545668,0,"0.89,-2.08,-10.48,0,0,-205.05999999999995,0.21052631578947367,0,0.3684210526315789,0,0,0.16666666666666666,-2.11,0.05555555555555555,1,1,0.05555555555555555,-3.42,0,0.1111111111111111,0,-0.93,0.05555555555555555,0",-3.200,68.4,1.3400,-40.8000,-14.5600,-14.5600,0.0,,0,none,19,guide
CCUGGACGUAGCCUUCGGG,CUUCUUCAAGUCCGCCAUGCCCGAAGGCUACGUCCAGGAGCGCACCAUCUUCUUCAA,0.4509643841208287,0,"0.0,-3.26,-13.39,0,0,-203.57,0.21052631578947367,0,0.3684210526315789,0,0,0.16666666666666666,-2.08,0.05555555555555555,0,1,0.1111111111111111,-3.26,1,0.05555555555555555,0,-2.08,0.05555555555555555,0",-3.800,68.4,0.0000,-40.8400,-14.4000,-14.4000,0.0,,0,none,19,guide
UCCUGGACGUAGCCUUCGG,UUCUUCAAGUCCGCCAUGCCCGAAGGCUACGUCCAGGAGCGCACCAUCUUCUUCAAG,0.3868762118583528,0,"1.36,-2.35,-12.44,1,0,-198.89999999999998,0.2631578947368421,0,0.3157894736842105,0,0,0.1111111111111111,-3.26,0.05555555555555555,0,0,0.1111111111111111,-3.26,0,0.05555555555555555,0,-3.26,0.05555555555555555,0",-0.800,63.2,1.3600,-39.1800,-15.3000,-15.3000,0.0,,0,none,19,guide
CUCCUGGACGUAGCCUUCG,UCUUCAAGUCCGCCAUGCCCGAAGGCUACGUCCAGGAGCGCACCAUCUUCUUCAAGG,0.4481069496887437,0,"-0.17,-2.08,-10.48,0,0,-199.70999999999998,0.2631578947368421,0,0.2631578947368421,0,0,0.05555555555555555,-2.35,0.05555555555555555,1,1,0.1111111111111111,-2.36,0,0.05555555555555555,0,-3.42,0.05555555555555555,0",-0.400,63.2,0.2800,-38.3500,-15.4100,-15.4100,0.0,,0,none,19,guide
GCUCCUGGACGUAGCCUUC,CUUCAAGUCCGCCAUGCCCGAAGGCUACGUCCAGGAGCGCACCAUCUUCUUCAAGGA,0.3908562098173282,0,"-0.62,-3.42,-14.88,0,1,-203.94999999999996,0.2631578947368421,0,0.2631578947368421,0,1,0.05555555555555555,-2.08,0.05555555555555555,0,0,0.1111111111111111,-2.35,0,0.1111111111111111,0,-2.08,0.05555555555555555,0",-0.800,63.2,-1.0700,-39.6100,-15.1400,-15.1400,0.0,,0,none,19,guide
CGCUCCUGGACGUAGCCUU,UUCAAGUCCGCCAUGCCCGAAGGCUACGUCCAGGAGCGCACCAUCUUCUUCAAGGAC,0.5182161445045413,0,"-1.43,-2.36,-10.64,0,0,-198.42999999999998,0.2631578947368421,0,0.2631578947368421,0,0,0.05555555555555555,-3.42,0.05555555555555555,0,1,0.1111111111111111,-0.93,0,0.1111111111111111,1,-1.33,0.05555555555555555,0",-1.100,63.2,-1.8800,-39.0700,-15.3000,-15.3000,0.0,,0,none,19,guide
GCGCUCCUGGACGUAGCCU,UCAAGUCCGCCAUGCCCGAAGGCUACGUCCAGGAGCGCACCAUCUUCUUCAAGGACG,0.4405551586896623,0,"-1.79,-3.42,-14.88,0,1,-206.48999999999998,0.21052631578947367,0,0.3157894736842105,0,1,0.05555555555555555,-2.36,0.05555555555555555,0,0,0.1111111111111111,-2.08,0,0.16666666666666666,0,-2.24,0.0,0",-1.100,68.4,-1.7900,-41.7600,-15.5500,-15.5500,0.0,,0,none,19,guide
UGCGCUCCUGGACGUAGCC,CAAGUCCGCCAUGCCCGAAGGCUACGUCCAGGAGCGCACCAUCUUCUUCAAGGACGA,0.7007857944688234,0,"1.6,-2.11,-10.44,1,0,-206.45,0.21052631578947367,0,0.3157894736842105,0,0,0.05555555555555555,-3.42,0.05555555555555555,0,0,0.1111111111111111,-3.26,0,0.16666666666666666,0,-2.36,0.0,0",-2.000,68.4,1.6000,-41.6400,-16.8900,-16.8900,0.0,,0,none,19,guide
GUGCGCUCCUGGACGUAGC,AAGUCCGCCAUGCCCGAAGGCUACGUCCAGGAGCGCACCAUCUUCUUCAAGGACGAC,0.5859781610368405,0,"0.73,-2.24,-11.4,0,1,-208.18,0.21052631578947367,0,0.3684210526315789,0,0,0.05555555555555555,-2.11,0.05555555555555555,1,0,0.05555555555555555,-3.42,0,0.16666666666666666,0,-2.24,0.0,0",-2.000,68.4,1.1800,-41.1200,-15.7400,-15.7400,0.0,,0,none,19,guide
GGUGCGCUCCUGGACGUAG,AGUCCGCCAUGCCCGAAGGCUACGUCCAGGAGCGCACCAUCUUCUUCAAGGACGACG,0.4614756607817124,0,"-0.73,-3.26,-13.39,0,1,-206.69,0.21052631578947367,0,0.42105263157894735,1,0,0.1111111111111111,-2.24,0.05555555555555555,0,0,0.05555555555555555,-2.08,0,0.1111111111111111,0,-2.35,0.0,0",-2.000,68.4,-1.1800,-41.1600,-15.6300,-15.6300,0.0,,0,none,19,guide
UGGUGCGCUCCUGGACGUA,GUCCGCCAUGCCCGAAGGCUACGUCCAGGAGCGCACCAUCUUCUUCAAGGACGACGG,0.3819777528319216,0,"-0.33,-2.11,-10.44,1,0,-199.21,0.2631578947368421,0,0.3684210526315789,0,0,0.1111111111111111,-3.26,0.05555555555555555,0,0,0.05555555555555555,-1.33,0,0.1111111111111111,0,-3.26,0.0,1",-1.400,63.2,-0.7800,-39.7900,-16.8100,-16.8100,0.0,,0,none,19,guide
AUGGUGCGCUCCUGGACGU,UCCGCCAUGCCCGAAGGCUACGUCCAGGAGCGCACCAUCUUCUUCAAGGACGACGGC,0.6918052862536995,0,"0.69,-1.1,-9.38,0,0,-200.9,0.2631578947368421,0,0.3684210526315789,0,0,0.1111111111111111,-2.11,0.0,1,0,0.05555555555555555,-2.24,0,0.1111111111111111,0,-2.11,0.0,0",-1.300,63.2,1.1400,-39.5600,-15.5000,-15.5000,0.0,,0,none,19,guide
GAUGGUGCGCUCCUGGACG,CCGCCAUGCCCGAAGGCUACGUCCAGGAGCGCACCAUCUUCUUCAAGGACGACGGCA,0.5511786917032351,0,"-0.44,-2.35,-12.44,0,1,-209.38,0.21052631578947367,0,0.42105263157894735,0,0,0.1111111111111111,-1.1,0.0,0,0,0.05555555555555555,-2.36,0,0.1111111111111111,0,-2.08,0.0,0",-1.300,68.4,0.0100,-40.8700,-14.2400,-14.2400,0.0,,0,none,19,guide
AGAUGGUGCGCUCCUGGAC,CGCCAUGCCCGAAGGCUACGUCCAGGAGCGCACCAUCUUCUUCAAGGACGACGGCAA,0.8065108684559649,1,"1.06,-2.08,-10.48,0,0,-205.50000000000003,0.21052631578947367,0,0.3684210526315789,0,0,0.1111111111111111,-2.35,0.0,0,0,0.05555555555555555,-2.24,0,0.1111111111111111,0,-3.26,0.0,0",-0.700,63.2,0.6100,-39.8900,-13.1700,-13.1700,0.0,,0,none,19,guide
AAGAUGGUGCGCUCCUGGA,GCCAUGCCCGAAGGCUACGUCCAGGAGCGCACCAUCUUCUUCAAGGACGACGGCAAC,0.6964996428206961,0,"0.97,-0.93,-6.82,0,0,-197.2,0.21052631578947367,0,0.3684210526315789,0,0,0.1111111111111111,-2.08,0.0,0,0,0.05555555555555555,-2.35,0,0.1111111111111111,0,-2.35,0.0,1",-0.700,57.9,1.4200,-38.2300,-13.1400,-13.1400,0.0,,0,none,19,guide
GAAGAUGGUGCGCUCCUGG,CCAUGCCCGAAGGCUACGUCCAGGAGCGCACCAUCUUCUUCAAGGACGACGGCAACU,0.5757730380651087,0,"0.46,-2.35,-12.44,0,1,-204.64,0.21052631578947367,0,0.42105263157894735,0,0,0.1111111111111111,-0.93,0.0,0,0,0.05555555555555555,-3.26,0,0.1111111111111111,0,-2.08,0.0,0",-0.700,63.2,0.9100,-39.0800,-11.8300,-11.8300,0.0,,0,none,19,guide
AGAAGAUGGUGCGCUCCUG,CAUGCCCGAAGGCUACGUCCAGGAGCGCACCAUCUUCUUCAAGGACGACGGCAACUA,0.5796509847943668,0,"0.93,-2.08,-10.48,0,0,-198.00999999999996,0.21052631578947367,0,0.3684210526315789,0,0,0.05555555555555555,-2.35,0.0,0,0,0.05555555555555555,-2.11,0,0.1111111111111111,0,-3.42,0.0,0",-0.700,57.9,0.4800,-37.4000,-10.9200,-10.9200,0.0,,0,none,19,guide
AAGAAGAUGGUGCGCUCCU,AUGCCCGAAGGCUACGUCCAGGAGCGCACCAUCUUCUUCAAGGACGACGGCAACUAC,0.9575466884375956,1,"0.7,-0.93,-6.82,0,0,-190.67,0.21052631578947367,0,0.3157894736842105,0,0,0.05555555555555555,-2.08,0.0,0,0,0.05555555555555555,-2.08,0,0.1111111111111111,0,-2.36,0.0,0",-0.700,52.6,1.1500,-35.7200,-10.8900,-10.8900,0.0,,0,none,19,guide
GAAGAAGAUGGUGCGCUCC,UGCCCGAAGGCUACGUCCAGGAGCGCACCAUCUUCUUCAAGGACGACGGCAACUACA,0.6211858352893153,0,"0.46,-2.35,-12.44,0,1,-200.07,0.15789473684210525,0,0.3684210526315789,0,0,0.05555555555555555,-0.93,0.0,0,0,0.05555555555555555,-3.26,0,0.1111111111111111,0,-3.42,0.0,0",0.000,57.9,0.9100,-37.3900,-10.7200,-10.7200,0.0,,0,none,19,guide
UGAAGAAGAUGGUGCGCUC,GCCCGAAGGCUACGUCCAGGAGCGCACCAUCUUCUUCAAGGACGACGGCAACUACAA,0.7411980814368814,1,"1.14,-2.11,-10.44,1,0,-193.39999999999995,0.21052631578947367,0,0.3684210526315789,0,0,0.05555555555555555,-2.35,0.0,0,0,0.0,-2.35,0,0.1111111111111111,0,-2.11,0.0,0",0.000,52.6,0.6900,-35.6900,-10.7200,-10.7200,0.0,,0,none,19,guide
UUGAAGAAGAUGGUGCGCU,CCCGAAGGCUACGUCCAGGAGCGCACCAUCUUCUUCAAGGACGACGGCAACUACAAG,0.7633431982855393,1,"0.7,-0.93,-6.82,1,0,-184.05999999999997,0.2631578947368421,1,0.3684210526315789,0,0,0.05555555555555555,-2.11,0.0,1,0,0.0,-2.08,0,0.1111111111111111,0,-2.24,0.05555555555555555,0",0.000,47.4,1.1500,-33.7200,-10.7500,-10.7500,0.0,,0,none,19,guide
CUUGAAGAAGAUGGUGCGC,CCGAAGGCUACGUCCAGGAGCGCACCAUCUUCUUCAAGGACGACGGCAACUACAAGA,0.5091335850597,0,"0.89,-2.08,-10.48,0,0,-191.5,0.21052631578947367,0,0.3684210526315789,0,0,0.05555555555555555,-0.93,0.0,1,1,0.0,-3.42,0,0.1111111111111111,0,-3.26,0.05555555555555555,0",0.000,52.6,1.3400,-34.8200,-10.7500,-10.7500,0.0,,0,none,19,guide
CCUUGAAGAAGAUGGUGCG,CGAAGGCUACGUCCAGGAGCGCACCAUCUUCUUCAAGGACGACGGCAACUACAAGAC,0.719869374425962,1,"-0.9,-3.26,-13.39,0,0,-190.01000000000005,0.21052631578947367,0,0.3684210526315789,0,0,0.05555555555555555,-2.08,0.0,0,1,0.05555555555555555,-2.36,1,0.05555555555555555,0,-2.11,0.05555555555555555,0",-0.400,52.6,-0.9000,-34.6600,-10.4800,-10.4800,0.0,,0,none,19,guide
UCCUUGAAGAAGAUGGUGC,GAAGGCUACGUCCAGGAGCGCACCAUCUUCUUCAAGGACGACGGCAACUACAAGACC,0.8079395856720074,1,"1.52,-2.35,-12.44,1,0,-188.09,0.2631578947368421,0,0.3157894736842105,0,0,0.05555555555555555,-3.26,0.0,0,0,0.05555555555555555,-3.42,0,0.05555555555555555,0,-1.1,0.05555555555555555,0",-0.400,47.4,1.5200,-33.7500,-11.6600,-11.6600,0.0,,0,none,19,guide
GUCCUUGAAGAAGAUGGUG,AAGGCUACGUCCAGGAGCGCACCAUCUUCUUCAAGGACGACGGCAACUACAAGACCC,0.5824063679967344,0,"-0.13,-2.24,-11.4,0,1,-188.33,0.2631578947368421,0,0.3684210526315789,0,0,0.05555555555555555,-2.35,0.0,1,0,0.05555555555555555,-2.11,0,0.0,0,-2.35,0.05555555555555555,0",-0.400,47.4,-0.1300,-33.4700,-13.0800,-13.0800,0.0,,0,none,19,guide
CGUCCUUGAAGAAGAUGGU,AGGCUACGUCCAGGAGCGCACCAUCUUCUUCAAGGACGACGGCAACUACAAGACCCG,0.6166955811817533,0,"-0.57,-2.36,-10.64,0,0,-184.81000000000003,0.2631578947368421,0,0.3157894736842105,0,0,0.05555555555555555,-2.24,0.0,0,1,0.05555555555555555,-2.24,0,0.0,1,-2.08,0.05555555555555555,0",-1.600,47.4,-0.5700,-33.0200,-12.9700,-12.9700,0.0,,0,none,19,guide
UCGUCCUUGAAGAAGAUGG,GGCUACGUCCAGGAGCGCACCAUCUUCUUCAAGGACGACGGCAACUACAAGACCCGC,0.844065720991938,1,"1.36,-2.35,-12.44,1,0,-185.84999999999997,0.2631578947368421,0,0.3157894736842105,0,0,0.05555555555555555,-2.36,0.0,0,0,0.05555555555555555,-3.26,0,0.0,0,-0.93,0.05555555555555555,0",-1.800,47.4,1.3600,-33.1300,-13.2200,-13.2200,0.0,,0,none,19,guide
GUCGUCCUUGAAGAAGAUG,GCUACGUCCAGGAGCGCACCAUCUUCUUCAAGGACGACGGCAACUACAAGACCCGCG,0.4101438922339014,0,"-0.13,-2.24,-11.4,0,1,-187.57999999999998,0.2631578947368421,0,0.3157894736842105,0,0,0.0,-2.35,0.0,1,0,0.05555555555555555,-2.11,0,0.0,0,-2.35,0.05555555555555555,0",-0.800,47.4,-0.1300,-32.6100,-14.6400,-14.6400,0.0,,0,none,19,guide
CGUCGUCCUUGAAGAAGAU,CUACGUCCAGGAGCGCACCAUCUUCUUCAAGGACGACGGCAACUACAAGACCCGCGC,0.3844269823451373,0,"-1.26,-2.36,-10.64,0,0,-184.05999999999995,0.2631578947368421,0,0.2631578947368421,0,0,0.0,-2.24,0.0,0,1,0.05555555555555555,-1.1,0,0.0,1,-2.08,0.05555555555555555,0",-0.400,47.4,-1.7100,-32.3600,-14.8000,-14.8000,0.0,,0,none,19,guide
CCGUCGUCCUUGAAGAAGA,UACGUCCAGGAGCGCACCAUCUUCUUCAAGGACGACGGCAACUACAAGACCCGCGCC,0.2980916420042862,0,"-1.36,-3.26,-13.39,0,0,-188.06999999999996,0.21052631578947367,0,0.2631578947368421,0,0,0.0,-2.36,0.0,0,1,0.1111111111111111,-2.35,1,0.0,0,-0.93,0.05555555555555555,1",-0.400,52.6,-1.3600,-34.4700,-13.9000,-13.9000,0.0,,0,none,19,guide
GCCGUCGUCCUUGAAGAAG,ACGUCCAGGAGCGCACCAUCUUCUUCAAGGACGACGGCAACUACAAGACCCGCGCCG,0.3205429125420961,0,"-0.89,-3.42,-14.88,0,1,-194.22999999999996,0.21052631578947367,0,0.3157894736842105,0,1,0.0,-3.26,0.0,0,0,0.1111111111111111,-2.08,0,0.05555555555555555,0,-2.35,0.05555555555555555,0",0.000,57.9,-1.3400,-36.0900,-14.8100,-14.8100,0.0,,0,none,19,guide
UGCCGUCGUCCUUGAAGAA,CGUCCAGGAGCGCACCAUCUUCUUCAAGGACGACGGCAACUACAAGACCCGCGCCGA,0.4563730992958465,0,"-0.73,-2.11,-10.44,1,0,-186.74999999999997,0.2631578947368421,0,0.2631578947368421,0,0,0.0,-3.42,0.0,0,0,0.1111111111111111,-0.93,0,0.05555555555555555,0,-2.11,0.05555555555555555,1",0.000,52.6,-1.1800,-35.0700,-15.9900,-15.9900,0.0,,0,none,19,guide
UUGCCGUCGUCCUUGAAGA,GUCCAGGAGCGCACCAUCUUCUUCAAGGACGACGGCAACUACAAGACCCGCGCCGAG,0.7050719461169508,0,"0.97,-0.93,-6.82,1,0,-186.75,0.3157894736842105,1,0.2631578947368421,0,0,0.0,-2.11,0.0,1,0,0.1111111111111111,-2.35,0,0.05555555555555555,0,-0.93,0.1111111111111111,1",0.000,52.6,1.4200,-34.9200,-15.7400,-15.7400,0.0,,0,none,19,guide
GUUGCCGUCGUCCUUGAAG,UCCAGGAGCGCACCAUCUUCUUCAAGGACGACGGCAACUACAAGACCCGCGCCGAGG,0.5864884171854271,0,"-0.16,-2.24,-11.4,0,1,-193.14999999999998,0.3157894736842105,0,0.3157894736842105,0,0,0.0,-0.93,0.0,1,0,0.1111111111111111,-2.08,0,0.05555555555555555,0,-2.08,0.1111111111111111,0",0.000,57.9,-0.1600,-35.8100,-14.3200,-14.3200,0.0,,0,none,19,guide
AGUUGCCGUCGUCCUUGAA,CCAGGAGCGCACCAUCUUCUUCAAGGACGACGGCAACUACAAGACCCGCGCCGAGGU,0.5506684355546485,0,"-0.7,-2.08,-10.48,0,0,-185.70999999999998,0.3157894736842105,0,0.2631578947368421,0,0,0.0,-2.24,0.0,0,0,0.1111111111111111,-0.93,0,0.05555555555555555,0,-3.26,0.1111111111111111,1",0.000,52.6,-1.1500,-34.9600,-14.3200,-14.3200,0.0,,0,none,19,guide
UAGUUGCCGUCGUCCUUGA,CAGGAGCGCACCAUCUUCUUCAAGGACGACGGCAACUACAAGACCCGCGCCGAGGUG,0.7361975711807328,1,"0.57,-1.33,-7.69,1,0,-186.58,0.3684210526315789,0,0.2631578947368421,0,0,0.0,-2.08,0.05555555555555555,0,0,0.1111111111111111,-2.35,0,0.05555555555555555,0,-2.35,0.1111111111111111,1",0.000,52.6,1.0200,-35.2100,-14.0400,-14.0400,0.0,,0,none,19,guide
GUAGUUGCCGUCGUCCUUG,AGGAGCGCACCAUCUUCUUCAAGGACGACGGCAACUACAAGACCCGCGCCGAGGUGA,0.4803551382794163,0,"-0.13,-2.24,-11.4,0,1,-192.98,0.3684210526315789,0,0.3157894736842105,0,0,0.0,-1.33,0.05555555555555555,1,0,0.1111111111111111,-2.11,0,0.05555555555555555,0,-2.24,0.1111111111111111,0",0.000,57.9,-0.1300,-36.3000,-12.1100,-12.1100,0.0,,0,none,19,guide
UGUAGUUGCCGUCGUCCUU,GGAGCGCACCAUCUUCUUCAAGGACGACGGCAACUACAAGACCCGCGCCGAGGUGAA,0.6470047964077967,0,"-0.73,-2.11,-10.44,1,0,-185.54,0.42105263157894735,0,0.2631578947368421,0,0,0.0,-2.24,0.05555555555555555,0,0,0.1111111111111111,-0.93,0,0.05555555555555555,0,-2.36,0.1111111111111111,0",0.000,52.6,-1.1800,-35.2500,-10.9300,-10.9300,0.0,,0,none,19,guide
UUGUAGUUGCCGUCGUCCU,GAGCGCACCAUCUUCUUCAAGGACGACGGCAACUACAAGACCCGCGCCGAGGUGAAG,0.6380242881926728,0,"0.7,-0.93,-6.82,1,0,-185.54,0.42105263157894735,1,0.2631578947368421,0,0,0.0,-2.11,0.05555555555555555,1,0,0.1111111111111111,-2.08,0,0.05555555555555555,0,-2.35,0.1111111111111111,0",0.000,52.6,1.1500,-35.4000,-10.9300,-10.9300,0.0,,0,none,19,guide
CUUGUAGUUGCCGUCGUCC,AGCGCACCAUCUUCUUCAAGGACGACGGCAACUACAAGACCCGCGCCGAGGUGAAGU,0.5432186957852843,0,"0.73,-2.08,-10.48,0,0,-192.98000000000002,0.3684210526315789,0,0.2631578947368421,0,0,0.0,-0.93,0.05555555555555555,1,1,0.1111111111111111,-3.26,0,0.05555555555555555,0,-2.24,0.1111111111111111,0",0.000,57.9,1.1800,-36.5000,-10.9300,-10.9300,0.0,,0,none,19,guide
UCUUGUAGUUGCCGUCGUC,GCGCACCAUCUUCUUCAAGGACGACGGCAACUACAAGACCCGCGCCGAGGUGAAGUU,0.5903663639146852,0,"0.9,-2.35,-12.44,1,0,-188.31000000000003,0.42105263157894735,0,0.2631578947368421,0,0,0.0,-2.08,0.05555555555555555,0,0,0.05555555555555555,-2.35,0,0.05555555555555555,0,-2.36,0.1111111111111111,0",0.000,52.6,0.4500,-34.8900,-10.7700,-10.7700,0.0,,0,none,19,guide
GUCUUGUAGUUGCCGUCGU,CGCACCAUCUUCUUCAAGGACGACGGCAACUACAAGACCCGCGCCGAGGUGAAGUUC,0.457495662822737,0,"-0.9,-2.24,-11.4,0,1,-187.27,0.42105263157894735,0,0.3157894736842105,0,0,0.0,-2.35,0.05555555555555555,1,0,0.05555555555555555,-2.24,0,0.05555555555555555,0,-3.26,0.1111111111111111,0",0.000,52.6,-0.4500,-34.7300,-11.0400,-11.0400,0.0,,0,none,19,guide
GGUCUUGUAGUUGCCGUCG,GCACCAUCUUCUUCAAGGACGACGGCAACUACAAGACCCGCGCCGAGGUGAAGUUCG,0.8210021430758242,1,"-0.9,-3.26,-13.39,0,1,-192.98000000000002,0.3684210526315789,0,0.3684210526315789,1,0,0.05555555555555555,-2.24,0.05555555555555555,0,0,0.05555555555555555,-2.36,0,0.05555555555555555,0,-3.42,0.1111111111111111,0",-1.200,57.9,-0.9000,-36.3000,-11.9500,-11.9500,0.0,,0,none,19,guide
GGGUCUUGUAGUUGCCGUC,CACCAUCUUCUUCAAGGACGACGGCAACUACAAGACCCGCGCCGAGGUGAAGUUCGA,0.7146647617103786,1,"-0.46,-3.26,-13.39,0,1,-195.73,0.3684210526315789,0,0.3684210526315789,1,0,0.1111111111111111,-3.26,0.05555555555555555,0,0,0.05555555555555555,-2.35,0,0.05555555555555555,0,-2.11,0.1111111111111111,0",-1.100,57.9,-0.9100,-37.2000,-12.9700,-12.9700,0.0,,0,none,19,guide
CGGGUCUUGUAGUUGCCGU,ACCAUCUUCUUCAAGGACGACGGCAACUACAAGACCCGCGCCGAGGUGAAGUUCGAG,0.7075211756301664,0,"-0.57,-2.36,-10.64,0,0,-190.21,0.3684210526315789,0,0.3684210526315789,0,0,0.1111111111111111,-3.26,0.05555555555555555,0,1,0.05555555555555555,-2.24,0,0.05555555555555555,1,-0.93,0.1111111111111111,0",-1.800,57.9,-0.5700,-36.6600,-14.1200,-14.1200,0.0,,0,none,19,guide
GCGGGUCUUGUAGUUGCCG,CCAUCUUCUUCAAGGACGACGGCAACUACAAGACCCGCGCCGAGGUGAAGUUCGAGG,0.5061740993978978,0,"-1.06,-3.42,-14.88,0,1,-197.40999999999997,0.3157894736842105,0,0.42105263157894735,0,1,0.1111111111111111,-2.36,0.05555555555555555,0,0,0.05555555555555555,-2.36,0,0.1111111111111111,0,-2.24,0.1111111111111111,0",-1.400,63.2,-1.0600,-38.5900,-15.5500,-15.5500,0.0,,0,none,19,guide
CGCGGGUCUUGUAGUUGCC,CAUCUUCUUCAAGGACGACGGCAACUACAAGACCCGCGCCGAGGUGAAGUUCGAGGG,0.5168894785182162,0,"0.9,-2.36,-10.64,0,0,-197.40999999999997,0.3157894736842105,0,0.3684210526315789,0,0,0.1111111111111111,-3.42,0.05555555555555555,0,1,0.05555555555555555,-3.26,0,0.1111111111111111,1,-2.08,0.1111111111111111,0",-1.400,63.2,0.9000,-38.1900,-16.8900,-16.8900,0.0,,0,none,19,guide
GCGCGGGUCUUGUAGUUGC,AUCUUCUUCAAGGACGACGGCAACUACAAGACCCGCGCCGAGGUGAAGUUCGAGGGC,0.4882130829676498,0,"0.0,-3.42,-14.88,0,1,-198.9,0.3157894736842105,0,0.42105263157894735,0,1,0.1111111111111111,-2.36,0.05555555555555555,0,0,0.0,-3.42,0,0.16666666666666666,0,-1.33,0.1111111111111111,0",-0.600,63.2,0.0000,-38.5500,-16.9000,-16.9000,0.0,,0,none,19,guide
GGCGCGGGUCUUGUAGUUG,UCUUCUUCAAGGACGACGGCAACUACAAGACCCGCGCCGAGGUGAAGUUCGAGGGCG,0.5450556179201961,0,"-0.7,-3.26,-13.39,0,1,-197.41,0.3157894736842105,0,0.47368421052631576,1,0,0.16666666666666666,-3.42,0.05555555555555555,0,0,0.0,-2.11,0,0.1111111111111111,0,-2.24,0.1111111111111111,0",-2.000,63.2,-1.1500,-38.5900,-18.0800,-18.0800,0.0,,0,none,19,guide
CGGCGCGGGUCUUGUAGUU,CUUCUUCAAGGACGACGGCAACUACAAGACCCGCGCCGAGGUGAAGUUCGAGGGCGA,0.3529952035922033,0,"-1.43,-2.36,-10.64,0,0,-193.89,0.3157894736842105,0,0.42105263157894735,0,0,0.16666666666666666,-3.26,0.05555555555555555,0,1,0.0,-0.93,0,0.1111111111111111,1,-2.11,0.1111111111111111,0",-2.200,63.2,-1.8800,-38.1400,-18.0800,-18.0800,0.0,,0,none,19,guide
UCGGCGCGGGUCUUGUAGU,UUCUUCAAGGACGACGGCAACUACAAGACCCGCGCCGAGGUGAAGUUCGAGGGCGAC,0.5514848453923871,0,"-0.11,-2.35,-12.44,1,0,-195.79,0.3157894736842105,0,0.42105263157894735,0,0,0.16666666666666666,-2.36,0.05555555555555555,0,0,0.0,-2.24,0,0.1111111111111111,0,-0.93,0.05555555555555555,0",-2.200,63.2,-0.1100,-39.1600,-17.1800,-17.1800,0.0,,0,none,19,guide
CUCGGCGCGGGUCUUGUAG,UCUUCAAGGACGACGGCAACUACAAGACCCGCGCCGAGGUGAAGUUCGAGGGCGACA,0.7633431982855393,1,"0.0,-2.08,-10.48,0,0,-202.30999999999997,0.2631578947368421,0,0.42105263157894735,0,0,0.16666666666666666,-2.35,0.05555555555555555,1,1,0.0,-2.08,0,0.1111111111111111,0,-2.08,0.05555555555555555,0",-2.200,68.4,0.0000,-40.1000,-17.1700,-17.1700,0.0,,0,none,19,guide
CCUCGGCGCGGGUCUUGUA,CUUCAAGGACGACGGCAACUACAAGACCCGCGCCGAGGUGAAGUUCGAGGGCGACAC,0.5325033166649659,0,"-1.93,-3.26,-13.39,0,0,-201.49999999999997,0.2631578947368421,0,0.3684210526315789,0,0,0.16666666666666666,-2.08,0.05555555555555555,0,1,0.05555555555555555,-1.33,1,0.1111111111111111,0,-2.35,0.05555555555555555,1",-2.200,68.4,-2.3800,-40.3800,-15.8300,-15.8300,0.0,,0,none,19,guide
ACCUCGGCGCGGGUCUUGU,UUCAAGGACGACGGCAACUACAAGACCCGCGCCGAGGUGAAGUUCGAGGGCGACACC,0.6010817430350036,0,"0.0,-2.24,-11.4,0,0,-201.48999999999998,0.2631578947368421,0,0.3684210526315789,0,0,0.16666666666666666,-3.26,0.0,0,0,0.05555555555555555,-2.24,0,0.1111111111111111,0,-2.24,0.05555555555555555,0",-2.200,68.4,0.0000,-40.9400,-16.7300,-16.7300,0.0,,0,none,19,guide
CACCUCGGCGCGGGUCUUG,UCAAGGACGACGGCAACUACAAGACCCGCGCCGAGGUGAAGUUCGAGGGCGACACCC,0.4579038677416063,0,"0.0,-2.11,-10.44,0,0,-207.96999999999997,0.21052631578947367,0,0.3684210526315789,0,0,0.16666666666666666,-2.24,0.0,0,1,0.05555555555555555,-2.11,0,0.1111111111111111,0,-3.26,0.05555555555555555,0",-2.400,73.7,0.0000,-42.0600,-15.5500,-15.5500,0.0,,0,none,19,guide
UCACCUCGGCGCGGGUCUU,CAAGGACGACGGCAACUACAAGACCCGCGCCGAGGUGAAGUUCGAGGGCGACACCCU,0.4854576997652822,0,"-0.97,-2.35,-12.44,1,0,-202.52999999999997,0.2631578947368421,0,0.3157894736842105,0,0,0.16666666666666666,-2.11,0.0,0,0,0.05555555555555555,-0.93,0,0.1111111111111111,0,-3.26,0.05555555555555555,0",-2.400,68.4,-1.4200,-41.0500,-14.4000,-14.4000,0.0,,0,none,19,guide
UUCACCUCGGCGCGGGUCU,AAGGACGACGGCAACUACAAGACCCGCGCCGAGGUGAAGUUCGAGGGCGACACCCUG,0.8094703541177671,1,"0.7,-0.93,-6.82,1,0,-202.52999999999997,0.2631578947368421,1,0.3157894736842105,0,0,0.16666666666666666,-2.35,0.0,1,0,0.05555555555555555,-2.08,0,0.1111111111111111,0,-2.36,0.05555555555555555,0",-2.400,68.4,1.1500,-41.2000,-14.3900,-14.3900,0.0,,0,none,19,guide
CUUCACCUCGGCGCGGGUC,AGGACGACGGCAACUACAAGACCCGCGCCGAGGUGAAGUUCGAGGGCGACACCCUGG,0.7334421879783652,1,"0.27,-2.08,-10.48,0,0,-209.96999999999994,0.21052631578947367,0,0.3157894736842105,0,0,0.16666666666666666,-0.93,0.0,1,1,0.05555555555555555,-2.35,0,0.1111111111111111,0,-3.42,0.05555555555555555,0",-2.400,73.7,0.2700,-42.1000,-12.9700,-12.9700,0.0,,0,none,19,guide
ACUUCACCUCGGCGCGGGU,GGACGACGGCAACUACAAGACCCGCGCCGAGGUGAAGUUCGAGGGCGACACCCUGGU,0.5862843147259925,0,"0.0,-2.24,-11.4,0,0,-201.48999999999998,0.21052631578947367,0,0.3157894736842105,0,0,0.16666666666666666,-2.08,0.0,0,0,0.05555555555555555,-2.24,0,0.1111111111111111,0,-2.36,0.05555555555555555,0",-2.100,68.4,0.0000,-40.9400,-12.9700,-12.9700,0.0,,0,none,19,guide
AACUUCACCUCGGCGCGGG,GACGACGGCAACUACAAGACCCGCGCCGAGGUGAAGUUCGAGGGCGACACCCUGGUG,0.5607715072966629,0,"2.33,-0.93,-6.82,0,0,-200.62999999999994,0.15789473684210525,0,0.3157894736842105,0,0,0.16666666666666666,-2.24,0.0,0,0,0.05555555555555555,-3.26,0,0.1111111111111111,0,-3.42,0.05555555555555555,0",-0.900,68.4,2.7800,-40.1800,-11.9500,-11.9500,0.0,,0,none,19,guide
GAACUUCACCUCGGCGCGG,ACGACGGCAACUACAAGACCCGCGCCGAGGUGAAGUUCGAGGGCGACACCCUGGUGA,0.2870701091948158,0,"0.46,-2.35,-12.44,0,1,-203.39999999999998,0.15789473684210525,0,0.3157894736842105,0,0,0.1111111111111111,-0.93,0.0,0,0,0.05555555555555555,-3.26,0,0.1111111111111111,0,-3.26,0.05555555555555555,0",0.000,68.4,0.9100,-39.7700,-10.6400,-10.6400,0.0,,0,none,19,guide
CGAACUUCACCUCGGCGCG,CGACGGCAACUACAAGACCCGCGCCGAGGUGAAGUUCGAGGGCGACACCCUGGUGAA,0.7817124196346565,1,"0.0,-2.36,-10.64,0,0,-200.64999999999998,0.15789473684210525,0,0.2631578947368421,0,0,0.05555555555555555,-2.35,0.0,0,1,0.05555555555555555,-2.36,0,0.1111111111111111,1,-2.36,0.05555555555555555,0",-1.100,68.4,0.0000,-38.8700,-10.8800,-10.8800,0.0,,0,none,19,guide
UCGAACUUCACCUCGGCGC,GACGGCAACUACAAGACCCGCGCCGAGGUGAAGUUCGAGGGCGACACCCUGGUGAAC,0.8923359526482294,1,"1.52,-2.35,-12.44,1,0,-198.72999999999996,0.21052631578947367,0,0.21052631578947367,0,0,0.05555555555555555,-2.36,0.0,0,0,0.05555555555555555,-3.42,0,0.1111111111111111,0,-2.35,0.05555555555555555,0",-1.300,63.2,1.5200,-38.3100,-10.8900,-10.8900,0.0,,0,none,19,guide
CUCGAACUUCACCUCGGCG,ACGGCAACUACAAGACCCGCGCCGAGGUGAAGUUCGAGGGCGACACCCUGGUGAACC,0.6796611899173385,0,"-0.17,-2.08,-10.48,0,0,-198.04999999999995,0.21052631578947367,0,0.21052631578947367,0,0,0.05555555555555555,-2.35,0.0,1,1,0.05555555555555555,-2.36,0,0.05555555555555555,0,-2.08,0.05555555555555555,0",-1.500,63.2,0.2800,-37.7200,-12.3100,-12.3100,0.0,,0,none,19,guide
CCUCGAACUUCACCUCGGC,CGGCAACUACAAGACCCGCGCCGAGGUGAAGUUCGAGGGCGACACCCUGGUGAACCG,0.4832125727115012,0,"0.16,-3.26,-13.39,0,0,-200.8,0.21052631578947367,0,0.15789473684210525,0,0,0.05555555555555555,-2.08,0.0,0,1,0.1111111111111111,-3.42,1,0.05555555555555555,0,-3.26,0.05555555555555555,0",-1.500,63.2,0.1600,-38.4200,-12.3100,-12.3100,0.0,,0,none,19,guide
CCCUCGAACUUCACCUCGG,GGCAACUACAAGACCCGCGCCGAGGUGAAGUUCGAGGGCGACACCCUGGUGAACCGC,0.6644555566894581,0,"0.0,-3.26,-13.39,0,0,-199.31,0.21052631578947367,0,0.15789473684210525,0,0,0.05555555555555555,-3.26,0.0,0,1,0.16666666666666666,-3.26,1,0.0,0,-2.24,0.05555555555555555,0",-1.300,63.2,0.0000,-38.2600,-13.3300,-13.3300,0.0,,0,none,19,guide
GCCCUCGAACUUCACCUCG,GCAACUACAAGACCCGCGCCGAGGUGAAGUUCGAGGGCGACACCCUGGUGAACCGCA,0.4093274823961629,0,"-1.06,-3.42,-14.88,0,1,-200.8,0.21052631578947367,0,0.15789473684210525,0,1,0.0,-3.26,0.0,0,0,0.16666666666666666,-2.36,0,0.05555555555555555,0,-2.11,0.05555555555555555,0",0.000,63.2,-1.0600,-38.4200,-15.6600,-15.6600,0.0,,0,none,19,guide
CGCCCUCGAACUUCACCUC,CAACUACAAGACCCGCGCCGAGGUGAAGUUCGAGGGCGACACCCUGGUGAACCGCAU,0.5933258495764875,0,"0.44,-2.36,-10.64,0,0,-200.79999999999998,0.21052631578947367,0,0.10526315789473684,0,0,0.0,-3.42,0.0,0,1,0.16666666666666666,-2.35,0,0.05555555555555555,1,-2.35,0.05555555555555555,0",0.000,63.2,-0.0100,-38.4200,-16.7300,-16.7300,0.0,,0,none,19,guide
UCGCCCUCGAACUUCACCU,AACUACAAGACCCGCGCCGAGGUGAAGUUCGAGGGCGACACCCUGGUGAACCGCAUC,0.7760996020002041,1,"-0.27,-2.35,-12.44,1,0,-193.35999999999999,0.2631578947368421,0,0.10526315789473684,0,0,0.0,-2.36,0.0,0,0,0.16666666666666666,-2.08,0,0.05555555555555555,0,-0.93,0.05555555555555555,0",0.000,57.9,-0.2700,-37.3700,-16.7300,-16.7300,0.0,,0,none,19,guide
GUCGCCCUCGAACUUCACC,ACUACAAGACCCGCGCCGAGGUGAAGUUCGAGGGCGACACCCUGGUGAACCGCAUCG,0.6953770792938055,0,"0.57,-2.24,-11.4,0,1,-201.71999999999997,0.21052631578947367,0,0.15789473684210525,0,0,0.0,-2.35,0.0,1,0,0.16666666666666666,-3.26,0,0.05555555555555555,0,-2.08,0.05555555555555555,0",0.000,63.2,1.0200,-38.7800,-16.7300,-16.7300,0.0,,0,none,19,guide
UGUCGCCCUCGAACUUCAC,CUACAAGACCCGCGCCGAGGUGAAGUUCGAGGGCGACACCCUGGUGAACCGCAUCGA,0.7037452801306255,0,"1.03,-2.11,-10.44,1,0,-195.05,0.2631578947368421,0,0.15789473684210525,0,0,0.0,-2.24,0.0,0,0,0.1111111111111111,-2.24,0,0.05555555555555555,0,-2.24,0.05555555555555555,0",0.000,57.9,0.5800,-36.9300,-16.8900,-16.8900,0.0,,0,none,19,guide
GUGUCGCCCUCGAACUUCA,UACAAGACCCGCGCCGAGGUGAAGUUCGAGGGCGACACCCUGGUGAACCGCAUCGAG,0.678538626390448,0,"-1.03,-2.24,-11.4,0,1,-195.04999999999998,0.2631578947368421,0,0.21052631578947367,0,0,0.0,-2.11,0.0,1,0,0.1111111111111111,-2.11,0,0.05555555555555555,0,-0.93,0.05555555555555555,1",-0.200,57.9,-0.5800,-36.8800,-15.7400,-15.7400,0.0,,0,none,19,guide
GGUGUCGCCCUCGAACUUC,ACAAGACCCGCGCCGAGGUGAAGUUCGAGGGCGACACCCUGGUGAACCGCAUCGAGC,0.529033574854577,0,"-0.46,-3.26,-13.39,0,1,-201.71999999999997,0.2631578947368421,0,0.2631578947368421,1,0,0.05555555555555555,-2.24,0.0,0,0,0.1111111111111111,-2.35,0,0.05555555555555555,0,-2.35,0.05555555555555555,0",-0.700,63.2,-0.9100,-38.3800,-14.7200,-14.7200,0.0,,0,none,19,guide
GGGUGUCGCCCUCGAACUU,CAAGACCCGCGCCGAGGUGAAGUUCGAGGGCGACACCCUGGUGAACCGCAUCGAGCU,0.3936115930196959,0,"-2.33,-3.26,-13.39,0,1,-198.95,0.2631578947368421,0,0.3157894736842105,1,0,0.1111111111111111,-3.26,0.0,0,0,0.1111111111111111,-0.93,0,0.05555555555555555,0,-2.36,0.05555555555555555,0",-4.400,63.2,-2.7800,-38.9400,-14.5600,-14.5600,0.0,,0,none,19,guide
AGGGUGUCGCCCUCGAACU,AAGACCCGCGCCGAGGUGAAGUUCGAGGGCGACACCCUGGUGAACCGCAUCGAGCUG,0.5480151035819982,0,"0.0,-2.08,-10.48,0,0,-198.89,0.21052631578947367,0,0.3157894736842105,0,0,0.1111111111111111,-3.26,0.0,0,0,0.1111111111111111,-2.08,0,0.05555555555555555,0,-2.35,0.0,0",-4.900,63.2,0.0000,-39.7400,-15.4600,-15.4600,0.0,,0,none,19,guide
CAGGGUGUCGCCCUCGAAC,AGACCCGCGCCGAGGUGAAGUUCGAGGGCGACACCCUGGUGAACCGCAUCGAGCUGA,0.6020002041024595,0,"0.13,-2.11,-10.44,0,0,-206.29,0.15789473684210525,0,0.3157894736842105,0,0,0.1111111111111111,-2.08,0.0,0,1,0.1111111111111111,-2.24,0,0.05555555555555555,0,-2.08,0.0,0",-5.400,68.4,0.1300,-40.8700,-15.1900,-15.1900,0.0,,0,none,19,guide
CCAGGGUGUCGCCCUCGAA,GACCCGCGCCGAGGUGAAGUUCGAGGGCGACACCCUGGUGAACCGCAUCGAGCUGAA,0.2749260128584549,0,"-2.33,-3.26,-13.39,0,0,-204.56,0.15789473684210525,0,0.3157894736842105,0,0,0.1111111111111111,-2.11,0.0,0,1,0.16666666666666666,-0.93,1,0.05555555555555555,0,-3.26,0.0,1",-5.400,68.4,-2.7800,-41.1400,-15.0600,-15.0600,0.0,,0,none,19,guide
ACCAGGGUGUCGCCCUCGA,ACCCGCGCCGAGGUGAAGUUCGAGGGCGACACCCUGGUGAACCGCAUCGAGCUGAAG,0.3327890601081743,0,"0.11,-2.24,-11.4,0,0,-205.42000000000002,0.15789473684210525,0,0.3157894736842105,0,0,0.1111111111111111,-3.26,0.0,0,0,0.16666666666666666,-2.35,0,0.05555555555555555,0,-3.26,0.0,1",-5.400,68.4,0.1100,-41.9500,-16.2100,-16.2100,0.0,,0,none,19,guide
CACCAGGGUGUCGCCCUCG,CCCGCGCCGAGGUGAAGUUCGAGGGCGACACCCUGGUGAACCGCAUCGAGCUGAAGG,0.2580875599550974,0,"-0.2,-2.11,-10.44,0,0,-210.86,0.15789473684210525,0,0.3157894736842105,0,0,0.1111111111111111,-2.24,0.0,0,1,0.16666666666666666,-2.36,0,0.05555555555555555,0,-3.42,0.0,0",-5.400,73.7,0.2500,-42.7600,-16.2100,-16.2100,0.0,,0,none,19,guide
UCACCAGGGUGUCGCCCUC,CCGCGCCGAGGUGAAGUUCGAGGGCGACACCCUGGUGAACCGCAUCGAGCUGAAGGG,0.4008572303296255,0,"0.9,-2.35,-12.44,1,0,-208.93999999999997,0.21052631578947367,0,0.2631578947368421,0,0,0.1111111111111111,-2.11,0.0,0,0,0.16666666666666666,-2.35,0,0.05555555555555555,0,-2.36,0.0,0",-5.400,68.4,0.4500,-42.2000,-15.0600,-15.0600,0.0,,0,none,19,guide
UUCACCAGGGUGUCGCCCU,CGCGCCGAGGUGAAGUUCGAGGGCGACACCCUGGUGAACCGCAUCGAGCUGAAGGGC,0.5670986835391367,0,"0.7,-0.93,-6.82,1,0,-199.6,0.2631578947368421,1,0.2631578947368421,0,0,0.1111111111111111,-2.35,0.0,1,0,0.16666666666666666,-2.08,0,0.05555555555555555,0,-2.35,0.05555555555555555,0",-5.100,63.2,1.1500,-40.2800,-14.1500,-14.1500,0.0,,0,none,19,guide
GUUCACCAGGGUGUCGCCC,GCGCCGAGGUGAAGUUCGAGGGCGACACCCUGGUGAACCGCAUCGAGCUGAAGGGCA,0.4520869476477192,0,"0.57,-2.24,-11.4,0,1,-207.95999999999998,0.21052631578947367,0,0.3157894736842105,0,0,0.1111111111111111,-0.93,0.0,1,0,0.16666666666666666,-3.26,0,0.05555555555555555,0,-2.24,0.05555555555555555,0",-3.400,68.4,1.0200,-41.4900,-13.0000,-13.0000,0.0,,0,none,19,guide
GGUUCACCAGGGUGUCGCC,CGCCGAGGUGAAGUUCGAGGGCGACACCCUGGUGAACCGCAUCGAGCUGAAGGGCAU,0.6327176242473722,0,"0.0,-3.26,-13.39,0,1,-207.95999999999998,0.21052631578947367,0,0.3684210526315789,1,0,0.16666666666666666,-2.24,0.0,0,0,0.1111111111111111,-3.26,0,0.05555555555555555,0,-2.11,0.05555555555555555,0",-3.300,68.4,0.0000,-41.6900,-13.1300,-13.1300,0.0,,0,none,19,guide
CGGUUCACCAGGGUGUCGC,GCCGAGGUGAAGUUCGAGGGCGACACCCUGGUGAACCGCAUCGAGCUGAAGGGCAUC,0.8261047045616899,1,"1.06,-2.36,-10.64,0,0,-205.20999999999998,0.21052631578947367,0,0.3684210526315789,0,0,0.16666666666666666,-3.26,0.0,0,1,0.05555555555555555,-3.42,0,0.05555555555555555,1,-2.24,0.05555555555555555,0",-0.700,68.4,1.0600,-40.5900,-13.1300,-13.1300,0.0,,0,none,19,guide
GCGGUUCACCAGGGUGUCG,CCGAGGUGAAGUUCGAGGGCGACACCCUGGUGAACCGCAUCGAGCUGAAGGGCAUCG,0.3922849270333707,0,"-1.06,-3.42,-14.88,0,1,-205.20999999999998,0.21052631578947367,0,0.42105263157894735,0,1,0.16666666666666666,-2.36,0.0,0,0,0.05555555555555555,-2.36,0,0.05555555555555555,0,-3.26,0.05555555555555555,0",-0.500,68.4,-1.0600,-40.7900,-13.2500,-13.2500,0.0,,0,none,19,guide
UGCGGUUCACCAGGGUGUC,CGAGGUGAAGUUCGAGGGCGACACCCUGGUGAACCGCAUCGAGCUGAAGGGCAUCGA,0.5240330645984285,0,"1.14,-2.11,-10.44,1,0,-201.29000000000002,0.2631578947368421,0,0.3684210526315789,0,0,0.16666666666666666,-3.42,0.0,0,0,0.05555555555555555,-2.35,0,0.05555555555555555,0,-3.26,0.05555555555555555,0",-0.400,63.2,0.6900,-39.6400,-14.5600,-14.5600,0.0,,0,none,19,guide
AUGCGGUUCACCAGGGUGU,GAGGUGAAGUUCGAGGGCGACACCCUGGUGAACCGCAUCGAGCUGAAGGGCAUCGAC,0.7718134503520767,1,"0.69,-1.1,-9.38,0,0,-194.51,0.2631578947368421,0,0.3684210526315789,0,0,0.16666666666666666,-2.11,0.0,1,0,0.05555555555555555,-2.24,0,0.05555555555555555,0,-2.08,0.05555555555555555,0",-0.400,57.9,1.1400,-38.0400,-14.3200,-14.3200,0.0,,0,none,19,guide
GAUGCGGUUCACCAGGGUG,AGGUGAAGUUCGAGGGCGACACCCUGGUGAACCGCAUCGAGCUGAAGGGCAUCGACU,0.6735381161342995,0,"-0.24,-2.35,-12.44,0,1,-202.98999999999998,0.21052631578947367,0,0.42105263157894735,0,0,0.16666666666666666,-1.1,0.0,0,0,0.05555555555555555,-2.11,0,0.05555555555555555,0,-2.11,0.05555555555555555,0",-0.900,63.2,-0.2400,-39.4000,-14.4900,-14.4900,0.0,,0,none,19,guide
CGAUGCGGUUCACCAGGGU,GGUGAAGUUCGAGGGCGACACCCUGGUGAACCGCAUCGAGCUGAAGGGCAUCGACUU,0.5185222981936933,0,"-0.57,-2.36,-10.64,0,0,-199.47,0.21052631578947367,0,0.3684210526315789,0,0,0.16666666666666666,-2.35,0.0,0,1,0.05555555555555555,-2.24,0,0.05555555555555555,1,-3.26,0.05555555555555555,0",-0.300,63.2,-0.5700,-38.9500,-14.6000,-14.6000,0.0,,0,none,19,guide
UCGAUGCGGUUCACCAGGG,GUGAAGUUCGAGGGCGACACCCUGGUGAACCGCAUCGAGCUGAAGGGCAUCGACUUC,0.8455964894376978,1,"1.36,-2.35,-12.44,1,0,-200.51,0.21052631578947367,0,0.3684210526315789,0,0,0.16666666666666666,-2.36,0.0,0,0,0.05555555555555555,-3.26,0,0.05555555555555555,0,-2.24,0.05555555555555555,0",-0.300,63.2,1.3600,-39.2100,-13.7000,-13.7000,0.0,,0,none,19,guide
CUCGAUGCGGUUCACCAGG,UGAAGUUCGAGGGCGACACCCUGGUGAACCGCAUCGAGCUGAAGGGCAUCGACUUCA,0.654454536177161,0,"0.73,-2.08,-10.48,0,0,-201.32,0.21052631578947367,0,0.3157894736842105,0,0,0.1111111111111111,-2.35,0.0,1,1,0.05555555555555555,-3.26,0,0.05555555555555555,0,-2.11,0.05555555555555555,0",-0.300,63.2,1.1800,-38.1800,-13.6900,-13.6900,0.0,,0,none,19,guide
GCUCGAUGCGGUUCACCAG,GAAGUUCGAGGGCGACACCCUGGUGAACCGCAUCGAGCUGAAGGGCAUCGACUUCAA,0.5676089396877233,0,"-0.89,-3.42,-14.88,0,1,-202.80999999999997,0.21052631578947367,0,0.3157894736842105,0,1,0.05555555555555555,-2.08,0.0,0,0,0.05555555555555555,-2.08,0,0.1111111111111111,0,-2.35,0.05555555555555555,0",-1.800,63.2,-1.3400,-38.3400,-12.3500,-12.3500,0.0,,0,none,19,guide
AGCUCGAUGCGGUUCACCA,AAGUUCGAGGGCGACACCCUGGUGAACCGCAUCGAGCUGAAGGGCAUCGACUUCAAG,0.6294519848964181,0,"0.03,-2.08,-10.48,0,0,-195.37,0.21052631578947367,0,0.2631578947368421,0,0,0.05555555555555555,-3.42,0.0,0,0,0.05555555555555555,-2.11,0,0.1111111111111111,0,-0.93,0.05555555555555555,1",-1.500,57.9,0.0300,-37.4900,-13.6600,-13.6600,0.0,,0,none,19,guide
CAGCUCGAUGCGGUUCACC,AGUUCGAGGGCGACACCCUGGUGAACCGCAUCGAGCUGAAGGGCAUCGACUUCAAGG,0.5892438003877948,0,"0.7,-2.11,-10.44,0,0,-202.81,0.21052631578947367,0,0.2631578947368421,0,0,0.05555555555555555,-2.08,0.0,0,1,0.05555555555555555,-3.26,0,0.1111111111111111,0,-2.24,0.05555555555555555,0",-1.200,63.2,1.1500,-38.5400,-14.6400,-14.6400,0.0,,0,none,19,guide
UCAGCUCGAUGCGGUUCAC,GUUCGAGGGCGACACCCUGGUGAACCGCAUCGAGCUGAAGGGCAUCGACUUCAAGGA,0.7271150117358914,1,"0.79,-2.35,-12.44,1,0,-198.14,0.2631578947368421,0,0.2631578947368421,0,0,0.05555555555555555,-2.11,0.0,0,0,0.0,-2.24,0,0.1111111111111111,0,-3.26,0.05555555555555555,0",-1.200,57.9,0.3400,-37.2800,-14.4000,-14.4000,0.0,,0,none,19,guide
UUCAGCUCGAUGCGGUUCA,UUCGAGGGCGACACCCUGGUGAACCGCAUCGAGCUGAAGGGCAUCGACUUCAAGGAG,0.7924277987549752,1,"0.73,-0.93,-6.82,1,0,-189.83999999999995,0.3157894736842105,1,0.2631578947368421,0,0,0.05555555555555555,-2.35,0.0,1,0,0.0,-2.11,0,0.1111111111111111,0,-2.36,0.1111111111111111,1",-1.200,52.6,1.1800,-35.4200,-14.3900,-14.3900,0.0,,0,none,19,guide
CUUCAGCUCGAUGCGGUUC,UCGAGGGCGACACCCUGGUGAACCGCAUCGAGCUGAAGGGCAUCGACUUCAAGGAGG,0.7083375854679049,0,"0.27,-2.08,-10.48,0,0,-197.31999999999996,0.3157894736842105,0,0.2631578947368421,0,0,0.05555555555555555,-0.93,0.0,1,1,0.0,-2.35,0,0.1111111111111111,0,-3.42,0.1111111111111111,0",-1.200,57.9,0.2700,-36.2900,-12.9700,-12.9700,0.0,,0,none,19,guide
CCUUCAGCUCGAUGCGGUU,CGAGGGCGACACCCUGGUGAACCGCAUCGAGCUGAAGGGCAUCGACUUCAAGGAGGA,0.5359730584753547,0,"-2.33,-3.26,-13.39,0,0,-194.54999999999998,0.3157894736842105,0,0.2631578947368421,0,0,0.05555555555555555,-2.08,0.0,0,1,0.05555555555555555,-0.93,1,0.1111111111111111,0,-2.11,0.1111111111111111,0",-1.200,57.9,-2.7800,-36.8500,-12.9700,-12.9700,0.0,,0,none,19,guide
CCCUUCAGCUCGAUGCGGU,GAGGGCGACACCCUGGUGAACCGCAUCGAGCUGAAGGGCAUCGACUUCAAGGAGGAC,0.7152770690886826,1,"-1.47,-3.26,-13.39,0,0,-201.11999999999998,0.2631578947368421,0,0.2631578947368421,0,0,0.05555555555555555,-3.26,0.0,0,1,0.1111111111111111,-2.24,1,0.1111111111111111,0,-1.1,0.05555555555555555,0",-1.200,63.2,-1.4700,-38.9800,-12.8100,-12.8100,0.0,,0,none,19,guide
GCCCUUCAGCUCGAUGCGG,AGGGCGACACCCUGGUGAACCGCAUCGAGCUGAAGGGCAUCGACUUCAAGGAGGACG,0.3827941626696601,0,"-0.16,-3.42,-14.88,0,1,-208.32,0.21052631578947367,0,0.3157894736842105,0,1,0.05555555555555555,-3.26,0.0,0,0,0.1111111111111111,-3.26,0,0.16666666666666666,0,-2.35,0.05555555555555555,0",-1.200,68.4,-0.1600,-40.9100,-13.9900,-13.9900,0.0,,0,none,19,guide
UGCCCUUCAGCUCGAUGCG,GGGCGACACCCUGGUGAACCGCAUCGAGCUGAAGGGCAUCGACUUCAAGGAGGACGG,0.8256964996428208,1,"0.7,-2.11,-10.44,1,0,-201.64999999999998,0.2631578947368421,0,0.2631578947368421,0,0,0.0,-3.42,0.0,0,0,0.1111111111111111,-2.36,0,0.16666666666666666,0,-2.36,0.05555555555555555,0",-1.200,63.2,0.7000,-38.8600,-15.3000,-15.3000,0.0,,0,none,19,guide
AUGCCCUUCAGCUCGAUGC,GGCGACACCCUGGUGAACCGCAUCGAGCUGAAGGGCAUCGACUUCAAGGAGGACGGC,0.853658536585366,1,"2.32,-1.1,-9.38,0,0,-200.39,0.2631578947368421,0,0.21052631578947367,0,0,0.0,-2.11,0.0,1,0,0.1111111111111111,-3.42,0,0.16666666666666666,0,-2.35,0.05555555555555555,0",-0.200,57.9,2.7700,-37.6000,-15.0600,-15.0600,0.0,,0,none,19,guide
GAUGCCCUUCAGCUCGAUG,GCGACACCCUGGUGAACCGCAUCGAGCUGAAGGGCAUCGACUUCAAGGAGGACGGCA,0.7416062863557507,1,"-0.24,-2.35,-12.44,0,1,-201.67000000000002,0.2631578947368421,0,0.2631578947368421,0,0,0.0,-1.1,0.0,0,0,0.1111111111111111,-2.11,0,0.1111111111111111,0,-2.08,0.05555555555555555,0",-1.400,57.9,-0.2400,-37.4300,-15.2300,-15.2300,0.0,,0,none,19,guide
CGAUGCCCUUCAGCUCGAU,CGACACCCUGGUGAACCGCAUCGAGCUGAAGGGCAUCGACUUCAAGGAGGACGGCAA,0.4765792427798755,0,"-1.26,-2.36,-10.64,0,0,-198.14999999999998,0.2631578947368421,0,0.21052631578947367,0,0,0.0,-2.35,0.0,0,1,0.1111111111111111,-1.1,0,0.1111111111111111,1,-3.42,0.05555555555555555,0",-3.200,57.9,-1.7100,-36.9800,-15.5000,-15.5000,0.0,,0,none,19,guide
UCGAUGCCCUUCAGCUCGA,GACACCCUGGUGAACCGCAUCGAGCUGAAGGGCAUCGACUUCAAGGAGGACGGCAAC,0.5308704969894887,0,"0.0,-2.35,-12.44,1,0,-197.48999999999995,0.2631578947368421,0,0.21052631578947367,0,0,0.0,-2.36,0.0,0,0,0.1111111111111111,-2.35,0,0.1111111111111111,0,-2.08,0.05555555555555555,1",-4.000,57.9,0.0000,-37.6800,-14.6000,-14.6000,0.0,,0,none,19,guide
GUCGAUGCCCUUCAGCUCG,ACACCCUGGUGAACCGCAUCGAGCUGAAGGGCAUCGACUUCAAGGAGGACGGCAACA,0.6687417083375855,0,"-0.33,-2.24,-11.4,0,1,-203.89,0.2631578947368421,0,0.2631578947368421,0,0,0.0,-2.35,0.0,1,0,0.1111111111111111,-2.36,0,0.1111111111111111,0,-2.11,0.05555555555555555,0",-2.200,63.2,0.1200,-38.4200,-13.6900,-13.6900,0.0,,0,none,19,guide
AGUCGAUGCCCUUCAGCUC,CACCCUGGUGAACCGCAUCGAGCUGAAGGGCAUCGACUUCAAGGAGGACGGCAACAU,0.6174099397897745,0,"1.17,-2.08,-10.48,0,0,-200.00999999999996,0.2631578947368421,0,0.21052631578947367,0,0,0.0,-2.24,0.0,0,0,0.1111111111111111,-2.35,0,0.1111111111111111,0,-2.35,0.05555555555555555,0",-1.100,57.9,0.7200,-37.6400,-12.5100,-12.5100,0.0,,0,none,19,guide
AAGUCGAUGCCCUUCAGCU,ACCCUGGUGAACCGCAUCGAGCUGAAGGGCAUCGACUUCAAGGAGGACGGCAACAUC,0.8165118889682622,1,"0.7,-0.93,-6.82,0,0,-190.66999999999996,0.2631578947368421,0,0.21052631578947367,0,0,0.0,-2.08,0.0,0,0,0.1111111111111111,-2.08,0,0.1111111111111111,0,-0.93,0.05555555555555555,0",-1.300,52.6,1.1500,-35.8700,-12.4800,-12.4800,0.0,,0,none,19,guide
GAAGUCGAUGCCCUUCAGC,CCCUGGUGAACCGCAUCGAGCUGAAGGGCAUCGACUUCAAGGAGGACGGCAACAUCC,0.6791509337687519,0,"0.62,-2.35,-12.44,0,1,-200.06999999999994,0.21052631578947367,0,0.2631578947368421,0,0,0.0,-0.93,0.0,0,0,0.1111111111111111,-3.42,0,0.1111111111111111,0,-2.08,0.05555555555555555,0",-2.600,57.9,1.0700,-37.3900,-12.3100,-12.3100,0.0,,0,none,19,guide
UGAAGUCGAUGCCCUUCAG,CCUGGUGAACCGCAUCGAGCUGAAGGGCAUCGACUUCAAGGAGGACGGCAACAUCCU,0.7588529441779774,1,"0.87,-2.11,-10.44,1,0,-191.90999999999994,0.2631578947368421,0,0.2631578947368421,0,0,0.0,-2.35,0.0,0,0,0.1111111111111111,-2.08,0,0.05555555555555555,0,-3.26,0.05555555555555555,0",-3.300,52.6,0.4200,-35.5300,-12.3100,-12.3100,0.0,,0,none,19,guide
UUGAAGUCGAUGCCCUUCA,CUGGUGAACCGCAUCGAGCUGAAGGGCAUCGACUUCAAGGAGGACGGCAACAUCCUG,0.6535360751097051,0,"0.73,-0.93,-6.82,1,0,-184.52999999999994,0.3157894736842105,1,0.21052631578947367,0,0,0.0,-2.11,0.0,1,0,0.1111111111111111,-2.11,0,0.05555555555555555,0,-3.26,0.1111111111111111,1",-2.700,47.4,1.1800,-33.6800,-12.0600,-12.0600,0.0,,0,none,19,guide
CUUGAAGUCGAUGCCCUUC,UGGUGAACCGCAUCGAGCUGAAGGGCAUCGACUUCAAGGAGGACGGCAACAUCCUGG,0.6068986631288907,0,"0.27,-2.08,-10.48,0,0,-192.00999999999996,0.3157894736842105,0,0.21052631578947367,0,0,0.0,-0.93,0.0,1,1,0.1111111111111111,-2.35,0,0.05555555555555555,0,-3.42,0.1111111111111111,0",-0.900,52.6,0.2700,-34.7000,-10.6400,-10.6400,0.0,,0,none,19,guide
CCUUGAAGUCGAUGCCCUU,GGUGAACCGCAUCGAGCUGAAGGGCAUCGACUUCAAGGAGGACGGCAACAUCCUGGG,0.4406572099193795,0,"-2.33,-3.26,-13.39,0,0,-189.23999999999998,0.3157894736842105,0,0.21052631578947367,0,0,0.0,-2.08,0.0,0,1,0.16666666666666666,-0.93,1,0.05555555555555555,0,-2.11,0.1111111111111111,0",0.000,52.6,-2.7800,-35.2600,-10.4800,-10.4800,0.0,,0,none,19,guide
UCCUUGAAGUCGAUGCCCU,GUGAACCGCAUCGAGCUGAAGGGCAUCGACUUCAAGGAGGACGGCAACAUCCUGGGG,0.8158995815899582,1,"-0.27,-2.35,-12.44,1,0,-191.13999999999996,0.3157894736842105,0,0.21052631578947367,0,0,0.0,-3.26,0.0,0,0,0.16666666666666666,-2.08,0,0.05555555555555555,0,-1.1,0.05555555555555555,0",0.000,52.6,-0.2700,-36.1300,-11.6600,-11.6600,0.0,,0,none,19,guide
CUCCUUGAAGUCGAUGCCC,UGAACCGCAUCGAGCUGAAGGGCAUCGACUUCAAGGAGGACGGCAACAUCCUGGGGC,0.5942443106439432,0,"0.73,-2.08,-10.48,0,0,-198.57999999999998,0.2631578947368421,0,0.21052631578947367,0,0,0.0,-2.35,0.0,1,1,0.16666666666666666,-3.26,0,0.05555555555555555,0,-2.35,0.05555555555555555,0",0.000,57.9,1.1800,-37.2300,-13.0800,-13.0800,0.0,,0,none,19,guide
CCUCCUUGAAGUCGAUGCC,GAACCGCAUCGAGCUGAAGGGCAUCGACUUCAAGGAGGACGGCAACAUCCUGGGGCA,0.8471272578834577,1,"0.0,-3.26,-13.39,0,0,-198.57999999999998,0.2631578947368421,0,0.21052631578947367,0,0,0.0,-2.08,0.0,0,1,0.16666666666666666,-3.26,1,0.05555555555555555,0,-2.36,0.05555555555555555,0",0.000,57.9,0.0000,-37.2300,-12.8100,-12.8100,0.0,,0,none,19,guide
UCCUCCUUGAAGUCGAUGC,AACCGCAUCGAGCUGAAGGGCAUCGACUUCAAGGAGGACGGCAACAUCCUGGGGCAC,0.9378508011021534,1,"1.52,-2.35,-12.44,1,0,-193.91000000000003,0.3157894736842105,0,0.21052631578947367,0,0,0.0,-3.26,0.0,0,0,0.1111111111111111,-3.42,0,0.05555555555555555,0,-2.35,0.05555555555555555,0",0.000,52.6,1.5200,-35.6200,-13.9600,-13.9600,0.0,,0,none,19,guide
GUCCUCCUUGAAGUCGAUG,ACCGCAUCGAGCUGAAGGGCAUCGACUUCAAGGAGGACGGCAACAUCCUGGGGCACA,0.5279110113276865,0,"-0.13,-2.24,-11.4,0,1,-194.14999999999998,0.3157894736842105,0,0.2631578947368421,0,0,0.0,-2.35,0.0,1,0,0.1111111111111111,-2.11,0,0.0,0,-2.24,0.05555555555555555,0",0.000,52.6,-0.1300,-35.1400,-15.3800,-15.3800,0.0,,0,none,19,guide
CGUCCUCCUUGAAGUCGAU,CCGCAUCGAGCUGAAGGGCAUCGACUUCAAGGAGGACGGCAACAUCCUGGGGCACAA,0.1996122053270742,0,"-1.26,-2.36,-10.64,0,0,-190.63,0.3157894736842105,0,0.21052631578947367,0,0,0.0,-2.24,0.0,0,1,0.1111111111111111,-1.1,0,0.0,1,-2.08,0.05555555555555555,0",0.000,52.6,-1.7100,-34.6900,-15.5400,-15.5400,0.0,,0,none,19,guide
CCGUCCUCCUUGAAGUCGA,CGCAUCGAGCUGAAGGGCAUCGACUUCAAGGAGGACGGCAACAUCCUGGGGCACAAG,0.451066435350546,0,"-1.36,-3.26,-13.39,0,0,-194.64,0.2631578947368421,0,0.21052631578947367,0,0,0.0,-2.36,0.0,0,1,0.16666666666666666,-2.35,1,0.0,0,-0.93,0.05555555555555555,1",-0.300,57.9,-1.3600,-36.8000,-14.6400,-14.6400,0.0,,0,none,19,guide
GCCGUCCUCCUUGAAGUCG,GCAUCGAGCUGAAGGGCAUCGACUUCAAGGAGGACGGCAACAUCCUGGGGCACAAGC,0.4303500357179304,0,"-1.06,-3.42,-14.88,0,1,-200.8,0.2631578947368421,0,0.2631578947368421,0,1,0.0,-3.26,0.0,0,0,0.16666666666666666,-2.36,0,0.05555555555555555,0,-2.35,0.05555555555555555,0",0.000,63.2,-1.0600,-38.4200,-15.5500,-15.5500,0.0,,0,none,19,guide
UGCCGUCCUCCUUGAAGUC,CAUCGAGCUGAAGGGCAUCGACUUCAAGGAGGACGGCAACAUCCUGGGGCACAAGCU,0.5478110011225635,0,"1.14,-2.11,-10.44,1,0,-196.88,0.3157894736842105,0,0.21052631578947367,0,0,0.0,-3.42,0.0,0,0,0.16666666666666666,-2.35,0,0.05555555555555555,0,-2.11,0.05555555555555555,0",0.000,57.9,0.6900,-37.6200,-16.8900,-16.8900,0.0,,0,none,19,guide
UUGCCGUCCUCCUUGAAGU,AUCGAGCUGAAGGGCAUCGACUUCAAGGAGGACGGCAACAUCCUGGGGCACAAGCUG,0.8853964690274521,1,"0.86,-0.93,-6.82,1,0,-187.54,0.3684210526315789,1,0.21052631578947367,0,0,0.0,-2.11,0.0,1,0,0.16666666666666666,-2.24,0,0.05555555555555555,0,-0.93,0.1111111111111111,0",0.000,52.6,1.3100,-35.7000,-15.7400,-15.7400,0.0,,0,none,19,guide
GUUGCCGUCCUCCUUGAAG,UCGAGCUGAAGGGCAUCGACUUCAAGGAGGACGGCAACAUCCUGGGGCACAAGCUGG,0.6413919787733443,0,"-0.16,-2.24,-11.4,0,1,-194.97999999999996,0.3157894736842105,0,0.2631578947368421,0,0,0.0,-0.93,0.0,1,0,0.16666666666666666,-2.08,0,0.05555555555555555,0,-2.08,0.1111111111111111,0",0.000,57.9,-0.1600,-36.9500,-14.3200,-14.3200,0.0,,0,none,19,guide
UGUUGCCGUCCUCCUUGAA,CGAGCUGAAGGGCAUCGACUUCAAGGAGGACGGCAACAUCCUGGGGCACAAGCUGGA,0.6959893866721095,0,"-0.73,-2.11,-10.44,1,0,-187.49999999999997,0.3684210526315789,0,0.21052631578947367,0,0,0.0,-2.24,0.0,0,0,0.16666666666666666,-0.93,0,0.05555555555555555,0,-3.26,0.1111111111111111,1",0.000,52.6,-1.1800,-35.5800,-14.3200,-14.3200,0.0,,0,none,19,guide
AUGUUGCCGUCCUCCUUGA,GAGCUGAAGGGCAUCGACUUCAAGGAGGACGGCAACAUCCUGGGGCACAAGCUGGAG,0.9260128584549444,1,"0.8,-1.1,-9.38,0,0,-190.05999999999997,0.3684210526315789,0,0.21052631578947367,0,0,0.0,-2.11,0.0,1,0,0.16666666666666666,-2.35,0,0.05555555555555555,0,-2.35,0.1111111111111111,1",0.000,52.6,1.2500,-35.7500,-14.0700,-14.0700,0.0,,0,none,19,guide
GAUGUUGCCGUCCUCCUUG,AGCUGAAGGGCAUCGACUUCAAGGAGGACGGCAACAUCCUGGGGCACAAGCUGGAGU,0.7293601387896724,1,"-0.24,-2.35,-12.44,0,1,-197.49999999999997,0.3684210526315789,0,0.2631578947368421,0,0,0.0,-1.1,0.0,0,0,0.16666666666666666,-2.11,0,0.05555555555555555,0,-2.08,0.1111111111111111,0",-1.400,57.9,-0.2400,-36.7500,-11.9100,-11.9100,0.0,,0,none,19,guide
GGAUGUUGCCGUCCUCCUU,GCUGAAGGGCAUCGACUUCAAGGAGGACGGCAACAUCCUGGGGCACAAGCUGGAGUA,0.3161547096642514,0,"-2.33,-3.26,-13.39,0,1,-196.73,0.3684210526315789,0,0.2631578947368421,1,0,0.05555555555555555,-2.35,0.0,0,0,0.16666666666666666,-0.93,0,0.05555555555555555,0,-3.26,0.1111111111111111,0",-5.100,57.9,-2.7800,-37.4000,-10.8400,-10.8400,0.0,,0,none,19,guide
AGGAUGUUGCCGUCCUCCU,CUGAAGGGCAUCGACUUCAAGGAGGACGGCAACAUCCUGGGGCACAAGCUGGAGUAC,0.6997652821716501,0,"0.0,-2.08,-10.48,0,0,-196.67,0.3157894736842105,0,0.2631578947368421,0,0,0.05555555555555555,-3.26,0.0,0,0,0.16666666666666666,-2.08,0,0.05555555555555555,0,-2.35,0.05555555555555555,0",-5.600,57.9,0.0000,-38.3500,-11.9900,-11.9900,0.0,,0,none,19,guide
CAGGAUGUUGCCGUCCUCC,UGAAGGGCAUCGACUUCAAGGAGGACGGCAACAUCCUGGGGCACAAGCUGGAGUACA,0.4155526074089193,0,"0.7,-2.11,-10.44,0,0,-204.07,0.2631578947368421,0,0.2631578947368421,0,0,0.05555555555555555,-2.08,0.0,0,1,0.16666666666666666,-3.26,0,0.05555555555555555,0,-2.24,0.05555555555555555,0",-6.100,63.2,1.1500,-39.4800,-13.1400,-13.1400,0.0,,0,none,19,guide
CCAGGAUGUUGCCGUCCUC,GAAGGGCAUCGACUUCAAGGAGGACGGCAACAUCCUGGGGCACAAGCUGGAGUACAA,0.1554240228594754,0,"-0.46,-3.26,-13.39,0,0,-204.06999999999996,0.2631578947368421,0,0.2631578947368421,0,0,0.05555555555555555,-2.11,0.0,0,1,0.16666666666666666,-2.35,1,0.05555555555555555,0,-2.36,0.05555555555555555,0",-6.100,63.2,-0.9100,-39.4800,-13.0100,-13.0100,0.0,,0,none,19,guide
CCCAGGAUGUUGCCGUCCU,AAGGGCAUCGACUUCAAGGAGGACGGCAACAUCCUGGGGCACAAGCUGGAGUACAAC,0.8226349627513012,1,"-1.63,-3.26,-13.39,0,0,-201.29999999999998,0.2631578947368421,0,0.2631578947368421,0,0,0.05555555555555555,-3.26,0.0,0,1,0.2222222222222222,-2.08,1,0.05555555555555555,0,-3.26,0.05555555555555555,0",-5.800,63.2,-1.6300,-39.8400,-14.1600,-14.1600,0.0,,0,none,19,guide
CCCCAGGAUGUUGCCGUCC,AGGGCAUCGACUUCAAGGAGGACGGCAACAUCCUGGGGCACAAGCUGGAGUACAACU,0.8333503418716196,1,"0.0,-3.26,-13.39,0,0,-207.93,0.21052631578947367,0,0.2631578947368421,0,0,0.05555555555555555,-3.26,0.0,0,1,0.2777777777777778,-3.26,1,0.05555555555555555,0,-3.42,0.05555555555555555,0",-4.100,68.4,0.0000,-41.3700,-16.3200,-16.3200,0.0,,0,none,19,guide
GCCCCAGGAUGUUGCCGUC,GGGCAUCGACUUCAAGGAGGACGGCAACAUCCUGGGGCACAAGCUGGAGUACAACUA,0.2881926727217063,0,"-0.62,-3.42,-14.88,0,1,-209.42,0.21052631578947367,0,0.3157894736842105,0,1,0.05555555555555555,-3.26,0.0,0,0,0.2222222222222222,-2.35,0,0.1111111111111111,0,-2.11,0.05555555555555555,0",-0.600,68.4,-1.0700,-41.7300,-17.2300,-17.2300,0.0,,0,none,19,guide
UGCCCCAGGAUGUUGCCGU,GGCAUCGACUUCAAGGAGGACGGCAACAUCCUGGGGCACAAGCUGGAGUACAACUAC,0.8588631493009491,1,"0.13,-2.11,-10.44,1,0,-199.98,0.2631578947368421,0,0.3157894736842105,0,0,0.05555555555555555,-3.42,0.0,0,0,0.2222222222222222,-2.24,0,0.1111111111111111,0,-0.93,0.05555555555555555,0",-0.600,63.2,0.1300,-40.2400,-17.3900,-17.3900,0.0,,0,none,19,guide
GUGCCCCAGGAUGUUGCCG,GCAUCGACUUCAAGGAGGACGGCAACAUCCUGGGGCACAAGCUGGAGUACAACUACA,0.5648535564853557,0,"-0.33,-2.24,-11.4,0,1,-207.41999999999996,0.21052631578947367,0,0.3684210526315789,0,0,0.05555555555555555,-2.11,0.0,1,0,0.2222222222222222,-2.36,0,0.1111111111111111,0,-2.24,0.05555555555555555,0",-0.600,68.4,0.1200,-41.4900,-17.4200,-17.4200,0.0,,0,none,19,guide
UGUGCCCCAGGAUGUUGCC,CAUCGACUUCAAGGAGGACGGCAACAUCCUGGGGCACAAGCUGGAGUACAACUACAA,0.6998673334013675,0,"1.6,-2.11,-10.44,1,0,-203.5,0.2631578947368421,0,0.3157894736842105,0,0,0.05555555555555555,-2.24,0.0,0,0,0.2222222222222222,-3.26,0,0.1111111111111111,0,-2.11,0.05555555555555555,0",0.000,63.2,1.6000,-40.4900,-17.5500,-17.5500,0.0,,0,none,19,guide
UUGUGCCCCAGGAUGUUGC,AUCGACUUCAAGGAGGACGGCAACAUCCUGGGGCACAAGCUGGAGUACAACUACAAC,0.8616185325033168,1,"2.49,-0.93,-6.82,1,0,-196.93,0.3157894736842105,1,0.3157894736842105,0,0,0.05555555555555555,-2.11,0.0,1,0,0.16666666666666666,-3.42,0,0.1111111111111111,0,-1.1,0.1111111111111111,0",0.000,57.9,2.9400,-38.3600,-16.4000,-16.4000,0.0,,0,none,19,guide
CUUGUGCCCCAGGAUGUUG,UCGACUUCAAGGAGGACGGCAACAUCCUGGGGCACAAGCUGGAGUACAACUACAACA,0.7854883151341974,1,"0.03,-2.08,-10.48,0,0,-196.25,0.3157894736842105,0,0.3157894736842105,0,0,0.05555555555555555,-0.93,0.0,1,1,0.16666666666666666,-2.11,0,0.05555555555555555,0,-2.35,0.1111111111111111,0",-1.200,57.9,0.0300,-37.3700,-14.0700,-14.0700,0.0,,0,none,19,guide
GCUUGUGCCCCAGGAUGUU,CGACUUCAAGGAGGACGGCAACAUCCUGGGGCACAAGCUGGAGUACAACUACAACAG,0.4027962036942545,0,"-2.49,-3.42,-14.88,0,1,-196.97,0.3157894736842105,0,0.3157894736842105,0,1,0.05555555555555555,-2.08,0.0,0,0,0.16666666666666666,-0.93,0,0.1111111111111111,0,-3.26,0.1111111111111111,0",-1.400,57.9,-2.9400,-37.9800,-12.8900,-12.8900,0.0,,0,none,19,guide
AGCUUGUGCCCCAGGAUGU,GACUUCAAGGAGGACGGCAACAUCCUGGGGCACAAGCUGGAGUACAACUACAACAGC,0.5664863761608327,0,"0.16,-2.08,-10.48,0,0,-196.91,0.2631578947368421,0,0.3157894736842105,0,0,0.05555555555555555,-3.42,0.0,0,0,0.16666666666666666,-2.24,0,0.1111111111111111,0,-2.08,0.05555555555555555,0",-1.400,57.9,0.1600,-38.9300,-12.8900,-12.8900,0.0,,0,none,19,guide
CAGCUUGUGCCCCAGGAUG,ACUUCAAGGAGGACGGCAACAUCCUGGGGCACAAGCUGGAGUACAACUACAACAGCC,0.4604551484845392,0,"0.0,-2.11,-10.44,0,0,-203.39,0.21052631578947367,0,0.3157894736842105,0,0,0.05555555555555555,-2.08,0.0,0,1,0.16666666666666666,-2.11,0,0.1111111111111111,0,-2.11,0.05555555555555555,0",-1.400,63.2,0.0000,-39.9000,-12.8600,-12.8600,0.0,,0,none,19,guide
CCAGCUUGUGCCCCAGGAU,CUUCAAGGAGGACGGCAACAUCCUGGGGCACAAGCUGGAGUACAACUACAACAGCCA,0.3357485457699765,0,"-2.16,-3.26,-13.39,0,0,-202.62,0.21052631578947367,0,0.2631578947368421,0,0,0.05555555555555555,-2.11,0.0,0,1,0.2222222222222222,-1.1,1,0.1111111111111111,0,-3.26,0.05555555555555555,0",-1.400,63.2,-2.6100,-40.3500,-12.7300,-12.7300,0.0,,0,none,19,guide
UCCAGCUUGUGCCCCAGGA,UUCAAGGAGGACGGCAACAUCCUGGGGCACAAGCUGGAGUACAACUACAACAGCCAC,0.6596591488927442,0,"0.0,-2.35,-12.44,1,0,-201.95999999999998,0.21052631578947367,0,0.2631578947368421,0,0,0.05555555555555555,-3.26,0.0,0,0,0.2222222222222222,-2.35,0,0.1111111111111111,0,-3.26,0.05555555555555555,1",-1.400,63.2,0.0000,-41.2000,-13.8800,-13.8800,0.0,,0,none,19,guide
CUCCAGCUUGUGCCCCAGG,UCAAGGAGGACGGCAACAUCCUGGGGCACAAGCUGGAGUACAACUACAACAGCCACA,0.2725788345749566,0,"0.73,-2.08,-10.48,0,0,-207.44,0.21052631578947367,0,0.2631578947368421,0,0,0.05555555555555555,-2.35,0.0,1,1,0.2222222222222222,-3.26,0,0.1111111111111111,0,-3.26,0.05555555555555555,0",-0.900,68.4,1.1800,-41.6300,-15.3000,-15.3000,0.0,,0,none,19,guide
ACUCCAGCUUGUGCCCCAG,CAAGGAGGACGGCAACAUCCUGGGGCACAAGCUGGAGUACAACUACAACAGCCACAA,0.9273395244412695,1,"0.74,-2.24,-11.4,0,0,-201.72999999999993,0.21052631578947367,0,0.21052631578947367,0,0,0.0,-2.08,0.0,0,0,0.2222222222222222,-2.08,0,0.1111111111111111,0,-3.42,0.05555555555555555,0",-0.900,63.2,0.2900,-40.2600,-15.3000,-15.3000,0.0,,0,none,19,guide
UACUCCAGCUUGUGCCCCA,AAGGAGGACGGCAACAUCCUGGGGCACAAGCUGGAGUACAACUACAACAGCCACAAC,0.6622104296356771,0,"0.33,-1.33,-7.69,1,0,-195.21999999999997,0.2631578947368421,0,0.15789473684210525,0,0,0.0,-2.24,0.05555555555555555,0,0,0.2222222222222222,-2.11,0,0.1111111111111111,0,-2.11,0.05555555555555555,1",-0.900,57.9,0.7800,-38.8600,-14.1200,-14.1200,0.0,,0,none,19,guide
GUACUCCAGCUUGUGCCCC,AGGAGGACGGCAACAUCCUGGGGCACAAGCUGGAGUACAACUACAACAGCCACAACG,0.5184202469639759,0,"0.57,-2.24,-11.4,0,1,-203.61999999999995,0.2631578947368421,0,0.21052631578947367,0,0,0.0,-1.33,0.05555555555555555,1,0,0.2222222222222222,-3.26,0,0.1111111111111111,0,-2.24,0.05555555555555555,0",-3.100,63.2,1.0200,-40.1900,-13.3700,-13.3700,0.0,,0,none,19,guide
UGUACUCCAGCUUGUGCCC,GGAGGACGGCAACAUCCUGGGGCACAAGCUGGAGUACAACUACAACAGCCACAACGU,0.906623124808654,1,"1.6,-2.11,-10.44,1,0,-196.95,0.3157894736842105,0,0.21052631578947367,0,0,0.0,-2.24,0.05555555555555555,0,0,0.16666666666666666,-3.26,0,0.1111111111111111,0,-2.11,0.05555555555555555,0",-3.100,57.9,1.6000,-38.6900,-13.5000,-13.5000,0.0,,0,none,19,guide
UUGUACUCCAGCUUGUGCC,GAGGACGGCAACAUCCUGGGGCACAAGCUGGAGUACAACUACAACAGCCACAACGUC,0.9179508113072764,1,"2.33,-0.93,-6.82,1,0,-190.38,0.3684210526315789,1,0.21052631578947367,0,0,0.0,-2.11,0.05555555555555555,1,0,0.1111111111111111,-3.26,0,0.1111111111111111,0,-0.93,0.1111111111111111,0",-3.100,52.6,2.7800,-36.2100,-12.3500,-12.3500,0.0,,0,none,19,guide
GUUGUACUCCAGCUUGUGC,AGGACGGCAACAUCCUGGGGCACAAGCUGGAGUACAACUACAACAGCCACAACGUCU,0.8767221145014797,1,"0.73,-2.24,-11.4,0,1,-192.10999999999999,0.3684210526315789,0,0.2631578947368421,0,0,0.0,-0.93,0.05555555555555555,1,0,0.05555555555555555,-3.42,0,0.1111111111111111,0,-2.08,0.1111111111111111,0",-2.300,52.6,1.1800,-35.6900,-10.9300,-10.9300,0.0,,0,none,19,guide
AGUUGUACUCCAGCUUGUG,GGACGGCAACAUCCUGGGGCACAAGCUGGAGUACAACUACAACAGCCACAACGUCUA,0.7497703847331361,1,"0.93,-2.08,-10.48,0,0,-183.98999999999998,0.3684210526315789,0,0.2631578947368421,0,0,0.0,-2.24,0.05555555555555555,0,0,0.05555555555555555,-2.11,0,0.05555555555555555,0,-3.42,0.1111111111111111,0",-2.200,47.4,0.4800,-34.0000,-11.0900,-11.0900,0.0,,0,none,19,guide
UAGUUGUACUCCAGCUUGU,GACGGCAACAUCCUGGGGCACAAGCUGGAGUACAACUACAACAGCCACAACGUCUAU,0.7925298499846923,1,"0.46,-1.33,-7.69,1,0,-177.51999999999998,0.42105263157894735,0,0.21052631578947367,0,0,0.0,-2.08,0.1111111111111111,0,0,0.05555555555555555,-2.24,0,0.05555555555555555,0,-2.08,0.1111111111111111,0",-2.600,42.1,0.9100,-32.3700,-10.9300,-10.9300,0.0,,0,none,19,guide
GUAGUUGUACUCCAGCUUG,ACGGCAACAUCCUGGGGCACAAGCUGGAGUACAACUACAACAGCCACAACGUCUAUA,0.7919175426063884,1,"-0.13,-2.24,-11.4,0,1,-184.95999999999998,0.3684210526315789,0,0.2631578947368421,0,0,0.0,-1.33,0.1111111111111111,1,0,0.05555555555555555,-2.11,0,0.05555555555555555,0,-2.11,0.1111111111111111,0",-2.600,47.4,-0.1300,-33.7700,-10.9300,-10.9300,0.0,,0,none,19,guide
UGUAGUUGUACUCCAGCUU,CGGCAACAUCCUGGGGCACAAGCUGGAGUACAACUACAACAGCCACAACGUCUAUAU,0.7569139708133483,1,"-0.73,-2.11,-10.44,1,0,-177.51999999999998,0.42105263157894735,0,0.21052631578947367,0,0,0.0,-2.24,0.1111111111111111,0,0,0.05555555555555555,-0.93,0,0.05555555555555555,0,-3.26,0.1111111111111111,0",-2.600,42.1,-1.1800,-32.5200,-10.9300,-10.9300,0.0,,0,none,19,guide
UUGUAGUUGUACUCCAGCU,GGCAACAUCCUGGGGCACAAGCUGGAGUACAACUACAACAGCCACAACGUCUAUAUC,0.8326359832635984,1,"0.7,-0.93,-6.82,1,0,-177.51999999999998,0.42105263157894735,1,0.21052631578947367,0,0,0.0,-2.11,0.1111111111111111,1,0,0.05555555555555555,-2.08,0,0.05555555555555555,0,-2.35,0.1111111111111111,0",-2.300,42.1,1.1500,-32.5200,-10.9300,-10.9300,0.0,,0,none,19,guide
GUUGUAGUUGUACUCCAGC,GCAACAUCCUGGGGCACAAGCUGGAGUACAACUACAACAGCCACAACGUCUAUAUCA,0.7142565567915093,0,"0.73,-2.24,-11.4,0,1,-185.88000000000002,0.3684210526315789,0,0.2631578947368421,0,0,0.0,-0.93,0.1111111111111111,1,0,0.05555555555555555,-3.42,0,0.05555555555555555,0,-2.08,0.1111111111111111,0",-2.400,47.4,1.1800,-33.9300,-10.9300,-10.9300,0.0,,0,none,19,guide
UGUUGUAGUUGUACUCCAG,CAACAUCCUGGGGCACAAGCUGGAGUACAACUACAACAGCCACAACGUCUAUAUCAU,0.7785488315134198,1,"0.87,-2.11,-10.44,1,0,-177.72,0.42105263157894735,0,0.2631578947368421,0,0,0.0,-2.24,0.1111111111111111,0,0,0.05555555555555555,-2.08,0,0.0,0,-2.24,0.1111111111111111,0",-1.100,42.1,0.4200,-32.0700,-10.9300,-10.9300,0.0,,0,none,19,guide
CUGUUGUAGUUGUACUCCA,AACAUCCUGGGGCACAAGCUGGAGUACAACUACAACAGCCACAACGUCUAUAUCAUG,0.5741402183896316,0,"-0.87,-2.08,-10.48,0,0,-177.71999999999997,0.42105263157894735,0,0.21052631578947367,0,0,0.0,-2.11,0.1111111111111111,1,1,0.05555555555555555,-2.11,0,0.0,0,-1.33,0.1111111111111111,1",-0.400,42.1,-0.4200,-31.7200,-10.9600,-10.9600,0.0,,0,none,19,guide
GCUGUUGUAGUUGUACUCC,ACAUCCUGGGGCACAAGCUGGAGUACAACUACAACAGCCACAACGUCUAUAUCAUGG,0.7553832023675885,1,"-0.16,-3.42,-14.88,0,1,-185.88,0.42105263157894735,0,0.2631578947368421,0,1,0.0,-2.08,0.1111111111111111,0,0,0.05555555555555555,-3.26,0,0.05555555555555555,0,-2.24,0.1111111111111111,0",-0.200,47.4,-0.1600,-33.5300,-11.7100,-11.7100,0.0,,0,none,19,guide
GGCUGUUGUAGUUGUACUC,CAUCCUGGGGCACAAGCUGGAGUACAACUACAACAGCCACAACGUCUAUAUCAUGGC,0.8707010919481579,1,"-0.46,-3.26,-13.39,0,1,-185.88,0.42105263157894735,0,0.3157894736842105,1,0,0.05555555555555555,-3.42,0.1111111111111111,0,0,0.0,-2.35,0,0.05555555555555555,0,-2.11,0.1111111111111111,0",-0.400,47.4,-0.9100,-33.9300,-12.8900,-12.8900,0.0,,0,none,19,guide
UGGCUGUUGUAGUUGUACU,AUCCUGGGGCACAAGCUGGAGUACAACUACAACAGCCACAACGUCUAUAUCAUGGCC,0.8282477803857536,1,"-0.03,-2.11,-10.44,1,0,-176.44,0.47368421052631576,0,0.3157894736842105,0,0,0.05555555555555555,-3.26,0.1111111111111111,0,0,0.0,-2.08,0,0.05555555555555555,0,-0.93,0.1111111111111111,0",-0.500,42.1,-0.0300,-32.4400,-14.0400,-14.0400,0.0,,0,none,19,guide
GUGGCUGUUGUAGUUGUAC,UCCUGGGGCACAAGCUGGAGUACAACUACAACAGCCACAACGUCUAUAUCAUGGCCG,0.7737524237167057,1,"0.0,-2.24,-11.4,0,1,-184.8,0.42105263157894735,0,0.3684210526315789,0,0,0.05555555555555555,-2.11,0.1111111111111111,1,0,0.0,-2.24,0,0.05555555555555555,0,-2.24,0.1111111111111111,0",-0.500,47.4,0.0000,-33.8500,-15.2200,-15.2200,0.0,,0,none,19,guide
UGUGGCUGUUGUAGUUGUA,CCUGGGGCACAAGCUGGAGUACAACUACAACAGCCACAACGUCUAUAUCAUGGCCGA,0.7063986121032759,0,"-0.33,-2.11,-10.44,1,0,-176.4,0.47368421052631576,0,0.3684210526315789,0,0,0.05555555555555555,-2.24,0.1111111111111111,0,0,0.0,-1.33,0,0.05555555555555555,0,-2.08,0.1111111111111111,1",-0.500,42.1,-0.7800,-32.6200,-15.2200,-15.2200,0.0,,0,none,19,guide
UUGUGGCUGUUGUAGUUGU,CUGGGGCACAAGCUGGAGUACAACUACAACAGCCACAACGUCUAUAUCAUGGCCGAC,0.7143586080212267,0,"0.86,-0.93,-6.82,1,0,-175.53,0.5263157894736842,1,0.3684210526315789,0,0,0.05555555555555555,-2.11,0.05555555555555555,1,0,0.0,-2.24,0,0.05555555555555555,0,-1.33,0.16666666666666666,0",-0.500,42.1,1.3100,-31.9200,-15.2200,-15.2200,0.0,,0,none,19,guide
GUUGUGGCUGUUGUAGUUG,UGGGGCACAAGCUGGAGUACAACUACAACAGCCACAACGUCUAUAUCAUGGCCGACA,0.6956832329829575,0,"-0.13,-2.24,-11.4,0,1,-182.97,0.47368421052631576,0,0.42105263157894735,0,0,0.05555555555555555,-0.93,0.05555555555555555,1,0,0.0,-2.11,0,0.05555555555555555,0,-2.24,0.16666666666666666,0",-0.500,47.4,-0.1300,-33.3200,-14.0700,-14.0700,0.0,,0,none,19,guide
CGUUGUGGCUGUUGUAGUU,GGGGCACAAGCUGGAGUACAACUACAACAGCCACAACGUCUAUAUCAUGGCCGACAA,0.6992550260230636,0,"-1.43,-2.36,-10.64,0,0,-179.45,0.47368421052631576,0,0.3684210526315789,0,0,0.05555555555555555,-2.24,0.05555555555555555,0,1,0.0,-0.93,0,0.05555555555555555,1,-2.11,0.16666666666666666,0",0.000,47.4,-1.8800,-32.6700,-12.8900,-12.8900,0.0,,0,none,19,guide
ACGUUGUGGCUGUUGUAGU,GGGCACAAGCUGGAGUACAACUACAACAGCCACAACGUCUAUAUCAUGGCCGACAAG,0.9324420859271356,1,"0.0,-2.24,-11.4,0,0,-180.31,0.42105263157894735,0,0.3684210526315789,0,0,0.05555555555555555,-2.36,0.05555555555555555,0,0,0.0,-2.24,0,0.05555555555555555,0,-0.93,0.1111111111111111,0",0.000,47.4,0.0000,-33.6300,-11.9900,-11.9900,0.0,,0,none,19,guide
GACGUUGUGGCUGUUGUAG,GGCACAAGCUGGAGUACAACUACAACAGCCACAACGUCUAUAUCAUGGCCGACAAGC,0.8728441677722217,1,"-0.27,-2.35,-12.44,0,1,-188.79,0.3684210526315789,0,0.42105263157894735,0,0,0.05555555555555555,-2.24,0.05555555555555555,0,0,0.0,-2.08,0,0.05555555555555555,0,-2.24,0.1111111111111111,0",0.000,52.6,-0.2700,-34.7900,-12.1200,-12.1200,0.0,,0,none,19,guide
AGACGUUGUGGCUGUUGUA,GCACAAGCUGGAGUACAACUACAACAGCCACAACGUCUAUAUCAUGGCCGACAAGCA,0.8093683028880498,1,"-0.3,-2.08,-10.48,0,0,-181.35,0.3684210526315789,0,0.3684210526315789,0,0,0.05555555555555555,-2.35,0.05555555555555555,0,0,0.0,-1.33,0,0.05555555555555555,0,-2.11,0.1111111111111111,1",0.000,47.4,-0.7500,-33.7400,-12.2300,-12.2300,0.0,,0,none,19,guide
UAGACGUUGUGGCUGUUGU,CACAAGCUGGAGUACAACUACAACAGCCACAACGUCUAUAUCAUGGCCGACAAGCAG,0.9379528523318706,1,"0.46,-1.33,-7.69,1,0,-181.35,0.42105263157894735,0,0.3684210526315789,0,0,0.05555555555555555,-2.08,0.05555555555555555,0,0,0.0,-2.24,0,0.05555555555555555,0,-2.08,0.1111111111111111,0",0.000,47.4,0.9100,-33.5900,-12.2000,-12.2000,0.0,,0,none,19,guide
AUAGACGUUGUGGCUGUUG,ACAAGCUGGAGUACAACUACAACAGCCACAACGUCUAUAUCAUGGCCGACAAGCAGA,0.7993672823757527,1,"1.46,-1.1,-9.38,0,0,-183.05,0.3684210526315789,0,0.3684210526315789,0,0,0.05555555555555555,-1.33,0.05555555555555555,1,0,0.0,-2.11,0,0.05555555555555555,0,-3.42,0.1111111111111111,0",-0.700,47.4,1.4600,-33.3000,-12.6000,-12.6000,0.0,,0,none,19,guide
UAUAGACGUUGUGGCUGUU,CAAGCUGGAGUACAACUACAACAGCCACAACGUCUAUAUCAUGGCCGACAAGCAGAA,0.74619859169303,1,"-0.4,-1.33,-7.69,1,0,-176.58,0.42105263157894735,0,0.3157894736842105,0,0,0.05555555555555555,-1.1,0.1111111111111111,0,0,0.0,-0.93,0,0.05555555555555555,0,-3.26,0.1111111111111111,0",-1.100,42.1,-0.4000,-31.6700,-11.4600,-11.4600,0.0,,0,none,19,guide
AUAUAGACGUUGUGGCUGU,AAGCUGGAGUACAACUACAACAGCCACAACGUCUAUAUCAUGGCCGACAAGCAGAAG,0.7586488417185427,1,"0.69,-1.1,-9.38,0,0,-179.14,0.3684210526315789,0,0.3157894736842105,0,0,0.05555555555555555,-1.33,0.1111111111111111,1,0,0.0,-2.24,0,0.05555555555555555,0,-2.11,0.05555555555555555,0",-0.800,42.1,1.1400,-31.9900,-10.4300,-10.4300,0.0,,0,none,19,guide
GAUAUAGACGUUGUGGCUG,AGCUGGAGUACAACUACAACAGCCACAACGUCUAUAUCAUGGCCGACAAGCAGAAGA,0.734666802734973,1,"-0.24,-2.35,-12.44,0,1,-187.61999999999998,0.3157894736842105,0,0.3684210526315789,0,0,0.05555555555555555,-1.1,0.1111111111111111,0,0,0.0,-2.11,0,0.05555555555555555,0,-2.24,0.05555555555555555,0",0.000,47.4,-0.2400,-33.3500,-9.2900,-9.2900,0.0,,0,none,19,guide
UGAUAUAGACGUUGUGGCU,GCUGGAGUACAACUACAACAGCCACAACGUCUAUAUCAUGGCCGACAAGCAGAAGAA,0.7742626798652925,1,"-0.03,-2.11,-10.44,1,0,-180.17999999999998,0.3684210526315789,0,0.3157894736842105,0,0,0.05555555555555555,-2.35,0.1111111111111111,0,0,0.0,-2.08,0,0.05555555555555555,0,-2.11,0.05555555555555555,0",0.000,42.1,-0.0300,-31.9500,-9.2900,-9.2900,0.0,,0,none,19,guide
AUGAUAUAGACGUUGUGGC,CUGGAGUACAACUACAACAGCCACAACGUCUAUAUCAUGGCCGACAAGCAGAAGAAC,0.9866312889070314,1,"2.32,-1.1,-9.38,0,0,-182.8,0.3157894736842105,0,0.3157894736842105,0,0,0.05555555555555555,-2.11,0.1111111111111111,1,0,0.0,-3.42,0,0.05555555555555555,0,-0.93,0.05555555555555555,0",0.000,42.1,2.7700,-31.8200,-9.3200,-9.3200,0.0,,0,none,19,guide
CAUGAUAUAGACGUUGUGG,UGGAGUACAACUACAACAGCCACAACGUCUAUAUCAUGGCCGACAAGCAGAAGAACG,0.8974385141340954,1,"0.7,-2.11,-10.44,0,0,-182.07999999999998,0.3157894736842105,0,0.3157894736842105,0,0,0.05555555555555555,-1.1,0.1111111111111111,0,1,0.0,-3.26,0,0.0,0,-2.24,0.05555555555555555,0",-2.100,42.1,1.1500,-31.0600,-9.0900,-9.0900,0.0,,0,none,19,guide
CCAUGAUAUAGACGUUGUG,GGAGUACAACUACAACAGCCACAACGUCUAUAUCAUGGCCGACAAGCAGAAGAACGG,0.6591488927441577,0,"-0.7,-3.26,-13.39,0,0,-182.07999999999998,0.3157894736842105,0,0.2631578947368421,0,0,0.0,-2.11,0.1111111111111111,0,1,0.05555555555555555,-2.11,1,0.0,0,-2.36,0.05555555555555555,0",-1.100,42.1,-1.1500,-30.6600,-10.1000,-10.1000,0.0,,0,none,19,guide
GCCAUGAUAUAGACGUUGU,GAGUACAACUACAACAGCCACAACGUCUAUAUCAUGGCCGACAAGCAGAAGAACGGC,0.2804367792631901,0,"-1.63,-3.42,-14.88,0,1,-182.8,0.3157894736842105,0,0.2631578947368421,0,1,0.0,-3.26,0.1111111111111111,0,0,0.05555555555555555,-2.24,0,0.05555555555555555,0,-2.24,0.05555555555555555,0",0.000,42.1,-1.6300,-31.4700,-12.0300,-12.0300,0.0,,0,none,19,guide
GGCCAUGAUAUAGACGUUG,AGUACAACUACAACAGCCACAACGUCUAUAUCAUGGCCGACAAGCAGAAGAACGGCA,0.5409735687315033,0,"-0.7,-3.26,-13.39,0,1,-188.51000000000002,0.2631578947368421,0,0.3157894736842105,1,0,0.05555555555555555,-3.42,0.1111111111111111,0,0,0.05555555555555555,-2.11,0,0.05555555555555555,0,-2.35,0.05555555555555555,0",0.000,47.4,-1.1500,-33.3900,-14.3500,-14.3500,0.0,,0,none,19,guide
CGGCCAUGAUAUAGACGUU,GUACAACUACAACAGCCACAACGUCUAUAUCAUGGCCGACAAGCAGAAGAACGGCAU,0.3428921318501888,0,"-1.43,-2.36,-10.64,0,0,-184.98999999999998,0.2631578947368421,0,0.2631578947368421,0,0,0.05555555555555555,-3.26,0.1111111111111111,0,1,0.05555555555555555,-0.93,0,0.05555555555555555,1,-2.08,0.05555555555555555,0",0.000,47.4,-1.8800,-32.9400,-15.2600,-15.2600,0.0,,0,none,19,guide
UCGGCCAUGAUAUAGACGU,UACAACUACAACAGCCACAACGUCUAUAUCAUGGCCGACAAGCAGAAGAACGGCAUC,0.7010919481579754,0,"-0.11,-2.35,-12.44,1,0,-186.89000000000001,0.2631578947368421,0,0.2631578947368421,0,0,0.05555555555555555,-2.36,0.1111111111111111,0,0,0.05555555555555555,-2.24,0,0.05555555555555555,0,-1.33,0.0,0",0.000,47.4,-0.1100,-33.8100,-15.5100,-15.5100,0.0,,0,none,19,guide
GUCGGCCAUGAUAUAGACG,ACAACUACAACAGCCACAACGUCUAUAUCAUGGCCGACAAGCAGAAGAACGGCAUCA,0.566894581079702,0,"-0.33,-2.24,-11.4,0,1,-194.32999999999998,0.21052631578947367,0,0.3157894736842105,0,0,0.05555555555555555,-2.35,0.1111111111111111,1,0,0.05555555555555555,-2.36,0,0.05555555555555555,0,-1.1,0.0,0",-1.900,52.6,0.1200,-35.0600,-16.7600,-16.7600,0.0,,0,none,19,guide
UGUCGGCCAUGAUAUAGAC,CAACUACAACAGCCACAACGUCUAUAUCAUGGCCGACAAGCAGAAGAACGGCAUCAA,0.4464741300132667,0,"1.03,-2.11,-10.44,1,0,-190.40999999999997,0.2631578947368421,0,0.2631578947368421,0,0,0.05555555555555555,-2.24,0.1111111111111111,0,0,0.05555555555555555,-2.24,0,0.05555555555555555,0,-1.33,0.0,0",-1.700,47.4,0.5800,-34.0600,-16.8900,-16.8900,0.0,,0,none,19,guide
UUGUCGGCCAUGAUAUAGA,AACUACAACAGCCACAACGUCUAUAUCAUGGCCGACAAGCAGAAGAACGGCAUCAAG,0.7112970711297072,0,"0.97,-0.93,-6.82,1,0,-182.10999999999996,0.3157894736842105,1,0.2631578947368421,0,0,0.05555555555555555,-2.11,0.1111111111111111,1,0,0.05555555555555555,-2.35,0,0.05555555555555555,0,-1.1,0.05555555555555555,1",-1.900,42.1,1.4200,-32.4000,-15.7400,-15.7400,0.0,,0,none,19,guide
CUUGUCGGCCAUGAUAUAG,ACUACAACAGCCACAACGUCUAUAUCAUGGCCGACAAGCAGAAGAACGGCAUCAAGG,0.6174099397897745,0,"0.0,-2.08,-10.48,0,0,-187.58999999999997,0.3157894736842105,0,0.2631578947368421,0,0,0.05555555555555555,-0.93,0.1111111111111111,1,1,0.05555555555555555,-2.08,0,0.05555555555555555,0,-2.35,0.05555555555555555,0",-1.900,47.4,0.0000,-32.8300,-13.2500,-13.2500,0.0,,0,none,19,guide
GCUUGUCGGCCAUGAUAUA,CUACAACAGCCACAACGUCUAUAUCAUGGCCGACAAGCAGAAGAACGGCAUCAAGGU,0.3476885396469028,0,"-2.09,-3.42,-14.88,0,1,-188.26999999999998,0.3157894736842105,0,0.2631578947368421,0,1,0.05555555555555555,-2.08,0.1111111111111111,0,0,0.05555555555555555,-1.33,0,0.1111111111111111,0,-2.11,0.05555555555555555,1",-1.900,47.4,-2.5400,-33.8700,-12.0700,-12.0700,0.0,,0,none,19,guide
UGCUUGUCGGCCAUGAUAU,UACAACAGCCACAACGUCUAUAUCAUGGCCGACAAGCAGAAGAACGGCAUCAAGGUG,0.8728441677722217,1,"-0.56,-2.11,-10.44,1,0,-187.29999999999998,0.3684210526315789,0,0.2631578947368421,0,0,0.05555555555555555,-3.42,0.05555555555555555,0,0,0.05555555555555555,-1.1,0,0.1111111111111111,0,-1.1,0.05555555555555555,0",-1.900,47.4,-1.0100,-34.1000,-13.1300,-13.1300,0.0,,0,none,19,guide
CUGCUUGUCGGCCAUGAUA,ACAACAGCCACAACGUCUAUAUCAUGGCCGACAAGCAGAAGAACGGCAUCAAGGUGA,0.6232268598836617,0,"-1.2,-2.08,-10.48,0,0,-192.11999999999998,0.3157894736842105,0,0.2631578947368421,0,0,0.05555555555555555,-2.11,0.05555555555555555,1,1,0.05555555555555555,-1.33,0,0.1111111111111111,0,-2.11,0.05555555555555555,1",-1.300,52.6,-1.2000,-35.7800,-12.8900,-12.8900,0.0,,0,none,19,guide
UCUGCUUGUCGGCCAUGAU,CAACAGCCACAACGUCUAUAUCAUGGCCGACAAGCAGAAGAACGGCAUCAAGGUGAA,0.6742524747423206,0,"-0.8,-2.35,-12.44,1,0,-193.14999999999998,0.3684210526315789,0,0.2631578947368421,0,0,0.05555555555555555,-2.08,0.0,0,0,0.05555555555555555,-1.1,0,0.1111111111111111,0,-3.26,0.05555555555555555,0",-0.800,52.6,-1.2500,-36.1000,-12.7300,-12.7300,0.0,,0,none,19,guide
UUCUGCUUGUCGGCCAUGA,AACAGCCACAACGUCUAUAUCAUGGCCGACAAGCAGAAGAACGGCAUCAAGGUGAAC,0.743953464639249,1,"0.97,-0.93,-6.82,1,0,-190.58999999999997,0.3684210526315789,1,0.2631578947368421,0,0,0.05555555555555555,-2.35,0.0,1,0,0.05555555555555555,-2.35,0,0.1111111111111111,0,-3.42,0.1111111111111111,1",-0.800,52.6,1.4200,-36.0800,-12.9700,-12.9700,0.0,,0,none,19,guide
CUUCUGCUUGUCGGCCAUG,ACAGCCACAACGUCUAUAUCAUGGCCGACAAGCAGAAGAACGGCAUCAAGGUGAACU,0.3879987753852434,0,"0.03,-2.08,-10.48,0,0,-196.07,0.3684210526315789,0,0.2631578947368421,0,0,0.05555555555555555,-0.93,0.0,1,1,0.05555555555555555,-2.11,0,0.1111111111111111,0,-3.26,0.1111111111111111,0",-0.800,57.9,0.0300,-36.7100,-12.9700,-12.9700,0.0,,0,none,19,guide
UCUUCUGCUUGUCGGCCAU,CAGCCACAACGUCUAUAUCAUGGCCGACAAGCAGAAGAACGGCAUCAAGGUGAACUU,0.6374119808143689,0,"-0.8,-2.35,-12.44,1,0,-190.62999999999994,0.42105263157894735,0,0.21052631578947367,0,0,0.05555555555555555,-2.08,0.0,0,0,0.05555555555555555,-1.1,0,0.1111111111111111,0,-2.36,0.1111111111111111,0",-0.800,52.6,-1.2500,-35.9000,-12.9700,-12.9700,0.0,,0,none,19,guide
UUCUUCUGCUUGUCGGCCA,AGCCACAACGUCUAUAUCAUGGCCGACAAGCAGAAGAACGGCAUCAAGGUGAACUUC,0.8384529033574855,1,"0.73,-0.93,-6.82,1,0,-188.06999999999994,0.42105263157894735,1,0.21052631578947367,0,0,0.05555555555555555,-2.35,0.0,1,0,0.05555555555555555,-2.11,0,0.1111111111111111,0,-2.35,0.16666666666666666,1",-0.800,52.6,1.1800,-35.7300,-11.9000,-11.9000,0.0,,0,none,19,guide
GUUCUUCUGCUUGUCGGCC,GCCACAACGUCUAUAUCAUGGCCGACAAGCAGAAGAACGGCAUCAAGGUGAACUUCA,0.6454740279620369,0,"0.57,-2.24,-11.4,0,1,-196.46999999999997,0.42105263157894735,0,0.2631578947368421,0,0,0.05555555555555555,-0.93,0.0,1,0,0.05555555555555555,-3.26,0,0.1111111111111111,0,-2.24,0.16666666666666666,0",-0.800,57.9,1.0200,-36.9100,-10.7200,-10.7200,0.0,,0,none,19,guide
CGUUCUUCUGCUUGUCGGC,CCACAACGUCUAUAUCAUGGCCGACAAGCAGAAGAACGGCAUCAAGGUGAACUUCAA,0.9262169609143792,1,"1.06,-2.36,-10.64,0,0,-193.71999999999997,0.42105263157894735,0,0.2631578947368421,0,0,0.05555555555555555,-2.24,0.0,0,1,0.0,-3.42,0,0.1111111111111111,1,-2.11,0.16666666666666666,0",0.000,57.9,1.0600,-36.2100,-10.8800,-10.8800,0.0,,0,none,19,guide
CCGUUCUUCUGCUUGUCGG,CACAACGUCUAUAUCAUGGCCGACAAGCAGAAGAACGGCAUCAAGGUGAACUUCAAG,0.8561077660985815,1,"0.0,-3.26,-13.39,0,0,-192.22999999999996,0.42105263157894735,0,0.2631578947368421,0,0,0.05555555555555555,-2.36,0.0,0,1,0.05555555555555555,-3.26,1,0.05555555555555555,0,-0.93,0.16666666666666666,0",-0.800,57.9,0.0000,-35.8500,-10.8900,-10.8900,0.0,,0,none,19,guide
GCCGUUCUUCUGCUUGUCG,ACAACGUCUAUAUCAUGGCCGACAAGCAGAAGAACGGCAUCAAGGUGAACUUCAAGA,0.7760996020002041,1,"-1.06,-3.42,-14.88,0,1,-193.72000000000003,0.42105263157894735,0,0.2631578947368421,0,1,0.0,-3.26,0.0,0,0,0.05555555555555555,-2.36,0,0.1111111111111111,0,-2.08,0.16666666666666666,0",0.000,57.9,-1.0600,-36.0100,-13.2200,-13.2200,0.0,,0,none,19,guide
UGCCGUUCUUCUGCUUGUC,CAACGUCUAUAUCAUGGCCGACAAGCAGAAGAACGGCAUCAAGGUGAACUUCAAGAU,0.8598836615981224,1,"1.14,-2.11,-10.44,1,0,-189.8,0.47368421052631576,0,0.21052631578947367,0,0,0.0,-3.42,0.0,0,0,0.05555555555555555,-2.35,0,0.1111111111111111,0,-3.42,0.16666666666666666,0",0.000,52.6,0.6900,-35.0600,-14.5600,-14.5600,0.0,,0,none,19,guide
AUGCCGUUCUUCUGCUUGU,AACGUCUAUAUCAUGGCCGACAAGCAGAAGAACGGCAUCAAGGUGAACUUCAAGAUC,0.7437493621798142,1,"0.69,-1.1,-9.38,0,0,-183.02,0.47368421052631576,0,0.21052631578947367,0,0,0.0,-2.11,0.0,1,0,0.05555555555555555,-2.24,0,0.1111111111111111,0,-2.11,0.16666666666666666,0",0.000,47.4,1.1400,-33.4600,-14.3200,-14.3200,0.0,,0,none,19,guide
GAUGCCGUUCUUCUGCUUG,ACGUCUAUAUCAUGGCCGACAAGCAGAAGAACGGCAUCAAGGUGAACUUCAAGAUCC,0.7374221859373407,1,"-0.24,-2.35,-12.44,0,1,-191.49999999999997,0.42105263157894735,0,0.2631578947368421,0,0,0.0,-1.1,0.0,0,0,0.05555555555555555,-2.11,0,0.1111111111111111,0,-2.08,0.16666666666666666,0",0.000,52.6,-0.2400,-34.8200,-14.4900,-14.4900,0.0,,0,none,19,guide
UGAUGCCGUUCUUCUGCUU,CGUCUAUAUCAUGGCCGACAAGCAGAAGAACGGCAUCAAGGUGAACUUCAAGAUCCG,0.805592407388509,1,"-0.73,-2.11,-10.44,1,0,-184.05999999999997,0.47368421052631576,0,0.21052631578947367,0,0,0.0,-2.35,0.0,0,0,0.05555555555555555,-0.93,0,0.1111111111111111,0,-2.35,0.16666666666666666,0",0.000,47.4,-1.1800,-33.5700,-14.6000,-14.6000,0.0,,0,none,19,guide
UUGAUGCCGUUCUUCUGCU,GUCUAUAUCAUGGCCGACAAGCAGAAGAACGGCAUCAAGGUGAACUUCAAGAUCCGC,0.7469129503010512,1,"0.7,-0.93,-6.82,1,0,-184.06,0.47368421052631576,1,0.21052631578947367,0,0,0.0,-2.11,0.0,1,0,0.05555555555555555,-2.08,0,0.1111111111111111,0,-0.93,0.16666666666666666,0",0.000,47.4,1.1500,-33.7200,-14.3500,-14.3500,0.0,,0,none,19,guide
CUUGAUGCCGUUCUUCUGC,UCUAUAUCAUGGCCGACAAGCAGAAGAACGGCAUCAAGGUGAACUUCAAGAUCCGCC,0.6342483926931319,0,"0.89,-2.08,-10.48,0,0,-191.49999999999997,0.42105263157894735,0,0.21052631578947367,0,0,0.0,-0.93,0.0,1,1,0.05555555555555555,-3.42,0,0.1111111111111111,0,-2.08,0.16666666666666666,0",0.000,52.6,1.3400,-34.8200,-12.0200,-12.0200,0.0,,0,none,19,guide
CCUUGAUGCCGUUCUUCUG,CUAUAUCAUGGCCGACAAGCAGAAGAACGGCAUCAAGGUGAACUUCAAGAUCCGCCA,0.7479334625982245,1,"-0.7,-3.26,-13.39,0,0,-190.00999999999996,0.42105263157894735,0,0.21052631578947367,0,0,0.0,-2.08,0.0,0,1,0.1111111111111111,-2.11,1,0.05555555555555555,0,-2.35,0.16666666666666666,0",0.000,52.6,-1.1500,-34.4600,-10.6800,-10.6800,0.0,,0,none,19,guide
ACCUUGAUGCCGUUCUUCU,UAUAUCAUGGCCGACAAGCAGAAGAACGGCAUCAAGGUGAACUUCAAGAUCCGCCAC,0.841514440249005,1,"-0.16,-2.24,-11.4,0,0,-183.52999999999997,0.42105263157894735,0,0.15789473684210525,0,0,0.0,-3.26,0.0,0,0,0.1111111111111111,-2.08,0,0.05555555555555555,0,-0.93,0.16666666666666666,0",0.000,47.4,-0.1600,-33.5400,-11.8300,-11.8300,0.0,,0,none,19,guide
CACCUUGAUGCCGUUCUUC,AUAUCAUGGCCGACAAGCAGAAGAACGGCAUCAAGGUGAACUUCAAGAUCCGCCACA,0.6983365649556078,0,"0.24,-2.11,-10.44,0,0,-190.92999999999995,0.3684210526315789,0,0.15789473684210525,0,0,0.0,-2.24,0.0,0,1,0.1111111111111111,-2.35,0,0.05555555555555555,0,-2.24,0.16666666666666666,0",0.000,52.6,0.2400,-34.8200,-12.9700,-12.9700,0.0,,0,none,19,guide
UCACCUUGAUGCCGUUCUU,UAUCAUGGCCGACAAGCAGAAGAACGGCAUCAAGGUGAACUUCAAGAUCCGCCACAA,0.7206857842637004,1,"-0.97,-2.35,-12.44,1,0,-183.48999999999995,0.42105263157894735,0,0.15789473684210525,0,0,0.0,-2.11,0.0,0,0,0.1111111111111111,-0.93,0,0.05555555555555555,0,-2.36,0.16666666666666666,0",0.000,47.4,-1.4200,-33.7200,-12.7300,-12.7300,0.0,,0,none,19,guide
UUCACCUUGAUGCCGUUCU,AUCAUGGCCGACAAGCAGAAGAACGGCAUCAAGGUGAACUUCAAGAUCCGCCACAAC,0.9334625982243088,1,"0.7,-0.93,-6.82,1,0,-183.48999999999995,0.42105263157894735,1,0.15789473684210525,0,0,0.0,-2.35,0.0,1,0,0.1111111111111111,-2.08,0,0.05555555555555555,0,-3.26,0.16666666666666666,0",0.000,47.4,1.1500,-33.5700,-12.9700,-12.9700,0.0,,0,none,19,guide
GUUCACCUUGAUGCCGUUC,UCAUGGCCGACAAGCAGAAGAACGGCAUCAAGGUGAACUUCAAGAUCCGCCACAACA,0.7580365343402389,1,"0.11,-2.24,-11.4,0,1,-191.85,0.3684210526315789,0,0.21052631578947367,0,0,0.0,-0.93,0.0,1,0,0.1111111111111111,-2.35,0,0.05555555555555555,0,-3.42,0.16666666666666666,0",0.000,52.6,0.1100,-34.7800,-12.9700,-12.9700,0.0,,0,none,19,guide
AGUUCACCUUGAUGCCGUU,CAUGGCCGACAAGCAGAAGAACGGCAUCAAGGUGAACUUCAAGAUCCGCCACAACAU,0.6046535360751097,0,"-0.7,-2.08,-10.48,0,0,-182.44999999999996,0.3684210526315789,0,0.21052631578947367,0,0,0.0,-2.24,0.0,0,0,0.1111111111111111,-0.93,0,0.05555555555555555,0,-2.11,0.16666666666666666,0",0.000,47.4,-1.1500,-33.4600,-13.1300,-13.1300,0.0,,0,none,19,guide
AAGUUCACCUUGAUGCCGU,AUGGCCGACAAGCAGAAGAACGGCAUCAAGGUGAACUUCAAGAUCCGCCACAACAUC,0.8880498010001021,1,"0.86,-0.93,-6.82,0,0,-182.44999999999996,0.3157894736842105,0,0.21052631578947367,0,0,0.0,-2.08,0.0,0,0,0.1111111111111111,-2.24,0,0.05555555555555555,0,-1.1,0.1111111111111111,0",0.000,47.4,1.3100,-33.4600,-11.9500,-11.9500,0.0,,0,none,19,guide
GAAGUUCACCUUGAUGCCG,UGGCCGACAAGCAGAAGAACGGCAUCAAGGUGAACUUCAAGAUCCGCCACAACAUCG,0.7206857842637004,1,"-0.44,-2.35,-12.44,0,1,-190.93,0.2631578947368421,0,0.2631578947368421,0,0,0.0,-0.93,0.0,0,0,0.1111111111111111,-2.36,0,0.05555555555555555,0,-2.35,0.1111111111111111,0",0.000,52.6,0.0100,-34.8200,-10.6400,-10.6400,0.0,,0,none,19,guide
UGAAGUUCACCUUGAUGCC,GGCCGACAAGCAGAAGAACGGCAUCAAGGUGAACUUCAAGAUCCGCCACAACAUCGA,0.959893866721094,1,"1.6,-2.11,-10.44,1,0,-187.01,0.3157894736842105,0,0.21052631578947367,0,0,0.0,-2.35,0.0,0,0,0.1111111111111111,-3.26,0,0.05555555555555555,0,-2.11,0.1111111111111111,0",0.000,47.4,1.6000,-33.8200,-10.8800,-10.8800,0.0,,0,none,19,guide
UUGAAGUUCACCUUGAUGC,GCCGACAAGCAGAAGAACGGCAUCAAGGUGAACUUCAAGAUCCGCCACAACAUCGAG,0.924890294928054,1,"2.49,-0.93,-6.82,1,0,-180.44,0.3684210526315789,1,0.21052631578947367,0,0,0.0,-2.11,0.0,1,0,0.05555555555555555,-3.42,0,0.05555555555555555,0,-0.93,0.16666666666666666,0",0.000,42.1,2.9400,-31.6900,-10.6400,-10.6400,0.0,,0,none,19,guide
CUUGAAGUUCACCUUGAUG,CCGACAAGCAGAAGAACGGCAUCAAGGUGAACUUCAAGAUCCGCCACAACAUCGAGG,0.8725380140830697,1,"0.03,-2.08,-10.48,0,0,-179.76,0.3684210526315789,0,0.21052631578947367,0,0,0.0,-0.93,0.0,1,1,0.05555555555555555,-2.11,0,0.0,0,-2.08,0.16666666666666666,0",0.000,42.1,0.0300,-30.9000,-10.6400,-10.6400,0.0,,0,none,19,guide
UCUUGAAGUUCACCUUGAU,CGACAAGCAGAAGAACGGCAUCAAGGUGAACUUCAAGAUCCGCCACAACAUCGAGGA,0.7872231860393918,1,"-0.8,-2.35,-12.44,1,0,-174.32,0.42105263157894735,0,0.15789473684210525,0,0,0.0,-2.08,0.0,0,0,0.05555555555555555,-1.1,0,0.0,0,-3.26,0.16666666666666666,0",0.000,36.8,-1.2500,-29.7400,-10.4800,-10.4800,0.0,,0,none,19,guide
AUCUUGAAGUUCACCUUGA,GACAAGCAGAAGAACGGCAUCAAGGUGAACUUCAAGAUCCGCCACAACAUCGAGGAC,0.9799979589754058,1,"0.8,-1.1,-9.38,0,0,-174.31999999999996,0.3684210526315789,0,0.15789473684210525,0,0,0.0,-2.35,0.0,1,0,0.05555555555555555,-2.35,0,0.0,0,-2.24,0.16666666666666666,1",0.000,36.8,1.2500,-29.8900,-10.7500,-10.7500,0.0,,0,none,19,guide
GAUCUUGAAGUUCACCUUG,ACAAGCAGAAGAACGGCAUCAAGGUGAACUUCAAGAUCCGCCACAACAUCGAGGACG,0.956322073680988,1,"-0.24,-2.35,-12.44,0,1,-181.76000000000002,0.3684210526315789,0,0.21052631578947367,0,0,0.0,-1.1,0.0,0,0,0.05555555555555555,-2.11,0,0.0,0,-2.11,0.16666666666666666,0",0.000,42.1,-0.2400,-30.7400,-10.9200,-10.9200,0.0,,0,none,19,guide
GGAUCUUGAAGUUCACCUU,CAAGCAGAAGAACGGCAUCAAGGUGAACUUCAAGAUCCGCCACAACAUCGAGGACGG,0.9578528421267476,1,"-2.33,-3.26,-13.39,0,1,-180.98999999999998,0.3684210526315789,0,0.21052631578947367,1,0,0.05555555555555555,-2.35,0.0,0,0,0.05555555555555555,-0.93,0,0.0,0,-2.35,0.16666666666666666,0",-0.700,42.1,-2.7800,-31.5900,-10.9200,-10.9200,0.0,,0,none,19,guide
CGGAUCUUGAAGUUCACCU,AAGCAGAAGAACGGCAUCAAGGUGAACUUCAAGAUCCGCCACAACAUCGAGGACGGC,0.951831819573426,1,"-0.73,-2.36,-10.64,0,0,-184.80999999999997,0.3157894736842105,0,0.21052631578947367,0,0,0.05555555555555555,-3.26,0.0,0,1,0.05555555555555555,-2.08,0,0.0,1,-0.93,0.1111111111111111,0",-0.500,47.4,-0.7300,-32.9700,-12.0700,-12.0700,0.0,,0,none,19,guide
GCGGAUCUUGAAGUUCACC,AGCAGAAGAACGGCAUCAAGGUGAACUUCAAGAUCCGCCACAACAUCGAGGACGGCA,0.7408919277477294,1,"-0.16,-3.42,-14.88,0,1,-192.93,0.2631578947368421,0,0.2631578947368421,0,1,0.05555555555555555,-2.36,0.0,0,0,0.05555555555555555,-3.26,0,0.05555555555555555,0,-2.24,0.1111111111111111,0",-0.500,52.6,-0.1600,-34.8600,-13.5000,-13.5000,0.0,,0,none,19,guide
GGCGGAUCUUGAAGUUCAC,GCAGAAGAACGGCAUCAAGGUGAACUUCAAGAUCCGCCACAACAUCGAGGACGGCAG,0.5792427798754975,0,"-0.57,-3.26,-13.39,0,1,-192.92999999999998,0.2631578947368421,0,0.3157894736842105,1,0,0.1111111111111111,-3.42,0.0,0,0,0.0,-2.24,0,0.05555555555555555,0,-2.08,0.1111111111111111,0",-0.500,52.6,-1.0200,-35.0600,-14.8400,-14.8400,0.0,,0,none,19,guide
UGGCGGAUCUUGAAGUUCA,CAGAAGAACGGCAUCAAGGUGAACUUCAAGAUCCGCCACAACAUCGAGGACGGCAGC,0.7969180528625371,1,"0.0,-2.11,-10.44,1,0,-184.52999999999997,0.3157894736842105,0,0.3157894736842105,0,0,0.1111111111111111,-3.26,0.0,0,0,0.0,-2.11,0,0.05555555555555555,0,-0.93,0.1111111111111111,1",-0.500,47.4,0.0000,-33.6800,-15.7500,-15.7500,0.0,,0,none,19,guide
GUGGCGGAUCUUGAAGUUC,AGAAGAACGGCAUCAAGGUGAACUUCAAGAUCCGCCACAACAUCGAGGACGGCAGCG,0.7658944790284723,1,"0.11,-2.24,-11.4,0,1,-192.92999999999998,0.3157894736842105,0,0.3684210526315789,0,0,0.1111111111111111,-2.11,0.0,1,0,0.0,-2.35,0,0.05555555555555555,0,-2.35,0.1111111111111111,0",0.000,52.6,0.1100,-34.8600,-16.7600,-16.7600,0.0,,0,none,19,guide
UGUGGCGGAUCUUGAAGUU,GAAGAACGGCAUCAAGGUGAACUUCAAGAUCCGCCACAACAUCGAGGACGGCAGCGU,0.6715991427696705,0,"-0.73,-2.11,-10.44,1,0,-183.48999999999998,0.3684210526315789,0,0.3684210526315789,0,0,0.1111111111111111,-2.24,0.0,0,0,0.0,-0.93,0,0.05555555555555555,0,-2.11,0.1111111111111111,0",0.000,47.4,-1.1800,-33.7200,-16.6500,-16.6500,0.0,,0,none,19,guide
UUGUGGCGGAUCUUGAAGU,AAGAACGGCAUCAAGGUGAACUUCAAGAUCCGCCACAACAUCGAGGACGGCAGCGUG,0.8626390448004899,1,"0.86,-0.93,-6.82,1,0,-183.48999999999998,0.3684210526315789,1,0.3684210526315789,0,0,0.1111111111111111,-2.11,0.0,1,0,0.0,-2.24,0,0.05555555555555555,0,-0.93,0.1111111111111111,0",0.000,47.4,1.3100,-33.5700,-15.5000,-15.5000,0.0,,0,none,19,guide
GUUGUGGCGGAUCUUGAAG,AGAACGGCAUCAAGGUGAACUUCAAGAUCCGCCACAACAUCGAGGACGGCAGCGUGC,0.7043575875089295,0,"-0.16,-2.24,-11.4,0,1,-190.92999999999995,0.3157894736842105,0,0.42105263157894735,0,0,0.1111111111111111,-0.93,0.0,1,0,0.0,-2.08,0,0.05555555555555555,0,-2.08,0.1111111111111111,0",0.000,52.6,-0.1600,-34.8200,-14.0700,-14.0700,0.0,,0,none,19,guide
UGUUGUGGCGGAUCUUGAA,GAACGGCAUCAAGGUGAACUUCAAGAUCCGCCACAACAUCGAGGACGGCAGCGUGCA,0.8356975201551179,1,"-0.73,-2.11,-10.44,1,0,-183.44999999999996,0.3684210526315789,0,0.3684210526315789,0,0,0.1111111111111111,-2.24,0.0,0,0,0.0,-0.93,0,0.05555555555555555,0,-2.35,0.1111111111111111,1",0.000,47.4,-1.1800,-33.4500,-12.8900,-12.8900,0.0,,0,none,19,guide
AUGUUGUGGCGGAUCUUGA,AACGGCAUCAAGGUGAACUUCAAGAUCCGCCACAACAUCGAGGACGGCAGCGUGCAG,0.8165118889682622,1,"0.8,-1.1,-9.38,0,0,-186.00999999999996,0.3684210526315789,0,0.3684210526315789,0,0,0.1111111111111111,-2.11,0.0,1,0,0.0,-2.35,0,0.05555555555555555,0,-1.1,0.1111111111111111,1",0.000,47.4,1.2500,-33.6200,-11.7400,-11.7400,0.0,,0,none,19,guide
GAUGUUGUGGCGGAUCUUG,ACGGCAUCAAGGUGAACUUCAAGAUCCGCCACAACAUCGAGGACGGCAGCGUGCAGC,0.5880191856311868,0,"-0.24,-2.35,-12.44,0,1,-193.44999999999996,0.3684210526315789,0,0.42105263157894735,0,0,0.1111111111111111,-1.1,0.0,0,0,0.0,-2.11,0,0.05555555555555555,0,-2.35,0.1111111111111111,0",-0.100,52.6,-0.2400,-34.8200,-10.7300,-10.7300,0.0,,0,none,19,guide
CGAUGUUGUGGCGGAUCUU,CGGCAUCAAGGUGAACUUCAAGAUCCGCCACAACAUCGAGGACGGCAGCGUGCAGCU,0.6348607000714359,0,"-1.43,-2.36,-10.64,0,0,-189.92999999999998,0.3684210526315789,0,0.3684210526315789,0,0,0.1111111111111111,-2.35,0.0,0,1,0.0,-0.93,0,0.05555555555555555,1,-3.26,0.1111111111111111,0",-0.300,52.6,-1.8800,-34.5700,-10.8400,-10.8400,0.0,,0,none,19,guide
UCGAUGUUGUGGCGGAUCU,GGCAUCAAGGUGAACUUCAAGAUCCGCCACAACAUCGAGGACGGCAGCGUGCAGCUC,0.8189611184814778,1,"-0.27,-2.35,-12.44,1,0,-191.82999999999996,0.3684210526315789,0,0.3684210526315789,0,0,0.1111111111111111,-2.36,0.0,0,0,0.0,-2.08,0,0.05555555555555555,0,-2.36,0.05555555555555555,0",-0.300,52.6,-0.2700,-35.5900,-11.0900,-11.0900,0.0,,0,none,19,guide
CUCGAUGUUGUGGCGGAUC,GCAUCAAGGUGAACUUCAAGAUCCGCCACAACAUCGAGGACGGCAGCGUGCAGCUCG,0.5910807225227065,0,"0.27,-2.08,-10.48,0,0,-199.26999999999998,0.3157894736842105,0,0.3684210526315789,0,0,0.1111111111111111,-2.35,0.0,1,1,0.0,-2.35,0,0.05555555555555555,0,-3.42,0.05555555555555555,0",0.000,57.9,0.2700,-36.6900,-12.5100,-12.5100,0.0,,0,none,19,guide
CCUCGAUGUUGUGGCGGAU,CAUCAAGGUGAACUUCAAGAUCCGCCACAACAUCGAGGACGGCAGCGUGCAGCUCGC,0.3751403204408613,0,"-2.16,-3.26,-13.39,0,0,-196.49999999999994,0.3157894736842105,0,0.3684210526315789,0,0,0.1111111111111111,-2.08,0.0,0,1,0.05555555555555555,-1.1,1,0.05555555555555555,0,-3.26,0.05555555555555555,0",-1.300,57.9,-2.6100,-37.0500,-12.3500,-12.3500,0.0,,0,none,19,guide
UCCUCGAUGUUGUGGCGGA,AUCAAGGUGAACUUCAAGAUCCGCCACAACAUCGAGGACGGCAGCGUGCAGCUCGCC,0.7936524135115828,1,"0.0,-2.35,-12.44,1,0,-195.83999999999997,0.3157894736842105,0,0.3684210526315789,0,0,0.1111111111111111,-3.26,0.0,0,0,0.05555555555555555,-2.35,0,0.05555555555555555,0,-2.11,0.05555555555555555,1",-2.100,57.9,0.0000,-37.6000,-13.5000,-13.5000,0.0,,0,none,19,guide
GUCCUCGAUGUUGUGGCGG,UCAAGGUGAACUUCAAGAUCCGCCACAACAUCGAGGACGGCAGCGUGCAGCUCGCCG,0.2981936932340034,0,"0.57,-2.24,-11.4,0,1,-202.23999999999995,0.3157894736842105,0,0.42105263157894735,0,0,0.1111111111111111,-2.35,0.0,1,0,0.05555555555555555,-3.26,0,0.05555555555555555,0,-2.24,0.05555555555555555,0",-1.800,63.2,1.0200,-38.5400,-14.7500,-14.7500,0.0,,0,none,19,guide
CGUCCUCGAUGUUGUGGCG,CAAGGUGAACUUCAAGAUCCGCCACAACAUCGAGGACGGCAGCGUGCAGCUCGCCGA,0.3715685274007552,0,"0.0,-2.36,-10.64,0,0,-199.48999999999995,0.3157894736842105,0,0.3684210526315789,0,0,0.05555555555555555,-2.24,0.0,0,1,0.05555555555555555,-2.36,0,0.05555555555555555,1,-2.11,0.05555555555555555,0",-2.500,63.2,0.0000,-37.6400,-14.6400,-14.6400,0.0,,0,none,19,guide
CCGUCCUCGAUGUUGUGGC,AAGGUGAACUUCAAGAUCCGCCACAACAUCGAGGACGGCAGCGUGCAGCUCGCCGAC,0.7494642310439841,1,"0.16,-3.26,-13.39,0,0,-202.23999999999995,0.3157894736842105,0,0.3157894736842105,0,0,0.05555555555555555,-2.36,0.0,0,1,0.1111111111111111,-3.42,1,0.05555555555555555,0,-0.93,0.05555555555555555,0",-0.800,63.2,0.1600,-38.3400,-14.6400,-14.6400,0.0,,0,none,19,guide
GCCGUCCUCGAUGUUGUGG,AGGUGAACUUCAAGAUCCGCCACAACAUCGAGGACGGCAGCGUGCAGCUCGCCGACC,0.5148484539238698,0,"-0.16,-3.42,-14.88,0,1,-202.24,0.3157894736842105,0,0.3684210526315789,0,1,0.05555555555555555,-3.26,0.0,0,0,0.1111111111111111,-3.26,0,0.05555555555555555,0,-2.24,0.05555555555555555,0",-0.800,63.2,-0.1600,-38.7400,-15.5500,-15.5500,0.0,,0,none,19,guide
UGCCGUCCUCGAUGUUGUG,GGUGAACUUCAAGAUCCGCCACAACAUCGAGGACGGCAGCGUGCAGCUCGCCGACCA,0.4343300336769058,0,"0.9,-2.11,-10.44,1,0,-195.57,0.3684210526315789,0,0.3157894736842105,0,0,0.0,-3.42,0.0,0,0,0.1111111111111111,-2.11,0,0.05555555555555555,0,-2.11,0.05555555555555555,0",-0.800,57.9,0.4500,-36.8400,-16.8900,-16.8900,0.0,,0,none,19,guide
CUGCCGUCCUCGAUGUUGU,GUGAACUUCAAGAUCCGCCACAACAUCGAGGACGGCAGCGUGCAGCUCGCCGACCAC,0.5078069190733748,0,"-0.74,-2.08,-10.48,0,0,-195.61,0.3684210526315789,0,0.2631578947368421,0,0,0.0,-2.11,0.0,1,1,0.1111111111111111,-2.24,0,0.05555555555555555,0,-1.1,0.05555555555555555,0",-0.800,57.9,-0.2900,-36.6600,-15.7400,-15.7400,0.0,,0,none,19,guide
GCUGCCGUCCUCGAUGUUG,UGAACUUCAAGAUCCGCCACAACAUCGAGGACGGCAGCGUGCAGCUCGCCGACCACU,0.4191244004490254,0,"-0.86,-3.42,-14.88,0,1,-202.80999999999997,0.3157894736842105,0,0.3157894736842105,0,1,0.0,-2.08,0.0,0,0,0.1111111111111111,-2.11,0,0.1111111111111111,0,-2.35,0.05555555555555555,0",-0.800,63.2,-1.3100,-38.7400,-15.4700,-15.4700,0.0,,0,none,19,guide
CGCUGCCGUCCUCGAUGUU,GAACUUCAAGAUCCGCCACAACAUCGAGGACGGCAGCGUGCAGCUCGCCGACCACUA,0.225227063986121,0,"-1.43,-2.36,-10.64,0,0,-199.29,0.3157894736842105,0,0.2631578947368421,0,0,0.0,-3.42,0.0,0,1,0.1111111111111111,-0.93,0,0.1111111111111111,1,-2.36,0.05555555555555555,0",-0.800,63.2,-1.8800,-38.0900,-16.6500,-16.6500,0.0,,0,none,19,guide
ACGCUGCCGUCCUCGAUGU,AACUUCAAGAUCCGCCACAACAUCGAGGACGGCAGCGUGCAGCUCGCCGACCACUAC,0.4763751403204408,0,"0.0,-2.24,-11.4,0,0,-200.15,0.2631578947368421,0,0.2631578947368421,0,0,0.0,-2.36,0.0,0,0,0.1111111111111111,-2.24,0,0.1111111111111111,0,-2.35,0.0,0",-0.800,63.2,0.0000,-39.2000,-16.6500,-16.6500,0.0,,0,none,19,guide
CACGCUGCCGUCCUCGAUG,ACUUCAAGAUCCGCCACAACAUCGAGGACGGCAGCGUGCAGCUCGCCGACCACUACC,0.5669966323094194,0,"0.0,-2.11,-10.44,0,0,-206.63,0.21052631578947367,0,0.2631578947368421,0,0,0.0,-2.24,0.0,0,1,0.1111111111111111,-2.11,0,0.1111111111111111,0,-2.08,0.0,0",-0.100,68.4,0.0000,-39.9700,-15.6300,-15.6300,0.0,,0,none,19,guide
GCACGCUGCCGUCCUCGAU,CUUCAAGAUCCGCCACAACAUCGAGGACGGCAGCGUGCAGCUCGCCGACCACUACCA,0.3051331768547811,0,"-2.32,-3.42,-14.88,0,1,-207.35000000000002,0.21052631578947367,0,0.2631578947368421,0,1,0.0,-2.11,0.0,0,0,0.1111111111111111,-1.1,0,0.16666666666666666,0,-3.26,0.0,0",-0.400,68.4,-2.7700,-40.7800,-14.3200,-14.3200,0.0,,0,none,19,guide
UGCACGCUGCCGUCCUCGA,UUCAAGAUCCGCCACAACAUCGAGGACGGCAGCGUGCAGCUCGCCGACCACUACCAG,0.3821818552913563,0,"0.24,-2.11,-10.44,1,0,-204.69,0.21052631578947367,0,0.2631578947368421,0,0,0.0,-3.42,0.0,0,0,0.1111111111111111,-2.35,0,0.16666666666666666,0,-2.35,0.0,1",-0.400,68.4,0.2400,-41.3900,-15.6300,-15.6300,0.0,,0,none,19,guide
CUGCACGCUGCCGUCCUCG,UCAAGAUCCGCCACAACAUCGAGGACGGCAGCGUGCAGCUCGCCGACCACUACCAGC,0.281049086641494,0,"-0.17,-2.08,-10.48,0,0,-210.17000000000002,0.21052631578947367,0,0.2631578947368421,0,0,0.0,-2.11,0.0,1,1,0.1111111111111111,-2.36,0,0.16666666666666666,0,-2.24,0.0,0",-0.400,73.7,0.2800,-41.8200,-15.6600,-15.6600,0.0,,0,none,19,guide
GCUGCACGCUGCCGUCCUC,CAAGAUCCGCCACAACAUCGAGGACGGCAGCGUGCAGCUCGCCGACCACUACCAGCA,0.2052250229615267,0,"-0.62,-3.42,-14.88,0,1,-214.41,0.21052631578947367,0,0.2631578947368421,0,1,0.0,-2.08,0.0,0,0,0.1111111111111111,-2.35,0,0.2222222222222222,0,-2.36,0.0,0",-1.200,73.7,-1.0700,-42.8800,-14.3200,-14.3200,0.0,,0,none,19,guide
AGCUGCACGCUGCCGUCCU,AAGAUCCGCCACAACAUCGAGGACGGCAGCGUGCAGCUCGCCGACCACUACCAGCAG,0.2676803755485253,0,"0.0,-2.08,-10.48,0,0,-205.01000000000002,0.21052631578947367,0,0.2631578947368421,0,0,0.0,-3.42,0.0,0,0,0.1111111111111111,-2.08,0,0.2222222222222222,0,-3.26,0.0,0",-1.800,68.4,0.0000,-41.7600,-15.3800,-15.3800,0.0,,0,none,19,guide
GAGCUGCACGCUGCCGUCC,AGAUCCGCCACAACAUCGAGGACGGCAGCGUGCAGCUCGCCGACCACUACCAGCAGA,0.4078987651801204,0,"0.46,-2.35,-12.44,0,1,-214.41000000000003,0.15789473684210525,0,0.3157894736842105,0,0,0.0,-2.08,0.0,0,0,0.1111111111111111,-3.26,0,0.2222222222222222,0,-3.42,0.0,0",-1.900,73.7,0.9100,-43.2800,-15.2200,-15.2200,0.0,,0,none,19,guide
CGAGCUGCACGCUGCCGUC,GAUCCGCCACAACAUCGAGGACGGCAGCGUGCAGCUCGCCGACCACUACCAGCAGAA,0.3109500969486682,0,"0.44,-2.36,-10.64,0,0,-211.66,0.15789473684210525,0,0.3157894736842105,0,0,0.0,-2.35,0.0,0,1,0.05555555555555555,-2.35,0,0.2222222222222222,1,-2.11,0.0,0",-2.500,73.7,-0.0100,-42.1800,-15.4600,-15.4600,0.0,,0,none,19,guide
GCGAGCUGCACGCUGCCGU,AUCCGCCACAACAUCGAGGACGGCAGCGUGCAGCUCGCCGACCACUACCAGCAGAAC,0.321767527298704,0,"-1.63,-3.42,-14.88,0,1,-210.37999999999997,0.15789473684210525,0,0.3684210526315789,0,1,0.0,-2.36,0.0,0,0,0.05555555555555555,-2.24,0,0.2777777777777778,0,-2.08,0.0,0",-3.900,73.7,-1.6300,-42.7000,-14.4000,-14.4000,0.0,,0,none,19,guide
GGCGAGCUGCACGCUGCCG,UCCGCCACAACAUCGAGGACGGCAGCGUGCAGCUCGCCGACCACUACCAGCAGAACA,0.2844167772221656,0,"-0.9,-3.26,-13.39,0,1,-216.08999999999997,0.10526315789473684,0,0.42105263157894735,1,0,0.05555555555555555,-3.42,0.0,0,0,0.05555555555555555,-2.36,0,0.2777777777777778,0,-3.42,0.0,0",-7.900,78.9,-0.9000,-44.4700,-15.7100,-15.7100,0.0,,0,none,19,guide
CGGCGAGCUGCACGCUGCC,CCGCCACAACAUCGAGGACGGCAGCGUGCAGCUCGCCGACCACUACCAGCAGAACAC,0.1591999183590162,0,"0.9,-2.36,-10.64,0,0,-216.08999999999997,0.10526315789473684,0,0.3684210526315789,0,0,0.05555555555555555,-3.26,0.0,0,1,0.05555555555555555,-3.26,0,0.2777777777777778,1,-2.36,0.0,0",-6.500,78.9,0.9000,-44.2700,-16.8900,-16.8900,0.0,,0,none,19,guide
UCGGCGAGCUGCACGCUGC,CGCCACAACAUCGAGGACGGCAGCGUGCAGCUCGCCGACCACUACCAGCAGAACACC,0.4669864271864476,0,"1.52,-2.35,-12.44,1,0,-211.42,0.15789473684210525,0,0.3684210526315789,0,0,0.05555555555555555,-2.36,0.0,0,0,0.0,-3.42,0,0.2777777777777778,0,-2.24,0.0,0",-4.900,73.7,1.5200,-42.8600,-15.8300,-15.8300,0.0,,0,none,19,guide
GUCGGCGAGCUGCACGCUG,GCCACAACAUCGAGGACGGCAGCGUGCAGCUCGCCGACCACUACCAGCAGAACACCC,0.3114603530972548,0,"-0.13,-2.24,-11.4,0,1,-211.66,0.15789473684210525,0,0.42105263157894735,0,0,0.05555555555555555,-2.35,0.0,1,0,0.0,-2.11,0,0.2222222222222222,0,-2.11,0.0,0",-4.500,73.7,-0.1300,-42.1800,-16.1000,-16.1000,0.0,,0,none,19,guide
GGUCGGCGAGCUGCACGCU,CCACAACAUCGAGGACGGCAGCGUGCAGCUCGCCGACCACUACCAGCAGAACACCCC,0.3699357077252781,0,"-1.63,-3.26,-13.39,0,1,-210.89000000000001,0.15789473684210525,0,0.42105263157894735,1,0,0.1111111111111111,-2.24,0.0,0,0,0.0,-2.08,0,0.2222222222222222,0,-3.42,0.0,0",-2.800,73.7,-1.6300,-42.8300,-15.9900,-15.9900,0.0,,0,none,19,guide
UGGUCGGCGAGCUGCACGC,CACAACAUCGAGGACGGCAGCGUGCAGCUCGCCGACCACUACCAGCAGAACACCCCC,0.6342483926931319,0,"1.76,-2.11,-10.44,1,0,-210.84999999999997,0.15789473684210525,0,0.42105263157894735,0,0,0.1111111111111111,-3.26,0.0,0,0,0.0,-3.42,0,0.2222222222222222,0,-2.11,0.0,0",-1.600,73.7,1.7600,-42.8600,-16.8900,-16.8900,0.0,,0,none,19,guide
GUGGUCGGCGAGCUGCACG,ACAACAUCGAGGACGGCAGCGUGCAGCUCGCCGACCACUACCAGCAGAACACCCCCA,0.5557709970405144,0,"-0.33,-2.24,-11.4,0,1,-211.08999999999997,0.15789473684210525,0,0.47368421052631576,0,0,0.1111111111111111,-2.11,0.0,1,0,0.0,-2.36,0,0.16666666666666666,0,-2.08,0.0,0",-3.300,73.7,0.1200,-42.1800,-15.5800,-15.5800,0.0,,0,none,19,guide
AGUGGUCGGCGAGCUGCAC,CAACAUCGAGGACGGCAGCGUGCAGCUCGCCGACCACUACCAGCAGAACACCCCCAU,0.5808755995509747,0,"1.06,-2.08,-10.48,0,0,-207.20999999999998,0.15789473684210525,0,0.42105263157894735,0,0,0.1111111111111111,-2.24,0.0,0,0,0.0,-2.24,0,0.16666666666666666,0,-3.42,0.0,0",-3.100,68.4,0.6100,-41.3500,-14.5600,-14.5600,0.0,,0,none,19,guide
UAGUGGUCGGCGAGCUGCA,AACAUCGAGGACGGCAGCGUGCAGCUCGCCGACCACUACCAGCAGAACACCCCCAUC,0.5756709868353914,0,"0.33,-1.33,-7.69,1,0,-199.77999999999997,0.21052631578947367,0,0.42105263157894735,0,0,0.1111111111111111,-2.08,0.05555555555555555,0,0,0.0,-2.11,0,0.16666666666666666,0,-2.08,0.0,1",-3.100,63.2,0.7800,-39.9400,-14.2800,-14.2800,0.0,,0,none,19,guide
GUAGUGGUCGGCGAGCUGC,ACAUCGAGGACGGCAGCGUGCAGCUCGCCGACCACUACCAGCAGAACACCCCCAUCG,0.5227063986121033,0,"0.73,-2.24,-11.4,0,1,-208.17999999999995,0.21052631578947367,0,0.47368421052631576,0,0,0.1111111111111111,-1.33,0.05555555555555555,1,0,0.0,-3.42,0,0.16666666666666666,0,-2.35,0.0,0",-2.600,68.4,1.1800,-40.9200,-13.2600,-13.2600,0.0,,0,none,19,guide
GGUAGUGGUCGGCGAGCUG,CAUCGAGGACGGCAGCGUGCAGCUCGCCGACCACUACCAGCAGAACACCCCCAUCGG,0.5095417899785692,0,"-0.7,-3.26,-13.39,0,1,-206.69,0.21052631578947367,0,0.5263157894736842,1,0,0.16666666666666666,-2.24,0.05555555555555555,0,0,0.0,-2.11,0,0.1111111111111111,0,-2.36,0.0,0",-0.800,68.4,-1.1500,-41.1600,-13.2600,-13.2600,0.0,,0,none,19,guide
UGGUAGUGGUCGGCGAGCU,AUCGAGGACGGCAGCGUGCAGCUCGCCGACCACUACCAGCAGAACACCCCCAUCGGC,0.6596591488927442,0,"-0.03,-2.11,-10.44,1,0,-199.25,0.2631578947368421,0,0.47368421052631576,0,0,0.16666666666666666,-3.26,0.05555555555555555,0,0,0.0,-2.08,0,0.1111111111111111,0,-3.42,0.0,0",-0.300,63.2,-0.0300,-39.9100,-13.2600,-13.2600,0.0,,0,none,19,guide
CUGGUAGUGGUCGGCGAGC,UCGAGGACGGCAGCGUGCAGCUCGCCGACCACUACCAGCAGAACACCCCCAUCGGCG,0.3508521277681397,0,"0.89,-2.08,-10.48,0,0,-206.68999999999997,0.21052631578947367,0,0.47368421052631576,0,0,0.16666666666666666,-2.11,0.05555555555555555,1,1,0.0,-3.42,0,0.1111111111111111,0,-3.26,0.0,0",-1.500,68.4,1.3400,-40.9600,-13.2600,-13.2600,0.0,,0,none,19,guide
GCUGGUAGUGGUCGGCGAG,CGAGGACGGCAGCGUGCAGCUCGCCGACCACUACCAGCAGAACACCCCCAUCGGCGA,0.3297275232166548,0,"-0.89,-3.42,-14.88,0,1,-206.68999999999997,0.21052631578947367,0,0.5263157894736842,0,1,0.16666666666666666,-2.08,0.05555555555555555,0,0,0.0,-2.08,0,0.1111111111111111,0,-2.36,0.0,0",-4.800,68.4,-1.3400,-41.1600,-13.1000,-13.1000,0.0,,0,none,19,guide
UGCUGGUAGUGGUCGGCGA,GAGGACGGCAGCGUGCAGCUCGCCGACCACUACCAGCAGAACACCCCCAUCGGCGAC,0.7564037146647619,1,"0.24,-2.11,-10.44,1,0,-199.20999999999998,0.2631578947368421,0,0.47368421052631576,0,0,0.16666666666666666,-3.42,0.05555555555555555,0,0,0.0,-2.35,0,0.1111111111111111,0,-2.35,0.0,1",-4.800,63.2,0.2400,-39.9400,-14.4400,-14.4400,0.0,,0,none,19,guide
CUGCUGGUAGUGGUCGGCG,AGGACGGCAGCGUGCAGCUCGCCGACCACUACCAGCAGAACACCCCCAUCGGCGACG,0.3944280028574344,0,"-0.17,-2.08,-10.48,0,0,-204.69,0.2631578947368421,0,0.47368421052631576,0,0,0.16666666666666666,-2.11,0.05555555555555555,1,1,0.0,-2.36,0,0.1111111111111111,0,-2.24,0.0,0",-4.600,68.4,0.2800,-40.7200,-15.2200,-15.2200,0.0,,0,none,19,guide
UCUGCUGGUAGUGGUCGGC,GGACGGCAGCGUGCAGCUCGCCGACCACUACCAGCAGAACACCCCCAUCGGCGACGG,0.5989386672109399,0,"1.52,-2.35,-12.44,1,0,-202.76999999999998,0.3157894736842105,0,0.42105263157894735,0,0,0.16666666666666666,-2.08,0.05555555555555555,0,0,0.0,-3.42,0,0.1111111111111111,0,-3.26,0.0,0",-3.100,63.2,1.5200,-40.1600,-15.0600,-15.0600,0.0,,0,none,19,guide
UUCUGCUGGUAGUGGUCGG,GACGGCAGCGUGCAGCUCGCCGACCACUACCAGCAGAACACCCCCAUCGGCGACGGC,0.7981426676191448,1,"2.33,-0.93,-6.82,1,0,-194.71000000000004,0.3684210526315789,1,0.42105263157894735,0,0,0.16666666666666666,-2.35,0.05555555555555555,1,0,0.0,-3.26,0,0.05555555555555555,0,-2.11,0.05555555555555555,0",-1.200,57.9,2.7800,-37.7200,-14.1500,-14.1500,0.0,,0,none,19,guide
GUUCUGCUGGUAGUGGUCG,ACGGCAGCGUGCAGCUCGCCGACCACUACCAGCAGAACACCCCCAUCGGCGACGGCC,0.5862843147259925,0,"-0.33,-2.24,-11.4,0,1,-196.44,0.3684210526315789,0,0.42105263157894735,0,0,0.1111111111111111,-0.93,0.05555555555555555,1,0,0.0,-2.36,0,0.05555555555555555,0,-2.24,0.05555555555555555,0",-1.200,57.9,0.1200,-37.2000,-12.9700,-12.9700,0.0,,0,none,19,guide
UGUUCUGCUGGUAGUGGUC,CGGCAGCGUGCAGCUCGCCGACCACUACCAGCAGAACACCCCCAUCGGCGACGGCCC,0.7941626696601694,1,"1.14,-2.11,-10.44,1,0,-192.52,0.42105263157894735,0,0.3684210526315789,0,0,0.1111111111111111,-2.24,0.05555555555555555,0,0,0.0,-2.35,0,0.05555555555555555,0,-2.08,0.05555555555555555,0",-1.200,52.6,0.6900,-36.2500,-13.1300,-13.1300,0.0,,0,none,19,guide
GUGUUCUGCUGGUAGUGGU,GGCAGCGUGCAGCUCGCCGACCACUACCAGCAGAACACCCCCAUCGGCGACGGCCCC,0.8083477905908766,1,"-0.9,-2.24,-11.4,0,1,-191.48,0.42105263157894735,0,0.42105263157894735,0,0,0.1111111111111111,-2.11,0.05555555555555555,1,0,0.0,-2.24,0,0.05555555555555555,0,-1.33,0.05555555555555555,0",-1.200,52.6,-0.4500,-36.2900,-11.8200,-11.8200,0.0,,0,none,19,guide
GGUGUUCUGCUGGUAGUGG,GCAGCGUGCAGCUCGCCGACCACUACCAGCAGAACACCCCCAUCGGCGACGGCCCCG,0.5368915195428106,0,"0.0,-3.26,-13.39,0,1,-197.19,0.3684210526315789,0,0.47368421052631576,1,0,0.16666666666666666,-2.24,0.05555555555555555,0,0,0.0,-3.26,0,0.05555555555555555,0,-2.24,0.05555555555555555,0",-0.600,57.9,0.0000,-37.8600,-11.9500,-11.9500,0.0,,0,none,19,guide
GGGUGUUCUGCUGGUAGUG,CAGCGUGCAGCUCGCCGACCACUACCAGCAGAACACCCCCAUCGGCGACGGCCCCGU,0.4763751403204408,0,"-0.7,-3.26,-13.39,0,1,-197.19000000000003,0.3684210526315789,0,0.47368421052631576,1,0,0.16666666666666666,-3.26,0.05555555555555555,0,0,0.0,-2.11,0,0.05555555555555555,0,-3.26,0.05555555555555555,0",0.000,57.9,-1.1500,-37.6600,-13.1300,-13.1300,0.0,,0,none,19,guide
GGGGUGUUCUGCUGGUAGU,AGCGUGCAGCUCGCCGACCACUACCAGCAGAACACCCCCAUCGGCGACGGCCCCGUG,0.383712623737116,0,"-1.47,-3.26,-13.39,0,1,-196.42,0.3684210526315789,0,0.47368421052631576,1,0,0.2222222222222222,-3.26,0.05555555555555555,0,0,0.0,-2.24,0,0.05555555555555555,0,-2.11,0.05555555555555555,0",-0.700,57.9,-1.4700,-38.3100,-14.0400,-14.0400,0.0,,0,none,19,guide
GGGGGUGUUCUGCUGGUAG,GCGUGCAGCUCGCCGACCACUACCAGCAGAACACCCCCAUCGGCGACGGCCCCGUGC,0.5415858761098071,0,"-0.73,-3.26,-13.39,0,1,-202.13,0.3157894736842105,0,0.5263157894736842,1,0,0.2777777777777778,-3.26,0.05555555555555555,0,0,0.0,-2.08,0,0.05555555555555555,0,-2.08,0.05555555555555555,0",-1.800,63.2,-1.1800,-40.2300,-16.3700,-16.3700,0.0,,0,none,19,guide
UGGGGGUGUUCUGCUGGUA,CGUGCAGCUCGCCGACCACUACCAGCAGAACACCCCCAUCGGCGACGGCCCCGUGCU,0.6590468415144403,0,"-0.33,-2.11,-10.44,1,0,-194.65,0.3684210526315789,0,0.47368421052631576,0,0,0.2777777777777778,-3.26,0.05555555555555555,0,0,0.0,-1.33,0,0.05555555555555555,0,-3.42,0.05555555555555555,1",-1.900,57.9,-0.7800,-38.8600,-17.3900,-17.3900,0.0,,0,none,19,guide
AUGGGGGUGUUCUGCUGGU,GUGCAGCUCGCCGACCACUACCAGCAGAACACCCCCAUCGGCGACGGCCCCGUGCUG,0.5707725278089602,0,"0.69,-1.1,-9.38,0,0,-196.34,0.3684210526315789,0,0.47368421052631576,0,0,0.2777777777777778,-2.11,0.0,1,0,0.0,-2.24,0,0.05555555555555555,0,-2.11,0.05555555555555555,0",-1.900,57.9,1.1400,-38.6300,-17.3900,-17.3900,0.0,,0,none,19,guide
GAUGGGGGUGUUCUGCUGG,UGCAGCUCGCCGACCACUACCAGCAGAACACCCCCAUCGGCGACGGCCCCGUGCUGC,0.385957750790897,0,"0.46,-2.35,-12.44,0,1,-204.82,0.3157894736842105,0,0.5263157894736842,0,0,0.2777777777777778,-1.1,0.0,0,0,0.0,-3.26,0,0.05555555555555555,0,-2.08,0.05555555555555555,0",-1.900,63.2,0.9100,-40.1400,-16.2500,-16.2500,0.0,,0,none,19,guide
CGAUGGGGGUGUUCUGCUG,GCAGCUCGCCGACCACUACCAGCAGAACACCCCCAUCGGCGACGGCCCCGUGCUGCU,0.3111541994081028,0,"0.2,-2.36,-10.64,0,0,-202.06999999999996,0.3157894736842105,0,0.47368421052631576,0,0,0.2222222222222222,-2.35,0.0,0,1,0.0,-2.11,0,0.05555555555555555,1,-2.35,0.05555555555555555,0",-1.900,63.2,-0.2500,-39.0400,-15.3400,-15.3400,0.0,,0,none,19,guide
CCGAUGGGGGUGUUCUGCU,CAGCUCGCCGACCACUACCAGCAGAACACCCCCAUCGGCGACGGCCCCGUGCUGCUG,0.2939075415858761,0,"-1.63,-3.26,-13.39,0,0,-201.29999999999998,0.3157894736842105,0,0.42105263157894735,0,0,0.2222222222222222,-2.36,0.0,0,1,0.05555555555555555,-2.08,1,0.05555555555555555,0,-0.93,0.05555555555555555,0",-1.400,63.2,-1.6300,-39.4900,-14.4400,-14.4400,0.0,,0,none,19,guide
GCCGAUGGGGGUGUUCUGC,AGCUCGCCGACCACUACCAGCAGAACACCCCCAUCGGCGACGGCCCCGUGCUGCUGC,0.3002347178283499,0,"0.0,-3.42,-14.88,0,1,-209.42,0.2631578947368421,0,0.47368421052631576,0,1,0.2222222222222222,-3.26,0.0,0,0,0.05555555555555555,-3.42,0,0.1111111111111111,0,-2.24,0.05555555555555555,0",-3.000,68.4,0.0000,-41.7300,-14.4400,-14.4400,0.0,,0,none,19,guide
CGCCGAUGGGGGUGUUCUG,GCUCGCCGACCACUACCAGCAGAACACCCCCAUCGGCGACGGCCCCGUGCUGCUGCC,0.5418920297989591,0,"0.2,-2.36,-10.64,0,0,-205.17999999999998,0.2631578947368421,0,0.47368421052631576,0,0,0.2222222222222222,-3.42,0.0,0,1,0.05555555555555555,-2.11,0,0.05555555555555555,1,-2.11,0.05555555555555555,0",-4.800,68.4,-0.2500,-40.6700,-14.6000,-14.6000,0.0,,0,none,19,guide
UCGCCGAUGGGGGUGUUCU,CUCGCCGACCACUACCAGCAGAACACCCCCAUCGGCGACGGCCCCGUGCUGCUGCCC,0.5779161138891724,0,"-0.27,-2.35,-12.44,1,0,-199.73999999999998,0.3157894736842105,0,0.42105263157894735,0,0,0.2222222222222222,-2.36,0.0,0,0,0.05555555555555555,-2.08,0,0.05555555555555555,0,-2.24,0.05555555555555555,0",-4.900,63.2,-0.2700,-39.5100,-14.8500,-14.8500,0.0,,0,none,19,guide
GUCGCCGAUGGGGGUGUUC,UCGCCGACCACUACCAGCAGAACACCCCCAUCGGCGACGGCCCCGUGCUGCUGCCCG,0.3451372589039698,0,"0.11,-2.24,-11.4,0,1,-208.09999999999997,0.2631578947368421,0,0.47368421052631576,0,0,0.2222222222222222,-2.35,0.0,1,0,0.05555555555555555,-2.35,0,0.05555555555555555,0,-3.26,0.05555555555555555,0",-4.900,68.4,0.1100,-41.0700,-16.1000,-16.1000,0.0,,0,none,19,guide
CGUCGCCGAUGGGGGUGUU,CGCCGACCACUACCAGCAGAACACCCCCAUCGGCGACGGCCCCGUGCUGCUGCCCGA,0.189305031125625,0,"-1.43,-2.36,-10.64,0,0,-202.57999999999998,0.2631578947368421,0,0.47368421052631576,0,0,0.2222222222222222,-2.24,0.0,0,1,0.05555555555555555,-0.93,0,0.05555555555555555,1,-3.26,0.05555555555555555,0",-4.900,68.4,-1.8800,-40.5300,-15.9900,-15.9900,0.0,,0,none,19,guide
CCGUCGCCGAUGGGGGUGU,GCCGACCACUACCAGCAGAACACCCCCAUCGGCGACGGCCCCGUGCUGCUGCCCGAC,0.2123686090417389,0,"-1.47,-3.26,-13.39,0,0,-209.14999999999998,0.21052631578947367,0,0.47368421052631576,0,0,0.2222222222222222,-2.36,0.0,0,1,0.1111111111111111,-2.24,1,0.05555555555555555,0,-3.26,0.0,0",-4.900,73.7,-1.4700,-42.6600,-15.9900,-15.9900,0.0,,0,none,19,guide
GCCGUCGCCGAUGGGGGUG,CCGACCACUACCAGCAGAACACCCCCAUCGGCGACGGCCCCGUGCUGCUGCCCGACA,0.1976732319624451,0,"-0.86,-3.42,-14.88,0,1,-216.34999999999994,0.15789473684210525,0,0.5263157894736842,0,1,0.2222222222222222,-3.26,0.0,0,0,0.1111111111111111,-2.11,0,0.1111111111111111,0,-3.26,0.0,0",-5.000,78.9,-1.3100,-44.3900,-15.9900,-15.9900,0.0,,0,none,19,guide
GGCCGUCGCCGAUGGGGGU,CGACCACUACCAGCAGAACACCCCCAUCGGCGACGGCCCCGUGCUGCUGCCCGACAA,0.3700377589549954,0,"-1.47,-3.26,-13.39,0,1,-215.57999999999996,0.15789473684210525,0,0.5263157894736842,1,0,0.2777777777777778,-3.42,0.0,0,0,0.1111111111111111,-2.24,0,0.1111111111111111,0,-2.11,0.0,0",-4.700,78.9,-1.4700,-44.8400,-15.9900,-15.9900,0.0,,0,none,19,guide
GGGCCGUCGCCGAUGGGGG,GACCACUACCAGCAGAACACCCCCAUCGGCGACGGCCCCGUGCUGCUGCCCGACAAC,0.1781814470864374,0,"0.0,-3.26,-13.39,0,1,-221.28999999999996,0.10526315789473684,0,0.5789473684210527,1,0,0.3333333333333333,-3.26,0.0,0,0,0.1111111111111111,-3.26,0,0.1111111111111111,0,-1.1,0.0,0",-4.500,84.2,0.0000,-46.5600,-16.8900,-16.8900,0.0,,0,none,19,guide
GGGGCCGUCGCCGAUGGGG,ACCACUACCAGCAGAACACCCCCAUCGGCGACGGCCCCGUGCUGCUGCCCGACAACC,0.1308296764976018,0,"0.0,-3.26,-13.39,0,1,-221.28999999999996,0.10526315789473684,0,0.5789473684210527,1,0,0.3333333333333333,-3.26,0.0,0,0,0.1111111111111111,-3.26,0,0.1111111111111111,0,-2.35,0.0,0",-4.500,84.2,0.0000,-46.5600,-17.8000,-17.8000,0.0,,0,none,19,guide
CGGGGCCGUCGCCGAUGGG,CCACUACCAGCAGAACACCCCCAUCGGCGACGGCCCCGUGCUGCUGCCCGACAACCA,0.0385753648331462,0,"0.9,-2.36,-10.64,0,0,-218.53999999999996,0.10526315789473684,0,0.5263157894736842,0,0,0.2777777777777778,-3.26,0.0,0,1,0.1111111111111111,-3.26,0,0.1111111111111111,1,-2.36,0.0,0",-4.500,84.2,0.9000,-45.4600,-18.8200,-18.8200,0.0,,0,none,19,guide
ACGGGGCCGUCGCCGAUGG,CACUACCAGCAGAACACCCCCAUCGGCGACGGCCCCGUGCUGCUGCCCGACAACCAC,0.1041943055413817,0,"1.47,-2.24,-11.4,0,0,-212.82999999999998,0.10526315789473684,0,0.47368421052631576,0,0,0.2222222222222222,-2.36,0.0,0,0,0.1111111111111111,-3.26,0,0.1111111111111111,0,-3.26,0.0,0",-3.900,78.9,1.4700,-44.0900,-18.8200,-18.8200,0.0,,0,none,19,guide
CACGGGGCCGUCGCCGAUG,ACUACCAGCAGAACACCCCCAUCGGCGACGGCCCCGUGCUGCUGCCCGACAACCACU,0.3406470047964078,0,"0.0,-2.11,-10.44,0,0,-213.59999999999997,0.10526315789473684,0,0.42105263157894735,0,0,0.16666666666666666,-2.24,0.0,0,1,0.1111111111111111,-2.11,0,0.1111111111111111,0,-3.42,0.0,0",-3.900,78.9,0.0000,-43.2900,-17.8000,-17.8000,0.0,,0,none,19,guide
GCACGGGGCCGUCGCCGAU,CUACCAGCAGAACACCCCCAUCGGCGACGGCCCCGUGCUGCUGCCCGACAACCACUA,0.3648331462394122,0,"-2.32,-3.42,-14.88,0,1,-214.31999999999994,0.10526315789473684,0,0.42105263157894735,0,1,0.16666666666666666,-2.11,0.0,0,0,0.1111111111111111,-1.1,0,0.16666666666666666,0,-2.36,0.0,0",-3.900,78.9,-2.7700,-44.1000,-16.4900,-16.4900,0.0,,0,none,19,guide
AGCACGGGGCCGUCGCCGA,UACCAGCAGAACACCCCCAUCGGCGACGGCCCCGUGCUGCUGCCCGACAACCACUAC,0.290641902234922,0,"0.27,-2.08,-10.48,0,0,-211.69999999999993,0.05263157894736842,0,0.42105263157894735,0,0,0.16666666666666666,-3.42,0.0,0,0,0.1111111111111111,-2.35,0,0.16666666666666666,0,-2.35,0.0,1",-3.900,78.9,0.2700,-44.8800,-16.6500,-16.6500,0.0,,0,none,19,guide
CAGCACGGGGCCGUCGCCG,ACCAGCAGAACACCCCCAUCGGCGACGGCCCCGUGCUGCUGCCCGACAACCACUACC,0.3580977650780692,0,"-0.2,-2.11,-10.44,0,0,-217.14,0.05263157894736842,0,0.42105263157894735,0,0,0.16666666666666666,-2.08,0.0,0,1,0.1111111111111111,-2.36,0,0.16666666666666666,0,-2.24,0.0,0",-3.800,84.2,0.2500,-45.3400,-15.4700,-15.4700,0.0,,0,none,19,guide
GCAGCACGGGGCCGUCGCC,CCAGCAGAACACCCCCAUCGGCGACGGCCCCGUGCUGCUGCCCGACAACCACUACCU,0.1925706704765792,0,"-0.16,-3.42,-14.88,0,1,-221.38,0.05263157894736842,0,0.42105263157894735,0,1,0.16666666666666666,-2.11,0.0,0,0,0.1111111111111111,-3.26,0,0.2222222222222222,0,-2.36,0.0,0",-3.200,84.2,-0.1600,-46.4000,-14.3200,-14.3200,0.0,,0,none,19,guide
AGCAGCACGGGGCCGUCGC,CAGCAGAACACCCCCAUCGGCGACGGCCCCGUGCUGCUGCCCGACAACCACUACCUG,0.4290233697316052,0,"1.79,-2.08,-10.48,0,0,-214.75,0.05263157894736842,0,0.42105263157894735,0,0,0.16666666666666666,-3.42,0.0,0,0,0.05555555555555555,-3.42,0,0.2222222222222222,0,-3.26,0.0,0",-2.400,78.9,1.7900,-45.0700,-15.3800,-15.3800,0.0,,0,none,19,guide
CAGCAGCACGGGGCCGUCG,AGCAGAACACCCCCAUCGGCGACGGCCCCGUGCUGCUGCCCGACAACCACUACCUGA,0.4126951729768344,0,"-0.2,-2.11,-10.44,0,0,-214.02999999999997,0.05263157894736842,0,0.42105263157894735,0,0,0.16666666666666666,-2.08,0.0,0,1,0.05555555555555555,-2.36,0,0.16666666666666666,0,-3.42,0.0,0",-1.300,78.9,0.2500,-44.1100,-15.2200,-15.2200,0.0,,0,none,19,guide
GCAGCAGCACGGGGCCGUC,GCAGAACACCCCCAUCGGCGACGGCCCCGUGCUGCUGCCCGACAACCACUACCUGAG,0.2699255026023063,0,"-0.62,-3.42,-14.88,0,1,-218.26999999999995,0.05263157894736842,0,0.42105263157894735,0,1,0.16666666666666666,-2.11,0.0,0,0,0.05555555555555555,-2.35,0,0.2222222222222222,0,-3.26,0.0,0",-1.600,78.9,-1.0700,-44.9700,-15.2200,-15.2200,0.0,,0,none,19,guide
GGCAGCAGCACGGGGCCGU,CAGAACACCCCCAUCGGCGACGGCCCCGUGCUGCUGCCCGACAACCACUACCUGAGC,0.2001224614756608,0,"-1.47,-3.26,-13.39,0,1,-215.49999999999997,0.05263157894736842,0,0.47368421052631576,1,0,0.2222222222222222,-3.42,0.0,0,0,0.05555555555555555,-2.24,0,0.2222222222222222,0,-3.26,0.0,0",-4.200,78.9,-1.4700,-45.5300,-15.2200,-15.2200,0.0,,0,none,19,guide
GGGCAGCAGCACGGGGCCG,AGAACACCCCCAUCGGCGACGGCCCCGUGCUGCUGCCCGACAACCACUACCUGAGCA,0.1432799265231146,0,"-0.9,-3.26,-13.39,0,1,-221.20999999999992,0.0,0,0.5263157894736842,1,0,0.2777777777777778,-3.26,0.0,0,0,0.05555555555555555,-2.36,0,0.2222222222222222,0,-3.26,0.0,0",-4.100,84.2,-0.9000,-47.3000,-16.4000,-16.4000,0.0,,0,none,19,guide
CGGGCAGCAGCACGGGGCC,GAACACCCCCAUCGGCGACGGCCCCGUGCUGCUGCCCGACAACCACUACCUGAGCAC,0.2157362996224104,0,"0.9,-2.36,-10.64,0,0,-221.20999999999992,0.0,0,0.47368421052631576,0,0,0.2777777777777778,-3.26,0.0,0,1,0.05555555555555555,-3.26,0,0.2222222222222222,1,-2.36,0.0,0",-2.500,84.2,0.9000,-47.1000,-17.5500,-17.5500,0.0,,0,none,19,guide
UCGGGCAGCAGCACGGGGC,AACACCCCCAUCGGCGACGGCCCCGUGCUGCUGCCCGACAACCACUACCUGAGCACC,0.3726910909276457,0,"1.52,-2.35,-12.44,1,0,-216.53999999999996,0.05263157894736842,0,0.47368421052631576,0,0,0.2777777777777778,-2.36,0.0,0,0,0.0,-3.42,0,0.2222222222222222,0,-2.24,0.0,0",-3.000,78.9,1.5200,-45.6900,-16.4900,-16.4900,0.0,,0,none,19,guide
GUCGGGCAGCAGCACGGGG,ACACCCCCAUCGGCGACGGCCCCGUGCUGCUGCCCGACAACCACUACCUGAGCACCC,0.4928053883049291,0,"0.57,-2.24,-11.4,0,1,-216.77999999999997,0.05263157894736842,0,0.5263157894736842,0,0,0.2777777777777778,-2.35,0.0,1,0,0.0,-3.26,0,0.16666666666666666,0,-2.11,0.0,0",-3.000,78.9,1.0200,-45.2100,-16.7600,-16.7600,0.0,,0,none,19,guide
UGUCGGGCAGCAGCACGGG,CACCCCCAUCGGCGACGGCCCCGUGCUGCUGCCCGACAACCACUACCUGAGCACCCA,0.3934074905602612,0,"1.6,-2.11,-10.44,1,0,-210.10999999999996,0.10526315789473684,0,0.47368421052631576,0,0,0.2222222222222222,-2.24,0.0,0,0,0.0,-3.26,0,0.16666666666666666,0,-3.42,0.0,0",-3.000,73.7,1.6000,-43.3100,-16.8900,-16.8900,0.0,,0,none,19,guide
UUGUCGGGCAGCAGCACGG,ACCCCCAUCGGCGACGGCCCCGUGCUGCUGCCCGACAACCACUACCUGAGCACCCAG,0.7875293397285438,1,"2.33,-0.93,-6.82,1,0,-203.53999999999996,0.15789473684210525,1,0.42105263157894735,0,0,0.16666666666666666,-2.11,0.0,1,0,0.0,-3.26,0,0.16666666666666666,0,-2.08,0.05555555555555555,0",-2.700,68.4,2.7800,-40.8300,-15.5800,-15.5800,0.0,,0,none,19,guide
GUUGUCGGGCAGCAGCACG,CCCCCAUCGGCGACGGCCCCGUGCUGCUGCCCGACAACCACUACCUGAGCACCCAGU,0.8151852229819371,1,"-0.33,-2.24,-11.4,0,1,-205.26999999999998,0.15789473684210525,0,0.42105263157894735,0,0,0.1111111111111111,-0.93,0.0,1,0,0.0,-2.36,0,0.16666666666666666,0,-2.11,0.05555555555555555,0",-4.200,68.4,0.1200,-40.3100,-13.2500,-13.2500,0.0,,0,none,19,guide
GGUUGUCGGGCAGCAGCAC,CCCCAUCGGCGACGGCCCCGUGCUGCUGCCCGACAACCACUACCUGAGCACCCAGUC,0.6374119808143689,0,"-0.57,-3.26,-13.39,0,1,-208.01999999999995,0.15789473684210525,0,0.42105263157894735,1,0,0.16666666666666666,-2.24,0.0,0,0,0.0,-2.24,0,0.16666666666666666,0,-3.42,0.05555555555555555,0",-3.900,68.4,-1.0200,-41.4100,-12.2300,-12.2300,0.0,,0,none,19,guide
UGGUUGUCGGGCAGCAGCA,CCCAUCGGCGACGGCCCCGUGCUGCUGCCCGACAACCACUACCUGAGCACCCAGUCC,0.8861108276354731,1,"0.0,-2.11,-10.44,1,0,-199.61999999999998,0.21052631578947367,0,0.42105263157894735,0,0,0.16666666666666666,-3.26,0.0,0,0,0.0,-2.11,0,0.16666666666666666,0,-2.08,0.05555555555555555,1",-3.900,63.2,0.0000,-40.2300,-13.1300,-13.1300,0.0,,0,none,19,guide
GUGGUUGUCGGGCAGCAGC,CCAUCGGCGACGGCCCCGUGCUGCUGCCCGACAACCACUACCUGAGCACCCAGUCCG,0.7436473109500971,1,"0.73,-2.24,-11.4,0,1,-208.01999999999998,0.21052631578947367,0,0.47368421052631576,0,0,0.16666666666666666,-2.11,0.0,1,0,0.0,-3.42,0,0.16666666666666666,0,-2.11,0.05555555555555555,0",-3.200,68.4,1.1800,-41.2100,-12.8900,-12.8900,0.0,,0,none,19,guide
AGUGGUUGUCGGGCAGCAG,CAUCGGCGACGGCCCCGUGCUGCUGCCCGACAACCACUACCUGAGCACCCAGUCCGC,0.5531176650678641,0,"0.9,-2.08,-10.48,0,0,-199.89999999999998,0.21052631578947367,0,0.47368421052631576,0,0,0.16666666666666666,-2.24,0.0,0,0,0.0,-2.08,0,0.1111111111111111,0,-3.42,0.05555555555555555,0",-3.200,63.2,0.4500,-39.7200,-12.8900,-12.8900,0.0,,0,none,19,guide
UAGUGGUUGUCGGGCAGCA,AUCGGCGACGGCCCCGUGCUGCUGCCCGACAACCACUACCUGAGCACCCAGUCCGCC,0.5788345749566283,0,"0.33,-1.33,-7.69,1,0,-193.39,0.2631578947368421,0,0.42105263157894735,0,0,0.16666666666666666,-2.08,0.05555555555555555,0,0,0.0,-2.11,0,0.1111111111111111,0,-3.26,0.05555555555555555,1",-3.200,57.9,0.7800,-38.1200,-12.8600,-12.8600,0.0,,0,none,19,guide
GUAGUGGUUGUCGGGCAGC,UCGGCGACGGCCCCGUGCUGCUGCCCGACAACCACUACCUGAGCACCCAGUCCGCCC,0.5146443514644352,0,"0.73,-2.24,-11.4,0,1,-201.79,0.2631578947368421,0,0.47368421052631576,0,0,0.16666666666666666,-1.33,0.05555555555555555,1,0,0.0,-3.42,0,0.1111111111111111,0,-3.26,0.05555555555555555,0",-1.800,63.2,1.1800,-39.2500,-13.2600,-13.2600,0.0,,0,none,19,guide
GGUAGUGGUUGUCGGGCAG,CGGCGACGGCCCCGUGCUGCUGCCCGACAACCACUACCUGAGCACCCAGUCCGCCCU,0.5234207572201245,0,"-0.73,-3.26,-13.39,0,1,-200.29999999999998,0.2631578947368421,0,0.5263157894736842,1,0,0.2222222222222222,-2.24,0.05555555555555555,0,0,0.0,-2.08,0,0.05555555555555555,0,-2.36,0.05555555555555555,0",0.000,63.2,-1.1800,-39.2900,-13.2600,-13.2600,0.0,,0,none,19,guide
AGGUAGUGGUUGUCGGGCA,GGCGACGGCCCCGUGCUGCUGCCCGACAACCACUACCUGAGCACCCAGUCCGCCCUG,0.6227166037350751,0,"0.03,-2.08,-10.48,0,0,-192.85999999999996,0.2631578947368421,0,0.47368421052631576,0,0,0.2222222222222222,-3.26,0.05555555555555555,0,0,0.0,-2.11,0,0.05555555555555555,0,-2.35,0.05555555555555555,1",0.000,57.9,0.0300,-38.2400,-13.2600,-13.2600,0.0,,0,none,19,guide
CAGGUAGUGGUUGUCGGGC,GCGACGGCCCCGUGCUGCUGCCCGACAACCACUACCUGAGCACCCAGUCCGCCCUGA,0.5374017756913971,0,"0.86,-2.11,-10.44,0,0,-200.29999999999995,0.2631578947368421,0,0.47368421052631576,0,0,0.2222222222222222,-2.08,0.05555555555555555,0,1,0.0,-3.42,0,0.05555555555555555,0,-2.24,0.05555555555555555,0",0.000,63.2,1.3100,-39.2900,-13.2300,-13.2300,0.0,,0,none,19,guide
UCAGGUAGUGGUUGUCGGG,CGACGGCCCCGUGCUGCUGCCCGACAACCACUACCUGAGCACCCAGUCCGCCCUGAG,0.8361057250739873,1,"1.36,-2.35,-12.44,1,0,-194.14,0.3157894736842105,0,0.47368421052631576,0,0,0.2222222222222222,-2.11,0.05555555555555555,0,0,0.0,-3.26,0,0.0,0,-2.11,0.05555555555555555,0",0.000,57.9,1.3600,-37.8700,-13.1000,-13.1000,0.0,,0,none,19,guide
CUCAGGUAGUGGUUGUCGG,GACGGCCCCGUGCUGCUGCCCGACAACCACUACCUGAGCACCCAGUCCGCCCUGAGC,0.9223390141851208,1,"0.73,-2.08,-10.48,0,0,-194.95,0.3157894736842105,0,0.42105263157894735,0,0,0.16666666666666666,-2.35,0.05555555555555555,1,1,0.0,-3.26,0,0.0,0,-0.93,0.05555555555555555,0",0.000,57.9,1.1800,-36.8400,-13.3700,-13.3700,0.0,,0,none,19,guide
GCUCAGGUAGUGGUUGUCG,ACGGCCCCGUGCUGCUGCCCGACAACCACUACCUGAGCACCCAGUCCGCCCUGAGCA,0.4711705276048576,0,"-1.06,-3.42,-14.88,0,1,-196.44,0.3157894736842105,0,0.42105263157894735,0,1,0.1111111111111111,-2.08,0.05555555555555555,0,0,0.0,-2.36,0,0.05555555555555555,0,-2.24,0.05555555555555555,0",0.000,57.9,-1.0600,-37.2000,-14.1200,-14.1200,0.0,,0,none,19,guide
UGCUCAGGUAGUGGUUGUC,CGGCCCCGUGCUGCUGCCCGACAACCACUACCUGAGCACCCAGUCCGCCCUGAGCAA,0.5347484437187469,0,"1.14,-2.11,-10.44,1,0,-192.52,0.3684210526315789,0,0.3684210526315789,0,0,0.1111111111111111,-3.42,0.05555555555555555,0,0,0.0,-2.35,0,0.05555555555555555,0,-3.26,0.05555555555555555,0",-0.100,52.6,0.6900,-36.2500,-15.3000,-15.3000,0.0,,0,none,19,guide
GUGCUCAGGUAGUGGUUGU,GGCCCCGUGCUGCUGCCCGACAACCACUACCUGAGCACCCAGUCCGCCCUGAGCAAA,0.6416981324624963,0,"-0.9,-2.24,-11.4,0,1,-191.48000000000002,0.3684210526315789,0,0.42105263157894735,0,0,0.1111111111111111,-2.11,0.05555555555555555,1,0,0.0,-2.24,0,0.05555555555555555,0,-2.11,0.05555555555555555,0",-0.100,52.6,-0.4500,-36.2900,-14.1500,-14.1500,0.0,,0,none,19,guide
GGUGCUCAGGUAGUGGUUG,GCCCCGUGCUGCUGCCCGACAACCACUACCUGAGCACCCAGUCCGCCCUGAGCAAAG,0.4148382488008981,0,"-0.7,-3.26,-13.39,0,1,-197.19000000000003,0.3157894736842105,0,0.47368421052631576,1,0,0.16666666666666666,-2.24,0.05555555555555555,0,0,0.0,-2.11,0,0.05555555555555555,0,-2.24,0.05555555555555555,0",-0.700,57.9,-1.1500,-37.8600,-14.3100,-14.3100,0.0,,0,none,19,guide
GGGUGCUCAGGUAGUGGUU,CCCCGUGCUGCUGCCCGACAACCACUACCUGAGCACCCAGUCCGCCCUGAGCAAAGA,0.8119195836309828,1,"-2.33,-3.26,-13.39,0,1,-196.42,0.3157894736842105,0,0.47368421052631576,1,0,0.2222222222222222,-3.26,0.05555555555555555,0,0,0.0,-0.93,0,0.05555555555555555,0,-2.08,0.05555555555555555,0",-0.800,57.9,-2.7800,-38.5100,-15.4600,-15.4600,0.0,,0,none,19,guide
UGGGUGCUCAGGUAGUGGU,CCCGUGCUGCUGCCCGACAACCACUACCUGAGCACCCAGUCCGCCCUGAGCAAAGAC,1.0,1,"0.13,-2.11,-10.44,1,0,-196.32000000000002,0.3157894736842105,0,0.47368421052631576,0,0,0.2222222222222222,-3.26,0.05555555555555555,0,0,0.0,-2.24,0,0.05555555555555555,0,-1.33,0.0,0",-1.300,57.9,0.1300,-39.2900,-16.3700,-16.3700,0.0,,0,none,19,guide
CUGGGUGCUCAGGUAGUGG,CCGUGCUGCUGCCCGACAACCACUACCUGAGCACCCAGUCCGCCCUGAGCAAAGACC,0.7739565261761405,1,"0.73,-2.08,-10.48,0,0,-202.84000000000003,0.2631578947368421,0,0.47368421052631576,0,0,0.2222222222222222,-2.11,0.05555555555555555,1,1,0.0,-3.26,0,0.05555555555555555,0,-2.24,0.0,0",-1.900,63.2,1.1800,-40.0300,-16.4000,-16.4000,0.0,,0,none,19,guide
ACUGGGUGCUCAGGUAGUG,CGUGCUGCUGCCCGACAACCACUACCUGAGCACCCAGUCCGCCCUGAGCAAAGACCC,0.5238289621389938,0,"0.77,-2.24,-11.4,0,0,-197.12999999999997,0.2631578947368421,0,0.42105263157894735,0,0,0.16666666666666666,-2.08,0.05555555555555555,0,0,0.0,-2.11,0,0.05555555555555555,0,-3.26,0.0,0",-2.200,57.9,0.3200,-38.3100,-15.0600,-15.0600,0.0,,0,none,19,guide
GACUGGGUGCUCAGGUAGU,GUGCUGCUGCCCGACAACCACUACCUGAGCACCCAGUCCGCCCUGAGCAAAGACCCC,0.3763649351974691,0,"-1.01,-2.35,-12.44,0,1,-199.13000000000002,0.2631578947368421,0,0.42105263157894735,0,0,0.16666666666666666,-2.24,0.05555555555555555,0,0,0.0,-2.24,0,0.05555555555555555,0,-2.08,0.0,0",-2.200,57.9,-0.5600,-38.5500,-15.1900,-15.1900,0.0,,0,none,19,guide
GGACUGGGUGCUCAGGUAG,UGCUGCUGCCCGACAACCACUACCUGAGCACCCAGUCCGCCCUGAGCAAAGACCCCA,0.6845596489437697,0,"-0.73,-3.26,-13.39,0,1,-204.83999999999997,0.21052631578947367,0,0.47368421052631576,1,0,0.2222222222222222,-2.35,0.05555555555555555,0,0,0.0,-2.08,0,0.05555555555555555,0,-2.11,0.0,0",-2.200,63.2,-1.1800,-40.4700,-15.3000,-15.3000,0.0,,0,none,19,guide
CGGACUGGGUGCUCAGGUA,GCUGCUGCCCGACAACCACUACCUGAGCACCCAGUCCGCCCUGAGCAAAGACCCCAA,0.6600673538116135,0,"-1.03,-2.36,-10.64,0,0,-201.28,0.21052631578947367,0,0.42105263157894735,0,0,0.2222222222222222,-3.26,0.05555555555555555,0,1,0.0,-1.33,0,0.05555555555555555,1,-2.35,0.0,1",-2.200,63.2,-1.4800,-39.8500,-15.3000,-15.3000,0.0,,0,none,19,guide
GCGGACUGGGUGCUCAGGU,CUGCUGCCCGACAACCACUACCUGAGCACCCAGUCCGCCCUGAGCAAAGACCCCAAC,0.7139504031023574,0,"-1.63,-3.42,-14.88,0,1,-208.47,0.21052631578947367,0,0.47368421052631576,0,1,0.2222222222222222,-2.36,0.0,0,0,0.0,-2.24,0,0.1111111111111111,0,-2.08,0.0,0",-2.200,68.4,-1.6300,-41.9400,-14.4000,-14.4000,0.0,,0,none,19,guide
GGCGGACUGGGUGCUCAGG,UGCUGCCCGACAACCACUACCUGAGCACCCAGUCCGCCCUGAGCAAAGACCCCAACG,0.4145320951117461,0,"0.0,-3.26,-13.39,0,1,-214.17999999999995,0.15789473684210525,0,0.5263157894736842,1,0,0.2777777777777778,-3.42,0.0,0,0,0.0,-3.26,0,0.1111111111111111,0,-3.42,0.0,0",-2.200,73.7,0.0000,-43.6600,-15.7100,-15.7100,0.0,,0,none,19,guide
GGGCGGACUGGGUGCUCAG,GCUGCCCGACAACCACUACCUGAGCACCCAGUCCGCCCUGAGCAAAGACCCCAACGA,0.4281049086641494,0,"-0.73,-3.26,-13.39,0,1,-214.17999999999998,0.15789473684210525,0,0.5263157894736842,1,0,0.2777777777777778,-3.26,0.0,0,0,0.0,-2.08,0,0.1111111111111111,0,-2.11,0.0,0",-5.200,73.7,-1.1800,-43.4600,-16.8900,-16.8900,0.0,,0,none,19,guide
AGGGCGGACUGGGUGCUCA,CUGCCCGACAACCACUACCUGAGCACCCAGUCCGCCCUGAGCAAAGACCCCAACGAG,0.5081130727625268,0,"0.03,-2.08,-10.48,0,0,-206.74,0.15789473684210525,0,0.47368421052631576,0,0,0.2777777777777778,-3.26,0.0,0,0,0.0,-2.11,0,0.1111111111111111,0,-2.24,0.0,1",-5.000,68.4,0.0300,-42.6100,-17.9100,-17.9100,0.0,,0,none,19,guide
CAGGGCGGACUGGGUGCUC,UGCCCGACAACCACUACCUGAGCACCCAGUCCGCCCUGAGCAAAGACCCCAACGAGA,0.4580059189713236,0,"0.24,-2.11,-10.44,0,0,-214.18,0.15789473684210525,0,0.47368421052631576,0,0,0.2777777777777778,-2.08,0.0,0,1,0.0,-2.35,0,0.1111111111111111,0,-3.26,0.0,0",-3.700,73.7,0.2400,-43.6600,-17.6400,-17.6400,0.0,,0,none,19,guide
UCAGGGCGGACUGGGUGCU,GCCCGACAACCACUACCUGAGCACCCAGUCCGCCCUGAGCAAAGACCCCAACGAGAA,0.4409633636085315,0,"-0.27,-2.35,-12.44,1,0,-206.74,0.21052631578947367,0,0.47368421052631576,0,0,0.2777777777777778,-2.11,0.0,0,0,0.0,-2.08,0,0.1111111111111111,0,-3.26,0.0,0",-3.100,68.4,-0.2700,-42.7600,-16.4900,-16.4900,0.0,,0,none,19,guide
CUCAGGGCGGACUGGGUGC,CCCGACAACCACUACCUGAGCACCCAGUCCGCCCUGAGCAAAGACCCCAACGAGAAG,0.6614960710276558,0,"0.89,-2.08,-10.48,0,0,-214.17999999999998,0.15789473684210525,0,0.47368421052631576,0,0,0.2777777777777778,-2.35,0.0,1,1,0.0,-3.42,0,0.1111111111111111,0,-2.11,0.0,0",-5.500,73.7,1.3400,-43.6600,-16.4800,-16.4800,0.0,,0,none,19,guide
GCUCAGGGCGGACUGGGUG,CCGACAACCACUACCUGAGCACCCAGUCCGCCCUGAGCAAAGACCCCAACGAGAAGC,0.5268904990305133,0,"-0.86,-3.42,-14.88,0,1,-214.17999999999998,0.15789473684210525,0,0.5263157894736842,0,1,0.2777777777777778,-2.08,0.0,0,0,0.0,-2.11,0,0.1111111111111111,0,-2.08,0.0,0",-7.600,73.7,-1.3100,-43.8600,-15.1400,-15.1400,0.0,,0,none,19,guide
UGCUCAGGGCGGACUGGGU,CGACAACCACUACCUGAGCACCCAGUCCGCCCUGAGCAAAGACCCCAACGAGAAGCG,0.5291356260842943,0,"0.13,-2.11,-10.44,1,0,-206.73999999999998,0.21052631578947367,0,0.47368421052631576,0,0,0.2777777777777778,-3.42,0.0,0,0,0.0,-2.24,0,0.1111111111111111,0,-2.24,0.0,0",-7.100,68.4,0.1300,-42.6100,-15.3000,-15.3000,0.0,,0,none,19,guide
UUGCUCAGGGCGGACUGGG,GACAACCACUACCUGAGCACCCAGUCCGCCCUGAGCAAAGACCCCAACGAGAAGCGC,0.3477905908766199,0,"2.33,-0.93,-6.82,1,0,-205.88,0.21052631578947367,1,0.47368421052631576,0,0,0.2777777777777778,-2.11,0.0,1,0,0.0,-3.26,0,0.1111111111111111,0,-2.35,0.05555555555555555,0",-5.100,68.4,2.7800,-42.0000,-14.1500,-14.1500,0.0,,0,none,19,guide
UUUGCUCAGGGCGGACUGG,ACAACCACUACCUGAGCACCCAGUCCGCCCUGAGCAAAGACCCCAACGAGAAGCGCG,0.7528319216246556,1,"2.33,-0.93,-6.82,1,0,-199.31,0.2631578947368421,1,0.42105263157894735,0,0,0.2222222222222222,-0.93,0.0,1,0,0.0,-3.26,0,0.1111111111111111,0,-3.26,0.1111111111111111,0",-2.800,63.2,2.7800,-39.4700,-13.0000,-13.0000,0.0,,0,none,19,guide
CUUUGCUCAGGGCGGACUG,CAACCACUACCUGAGCACCCAGUCCGCCCUGAGCAAAGACCCCAACGAGAAGCGCGA,0.7940606184304522,1,"0.03,-2.08,-10.48,0,0,-200.12,0.2631578947368421,0,0.3684210526315789,0,0,0.16666666666666666,-0.93,0.0,1,1,0.0,-2.11,0,0.1111111111111111,0,-2.36,0.1111111111111111,0",-3.000,63.2,0.0300,-38.8400,-11.8200,-11.8200,0.0,,0,none,19,guide
UCUUUGCUCAGGGCGGACU,AACCACUACCUGAGCACCCAGUCCGCCCUGAGCAAAGACCCCAACGAGAAGCGCGAU,0.8562098173282989,1,"-0.27,-2.35,-12.44,1,0,-194.68,0.3157894736842105,0,0.3157894736842105,0,0,0.16666666666666666,-2.08,0.0,0,0,0.0,-2.08,0,0.1111111111111111,0,-3.42,0.1111111111111111,0",-3.000,57.9,-0.2700,-37.8800,-11.5500,-11.5500,0.0,,0,none,19,guide
GUCUUUGCUCAGGGCGGAC,ACCACUACCUGAGCACCCAGUCCGCCCUGAGCAAAGACCCCAACGAGAAGCGCGAUC,0.8223288090621492,1,"0.0,-2.24,-11.4,0,1,-203.04,0.2631578947368421,0,0.3684210526315789,0,0,0.16666666666666666,-2.35,0.0,1,0,0.0,-2.24,0,0.1111111111111111,0,-3.26,0.1111111111111111,0",-3.000,63.2,0.0000,-39.2400,-11.8200,-11.8200,0.0,,0,none,19,guide
GGUCUUUGCUCAGGGCGGA,CCACUACCUGAGCACCCAGUCCGCCCUGAGCAAAGACCCCAACGAGAAGCGCGAUCA,0.5605674048372283,0,"-1.36,-3.26,-13.39,0,1,-201.30999999999995,0.2631578947368421,0,0.42105263157894735,1,0,0.2222222222222222,-2.24,0.0,0,0,0.0,-2.35,0,0.1111111111111111,0,-3.26,0.1111111111111111,1",-2.700,63.2,-1.3600,-39.7100,-10.6400,-10.6400,0.0,,0,none,19,guide
GGGUCUUUGCUCAGGGCGG,CACUACCUGAGCACCCAGUCCGCCCUGAGCAAAGACCCCAACGAGAAGCGCGAUCAC,0.4591284824982141,0,"0.0,-3.26,-13.39,0,1,-205.97999999999996,0.2631578947368421,0,0.47368421052631576,1,0,0.2777777777777778,-3.26,0.0,0,0,0.0,-3.26,0,0.1111111111111111,0,-2.08,0.1111111111111111,0",-2.700,68.4,0.0000,-40.9700,-11.7900,-11.7900,0.0,,0,none,19,guide
GGGGUCUUUGCUCAGGGCG,ACUACCUGAGCACCCAGUCCGCCCUGAGCAAAGACCCCAACGAGAAGCGCGAUCACA,0.6078171241963466,0,"-0.9,-3.26,-13.39,0,1,-205.97999999999996,0.2631578947368421,0,0.47368421052631576,1,0,0.2777777777777778,-3.26,0.0,0,0,0.0,-2.36,0,0.1111111111111111,0,-2.11,0.1111111111111111,0",-2.700,68.4,-0.9000,-41.1700,-14.1200,-14.1200,0.0,,0,none,19,guide
UGGGGUCUUUGCUCAGGGC,CUACCUGAGCACCCAGUCCGCCCUGAGCAAAGACCCCAACGAGAAGCGCGAUCACAU,0.5348504949484642,0,"1.76,-2.11,-10.44,1,0,-202.06,0.3157894736842105,0,0.42105263157894735,0,0,0.2777777777777778,-3.26,0.0,0,0,0.0,-3.42,0,0.1111111111111111,0,-2.35,0.1111111111111111,0",-2.200,63.2,1.7600,-40.3700,-16.4500,-16.4500,0.0,,0,none,19,guide
UUGGGGUCUUUGCUCAGGG,UACCUGAGCACCCAGUCCGCCCUGAGCAAAGACCCCAACGAGAAGCGCGAUCACAUG,0.8204918869272376,1,"2.33,-0.93,-6.82,1,0,-193.99999999999994,0.3684210526315789,1,0.42105263157894735,0,0,0.2777777777777778,-2.11,0.0,1,0,0.0,-3.26,0,0.05555555555555555,0,-2.08,0.16666666666666666,0",-2.800,57.9,2.7800,-37.9300,-16.4800,-16.4800,0.0,,0,none,19,guide
GUUGGGGUCUUUGCUCAGG,ACCUGAGCACCCAGUCCGCCCUGAGCAAAGACCCCAACGAGAAGCGCGAUCACAUGG,0.5999591795081131,0,"0.57,-2.24,-11.4,0,1,-195.72999999999996,0.3684210526315789,0,0.42105263157894735,0,0,0.2222222222222222,-0.93,0.0,1,0,0.0,-3.26,0,0.05555555555555555,0,-3.42,0.16666666666666666,0",-2.800,57.9,1.0200,-37.4100,-15.0600,-15.0600,0.0,,0,none,19,guide
CGUUGGGGUCUUUGCUCAG,CCUGAGCACCCAGUCCGCCCUGAGCAAAGACCCCAACGAGAAGCGCGAUCACAUGGU,0.5119910194917849,0,"0.17,-2.36,-10.64,0,0,-192.97999999999996,0.3684210526315789,0,0.3684210526315789,0,0,0.16666666666666666,-2.24,0.0,0,1,0.0,-2.08,0,0.05555555555555555,1,-2.11,0.16666666666666666,0",-2.400,57.9,-0.2800,-36.5100,-15.0600,-15.0600,0.0,,0,none,19,guide
UCGUUGGGGUCUUUGCUCA,CUGAGCACCCAGUCCGCCCUGAGCAAAGACCCCAACGAGAAGCGCGAUCACAUGGUC,0.8274313705480152,1,"-0.24,-2.35,-12.44,1,0,-187.49999999999997,0.42105263157894735,0,0.3157894736842105,0,0,0.16666666666666666,-2.36,0.0,0,0,0.0,-2.11,0,0.05555555555555555,0,-0.93,0.16666666666666666,1",-1.900,52.6,-0.2400,-35.7300,-14.1600,-14.1600,0.0,,0,none,19,guide
CUCGUUGGGGUCUUUGCUC,UGAGCACCCAGUCCGCCCUGAGCAAAGACCCCAACGAGAAGCGCGAUCACAUGGUCC,0.8127359934687214,1,"0.27,-2.08,-10.48,0,0,-194.97999999999996,0.42105263157894735,0,0.3157894736842105,0,0,0.16666666666666666,-2.35,0.0,1,1,0.0,-2.35,0,0.05555555555555555,0,-0.93,0.16666666666666666,0",-1.000,57.9,0.2700,-36.7500,-13.2500,-13.2500,0.0,,0,none,19,guide
UCUCGUUGGGGUCUUUGCU,GAGCACCCAGUCCGCCCUGAGCAAAGACCCCAACGAGAAGCGCGAUCACAUGGUCCU,0.8405959791815493,1,"-0.27,-2.35,-12.44,1,0,-187.53999999999996,0.47368421052631576,0,0.3157894736842105,0,0,0.16666666666666666,-2.08,0.0,0,0,0.0,-2.08,0,0.05555555555555555,0,-2.08,0.16666666666666666,0",-1.100,52.6,-0.2700,-35.8500,-12.0700,-12.0700,0.0,,0,none,19,guide
UUCUCGUUGGGGUCUUUGC,AGCACCCAGUCCGCCCUGAGCAAAGACCCCAACGAGAAGCGCGAUCACAUGGUCCUG,0.9398918256964996,1,"2.49,-0.93,-6.82,1,0,-187.6,0.47368421052631576,1,0.3157894736842105,0,0,0.16666666666666666,-2.35,0.0,1,0,0.0,-3.42,0,0.05555555555555555,0,-2.35,0.2222222222222222,0",-1.100,52.6,2.9400,-35.2500,-12.3100,-12.3100,0.0,,0,none,19,guide
CUUCUCGUUGGGGUCUUUG,GCACCCAGUCCGCCCUGAGCAAAGACCCCAACGAGAAGCGCGAUCACAUGGUCCUGC,0.7297683437085418,1,"0.03,-2.08,-10.48,0,0,-186.91999999999996,0.47368421052631576,0,0.3157894736842105,0,0,0.16666666666666666,-0.93,0.0,1,1,0.0,-2.11,0,0.0,0,-2.24,0.2222222222222222,0",-1.100,52.6,0.0300,-34.2600,-12.3100,-12.3100,0.0,,0,none,19,guide
GCUUCUCGUUGGGGUCUUU,CACCCAGUCCGCCCUGAGCAAAGACCCCAACGAGAAGCGCGAUCACAUGGUCCUGCU,0.149198897846719,0,"-2.49,-3.42,-14.88,0,1,-187.64,0.47368421052631576,0,0.3157894736842105,0,1,0.16666666666666666,-2.08,0.0,0,0,0.0,-0.93,0,0.05555555555555555,0,-3.26,0.2222222222222222,0",-2.600,52.6,-2.9400,-35.0700,-12.1500,-12.1500,0.0,,0,none,19,guide
CGCUUCUCGUUGGGGUCUU,ACCCAGUCCGCCCUGAGCAAAGACCCCAACGAGAAGCGCGAUCACAUGGUCCUGCUG,0.1156240432697214,0,"-1.43,-2.36,-10.64,0,0,-191.45999999999998,0.42105263157894735,0,0.3157894736842105,0,0,0.16666666666666666,-3.42,0.0,0,1,0.0,-0.93,0,0.05555555555555555,1,-3.26,0.16666666666666666,0",-3.100,57.9,-1.8800,-36.4500,-13.2100,-13.2100,0.0,,0,none,19,guide
GCGCUUCUCGUUGGGGUCU,CCCAGUCCGCCCUGAGCAAAGACCCCAACGAGAAGCGCGAUCACAUGGUCCUGCUGG,0.1757322175732217,0,"-1.79,-3.42,-14.88,0,1,-199.51999999999998,0.3684210526315789,0,0.3684210526315789,0,1,0.16666666666666666,-2.36,0.0,0,0,0.0,-2.08,0,0.1111111111111111,0,-3.26,0.1111111111111111,0",-3.100,63.2,-1.7900,-39.1400,-13.2200,-13.2200,0.0,,0,none,19,guide
CGCGCUUCUCGUUGGGGUC,CCAGUCCGCCCUGAGCAAAGACCCCAACGAGAAGCGCGAUCACAUGGUCCUGCUGGA,0.3248290641902235,0,"0.44,-2.36,-10.64,0,0,-203.4,0.3157894736842105,0,0.3684210526315789,0,0,0.16666666666666666,-3.42,0.0,0,1,0.0,-2.35,0,0.1111111111111111,1,-2.11,0.1111111111111111,0",-3.100,68.4,-0.0100,-39.9700,-14.5600,-14.5600,0.0,,0,none,19,guide
UCGCGCUUCUCGUUGGGGU,CAGUCCGCCCUGAGCAAAGACCCCAACGAGAAGCGCGAUCACAUGGUCCUGCUGGAG,0.8637616083273804,1,"-0.11,-2.35,-12.44,1,0,-195.95999999999995,0.3684210526315789,0,0.3684210526315789,0,0,0.16666666666666666,-2.36,0.0,0,0,0.0,-2.24,0,0.1111111111111111,0,-0.93,0.1111111111111111,0",-2.800,63.2,-0.1100,-38.7200,-14.5700,-14.5700,0.0,,0,none,19,guide
AUCGCGCUUCUCGUUGGGG,AGUCCGCCCUGAGCAAAGACCCCAACGAGAAGCGCGAUCACAUGGUCCUGCUGGAGU,0.8637616083273804,1,"2.16,-1.1,-9.38,0,0,-197.65999999999997,0.3157894736842105,0,0.3684210526315789,0,0,0.16666666666666666,-2.35,0.0,1,0,0.0,-3.26,0,0.1111111111111111,0,-2.24,0.1111111111111111,0",-0.700,63.2,2.6100,-38.1300,-15.9900,-15.9900,0.0,,0,none,19,guide
GAUCGCGCUUCUCGUUGGG,GUCCGCCCUGAGCAAAGACCCCAACGAGAAGCGCGAUCACAUGGUCCUGCUGGAGUU,0.7593632003265639,1,"0.46,-2.35,-12.44,0,1,-200.43,0.3157894736842105,0,0.3684210526315789,0,0,0.1111111111111111,-1.1,0.0,0,0,0.0,-3.26,0,0.1111111111111111,0,-2.36,0.1111111111111111,0",0.000,63.2,0.9100,-37.7200,-15.0100,-15.0100,0.0,,0,none,19,guide
UGAUCGCGCUUCUCGUUGG,UCCGCCCUGAGCAAAGACCCCAACGAGAAGCGCGAUCACAUGGUCCUGCUGGAGUUC,0.8565159710174509,1,"1.6,-2.11,-10.44,1,0,-193.76,0.3684210526315789,0,0.3157894736842105,0,0,0.05555555555555555,-2.35,0.0,0,0,0.0,-3.26,0,0.1111111111111111,0,-2.35,0.1111111111111111,0",0.000,57.9,1.6000,-35.8700,-13.9400,-13.9400,0.0,,0,none,19,guide
GUGAUCGCGCUUCUCGUUG,CCGCCCUGAGCAAAGACCCCAACGAGAAGCGCGAUCACAUGGUCCUGCUGGAGUUCG,0.8033472803347281,1,"-0.13,-2.24,-11.4,0,1,-195.48999999999998,0.3684210526315789,0,0.3157894736842105,0,0,0.0,-2.11,0.0,1,0,0.0,-2.11,0,0.1111111111111111,0,-2.08,0.1111111111111111,0",-0.800,57.9,-0.1300,-35.5500,-13.6900,-13.6900,0.0,,0,none,19,guide
UGUGAUCGCGCUUCUCGUU,CGCCCUGAGCAAAGACCCCAACGAGAAGCGCGAUCACAUGGUCCUGCUGGAGUUCGU,0.7925298499846923,1,"-0.73,-2.11,-10.44,1,0,-188.04999999999998,0.42105263157894735,0,0.2631578947368421,0,0,0.0,-2.24,0.0,0,0,0.0,-0.93,0,0.1111111111111111,0,-2.35,0.1111111111111111,0",-0.800,52.6,-1.1800,-34.3500,-12.5100,-12.5100,0.0,,0,none,19,guide
AUGUGAUCGCGCUUCUCGU,GCCCUGAGCAAAGACCCCAACGAGAAGCGCGAUCACAUGGUCCUGCUGGAGUUCGUG,0.8493723849372385,1,"0.69,-1.1,-9.38,0,0,-190.60999999999999,0.3684210526315789,0,0.2631578947368421,0,0,0.0,-2.11,0.0,1,0,0.0,-2.24,0,0.1111111111111111,0,-0.93,0.05555555555555555,0",-0.800,52.6,1.1400,-34.8200,-12.2600,-12.2600,0.0,,0,none,19,guide
CAUGUGAUCGCGCUUCUCG,CCCUGAGCAAAGACCCCAACGAGAAGCGCGAUCACAUGGUCCUGCUGGAGUUCGUGA,0.8429431574650474,1,"-0.2,-2.11,-10.44,0,0,-197.08999999999997,0.3157894736842105,0,0.2631578947368421,0,0,0.0,-1.1,0.0,0,1,0.0,-2.36,0,0.1111111111111111,0,-2.08,0.05555555555555555,0",-0.800,57.9,0.2500,-35.7900,-11.0100,-11.0100,0.0,,0,none,19,guide
CCAUGUGAUCGCGCUUCUC,CCUGAGCAAAGACCCCAACGAGAAGCGCGAUCACAUGGUCCUGCUGGAGUUCGUGAC,0.5995509745892439,0,"-0.46,-3.26,-13.39,0,0,-199.83999999999995,0.3157894736842105,0,0.21052631578947367,0,0,0.0,-2.11,0.0,0,1,0.05555555555555555,-2.35,1,0.1111111111111111,0,-3.42,0.05555555555555555,0",-0.800,57.9,-0.9100,-36.2900,-12.0200,-12.0200,0.0,,0,none,19,guide
ACCAUGUGAUCGCGCUUCU,CUGAGCAAAGACCCCAACGAGAAGCGCGAUCACAUGGUCCUGCUGGAGUUCGUGACC,0.4856618022247169,0,"-0.16,-2.24,-11.4,0,0,-191.35999999999996,0.3157894736842105,0,0.21052631578947367,0,0,0.0,-3.26,0.0,0,0,0.05555555555555555,-2.08,0,0.1111111111111111,0,-2.36,0.05555555555555555,0",-0.800,52.6,-0.1600,-35.3300,-12.9300,-12.9300,0.0,,0,none,19,guide
GACCAUGUGAUCGCGCUUC,UGAGCAAAGACCCCAACGAGAAGCGCGAUCACAUGGUCCUGCUGGAGUUCGUGACCG,0.6237371160322482,0,"0.0,-2.35,-12.44,0,1,-200.75999999999996,0.2631578947368421,0,0.2631578947368421,0,0,0.0,-2.24,0.0,0,0,0.05555555555555555,-2.35,0,0.1111111111111111,0,-3.42,0.05555555555555555,0",-0.800,57.9,0.0000,-36.6500,-13.0600,-13.0600,0.0,,0,none,19,guide
GGACCAUGUGAUCGCGCUU,GAGCAAAGACCCCAACGAGAAGCGCGAUCACAUGGUCCUGCUGGAGUUCGUGACCGC,0.4416777222165527,0,"-2.33,-3.26,-13.39,0,1,-197.98999999999998,0.2631578947368421,0,0.3157894736842105,1,0,0.05555555555555555,-2.35,0.0,0,0,0.05555555555555555,-0.93,0,0.1111111111111111,0,-2.36,0.05555555555555555,0",-0.800,57.9,-2.7800,-37.0100,-13.1700,-13.1700,0.0,,0,none,19,guide
AGGACCAUGUGAUCGCGCU,AGCAAAGACCCCAACGAGAAGCGCGAUCACAUGGUCCUGCUGGAGUUCGUGACCGCC,0.6299622410450046,0,"0.0,-2.08,-10.48,0,0,-197.92999999999998,0.21052631578947367,0,0.3157894736842105,0,0,0.05555555555555555,-3.26,0.0,0,0,0.05555555555555555,-2.08,0,0.1111111111111111,0,-2.35,0.0,0",-0.800,57.9,0.0000,-37.8100,-14.3200,-14.3200,0.0,,0,none,19,guide
CAGGACCAUGUGAUCGCGC,GCAAAGACCCCAACGAGAAGCGCGAUCACAUGGUCCUGCUGGAGUUCGUGACCGCCG,0.4839269313195224,0,"0.86,-2.11,-10.44,0,0,-205.32999999999998,0.15789473684210525,0,0.3157894736842105,0,0,0.05555555555555555,-2.08,0.0,0,1,0.05555555555555555,-3.42,0,0.1111111111111111,0,-1.1,0.0,0",0.000,63.2,1.3100,-38.7400,-15.3000,-15.3000,0.0,,0,none,19,guide
GCAGGACCAUGUGAUCGCG,CAAAGACCCCAACGAGAAGCGCGAUCACAUGGUCCUGCUGGAGUUCGUGACCGCCGC,0.2970711297071129,0,"-1.06,-3.42,-14.88,0,1,-205.32999999999998,0.15789473684210525,0,0.3684210526315789,0,1,0.05555555555555555,-2.11,0.0,0,0,0.05555555555555555,-2.36,0,0.1111111111111111,0,-2.35,0.0,0",-0.600,63.2,-1.0600,-38.7400,-15.3000,-15.3000,0.0,,0,none,19,guide
AGCAGGACCAUGUGAUCGC,AAAGACCCCAACGAGAAGCGCGAUCACAUGGUCCUGCUGGAGUUCGUGACCGCCGCC,0.3944280028574344,0,"1.79,-2.08,-10.48,0,0,-201.45,0.15789473684210525,0,0.3157894736842105,0,0,0.05555555555555555,-3.42,0.0,0,0,0.05555555555555555,-3.42,0,0.1111111111111111,0,-2.11,0.0,0",-0.400,57.9,1.7900,-37.9100,-15.4600,-15.4600,0.0,,0,none,19,guide
CAGCAGGACCAUGUGAUCG,AAGACCCCAACGAGAAGCGCGAUCACAUGGUCCUGCUGGAGUUCGUGACCGCCGCCG,0.5157669149913257,0,"-0.2,-2.11,-10.44,0,0,-200.73000000000002,0.15789473684210525,0,0.3157894736842105,0,0,0.05555555555555555,-2.08,0.0,0,1,0.05555555555555555,-2.36,0,0.05555555555555555,0,-2.24,0.0,0",-0.400,57.9,0.2500,-37.3500,-15.3000,-15.3000,0.0,,0,none,19,guide
CCAGCAGGACCAUGUGAUC,AGACCCCAACGAGAAGCGCGAUCACAUGGUCCUGCUGGAGUUCGUGACCGCCGCCGG,0.6419022349219309,0,"-0.46,-3.26,-13.39,0,0,-203.48,0.15789473684210525,0,0.2631578947368421,0,0,0.05555555555555555,-2.11,0.0,0,1,0.1111111111111111,-2.35,1,0.05555555555555555,0,-2.11,0.0,0",-0.400,57.9,-0.9100,-38.0500,-15.0600,-15.0600,0.0,,0,none,19,guide
UCCAGCAGGACCAUGUGAU,GACCCCAACGAGAAGCGCGAUCACAUGGUCCUGCUGGAGUUCGUGACCGCCGCCGGG,0.7801816511888969,1,"-0.8,-2.35,-12.44,1,0,-196.04,0.21052631578947367,0,0.2631578947368421,0,0,0.05555555555555555,-3.26,0.0,0,0,0.1111111111111111,-1.1,0,0.05555555555555555,0,-1.1,0.0,0",-1.600,52.6,-1.2500,-37.1500,-15.0600,-15.0600,0.0,,0,none,19,guide
CUCCAGCAGGACCAUGUGA,ACCCCAACGAGAAGCGCGAUCACAUGGUCCUGCUGGAGUUCGUGACCGCCGCCGGGA,0.3698336564955608,0,"-0.63,-2.08,-10.48,0,0,-200.85999999999999,0.15789473684210525,0,0.2631578947368421,0,0,0.05555555555555555,-2.35,0.0,1,1,0.1111111111111111,-2.35,0,0.05555555555555555,0,-2.11,0.0,1",-1.800,57.9,-0.1800,-38.4800,-15.3300,-15.3300,0.0,,0,none,19,guide
ACUCCAGCAGGACCAUGUG,CCCCAACGAGAAGCGCGAUCACAUGGUCCUGCUGGAGUUCGUGACCGCCGCCGGGAU,0.8043677926319012,1,"0.77,-2.24,-11.4,0,0,-199.81999999999996,0.15789473684210525,0,0.2631578947368421,0,0,0.05555555555555555,-2.08,0.0,0,0,0.1111111111111111,-2.11,0,0.05555555555555555,0,-3.26,0.0,0",-1.800,57.9,0.3200,-38.2200,-15.3000,-15.3000,0.0,,0,none,19,guide
AACUCCAGCAGGACCAUGU,CCCAACGAGAAGCGCGAUCACAUGGUCCUGCUGGAGUUCGUGACCGCCGCCGGGAUC,0.5754668843759567,0,"0.86,-0.93,-6.82,0,0,-192.48,0.15789473684210525,0,0.21052631578947367,0,0,0.05555555555555555,-2.24,0.0,0,0,0.1111111111111111,-2.24,0,0.05555555555555555,0,-2.24,0.0,0",-1.800,52.6,1.3100,-36.5400,-14.1200,-14.1200,0.0,,0,none,19,guide
GAACUCCAGCAGGACCAUG,CCAACGAGAAGCGCGAUCACAUGGUCCUGCUGGAGUUCGUGACCGCCGCCGGGAUCA,0.7337483416675172,1,"-0.24,-2.35,-12.44,0,1,-200.95999999999998,0.10526315789473684,0,0.2631578947368421,0,0,0.05555555555555555,-0.93,0.0,0,0,0.1111111111111111,-2.11,0,0.05555555555555555,0,-2.35,0.0,0",-1.800,57.9,-0.2400,-38.0500,-12.9700,-12.9700,0.0,,0,none,19,guide
CGAACUCCAGCAGGACCAU,CAACGAGAAGCGCGAUCACAUGGUCCUGCUGGAGUUCGUGACCGCCGCCGGGAUCAC,0.3146239412184917,0,"-1.26,-2.36,-10.64,0,0,-197.44,0.10526315789473684,0,0.21052631578947367,0,0,0.05555555555555555,-2.35,0.0,0,1,0.1111111111111111,-1.1,0,0.05555555555555555,1,-3.26,0.0,0",-1.800,57.9,-1.7100,-37.4000,-13.2100,-13.2100,0.0,,0,none,19,guide
ACGAACUCCAGCAGGACCA,AACGAGAAGCGCGAUCACAUGGUCCUGCUGGAGUUCGUGACCGCCGCCGGGAUCACU,0.8791713440146955,1,"-0.13,-2.24,-11.4,0,0,-195.74,0.05263157894736842,0,0.21052631578947367,0,0,0.05555555555555555,-2.36,0.0,0,0,0.1111111111111111,-2.11,0,0.05555555555555555,0,-2.08,0.0,1",-1.800,57.9,-0.1300,-38.3400,-12.3100,-12.3100,0.0,,0,none,19,guide
CACGAACUCCAGCAGGACC,ACGAGAAGCGCGAUCACAUGGUCCUGCUGGAGUUCGUGACCGCCGCCGGGAUCACUC,0.7606898663128892,1,"0.7,-2.11,-10.44,0,0,-203.18,0.05263157894736842,0,0.21052631578947367,0,0,0.05555555555555555,-2.24,0.0,0,1,0.1111111111111111,-3.26,0,0.05555555555555555,0,-2.11,0.0,0",-1.800,63.2,1.1500,-39.2400,-12.2000,-12.2000,0.0,,0,none,19,guide
UCACGAACUCCAGCAGGAC,CGAGAAGCGCGAUCACAUGGUCCUGCUGGAGUUCGUGACCGCCGCCGGGAUCACUCU,0.4501479742830901,0,"0.79,-2.35,-12.44,1,0,-198.51000000000002,0.10526315789473684,0,0.21052631578947367,0,0,0.05555555555555555,-2.11,0.0,0,0,0.05555555555555555,-2.24,0,0.05555555555555555,0,-3.42,0.0,0",-1.800,57.9,0.3400,-37.8300,-12.2300,-12.2300,0.0,,0,none,19,guide
GUCACGAACUCCAGCAGGA,GAGAAGCGCGAUCACAUGGUCCUGCUGGAGUUCGUGACCGCCGCCGGGAUCACUCUC,0.8698846821104195,1,"-0.79,-2.24,-11.4,0,1,-198.51,0.10526315789473684,0,0.2631578947368421,0,0,0.05555555555555555,-2.35,0.0,1,0,0.05555555555555555,-2.35,0,0.05555555555555555,0,-2.08,0.0,1",-1.200,57.9,-0.3400,-37.7800,-12.3400,-12.3400,0.0,,0,none,19,guide
GGUCACGAACUCCAGCAGG,AGAAGCGCGAUCACAUGGUCCUGCUGGAGUUCGUGACCGCCGCCGGGAUCACUCUCG,0.5375038269211144,0,"0.0,-3.26,-13.39,0,1,-203.17999999999995,0.10526315789473684,0,0.3157894736842105,1,0,0.1111111111111111,-2.24,0.0,0,0,0.05555555555555555,-3.26,0,0.05555555555555555,0,-2.11,0.0,0",-0.200,63.2,0.0000,-39.2400,-13.6500,-13.6500,0.0,,0,none,19,guide
CGGUCACGAACUCCAGCAG,GAAGCGCGAUCACAUGGUCCUGCUGGAGUUCGUGACCGCCGCCGGGAUCACUCUCGG,0.7728339626492501,1,"0.17,-2.36,-10.64,0,0,-200.43,0.10526315789473684,0,0.2631578947368421,0,0,0.05555555555555555,-3.26,0.0,0,1,0.05555555555555555,-2.08,0,0.05555555555555555,1,-3.26,0.0,0",-0.400,63.2,-0.2800,-38.1400,-14.5600,-14.5600,0.0,,0,none,19,guide
GCGGUCACGAACUCCAGCA,AAGCGCGAUCACAUGGUCCUGCUGGAGUUCGUGACCGCCGCCGGGAUCACUCUCGGC,0.3764669864271864,0,"-1.76,-3.42,-14.88,0,1,-201.10999999999999,0.10526315789473684,0,0.2631578947368421,0,1,0.05555555555555555,-2.36,0.0,0,0,0.05555555555555555,-2.11,0,0.1111111111111111,0,-2.35,0.0,1",-2.200,63.2,-1.7600,-38.9800,-14.5600,-14.5600,0.0,,0,none,19,guide
GGCGGUCACGAACUCCAGC,AGCGCGAUCACAUGGUCCUGCUGGAGUUCGUGACCGCCGCCGGGAUCACUCUCGGCA,0.3158485559750995,0,"0.16,-3.26,-13.39,0,1,-207.78,0.10526315789473684,0,0.3157894736842105,1,0,0.1111111111111111,-3.42,0.0,0,0,0.05555555555555555,-3.42,0,0.1111111111111111,0,-2.08,0.0,0",-2.000,68.4,0.1600,-40.8300,-15.7400,-15.7400,0.0,,0,none,19,guide
CGGCGGUCACGAACUCCAG,GCGCGAUCACAUGGUCCUGCUGGAGUUCGUGACCGCCGCCGGGAUCACUCUCGGCAU,0.4057556893560567,0,"0.17,-2.36,-10.64,0,0,-203.54,0.10526315789473684,0,0.3157894736842105,0,0,0.1111111111111111,-3.26,0.0,0,1,0.05555555555555555,-2.08,0,0.05555555555555555,1,-2.24,0.0,0",-1.800,68.4,-0.2800,-39.7700,-16.8900,-16.8900,0.0,,0,none,19,guide
GCGGCGGUCACGAACUCCA,CGCGAUCACAUGGUCCUGCUGGAGUUCGUGACCGCCGCCGGGAUCACUCUCGGCAUG,0.3357485457699765,0,"-1.76,-3.42,-14.88,0,1,-204.22000000000003,0.10526315789473684,0,0.3157894736842105,0,1,0.1111111111111111,-2.36,0.0,0,0,0.05555555555555555,-2.11,0,0.1111111111111111,0,-0.93,0.0,1",-1.800,68.4,-1.7600,-40.4100,-16.9000,-16.9000,0.0,,0,none,19,guide
GGCGGCGGUCACGAACUCC,GCGAUCACAUGGUCCUGCUGGAGUUCGUGACCGCCGCCGGGAUCACUCUCGGCAUGG,0.4096336360853149,0,"0.0,-3.26,-13.39,0,1,-210.89,0.10526315789473684,0,0.3684210526315789,1,0,0.16666666666666666,-3.42,0.0,0,0,0.05555555555555555,-3.26,0,0.1111111111111111,0,-2.35,0.0,0",-2.500,73.7,0.0000,-42.2600,-18.0800,-18.0800,0.0,,0,none,19,guide
CGGCGGCGGUCACGAACUC,CGAUCACAUGGUCCUGCUGGAGUUCGUGACCGCCGCCGGGAUCACUCUCGGCAUGGA,0.2888049801000102,0,"0.44,-2.36,-10.64,0,0,-208.14,0.10526315789473684,0,0.3684210526315789,0,0,0.16666666666666666,-3.26,0.0,0,1,0.0,-2.35,0,0.1111111111111111,1,-2.36,0.0,0",-2.300,73.7,-0.0100,-41.5600,-18.0800,-18.0800,0.0,,0,none,19,guide
CCGGCGGCGGUCACGAACU,GAUCACAUGGUCCUGCUGGAGUUCGUGACCGCCGCCGGGAUCACUCUCGGCAUGGAC,0.3061536891519543,0,"-1.63,-3.26,-13.39,0,0,-205.37,0.10526315789473684,0,0.3684210526315789,0,0,0.16666666666666666,-2.36,0.0,0,1,0.05555555555555555,-2.08,1,0.1111111111111111,0,-2.24,0.0,0",-2.900,73.7,-1.6300,-41.9200,-18.0800,-18.0800,0.0,,0,none,19,guide
CCCGGCGGCGGUCACGAAC,AUCACAUGGUCCUGCUGGAGUUCGUGACCGCCGCCGGGAUCACUCUCGGCAUGGACG,0.3415654658638636,0,"-0.57,-3.26,-13.39,0,0,-211.99999999999997,0.05263157894736842,0,0.3684210526315789,0,0,0.16666666666666666,-3.26,0.0,0,1,0.1111111111111111,-2.24,1,0.1111111111111111,0,-2.11,0.0,0",-3.300,78.9,-1.0200,-43.6500,-17.9200,-17.9200,0.0,,0,none,19,guide
UCCCGGCGGCGGUCACGAA,UCACAUGGUCCUGCUGGAGUUCGUGACCGCCGCCGGGAUCACUCUCGGCAUGGACGA,0.2972752321665476,0,"-0.97,-2.35,-12.44,1,0,-205.59999999999997,0.10526315789473684,0,0.3684210526315789,0,0,0.16666666666666666,-3.26,0.0,0,0,0.1111111111111111,-0.93,0,0.1111111111111111,0,-2.35,0.0,1",-3.300,73.7,-1.4200,-42.5100,-17.9200,-17.9200,0.0,,0,none,19,guide
AUCCCGGCGGCGGUCACGA,CACAUGGUCCUGCUGGAGUUCGUGACCGCCGCCGGGAUCACUCUCGGCAUGGACGAG,0.3545259720379631,0,"0.8,-1.1,-9.38,0,0,-208.15999999999997,0.10526315789473684,0,0.3684210526315789,0,0,0.16666666666666666,-2.35,0.0,1,0,0.1111111111111111,-2.35,0,0.1111111111111111,0,-2.24,0.0,1",-3.300,73.7,1.2500,-42.5300,-17.9100,-17.9100,0.0,,0,none,19,guide
GAUCCCGGCGGCGGUCACG,ACAUGGUCCUGCUGGAGUUCGUGACCGCCGCCGGGAUCACUCUCGGCAUGGACGAGC,0.2578834574956628,0,"-0.44,-2.35,-12.44,0,1,-215.59999999999997,0.10526315789473684,0,0.42105263157894735,0,0,0.16666666666666666,-1.1,0.0,0,0,0.1111111111111111,-2.36,0,0.1111111111111111,0,-3.26,0.0,0",-4.400,78.9,0.0100,-43.7300,-15.5900,-15.5900,0.0,,0,none,19,guide
UGAUCCCGGCGGCGGUCAC,CAUGGUCCUGCUGGAGUUCGUGACCGCCGCCGGGAUCACUCUCGGCAUGGACGAGCU,0.7101745076028168,0,"1.03,-2.11,-10.44,1,0,-211.68,0.15789473684210525,0,0.3684210526315789,0,0,0.16666666666666666,-2.35,0.0,0,0,0.1111111111111111,-2.24,0,0.1111111111111111,0,-2.36,0.0,0",-4.800,73.7,0.5800,-42.7800,-14.6800,-14.6800,0.0,,0,none,19,guide
GUGAUCCCGGCGGCGGUCA,AUGGUCCUGCUGGAGUUCGUGACCGCCGCCGGGAUCACUCUCGGCAUGGACGAGCUG,0.1468517195632207,0,"-1.03,-2.24,-11.4,0,1,-211.67999999999998,0.15789473684210525,0,0.42105263157894735,0,0,0.16666666666666666,-2.11,0.0,1,0,0.1111111111111111,-2.11,0,0.1111111111111111,0,-3.42,0.0,1",-4.500,73.7,-0.5800,-42.9300,-14.4300,-14.4300,0.0,,0,none,19,guide
AGUGAUCCCGGCGGCGGUC,UGGUCCUGCUGGAGUUCGUGACCGCCGCCGGGAUCACUCUCGGCAUGGACGAGCUGU,0.3115624043269722,0,"1.17,-2.08,-10.48,0,0,-211.71999999999994,0.15789473684210525,0,0.42105263157894735,0,0,0.16666666666666666,-2.24,0.0,0,0,0.1111111111111111,-2.35,0,0.1111111111111111,0,-3.26,0.0,0",-3.300,73.7,0.7200,-42.7500,-13.4100,-13.4100,0.0,,0,none,19,guide
GAGUGAUCCCGGCGGCGGU,GGUCCUGCUGGAGUUCGUGACCGCCGCCGGGAUCACUCUCGGCAUGGACGAGCUGUA,0.5880191856311868,0,"-1.01,-2.35,-12.44,0,1,-211.71999999999994,0.15789473684210525,0,0.47368421052631576,0,0,0.16666666666666666,-2.08,0.0,0,0,0.1111111111111111,-2.24,0,0.1111111111111111,0,-2.36,0.0,0",-3.300,73.7,-0.5600,-42.9000,-12.2300,-12.2300,0.0,,0,none,19,guide
AGAGUGAUCCCGGCGGCGG,GUCCUGCUGGAGUUCGUGACCGCCGCCGGGAUCACUCUCGGCAUGGACGAGCUGUAC,0.2748239616287376,0,"1.63,-2.08,-10.48,0,0,-210.79999999999995,0.10526315789473684,0,0.47368421052631576,0,0,0.16666666666666666,-2.35,0.0,0,0,0.1111111111111111,-3.26,0,0.1111111111111111,0,-3.42,0.0,0",-2.600,73.7,1.6300,-42.7900,-12.2300,-12.2300,0.0,,0,none,19,guide
GAGAGUGAUCCCGGCGGCG,UCCUGCUGGAGUUCGUGACCGCCGCCGGGAUCACUCUCGGCAUGGACGAGCUGUACA,0.332380855189305,0,"-0.44,-2.35,-12.44,0,1,-213.56999999999994,0.10526315789473684,0,0.47368421052631576,0,0,0.1111111111111111,-2.08,0.0,0,0,0.1111111111111111,-2.36,0,0.1111111111111111,0,-3.26,0.0,0",0.000,73.7,0.0100,-42.3800,-13.2100,-13.2100,0.0,,0,none,19,guide
CGAGAGUGAUCCCGGCGGC,CCUGCUGGAGUUCGUGACCGCCGCCGGGAUCACUCUCGGCAUGGACGAGCUGUACAA,0.4833146239412185,0,"1.06,-2.36,-10.64,0,0,-213.56999999999994,0.10526315789473684,0,0.42105263157894735,0,0,0.1111111111111111,-2.35,0.0,0,1,0.1111111111111111,-3.42,0,0.1111111111111111,1,-2.36,0.0,0",-1.400,73.7,1.0600,-42.3800,-13.2100,-13.2100,0.0,,0,none,19,guide
CCGAGAGUGAUCCCGGCGG,CUGCUGGAGUUCGUGACCGCCGCCGGGAUCACUCUCGGCAUGGACGAGCUGUACAAG,0.3032962547198694,0,"0.0,-3.26,-13.39,0,0,-212.07999999999993,0.10526315789473684,0,0.42105263157894735,0,0,0.1111111111111111,-2.36,0.0,0,1,0.16666666666666666,-3.26,1,0.05555555555555555,0,-3.26,0.0,0",-3.800,73.7,0.0000,-42.2200,-13.4600,-13.4600,0.0,,0,none,19,guide
GCCGAGAGUGAUCCCGGCG,UGCUGGAGUUCGUGACCGCCGCCGGGAUCACUCUCGGCAUGGACGAGCUGUACAAGU,0.3210531686906827,0,"-1.06,-3.42,-14.88,0,1,-213.56999999999994,0.10526315789473684,0,0.42105263157894735,0,1,0.05555555555555555,-3.26,0.0,0,0,0.16666666666666666,-2.36,0,0.1111111111111111,0,-3.26,0.0,0",-8.500,73.7,-1.0600,-42.3800,-14.4800,-14.4800,0.0,,0,none,19,guide
UGCCGAGAGUGAUCCCGGC,GCUGGAGUUCGUGACCGCCGCCGGGAUCACUCUCGGCAUGGACGAGCUGUACAAGUA,0.1576691499132564,0,"1.76,-2.11,-10.44,1,0,-209.64999999999998,0.15789473684210525,0,0.3684210526315789,0,0,0.05555555555555555,-3.42,0.0,0,0,0.16666666666666666,-3.42,0,0.1111111111111111,0,-2.35,0.0,0",-6.800,68.4,1.7600,-41.4300,-15.8200,-15.8200,0.0,,0,none,19,guide
AUGCCGAGAGUGAUCCCGG,CUGGAGUUCGUGACCGCCGCCGGGAUCACUCUCGGCAUGGACGAGCUGUACAAGUAA,0.2564547402796204,0,"2.16,-1.1,-9.38,0,0,-204.14999999999998,0.15789473684210525,0,0.3684210526315789,0,0,0.05555555555555555,-2.11,0.0,1,0,0.16666666666666666,-3.26,0,0.05555555555555555,0,-1.1,0.0,0",-3.600,63.2,2.6100,-39.4600,-15.5800,-15.5800,0.0,,0,none,19,guide
CAUGCCGAGAGUGAUCCCG,UGGAGUUCGUGACCGCCGCCGGGAUCACUCUCGGCAUGGACGAGCUGUACAAGUAAX,0.3241147055822023,0,"-0.2,-2.11,-10.44,0,0,-204.91999999999996,0.15789473684210525,0,0.3157894736842105,0,0,0.0,-1.1,0.0,0,1,0.16666666666666666,-2.36,0,0.05555555555555555,0,-2.35,0.0,0",-0.400,63.2,0.2500,-38.6600,-14.6000,-14.6000,0.0,,0,none,19,guide
CCAUGCCGAGAGUGAUCCC,GGAGUUCGUGACCGCCGCCGGGAUCACUCUCGGCAUGGACGAGCUGUACAAGUAAXX,0.2486988468211042,0,"0.0,-3.26,-13.39,0,0,-207.66999999999996,0.15789473684210525,0,0.2631578947368421,0,0,0.0,-2.11,0.0,0,1,0.2222222222222222,-3.26,1,0.05555555555555555,0,-2.11,0.0,0",0.000,63.2,0.0000,-39.5600,-14.3600,-14.3600,0.0,,0,none,19,guide
UCCAUGCCGAGAGUGAUCC,GAGUUCGUGACCGCCGCCGGGAUCACUCUCGGCAUGGACGAGCUGUACAAGUAAXXX,0.6411878763139096,0,"1.36,-2.35,-12.44,1,0,-203.0,0.21052631578947367,0,0.2631578947368421,0,0,0.0,-3.26,0.0,0,0,0.16666666666666666,-3.26,0,0.05555555555555555,0,-2.24,0.0,0",0.000,57.9,1.3600,-38.1500,-15.2600,-15.2600,0.0,,0,none,19,guide
GUCCAUGCCGAGAGUGAUC,AGUUCGUGACCGCCGCCGGGAUCACUCUCGGCAUGGACGAGCUGUACAAGUAAXXXX,0.2659455046433309,0,"0.11,-2.24,-11.4,0,1,-204.73,0.21052631578947367,0,0.3157894736842105,0,0,0.0,-2.35,0.0,1,0,0.1111111111111111,-2.35,0,0.05555555555555555,0,-2.08,0.0,0",0.000,57.9,0.1100,-37.8300,-14.3500,-14.3500,0.0,,0,none,19,guide
CGUCCAUGCCGAGAGUGAU,GUUCGUGACCGCCGCCGGGAUCACUCUCGGCAUGGACGAGCUGUACAAGUAAXXXXX,0.2230839881620573,0,"-1.26,-2.36,-10.64,0,0,-199.20999999999998,0.21052631578947367,0,0.3157894736842105,0,0,0.0,-2.24,0.0,0,1,0.1111111111111111,-1.1,0,0.05555555555555555,1,-2.35,0.0,0",0.000,57.9,-1.7100,-37.2900,-13.1700,-13.1700,0.0,,0,none,19,guide
UCGUCCAUGCCGAGAGUGA,UUCGUGACCGCCGCCGGGAUCACUCUCGGCAUGGACGAGCUGUACAAGUAAXXXXXX,0.1160322481885906,0,"0.0,-2.35,-12.44,1,0,-198.54999999999998,0.21052631578947367,0,0.3157894736842105,0,0,0.0,-2.36,0.0,0,0,0.1111111111111111,-2.35,0,0.05555555555555555,0,-2.08,0.0,1",-0.100,57.9,0.0000,-37.9900,-13.4200,-13.4200,0.0,,0,none,19,guide
CUCGUCCAUGCCGAGAGUG,UCGUGACCGCCGCCGGGAUCACUCUCGGCAUGGACGAGCUGUACAAGUAAXXXXXXX,0.2562506378201857,0,"0.03,-2.08,-10.48,0,0,-204.02999999999997,0.21052631578947367,0,0.3157894736842105,0,0,0.0,-2.35,0.0,1,1,0.1111111111111111,-2.11,0,0.05555555555555555,0,-2.35,0.0,0",-3.000,63.2,0.0300,-38.4200,-14.6700,-14.6700,0.0,,0,none,19,guide
GCUCGUCCAUGCCGAGAGU,CGUGACCGCCGCCGGGAUCACUCUCGGCAUGGACGAGCUGUACAAGUAAXXXXXXXX,0.0932748239616287,0,"-1.63,-3.42,-14.88,0,1,-204.74999999999997,0.21052631578947367,0,0.3157894736842105,0,1,0.0,-2.08,0.0,0,0,0.1111111111111111,-2.24,0,0.1111111111111111,0,-2.36,0.0,0",-3.200,63.2,-1.6300,-39.2300,-14.6400,-14.6400,0.0,,0,none,19,guide
AGCUCGUCCAUGCCGAGAG,GUGACCGCCGCCGGGAUCACUCUCGGCAUGGACGAGCUGUACAAGUAAXXXXXXXXX,0.6159812225737321,0,"0.9,-2.08,-10.48,0,0,-203.82999999999998,0.15789473684210525,0,0.3157894736842105,0,0,0.0,-3.42,0.0,0,0,0.1111111111111111,-2.08,0,0.1111111111111111,0,-3.26,0.0,0",-3.200,63.2,0.4500,-39.4200,-14.8000,-14.8000,0.0,,0,none,19,guide
CAGCUCGUCCAUGCCGAGA,UGACCGCCGCCGGGAUCACUCUCGGCAUGGACGAGCUGUACAAGUAAXXXXXXXXXX,0.8479436677211961,1,"-0.66,-2.11,-10.44,0,0,-203.79,0.15789473684210525,0,0.2631578947368421,0,0,0.0,-2.08,0.0,0,1,0.1111111111111111,-2.35,0,0.1111111111111111,0,-3.42,0.0,1",-3.200,63.2,-0.2100,-39.1000,-14.5300,-14.5300,0.0,,0,none,19,guide
ACAGCUCGUCCAUGCCGAG,GACCGCCGCCGGGAUCACUCUCGGCAUGGACGAGCUGUACAAGUAAXXXXXXXXXXX,0.3403408511072558,0,"0.74,-2.24,-11.4,0,0,-202.74999999999997,0.15789473684210525,0,0.2631578947368421,0,0,0.0,-2.11,0.0,0,0,0.1111111111111111,-2.08,0,0.1111111111111111,0,-2.11,0.0,0",-2.100,63.2,0.2900,-39.1400,-14.4000,-14.4000,0.0,,0,none,19,guide
UACAGCUCGUCCAUGCCGA,ACCGCCGCCGGGAUCACUCUCGGCAUGGACGAGCUGUACAAGUAAXXXXXXXXXXXX,0.6816001632819677,0,"0.57,-1.33,-7.69,1,0,-196.23999999999995,0.21052631578947367,0,0.21052631578947367,0,0,0.0,-2.24,0.05555555555555555,0,0,0.1111111111111111,-2.35,0,0.1111111111111111,0,-1.1,0.0,1",-1.000,57.9,1.0200,-37.7400,-14.2800,-14.2800,0.0,,0,none,19,guide
GUACAGCUCGUCCAUGCCG,CCGCCGCCGGGAUCACUCUCGGCAUGGACGAGCUGUACAAGUAAXXXXXXXXXXXXX,0.5791407286457803,0,"-0.33,-2.24,-11.4,0,1,-202.64,0.21052631578947367,0,0.2631578947368421,0,0,0.0,-1.33,0.05555555555555555,1,0,0.1111111111111111,-2.36,0,0.1111111111111111,0,-2.11,0.0,0",-1.000,63.2,0.1200,-38.8300,-13.2600,-13.2600,0.0,,0,none,19,guide
UGUACAGCUCGUCCAUGCC,CGCCGCCGGGAUCACUCUCGGCAUGGACGAGCUGUACAAGUAAXXXXXXXXXXXXXX,0.7517093580977651,1,"1.6,-2.11,-10.44,1,0,-198.71999999999997,0.2631578947368421,0,0.21052631578947367,0,0,0.0,-2.24,0.05555555555555555,0,0,0.1111111111111111,-3.26,0,0.1111111111111111,0,-3.26,0.0,0",-1.000,57.9,1.6000,-38.0300,-13.4200,-13.4200,0.0,,0,none,19,guide
UUGUACAGCUCGUCCAUGC,GCCGCCGGGAUCACUCUCGGCAUGGACGAGCUGUACAAGUAAXXXXXXXXXXXXXXX,0.7825288294723952,1,"2.49,-0.93,-6.82,1,0,-192.14999999999998,0.3157894736842105,1,0.21052631578947367,0,0,0.0,-2.11,0.05555555555555555,1,0,0.05555555555555555,-3.42,0,0.1111111111111111,0,-2.35,0.05555555555555555,0",-0.200,52.6,2.9400,-35.9000,-12.1100,-12.1100,0.0,,0,none,19,guide
CUUGUACAGCUCGUCCAUG,CCGCCGGGAUCACUCUCGGCAUGGACGAGCUGUACAAGUAAXXXXXXXXXXXXXXXX,0.5463822839065211,0,"0.03,-2.08,-10.48,0,0,-191.46999999999997,0.3157894736842105,0,0.21052631578947367,0,0,0.0,-0.93,0.05555555555555555,1,1,0.05555555555555555,-2.11,0,0.05555555555555555,0,-2.24,0.05555555555555555,0",0.000,52.6,0.0300,-34.9100,-10.9600,-10.9600,0.0,,0,none,19,guide
ACUUGUACAGCUCGUCCAU,CGCCGGGAUCACUCUCGGCAUGGACGAGCUGUACAAGUAAXXXXXXXXXXXXXXXXX,0.6983365649556078,0,"-0.69,-2.24,-11.4,0,0,-184.99,0.3157894736842105,0,0.15789473684210525,0,0,0.0,-2.08,0.05555555555555555,0,0,0.05555555555555555,-1.1,0,0.05555555555555555,0,-2.36,0.05555555555555555,0",0.000,47.4,-1.1400,-33.9900,-10.9300,-10.9300,0.0,,0,none,19,guide
UACUUGUACAGCUCGUCCA,GCCGGGAUCACUCUCGGCAUGGACGAGCUGUACAAGUAAXXXXXXXXXXXXXXXXXX,0.8460046943565671,1,"0.33,-1.33,-7.69,1,0,-183.3,0.3157894736842105,0,0.15789473684210525,0,0,0.0,-2.24,0.1111111111111111,0,0,0.05555555555555555,-2.11,0,0.05555555555555555,0,-2.35,0.05555555555555555,1",0.000,47.4,0.7800,-34.3700,-10.9300,-10.9300,0.0,,0,none,19,guide
UUACUUGUACAGCUCGUCC,CCGGGAUCACUCUCGGCAUGGACGAGCUGUACAAGUAAXXXXXXXXXXXXXXXXXXX,0.8518216144504541,1,"2.33,-0.93,-6.82,1,0,-183.40000000000003,0.3684210526315789,1,0.15789473684210525,0,0,0.0,-1.33,0.1111111111111111,1,0,0.05555555555555555,-3.26,0,0.05555555555555555,0,-2.08,0.1111111111111111,0",0.000,47.4,2.7800,-33.5400,-10.9300,-10.9300,0.0,,0,none,19,guide
