siRNA,mRNA,label,y,td,dG_total,dG_seed,delta_deltaG_ends,MFE_guide,GC_content
CUAAUAUGUUAAUUGAUUU,AAAUUGAAAGGAAUUGUAUAAAUCAAUUAACAUAUUAGCUGAGUUGXXXXXXXXXXX,0.3445190156599553,0,"-1.6,-2.08,-10.48,0,0,-149.37999999999997,0.5263157894736842,0,0.10526315789473684,0,0,0.0,-1.33,0.16666666666666666,1,1,0.0,-0.93,0,0.0,0,-0.93,0.2222222222222222,0",-20.32,-3.36,-1.6,nan,15.8
AAUAUGUUAAUUGAUUUAU,UAAAAUUGAAAGGAAUUGUAUAAAUCAAUUAACAUAUUAGCUGAGUUGXXXXXXXXX,0.2863534675615212,0,"0.17,-0.93,-6.82,0,0,-144.55999999999995,0.5263157894736842,0,0.10526315789473684,0,0,0.0,-1.1,0.16666666666666666,0,0,0.0,-1.1,0,0.0,0,-2.35,0.2222222222222222,0",-18.89,-3.82,0.17,nan,10.5
GAUUUAUACAAUUCCUUUC,CUUAUUUUUAGAUAAAAUUGAAAGGAAUUGUAUAAAUCAAUUAACAUAUUAGCUGAG,0.3832960477255779,0,"0.0,-2.35,-12.44,0,1,-163.85999999999999,0.47368421052631576,0,0.05263157894736842,0,0,0.0,-1.1,0.1111111111111111,0,0,0.05555555555555555,-2.35,0,0.0,0,-2.35,0.2777777777777778,0",-24.19,-1.73,0.0,nan,26.3
CAAUUCCUUUCAAUUUUAU,UUGGUCUGCUUAUUUUUAGAUAAAAUUGAAAGGAAUUGUAUAAAUCAAUUAACAUAU,0.2714392244593587,0,"-1.46,-2.11,-10.44,0,0,-152.68999999999994,0.5263157894736842,0,0.0,0,0,0.0,-0.93,0.05555555555555555,0,1,0.05555555555555555,-1.1,0,0.0,0,-1.1,0.3333333333333333,0",-21.79,-5.66,-1.46,nan,21.1
CAGACCAAAAUUAAAUAAG,UGGAAUCUUAUGUAACUUUCUUAUUUAAUUUUGGUCUGCUUAUUUUUAGAUAAAAUU,0.3892617449664429,0,"-0.03,-2.11,-10.44,0,0,-157.33999999999995,0.15789473684210525,0,0.10526315789473684,0,0,0.0,-2.08,0.1111111111111111,0,1,0.05555555555555555,-2.08,0,0.0,0,-0.93,0.05555555555555555,0",-23.51,-7.98,-0.03,nan,26.3
AGACCAAAAUUAAAUAAGA,AUGGAAUCUUAUGUAACUUUCUUAUUUAAUUUUGGUCUGCUUAUUUUUAGAUAAAAU,0.3296047725577927,0,"0.27,-2.08,-10.48,0,0,-151.89999999999995,0.15789473684210525,0,0.10526315789473684,0,0,0.0,-2.35,0.1111111111111111,0,0,0.05555555555555555,-2.35,0,0.0,0,-0.93,0.05555555555555555,1",-22.85,-7.28,0.27,nan,21.1
ACCAAAAUUAAAUAAGAAA,AAAUGGAAUCUUAUGUAACUUUCUUAUUUAAUUUUGGUCUGCUUAUUUUUAGAUAAA,0.3288590604026846,0,"-0.86,-2.24,-11.4,0,0,-142.61999999999998,0.15789473684210525,0,0.05263157894736842,0,0,0.0,-3.26,0.1111111111111111,0,0,0.05555555555555555,-0.93,0,0.0,0,-1.33,0.05555555555555555,1",-20.28,-4.72,-0.86,nan,15.8
CAAAAUUAAAUAAGAAAGU,UCAAAUGGAAUCUUAUGUAACUUUCUUAUUUAAUUUUGGUCUGCUUAUUUUUAGAUA,0.3251304996271439,0,"-0.77,-2.11,-10.44,0,0,-143.43,0.21052631578947367,0,0.10526315789473684,0,0,0.0,-0.93,0.1111111111111111,0,1,0.0,-2.24,0,0.0,0,-2.08,0.05555555555555555,0",-19.55,-1.16,-0.77,nan,15.8
UAAGAAAGUUACAUAAGAU,UUAUGUAUGCUCAAAUGGAAUCUUAUGUAACUUUCUUAUUUAAUUUUGGUCUGCUUA,0.4407158836689038,0,"-0.23,-1.33,-7.69,1,0,-154.43999999999997,0.2631578947368421,0,0.15789473684210525,0,0,0.0,-0.93,0.16666666666666666,0,0,0.0,-1.1,0,0.0,0,-1.1,0.05555555555555555,0",-23.38,-4.76,-0.23,nan,21.1
AAGUUACAUAAGAUUCCAU,UGGCCUUAUGUAUGCUCAAAUGGAAUCUUAUGUAACUUUCUUAUUUAAUUUUGGUCU,0.3810589112602535,0,"0.17,-0.93,-6.82,0,0,-162.65999999999997,0.3157894736842105,0,0.10526315789473684,0,0,0.0,-2.08,0.1111111111111111,0,0,0.05555555555555555,-1.1,0,0.0,0,-1.1,0.1111111111111111,0",-25.51,-5.94,0.17,nan,26.3
ACAUAAGAUUCCAUUUGAG,UAUCAUGGCCUUAUGUAUGCUCAAAUGGAAUCUUAUGUAACUUUCUUAUUUAAUUUU,0.4138702460850112,0,"0.74,-2.24,-11.4,0,0,-170.17,0.3157894736842105,0,0.15789473684210525,0,0,0.0,-2.11,0.05555555555555555,0,0,0.05555555555555555,-2.08,0,0.0,0,-1.1,0.16666666666666666,0",-26.85,-5.36,0.74,nan,31.6
AAGAUUCCAUUUGAGCAUA,AAAGUAUCAUGGCCUUAUGUAUGCUCAAAUGGAAUCUUAUGUAACUUUCUUAUUUAA,0.4079045488441462,0,"0.4,-0.93,-6.82,0,0,-169.92999999999998,0.3157894736842105,0,0.15789473684210525,0,0,0.0,-2.08,0.05555555555555555,0,0,0.05555555555555555,-1.33,0,0.05555555555555555,0,-2.35,0.16666666666666666,1",-27.58,-7.53,0.4,nan,31.6
CCAUUUGAGCAUACAUAAG,CACAUUAAAGUAUCAUGGCCUUAUGUAUGCUCAAAUGGAAUCUUAUGUAACUUUCUU,0.3281133482475764,0,"-0.73,-3.26,-13.39,0,0,-175.19999999999996,0.2631578947368421,0,0.15789473684210525,0,0,0.0,-2.11,0.1111111111111111,0,1,0.05555555555555555,-2.08,1,0.05555555555555555,0,-2.24,0.1111111111111111,0",-28.53,-4.99,-0.73,nan,36.8
CAUUUGAGCAUACAUAAGG,UCACAUUAAAGUAUCAUGGCCUUAUGUAUGCUCAAAUGGAAUCUUAUGUAACUUUCU,0.4854586129753915,0,"0.7,-2.11,-10.44,0,0,-175.2,0.2631578947368421,0,0.21052631578947367,0,0,0.05555555555555555,-1.1,0.1111111111111111,0,1,0.0,-3.26,0,0.05555555555555555,0,-2.11,0.1111111111111111,0",-28.53,-4.96,0.7,nan,36.8
AUAAGGCCAUGAUACUUUA,AAGAAAUGGUGGUUCACAUUAAAGUAUCAUGGCCUUAUGUAUGCUCAAAUGGAAUCU,0.5659955257270693,1,"0.23,-1.1,-9.38,0,0,-167.95999999999995,0.3157894736842105,0,0.15789473684210525,0,0,0.05555555555555555,-1.33,0.16666666666666666,1,0,0.05555555555555555,-1.33,0,0.05555555555555555,0,-1.33,0.1111111111111111,1",-28.0,-9.74,0.23,nan,31.6
GCCAUGAUACUUUAAUGUG,CUUCCAAGAAAUGGUGGUUCACAUUAAAGUAUCAUGGCCUUAUGUAUGCUCAAAUGG,0.465324384787472,0,"-0.86,-3.42,-14.88,0,1,-176.11999999999998,0.3684210526315789,0,0.21052631578947367,0,1,0.0,-3.26,0.1111111111111111,0,0,0.05555555555555555,-2.11,0,0.05555555555555555,0,-1.33,0.1111111111111111,0",-28.69,-7.49,-0.86,nan,36.8
UUAAUGUGAACCACCAUUU,AUGUCUUCUUUCUUCCAAGAAAUGGUGGUUCACAUUAAAGUAUCAUGGCCUUAUGUA,0.6398210290827739,1,"0.0,-0.93,-6.82,1,0,-164.67999999999998,0.3684210526315789,1,0.10526315789473684,0,0,0.0,-1.33,0.05555555555555555,1,0,0.1111111111111111,-0.93,0,0.0,0,-2.24,0.16666666666666666,0",-27.22,-5.28,0.0,nan,31.6
UGUGAACCACCAUUUCUUG,UUGGAUGUCUUCUUUCUUCCAAGAAAUGGUGGUUCACAUUAAAGUAUCAUGGCCUUA,0.6331096196868009,1,"0.9,-2.11,-10.44,1,0,-177.86999999999998,0.3684210526315789,0,0.15789473684210525,0,0,0.0,-2.24,0.0,0,0,0.1111111111111111,-2.11,0,0.0,0,-0.93,0.16666666666666666,0",-30.85,-9.04,0.9,nan,42.1
GAACCACCAUUUCUUGGAA,CAUUUGGAUGUCUUCUUUCUUCCAAGAAAUGGUGGUUCACAUUAAAGUAUCAUGGCC,0.2856077554064131,0,"-1.87,-2.35,-12.44,0,1,-178.23999999999995,0.2631578947368421,0,0.15789473684210525,0,0,0.05555555555555555,-0.93,0.0,0,0,0.1111111111111111,-0.93,0,0.0,0,-2.08,0.16666666666666666,1",-30.93,-9.5,-1.87,nan,42.1
AUUUCUUGGAAGAAAGAAG,GAAUCGGACAUUUGGAUGUCUUCUUUCUUCCAAGAAAUGGUGGUUCACAUUAAAGUA,0.4004474272930649,0,"1.43,-1.1,-9.38,0,0,-165.29999999999995,0.2631578947368421,0,0.2631578947368421,0,0,0.05555555555555555,-0.93,0.0,1,0,0.0,-2.08,0,0.0,0,-0.93,0.16666666666666666,0",-26.16,-4.79,1.43,nan,31.6
UGGAAGAAAGAAGACAUCC,CUCUCUGAAUCGGACAUUUGGAUGUCUUCUUUCUUCCAAGAAAUGGUGGUUCACAUU,0.6204325130499627,1,"1.6,-2.11,-10.44,1,0,-182.02999999999997,0.10526315789473684,0,0.2631578947368421,0,0,0.05555555555555555,-3.26,0.0,0,0,0.05555555555555555,-3.26,0,0.0,0,-2.35,0.0,0",-31.25,-7.36,1.6,nan,42.1
GGAAGAAAGAAGACAUCCA,UCUCUCUGAAUCGGACAUUUGGAUGUCUUCUUUCUUCCAAGAAAUGGUGGUUCACAU,0.5100671140939598,0,"-1.6,-3.26,-13.39,0,1,-182.03000000000003,0.05263157894736842,0,0.2631578947368421,1,0,0.05555555555555555,-2.35,0.0,0,0,0.05555555555555555,-2.11,0,0.0,0,-2.24,0.0,1",-31.25,-5.03,-1.6,nan,42.1
GAAAGAAGACAUCCAAAUG,ACUUUCUCUCUGAAUCGGACAUUUGGAUGUCUUCUUUCUUCCAAGAAAUGGUGGUUC,0.5488441461595824,1,"-0.24,-2.35,-12.44,0,1,-176.07999999999998,0.10526315789473684,0,0.21052631578947367,0,0,0.0,-0.93,0.0,0,0,0.05555555555555555,-2.11,0,0.0,0,-3.26,0.0,0",-28.15,-4.76,-0.24,nan,36.8
AAGACAUCCAAAUGUCCGA,CAGGAACUUUCUCUCUGAAUCGGACAUUUGGAUGUCUUCUUUCUUCCAAGAAAUGGU,0.6189410887397464,1,"0.97,-0.93,-6.82,0,0,-179.95,0.15789473684210525,0,0.15789473684210525,0,0,0.0,-2.08,0.0,0,0,0.1111111111111111,-2.35,0,0.0,0,-2.11,0.0,1",-31.17,-7.69,0.97,nan,42.1
CAUCCAAAUGUCCGAUUCA,UGGCCAGGAACUUUCUCUCUGAAUCGGACAUUUGGAUGUCUUCUUUCUUCCAAGAAA,0.2900820283370619,0,"-0.9,-2.11,-10.44,0,0,-181.60999999999999,0.2631578947368421,0,0.10526315789473684,0,0,0.0,-1.1,0.0,0,1,0.1111111111111111,-2.11,0,0.0,0,-2.36,0.05555555555555555,1",-30.51,-5.69,-0.9,nan,42.1
UUCCUGGCCAGUCAUCCAG,GAAGAGUGGAGAGAGUCUACUGGAUGACUGGCCAGGAACUUUCUCUCUGAAUCGGAC,0.5645041014168531,1,"1.6,-0.93,-6.82,1,0,-199.23,0.2631578947368421,1,0.21052631578947367,0,0,0.05555555555555555,-2.35,0.0,1,0,0.16666666666666666,-2.08,0,0.05555555555555555,0,-2.11,0.05555555555555555,0",-37.92,-11.94,1.6,nan,57.9
CCUGGCCAGUCAUCCAGUA,UUGAAGAGUGGAGAGAGUCUACUGGAUGACUGGCCAGGAACUUUCUCUCUGAAUCGG,0.4116331096196868,0,"-1.93,-3.26,-13.39,0,0,-199.06,0.21052631578947367,0,0.21052631578947367,0,0,0.05555555555555555,-2.08,0.05555555555555555,0,1,0.16666666666666666,-1.33,1,0.05555555555555555,0,-2.35,0.0,1",-38.21,-11.7,-1.93,nan,57.9
AGUCAUCCAGUAGACUCUC,CUUCCCAUUGAAGAGUGGAGAGAGUCUACUGGAUGACUGGCCAGGAACUUUCUCUCU,0.5764354958985831,1,"1.17,-2.08,-10.48,0,0,-192.81,0.2631578947368421,0,0.15789473684210525,0,0,0.0,-2.24,0.05555555555555555,0,0,0.05555555555555555,-2.35,0,0.0,0,-2.35,0.0,0",-34.24,-9.32,1.17,nan,47.4
AGACUCUCUCCACUCUUCA,AUAAGCAUCACCUUCCCAUUGAAGAGUGGAGAGAGUCUACUGGAUGACUGGCCAGGA,0.5272184936614467,1,"0.03,-2.08,-10.48,0,0,-190.35999999999999,0.3157894736842105,0,0.05263157894736842,0,0,0.0,-2.35,0.0,0,0,0.05555555555555555,-2.11,0,0.0,0,-2.08,0.05555555555555555,1",-34.48,-9.36,0.03,nan,47.4
GGAAGGUGAUGCUUAUAUU,CUUUGUAGAGAUUUUUAAAAAUAUAAGCAUCACCUUCCCAUUGAAGAGUGGAGAGAG,0.3862788963460105,0,"-2.33,-3.26,-13.39,0,1,-176.42999999999995,0.3684210526315789,0,0.3157894736842105,1,0,0.1111111111111111,-2.35,0.1111111111111111,0,0,0.0,-0.93,0,0.05555555555555555,0,-0.93,0.1111111111111111,0",-29.47,-8.88,-2.33,nan,36.8
UCUACAAAGCUCACAUACA,CUAGGAUGUACUGUCUUGUUGUAUGUGAGCUUUGUAGAGAUUUUUAAAAAUAUAAGC,0.5615212527964206,1,"-0.24,-2.35,-12.44,1,0,-174.51,0.21052631578947367,0,0.05263157894736842,0,0,0.0,-2.08,0.1111111111111111,0,0,0.0,-2.11,0,0.05555555555555555,0,-2.24,0.0,1",-30.15,-5.08,-0.24,nan,36.8
CAACAAGACAGUACAUCCU,UCAUAUCAGUCACAAAUCUAGGAUGUACUGUCUUGUUGUAUGUGAGCUUUGUAGAGA,0.6092468307233407,1,"-0.93,-2.11,-10.44,0,0,-180.45000000000002,0.15789473684210525,0,0.10526315789473684,0,0,0.0,-0.93,0.05555555555555555,0,1,0.05555555555555555,-2.08,0,0.0,0,-2.24,0.0,0",-31.35,-5.65,-0.93,nan,42.1
ACAGUACAUCCUAGAUUUG,UAAAUGCUCAUAUCAGUCACAAAUCUAGGAUGUACUGUCUUGUUGUAUGUGAGCUUU,0.5920954511558538,1,"0.77,-2.24,-11.4,0,0,-175.67999999999998,0.3157894736842105,0,0.15789473684210525,0,0,0.0,-2.11,0.1111111111111111,0,0,0.05555555555555555,-2.11,0,0.0,0,-2.08,0.1111111111111111,0",-29.43,-7.57,0.77,nan,36.8
UCCUAGAUUUGUGACUGAU,GACAGCCUUAAAUGCUCAUAUCAGUCACAAAUCUAGGAUGUACUGUCUUGUUGUAUG,0.5615212527964206,1,"-0.8,-2.35,-12.44,1,0,-177.74999999999997,0.42105263157894735,0,0.21052631578947367,0,0,0.0,-3.26,0.05555555555555555,0,0,0.05555555555555555,-1.1,0,0.0,0,-2.35,0.1111111111111111,0",-30.11,-7.66,-0.8,nan,36.8
UUUGUGACUGAUAUGAGCA,UGAAAAUGACAGCCUUAAAUGCUCAUAUCAGUCACAAAUCUAGGAUGUACUGUCUUG,0.6234153616703952,1,"0.73,-0.93,-6.82,1,0,-177.19999999999996,0.3684210526315789,1,0.2631578947368421,0,0,0.0,-0.93,0.05555555555555555,1,0,0.0,-2.11,0,0.05555555555555555,0,-1.1,0.1111111111111111,1",-30.06,-7.44,0.73,nan,36.8
UGUGACUGAUAUGAGCAUU,CUUGAAAAUGACAGCCUUAAAUGCUCAUAUCAGUCACAAAUCUAGGAUGUACUGUCU,0.5667412378821775,1,"-0.73,-2.11,-10.44,1,0,-179.75999999999996,0.3684210526315789,0,0.2631578947368421,0,0,0.0,-2.24,0.05555555555555555,0,0,0.0,-0.93,0,0.05555555555555555,0,-2.35,0.05555555555555555,0",-30.23,-9.04,-0.73,nan,36.8
GCAUUUAAGGCUGUCAUUU,ACUAAACUUUUAUACUUGAAAAUGACAGCCUUAAAUGCUCAUAUCAGUCACAAAUCU,0.3154362416107382,0,"-2.49,-3.42,-14.88,0,1,-172.48999999999998,0.42105263157894735,0,0.21052631578947367,0,1,0.05555555555555555,-2.11,0.05555555555555555,0,0,0.0,-0.93,0,0.1111111111111111,0,-2.24,0.2222222222222222,0",-28.82,-2.79,-2.49,nan,36.8
UUUAAGGCUGUCAUUUUCA,AACACUAAACUUUUAUACUUGAAAAUGACAGCCUUAAAUGCUCAUAUCAGUCACAAA,0.5876211782252051,1,"0.73,-0.93,-6.82,1,0,-163.76999999999998,0.47368421052631576,1,0.15789473684210525,0,0,0.05555555555555555,-0.93,0.05555555555555555,1,0,0.0,-2.11,0,0.05555555555555555,0,-1.1,0.2777777777777778,1",-27.13,-7.41,0.73,nan,31.6
UUAAGGCUGUCAUUUUCAA,GAACACUAAACUUUUAUACUUGAAAAUGACAGCCUUAAAUGCUCAUAUCAGUCACAA,0.6495152870991797,1,"0.0,-0.93,-6.82,1,0,-163.76999999999998,0.42105263157894735,1,0.15789473684210525,0,0,0.05555555555555555,-1.33,0.05555555555555555,1,0,0.0,-0.93,0,0.05555555555555555,0,-0.93,0.2222222222222222,1",-27.13,-8.11,0.0,nan,31.6
AAGUAUAAAAGUUUAGUGU,GCACAGAUUGGGUAAUGGAACACUAAACUUUUAUACUUGAAAAUGACAGCCUUAAAU,0.5674869500372857,1,"0.86,-0.93,-6.82,0,0,-149.8,0.3684210526315789,0,0.21052631578947367,0,0,0.0,-2.08,0.16666666666666666,0,0,0.0,-2.24,0,0.0,0,-0.93,0.1111111111111111,0",-22.99,-4.02,0.86,nan,21.1
UAAAAGUUUAGUGUUCCAU,CUACUGCACAGAUUGGGUAAUGGAACACUAAACUUUUAUACUUGAAAAUGACAGCCU,0.6122296793437733,1,"-0.23,-1.33,-7.69,1,0,-156.5,0.42105263157894735,0,0.15789473684210525,0,0,0.0,-0.93,0.1111111111111111,0,0,0.05555555555555555,-1.1,0,0.0,0,-2.24,0.16666666666666666,0",-25.06,-3.05,-0.23,nan,26.3
GUGUUCCAUUACCCAAUCU,AUAGCUAUGUCUACUGCACAGAUUGGGUAAUGGAACACUAAACUUUUAUACUUGAAA,0.5369127516778524,1,"-1.06,-2.24,-11.4,0,1,-180.62999999999997,0.3684210526315789,0,0.10526315789473684,0,0,0.0,-2.11,0.05555555555555555,1,0,0.16666666666666666,-2.08,0,0.0,0,-3.26,0.1111111111111111,0",-31.39,-8.01,-1.06,nan,42.1
UGUUCCAUUACCCAAUCUG,UAUAGCUAUGUCUACUGCACAGAUUGGGUAAUGGAACACUAAACUUUUAUACUUGAA,0.6435495898583147,1,"0.9,-2.11,-10.44,1,0,-179.66999999999996,0.3684210526315789,0,0.10526315789473684,0,0,0.0,-2.24,0.05555555555555555,0,0,0.16666666666666666,-2.11,0,0.0,0,-2.11,0.1111111111111111,0",-31.26,-7.45,0.9,nan,42.1
GUUCCAUUACCCAAUCUGU,UUAUAGCUAUGUCUACUGCACAGAUUGGGUAAUGGAACACUAAACUUUUAUACUUGA,0.3512304250559284,0,"-0.9,-2.24,-11.4,0,1,-180.63,0.3684210526315789,0,0.10526315789473684,0,0,0.0,-0.93,0.05555555555555555,1,0,0.16666666666666666,-2.24,0,0.0,0,-0.93,0.1111111111111111,0",-31.39,-5.69,-0.9,nan,42.1
UGUGCAGUAGACAUAGCUA,UUCACAUGACUUGAGCUUAUAGCUAUGUCUACUGCACAGAUUGGGUAAUGGAACACU,0.6472781506338553,1,"-0.33,-2.11,-10.44,1,0,-181.48,0.2631578947368421,0,0.2631578947368421,0,0,0.0,-2.24,0.16666666666666666,0,0,0.0,-1.33,0,0.1111111111111111,0,-1.1,0.0,1",-32.77,-9.66,-0.33,nan,42.1
UGCAGUAGACAUAGCUAUA,AAUUCACAUGACUUGAGCUUAUAGCUAUGUCUACUGCACAGAUUGGGUAAUGGAACA,0.5786726323639075,1,"-0.33,-2.11,-10.44,1,0,-176.70999999999998,0.2631578947368421,0,0.21052631578947367,0,0,0.0,-3.42,0.2222222222222222,0,0,0.0,-1.33,0,0.1111111111111111,0,-2.08,0.0,1",-30.85,-9.17,-0.33,nan,36.8
UAGCUAUAAGCUCAAGUCA,GGGCUUCUGUUAAUUCACAUGACUUGAGCUUAUAGCUAUGUCUACUGCACAGAUUGG,0.6331096196868009,1,"0.33,-1.33,-7.69,1,0,-174.35999999999999,0.2631578947368421,0,0.15789473684210525,0,0,0.0,-2.08,0.16666666666666666,0,0,0.0,-2.11,0,0.1111111111111111,0,-2.11,0.0,1",-30.36,-6.35,0.33,nan,36.8
AUAAGCUCAAGUCAUGUGA,UUGGUGGGCUUCUGUUAAUUCACAUGACUUGAGCUUAUAGCUAUGUCUACUGCACAG,0.6487695749440716,1,"0.8,-1.1,-9.38,0,0,-177.24,0.2631578947368421,0,0.21052631578947367,0,0,0.0,-1.33,0.05555555555555555,1,0,0.0,-2.35,0,0.05555555555555555,0,-2.11,0.0,1",-30.03,-7.65,0.8,nan,36.8
CUCAAGUCAUGUGAAUUAA,UGUCUUUGGUGGGCUUCUGUUAAUUCACAUGACUUGAGCUUAUAGCUAUGUCUACUG,0.4056674123788218,0,"-1.6,-2.08,-10.48,0,0,-169.23999999999998,0.3157894736842105,0,0.15789473684210525,0,0,0.0,-2.35,0.05555555555555555,1,1,0.0,-0.93,0,0.0,0,-2.35,0.05555555555555555,1",-26.84,-7.52,-1.6,nan,31.6
UAUAAUUUGGGCAACAGCA,CCUUUCCUACAUUUAAACUUGCUGUUGCCCAAAUUAUAAUUUUUUAAAUGUCUUUGG,0.6383296047725577,1,"0.33,-1.33,-7.69,1,0,-170.54999999999998,0.2631578947368421,0,0.21052631578947367,0,0,0.1111111111111111,-1.1,0.1111111111111111,0,0,0.0,-2.11,0,0.1111111111111111,0,-0.93,0.1111111111111111,1",-29.71,-1.33,0.33,nan,36.8
AUAAUUUGGGCAACAGCAA,GCCUUUCCUACAUUUAAACUUGCUGUUGCCCAAAUUAUAAUUUUUUAAAUGUCUUUG,0.622669649515287,1,"-0.17,-1.1,-9.38,0,0,-169.67999999999998,0.21052631578947367,0,0.21052631578947367,0,0,0.1111111111111111,-1.33,0.05555555555555555,1,0,0.0,-0.93,0,0.1111111111111111,0,-2.24,0.1111111111111111,1",-29.31,-2.79,-0.17,nan,36.8
GCAACAGCAAGUUUAAAUG,UUUUUUCUAGCCUUUCCUACAUUUAAACUUGCUGUUGCCCAAAUUAUAAUUUUUUAA,0.5563012677106637,1,"-0.86,-3.42,-14.88,0,1,-169.65999999999997,0.21052631578947367,0,0.21052631578947367,0,1,0.0,-2.11,0.05555555555555555,0,0,0.0,-2.11,0,0.1111111111111111,0,-0.93,0.1111111111111111,0",-27.84,-8.8,-0.86,nan,36.8
ACAGCAAGUUUAAAUGUAG,ACAUUUUUUCUAGCCUUUCCUACAUUUAAACUUGCUGUUGCCCAAAUUAUAAUUUUU,0.6152125279642058,1,"0.74,-2.24,-11.4,0,0,-163.36999999999998,0.2631578947368421,0,0.21052631578947367,0,0,0.0,-2.11,0.1111111111111111,0,0,0.0,-2.08,0,0.05555555555555555,0,-0.93,0.1111111111111111,0",-26.58,-8.64,0.74,nan,31.6
AUUGUUUCUCUAAAAUGCA,UUCAUUGUGAACAACCUAAUGCAUUUUAGAGAAACAAUCUCAUCACAUUUUUUCUAG,0.6331096196868009,1,"0.56,-1.1,-9.38,0,0,-159.75999999999996,0.42105263157894735,0,0.10526315789473684,0,0,0.0,-0.93,0.05555555555555555,1,0,0.0,-2.11,0,0.05555555555555555,0,-0.93,0.16666666666666666,1",-24.97,-4.95,0.56,nan,26.3
AUGCAUUAGGUUGUUCACA,GUGUUAGACAAAGCUUCAUUGUGAACAACCUAAUGCAUUUUAGAGAAACAAUCUCAU,0.5622669649515287,1,"0.56,-1.1,-9.38,0,0,-173.45,0.3684210526315789,0,0.21052631578947367,0,0,0.05555555555555555,-2.11,0.05555555555555555,1,0,0.0,-2.11,0,0.05555555555555555,0,-2.24,0.16666666666666666,1",-29.71,-6.01,0.56,nan,36.8
UGCAUUAGGUUGUUCACAA,GGUGUUAGACAAAGCUUCAUUGUGAACAACCUAAUGCAUUUUAGAGAAACAAUCUCA,0.6189410887397464,1,"-0.73,-2.11,-10.44,1,0,-170.89,0.3684210526315789,0,0.21052631578947367,0,0,0.05555555555555555,-3.42,0.05555555555555555,0,0,0.0,-0.93,0,0.05555555555555555,0,-0.93,0.16666666666666666,1",-29.54,-6.88,-0.73,nan,36.8
UAACACCAUUAUCUGAUGC,CAUGCAUCAGAUAAUGGAUGCAUCAGAUAAUGGUGUUAGACAAAGCUUCAUUGUGAA,0.6920208799403431,1,"2.09,-1.33,-7.69,1,0,-178.01999999999998,0.3157894736842105,0,0.10526315789473684,0,0,0.0,-0.93,0.1111111111111111,0,0,0.05555555555555555,-3.42,0,0.05555555555555555,0,-2.08,0.05555555555555555,0",-29.66,-7.9,2.09,nan,36.8
AACACCAUUAUCUGAUGCA,CCAUGCAUCAGAUAAUGGAUGCAUCAGAUAAUGGUGUUAGACAAAGCUUCAUUGUGA,0.459358687546607,0,"0.73,-0.93,-6.82,0,0,-177.04999999999998,0.2631578947368421,0,0.10526315789473684,0,0,0.0,-2.24,0.05555555555555555,0,0,0.05555555555555555,-2.11,0,0.05555555555555555,0,-2.11,0.05555555555555555,1",-29.99,-8.07,0.73,nan,36.8
CAUUAUCUGAUGCAUCCAU,AUAUGCCAUGCAUCAGAUAAUGGAUGCAUCAGAUAAUGGUGUUAGACAAAGCUUCAU,0.6152125279642058,1,"-1.46,-2.11,-10.44,0,0,-182.34999999999997,0.3684210526315789,0,0.10526315789473684,0,0,0.0,-1.1,0.05555555555555555,0,1,0.05555555555555555,-1.1,0,0.05555555555555555,0,-2.11,0.05555555555555555,0",-29.58,-3.9,-1.46,nan,36.8
UAUCUGAUGCAUCCAUUAU,UGCAUAUGCCAUGCAUCAGAUAAUGGAUGCAUCAGAUAAUGGUGUUAGACAAAGCUU,0.6025354213273677,1,"-0.23,-1.33,-7.69,1,0,-175.87999999999997,0.42105263157894735,0,0.10526315789473684,0,0,0.0,-1.1,0.1111111111111111,0,0,0.05555555555555555,-1.1,0,0.05555555555555555,0,-3.26,0.05555555555555555,0",-28.35,-6.1,-0.23,nan,31.6
CUGAUGCAUCCAUUAUCUG,UAUUGCAUAUGCCAUGCAUCAGAUAAUGGAUGCAUCAGAUAAUGGUGUUAGACAAAG,0.5995525727069352,1,"0.03,-2.08,-10.48,0,0,-187.16999999999996,0.3684210526315789,0,0.15789473684210525,0,0,0.0,-2.11,0.05555555555555555,1,1,0.05555555555555555,-2.11,0,0.05555555555555555,0,-0.93,0.05555555555555555,0",-31.01,-8.21,0.03,nan,42.1
AUCCAUUAUCUGAUGCAUG,UCUGCCUUAUUGCAUAUGCCAUGCAUCAGAUAAUGGAUGCAUCAGAUAAUGGUGUUA,0.5391498881431768,1,"1.46,-1.1,-9.38,0,0,-182.35,0.3684210526315789,0,0.15789473684210525,0,0,0.0,-2.35,0.05555555555555555,1,0,0.05555555555555555,-2.11,0,0.05555555555555555,0,-1.1,0.05555555555555555,0",-29.58,-6.09,1.46,nan,36.8
CAUUAUCUGAUGCAUGGCA,GGAUCUGCCUUAUUGCAUAUGCCAUGCAUCAGAUAAUGGAUGCAUCAGAUAAUGGUG,0.4451901565995526,0,"-0.9,-2.11,-10.44,0,0,-185.84999999999997,0.3157894736842105,0,0.21052631578947367,0,0,0.05555555555555555,-1.1,0.05555555555555555,0,1,0.0,-2.11,0,0.1111111111111111,0,-2.11,0.05555555555555555,1",-31.66,-3.9,-0.9,nan,42.1
UUAUCUGAUGCAUGGCAUA,GUGGAUCUGCCUUAUUGCAUAUGCCAUGCAUCAGAUAAUGGAUGCAUCAGAUAAUGG,0.5645041014168531,1,"0.4,-0.93,-6.82,1,0,-179.37999999999997,0.3684210526315789,1,0.21052631578947367,0,0,0.05555555555555555,-1.33,0.1111111111111111,1,0,0.0,-1.33,0,0.1111111111111111,0,-2.11,0.05555555555555555,1",-30.43,-6.33,0.4,nan,36.8
AUGCAAUAAGGCAGAUCCA,UUCCUUGUUUGGUCUGCUGUGGAUCUGCCUUAUUGCAUAUGCCAUGCAUCAGAUAAU,0.6614466815809098,1,"0.56,-1.1,-9.38,0,0,-182.56,0.15789473684210525,0,0.21052631578947367,0,0,0.05555555555555555,-2.11,0.05555555555555555,1,0,0.05555555555555555,-2.11,0,0.1111111111111111,0,-2.08,0.0,1",-32.16,-6.01,0.56,nan,42.1
GCAAUAAGGCAGAUCCACA,XCUUCCUUGUUUGGUCUGCUGUGGAUCUGCCUUAUUGCAUAUGCCAUGCAUCAGAUA,0.5130499627143922,0,"-1.76,-3.42,-14.88,0,1,-188.29999999999998,0.10526315789473684,0,0.21052631578947367,0,1,0.05555555555555555,-2.11,0.05555555555555555,0,0,0.05555555555555555,-2.11,0,0.1111111111111111,0,-1.1,0.0,1",-33.75,-4.39,-1.76,nan,47.4
CAAUAAGGCAGAUCCACAG,XXCUUCCUUGUUUGGUCUGCUGUGGAUCUGCCUUAUUGCAUAUGCCAUGCAUCAGAU,0.5891126025354214,1,"-0.03,-2.11,-10.44,0,0,-187.62,0.10526315789473684,0,0.21052631578947367,0,0,0.05555555555555555,-0.93,0.05555555555555555,0,1,0.05555555555555555,-2.08,0,0.05555555555555555,0,-2.35,0.0,0",-32.86,-5.09,-0.03,nan,47.4
CGUCCCGUAGUAGUCGUCG,AGGGCUCAGACCUCUUCUACGACGACUACUACGGGACGGCGAGGUGGAGGAGGAGGX,0.4675615212527964,0,"0.0,-2.36,-10.64,0,0,-196.39000000000004,0.2631578947368421,0,0.3157894736842105,0,0,0.0,-2.24,0.1111111111111111,0,1,0.1111111111111111,-2.36,0,0.0,1,-2.24,0.0,0",-36.94,-11.17,0.0,nan,63.2
CCCGUAGUAGUCGUCGUAG,ACGAGGGCUCAGACCUCUUCUACGACGACUACUACGGGACGGCGAGGUGGAGGAGGA,0.5145413870246085,0,"-0.73,-3.26,-13.39,0,0,-191.48000000000002,0.2631578947368421,0,0.3157894736842105,0,0,0.0,-3.26,0.16666666666666666,0,1,0.1111111111111111,-2.08,1,0.0,0,-2.24,0.0,0",-35.64,-8.97,-0.73,nan,57.9
GUAGUCGUCGUAGAAGAGG,CGCCCGACGAGGGCUCAGACCUCUUCUACGACGACUACUACGGGACGGCGAGGUGGA,0.6167039522744221,1,"0.57,-2.24,-11.4,0,1,-190.53999999999996,0.21052631578947367,0,0.42105263157894735,0,0,0.05555555555555555,-1.33,0.1111111111111111,1,0,0.0,-3.26,0,0.0,0,-2.35,0.0,0",-34.16,-7.61,0.57,nan,52.6
UAGUCGUCGUAGAAGAGGU,GCGCCCGACGAGGGCUCAGACCUCUUCUACGACGACUACUACGGGACGGCGAGGUGG,0.6659209545115585,1,"0.46,-1.33,-7.69,1,0,-183.1,0.2631578947368421,0,0.3684210526315789,0,0,0.05555555555555555,-2.08,0.1111111111111111,0,0,0.0,-2.24,0,0.0,0,-0.93,0.0,0",-33.26,-9.08,0.46,nan,47.4
GUCGUAGAAGAGGUCUGAG,CGCCGGCGCCCGACGAGGGCUCAGACCUCUUCUACGACGACUACUACGGGACGGCGA,0.2774049217002237,0,"-0.16,-2.24,-11.4,0,1,-194.16999999999996,0.21052631578947367,0,0.42105263157894735,0,0,0.05555555555555555,-2.35,0.05555555555555555,1,0,0.0,-2.08,0,0.0,0,-2.24,0.0,0",-34.77,-7.72,-0.16,nan,52.6
AGAGGUCUGAGCCCUCGUC,GACCAAGGCGCCGGCGCCCGACGAGGGCUCAGACCUCUUCUACGACGACUACUACGG,0.3855331841909023,0,"1.17,-2.08,-10.48,0,0,-206.20000000000002,0.21052631578947367,0,0.3157894736842105,0,0,0.05555555555555555,-2.35,0.0,0,0,0.1111111111111111,-2.35,0,0.05555555555555555,0,-3.26,0.0,0",-39.76,-9.82,1.17,nan,63.2
GUCUGAGCCCUCGUCGGGC,UGAAGACCAAGGCGCCGGCGCCCGACGAGGGCUCAGACCUCUUCUACGACGACUACU,0.2505592841163311,0,"0.73,-2.24,-11.4,0,1,-215.43,0.21052631578947367,0,0.3684210526315789,0,0,0.1111111111111111,-2.35,0.0,1,0,0.1111111111111111,-3.42,0,0.1111111111111111,0,-2.24,0.0,0",-42.74,-9.85,0.73,nan,73.7
GUCGGGCGCCGGCGCCUUG,CCGAGUACUGCGUGAAGACCAAGGCGCCGGCGCCCGACGAGGGCUCAGACCUCUUCU,0.1998508575689783,0,"-0.13,-2.24,-11.4,0,1,-216.99999999999997,0.15789473684210525,0,0.47368421052631576,0,0,0.16666666666666666,-2.35,0.0,1,0,0.1111111111111111,-2.11,0,0.2222222222222222,0,-2.36,0.05555555555555555,0",-45.04,-12.47,-0.13,nan,84.2
GCGCCGGCGCCUUGGUCUU,GCUGGCCGAGUACUGCGUGAAGACCAAGGCGCCGGCGCCCGACGAGGGCUCAGACCU,0.1901565995525727,0,"-2.49,-3.42,-14.88,0,1,-206.54999999999995,0.2631578947368421,0,0.3684210526315789,0,1,0.1111111111111111,-2.36,0.0,0,0,0.1111111111111111,-0.93,0,0.2222222222222222,0,-2.11,0.1111111111111111,0",-41.98,-13.99,-2.49,nan,73.7
UGGUCUUCACGCAGUACUC,GGUGCCCACCACGCUGGCCGAGUACUGCGUGAAGACCAAGGCGCCGGCGCCCGACGA,0.5495898583146905,1,"1.14,-2.11,-10.44,1,0,-191.76999999999998,0.3157894736842105,0,0.21052631578947367,0,0,0.05555555555555555,-3.26,0.05555555555555555,0,0,0.0,-2.35,0,0.05555555555555555,0,-2.08,0.05555555555555555,0",-35.34,-9.12,1.14,nan,52.6
GUCUUCACGCAGUACUCGG,AAGGUGCCCACCACGCUGGCCGAGUACUGCGUGAAGACCAAGGCGCCGGCGCCCGAC,0.4399701715137956,0,"0.57,-2.24,-11.4,0,1,-195.69,0.2631578947368421,0,0.2631578947368421,0,0,0.05555555555555555,-2.35,0.05555555555555555,1,0,0.0,-3.26,0,0.05555555555555555,0,-1.33,0.05555555555555555,0",-36.04,-7.52,0.57,nan,57.9
UUCACGCAGUACUCGGCCA,GUGAAGGUGCCCACCACGCUGGCCGAGUACUGCGUGAAGACCAAGGCGCCGGCGCCC,0.4862043251304996,0,"0.73,-0.93,-6.82,1,0,-192.64,0.21052631578947367,1,0.21052631578947367,0,0,0.05555555555555555,-2.35,0.05555555555555555,1,0,0.05555555555555555,-2.11,0,0.1111111111111111,0,-2.35,0.05555555555555555,1",-37.26,-9.6,0.73,nan,57.9
CGCAGUACUCGGCCAGCGU,CGGCGUGAAGGUGCCCACCACGCUGGCCGAGUACUGCGUGAAGACCAAGGCGCCGGC,0.3907531692766592,0,"-0.57,-2.36,-10.64,0,0,-202.66,0.15789473684210525,0,0.3157894736842105,0,0,0.05555555555555555,-3.42,0.05555555555555555,0,1,0.05555555555555555,-2.24,0,0.16666666666666666,1,-3.26,0.0,0",-40.18,-9.33,-0.57,nan,68.4
GUCACGCUCCGCGUCCACC,AGCAGGUCCUGGGGACCAAGGUGGACGCGGAGCGUGACGGCGUGAAGGUGCCCACCA,0.3982102908277405,0,"0.57,-2.24,-11.4,0,1,-212.52000000000004,0.15789473684210525,0,0.21052631578947367,0,0,0.0,-2.35,0.0,1,0,0.16666666666666666,-3.26,0,0.1111111111111111,0,-2.24,0.0,0",-41.92,-9.57,0.57,nan,73.7
CCUUGGUCCCCAGGACCUG,CACAGACAUCAUCCGGAAGCAGGUCCUGGGGACCAAGGUGGACGCGGAGCGUGACGG,0.3206562266964951,0,"-0.7,-3.26,-13.39,0,0,-207.38000000000002,0.21052631578947367,0,0.2631578947368421,0,0,0.1111111111111111,-2.08,0.0,0,1,0.2777777777777778,-2.11,1,0.0,0,-3.26,0.05555555555555555,0",-41.41,-8.88,-0.7,nan,68.4
GUCCCCAGGACCUGCUUCC,GAGUACACAGACAUCAUCCGGAAGCAGGUCCUGGGGACCAAGGUGGACGCGGAGCGU,0.4354958985831468,0,"0.57,-2.24,-11.4,0,1,-210.86999999999995,0.21052631578947367,0,0.21052631578947367,0,0,0.05555555555555555,-2.35,0.0,1,0,0.2777777777777778,-3.26,0,0.05555555555555555,0,-2.11,0.05555555555555555,0",-41.81,-11.78,0.57,nan,68.4
GCUUCCGGAUGAUGUCUGU,GGGGAAGGAUCGGGAGUACACAGACAUCAUCCGGAAGCAGGUCCUGGGGACCAAGGU,0.2602535421327367,0,"-1.63,-3.42,-14.88,0,1,-195.39,0.3684210526315789,0,0.3157894736842105,0,1,0.05555555555555555,-2.08,0.0,0,0,0.05555555555555555,-2.24,0,0.05555555555555555,0,-2.11,0.05555555555555555,0",-35.26,-10.15,-1.63,nan,52.6
GAUGAUGUCUGUGUACUCC,AGAGCAAGGGGAAGGAUCGGGAGUACACAGACAUCAUCCGGAAGCAGGUCCUGGGGA,0.5712155108128263,1,"0.46,-2.35,-12.44,0,1,-194.31,0.3684210526315789,0,0.2631578947368421,0,0,0.0,-1.1,0.05555555555555555,0,0,0.05555555555555555,-3.26,0,0.0,0,-2.24,0.0,0",-33.66,-6.02,0.46,nan,47.4
UGUGUACUCCCGAUCCUUC,AGUGGAAAGAGAGCAAGGGGAAGGAUCGGGAGUACACAGACAUCAUCCGGAAGCAGG,0.5540641312453393,1,"1.14,-2.11,-10.44,1,0,-193.17,0.3684210526315789,0,0.15789473684210525,0,0,0.0,-2.24,0.05555555555555555,0,0,0.16666666666666666,-2.35,0,0.0,0,-1.1,0.05555555555555555,0",-35.46,-7.7,1.14,nan,52.6
GUGUACUCCCGAUCCUUCC,AAGUGGAAAGAGAGCAAGGGGAAGGAUCGGGAGUACACAGACAUCAUCCGGAAGCAG,0.4213273676360924,0,"0.57,-2.24,-11.4,0,1,-199.83999999999997,0.3157894736842105,0,0.15789473684210525,0,0,0.0,-2.11,0.05555555555555555,1,0,0.2222222222222222,-3.26,0,0.0,0,-2.35,0.05555555555555555,0",-37.06,-7.81,0.57,nan,57.9
CCCGAUCCUUCCCCUUGCU,GUACAGGAAGUGGAAAGAGAGCAAGGGGAAGGAUCGGGAGUACACAGACAUCAUCCG,0.3072334079045488,0,"-1.63,-3.26,-13.39,0,0,-200.75,0.3157894736842105,0,0.10526315789473684,0,0,0.0,-3.26,0.0,0,1,0.3333333333333333,-2.08,1,0.05555555555555555,0,-3.26,0.1111111111111111,0",-39.16,-10.59,-1.63,nan,63.2
UUUCCACUUCCUGUACAUC,CAAACGUGGACGCCUCCGUGAUGUACAGGAAGUGGAAAGAGAGCAAGGGGAAGGAUC,0.6181953765846383,1,"1.87,-0.93,-6.82,1,0,-180.78,0.42105263157894735,1,0.05263157894736842,0,0,0.0,-0.93,0.05555555555555555,1,0,0.1111111111111111,-2.35,0,0.0,0,-2.24,0.16666666666666666,0",-31.46,-7.98,1.87,nan,42.1
CCUGUACAUCACGGAGGCG,UCUCGCCCGCAAACGUGGACGCCUCCGUGAUGUACAGGAAGUGGAAAGAGAGCAAGG,0.2714392244593587,0,"-0.9,-3.26,-13.39,0,0,-201.14999999999998,0.15789473684210525,0,0.3157894736842105,0,0,0.1111111111111111,-2.08,0.05555555555555555,0,1,0.05555555555555555,-2.36,1,0.05555555555555555,0,-3.26,0.0,0",-38.17,-7.57,-0.9,nan,63.2
CAUCACGGAGGCGUCCACG,ACACCUUCUCGCCCGCAAACGUGGACGCCUCCGUGAUGUACAGGAAGUGGAAAGAGA,0.5920954511558538,1,"-0.2,-2.11,-10.44,0,0,-206.06,0.10526315789473684,0,0.3157894736842105,0,0,0.1111111111111111,-1.1,0.0,0,1,0.05555555555555555,-2.36,0,0.05555555555555555,0,-2.24,0.0,0",-39.47,-8.88,-0.2,nan,68.4
UCACGGAGGCGUCCACGUU,CAACACCUUCUCGCCCGCAAACGUGGACGCCUCCGUGAUGUACAGGAAGUGGAAAGA,0.4116331096196868,0,"-0.97,-2.35,-12.44,1,0,-197.02,0.21052631578947367,0,0.3157894736842105,0,0,0.1111111111111111,-2.11,0.0,0,0,0.05555555555555555,-0.93,0,0.05555555555555555,0,-3.26,0.05555555555555555,0",-38.53,-10.31,-0.97,nan,63.2
CGGGCGAGAAGGUGUUGGG,GAUCUCCCUCCUGAACGAGCCCAACACCUUCUCGCCCGCAAACGUGGACGCCUCCGU,0.3422818791946309,0,"0.9,-2.36,-10.64,0,0,-202.66000000000003,0.15789473684210525,0,0.5789473684210527,0,0,0.2777777777777778,-3.26,0.0,0,1,0.0,-3.26,0,0.05555555555555555,1,-2.11,0.05555555555555555,0",-39.77,-12.64,0.9,nan,68.4
GUUGGGCUCGUUCAGGAGG,UUCUCCUGAGUGUGAUCUCCCUCCUGAACGAGCCCAACACCUUCUCGCCCGCAAACG,0.5085756897837436,0,"0.57,-2.24,-11.4,0,1,-201.55,0.2631578947368421,0,0.47368421052631576,0,0,0.2222222222222222,-0.93,0.0,1,0,0.0,-3.26,0,0.05555555555555555,0,-2.11,0.1111111111111111,0",-38.58,-10.07,0.57,nan,63.2
UCGUUCAGGAGGGAGAUCA,AGGACCAUUCUCCUGAGUGUGAUCUCCCUCCUGAACGAGCCCAACACCUUCUCGCCC,0.5219985085756897,1,"-0.24,-2.35,-12.44,1,0,-194.32,0.21052631578947367,0,0.3684210526315789,0,0,0.16666666666666666,-2.36,0.0,0,0,0.0,-2.11,0,0.0,0,-2.35,0.05555555555555555,1",-35.98,-7.98,-0.24,nan,52.6
GGAGGGAGAUCACACUCAG,GAACGUCAGGACCAUUCUCCUGAGUGUGAUCUCCCUCCUGAACGAGCCCAACACCUU,0.1730052199850857,0,"-0.73,-3.26,-13.39,0,1,-204.17999999999998,0.10526315789473684,0,0.3684210526315789,1,0,0.16666666666666666,-2.35,0.0,0,0,0.0,-2.08,0,0.0,0,-2.11,0.0,0",-37.67,-11.29,-0.73,nan,57.9
GAGGGAGAUCACACUCAGG,AGAACGUCAGGACCAUUCUCCUGAGUGUGAUCUCCCUCCUGAACGAGCCCAACACCU,0.4354958985831468,0,"0.46,-2.35,-12.44,0,1,-204.18,0.10526315789473684,0,0.3684210526315789,0,0,0.16666666666666666,-2.08,0.0,0,0,0.0,-3.26,0,0.0,0,-2.24,0.0,0",-37.67,-10.39,0.46,nan,57.9
GGGAGAUCACACUCAGGAG,GCAGAACGUCAGGACCAUUCUCCUGAGUGUGAUCUCCCUCCUGAACGAGCCCAACAC,0.3154362416107382,0,"-0.73,-3.26,-13.39,0,1,-204.17999999999998,0.10526315789473684,0,0.3684210526315789,1,0,0.16666666666666666,-3.26,0.0,0,0,0.0,-2.08,0,0.0,0,-2.35,0.0,0",-37.67,-9.4,-0.73,nan,57.9
UCACACUCAGGAGAAUGGU,CCCCACGCAGAACGUCAGGACCAUUCUCCUGAGUGUGAUCUCCCUCCUGAACGAGCC,0.6062639821029082,1,"-0.11,-2.35,-12.44,1,0,-189.09,0.21052631578947367,0,0.2631578947368421,0,0,0.1111111111111111,-2.11,0.0,0,0,0.0,-2.24,0,0.0,0,-2.35,0.0,0",-34.36,-9.04,-0.11,nan,47.4
CACACUCAGGAGAAUGGUC,ACCCCACGCAGAACGUCAGGACCAUUCUCCUGAGUGUGAUCUCCCUCCUGAACGAGC,0.3348247576435496,0,"0.24,-2.11,-10.44,0,0,-196.53,0.15789473684210525,0,0.2631578947368421,0,0,0.1111111111111111,-2.24,0.0,0,1,0.0,-2.35,0,0.0,0,-0.93,0.0,0",-35.26,-8.14,0.24,nan,52.6
CAGGAGAAUGGUCCUGACG,GGUGGAACCCCACGCAGAACGUCAGGACCAUUCUCCUGAGUGUGAUCUCCCUCCUGA,0.5376584638329605,1,"-0.2,-2.11,-10.44,0,0,-198.71999999999997,0.15789473684210525,0,0.3684210526315789,0,0,0.1111111111111111,-2.08,0.0,0,1,0.05555555555555555,-2.36,0,0.0,0,-3.26,0.0,0",-36.53,-8.06,-0.2,nan,57.9
AGGAGAAUGGUCCUGACGU,AGGUGGAACCCCACGCAGAACGUCAGGACCAUUCUCCUGAGUGUGAUCUCCCUCCUG,0.5384041759880686,1,"0.16,-2.08,-10.48,0,0,-192.23999999999998,0.21052631578947367,0,0.3684210526315789,0,0,0.1111111111111111,-3.26,0.0,0,0,0.05555555555555555,-2.24,0,0.0,0,-2.08,0.0,0",-35.76,-7.53,0.16,nan,52.6
CUGACGUUCUGCGUGGGGU,CUGCCCUCAGAGAGGUGGAACCCCACGCAGAACGUCAGGACCAUUCUCCUGAGUGUG,0.4310216256524981,0,"-0.74,-2.08,-10.48,0,0,-198.57999999999996,0.3157894736842105,0,0.42105263157894735,0,0,0.16666666666666666,-2.11,0.0,1,1,0.0,-2.24,0,0.05555555555555555,0,-2.24,0.05555555555555555,0",-38.46,-7.24,-0.74,nan,63.2
UCUGCGUGGGGUUCCACCU,CGGGGAGCUGCCCUCAGAGAGGUGGAACCCCACGCAGAACGUCAGGACCAUUCUCCU,0.5413870246085011,1,"-0.27,-2.35,-12.44,1,0,-199.6,0.3157894736842105,0,0.3157894736842105,0,0,0.16666666666666666,-2.08,0.0,0,0,0.1111111111111111,-2.08,0,0.05555555555555555,0,-2.35,0.05555555555555555,0",-39.93,-10.23,-0.27,nan,63.2
CCACCUCUCUGAGGGCAGC,ACGACCCCCAGAGCGGGGAGCUGCCCUCAGAGAGGUGGAACCCCACGCAGAACGUCA,0.2930648769574944,0,"0.16,-3.26,-13.39,0,0,-212.14999999999995,0.15789473684210525,0,0.2631578947368421,0,0,0.1111111111111111,-2.11,0.0,0,1,0.1111111111111111,-3.42,1,0.1111111111111111,0,-3.26,0.0,0",-41.81,-9.58,0.16,nan,68.4
GGUCGUCCACCGGCGGGUG,CGUGUGUAUCUCCAUCCUCCACCCGCCGGUGGACGACCCCCAGAGCGGGGAGCUGCC,0.1894108873974646,0,"-0.7,-3.26,-13.39,0,1,-214.88999999999996,0.15789473684210525,0,0.47368421052631576,1,0,0.2222222222222222,-2.24,0.0,0,0,0.1111111111111111,-2.11,0,0.05555555555555555,0,-3.42,0.0,0",-43.85,-10.71,-0.7,nan,78.9
GUCGUCCACCGGCGGGUGG,ACGUGUGUAUCUCCAUCCUCCACCCGCCGGUGGACGACCCCCAGAGCGGGGAGCUGC,0.3296047725577927,0,"0.57,-2.24,-11.4,0,1,-214.89,0.15789473684210525,0,0.47368421052631576,0,0,0.2222222222222222,-2.35,0.0,1,0,0.1111111111111111,-3.26,0,0.05555555555555555,0,-2.36,0.0,0",-43.85,-9.68,0.57,nan,78.9
CGUAGAUGUUAGGGUGCCA,UCGGUUCCUGACCAAGAUGUGGCACCCUAACAUCUACGAGACGGGGGACGUGUGUAU,0.1871737509321402,0,"-0.7,-2.36,-10.64,0,0,-188.86,0.2631578947368421,0,0.3684210526315789,0,0,0.1111111111111111,-2.24,0.1111111111111111,0,1,0.05555555555555555,-2.11,0,0.05555555555555555,1,-3.26,0.05555555555555555,1",-35.27,-7.12,-0.7,nan,52.6
UGUUAGGGUGCCACAUCUU,AGCCUUUCGGUUCCUGACCAAGAUGUGGCACCCUAACAUCUACGAGACGGGGGACGU,0.273676360924683,0,"-0.73,-2.11,-10.44,1,0,-184.06999999999996,0.3684210526315789,0,0.2631578947368421,0,0,0.1111111111111111,-2.24,0.05555555555555555,0,0,0.05555555555555555,-0.93,0,0.05555555555555555,0,-2.24,0.1111111111111111,0",-34.17,-9.01,-0.73,nan,47.4
GUGGAGAGUAUGGGUAGUC,GCGCCUCAAGUUCCCCAUCGACUACCCAUACUCUCCACCAGCCUUUCGGUUCCUGAC,0.4914243102162565,0,"0.11,-2.24,-11.4,0,1,-196.55999999999997,0.2631578947368421,0,0.47368421052631576,0,0,0.16666666666666666,-2.11,0.1111111111111111,1,0,0.0,-2.35,0,0.0,0,-3.26,0.0,0",-35.92,-9.69,0.11,nan,52.6
GUAUGGGUAGUCGAUGGGG,UCAAGGCGCGCCUCAAGUUCCCCAUCGACUACCCAUACUCUCCACCAGCCUUUCGGU,0.3348247576435496,0,"0.57,-2.24,-11.4,0,1,-198.56,0.2631578947368421,0,0.5263157894736842,0,0,0.2777777777777778,-1.33,0.1111111111111111,1,0,0.0,-3.26,0,0.0,0,-2.35,0.0,0",-37.15,-8.31,0.57,nan,57.9
GAUGGGGAACUUGAGGCGC,AGGGCGGCUACUUCAAGGCGCGCCUCAAGUUCCCCAUCGACUACCCAUACUCUCCAC,0.4325130499627144,0,"0.62,-2.35,-12.44,0,1,-203.92999999999995,0.15789473684210525,0,0.47368421052631576,0,0,0.2222222222222222,-1.1,0.0,0,0,0.0,-3.42,0,0.1111111111111111,0,-2.35,0.05555555555555555,0",-38.78,-10.35,0.62,nan,63.2
AUGGGGAACUUGAGGCGCG,GAGGGCGGCUACUUCAAGGCGCGCCUCAAGUUCCCCAUCGACUACCCAUACUCUCCA,0.3810589112602535,0,"1.26,-1.1,-9.38,0,0,-198.40999999999997,0.15789473684210525,0,0.47368421052631576,0,0,0.2222222222222222,-2.11,0.0,1,0,0.0,-2.36,0,0.1111111111111111,0,-2.08,0.05555555555555555,0",-38.34,-10.18,1.26,nan,63.2
CGCCUUGAAGUAGCCGCCC,CCCCCAACACCUACUACGAGGGCGGCUACUUCAAGGCGCGCCUCAAGUUCCCCAUCG,0.2222222222222222,0,"0.9,-2.36,-10.64,0,0,-202.91999999999996,0.15789473684210525,0,0.2631578947368421,0,0,0.0,-3.42,0.05555555555555555,0,1,0.2222222222222222,-3.26,0,0.16666666666666666,1,-3.42,0.05555555555555555,0",-40.06,-9.61,0.9,nan,68.4
GAAGUAGCCGCCCUCGUAG,UCGGGCCCCCCAACACCUACUACGAGGGCGGCUACUUCAAGGCGCGCCUCAAGUUCC,0.4459358687546607,0,"-0.27,-2.35,-12.44,0,1,-199.39999999999998,0.15789473684210525,0,0.3157894736842105,0,0,0.0,-0.93,0.1111111111111111,0,0,0.16666666666666666,-2.08,0,0.1111111111111111,0,-2.08,0.0,0",-38.34,-7.54,-0.27,nan,63.2
AAGUAGCCGCCCUCGUAGU,UUCGGGCCCCCCAACACCUACUACGAGGGCGGCUACUUCAAGGCGCGCCUCAAGUUC,0.5495898583146905,1,"0.86,-0.93,-6.82,0,0,-190.92,0.21052631578947367,0,0.2631578947368421,0,0,0.0,-2.08,0.1111111111111111,0,0,0.16666666666666666,-2.24,0,0.1111111111111111,0,-2.35,0.0,0",-37.33,-9.87,0.86,nan,57.9
CCUCCCAGUUGUAUAGAUC,GACACUGGUGGACGAGGGCGAUCUAUACAACUGGGAGGUGGCCAUCUUCGGGCCCCC,0.3109619686800894,0,"-0.46,-3.26,-13.39,0,0,-189.95999999999998,0.3157894736842105,0,0.15789473684210525,0,0,0.0,-2.08,0.1111111111111111,0,1,0.16666666666666666,-2.35,1,0.0,0,-1.1,0.05555555555555555,0",-33.47,-11.05,-0.46,nan,47.4
UCCCAGUUGUAUAGAUCGC,GUGACACUGGUGGACGAGGGCGAUCUAUACAACUGGGAGGUGGCCAUCUUCGGGCCC,0.5518269947800151,1,"1.52,-2.35,-12.44,1,0,-187.89,0.3157894736842105,0,0.21052631578947367,0,0,0.0,-3.26,0.1111111111111111,0,0,0.1111111111111111,-3.42,0,0.05555555555555555,0,-2.08,0.05555555555555555,0",-33.46,-9.34,1.52,nan,47.4
GUUGUAUAGAUCGCCCUCG,UCCGCGUGACACUGGUGGACGAGGGCGAUCUAUACAACUGGGAGGUGGCCAUCUUCG,0.5421327367636093,1,"-0.33,-2.24,-11.4,0,1,-191.81,0.3157894736842105,0,0.2631578947368421,0,0,0.0,-0.93,0.1111111111111111,1,0,0.1111111111111111,-2.36,0,0.05555555555555555,0,-3.42,0.05555555555555555,0",-34.16,-4.05,-0.33,nan,52.6
UGUAUAGAUCGCCCUCGUC,AUUCCGCGUGACACUGGUGGACGAGGGCGAUCUAUACAACUGGGAGGUGGCCAUCUU,0.4794929157345265,0,"1.14,-2.11,-10.44,1,0,-193.71,0.3157894736842105,0,0.21052631578947367,0,0,0.0,-2.24,0.1111111111111111,0,0,0.1111111111111111,-2.35,0,0.05555555555555555,0,-3.26,0.0,0",-35.13,-5.89,1.14,nan,52.6
UCGCCCUCGUCCACCAGUG,GUCGAGGGAUUCCGCGUGACACUGGUGGACGAGGGCGAUCUAUACAACUGGGAGGUG,0.5630126771066368,1,"0.66,-2.35,-12.44,1,0,-206.19,0.21052631578947367,0,0.21052631578947367,0,0,0.0,-2.36,0.0,0,0,0.2222222222222222,-2.11,0,0.05555555555555555,0,-2.24,0.0,0",-40.9,-12.64,0.66,nan,68.4
CGUCCACCAGUGUCACGCG,AGAGCCGGUCGAGGGAUUCCGCGUGACACUGGUGGACGAGGGCGAUCUAUACAACUG,0.5018642803877703,0,"0.0,-2.36,-10.64,0,0,-204.08999999999997,0.15789473684210525,0,0.2631578947368421,0,0,0.0,-2.24,0.0,0,1,0.1111111111111111,-2.36,0,0.05555555555555555,1,-2.35,0.0,0",-39.35,-11.37,0.0,nan,68.4
CCCUCGACCGGCUCUUCCU,XXXXXXXXCAAGGGGCUGCAGGAAGAGCCGGUCGAGGGAUUCCGCGUGACACUGGUG,0.3303504847129008,0,"-1.63,-3.26,-13.39,0,0,-205.67999999999998,0.2631578947368421,0,0.15789473684210525,0,0,0.05555555555555555,-3.26,0.0,0,1,0.2222222222222222,-2.08,1,0.05555555555555555,0,-2.35,0.05555555555555555,0",-40.79,-10.55,-1.63,nan,68.4
CGGCUCUUCCUGCAGCCCC,XXXXXXXXXXXXXXXXCAAGGGGCUGCAGGAAGAGCCGGUCGAGGGAUUCCGCGUGA,0.354958985831469,0,"0.9,-2.36,-10.64,0,0,-213.11999999999995,0.21052631578947367,0,0.21052631578947367,0,0,0.05555555555555555,-3.26,0.0,0,1,0.2222222222222222,-3.26,0,0.16666666666666666,1,-2.11,0.05555555555555555,0",-43.0,-9.58,0.9,nan,73.7
GUCUGUUUUAUAGAUCCGU,CCCUAGUGCCAGAGAUUGCACGGAUCUAUAAAACAGACAGAGXXXXXXXXXXXXXXX,0.5093214019388517,0,"-0.9,-2.24,-11.4,0,1,-174.22,0.47368421052631576,0,0.21052631578947367,0,0,0.0,-2.35,0.1111111111111111,1,0,0.05555555555555555,-2.24,0,0.0,0,-2.35,0.16666666666666666,0",-28.77,-5.65,-0.9,nan,36.8
UUUAUAGAUCCGUGCAAUC,AUGACCCCCUAGUGCCAGAGAUUGCACGGAUCUAUAAAACAGACAGAGXXXXXXXXX,0.6890380313199106,1,"1.87,-0.93,-6.82,1,0,-175.64,0.3684210526315789,1,0.15789473684210525,0,0,0.0,-0.93,0.1111111111111111,1,0,0.05555555555555555,-2.35,0,0.05555555555555555,0,-2.11,0.1111111111111111,0",-28.84,-4.13,1.87,nan,36.8
AGAUCCGUGCAAUCUCUGG,CCCAGAUGACCCCCUAGUGCCAGAGAUUGCACGGAUCUAUAAAACAGACAGAGXXXX,0.6114839671886652,1,"1.63,-2.08,-10.48,0,0,-194.46999999999997,0.2631578947368421,0,0.2631578947368421,0,0,0.05555555555555555,-2.35,0.0,0,0,0.05555555555555555,-3.26,0,0.05555555555555555,0,-2.35,0.0,0",-35.1,-9.12,1.63,nan,52.6
CGUGCAAUCUCUGGCACUA,CCAAACCCAGAUGACCCCCUAGUGCCAGAGAUUGCACGGAUCUAUAAAACAGACAGA,0.465324384787472,0,"-1.03,-2.36,-10.64,0,0,-191.23,0.2631578947368421,0,0.21052631578947367,0,0,0.05555555555555555,-2.24,0.05555555555555555,0,1,0.0,-1.33,0,0.1111111111111111,1,-3.26,0.0,1",-35.14,-7.37,-1.03,nan,52.6
UGCAAUCUCUGGCACUAGG,AUCCAAACCCAGAUGACCCCCUAGUGCCAGAGAUUGCACGGAUCUAUAAAACAGACA,0.6428038777032066,1,"1.6,-2.11,-10.44,1,0,-193.06,0.2631578947368421,0,0.2631578947368421,0,0,0.1111111111111111,-3.42,0.05555555555555555,0,0,0.0,-3.26,0,0.1111111111111111,0,-2.11,0.0,0",-35.88,-7.45,1.6,nan,52.6
GGGUCAUCUGGGUUUGGAU,AUUUGUUCACUGCUAUGUGAUCCAAACCCAGAUGACCCCCUAGUGCCAGAGAUUGCA,0.3318419090231171,0,"-2.16,-3.26,-13.39,0,1,-193.94,0.3684210526315789,0,0.42105263157894735,1,0,0.2777777777777778,-3.26,0.0,0,0,0.0,-1.1,0,0.0,0,-0.93,0.1111111111111111,0",-35.76,-9.32,-2.16,nan,52.6
GGUCAUCUGGGUUUGGAUC,CAUUUGUUCACUGCUAUGUGAUCCAAACCCAGAUGACCCCCUAGUGCCAGAGAUUGC,0.4213273676360924,0,"-0.46,-3.26,-13.39,0,1,-196.70999999999998,0.3684210526315789,0,0.3684210526315789,1,0,0.2222222222222222,-2.24,0.0,0,0,0.0,-2.35,0,0.0,0,-0.93,0.1111111111111111,0",-35.3,-7.69,-0.46,nan,52.6
CUGGGUUUGGAUCACAUAG,UUUAUCCAUUUGUUCACUGCUAUGUGAUCCAAACCCAGAUGACCCCCUAGUGCCAGA,0.7143922445935869,1,"0.0,-2.08,-10.48,0,0,-187.04999999999998,0.3157894736842105,0,0.3157894736842105,0,0,0.16666666666666666,-2.11,0.05555555555555555,1,1,0.0,-2.08,0,0.0,0,-2.11,0.1111111111111111,0",-32.86,-7.74,0.0,nan,47.4
GGGUUUGGAUCACAUAGCA,CUUUUAUCCAUUUGUUCACUGCUAUGUGAUCCAAACCCAGAUGACCCCCUAGUGCCA,0.3146905294556301,0,"-1.6,-3.26,-13.39,0,1,-187.72999999999996,0.2631578947368421,0,0.3157894736842105,1,0,0.16666666666666666,-3.26,0.05555555555555555,0,0,0.0,-2.11,0,0.05555555555555555,0,-2.11,0.1111111111111111,1",-33.75,-8.64,-1.6,nan,47.4
UUGGAUCACAUAGCAGUGA,AGUUCUUUUAUCCAUUUGUUCACUGCUAUGUGAUCCAAACCCAGAUGACCCCCUAGU,0.7099179716629381,1,"0.97,-0.93,-6.82,1,0,-183.76999999999998,0.2631578947368421,1,0.2631578947368421,0,0,0.05555555555555555,-2.11,0.05555555555555555,1,0,0.0,-2.35,0,0.05555555555555555,0,-3.42,0.05555555555555555,1",-32.39,-8.29,0.97,nan,42.1
CAUAGCAGUGAACAAAUGG,AUUUCUAAAGUUCUUUUAUCCAUUUGUUCACUGCUAUGUGAUCCAAACCCAGAUGAC,0.7046979865771812,1,"0.7,-2.11,-10.44,0,0,-179.96999999999997,0.15789473684210525,0,0.2631578947368421,0,0,0.05555555555555555,-1.1,0.05555555555555555,0,1,0.0,-3.26,0,0.05555555555555555,0,-2.11,0.0,0",-30.45,-7.58,0.7,nan,42.1
AUAGCAGUGAACAAAUGGA,AAUUUCUAAAGUUCUUUUAUCCAUUUGUUCACUGCUAUGUGAUCCAAACCCAGAUGA,0.7337807606263982,1,"0.8,-1.1,-9.38,0,0,-174.52999999999997,0.15789473684210525,0,0.2631578947368421,0,0,0.05555555555555555,-1.33,0.05555555555555555,1,0,0.0,-2.35,0,0.05555555555555555,0,-0.93,0.0,1",-29.79,-8.27,0.8,nan,36.8
UAGCAGUGAACAAAUGGAU,CAAUUUCUAAAGUUCUUUUAUCCAUUUGUUCACUGCUAUGUGAUCCAAACCCAGAUG,0.7166293810589113,1,"-0.23,-1.33,-7.69,1,0,-174.52999999999997,0.21052631578947367,0,0.2631578947368421,0,0,0.05555555555555555,-2.08,0.05555555555555555,0,0,0.0,-1.1,0,0.05555555555555555,0,-0.93,0.0,0",-29.79,-9.5,-0.23,nan,36.8
GCAGUGAACAAAUGGAUAA,AACAAUUUCUAAAGUUCUUUUAUCCAUUUGUUCACUGCUAUGUGAUCCAAACCCAGA,0.1759880686055182,0,"-2.49,-3.42,-14.88,0,1,-174.58999999999997,0.15789473684210525,0,0.2631578947368421,0,1,0.05555555555555555,-2.11,0.05555555555555555,0,0,0.0,-0.93,0,0.05555555555555555,0,-2.11,0.0,1",-29.09,-7.28,-2.49,nan,36.8
GUGAACAAAUGGAUAAAAG,UUUAACAAUUUCUAAAGUUCUUUUAUCCAUUUGUUCACUGCUAUGUGAUCCAAACCC,0.2013422818791946,0,"-0.16,-2.24,-11.4,0,1,-166.62999999999997,0.15789473684210525,0,0.2631578947368421,0,0,0.05555555555555555,-2.11,0.05555555555555555,1,0,0.0,-2.08,0,0.0,0,-1.1,0.0,0",-25.87,-5.68,-0.16,nan,31.6
UGGAUAAAAGAACUUUAGA,GUCGCCUGCUUUAACAAUUUCUAAAGUUCUUUUAUCCAUUUGUUCACUGCUAUGUGA,0.4787472035794183,0,"0.24,-2.11,-10.44,1,0,-158.62,0.2631578947368421,0,0.21052631578947367,0,0,0.05555555555555555,-3.26,0.1111111111111111,0,0,0.0,-2.35,0,0.0,0,-2.08,0.1111111111111111,1",-25.25,-5.36,0.24,nan,26.3
GAUAAAAGAACUUUAGAAA,UGGUCGCCUGCUUUAACAAUUUCUAAAGUUCUUUUAUCCAUUUGUUCACUGCUAUGU,0.2281879194630872,0,"-1.87,-2.35,-12.44,0,1,-152.15,0.21052631578947367,0,0.15789473684210525,0,0,0.0,-1.1,0.1111111111111111,0,0,0.0,-0.93,0,0.0,0,-0.93,0.1111111111111111,1",-22.19,-2.76,-1.87,nan,21.1
AAAAGAACUUUAGAAAUUG,CAGUGGUCGCCUGCUUUAACAAUUUCUAAAGUUCUUUUAUCCAUUUGUUCACUGCUA,0.6010439970171514,1,"1.63,-0.93,-6.82,0,0,-149.27999999999997,0.2631578947368421,0,0.15789473684210525,0,0,0.0,-0.93,0.05555555555555555,0,0,0.0,-2.11,0,0.0,0,-2.35,0.16666666666666666,0",-21.55,-4.92,1.63,nan,21.1
UUUAGAAAUUGUUAAAGCA,UAAGAUCACAGUGGUCGCCUGCUUUAACAAUUUCUAAAGUUCUUUUAUCCAUUUGUU,0.6860551826994781,1,"0.73,-0.93,-6.82,1,0,-148.83,0.3684210526315789,1,0.15789473684210525,0,0,0.0,-0.93,0.1111111111111111,1,0,0.0,-2.11,0,0.05555555555555555,0,-1.33,0.2222222222222222,1",-22.6,-3.56,0.73,nan,21.1
UUAGAAAUUGUUAAAGCAG,CUAAGAUCACAGUGGUCGCCUGCUUUAACAAUUUCUAAAGUUCUUUUAUCCAUUUGU,0.6689038031319909,1,"1.6,-0.93,-6.82,1,0,-156.21,0.3157894736842105,1,0.21052631578947367,0,0,0.0,-1.33,0.1111111111111111,1,0,0.0,-2.08,0,0.05555555555555555,0,-0.93,0.16666666666666666,0",-24.2,-3.73,1.6,nan,26.3
AUUGUUAAAGCAGGCGACC,GAUAUUCUAAGAUCACAGUGGUCGCCUGCUUUAACAAUUUCUAAAGUUCUUUUAUCC,0.6301267710663684,1,"2.16,-1.1,-9.38,0,0,-181.28000000000003,0.21052631578947367,0,0.2631578947368421,0,0,0.05555555555555555,-0.93,0.05555555555555555,1,0,0.05555555555555555,-3.26,0,0.1111111111111111,0,-3.26,0.1111111111111111,0",-32.54,-3.48,2.16,nan,47.4
UUGUUAAAGCAGGCGACCA,CGAUAUUCUAAGAUCACAGUGGUCGCCUGCUUUAACAAUUUCUAAAGUUCUUUUAUC,0.6733780760626399,1,"0.73,-0.93,-6.82,1,0,-178.62,0.21052631578947367,1,0.2631578947368421,0,0,0.05555555555555555,-2.11,0.05555555555555555,1,0,0.05555555555555555,-2.11,0,0.1111111111111111,0,-3.42,0.1111111111111111,1",-33.1,-3.48,0.73,nan,47.4
UGUUAAAGCAGGCGACCAC,UCGAUAUUCUAAGAUCACAGUGGUCGCCUGCUUUAACAAUUUCUAAAGUUCUUUUAU,0.7472035794183445,1,"1.03,-2.11,-10.44,1,0,-186.92,0.15789473684210525,0,0.2631578947368421,0,0,0.05555555555555555,-2.24,0.05555555555555555,0,0,0.05555555555555555,-2.24,0,0.1111111111111111,0,-2.36,0.05555555555555555,0",-34.86,-4.35,1.03,nan,52.6
GGCGACCACUGUGAUCUUA,AGCAUUUGUCUCGAUAUUCUAAGAUCACAGUGGUCGCCUGCUUUAACAAUUUCUAAA,0.4146159582401194,0,"-1.93,-3.26,-13.39,0,1,-192.66,0.2631578947368421,0,0.2631578947368421,1,0,0.05555555555555555,-3.42,0.05555555555555555,0,0,0.05555555555555555,-1.33,0,0.05555555555555555,0,-2.35,0.05555555555555555,1",-35.38,-11.2,-1.93,nan,52.6
CGACCACUGUGAUCUUAGA,GCAGCAUUUGUCUCGAUAUUCUAAGAUCACAGUGGUCGCCUGCUUUAACAAUUUCUA,0.3228933631618195,0,"-0.46,-2.36,-10.64,0,0,-187.30999999999997,0.2631578947368421,0,0.21052631578947367,0,0,0.0,-2.35,0.05555555555555555,0,1,0.05555555555555555,-2.35,0,0.0,1,-2.35,0.05555555555555555,1",-33.13,-9.74,-0.46,nan,47.4
UGAUCUUAGAAUAUCGAGA,ACAGUAAUGGCAGCAUUUGUCUCGAUAUUCUAAGAUCACAGUGGUCGCCUGCUUUAA,0.7315436241610738,1,"0.24,-2.11,-10.44,1,0,-173.26999999999995,0.3157894736842105,0,0.21052631578947367,0,0,0.0,-2.35,0.1111111111111111,0,0,0.0,-2.35,0,0.0,0,-1.1,0.05555555555555555,1",-27.64,-5.6,0.24,nan,31.6
GAAUAUCGAGACAAAUGCU,AAAUAUUAACAGUAAUGGCAGCAUUUGUCUCGAUAUUCUAAGAUCACAGUGGUCGCC,0.5906040268456376,1,"-1.17,-2.35,-12.44,0,1,-177.48,0.21052631578947367,0,0.21052631578947367,0,0,0.0,-0.93,0.05555555555555555,0,0,0.0,-2.08,0,0.05555555555555555,0,-0.93,0.0,0",-28.68,-4.63,-1.17,nan,36.8
AAUAUCGAGACAAAUGCUG,CAAAUAUUAACAGUAAUGGCAGCAUUUGUCUCGAUAUUCUAAGAUCACAGUGGUCGC,0.7099179716629381,1,"1.63,-0.93,-6.82,0,0,-175.47999999999996,0.21052631578947367,0,0.21052631578947367,0,0,0.0,-1.1,0.05555555555555555,0,0,0.0,-2.11,0,0.05555555555555555,0,-0.93,0.0,0",-28.44,-5.6,1.63,nan,36.8
AUCGAGACAAAUGCUGCCA,AUCCAAAUAUUAACAGUAAUGGCAGCAUUUGUCUCGAUAUUCUAAGAUCACAGUGGU,0.7427293064876958,1,"0.56,-1.1,-9.38,0,0,-186.57999999999998,0.15789473684210525,0,0.21052631578947367,0,0,0.0,-2.35,0.0,1,0,0.05555555555555555,-2.11,0,0.1111111111111111,0,-3.42,0.0,1",-33.42,-9.19,0.56,nan,47.4
ACAAAUGCUGCCAUUACUG,UUUAUCAUCCAAAUAUUAACAGUAAUGGCAGCAUUUGUCUCGAUAUUCUAAGAUCAC,0.7263236390753169,1,"0.77,-2.24,-11.4,0,0,-178.68999999999997,0.2631578947368421,0,0.15789473684210525,0,0,0.0,-2.11,0.05555555555555555,0,0,0.05555555555555555,-2.11,0,0.1111111111111111,0,-1.1,0.05555555555555555,0",-31.07,-6.51,0.77,nan,42.1
UGCUGCCAUUACUGUUAAU,AAGAAUUUAUCAUCCAAAUAUUAACAGUAAUGGCAGCAUUUGUCUCGAUAUUCUAAG,0.4295302013422818,0,"-0.56,-2.11,-10.44,1,0,-172.22,0.42105263157894735,0,0.15789473684210525,0,0,0.0,-3.42,0.1111111111111111,0,0,0.05555555555555555,-1.1,0,0.1111111111111111,0,-2.11,0.1111111111111111,0",-29.84,-11.86,-0.56,nan,36.8
CUGUUAAUAUUUGGAUGAU,GCAUUUACAACAAGAAUUUAUCAUCCAAAUAUUAACAGUAAUGGCAGCAUUUGUCUC,0.23862788963460102,0,"-1.43,-2.08,-10.48,0,0,-164.32,0.47368421052631576,0,0.21052631578947367,0,0,0.05555555555555555,-2.11,0.1111111111111111,1,1,0.0,-1.1,0,0.0,0,-3.26,0.16666666666666666,0",-24.85,-3.65,-1.43,nan,26.3
UAAUAUUUGGAUGAUAAAU,GGUUGCAUUUACAACAAGAAUUUAUCAUCCAAAUAUUAACAGUAAUGGCAGCAUUUG,0.5682326621923938,1,"-0.23,-1.33,-7.69,1,0,-152.16999999999996,0.42105263157894735,0,0.15789473684210525,0,0,0.05555555555555555,-0.93,0.16666666666666666,0,0,0.0,-1.1,0,0.0,0,-2.35,0.1111111111111111,0",-21.33,-1.33,-0.23,nan,15.8
UUUGGAUGAUAAAUUCUUG,CCUAAGGUUGCAUUUACAACAAGAAUUUAUCAUCCAAAUAUUAACAGUAAUGGCAGC,0.6942580164056674,1,"1.63,-0.93,-6.82,1,0,-161.92999999999995,0.47368421052631576,1,0.21052631578947367,0,0,0.05555555555555555,-0.93,0.05555555555555555,1,0,0.0,-2.11,0,0.0,0,-1.1,0.2222222222222222,0",-24.39,-7.32,1.63,nan,26.3
GAUAAAUUCUUGUUGUAAA,CAAACCACCUAAGGUUGCAUUUACAACAAGAAUUUAUCAUCCAAAUAUUAACAGUAA,0.3639075316927666,0,"-1.87,-2.35,-12.44,0,1,-153.59,0.42105263157894735,0,0.15789473684210525,0,0,0.0,-1.1,0.1111111111111111,0,0,0.0,-0.93,0,0.0,0,-0.93,0.16666666666666666,1",-22.31,-1.33,-1.87,nan,21.1
AUAAAUUCUUGUUGUAAAU,UCAAACCACCUAAGGUUGCAUUUACAACAAGAAUUUAUCAUCCAAAUAUUAACAGUA,0.5548098434004475,1,"0.0,-1.1,-9.38,0,0,-146.80999999999997,0.47368421052631576,0,0.10526315789473684,0,0,0.0,-1.33,0.1111111111111111,1,0,0.0,-1.1,0,0.0,0,-2.11,0.16666666666666666,0",-20.61,-3.03,0.0,nan,15.8
UAAAUUCUUGUUGUAAAUG,UUCAAACCACCUAAGGUUGCAUUUACAACAAGAAUUUAUCAUCCAAAUAUUAACAGU,0.5219985085756897,1,"1.23,-1.33,-7.69,1,0,-151.59,0.47368421052631576,0,0.15789473684210525,0,0,0.0,-0.93,0.1111111111111111,0,0,0.0,-2.11,0,0.0,0,-2.24,0.16666666666666666,0",-22.07,-3.33,1.23,nan,21.1
AAUUCUUGUUGUAAAUGCA,CCUUCAAACCACCUAAGGUUGCAUUUACAACAAGAAUUUAUCAUCCAAAUAUUAACA,0.6211782252050708,1,"0.73,-0.93,-6.82,0,0,-158.67999999999998,0.42105263157894735,0,0.15789473684210525,0,0,0.0,-1.1,0.05555555555555555,0,0,0.0,-2.11,0,0.05555555555555555,0,-0.93,0.16666666666666666,1",-24.89,-4.96,0.73,nan,26.3
AUUCUUGUUGUAAAUGCAA,CCCUUCAAACCACCUAAGGUUGCAUUUACAACAAGAAUUUAUCAUCCAAAUAUUAAC,0.5100671140939598,0,"-0.17,-1.1,-9.38,0,0,-158.67999999999998,0.42105263157894735,0,0.15789473684210525,0,0,0.0,-0.93,0.05555555555555555,1,0,0.0,-0.93,0,0.05555555555555555,0,-0.93,0.16666666666666666,1",-24.89,-5.65,-0.17,nan,26.3
CUUGUUGUAAAUGCAACCU,UACCCCUUCAAACCACCUAAGGUUGCAUUUACAACAAGAAUUUAUCAUCCAAAUAUU,0.6457867263236391,1,"-0.9,-2.08,-10.48,0,0,-169.02999999999994,0.3684210526315789,0,0.15789473684210525,0,0,0.0,-0.93,0.05555555555555555,1,1,0.05555555555555555,-2.08,0,0.05555555555555555,0,-3.42,0.1111111111111111,0",-28.54,-5.57,-0.9,nan,36.8
UUGUUGUAAAUGCAACCUU,CUACCCCUUCAAACCACCUAAGGUUGCAUUUACAACAAGAAUUUAUCAUCCAAAUAU,0.6189410887397464,1,"0.0,-0.93,-6.82,1,0,-161.64999999999995,0.42105263157894735,1,0.15789473684210525,0,0,0.0,-2.11,0.05555555555555555,1,0,0.05555555555555555,-0.93,0,0.05555555555555555,0,-2.11,0.16666666666666666,0",-26.94,-5.97,0.0,nan,31.6
GUUGUAAAUGCAACCUUAG,GACUACCCCUUCAAACCACCUAAGGUUGCAUUUACAACAAGAAUUUAUCAUCCAAAU,0.6032811334824758,1,"-0.16,-2.24,-11.4,0,1,-169.99999999999994,0.3157894736842105,0,0.21052631578947367,0,0,0.0,-0.93,0.1111111111111111,1,0,0.05555555555555555,-2.08,0,0.05555555555555555,0,-2.24,0.1111111111111111,0",-28.21,-3.48,-0.16,nan,36.8
CAACCUUAGGUGGUUUGAA,UUUUCCUACAGACUACCCCUUCAAACCACCUAAGGUUGCAUUUACAACAAGAAUUUA,0.4802386278896346,0,"-1.63,-2.11,-10.44,0,0,-173.54999999999998,0.3157894736842105,0,0.2631578947368421,0,0,0.1111111111111111,-0.93,0.05555555555555555,0,1,0.05555555555555555,-0.93,0,0.0,0,-2.24,0.16666666666666666,1",-30.78,-5.78,-1.63,nan,42.1
ACCUUAGGUGGUUUGAAGG,CAUUUUCCUACAGACUACCCCUUCAAACCACCUAAGGUUGCAUUUACAACAAGAAUU,0.7046979865771812,1,"1.47,-2.24,-11.4,0,0,-180.15999999999997,0.3157894736842105,0,0.3684210526315789,0,0,0.16666666666666666,-3.26,0.05555555555555555,0,0,0.05555555555555555,-3.26,0,0.0,0,-0.93,0.16666666666666666,0",-33.08,-8.85,1.47,nan,47.4
GGUGGUUUGAAGGGGUAGU,ACAAUUCAUUUUCCUACAGACUACCCCUUCAAACCACCUAAGGUUGCAUUUACAACA,0.4705443698732289,0,"-1.47,-3.26,-13.39,0,1,-187.65,0.3157894736842105,0,0.5263157894736842,1,0,0.2777777777777778,-2.24,0.05555555555555555,0,0,0.0,-2.24,0,0.0,0,-3.26,0.1111111111111111,0",-35.57,-7.17,-1.47,nan,52.6
GUGGUUUGAAGGGGUAGUC,GACAAUUCAUUUUCCUACAGACUACCCCUUCAAACCACCUAAGGUUGCAUUUACAAC,0.6532438478747203,1,"0.11,-2.24,-11.4,0,1,-190.42000000000002,0.3157894736842105,0,0.47368421052631576,0,0,0.2222222222222222,-2.11,0.05555555555555555,1,0,0.0,-2.35,0,0.0,0,-3.26,0.1111111111111111,0",-35.11,-7.04,0.11,nan,52.6
UUGAAGGGGUAGUCUGUAG,UUUUUGACAAUUCAUUUUCCUACAGACUACCCCUUCAAACCACCUAAGGUUGCAUUU,0.7076808351976137,1,"1.6,-0.93,-6.82,1,0,-183.74,0.3157894736842105,1,0.42105263157894735,0,0,0.16666666666666666,-2.11,0.1111111111111111,1,0,0.0,-2.08,0,0.0,0,-2.35,0.05555555555555555,0",-33.72,-9.45,1.6,nan,47.4
UGAAGGGGUAGUCUGUAGG,CUUUUUGACAAUUCAUUUUCCUACAGACUACCCCUUCAAACCACCUAAGGUUGCAUU,0.7449664429530202,1,"1.6,-2.11,-10.44,1,0,-190.31,0.2631578947368421,0,0.47368421052631576,0,0,0.2222222222222222,-2.35,0.1111111111111111,0,0,0.0,-3.26,0,0.0,0,-2.08,0.0,0",-36.05,-11.05,1.6,nan,52.6
UAGUCUGUAGGAAAAUGAA,GGUGUAUUCUUUUUGACAAUUCAUUUUCCUACAGACUACCCCUUCAAACCACCUAAG,0.6338553318419089,1,"-0.4,-1.33,-7.69,1,0,-166.81999999999996,0.2631578947368421,0,0.2631578947368421,0,0,0.05555555555555555,-2.08,0.1111111111111111,0,0,0.0,-0.93,0,0.0,0,-0.93,0.0,1",-27.74,-8.11,-0.4,nan,31.6
GUCUGUAGGAAAAUGAAUU,GCGGUGUAUUCUUUUUGACAAUUCAUUUUCCUACAGACUACCCCUUCAAACCACCUA,0.4645786726323639,0,"-1.76,-2.24,-11.4,0,1,-168.56999999999996,0.3157894736842105,0,0.2631578947368421,0,0,0.05555555555555555,-2.35,0.05555555555555555,1,0,0.0,-0.93,0,0.0,0,-1.1,0.05555555555555555,0",-26.81,-7.65,-1.76,nan,31.6
CUGUAGGAAAAUGAAUUGU,AGGCGGUGUAUUCUUUUUGACAAUUCAUUUUCCUACAGACUACCCCUUCAAACCACC,0.5682326621923938,1,"-0.74,-2.08,-10.48,0,0,-166.56999999999996,0.3157894736842105,0,0.2631578947368421,0,0,0.05555555555555555,-2.11,0.05555555555555555,1,1,0.0,-2.24,0,0.0,0,-2.35,0.05555555555555555,0",-26.57,-8.38,-0.74,nan,31.6
UGUAGGAAAAUGAAUUGUC,AAGGCGGUGUAUUCUUUUUGACAAUUCAUUUUCCUACAGACUACCCCUUCAAACCAC,0.6882923191648024,1,"1.14,-2.11,-10.44,1,0,-168.52999999999997,0.3157894736842105,0,0.2631578947368421,0,0,0.05555555555555555,-2.24,0.05555555555555555,0,0,0.0,-2.35,0,0.0,0,-0.93,0.05555555555555555,0",-26.84,-7.65,1.14,nan,31.6
GUAGGAAAAUGAAUUGUCA,CAAGGCGGUGUAUUCUUUUUGACAAUUCAUUUUCCUACAGACUACCCCUUCAAACCA,0.4131245339299031,0,"-1.03,-2.24,-11.4,0,1,-168.52999999999997,0.2631578947368421,0,0.2631578947368421,0,0,0.05555555555555555,-1.33,0.05555555555555555,1,0,0.0,-2.11,0,0.0,0,-1.1,0.05555555555555555,1",-26.84,-5.89,-1.03,nan,31.6
AAAAGAAUACACCGCCUUG,ACCUAAUGACAGCCCAUAUCAAGGCGGUGUAUUCUUUUUGACAAUUCAUUUUCCUAC,0.7792692020879941,1,"1.63,-0.93,-6.82,0,0,-173.22,0.15789473684210525,0,0.15789473684210525,0,0,0.0,-0.93,0.05555555555555555,0,0,0.1111111111111111,-2.11,0,0.05555555555555555,0,-2.36,0.05555555555555555,0",-30.05,-3.33,1.63,nan,42.1
AGAAUACACCGCCUUGAUA,GGGACCUAAUGACAGCCCAUAUCAAGGCGGUGUAUUCUUUUUGACAAUUCAUUUUCC,0.7419835943325876,1,"-0.3,-2.08,-10.48,0,0,-178.54999999999998,0.21052631578947367,0,0.15789473684210525,0,0,0.0,-2.35,0.1111111111111111,0,0,0.1111111111111111,-1.33,0,0.05555555555555555,0,-2.08,0.05555555555555555,1",-31.59,-5.52,-0.3,nan,42.1
CUUGAUAUGGGCUGUCAUU,AGCCACAAUUAUGGGACCUAAUGACAGCCCAUAUCAAGGCGGUGUAUUCUUUUUGAC,0.5965697240865027,1,"-1.6,-2.08,-10.48,0,0,-182.8,0.42105263157894735,0,0.2631578947368421,0,0,0.1111111111111111,-0.93,0.05555555555555555,1,1,0.0,-0.93,0,0.05555555555555555,0,-2.11,0.1111111111111111,0",-31.43,-3.93,-1.6,nan,42.1
UUGAUAUGGGCUGUCAUUA,AAGCCACAAUUAUGGGACCUAAUGACAGCCCAUAUCAAGGCGGUGUAUUCUUUUUGA,0.7285607755406414,1,"0.4,-0.93,-6.82,1,0,-176.29,0.42105263157894735,1,0.2631578947368421,0,0,0.1111111111111111,-2.11,0.1111111111111111,1,0,0.0,-1.33,0,0.05555555555555555,0,-2.24,0.1111111111111111,1",-30.23,-5.56,0.4,nan,36.8
GGGCUGUCAUUAGGUCCCA,CAUUGGCAAGCCACAAUUAUGGGACCUAAUGACAGCCCAUAUCAAGGCGGUGUAUUC,0.3624161073825503,0,"-1.6,-3.26,-13.39,0,1,-198.34999999999997,0.2631578947368421,0,0.3157894736842105,1,0,0.16666666666666666,-3.26,0.05555555555555555,0,0,0.1111111111111111,-2.11,0,0.05555555555555555,0,-3.26,0.05555555555555555,1",-38.21,-11.37,-1.6,nan,57.9
GCUGUCAUUAGGUCCCAUA,UUCAUUGGCAAGCCACAAUUAUGGGACCUAAUGACAGCCCAUAUCAAGGCGGUGUAU,0.3310961968680089,0,"-2.09,-3.42,-14.88,0,1,-188.64,0.3157894736842105,0,0.21052631578947367,0,1,0.05555555555555555,-2.08,0.1111111111111111,0,0,0.1111111111111111,-1.33,0,0.05555555555555555,0,-2.35,0.05555555555555555,1",-34.12,-7.45,-2.09,nan,47.4
UGUCAUUAGGUCCCAUAAU,GUUUCAUUGGCAAGCCACAAUUAUGGGACCUAAUGACAGCCCAUAUCAAGGCGGUGU,0.4780014914243102,0,"-0.56,-2.11,-10.44,1,0,-175.76,0.3684210526315789,0,0.15789473684210525,0,0,0.05555555555555555,-2.24,0.1111111111111111,0,0,0.1111111111111111,-1.1,0,0.0,0,-3.26,0.05555555555555555,0",-30.2,-5.52,-0.56,nan,36.8
GGUCCCAUAAUUGUGGCUU,GAUGAUAUGUUUCAUUGGCAAGCCACAAUUAUGGGACCUAAUGACAGCCCAUAUCAA,0.3877703206562267,0,"-2.33,-3.26,-13.39,0,1,-185.05999999999997,0.3684210526315789,0,0.2631578947368421,1,0,0.1111111111111111,-2.24,0.05555555555555555,0,0,0.1111111111111111,-0.93,0,0.05555555555555555,0,-2.24,0.1111111111111111,0",-33.48,-9.78,-2.33,nan,47.4
GUCCCAUAAUUGUGGCUUG,GGAUGAUAUGUUUCAUUGGCAAGCCACAAUUAUGGGACCUAAUGACAGCCCAUAUCA,0.2624906785980611,0,"-0.13,-2.24,-11.4,0,1,-185.82999999999996,0.3684210526315789,0,0.2631578947368421,0,0,0.05555555555555555,-2.35,0.05555555555555555,1,0,0.1111111111111111,-2.11,0,0.05555555555555555,0,-2.11,0.1111111111111111,0",-32.78,-8.42,-0.13,nan,47.4
UCCCAUAAUUGUGGCUUGC,GGGAUGAUAUGUUUCAUUGGCAAGCCACAAUUAUGGGACCUAAUGACAGCCCAUAUC,0.5652498135719612,1,"1.52,-2.35,-12.44,1,0,-185.58999999999995,0.3684210526315789,0,0.21052631578947367,0,0,0.05555555555555555,-3.26,0.05555555555555555,0,0,0.1111111111111111,-3.42,0,0.1111111111111111,0,-3.26,0.1111111111111111,0",-33.51,-7.45,1.52,nan,47.4
CCCAUAAUUGUGGCUUGCC,GGGGAUGAUAUGUUUCAUUGGCAAGCCACAAUUAUGGGACCUAAUGACAGCCCAUAU,0.4489187173750932,0,"0.0,-3.26,-13.39,0,0,-190.26,0.3157894736842105,0,0.21052631578947367,0,0,0.05555555555555555,-3.26,0.05555555555555555,0,1,0.16666666666666666,-3.26,1,0.1111111111111111,0,-3.42,0.1111111111111111,0",-34.87,-5.29,0.0,nan,52.6
UAAUUGUGGCUUGCCAAUG,AGUUGGGGAUGAUAUGUUUCAUUGGCAAGCCACAAUUAUGGGACCUAAUGACAGCCC,0.7479492915734526,1,"1.23,-1.33,-7.69,1,0,-177.01999999999998,0.3684210526315789,0,0.2631578947368421,0,0,0.05555555555555555,-0.93,0.05555555555555555,0,0,0.05555555555555555,-2.11,0,0.1111111111111111,0,-3.42,0.1111111111111111,0",-30.94,-4.88,1.23,nan,42.1
UUGUGGCUUGCCAAUGAAA,UCCAGUUGGGGAUGAUAUGUUUCAUUGGCAAGCCACAAUUAUGGGACCUAAUGACAG,0.6360924683072334,1,"0.0,-0.93,-6.82,1,0,-175.48999999999998,0.3157894736842105,1,0.2631578947368421,0,0,0.05555555555555555,-2.11,0.0,1,0,0.05555555555555555,-0.93,0,0.1111111111111111,0,-0.93,0.1111111111111111,1",-31.34,-10.23,0.0,nan,42.1
UGUGGCUUGCCAAUGAAAC,GUCCAGUUGGGGAUGAUAUGUUUCAUUGGCAAGCCACAAUUAUGGGACCUAAUGACA,0.7076808351976137,1,"1.03,-2.11,-10.44,1,0,-183.79,0.2631578947368421,0,0.2631578947368421,0,0,0.05555555555555555,-2.24,0.0,0,0,0.05555555555555555,-2.24,0,0.1111111111111111,0,-1.1,0.05555555555555555,0",-33.1,-9.5,1.03,nan,47.4
UGGCUUGCCAAUGAAACAU,AGGUCCAGUUGGGGAUGAUAUGUUUCAUUGGCAAGCCACAAUUAUGGGACCUAAUGA,0.6763609246830724,1,"-0.56,-2.11,-10.44,1,0,-178.04999999999998,0.2631578947368421,0,0.21052631578947367,0,0,0.05555555555555555,-3.26,0.0,0,0,0.05555555555555555,-1.1,0,0.1111111111111111,0,-2.35,0.05555555555555555,0",-31.51,-11.13,-0.56,nan,42.1
GGCUUGCCAAUGAAACAUA,CAGGUCCAGUUGGGGAUGAUAUGUUUCAUUGGCAAGCCACAAUUAUGGGACCUAAUG,0.3333333333333333,0,"-1.93,-3.26,-13.39,0,1,-179.01999999999998,0.21052631578947367,0,0.21052631578947367,1,0,0.05555555555555555,-3.42,0.05555555555555555,0,0,0.05555555555555555,-1.33,0,0.1111111111111111,0,-0.93,0.05555555555555555,1",-31.18,-11.13,-1.93,nan,42.1
GCCAAUGAAACAUAUCAUC,UUCUGCAGGUCCAGUUGGGGAUGAUAUGUUUCAUUGGCAAGCCACAAUUAUGGGACC,0.4929157345264728,0,"-0.62,-3.42,-14.88,0,1,-180.80999999999997,0.21052631578947367,0,0.10526315789473684,0,1,0.0,-3.26,0.05555555555555555,0,0,0.05555555555555555,-2.35,0,0.05555555555555555,0,-1.33,0.0,0",-28.84,-7.32,-0.62,nan,36.8
CAAUGAAACAUAUCAUCCC,UGUUCUGCAGGUCCAGUUGGGGAUGAUAUGUUUCAUUGGCAAGCCACAAUUAUGGGA,0.7084265473527218,1,"0.7,-2.11,-10.44,0,0,-179.32,0.21052631578947367,0,0.05263157894736842,0,0,0.0,-0.93,0.05555555555555555,0,1,0.1111111111111111,-3.26,0,0.0,0,-2.35,0.0,0",-28.68,-3.36,0.7,nan,36.8
AUAUCAUCCCCAACUGGAC,CCAGCACAAUGUUCUGCAGGUCCAGUUGGGGAUGAUAUGUUUCAUUGGCAAGCCACA,0.6584638329604773,1,"1.59,-1.1,-9.38,0,0,-190.79999999999998,0.21052631578947367,0,0.10526315789473684,0,0,0.05555555555555555,-1.33,0.05555555555555555,1,0,0.16666666666666666,-2.24,0,0.0,0,-2.24,0.0,0",-34.0,-5.8,1.59,nan,47.4
UAUCAUCCCCAACUGGACC,UCCAGCACAAUGUUCUGCAGGUCCAGUUGGGGAUGAUAUGUUUCAUUGGCAAGCCAC,0.6987322893363163,1,"1.93,-1.33,-7.69,1,0,-194.81,0.21052631578947367,0,0.10526315789473684,0,0,0.05555555555555555,-1.1,0.05555555555555555,0,0,0.2222222222222222,-3.26,0,0.0,0,-2.08,0.0,0",-36.16,-7.73,1.93,nan,52.6
CCCCAACUGGACCUGCAGA,XXXXXXUCCAGCACAAUGUUCUGCAGGUCCAGUUGGGGAUGAUAUGUUUCAUUGGCA,0.2453392990305742,0,"-1.36,-3.26,-13.39,0,0,-202.2,0.10526315789473684,0,0.21052631578947367,0,0,0.05555555555555555,-3.26,0.0,0,1,0.2222222222222222,-2.35,1,0.05555555555555555,0,-2.08,0.0,1",-39.97,-9.34,-1.36,nan,63.2
CCCAACUGGACCUGCAGAA,XXXXXXXUCCAGCACAAUGUUCUGCAGGUCCAGUUGGGGAUGAUAUGUUUCAUUGGC,0.3728560775540641,0,"-2.33,-3.26,-13.39,0,0,-195.62999999999997,0.10526315789473684,0,0.21052631578947367,0,0,0.05555555555555555,-3.26,0.0,0,1,0.16666666666666666,-0.93,1,0.05555555555555555,0,-2.11,0.0,1",-37.64,-8.64,-2.33,nan,57.9
GACCUGCAGAACAUUGUGC,XXXXXXXXXXXXXXXUCCAGCACAAUGUUCUGCAGGUCCAGUUGGGGAUGAUAUGUU,0.7479492915734526,1,"0.62,-2.35,-12.44,0,1,-194.79999999999998,0.21052631578947367,0,0.2631578947368421,0,0,0.0,-2.24,0.0,0,0,0.05555555555555555,-3.42,0,0.1111111111111111,0,-1.1,0.05555555555555555,0",-35.1,-10.23,0.62,nan,52.6
ACCUGCAGAACAUUGUGCU,XXXXXXXXXXXXXXXXUCCAGCACAAUGUUCUGCAGGUCCAGUUGGGGAUGAUAUGU,0.7568978374347501,1,"-0.16,-2.24,-11.4,0,0,-185.39999999999998,0.2631578947368421,0,0.21052631578947367,0,0,0.0,-3.26,0.0,0,0,0.05555555555555555,-2.08,0,0.1111111111111111,0,-0.93,0.05555555555555555,0",-33.93,-10.97,-0.16,nan,47.4
CCUGCAGAACAUUGUGCUG,XXXXXXXXXXXXXXXXXUCCAGCACAAUGUUCUGCAGGUCCAGUUGGGGAUGAUAUG,0.6547352721849367,1,"-0.7,-3.26,-13.39,0,0,-191.87999999999997,0.2631578947368421,0,0.2631578947368421,0,0,0.0,-2.08,0.0,0,1,0.05555555555555555,-2.11,1,0.1111111111111111,0,-2.11,0.05555555555555555,0",-34.7,-9.61,-0.7,nan,52.6
CUUUGUUCAACAAUGGCCG,GAAUAUGAGAAAAGAGUUUCGGCCAUUGUUGAACAAAGCXXXXXXXXXXXXXXXXXX,0.5704697986577182,1,"-0.17,-2.08,-10.48,0,0,-179.64999999999998,0.3157894736842105,0,0.21052631578947367,0,0,0.05555555555555555,-0.93,0.0,1,1,0.05555555555555555,-2.36,0,0.05555555555555555,0,-1.1,0.16666666666666666,0",-31.31,-4.95,-0.17,nan,47.4
GUUCAACAAUGGCCGAAAC,ACGAGAAUAUGAGAAAAGAGUUUCGGCCAUUGUUGAACAAAGCXXXXXXXXXXXXXX,0.459358687546607,0,"0.0,-2.24,-11.4,0,1,-182.56999999999996,0.15789473684210525,0,0.21052631578947367,0,0,0.05555555555555555,-0.93,0.0,1,0,0.05555555555555555,-2.24,0,0.05555555555555555,0,-3.26,0.05555555555555555,0",-31.71,-5.68,0.0,nan,47.4
CAAUGGCCGAAACUCUUUU,AAACAAACGAGAAUAUGAGAAAAGAGUUUCGGCCAUUGUUGAACAAAGCXXXXXXXX,0.3668903803131991,0,"-1.63,-2.11,-10.44,0,0,-173.38999999999996,0.3157894736842105,0,0.15789473684210525,0,0,0.05555555555555555,-0.93,0.0,0,1,0.05555555555555555,-0.93,0,0.05555555555555555,0,-2.08,0.16666666666666666,0",-29.76,-9.54,-1.63,nan,42.1
AUGGCCGAAACUCUUUUCU,GAAAACAAACGAGAAUAUGAGAAAAGAGUUUCGGCCAUUGUUGAACAAAGCXXXXXX,0.5801640566741239,1,"0.53,-1.1,-9.38,0,0,-175.32999999999998,0.3684210526315789,0,0.15789473684210525,0,0,0.05555555555555555,-2.11,0.0,1,0,0.05555555555555555,-2.08,0,0.05555555555555555,0,-2.08,0.16666666666666666,0",-30.7,-11.77,0.53,nan,42.1
UGGCCGAAACUCUUUUCUC,GGAAAACAAACGAGAAUAUGAGAAAAGAGUUUCGGCCAUUGUUGAACAAAGCXXXXX,0.6167039522744221,1,"1.14,-2.11,-10.44,1,0,-182.10999999999999,0.3684210526315789,0,0.15789473684210525,0,0,0.05555555555555555,-3.26,0.0,0,0,0.05555555555555555,-2.35,0,0.05555555555555555,0,-0.93,0.16666666666666666,0",-32.4,-11.04,1.14,nan,47.4
CGAAACUCUUUUCUCAUAU,AUCAGGAAAACAAACGAGAAUAUGAGAAAAGAGUUUCGGCCAUUGUUGAACAAAGCX,0.3452647278150634,0,"-1.26,-2.36,-10.64,0,0,-166.89999999999998,0.42105263157894735,0,0.05263157894736842,0,0,0.0,-2.35,0.05555555555555555,0,1,0.0,-1.1,0,0.0,1,-2.08,0.16666666666666666,0",-25.99,-6.79,-1.26,nan,31.6
AAACUCUUUUCUCAUAUUC,UUAUCAGGAAAACAAACGAGAAUAUGAGAAAAGAGUUUCGGCCAUUGUUGAACAAAG,0.586875466070097,1,"1.87,-0.93,-6.82,0,0,-163.07999999999998,0.47368421052631576,0,0.0,0,0,0.0,-0.93,0.05555555555555555,0,0,0.0,-2.35,0,0.0,0,-2.11,0.2222222222222222,0",-24.56,-5.62,1.87,nan,26.3
ACUCUUUUCUCAUAUUCUC,CUUUAUCAGGAAAACAAACGAGAAUAUGAGAAAAGAGUUUCGGCCAUUGUUGAACAA,0.6234153616703952,1,"1.01,-2.24,-11.4,0,0,-172.35999999999999,0.5263157894736842,0,0.0,0,0,0.0,-2.08,0.05555555555555555,0,0,0.0,-2.35,0,0.0,0,-1.33,0.2222222222222222,0",-27.13,-4.76,1.01,nan,31.6
CUCUUUUCUCAUAUUCUCG,GCUUUAUCAGGAAAACAAACGAGAAUAUGAGAAAAGAGUUUCGGCCAUUGUUGAACA,0.5480984340044742,1,"-0.17,-2.08,-10.48,0,0,-175.32,0.5263157894736842,0,0.05263157894736842,0,0,0.0,-2.35,0.05555555555555555,1,1,0.0,-2.36,0,0.0,0,-1.1,0.2222222222222222,0",-27.7,-5.03,-0.17,nan,36.8
UCUUUUCUCAUAUUCUCGU,AGCUUUAUCAGGAAAACAAACGAGAAUAUGAGAAAAGAGUUUCGGCCAUUGUUGAAC,0.6278896346010439,1,"-0.11,-2.35,-12.44,1,0,-168.79999999999998,0.5789473684210527,0,0.05263157894736842,0,0,0.0,-2.08,0.05555555555555555,0,0,0.0,-2.24,0,0.0,0,-0.93,0.2222222222222222,0",-26.96,-4.76,-0.11,nan,31.6
AUUCUCGUUUGUUUUCCUG,CCAGGCAGCACAGCUUUAUCAGGAAAACAAACGAGAAUAUGAGAAAAGAGUUUCGGC,0.6263982102908278,1,"1.46,-1.1,-9.38,0,0,-168.95999999999995,0.5789473684210527,0,0.15789473684210525,0,0,0.0,-0.93,0.0,1,0,0.05555555555555555,-2.11,0,0.0,0,-0.93,0.3333333333333333,0",-27.67,-7.32,1.46,nan,36.8
UUUGUUUUCCUGAUAAAGC,CCAAUAGCCAGGCAGCACAGCUUUAUCAGGAAAACAAACGAGAAUAUGAGAAAAGAG,0.5995525727069352,1,"2.49,-0.93,-6.82,1,0,-163.86999999999998,0.47368421052631576,1,0.15789473684210525,0,0,0.0,-0.93,0.05555555555555555,1,0,0.05555555555555555,-3.42,0,0.05555555555555555,0,-1.1,0.2777777777777778,0",-26.4,-3.08,2.49,nan,31.6
UUUCCUGAUAAAGCUGUGC,UCCAGCCAAUAGCCAGGCAGCACAGCUUUAUCAGGAAAACAAACGAGAAUAUGAGAA,0.6249067859806114,1,"2.49,-0.93,-6.82,1,0,-179.20999999999998,0.3684210526315789,1,0.21052631578947367,0,0,0.0,-0.93,0.05555555555555555,1,0,0.05555555555555555,-3.42,0,0.1111111111111111,0,-3.42,0.1111111111111111,0",-31.22,-8.09,2.49,nan,42.1
UCCUGAUAAAGCUGUGCUG,AGUCCAGCCAAUAGCCAGGCAGCACAGCUUUAUCAGGAAAACAAACGAGAAUAUGAG,0.5779269202087994,1,"0.66,-2.35,-12.44,1,0,-186.48999999999998,0.3157894736842105,0,0.2631578947368421,0,0,0.0,-3.26,0.05555555555555555,0,0,0.05555555555555555,-2.11,0,0.1111111111111111,0,-2.11,0.0,0",-33.55,-7.69,0.66,nan,47.4
GAUAAAGCUGUGCUGCCUG,UAACAGUCCAGCCAAUAGCCAGGCAGCACAGCUUUAUCAGGAAAACAAACGAGAAUA,0.5600298284862043,1,"-0.24,-2.35,-12.44,0,1,-192.64999999999995,0.2631578947368421,0,0.3157894736842105,0,0,0.0,-1.1,0.05555555555555555,0,0,0.05555555555555555,-2.11,0,0.16666666666666666,0,-2.08,0.0,0",-35.07,-5.25,-0.24,nan,52.6
AAAGCUGUGCUGCCUGGCU,UCCUAACAGUCCAGCCAAUAGCCAGGCAGCACAGCUUUAUCAGGAAAACAAACGAGA,0.5324384787472035,1,"0.7,-0.93,-6.82,0,0,-194.44999999999996,0.2631578947368421,0,0.3157894736842105,0,0,0.05555555555555555,-0.93,0.0,0,0,0.05555555555555555,-2.08,0,0.2222222222222222,0,-3.26,0.0,0",-38.15,-7.87,0.7,nan,57.9
AGCUGUGCUGCCUGGCUAU,AAUCCUAACAGUCCAGCCAAUAGCCAGGCAGCACAGCUUUAUCAGGAAAACAAACGA,0.5309470544369873,1,"-0.53,-2.08,-10.48,0,0,-197.87999999999997,0.3157894736842105,0,0.3157894736842105,0,0,0.05555555555555555,-3.42,0.05555555555555555,0,0,0.05555555555555555,-1.1,0,0.2222222222222222,0,-2.11,0.0,0",-38.72,-11.29,-0.53,nan,57.9
GCUGUGCUGCCUGGCUAUU,GAAUCCUAACAGUCCAGCCAAUAGCCAGGCAGCACAGCUUUAUCAGGAAAACAAACG,0.3803131991051454,0,"-2.49,-3.42,-14.88,0,1,-197.93999999999997,0.3684210526315789,0,0.3157894736842105,0,1,0.05555555555555555,-2.08,0.05555555555555555,0,0,0.05555555555555555,-0.93,0,0.2222222222222222,0,-3.26,0.05555555555555555,0",-38.02,-9.5,-2.49,nan,57.9
UGCUGCCUGGCUAUUGGCU,AACCGAAUCCUAACAGUCCAGCCAAUAGCCAGGCAGCACAGCUUUAUCAGGAAAACA,0.5659955257270693,1,"-0.03,-2.11,-10.44,1,0,-196.20999999999995,0.3684210526315789,0,0.3157894736842105,0,0,0.1111111111111111,-3.42,0.05555555555555555,0,0,0.05555555555555555,-2.08,0,0.2222222222222222,0,-1.1,0.05555555555555555,0",-38.59,-11.83,-0.03,nan,57.9
CCUGGCUAUUGGCUGGACU,GGAUGAACCGAAUCCUAACAGUCCAGCCAAUAGCCAGGCAGCACAGCUUUAUCAGGA,0.5123042505592842,0,"-1.63,-3.26,-13.39,0,0,-196.95999999999998,0.3157894736842105,0,0.3157894736842105,0,0,0.16666666666666666,-2.08,0.05555555555555555,0,1,0.05555555555555555,-2.08,1,0.1111111111111111,0,-2.08,0.05555555555555555,0",-37.94,-9.74,-1.63,nan,57.9
GGACUGUUAGGAUUCGGUU,AUUCAGUCUCUGCUGGAUGAACCGAAUCCUAACAGUCCAGCCAAUAGCCAGGCAGCA,0.37211036539895603,0,"-2.33,-3.26,-13.39,0,1,-183.92999999999998,0.3684210526315789,0,0.3684210526315789,1,0,0.16666666666666666,-2.35,0.05555555555555555,0,0,0.0,-0.93,0,0.0,0,-0.93,0.16666666666666666,0",-32.86,-7.41,-2.33,nan,47.4
GACUGUUAGGAUUCGGUUC,AAUUCAGUCUCUGCUGGAUGAACCGAAUCCUAACAGUCCAGCCAAUAGCCAGGCAGC,0.5421327367636093,1,"0.0,-2.35,-12.44,0,1,-186.69999999999996,0.3684210526315789,0,0.3157894736842105,0,0,0.1111111111111111,-2.24,0.05555555555555555,0,0,0.0,-2.35,0,0.0,0,-2.35,0.16666666666666666,0",-32.4,-5.94,0.0,nan,47.4
UUAGGAUUCGGUUCAUCCA,ACAUCAAUUCAGUCUCUGCUGGAUGAACCGAAUCCUAACAGUCCAGCCAAUAGCCAG,0.5540641312453393,1,"0.73,-0.93,-6.82,1,0,-179.19,0.3684210526315789,1,0.21052631578947367,0,0,0.1111111111111111,-1.33,0.05555555555555555,1,0,0.05555555555555555,-2.11,0,0.0,0,-2.35,0.16666666666666666,1",-31.41,-6.06,0.73,nan,42.1
AGGAUUCGGUUCAUCCAGC,UAACAUCAAUUCAGUCUCUGCUGGAUGAACCGAAUCCUAACAGUCCAGCCAAUAGCC,0.6077554064131245,1,"1.79,-2.08,-10.48,0,0,-193.75999999999996,0.2631578947368421,0,0.2631578947368421,0,0,0.1111111111111111,-3.26,0.0,0,0,0.05555555555555555,-3.42,0,0.05555555555555555,0,-1.1,0.1111111111111111,0",-35.1,-8.26,1.79,nan,52.6
GGUUCAUCCAGCAGAGACU,UCUAUCUUAACAUCAAUUCAGUCUCUGCUGGAUGAACCGAAUCCUAACAGUCCAGCC,0.3959731543624161,0,"-1.63,-3.26,-13.39,0,1,-196.32999999999998,0.21052631578947367,0,0.2631578947368421,1,0,0.05555555555555555,-2.24,0.0,0,0,0.05555555555555555,-2.08,0,0.05555555555555555,0,-2.08,0.05555555555555555,0",-35.96,-6.99,-1.63,nan,52.6
UUCAUCCAGCAGAGACUGA,CUUCUAUCUUAACAUCAAUUCAGUCUCUGCUGGAUGAACCGAAUCCUAACAGUCCAG,0.465324384787472,0,"0.97,-0.93,-6.82,1,0,-190.7,0.21052631578947367,1,0.21052631578947367,0,0,0.0,-2.35,0.0,1,0,0.05555555555555555,-2.35,0,0.05555555555555555,0,-2.08,0.05555555555555555,1",-34.47,-8.29,0.97,nan,47.4
AUCCAGCAGAGACUGAAUU,UAUCUUCUAUCUUAACAUCAAUUCAGUCUCUGCUGGAUGAACCGAAUCCUAACAGUC,0.45339299030574204,0,"-0.17,-1.1,-9.38,0,0,-184.01999999999998,0.21052631578947367,0,0.21052631578947367,0,0,0.0,-2.35,0.0,1,0,0.05555555555555555,-0.93,0,0.05555555555555555,0,-2.08,0.05555555555555555,0",-32.04,-10.34,-0.17,nan,42.1
CUGAAUUGAUGUUAAGAUA,CAACAUAUGAUGUAUCUUCUAUCUUAACAUCAAUUCAGUCUCUGCUGGAUGAACCGA,0.3765846383296047,0,"-1.2,-2.08,-10.48,0,0,-164.46999999999997,0.3684210526315789,0,0.21052631578947367,0,0,0.0,-2.11,0.1111111111111111,1,1,0.0,-1.33,0,0.0,0,-1.33,0.1111111111111111,1",-24.92,-4.99,-1.2,nan,26.3
UUAAGAUAGAAGAUACAUC,UCGAUGGAGUCCAACAUAUGAUGUAUCUUCUAUCUUAACAUCAAUUCAGUCUCUGCU,0.6316181953765846,1,"1.87,-0.93,-6.82,1,0,-167.37999999999997,0.2631578947368421,1,0.15789473684210525,0,0,0.0,-1.33,0.16666666666666666,1,0,0.0,-2.35,0,0.0,0,-1.1,0.05555555555555555,0",-25.53,-4.13,1.87,nan,26.3
AUAGAAGAUACAUCAUAUG,CAGAAUCGAUGGAGUCCAACAUAUGAUGUAUCUUCUAUCUUAACAUCAAUUCAGUCU,0.6256524981357195,1,"1.46,-1.1,-9.38,0,0,-170.45999999999998,0.2631578947368421,0,0.15789473684210525,0,0,0.0,-1.33,0.16666666666666666,1,0,0.0,-2.11,0,0.0,0,-2.35,0.0,0",-25.66,-6.13,1.46,nan,26.3
AUACAUCAUAUGUUGGACU,UAUCCUUCAGAAUCGAUGGAGUCCAACAUAUGAUGUAUCUUCUAUCUUAACAUCAAU,0.6234153616703952,1,"0.53,-1.1,-9.38,0,0,-173.38,0.3684210526315789,0,0.15789473684210525,0,0,0.05555555555555555,-1.33,0.1111111111111111,1,0,0.0,-2.08,0,0.0,0,-0.93,0.05555555555555555,0",-28.2,-6.25,0.53,nan,31.6
AUGUUGGACUCCAUCGAUU,AUGUUUAGAUAUCCUUCAGAAUCGAUGGAGUCCAACAUAUGAUGUAUCUUCUAUCUU,0.5548098434004475,1,"-0.17,-1.1,-9.38,0,0,-182.51,0.3684210526315789,0,0.21052631578947367,0,0,0.05555555555555555,-2.11,0.0,1,0,0.05555555555555555,-0.93,0,0.0,0,-1.1,0.1111111111111111,0",-31.34,-8.01,-0.17,nan,42.1
UGUUGGACUCCAUCGAUUC,UAUGUUUAGAUAUCCUUCAGAAUCGAUGGAGUCCAACAUAUGAUGUAUCUUCUAUCU,0.6271439224459359,1,"1.14,-2.11,-10.44,1,0,-189.28999999999996,0.3684210526315789,0,0.21052631578947367,0,0,0.05555555555555555,-2.24,0.0,0,0,0.05555555555555555,-2.35,0,0.0,0,-2.35,0.1111111111111111,0",-33.04,-9.04,1.14,nan,47.4
GUUGGACUCCAUCGAUUCU,AUAUGUUUAGAUAUCCUUCAGAAUCGAUGGAGUCCAACAUAUGAUGUAUCUUCUAUC,0.4832214765100671,0,"-1.06,-2.24,-11.4,0,1,-189.32999999999996,0.3684210526315789,0,0.21052631578947367,0,0,0.05555555555555555,-0.93,0.0,1,0,0.05555555555555555,-2.08,0,0.0,0,-2.36,0.1111111111111111,0",-33.01,-7.98,-1.06,nan,47.4
UUGGACUCCAUCGAUUCUG,CAUAUGUUUAGAUAUCCUUCAGAAUCGAUGGAGUCCAACAUAUGAUGUAUCUUCUAU,0.6435495898583147,1,"1.63,-0.93,-6.82,1,0,-188.36999999999998,0.3684210526315789,1,0.21052631578947367,0,0,0.05555555555555555,-2.11,0.0,1,0,0.05555555555555555,-2.11,0,0.0,0,-2.35,0.1111111111111111,0",-32.88,-9.85,1.63,nan,47.4
GACUCCAUCGAUUCUGAAG,UAGCAUAUGUUUAGAUAUCCUUCAGAAUCGAUGGAGUCCAACAUAUGAUGUAUCUUC,0.5384041759880686,1,"-0.27,-2.35,-12.44,0,1,-191.17999999999995,0.2631578947368421,0,0.21052631578947367,0,0,0.0,-2.24,0.0,0,0,0.05555555555555555,-2.08,0,0.0,0,-2.35,0.05555555555555555,0",-32.39,-8.15,-0.27,nan,47.4
CUCCAUCGAUUCUGAAGGA,GGUAGCAUAUGUUUAGAUAUCCUUCAGAAUCGAUGGAGUCCAACAUAUGAUGUAUCU,0.3728560775540641,0,"-0.63,-2.08,-10.48,0,0,-189.45,0.2631578947368421,0,0.21052631578947367,0,0,0.05555555555555555,-2.35,0.0,1,1,0.05555555555555555,-2.35,0,0.0,0,-2.11,0.05555555555555555,1",-32.96,-8.99,-0.63,nan,47.4
UCCAUCGAUUCUGAAGGAU,UGGUAGCAUAUGUUUAGAUAUCCUUCAGAAUCGAUGGAGUCCAACAUAUGAUGUAUC,0.575689783743475,1,"-0.8,-2.35,-12.44,1,0,-184.63,0.3157894736842105,0,0.21052631578947367,0,0,0.05555555555555555,-3.26,0.0,0,0,0.05555555555555555,-1.1,0,0.0,0,-2.35,0.05555555555555555,0",-31.53,-8.99,-0.8,nan,42.1
CGAUUCUGAAGGAUAUCUA,GCUGAUGGUAGCAUAUGUUUAGAUAUCCUUCAGAAUCGAUGGAGUCCAACAUAUGAU,0.3571961222967934,0,"-1.03,-2.36,-10.64,0,0,-177.93999999999997,0.3157894736842105,0,0.21052631578947367,0,0,0.05555555555555555,-2.35,0.1111111111111111,0,1,0.0,-1.33,0,0.0,1,-1.1,0.05555555555555555,1",-29.0,-6.83,-1.03,nan,36.8
CUGAAGGAUAUCUAAACAU,UGUAUGCUGAUGGUAGCAUAUGUUUAGAUAUCCUUCAGAAUCGAUGGAGUCCAACAU,0.3482475764354959,0,"-1.43,-2.08,-10.48,0,0,-171.07999999999998,0.2631578947368421,0,0.15789473684210525,0,0,0.05555555555555555,-2.11,0.1111111111111111,1,1,0.0,-1.1,0,0.0,0,-1.33,0.0,0",-27.22,-8.09,-1.43,nan,31.6
UGAAGGAUAUCUAAACAUA,GUGUAUGCUGAUGGUAGCAUAUGUUUAGAUAUCCUUCAGAAUCGAUGGAGUCCAACA,0.4735272184936615,0,"-0.33,-2.11,-10.44,1,0,-164.56999999999996,0.2631578947368421,0,0.15789473684210525,0,0,0.05555555555555555,-2.35,0.16666666666666666,0,0,0.0,-1.33,0,0.0,0,-0.93,0.0,1",-26.02,-7.53,-0.33,nan,26.3
UCUAAACAUAUGCUACCAU,CAUCCAAAUGUGUAUGCUGAUGGUAGCAUAUGUUUAGAUAUCCUUCAGAAUCGAUGG,0.517524235645041,0,"-0.8,-2.35,-12.44,1,0,-169.58999999999997,0.3157894736842105,0,0.05263157894736842,0,0,0.0,-2.08,0.16666666666666666,0,0,0.05555555555555555,-1.1,0,0.05555555555555555,0,-2.08,0.0,0",-28.16,-5.08,-0.8,nan,31.6
UAUGCUACCAUCAGCAUAC,AAAUGUUUCAUCCAAAUGUGUAUGCUGAUGGUAGCAUAUGUUUAGAUAUCCUUCAGA,0.5645041014168531,1,"1.36,-1.33,-7.69,1,0,-184.98999999999998,0.2631578947368421,0,0.10526315789473684,0,0,0.0,-1.1,0.16666666666666666,0,0,0.05555555555555555,-2.24,0,0.1111111111111111,0,-2.08,0.0,0",-32.28,-7.74,1.36,nan,42.1
CCAUCAGCAUACACAUUUG,UUAUCCAAAAUGUUUCAUCCAAAUGUGUAUGCUGAUGGUAGCAUAUGUUUAGAUAUC,0.4668158090976883,0,"-0.7,-3.26,-13.39,0,0,-182.48999999999995,0.2631578947368421,0,0.10526315789473684,0,0,0.0,-2.11,0.05555555555555555,0,1,0.05555555555555555,-2.11,1,0.05555555555555555,0,-2.24,0.1111111111111111,0",-30.65,-9.08,-0.7,nan,42.1
UCAGCAUACACAUUUGGAU,UUUUUAUCCAAAAUGUUUCAUCCAAAUGUGUAUGCUGAUGGUAGCAUAUGUUUAGAU,0.5443698732289336,1,"-0.8,-2.35,-12.44,1,0,-177.05,0.3157894736842105,0,0.15789473684210525,0,0,0.05555555555555555,-2.11,0.05555555555555555,0,0,0.0,-1.1,0,0.05555555555555555,0,-0.93,0.1111111111111111,0",-29.99,-7.61,-0.8,nan,36.8
GCAUACACAUUUGGAUGAA,AGGUUUUUAUCCAAAAUGUUUCAUCCAAAUGUGUAUGCUGAUGGUAGCAUAUGUUUA,0.343027591349739,0,"-2.49,-3.42,-14.88,0,1,-177.10999999999999,0.2631578947368421,0,0.21052631578947367,0,1,0.05555555555555555,-2.11,0.05555555555555555,0,0,0.0,-0.93,0,0.05555555555555555,0,-3.26,0.1111111111111111,1",-29.29,-7.04,-2.49,nan,36.8
CACAUUUGGAUGAAACAUU,CUGUUAGGUUUUUAUCCAAAAUGUUUCAUCCAAAUGUGUAUGCUGAUGGUAGCAUAU,0.4735272184936615,0,"-1.63,-2.11,-10.44,0,0,-168.17999999999998,0.3157894736842105,0,0.15789473684210525,0,0,0.05555555555555555,-2.24,0.0,0,1,0.0,-0.93,0,0.0,0,-0.93,0.16666666666666666,0",-26.4,-4.88,-1.63,nan,31.6
UUUGGAUGAAACAUUUUGG,CCAACUGUUAGGUUUUUAUCCAAAAUGUUUCAUCCAAAUGUGUAUGCUGAUGGUAGC,0.6308724832214765,1,"2.33,-0.93,-6.82,1,0,-163.98999999999995,0.42105263157894735,1,0.2631578947368421,0,0,0.1111111111111111,-0.93,0.0,1,0,0.0,-3.26,0,0.0,0,-1.1,0.2777777777777778,0",-26.07,-7.32,2.33,nan,31.6
GGAUGAAACAUUUUGGAUA,CCACCAACUGUUAGGUUUUUAUCCAAAAUGUUUCAUCCAAAUGUGUAUGCUGAUGGU,0.3594332587621178,0,"-1.93,-3.26,-13.39,0,1,-169.41999999999996,0.3157894736842105,0,0.2631578947368421,1,0,0.1111111111111111,-2.35,0.05555555555555555,0,0,0.0,-1.33,0,0.0,0,-0.93,0.16666666666666666,1",-26.88,-5.23,-1.93,nan,31.6
AAAACCUAACAGUUGGUGG,UGAAGAAUAUCCAAAUAAACCACCAACUGUUAGGUUUUUAUCCAAAAUGUUUCAUCC,0.5197613721103653,0,"2.33,-0.93,-6.82,0,0,-172.51000000000005,0.21052631578947367,0,0.2631578947368421,0,0,0.1111111111111111,-0.93,0.05555555555555555,0,0,0.05555555555555555,-3.26,0,0.0,0,-0.93,0.05555555555555555,0",-30.67,-5.78,2.33,nan,42.1
AGUUGGUGGUUUAUUUGGA,UAGAAUUUUCUGAAGAAUAUCCAAAUAAACCACCAACUGUUAGGUUUUUAUCCAAAA,0.4608501118568233,0,"0.27,-2.08,-10.48,0,0,-168.72999999999996,0.47368421052631576,0,0.3684210526315789,0,0,0.16666666666666666,-2.24,0.05555555555555555,0,0,0.0,-2.35,0,0.0,0,-1.1,0.2777777777777778,1",-29.35,-8.8,0.27,nan,36.8
GUUUAUUUGGAUAUUCUUC,ACUAGUAAUAGAAUUUUCUGAAGAAUAUCCAAAUAAACCACCAACUGUUAGGUUUUU,0.5794183445190156,1,"0.11,-2.24,-11.4,0,1,-163.85999999999996,0.5789473684210527,0,0.15789473684210525,0,0,0.05555555555555555,-0.93,0.1111111111111111,1,0,0.0,-2.35,0,0.0,0,-1.1,0.3333333333333333,0",-24.19,-1.16,0.11,nan,26.3
UUAUUUGGAUAUUCUUCAG,AAACUAGUAAUAGAAUUUUCUGAAGAAUAUCCAAAUAAACCACCAACUGUUAGGUUU,0.5973154362416108,1,"1.6,-0.93,-6.82,1,0,-162.83999999999997,0.5263157894736842,1,0.15789473684210525,0,0,0.05555555555555555,-1.33,0.1111111111111111,1,0,0.0,-2.08,0,0.0,0,-2.35,0.2777777777777778,0",-24.76,-5.12,1.6,nan,26.3
UUUGGAUAUUCUUCAGAAA,UUUAAACUAGUAAUAGAAUUUUCUGAAGAAUAUCCAAAUAAACCACCAACUGUUAGG,0.6152125279642058,1,"0.0,-0.93,-6.82,1,0,-161.30999999999997,0.42105263157894735,1,0.15789473684210525,0,0,0.05555555555555555,-0.93,0.05555555555555555,1,0,0.0,-0.93,0,0.0,0,-2.35,0.2222222222222222,1",-25.16,-6.09,0.0,nan,26.3
UUGGAUAUUCUUCAGAAAA,UUUUAAACUAGUAAUAGAAUUUUCUGAAGAAUAUCCAAAUAAACCACCAACUGUUAG,0.6360924683072334,1,"0.0,-0.93,-6.82,1,0,-161.30999999999997,0.3684210526315789,1,0.15789473684210525,0,0,0.05555555555555555,-2.11,0.05555555555555555,1,0,0.0,-0.93,0,0.0,0,-2.11,0.16666666666666666,1",-25.16,-6.26,0.0,nan,26.3
UGGAUAUUCUUCAGAAAAU,CUUUUAAACUAGUAAUAGAAUUUUCUGAAGAAUAUCCAAAUAAACCACCAACUGUUA,0.4750186428038777,0,"-0.56,-2.11,-10.44,1,0,-163.87,0.3684210526315789,0,0.15789473684210525,0,0,0.05555555555555555,-3.26,0.05555555555555555,0,0,0.0,-1.1,0,0.0,0,-2.08,0.1111111111111111,0",-25.33,-5.53,-0.56,nan,26.3
UCAGAAAAUUCUAUUACUA,GAAGAUGGUACUUUUAAACUAGUAAUAGAAUUUUCUGAAGAAUAUCCAAAUAAACCA,0.5391498881431768,1,"-0.57,-2.35,-12.44,1,0,-155.48,0.3684210526315789,0,0.05263157894736842,0,0,0.0,-2.11,0.16666666666666666,0,0,0.0,-1.33,0,0.0,0,-1.1,0.1111111111111111,1",-23.49,-4.79,-0.57,nan,21.1
AAAAUUCUAUUACUAGUUU,UUUUGAAGAUGGUACUUUUAAACUAGUAAUAGAAUUUUCUGAAGAAUAUCCAAAUAA,0.3542132736763609,0,"0.0,-0.93,-6.82,0,0,-145.2,0.47368421052631576,0,0.05263157894736842,0,0,0.0,-0.93,0.16666666666666666,0,0,0.0,-0.93,0,0.0,0,-2.08,0.2222222222222222,0",-20.78,-3.33,0.0,nan,15.8
AAUUCUAUUACUAGUUUAA,CCUUUUGAAGAUGGUACUUUUAAACUAGUAAUAGAAUUUUCUGAAGAAUAUCCAAAU,0.3482475764354959,0,"0.0,-0.93,-6.82,0,0,-146.07,0.47368421052631576,0,0.05263157894736842,0,0,0.0,-1.1,0.2222222222222222,0,0,0.0,-0.93,0,0.0,0,-2.08,0.2222222222222222,1",-21.18,-3.9,0.0,nan,15.8
AUUACUAGUUUAAAAGUAC,GGGACACCUUUUGAAGAUGGUACUUUUAAACUAGUAAUAGAAUUUUCUGAAGAAUAU,0.6428038777032066,1,"1.59,-1.1,-9.38,0,0,-150.76999999999998,0.3684210526315789,0,0.10526315789473684,0,0,0.0,-0.93,0.2222222222222222,1,0,0.0,-2.24,0,0.0,0,-0.93,0.16666666666666666,0",-22.66,-5.45,1.59,nan,21.1
AUCUUCAAAAGGUGUCCCU,CAGUUAUAUUUGGACCAGAAGGGACACCUUUUGAAGAUGGUACUUUUAAACUAGUAA,0.5824011931394482,1,"0.53,-1.1,-9.38,0,0,-178.22,0.3157894736842105,0,0.15789473684210525,0,0,0.05555555555555555,-2.35,0.0,1,0,0.1111111111111111,-2.08,0,0.0,0,-2.11,0.05555555555555555,0",-31.6,-5.76,0.53,nan,42.1
CUUCAAAAGGUGUCCCUUC,UGCAGUUAUAUUUGGACCAGAAGGGACACCUUUUGAAGAUGGUACUUUUAAACUAGU,0.5950782997762863,1,"0.27,-2.08,-10.48,0,0,-183.1,0.3157894736842105,0,0.15789473684210525,0,0,0.05555555555555555,-0.93,0.0,1,1,0.1111111111111111,-2.35,0,0.0,0,-2.35,0.1111111111111111,0",-32.33,-3.19,0.27,nan,47.4
UUCUGGUCCAAAUAUAACU,ACAUCAUGCAGUGGAAUGCAGUUAUAUUUGGACCAGAAGGGACACCUUUUGAAGAUG,0.5891126025354214,1,"0.7,-0.93,-6.82,1,0,-166.66999999999996,0.3684210526315789,1,0.10526315789473684,0,0,0.05555555555555555,-2.35,0.1111111111111111,1,0,0.05555555555555555,-2.08,0,0.0,0,-1.33,0.05555555555555555,0",-27.67,-9.85,0.7,nan,31.6
UGGUCCAAAUAUAACUGCA,ACAACAUCAUGCAGUGGAAUGCAGUUAUAUUUGGACCAGAAGGGACACCUUUUGAAG,0.6092468307233407,1,"0.0,-2.11,-10.44,1,0,-172.68999999999997,0.2631578947368421,0,0.15789473684210525,0,0,0.05555555555555555,-3.26,0.1111111111111111,0,0,0.05555555555555555,-2.11,0,0.05555555555555555,0,-0.93,0.0,1",-29.95,-9.61,0.0,nan,36.8
GGUCCAAAUAUAACUGCAU,AACAACAUCAUGCAGUGGAAUGCAGUUAUAUUUGGACCAGAAGGGACACCUUUUGAA,0.3967188665175242,0,"-2.16,-3.26,-13.39,0,1,-175.34999999999997,0.2631578947368421,0,0.15789473684210525,1,0,0.05555555555555555,-2.24,0.1111111111111111,0,0,0.05555555555555555,-1.1,0,0.05555555555555555,0,-2.24,0.0,0",-29.39,-7.28,-2.16,nan,36.8
AAAUAUAACUGCAUUCCAC,CUGAAAACAACAUCAUGCAGUGGAAUGCAGUUAUAUUUGGACCAGAAGGGACACCUU,0.6308724832214765,1,"1.76,-0.93,-6.82,0,0,-168.78,0.2631578947368421,0,0.05263157894736842,0,0,0.0,-0.93,0.1111111111111111,0,0,0.05555555555555555,-2.24,0,0.05555555555555555,0,-1.1,0.05555555555555555,0",-27.06,-1.73,1.76,nan,31.6
AUAUAACUGCAUUCCACUG,AUCUGAAAACAACAUCAUGCAGUGGAAUGCAGUUAUAUUUGGACCAGAAGGGACACC,0.622669649515287,1,"1.46,-1.1,-9.38,0,0,-176.06,0.3157894736842105,0,0.10526315789473684,0,0,0.0,-1.33,0.1111111111111111,1,0,0.05555555555555555,-2.11,0,0.05555555555555555,0,-2.35,0.05555555555555555,0",-29.39,-4.02,1.46,nan,36.8
CAUUCCACUGCAUGAUGUU,UGGCGCACCAUCUGAAAACAACAUCAUGCAGUGGAAUGCAGUUAUAUUUGGACCAGA,0.4101416853094706,0,"-1.63,-2.11,-10.44,0,0,-183.51999999999998,0.3684210526315789,0,0.15789473684210525,0,0,0.0,-1.1,0.0,0,1,0.05555555555555555,-0.93,0,0.05555555555555555,0,-2.11,0.1111111111111111,0",-31.22,-7.45,-1.63,nan,42.1
UCCACUGCAUGAUGUUGUU,CAGUGGCGCACCAUCUGAAAACAACAUCAUGCAGUGGAAUGCAGUUAUAUUUGGACC,0.4205816554809843,0,"-0.97,-2.35,-12.44,1,0,-181.81999999999996,0.42105263157894735,0,0.21052631578947367,0,0,0.0,-3.26,0.0,0,0,0.05555555555555555,-0.93,0,0.05555555555555555,0,-2.11,0.1111111111111111,0",-31.91,-11.13,-0.97,nan,42.1
GCAUGAUGUUGUUUUCAGA,GGGUGUCAGUGGCGCACCAUCUGAAAACAACAUCAUGCAGUGGAAUGCAGUUAUAUU,0.3601789709172259,0,"-1.52,-3.42,-14.88,0,1,-176.39,0.42105263157894735,0,0.2631578947368421,0,1,0.0,-2.11,0.0,0,0,0.0,-2.35,0,0.05555555555555555,0,-0.93,0.2222222222222222,1",-28.96,-6.79,-1.52,nan,36.8
GAUGUUGUUUUCAGAUGGU,CUGUGGGUGUCAGUGGCGCACCAUCUGAAAACAACAUCAUGCAGUGGAAUGCAGUUA,0.3788217747949292,0,"-1.01,-2.35,-12.44,0,1,-175.85999999999999,0.47368421052631576,0,0.3157894736842105,0,0,0.05555555555555555,-1.1,0.0,0,0,0.0,-2.24,0,0.0,0,-2.08,0.2222222222222222,0",-28.93,-5.74,-1.01,nan,36.8
UGUUGUUUUCAGAUGGUGC,ACCUGUGGGUGUCAGUGGCGCACCAUCUGAAAACAACAUCAUGCAGUGGAAUGCAGU,0.5533184190902312,1,"1.76,-2.11,-10.44,1,0,-179.35999999999999,0.47368421052631576,0,0.3157894736842105,0,0,0.05555555555555555,-2.24,0.0,0,0,0.0,-3.42,0,0.05555555555555555,0,-1.1,0.2222222222222222,0",-31.01,-4.84,1.76,nan,42.1
UUGUUUUCAGAUGGUGCGC,CCACCUGUGGGUGUCAGUGGCGCACCAUCUGAAAACAACAUCAUGCAGUGGAAUGCA,0.5428784489187174,1,"2.49,-0.93,-6.82,1,0,-183.03999999999996,0.42105263157894735,1,0.3157894736842105,0,0,0.05555555555555555,-2.11,0.0,1,0,0.0,-3.42,0,0.1111111111111111,0,-3.26,0.2222222222222222,0",-32.44,-4.95,2.49,nan,47.4
UUCAGAUGGUGCGCCACUG,AGGACCCACCUGUGGGUGUCAGUGGCGCACCAUCUGAAAACAACAUCAUGCAGUGGA,0.4608501118568233,0,"1.63,-0.93,-6.82,1,0,-196.89,0.2631578947368421,1,0.3157894736842105,0,0,0.05555555555555555,-2.35,0.0,1,0,0.05555555555555555,-2.11,0,0.1111111111111111,0,-3.42,0.05555555555555555,0",-37.1,-7.56,1.63,nan,57.9
GCCACUGACACCCACAGGU,AGCGGUUACAAGAGGACCCACCUGUGGGUGUCAGUGGCGCACCAUCUGAAAACAACA,0.5719612229679344,1,"-1.63,-3.42,-14.88,0,1,-203.71,0.10526315789473684,0,0.21052631578947367,0,1,0.05555555555555555,-3.26,0.0,0,0,0.16666666666666666,-2.24,0,0.05555555555555555,0,-2.11,0.0,0",-40.18,-9.61,-1.63,nan,63.2
CACAGGUGGGUCCUCUUGU,UGCGGGAUUUCAAGCGGUUACAAGAGGACCCACCUGUGGGUGUCAGUGGCGCACCAU,0.4556301267710663,0,"-0.77,-2.11,-10.44,0,0,-196.73,0.3157894736842105,0,0.3157894736842105,0,0,0.16666666666666666,-2.24,0.0,0,1,0.05555555555555555,-2.24,0,0.0,0,-2.08,0.05555555555555555,0",-37.77,-9.5,-0.77,nan,57.9
CUCUUGUAACCGCUUGAAA,XXXXXXXXCUCAUGCGGGAUUUCAAGCGGUUACAAGAGGACCCACCUGUGGGUGUCA,0.3392990305741983,0,"-1.6,-2.08,-10.48,0,0,-173.36999999999998,0.3157894736842105,0,0.15789473684210525,0,0,0.0,-2.35,0.05555555555555555,1,1,0.05555555555555555,-0.93,0,0.05555555555555555,0,-2.08,0.1111111111111111,1",-30.12,-6.05,-1.6,nan,42.1
UCUUGUAACCGCUUGAAAU,XXXXXXXXXCUCAUGCGGGAUUUCAAGCGGUUACAAGAGGACCCACCUGUGGGUGUC,0.5831469052945564,1,"-0.8,-2.35,-12.44,1,0,-168.54999999999998,0.3684210526315789,0,0.15789473684210525,0,0,0.0,-2.08,0.05555555555555555,0,0,0.05555555555555555,-1.1,0,0.05555555555555555,0,-0.93,0.1111111111111111,0",-28.69,-5.08,-0.8,nan,36.8
GUAACCGCUUGAAAUCCCG,XXXXXXXXXXXXXCUCAUGCGGGAUUUCAAGCGGUUACAAGAGGACCCACCUGUGGG,0.6346010439970171,1,"-0.33,-2.24,-11.4,0,1,-185.66999999999996,0.21052631578947367,0,0.21052631578947367,0,0,0.0,-1.33,0.05555555555555555,1,0,0.16666666666666666,-2.36,0,0.05555555555555555,0,-0.93,0.05555555555555555,0",-33.35,-9.0,-0.33,nan,52.6
GGAGCCGAUGUAGCCACCC,ACGUGCAGCGCUCCAUGCGGGGUGGCUACAUCGGCUCCACCUACUUUGXXXXXXXXX,0.4332587621178225,0,"0.0,-3.26,-13.39,0,1,-210.32999999999998,0.10526315789473684,0,0.3157894736842105,1,0,0.05555555555555555,-2.35,0.05555555555555555,0,0,0.2222222222222222,-3.26,0,0.1111111111111111,0,-3.42,0.0,0",-41.4,-11.28,0.0,nan,68.4
AGCCGAUGUAGCCACCCCG,GAACGUGCAGCGCUCCAUGCGGGGUGGCUACAUCGGCUCCACCUACUUUGXXXXXXX,0.4049217002237136,0,"0.73,-2.08,-10.48,0,0,-204.81,0.10526315789473684,0,0.2631578947368421,0,0,0.0,-3.42,0.05555555555555555,0,0,0.2777777777777778,-2.36,0,0.1111111111111111,0,-2.11,0.0,0",-40.96,-10.51,0.73,nan,68.4
GAUGUAGCCACCCCGCAUG,AGCAGAACGUGCAGCGCUCCAUGCGGGGUGGCUACAUCGGCUCCACCUACUUUGXXX,0.5048471290082028,0,"-0.24,-2.35,-12.44,0,1,-204.27999999999997,0.15789473684210525,0,0.2631578947368421,0,0,0.0,-1.1,0.05555555555555555,0,0,0.2222222222222222,-2.11,0,0.1111111111111111,0,-3.26,0.0,0",-39.03,-7.74,-0.24,nan,63.2
GCAUGGAGCGCUGCACGUU,CCGGCGGCUGUUUGAGCAGAACGUGCAGCGCUCCAUGCGGGGUGGCUACAUCGGCUC,0.4563758389261745,0,"-2.49,-3.42,-14.88,0,1,-201.02,0.21052631578947367,0,0.3684210526315789,0,1,0.05555555555555555,-2.11,0.0,0,0,0.0,-0.93,0,0.2222222222222222,0,-3.42,0.05555555555555555,0",-38.58,-8.92,-2.49,nan,63.2
UUCUGCUCAAACAGCCGCC,GAGGUCCUGCAGAACAACCGGCGGCUGUUUGAGCAGAACGUGCAGCGCUCCAUGCGG,0.5712155108128263,1,"2.33,-0.93,-6.82,1,0,-194.22999999999996,0.21052631578947367,1,0.15789473684210525,0,0,0.0,-2.35,0.0,1,0,0.1111111111111111,-3.26,0,0.16666666666666666,0,-2.08,0.05555555555555555,0",-36.9,-9.85,2.33,nan,57.9
AACAGCCGCCGGUUGUUCU,GAGGCCGCAGAGGUCCUGCAGAACAACCGGCGGCUGUUUGAGCAGAACGUGCAGCGC,0.4563758389261745,0,"0.7,-0.93,-6.82,0,0,-189.09999999999997,0.2631578947368421,0,0.2631578947368421,0,0,0.05555555555555555,-2.24,0.0,0,0,0.1111111111111111,-2.08,0,0.1111111111111111,0,-0.93,0.1111111111111111,0",-36.59,-10.93,0.7,nan,57.9
AGCCGCCGGUUGUUCUGCA,AAGGAGGCCGCAGAGGUCCUGCAGAACAACCGGCGGCUGUUUGAGCAGAACGUGCAG,0.5041014168530947,0,"0.03,-2.08,-10.48,0,0,-196.2,0.2631578947368421,0,0.3157894736842105,0,0,0.05555555555555555,-3.42,0.0,0,0,0.1111111111111111,-2.11,0,0.16666666666666666,0,-0.93,0.1111111111111111,1",-38.95,-13.99,0.03,nan,63.2
GCCGCCGGUUGUUCUGCAG,CAAGGAGGCCGCAGAGGUCCUGCAGAACAACCGGCGGCUGUUUGAGCAGAACGUGCA,0.4780014914243102,0,"-0.89,-3.42,-14.88,0,1,-203.64,0.2631578947368421,0,0.3684210526315789,0,1,0.05555555555555555,-3.26,0.0,0,0,0.1111111111111111,-2.08,0,0.16666666666666666,0,-2.35,0.1111111111111111,0",-39.85,-13.83,-0.89,nan,68.4
UGUUCUGCAGGACCUCUGC,CCCACUGAACAAGGAGGCCGCAGAGGUCCUGCAGAACAACCGGCGGCUGUUUGAGCA,0.5212527964205816,0,"1.76,-2.11,-10.44,1,0,-199.82999999999998,0.3157894736842105,0,0.2631578947368421,0,0,0.05555555555555555,-2.24,0.0,0,0,0.05555555555555555,-3.42,0,0.1111111111111111,0,-3.26,0.05555555555555555,0",-38.04,-9.04,1.76,nan,57.9
UUCUGCAGGACCUCUGCGG,GACCCACUGAACAAGGAGGCCGCAGAGGUCCUGCAGAACAACCGGCGGCUGUUUGAG,0.5003728560775541,0,"2.33,-0.93,-6.82,1,0,-202.01999999999998,0.2631578947368421,1,0.3157894736842105,0,0,0.1111111111111111,-2.35,0.0,1,0,0.05555555555555555,-3.26,0,0.1111111111111111,0,-2.35,0.05555555555555555,0",-39.31,-9.61,2.33,nan,63.2
CUGCAGGACCUCUGCGGCC,AGGACCCACUGAACAAGGAGGCCGCAGAGGUCCUGCAGAACAACCGGCGGCUGUUUG,0.4951528709917972,0,"0.73,-2.08,-10.48,0,0,-214.74999999999994,0.15789473684210525,0,0.3157894736842105,0,0,0.1111111111111111,-2.11,0.0,1,1,0.1111111111111111,-3.26,0,0.16666666666666666,0,-2.11,0.0,0",-43.16,-10.34,0.73,nan,73.7
UGCAGGACCUCUGCGGCCU,GAGGACCCACUGAACAAGGAGGCCGCAGAGGUCCUGCAGAACAACCGGCGGCUGUUU,0.4876957494407159,0,"-0.03,-2.11,-10.44,1,0,-207.30999999999997,0.21052631578947367,0,0.3157894736842105,0,0,0.1111111111111111,-3.42,0.0,0,0,0.1111111111111111,-2.08,0,0.16666666666666666,0,-3.42,0.0,0",-42.26,-11.37,-0.03,nan,68.4
UCUGCGGCCUCCUUGUUCA,CCCAACCCCGAGGACCCACUGAACAAGGAGGCCGCAGAGGUCCUGCAGAACAACCGG,0.4914243102162565,0,"-0.24,-2.35,-12.44,1,0,-194.64,0.3684210526315789,0,0.21052631578947367,0,0,0.05555555555555555,-2.08,0.0,0,0,0.1111111111111111,-2.11,0,0.1111111111111111,0,-0.93,0.1111111111111111,1",-37.71,-12.56,-0.24,nan,57.9
CUGCGGCCUCCUUGUUCAG,GCCCAACCCCGAGGACCCACUGAACAAGGAGGCCGCAGAGGUCCUGCAGAACAACCG,0.5115585384041761,0,"0.0,-2.08,-10.48,0,0,-200.11999999999998,0.3157894736842105,0,0.2631578947368421,0,0,0.05555555555555555,-2.11,0.0,1,1,0.1111111111111111,-2.08,0,0.1111111111111111,0,-2.11,0.1111111111111111,0",-38.34,-13.29,0.0,nan,63.2
CUCCUUGUUCAGUGGGUCC,UCUUGGAGCCCAACCCCGAGGACCCACUGAACAAGGAGGCCGCAGAGGUCCUGCAGA,0.4705443698732289,0,"0.73,-2.08,-10.48,0,0,-197.87,0.3684210526315789,0,0.2631578947368421,0,0,0.1111111111111111,-2.35,0.0,1,1,0.1111111111111111,-3.26,0,0.0,0,-2.11,0.1111111111111111,0",-37.15,-7.98,0.73,nan,57.9
CAGUGGGUCCUCGGGGUUG,AGUAUCUCUUCUUGGAGCCCAACCCCGAGGACCCACUGAACAAGGAGGCCGCAGAGG,0.4683072334079045,0,"0.0,-2.11,-10.44,0,0,-205.54999999999998,0.2631578947368421,0,0.47368421052631576,0,0,0.2777777777777778,-2.08,0.0,0,1,0.05555555555555555,-2.11,0,0.0,0,-3.26,0.05555555555555555,0",-40.67,-10.2,0.0,nan,68.4
CUCGGGGUUGGGCUCCAAG,AUGGCCUGCAGUAUCUCUUCUUGGAGCCCAACCCCGAGGACCCACUGAACAAGGAGG,0.4809843400447428,0,"0.0,-2.08,-10.48,0,0,-204.48999999999998,0.21052631578947367,0,0.42105263157894735,0,0,0.2777777777777778,-2.35,0.0,1,1,0.05555555555555555,-2.08,0,0.05555555555555555,0,-2.08,0.05555555555555555,0",-40.51,-11.74,0.0,nan,68.4
GGGGUUGGGCUCCAAGAAG,UUUAUGGCCUGCAGUAUCUCUUCUUGGAGCCCAACCCCGAGGACCCACUGAACAAGG,0.4571215510812826,0,"-0.73,-3.26,-13.39,0,1,-200.66999999999996,0.15789473684210525,0,0.47368421052631576,1,0,0.2777777777777778,-3.26,0.0,0,0,0.05555555555555555,-2.08,0,0.05555555555555555,0,-2.11,0.05555555555555555,0",-39.08,-10.97,-0.73,nan,63.2
GGGUUGGGCUCCAAGAAGA,AUUUAUGGCCUGCAGUAUCUCUUCUUGGAGCCCAACCCCGAGGACCCACUGAACAAG,0.41834451901566,0,"-1.36,-3.26,-13.39,0,1,-195.99999999999997,0.15789473684210525,0,0.42105263157894735,1,0,0.2222222222222222,-3.26,0.0,0,0,0.05555555555555555,-2.35,0,0.05555555555555555,0,-0.93,0.05555555555555555,1",-37.72,-10.97,-1.36,nan,57.9
GUUGGGCUCCAAGAAGAGA,UAAUUUAUGGCCUGCAGUAUCUCUUCUUGGAGCCCAACCCCGAGGACCCACUGAACA,0.5197613721103653,0,"-0.79,-2.24,-11.4,0,1,-192.14,0.15789473684210525,0,0.3684210526315789,0,0,0.1111111111111111,-0.93,0.0,1,0,0.05555555555555555,-2.35,0,0.05555555555555555,0,-2.35,0.05555555555555555,1",-35.63,-10.07,-0.79,nan,52.6
UUGGGCUCCAAGAAGAGAU,AUAAUUUAUGGCCUGCAGUAUCUCUUCUUGGAGCCCAACCCCGAGGACCCACUGAAC,0.5749440715883669,1,"0.17,-0.93,-6.82,1,0,-186.39999999999998,0.21052631578947367,1,0.3157894736842105,0,0,0.1111111111111111,-2.11,0.0,1,0,0.05555555555555555,-1.1,0,0.05555555555555555,0,-0.93,0.05555555555555555,0",-34.04,-11.94,0.17,nan,47.4
AGAAGAGAUACUGCAGGCC,GAUAAACUCCAUAAUUUAUGGCCUGCAGUAUCUCUUCUUGGAGCCCAACCCCGAGGA,0.5980611483967189,1,"1.63,-2.08,-10.48,0,0,-195.09999999999997,0.10526315789473684,0,0.3157894736842105,0,0,0.05555555555555555,-2.35,0.05555555555555555,0,0,0.05555555555555555,-3.26,0,0.1111111111111111,0,-3.42,0.0,0",-36.09,-7.6,1.63,nan,52.6
UACUGCAGGCCAUAAAUUA,GUCCUUACGAUAAACUCCAUAAUUUAUGGCCUGCAGUAUCUCUUCUUGGAGCCCAAC,0.4996271439224459,0,"0.0,-1.33,-7.69,1,0,-171.45999999999998,0.2631578947368421,0,0.15789473684210525,0,0,0.05555555555555555,-2.24,0.16666666666666666,0,0,0.05555555555555555,-1.33,0,0.1111111111111111,0,-1.33,0.05555555555555555,1",-30.08,-9.5,0.0,nan,36.8
GGCCAUAAAUUAUGGAGUU,GAAGCCAGUCCUUACGAUAAACUCCAUAAUUUAUGGCCUGCAGUAUCUCUUCUUGGA,0.3706189410887398,0,"-2.33,-3.26,-13.39,0,1,-173.71999999999997,0.3157894736842105,0,0.2631578947368421,1,0,0.1111111111111111,-3.42,0.1111111111111111,0,0,0.05555555555555555,-0.93,0,0.05555555555555555,0,-2.11,0.1111111111111111,0",-29.23,-7.61,-2.33,nan,36.8
AAAUUAUGGAGUUUAUCGU,GGACUGGAAGCCAGUCCUUACGAUAAACUCCAUAAUUUAUGGCCUGCAGUAUCUCUU,0.6129753914988814,1,"0.86,-0.93,-6.82,0,0,-159.20000000000002,0.42105263157894735,0,0.21052631578947367,0,0,0.05555555555555555,-0.93,0.1111111111111111,0,0,0.0,-2.24,0,0.0,0,-0.93,0.16666666666666666,0",-24.61,-2.96,0.86,nan,26.3
UGGAGUUUAUCGUAAGGAC,CAGAGAGGACUGGAAGCCAGUCCUUACGAUAAACUCCAUAAUUUAUGGCCUGCAGUA,0.5719612229679344,1,"1.03,-2.11,-10.44,1,0,-178.23,0.3157894736842105,0,0.3157894736842105,0,0,0.1111111111111111,-3.26,0.1111111111111111,0,0,0.0,-2.24,0,0.0,0,-1.33,0.1111111111111111,0",-30.93,-7.25,1.03,nan,42.1
GGAGUUUAUCGUAAGGACU,UCAGAGAGGACUGGAAGCCAGUCCUUACGAUAAACUCCAUAAUUUAUGGCCUGCAGU,0.4519015659955257,0,"-1.63,-3.26,-13.39,0,1,-178.26999999999998,0.3157894736842105,0,0.3157894736842105,1,0,0.1111111111111111,-2.35,0.1111111111111111,0,0,0.0,-2.08,0,0.0,0,-0.93,0.1111111111111111,0",-30.9,-5.32,-1.63,nan,42.1
GUUUAUCGUAAGGACUGGC,UCCUCAGAGAGGACUGGAAGCCAGUCCUUACGAUAAACUCCAUAAUUUAUGGCCUGC,0.5108128262490679,0,"0.73,-2.24,-11.4,0,1,-184.39,0.3157894736842105,0,0.3157894736842105,0,0,0.1111111111111111,-0.93,0.1111111111111111,1,0,0.0,-3.42,0,0.05555555555555555,0,-2.35,0.1111111111111111,0",-32.45,-4.46,0.73,nan,47.4
AGGACUGGCUUCCAGUCCU,UGCCUCAACAUCCUCAGAGAGGACUGGAAGCCAGUCCUUACGAUAAACUCCAUAAUU,0.4034302759134974,0,"0.0,-2.08,-10.48,0,0,-197.60999999999999,0.2631578947368421,0,0.2631578947368421,0,0,0.1111111111111111,-3.26,0.0,0,0,0.1111111111111111,-2.08,0,0.05555555555555555,0,-2.11,0.05555555555555555,0",-38.55,-11.21,0.0,nan,57.9
AGGAUGUUGAGGCAGACGU,AACAUUGACCUCGAGGGCAACGUCUGCCUCAACAUCCUCAGAGAGGACUGGAAGCCA,0.5995525727069352,1,"0.16,-2.08,-10.48,0,0,-191.73,0.21052631578947367,0,0.42105263157894735,0,0,0.1111111111111111,-3.26,0.0,0,0,0.0,-2.24,0,0.05555555555555555,0,-2.11,0.05555555555555555,0",-35.68,-7.45,0.16,nan,52.6
UUGAGGCAGACGUUGCCCU,CACCCCAACAUUGACCUCGAGGGCAACGUCUGCCUCAACAUCCUCAGAGAGGACUGG,0.592841163310962,1,"0.7,-0.93,-6.82,1,0,-193.6,0.2631578947368421,1,0.3157894736842105,0,0,0.05555555555555555,-2.11,0.0,1,0,0.1111111111111111,-2.08,0,0.1111111111111111,0,-0.93,0.1111111111111111,0",-37.6,-10.34,0.7,nan,57.9
CGAGGUCAAUGUUGGGGUG,GUGUGAGACAAUGGUCUAUCACCCCAACAUUGACCUCGAGGGCAACGUCUGCCUCAA,0.4660700969425801,0,"0.2,-2.36,-10.64,0,0,-194.92999999999998,0.2631578947368421,0,0.47368421052631576,0,0,0.2222222222222222,-2.35,0.0,0,1,0.0,-2.11,0,0.0,1,-2.11,0.05555555555555555,0",-36.21,-9.85,0.2,nan,57.9
GAGGUCAAUGUUGGGGUGA,AGUGUGAGACAAUGGUCUAUCACCCCAACAUUGACCUCGAGGGCAACGUCUGCCUCA,0.4876957494407159,0,"-0.9,-2.35,-12.44,0,1,-193.00999999999996,0.2631578947368421,0,0.47368421052631576,0,0,0.2222222222222222,-2.08,0.0,0,0,0.0,-2.35,0,0.0,0,-3.26,0.05555555555555555,1",-35.75,-7.98,-0.9,nan,52.6
AAUGUUGGGGUGAUAGACC,AGGUGAAGUGUGAGACAAUGGUCUAUCACCCCAACAUUGACCUCGAGGGCAACGUCU,0.5943325876211782,1,"2.33,-0.93,-6.82,0,0,-187.2,0.2631578947368421,0,0.3684210526315789,0,0,0.16666666666666666,-1.1,0.05555555555555555,0,0,0.05555555555555555,-3.26,0,0.0,0,-1.1,0.05555555555555555,0",-33.72,-7.21,2.33,nan,47.4
UGUUGGGGUGAUAGACCAU,CAAGGUGAAGUGUGAGACAAUGGUCUAUCACCCCAACAUUGACCUCGAGGGCAACGU,0.5316927665920954,1,"-0.56,-2.11,-10.44,1,0,-187.09999999999997,0.3157894736842105,0,0.3684210526315789,0,0,0.16666666666666666,-2.24,0.05555555555555555,0,0,0.05555555555555555,-1.1,0,0.0,0,-2.08,0.05555555555555555,0",-34.45,-10.97,-0.56,nan,47.4
UUGGGGUGAUAGACCAUUG,CCCAAGGUGAAGUGUGAGACAAUGGUCUAUCACCCCAACAUUGACCUCGAGGGCAAC,0.6420581655480985,1,"1.63,-0.93,-6.82,1,0,-186.23999999999995,0.3157894736842105,1,0.3684210526315789,0,0,0.16666666666666666,-2.11,0.05555555555555555,1,0,0.05555555555555555,-2.11,0,0.0,0,-2.24,0.1111111111111111,0",-33.59,-11.7,1.63,nan,47.4
GGGGUGAUAGACCAUUGUC,CCCCCAAGGUGAAGUGUGAGACAAUGGUCUAUCACCCCAACAUUGACCUCGAGGGCA,0.4608501118568233,0,"-0.46,-3.26,-13.39,0,1,-196.54,0.2631578947368421,0,0.3684210526315789,1,0,0.16666666666666666,-3.26,0.05555555555555555,0,0,0.05555555555555555,-2.35,0,0.0,0,-2.11,0.05555555555555555,0",-35.59,-9.78,-0.46,nan,52.6
UAGACCAUUGUCUCACACU,CAUGAUCCCCCCAAGGUGAAGUGUGAGACAAUGGUCUAUCACCCCAACAUUGACCUC,0.6868008948545862,1,"0.3,-1.33,-7.69,1,0,-182.35000000000002,0.3157894736842105,0,0.10526315789473684,0,0,0.0,-2.08,0.05555555555555555,0,0,0.05555555555555555,-2.08,0,0.0,0,-2.35,0.05555555555555555,0",-32.32,-8.15,0.3,nan,42.1
CAUUGUCUCACACUUCACC,ACCCGCAUGAUCCCCCCAAGGUGAAGUGUGAGACAAUGGUCUAUCACCCCAACAUUG,0.6092468307233407,1,"0.7,-2.11,-10.44,0,0,-188.88,0.3157894736842105,0,0.05263157894736842,0,0,0.0,-1.1,0.0,0,1,0.05555555555555555,-3.26,0,0.0,0,-2.08,0.1111111111111111,0",-32.85,-5.82,0.7,nan,47.4
CAUGCGGGUAACCCUGGCC,UGUGUUCAGUUUUAAGGUGGGCCAGGGUUACCCGCAUGAUCCCCCCAAGGUGAAGUG,0.5503355704697986,1,"0.7,-2.11,-10.44,0,0,-205.62,0.15789473684210525,0,0.3157894736842105,0,0,0.16666666666666666,-1.1,0.05555555555555555,0,1,0.16666666666666666,-3.26,0,0.1111111111111111,0,-3.26,0.0,0",-40.92,-10.97,0.7,nan,68.4
AUGCGGGUAACCCUGGCCC,UUGUGUUCAGUUUUAAGGUGGGCCAGGGUUACCCGCAUGAUCCCCCCAAGGUGAAGU,0.5913497390007457,1,"2.16,-1.1,-9.38,0,0,-204.84999999999997,0.15789473684210525,0,0.3157894736842105,0,0,0.16666666666666666,-2.11,0.05555555555555555,1,0,0.2222222222222222,-3.26,0,0.1111111111111111,0,-2.08,0.0,0",-41.62,-11.66,2.16,nan,68.4
GCGGGUAACCCUGGCCCAC,GUUUGUGUUCAGUUUUAAGGUGGGCCAGGGUUACCCGCAUGAUCCCCCCAAGGUGAA,0.4205816554809843,0,"-0.73,-3.42,-14.88,0,1,-210.59,0.10526315789473684,0,0.3157894736842105,0,1,0.16666666666666666,-2.36,0.05555555555555555,0,0,0.2222222222222222,-2.24,0,0.1111111111111111,0,-3.26,0.0,0",-43.21,-8.84,-0.73,nan,73.7
GUAACCCUGGCCCACCUUA,GGAAGUUUGUGUUCAGUUUUAAGGUGGGCCAGGGUUACCCGCAUGAUCCCCCCAAGG,0.5212527964205816,0,"-1.36,-2.24,-11.4,0,1,-192.95000000000002,0.21052631578947367,0,0.15789473684210525,0,0,0.05555555555555555,-1.33,0.1111111111111111,1,0,0.2777777777777778,-1.33,0,0.05555555555555555,0,-2.11,0.05555555555555555,1",-38.06,-8.11,-1.36,nan,57.9
GCCCACCUUAAAACUGAAC,ACAAGAGUGGGAAGUUUGUGUUCAGUUUUAAGGUGGGCCAGGGUUACCCGCAUGAUC,0.4019388516032812,0,"-0.73,-3.42,-14.88,0,1,-181.70999999999998,0.15789473684210525,0,0.10526315789473684,0,1,0.0,-3.26,0.05555555555555555,0,0,0.16666666666666666,-2.24,0,0.05555555555555555,0,-2.24,0.05555555555555555,0",-32.54,-11.67,-0.73,nan,47.4
CCUUAAAACUGAACACAAA,CUUCUACAAGAGUGGGAAGUUUGUGUUCAGUUUUAAGGUGGGCCAGGGUUACCCGCA,0.3810589112602535,0,"-2.33,-3.26,-13.39,0,0,-160.41,0.15789473684210525,0,0.05263157894736842,0,0,0.0,-2.08,0.05555555555555555,0,1,0.05555555555555555,-0.93,1,0.0,0,-2.24,0.05555555555555555,1",-26.12,-2.59,-2.33,nan,31.6
ACACAAACUUCCCACUCUU,UCCUGAUGAGGGCUUCUACAAGAGUGGGAAGUUUGUGUUCAGUUUUAAGGUGGGCCA,0.6346010439970171,1,"-0.86,-2.24,-11.4,0,0,-176.24999999999997,0.2631578947368421,0,0.0,0,0,0.0,-2.11,0.0,0,0,0.1111111111111111,-0.93,0,0.0,0,-2.11,0.1111111111111111,0",-31.48,-6.47,-0.86,nan,42.1
AAACUUCCCACUCUUGUAG,UCUGUCCUGAUGAGGGCUUCUACAAGAGUGGGAAGUUUGUGUUCAGUUUUAAGGUGG,0.651006711409396,1,"1.6,-0.93,-6.82,0,0,-176.29999999999998,0.3157894736842105,0,0.10526315789473684,0,0,0.0,-0.93,0.05555555555555555,0,0,0.1111111111111111,-2.08,0,0.0,0,-2.08,0.1111111111111111,0",-30.99,-7.25,1.6,nan,42.1
ACUUCCCACUCUUGUAGAA,CAUCUGUCCUGAUGAGGGCUUCUACAAGAGUGGGAAGUUUGUGUUCAGUUUUAAGGU,0.5137956748695003,0,"-0.86,-2.24,-11.4,0,0,-178.2,0.3157894736842105,0,0.10526315789473684,0,0,0.0,-2.08,0.05555555555555555,0,0,0.1111111111111111,-0.93,0,0.0,0,-2.11,0.1111111111111111,1",-31.96,-9.45,-0.86,nan,42.1
CUUCCCACUCUUGUAGAAG,UCAUCUGUCCUGAUGAGGGCUUCUACAAGAGUGGGAAGUUUGUGUUCAGUUUUAAGG,0.5659955257270693,1,"0.0,-2.08,-10.48,0,0,-184.71999999999997,0.3157894736842105,0,0.15789473684210525,0,0,0.0,-0.93,0.05555555555555555,1,1,0.1111111111111111,-2.08,0,0.0,0,-2.24,0.1111111111111111,0",-32.7,-9.61,0.0,nan,47.4
UCUUGUAGAAGCCCUCAUC,CAAGCUGGUCAUCUGUCCUGAUGAGGGCUUCUACAAGAGUGGGAAGUUUGUGUUCAG,0.6167039522744221,1,"0.9,-2.35,-12.44,1,0,-188.99999999999997,0.3157894736842105,0,0.15789473684210525,0,0,0.0,-2.08,0.05555555555555555,0,0,0.1111111111111111,-2.35,0,0.05555555555555555,0,-3.26,0.05555555555555555,0",-33.87,-6.68,0.9,nan,47.4
UGUAGAAGCCCUCAUCAGG,CUUCAAGCUGGUCAUCUGUCCUGAUGAGGGCUUCUACAAGAGUGGGAAGUUUGUGUU,0.5809097688292321,1,"1.6,-2.11,-10.44,1,0,-193.57,0.21052631578947367,0,0.2631578947368421,0,0,0.05555555555555555,-2.24,0.05555555555555555,0,0,0.1111111111111111,-3.26,0,0.05555555555555555,0,-2.11,0.0,0",-35.96,-6.92,1.6,nan,52.6
UAGAAGCCCUCAUCAGGAC,AACUUCAAGCUGGUCAUCUGUCCUGAUGAGGGCUUCUACAAGAGUGGGAAGUUUGUG,0.5988068605518271,1,"1.36,-1.33,-7.69,1,0,-195.56999999999996,0.15789473684210525,0,0.21052631578947367,0,0,0.05555555555555555,-2.08,0.05555555555555555,0,0,0.1111111111111111,-2.24,0,0.05555555555555555,0,-2.35,0.0,0",-36.2,-9.58,1.36,nan,52.6
CCCUCAUCAGGACAGAUGA,CUCCUCAACUUCAAGCUGGUCAUCUGUCCUGAUGAGGGCUUCUACAAGAGUGGGAAG,0.4287844891871737,0,"-1.36,-3.26,-13.39,0,0,-198.39999999999998,0.15789473684210525,0,0.21052631578947367,0,0,0.05555555555555555,-3.26,0.0,0,1,0.1111111111111111,-2.35,1,0.0,0,-2.11,0.0,1",-36.11,-9.16,-1.36,nan,52.6
CCUCAUCAGGACAGAUGAC,CCUCCUCAACUUCAAGCUGGUCAUCUGUCCUGAUGAGGGCUUCUACAAGAGUGGGAA,0.4392244593586875,0,"-0.57,-3.26,-13.39,0,0,-200.13,0.15789473684210525,0,0.21052631578947367,0,0,0.05555555555555555,-2.08,0.0,0,1,0.05555555555555555,-2.24,1,0.0,0,-2.08,0.0,0",-35.54,-7.56,-0.57,nan,52.6
CAUCAGGACAGAUGACCAG,CGACCUCCUCAACUUCAAGCUGGUCAUCUGUCCUGAUGAGGGCUUCUACAAGAGUGG,0.5719612229679344,1,"-0.03,-2.11,-10.44,0,0,-198.12999999999997,0.10526315789473684,0,0.2631578947368421,0,0,0.05555555555555555,-1.1,0.0,0,1,0.05555555555555555,-2.08,0,0.0,0,-2.11,0.0,0",-35.3,-8.26,-0.03,nan,52.6
ACAGAUGACCAGCUUGAAG,AUCCAGACGACCUCCUCAACUUCAAGCUGGUCAUCUGUCCUGAUGAGGGCUUCUACA,0.5741983594332588,1,"0.74,-2.24,-11.4,0,0,-187.75999999999996,0.15789473684210525,0,0.2631578947368421,0,0,0.0,-2.11,0.0,0,0,0.05555555555555555,-2.08,0,0.05555555555555555,0,-2.08,0.05555555555555555,0",-33.39,-7.56,0.74,nan,47.4
GUCGUCUGGAUCUGAGAAG,CCAAGACGUGUGAUAUCAGCUUCUCAGAUCCAGACGACCUCCUCAACUUCAAGCUGG,0.4891871737509322,0,"-0.16,-2.24,-11.4,0,1,-196.85999999999996,0.2631578947368421,0,0.3684210526315789,0,0,0.05555555555555555,-2.35,0.0,1,0,0.0,-2.08,0,0.0,0,-2.11,0.0,0",-34.68,-8.95,-0.16,nan,52.6
GUCUGGAUCUGAGAAGCUG,UGCCCAAGACGUGUGAUAUCAGCUUCUCAGAUCCAGACGACCUCCUCAACUUCAAGC,0.5913497390007457,1,"-0.13,-2.24,-11.4,0,1,-198.17999999999995,0.2631578947368421,0,0.3684210526315789,0,0,0.05555555555555555,-2.35,0.0,1,0,0.0,-2.11,0,0.05555555555555555,0,-2.35,0.0,0",-35.34,-8.26,-0.13,nan,52.6
GAUCUGAGAAGCUGAUAUC,GAACCUGCCCAAGACGUGUGAUAUCAGCUUCUCAGAUCCAGACGACCUCCUCAACUU,0.4511558538404175,0,"0.0,-2.35,-12.44,0,1,-191.35999999999999,0.2631578947368421,0,0.2631578947368421,0,0,0.0,-1.1,0.05555555555555555,0,0,0.0,-2.35,0,0.05555555555555555,0,-2.11,0.0,0",-31.53,-7.53,0.0,nan,42.1
UCUGAGAAGCUGAUAUCAC,CUGAACCUGCCCAAGACGUGUGAUAUCAGCUUCUCAGAUCCAGACGACCUCCUCAAC,0.5242356450410142,1,"0.79,-2.35,-12.44,1,0,-187.66,0.2631578947368421,0,0.21052631578947367,0,0,0.0,-2.08,0.05555555555555555,0,0,0.0,-2.24,0,0.05555555555555555,0,-1.1,0.0,0",-31.98,-7.36,0.79,nan,42.1
GUCUUGGGCAGGUUCAGCU,AUCCAGAAGGACAUAAACGAGCUGAACCUGCCCAAGACGUGUGAUAUCAGCUUCUCA,0.5354213273676359,1,"-1.06,-2.24,-11.4,0,1,-197.15999999999997,0.3157894736842105,0,0.3684210526315789,0,0,0.16666666666666666,-2.35,0.0,1,0,0.0,-2.08,0,0.1111111111111111,0,-0.93,0.1111111111111111,0",-37.77,-9.45,-1.06,nan,57.9
CUUGGGCAGGUUCAGCUCG,GGAUCCAGAAGGACAUAAACGAGCUGAACCUGCCCAAGACGUGUGAUAUCAGCUUCU,0.5361670395227442,1,"-0.17,-2.08,-10.48,0,0,-200.12,0.2631578947368421,0,0.3684210526315789,0,0,0.16666666666666666,-0.93,0.0,1,1,0.0,-2.36,0,0.1111111111111111,0,-2.11,0.1111111111111111,0",-38.34,-10.1,-0.17,nan,63.2
UUGGGCAGGUUCAGCUCGU,CGGAUCCAGAAGGACAUAAACGAGCUGAACCUGCCCAAGACGUGUGAUAUCAGCUUC,0.4921700223713647,0,"0.86,-0.93,-6.82,1,0,-193.6,0.3157894736842105,1,0.3684210526315789,0,0,0.16666666666666666,-2.11,0.0,1,0,0.0,-2.24,0,0.1111111111111111,0,-2.08,0.1111111111111111,0",-37.6,-11.7,0.86,nan,57.9
CGUUUAUGUCCUUCUGGAU,GUCGGCGGCGCAGCUGCGGAUCCAGAAGGACAUAAACGAGCUGAACCUGCCCAAGAC,0.4205816554809843,0,"-1.26,-2.36,-10.64,0,0,-178.95999999999998,0.47368421052631576,0,0.21052631578947367,0,0,0.05555555555555555,-2.24,0.05555555555555555,0,1,0.05555555555555555,-1.1,0,0.0,1,-2.35,0.16666666666666666,0",-30.57,-4.55,-1.26,nan,42.1
GAUCCGCAGCUGCGCCGCC,GCAGCAGCAAGAAGGCGUCGGCGGCGCAGCUGCGGAUCCAGAAGGACAUAAACGAGC,0.5346756152125279,1,"0.46,-2.35,-12.44,0,1,-218.97999999999996,0.10526315789473684,0,0.3157894736842105,0,0,0.0,-1.1,0.0,0,0,0.16666666666666666,-3.26,0,0.2777777777777778,0,-2.36,0.0,0",-44.05,-9.61,0.46,nan,78.9
AUCCGCAGCUGCGCCGCCG,GGCAGCAGCAAGAAGGCGUCGGCGGCGCAGCUGCGGAUCCAGAAGGACAUAAACGAG,0.5212527964205816,0,"1.26,-1.1,-9.38,0,0,-213.45999999999992,0.10526315789473684,0,0.3157894736842105,0,0,0.0,-2.35,0.0,1,0,0.16666666666666666,-2.36,0,0.2777777777777778,0,-3.42,0.0,0",-43.61,-11.04,1.26,nan,78.9
AGCUGCGCCGCCGACGCCU,ACCAAGGGCAGCAGCAAGAAGGCGUCGGCGGCGCAGCUGCGGAUCCAGAAGGACAUA,0.3855331841909023,0,"0.0,-2.08,-10.48,0,0,-211.79999999999998,0.10526315789473684,0,0.3157894736842105,0,0,0.0,-3.42,0.0,0,0,0.16666666666666666,-2.08,0,0.2777777777777778,0,-2.35,0.0,0",-44.27,-12.72,0.0,nan,78.9
CCGACGCCUUCUUGCUGCU,GGCGGGCGGCACCAAGGGCAGCAGCAAGAAGGCGUCGGCGGCGCAGCUGCGGAUCCA,0.395227442207308,0,"-1.63,-3.26,-13.39,0,0,-198.08999999999997,0.3157894736842105,0,0.21052631578947367,0,0,0.0,-2.36,0.0,0,1,0.1111111111111111,-2.08,1,0.16666666666666666,0,-2.11,0.1111111111111111,0",-38.3,-11.9,-1.63,nan,63.2
GACGCCUUCUUGCUGCUGC,UCGGCGGGCGGCACCAAGGGCAGCAGCAAGAAGGCGUCGGCGGCGCAGCUGCGGAUC,0.4548844146159582,0,"0.62,-2.35,-12.44,0,1,-203.09999999999997,0.3157894736842105,0,0.2631578947368421,0,0,0.0,-2.24,0.0,0,0,0.05555555555555555,-3.42,0,0.2222222222222222,0,-2.08,0.1111111111111111,0",-38.66,-9.3,0.62,nan,63.2
CGCCUUCUUGCUGCUGCCC,AGUCGGCGGGCGGCACCAAGGGCAGCAGCAAGAAGGCGUCGGCGGCGCAGCUGCGGA,0.4392244593586875,0,"0.9,-2.36,-10.64,0,0,-206.03999999999996,0.3157894736842105,0,0.21052631578947367,0,0,0.0,-3.42,0.0,0,1,0.16666666666666666,-3.26,0,0.2222222222222222,1,-3.42,0.1111111111111111,0",-40.59,-9.58,0.9,nan,68.4
GCUGCCCUUGGUGCCGCCC,AGAAGGAGGAGGAGUCGGCGGGCGGCACCAAGGGCAGCAGCAAGAAGGCGUCGGCGG,0.4839671886651752,0,"-0.16,-3.42,-14.88,0,1,-217.39,0.21052631578947367,0,0.3157894736842105,0,1,0.05555555555555555,-2.08,0.0,0,0,0.2777777777777778,-3.26,0,0.2222222222222222,0,-3.42,0.05555555555555555,0",-45.17,-11.67,-0.16,nan,78.9
UUGGUGCCGCCCGCCGACU,CAGCAGAAGAAGGAGGAGGAGUCGGCGGGCGGCACCAAGGGCAGCAGCAAGAAGGCG,0.5488441461595824,1,"0.7,-0.93,-6.82,1,0,-205.88,0.21052631578947367,1,0.3157894736842105,0,0,0.05555555555555555,-2.11,0.0,1,0,0.2222222222222222,-2.08,0,0.16666666666666666,0,-3.42,0.05555555555555555,0",-42.71,-11.86,0.7,nan,73.7
UGGUGCCGCCCGCCGACUC,XCAGCAGAAGAAGGAGGAGGAGUCGGCGGGCGGCACCAAGGGCAGCAGCAAGAAGGC,0.395227442207308,0,"1.14,-2.11,-10.44,1,0,-215.21999999999997,0.15789473684210525,0,0.3157894736842105,0,0,0.05555555555555555,-3.26,0.0,0,0,0.2222222222222222,-2.35,0,0.16666666666666666,0,-3.26,0.0,0",-44.58,-12.56,1.14,nan,78.9
UGCCGCCCGCCGACUCCUC,XXXXCAGCAGAAGAAGGAGGAGGAGUCGGCGGGCGGCACCAAGGGCAGCAGCAAGAA,0.4466815809097688,0,"1.14,-2.11,-10.44,1,0,-216.29999999999998,0.15789473684210525,0,0.21052631578947367,0,0,0.0,-3.42,0.0,0,0,0.2777777777777778,-2.35,0,0.16666666666666666,0,-2.24,0.0,0",-44.66,-14.89,1.14,nan,78.9
CCCGCCGACUCCUCCUCCU,XXXXXXXXXCAGCAGAAGAAGGAGGAGGAGUCGGCGGGCGGCACCAAGGGCAGCAGC,0.3109619686800894,0,"-1.63,-3.26,-13.39,0,0,-212.24999999999997,0.21052631578947367,0,0.10526315789473684,0,0,0.0,-3.26,0.0,0,1,0.3333333333333333,-2.08,1,0.05555555555555555,0,-2.35,0.0,0",-43.12,-12.47,-1.63,nan,73.7
GACUCCUCCUCCUUCUUCU,XXXXXXXXXXXXXXXCAGCAGAAGAAGGAGGAGGAGUCGGCGGGCGGCACCAAGGGC,0.4429530201342281,0,"-1.17,-2.35,-12.44,0,1,-195.39999999999995,0.42105263157894735,0,0.05263157894736842,0,0,0.0,-2.24,0.0,0,0,0.16666666666666666,-2.08,0,0.0,0,-0.93,0.1111111111111111,0",-35.92,-9.82,-1.17,nan,52.6
ACUGGAAGUCUGUGUCCGU,GAUGCCACCCGACGCCCUCACGGACACAGACUUCCAGUCXXXXXXXXXXXXXXXXXX,0.639075316927666,1,"0.0,-2.24,-11.4,0,0,-190.27,0.3157894736842105,0,0.3157894736842105,0,0,0.05555555555555555,-2.08,0.0,0,0,0.05555555555555555,-2.24,0,0.0,0,-2.11,0.0,0",-35.64,-8.72,0.0,nan,52.6
GUCUGUGUCCGUGAGGGCG,AGUUGCUGAUGCCACCCGACGCCCUCACGGACACAGACUUCCAGUCXXXXXXXXXXX,0.4407158836689038,0,"-0.33,-2.24,-11.4,0,1,-207.91999999999996,0.2631578947368421,0,0.47368421052631576,0,0,0.1111111111111111,-2.35,0.0,1,0,0.05555555555555555,-2.36,0,0.05555555555555555,0,-2.35,0.0,0",-40.33,-8.14,-0.33,nan,68.4
CUCAUCUUGGGAUGAGGAU,CAGGGGAUGAGCCCCCAUCAUCCUCAUCCCAAGAUGAGGAGUUGCUGAUGCCACCCG,0.401193139448173,0,"-1.43,-2.08,-10.48,0,0,-192.76,0.3157894736842105,0,0.3157894736842105,0,0,0.16666666666666666,-2.35,0.0,1,1,0.0,-1.1,0,0.0,0,-2.11,0.05555555555555555,0",-33.79,-5.93,-1.43,nan,47.4
GGGGCUCAUCCCCUGAGCU,UGGGGAUGGGGCUCCUGGGAGCUCAGGGGAUGAGCCCCCAUCAUCCUCAUCCCAAGA,0.3206562266964951,0,"-1.63,-3.26,-13.39,0,1,-212.26999999999995,0.21052631578947367,0,0.3157894736842105,1,0,0.16666666666666666,-3.26,0.0,0,0,0.16666666666666666,-2.08,0,0.1111111111111111,0,-2.08,0.0,0",-42.55,-11.94,-1.63,nan,68.4
CCUGAGCUCCCAGGAGCCC,GUGGACGGGGAUGGGGAUGGGGCUCCUGGGAGCUCAGGGGAUGAGCCCCCAUCAUCC,0.2706935123042505,0,"0.0,-3.26,-13.39,0,0,-217.08999999999997,0.10526315789473684,0,0.2631578947368421,0,0,0.05555555555555555,-2.08,0.0,0,1,0.2777777777777778,-3.26,1,0.1111111111111111,0,-3.26,0.0,0",-43.98,-9.58,0.0,nan,73.7
CUCCCAGGAGCCCCAUCCC,UCAGAGGUGGACGGGGAUGGGGAUGGGGCUCCUGGGAGCUCAGGGGAUGAGCCCCCA,0.3228933631618195,0,"0.73,-2.08,-10.48,0,0,-217.40999999999997,0.10526315789473684,0,0.15789473684210525,0,0,0.05555555555555555,-2.35,0.0,1,1,0.3888888888888889,-3.26,0,0.05555555555555555,0,-3.26,0.0,0",-44.02,-11.78,0.73,nan,73.7
CAUCCCCGUCCACCUCUGA,CGCUCAGGUGCUGCAGGACUCAGAGGUGGACGGGGAUGGGGAUGGGGCUCCUGGGAG,0.2199850857568978,0,"-0.66,-2.11,-10.44,0,0,-204.47999999999996,0.21052631578947367,0,0.10526315789473684,0,0,0.0,-1.1,0.0,0,1,0.2777777777777778,-2.35,0,0.0,0,-3.26,0.0,1",-39.59,-11.05,-0.66,nan,63.2
UCUGAGUCCUGCAGCACCU,UCUGCGAAAUACAUCGCUCAGGUGCUGCAGGACUCAGAGGUGGACGGGGAUGGGGAU,0.4608501118568233,0,"-0.27,-2.35,-12.44,1,0,-199.77,0.2631578947368421,0,0.21052631578947367,0,0,0.0,-2.08,0.0,0,0,0.1111111111111111,-2.08,0,0.1111111111111111,0,-2.08,0.0,0",-38.74,-9.12,-0.27,nan,57.9
AUUUCGCAGAUUUGGGGAC,GCCCCCCACUGCUGCUGCUGUCCCCAAAUCUGCGAAAUACAUCGCUCAGGUGCUGCA,0.6114839671886652,1,"1.59,-1.1,-9.38,0,0,-184.48,0.3157894736842105,0,0.3157894736842105,0,0,0.16666666666666666,-0.93,0.0,1,0,0.0,-2.24,0,0.05555555555555555,0,-2.11,0.2222222222222222,0",-32.53,-7.11,1.59,nan,47.4
UUGCUUCUGGGGUCCACAG,GAGCACACGGAGACAGAUACUGUGGACCCCAGAAGCAAUGGACGGCCCCCCACUGCU,0.5622669649515287,1,"1.6,-0.93,-6.82,1,0,-195.63,0.3157894736842105,1,0.3157894736842105,0,0,0.16666666666666666,-2.11,0.0,1,0,0.05555555555555555,-2.08,0,0.05555555555555555,0,-2.35,0.1111111111111111,0",-37.64,-7.98,1.6,nan,57.9
UCUUGUAGUUGUGGGCACU,UGGACACUUCAAAUACCUCAGUGCCCACAACUACAAGAUUGAGCACACGGAGACAGA,0.6092468307233407,1,"-0.27,-2.35,-12.44,1,0,-183.17999999999998,0.42105263157894735,0,0.3157894736842105,0,0,0.1111111111111111,-2.08,0.05555555555555555,0,0,0.0,-2.08,0,0.05555555555555555,0,-3.26,0.1111111111111111,0",-34.13,-6.68,-0.27,nan,47.4
CACUGAGGUAUUUGAAGUG,CUGCCACGUCUGCUUUGGACACUUCAAAUACCUCAGUGCCCACAACUACAAGAUUGA,0.4101416853094706,0,"0.0,-2.11,-10.44,0,0,-179.58999999999997,0.3157894736842105,0,0.3157894736842105,0,0,0.05555555555555555,-2.24,0.05555555555555555,0,1,0.0,-2.11,0,0.0,0,-2.11,0.1111111111111111,0",-30.49,-9.58,0.0,nan,42.1
CAGACGUGGCAGAGACAGA,CUGGUCAUCACCAUCGUCAUCUGUCUCUGCCACGUCUGCUUUGGACACUUCAAAUAC,0.5093214019388517,0,"-0.66,-2.11,-10.44,0,0,-199.21999999999997,0.05263157894736842,0,0.3684210526315789,0,0,0.05555555555555555,-2.08,0.0,0,1,0.0,-2.35,0,0.05555555555555555,0,-2.08,0.0,1",-37.38,-8.84,-0.66,nan,57.9
ACAUAGACGUGGGAGCUAG,CACCAUGCGCACGGGGUUCCUAGCUCCCACGUCUAUGUUCACAUUUGUGGUCCUGGU,0.4973900074571216,0,"0.74,-2.24,-11.4,0,0,-191.60999999999999,0.15789473684210525,0,0.3684210526315789,0,0,0.1111111111111111,-2.11,0.1111111111111111,0,0,0.0,-2.08,0,0.05555555555555555,0,-2.35,0.0,0",-35.48,-7.12,0.74,nan,52.6
AUAGACGUGGGAGCUAGGA,UCCACCAUGCGCACGGGGUUCCUAGCUCCCACGUCUAUGUUCACAUUUGUGGUCCUG,0.5943325876211782,1,"0.8,-1.1,-9.38,0,0,-191.88,0.15789473684210525,0,0.42105263157894735,0,0,0.16666666666666666,-1.33,0.1111111111111111,1,0,0.0,-2.35,0,0.05555555555555555,0,-3.42,0.0,1",-36.29,-7.61,0.8,nan,52.6
ACGUGGGAGCUAGGAACCC,CUUUUCCACCAUGCGCACGGGGUUCCUAGCUCCCACGUCUAUGUUCACAUUUGUGGU,0.4317673378076062,0,"1.47,-2.24,-11.4,0,0,-200.61,0.10526315789473684,0,0.3684210526315789,0,0,0.16666666666666666,-2.36,0.05555555555555555,0,0,0.1111111111111111,-3.26,0,0.05555555555555555,0,-3.26,0.0,0",-39.57,-11.04,1.47,nan,63.2
CAGAAGAGGCAGAGGAUGG,AACCAGGUGGUGGCCGCGCCCAUCCUCUGCCUCUUCUGGCUGCUCUUCUUUUCCACC,0.3967188665175242,0,"0.7,-2.11,-10.44,0,0,-201.11999999999995,0.05263157894736842,0,0.47368421052631576,0,0,0.16666666666666666,-2.08,0.0,0,1,0.0,-3.26,0,0.05555555555555555,0,-2.08,0.0,0",-37.27,-7.33,0.7,nan,57.9
CUUCUUGUCCAGCUUGGCC,UCUACUACGCCUACCUGCCGGCCAAGCUGGACAAGAAGAUCCACUCGGGGGCUGUGA,0.4847129008202834,0,"0.73,-2.08,-10.48,0,0,-196.29999999999995,0.3684210526315789,0,0.21052631578947367,0,0,0.05555555555555555,-0.93,0.0,1,1,0.1111111111111111,-3.26,0,0.1111111111111111,0,-2.08,0.16666666666666666,0",-36.91,-5.65,0.73,nan,57.9
UGUCCAGCUUGGCCGGCAG,CAAUCUCUACUACGCCUACCUGCCGGCCAAGCUGGACAAGAAGAUCCACUCGGGGGC,0.4862043251304996,0,"0.87,-2.11,-10.44,1,0,-205.36999999999998,0.21052631578947367,0,0.3684210526315789,0,0,0.1111111111111111,-2.24,0.0,0,0,0.1111111111111111,-2.08,0,0.16666666666666666,0,-3.26,0.05555555555555555,0",-41.32,-11.37,0.87,nan,68.4
CUACCAGGUGCUUCAGCAG,CUUCGGGCUCAUGUACAUGCUGCUGAAGCACCUGGUAGACAGGUACAAUCUCUACUA,0.5592841163310962,1,"0.0,-2.08,-10.48,0,0,-196.83999999999997,0.21052631578947367,0,0.2631578947368421,0,0,0.05555555555555555,-1.33,0.05555555555555555,1,1,0.05555555555555555,-2.08,0,0.1111111111111111,0,-2.35,0.05555555555555555,0",-37.2,-9.74,0.0,nan,57.9
UACCAGGUGCUUCAGCAGC,CCUUCGGGCUCAUGUACAUGCUGCUGAAGCACCUGGUAGACAGGUACAAUCUCUACU,0.6144668158090977,1,"2.09,-1.33,-7.69,1,0,-197.51999999999998,0.21052631578947367,0,0.2631578947368421,0,0,0.05555555555555555,-2.24,0.05555555555555555,0,0,0.05555555555555555,-3.42,0,0.16666666666666666,0,-2.11,0.05555555555555555,0",-38.09,-10.2,2.09,nan,57.9
AUGACCACCGUGAAGACGC,GCCUACGCCUGGAUGAUGUGCGUCUUCACGGUGGUCAUGACCUACAGUAUCACCUGC,0.5659955257270693,1,"2.32,-1.1,-9.38,0,0,-196.52999999999997,0.10526315789473684,0,0.2631578947368421,0,0,0.0,-2.11,0.0,1,0,0.1111111111111111,-3.42,0,0.05555555555555555,0,-0.93,0.0,0",-36.57,-9.77,2.32,nan,57.9
GCGUAGGCUGCGCCAAACU,CAUCAGGCCUACGAGUUCCAGUUUGGCGCAGCCUACGCCUGGAUGAUGUGCGUCUUC,0.4541387024608501,0,"-1.79,-3.42,-14.88,0,1,-196.7,0.15789473684210525,0,0.3157894736842105,0,1,0.05555555555555555,-2.36,0.05555555555555555,0,0,0.05555555555555555,-2.08,0,0.2222222222222222,0,-3.26,0.0,0",-38.51,-10.6,-1.79,nan,63.2
UGAUGCCGCUUCACGUUGC,CGCUCGGCCGCCGAGAGGCGCAACGUGAAGCGGCAUCAGGCCUACGAGUUCCAGUUU,0.5398956002982849,1,"1.76,-2.11,-10.44,1,0,-194.92,0.3157894736842105,0,0.2631578947368421,0,0,0.0,-2.35,0.0,0,0,0.05555555555555555,-3.42,0,0.16666666666666666,0,-2.24,0.1111111111111111,0",-36.36,-10.51,1.76,nan,57.9
GCUUCACGUUGCGCCUCUC,CCUGGCGCGCUCGGCCGCCGAGAGGCGCAACGUGAAGCGGCAUCAGGCCUACGAGUU,0.4235645041014168,0,"-0.62,-3.42,-14.88,0,1,-201.77999999999997,0.3157894736842105,0,0.21052631578947367,0,1,0.0,-2.08,0.0,0,0,0.05555555555555555,-2.35,0,0.16666666666666666,0,-3.42,0.1111111111111111,0",-38.0,-7.98,-0.62,nan,63.2
UUGCGCCUCUCGGCGGCCG,CGGCUCUGCCUGGCGCGCUCGGCCGCCGAGAGGCGCAACGUGAAGCGGCAUCAGGCC,0.5436241610738255,1,"1.43,-0.93,-6.82,1,0,-211.40999999999997,0.21052631578947367,1,0.3684210526315789,0,0,0.1111111111111111,-2.11,0.0,1,0,0.1111111111111111,-2.36,0,0.2222222222222222,0,-3.42,0.05555555555555555,0",-43.52,-11.66,1.43,nan,78.9
GGAUCAUGUACAUGAGCAG,CCUGCUGCGCAUCCCAGGCCUGCUCAUGUACAUGAUCCGGCUCUGCCUGGCGCGCUC,0.3653989560029828,0,"-0.73,-3.26,-13.39,0,1,-193.76999999999998,0.21052631578947367,0,0.3157894736842105,1,0,0.05555555555555555,-2.35,0.05555555555555555,0,0,0.0,-2.08,0,0.05555555555555555,0,-2.11,0.0,0",-33.46,-7.03,-0.73,nan,47.4
UCAUGUACAUGAGCAGGCC,GGACCUGCUGCGCAUCCCAGGCCUGCUCAUGUACAUGAUCCGGCUCUGCCUGGCGCG,0.5361670395227442,1,"1.36,-2.35,-12.44,1,0,-196.49999999999994,0.21052631578947367,0,0.2631578947368421,0,0,0.05555555555555555,-2.11,0.05555555555555555,0,0,0.05555555555555555,-3.26,0,0.1111111111111111,0,-3.42,0.0,0",-36.24,-7.04,1.36,nan,52.6
AGCAGGUCCAUGGCGUUGC,AUUGCCUCAGCCUUUAUCGGCAACGCCAUGGACCUGCUGCGCAUCCCAGGCCUGCUC,0.5302013422818792,1,"1.79,-2.08,-10.48,0,0,-202.28,0.21052631578947367,0,0.3684210526315789,0,0,0.1111111111111111,-3.42,0.0,0,0,0.05555555555555555,-3.42,0,0.16666666666666666,0,-3.42,0.05555555555555555,0",-39.32,-11.37,1.79,nan,63.2
UCCAUGGCGUUGCCGAUAA,UACGUCAUUGCCUCAGCCUUUAUCGGCAACGCCAUGGACCUGCUGCGCAUCCCAGGC,0.4675615212527964,0,"-0.97,-2.35,-12.44,1,0,-187.84999999999997,0.2631578947368421,0,0.2631578947368421,0,0,0.05555555555555555,-3.26,0.05555555555555555,0,0,0.1111111111111111,-0.93,0,0.1111111111111111,0,-3.26,0.05555555555555555,1",-35.01,-11.17,-0.97,nan,52.6
GAAAGUGUAGCACUUGUGC,GGGAGAACAGGACAACCAUGCACAAGUGCUACACUUUCCUCAUCUUCAUGGUGCUGC,0.6234153616703952,1,"0.62,-2.35,-12.44,0,1,-185.54,0.2631578947368421,0,0.3157894736842105,0,0,0.0,-0.93,0.05555555555555555,0,0,0.0,-3.42,0,0.1111111111111111,0,-2.08,0.05555555555555555,0",-32.86,-5.54,0.62,nan,47.4
AAAGUGUAGCACUUGUGCA,GGGGAGAACAGGACAACCAUGCACAAGUGCUACACUUUCCUCAUCUUCAUGGUGCUG,0.7390007457121551,1,"0.73,-0.93,-6.82,0,0,-176.1,0.2631578947368421,0,0.2631578947368421,0,0,0.0,-0.93,0.05555555555555555,0,0,0.0,-2.11,0,0.1111111111111111,0,-0.93,0.05555555555555555,1",-31.72,-5.94,0.73,nan,42.1
GGAGGGCCGAGAAGCACCA,CUUCCCCACCCUGCUGCUGUGGUGCUUCUCGGCCCUCCUUCCCACCAUCGUCUACUA,0.4854586129753915,0,"-1.6,-3.26,-13.39,0,1,-207.88,0.0,0,0.42105263157894735,1,0,0.16666666666666666,-2.35,0.0,0,0,0.1111111111111111,-2.11,0,0.1111111111111111,0,-2.08,0.0,1",-41.64,-13.54,-1.6,nan,68.4
GGUGGGGAAGAACUGGGUG,ACCUCAACAACCCCAUCAUCACCCAGUUCUUCCCCACCCUGCUGCUGUGGUGCUUCU,0.41834451901566,0,"-0.7,-3.26,-13.39,0,1,-201.73,0.15789473684210525,0,0.5789473684210527,1,0,0.3333333333333333,-2.24,0.0,0,0,0.0,-2.11,0,0.0,0,-2.08,0.0,0",-39.24,-11.94,-0.7,nan,63.2
UCCAUGGUGGUGAUGAUGA,UUCCUCACCACUCCAGCCAUCAUCAUCACCACCAUGGACAAGUUCAACGUCACCAAG,0.5906040268456376,1,"0.0,-2.35,-12.44,1,0,-192.45999999999998,0.3157894736842105,0,0.3684210526315789,0,0,0.1111111111111111,-3.26,0.0,0,0,0.05555555555555555,-2.35,0,0.0,0,-1.1,0.0,1",-34.63,-9.54,0.0,nan,47.4
CCAUGGUGGUGAUGAUGAU,CUUCCUCACCACUCCAGCCAUCAUCAUCACCACCAUGGACAAGUUCAACGUCACCAA,0.4436987322893363,0,"-2.16,-3.26,-13.39,0,0,-193.11999999999998,0.3157894736842105,0,0.3684210526315789,0,0,0.1111111111111111,-2.11,0.0,0,1,0.05555555555555555,-1.1,1,0.0,0,-2.11,0.0,0",-33.83,-8.84,-2.16,nan,47.4
AUGAUGAUGGCUGGAGUGG,AUCCUCCUCUUCUUCCUCACCACUCCAGCCAUCAUCAUCACCACCAUGGACAAGUUC,0.5771812080536913,1,"2.16,-1.1,-9.38,0,0,-197.73999999999995,0.2631578947368421,0,0.47368421052631576,0,0,0.16666666666666666,-2.11,0.0,1,0,0.0,-3.26,0,0.05555555555555555,0,-3.26,0.0,0",-35.96,-6.13,2.16,nan,52.6
GAUGAUGGCUGGAGUGGUG,UCAUCCUCCUCUUCUUCCUCACCACUCCAGCCAUCAUCAUCACCACCAUGGACAAGU,0.5234899328859061,1,"-0.24,-2.35,-12.44,0,1,-203.48,0.2631578947368421,0,0.5263157894736842,0,0,0.16666666666666666,-1.1,0.0,0,0,0.0,-2.11,0,0.05555555555555555,0,-2.08,0.0,0",-37.55,-7.49,-0.24,nan,57.9
UGGUGAGGAAGAAGAGGAG,CAAUGUCGUCCUCUUCAUCCUCCUCUUCUUCCUCACCACUCCAGCCAUCAUCAUCAC,0.5070842654735273,0,"0.87,-2.11,-10.44,1,0,-193.35999999999999,0.10526315789473684,0,0.5263157894736842,0,0,0.16666666666666666,-3.26,0.0,0,0,0.0,-2.08,0,0.0,0,-2.08,0.0,0",-35.71,-11.21,0.87,nan,52.6
AGGAGGAUGAAGAGGACGA,CGCUGCCUGGUCAUCAAUGUCGUCCUCUUCAUCCUCCUCUUCUUCCUCACCACUCCA,0.4161073825503356,0,"0.27,-2.08,-10.48,0,0,-194.36,0.05263157894736842,0,0.47368421052631576,0,0,0.16666666666666666,-3.26,0.0,0,0,0.0,-2.35,0,0.0,0,-2.08,0.0,1",-35.95,-9.86,0.27,nan,52.6
AGAUGAAGCCUCGGAUGGA,CAUCUACUGGGAGCACCUCUCCAUCCGAGGCUUCAUCUGGUGGCUGCGCUGCCUGGU,0.4869500372856077,0,"0.27,-2.08,-10.48,0,0,-194.73999999999995,0.15789473684210525,0,0.3684210526315789,0,0,0.1111111111111111,-2.35,0.0,0,0,0.05555555555555555,-2.35,0,0.05555555555555555,0,-3.26,0.0,1",-35.91,-6.83,0.27,nan,52.6
GGCGUGGCUCCCCACGGCA,UAAAUGCCAGGGCUGCACCUGCCGUGGGGAGCCACGCCCCUCAUCCUGCAGCGAGUC,0.4675615212527964,0,"-1.6,-3.26,-13.39,0,1,-215.96999999999997,0.10526315789473684,0,0.3684210526315789,1,0,0.16666666666666666,-3.42,0.0,0,0,0.16666666666666666,-2.11,0,0.16666666666666666,0,-2.11,0.0,1",-45.24,-12.72,-1.6,nan,78.9
AUUUACACACGUUGAAGUC,CACCGCCAUCAUCCUGAAGGACUUCAACGUGUGUAAAUGCCAGGGCUGCACCUGCCG,0.7576435495898584,1,"1.7,-1.1,-9.38,0,0,-171.34,0.3157894736842105,0,0.15789473684210525,0,0,0.0,-0.93,0.05555555555555555,1,0,0.0,-2.35,0,0.0,0,-2.11,0.16666666666666666,0",-28.28,-5.24,1.7,nan,36.8
CACGUUGAAGUCCUUCAGG,AGACUAUCACCGCCAUCAUCCUGAAGGACUUCAACGUGUGUAAAUGCCAGGGCUGCA,0.6301267710663684,1,"0.7,-2.11,-10.44,0,0,-188.54999999999995,0.2631578947368421,0,0.2631578947368421,0,0,0.05555555555555555,-2.24,0.0,0,1,0.05555555555555555,-3.26,0,0.0,0,-2.08,0.1111111111111111,0",-33.92,-7.24,0.7,nan,52.6
AUAGUCUCAUUGUGGAAGG,CUUGGCAUGGCCUUUGUCACCUUCCACAAUGAGACUAUCACCGCCAUCAUCCUGAAG,0.5391498881431768,1,"2.16,-1.1,-9.38,0,0,-182.42000000000002,0.3157894736842105,0,0.3157894736842105,0,0,0.1111111111111111,-1.33,0.05555555555555555,1,0,0.0,-3.26,0,0.0,0,-2.11,0.05555555555555555,0",-31.47,-7.89,2.16,nan,42.1
UUGUGGAAGGUGACAAAGG,GAGAAGCCUCUUGGCAUGGCCUUUGUCACCUUCCACAAUGAGACUAUCACCGCCAUC,0.5533184190902312,1,"2.33,-0.93,-6.82,1,0,-181.91999999999996,0.21052631578947367,1,0.42105263157894735,0,0,0.16666666666666666,-2.11,0.0,1,0,0.0,-3.26,0,0.0,0,-2.24,0.05555555555555555,0",-32.98,-8.01,2.33,nan,47.4
UCAAUGGCCUCCACCUGCU,UGUGUGGUGCGAGGCUGUGAGCAGGUGGAGGCCAUUGAGUACUACACAAAGCUGGAG,0.575689783743475,1,"-0.27,-2.35,-12.44,1,0,-197.95,0.2631578947368421,0,0.15789473684210525,0,0,0.05555555555555555,-2.11,0.0,0,0,0.16666666666666666,-2.08,0,0.1111111111111111,0,-2.24,0.0,0",-38.54,-8.84,-0.27,nan,57.9
CCACCUGCUCACAGCCUCG,CCUCUGCUGCUGUGUGGUGCGAGGCUGUGAGCAGGUGGAGGCCAUUGAGUACUACAC,0.3146905294556301,0,"-0.9,-3.26,-13.39,0,0,-208.32,0.15789473684210525,0,0.15789473684210525,0,0,0.0,-2.11,0.0,0,1,0.16666666666666666,-2.36,1,0.1111111111111111,0,-2.08,0.0,0",-40.83,-11.13,-0.9,nan,68.4
UGAUCAUGGUAGGCACGUU,AAACCUCCAGAGCAAGGAGAACGUGCCUACCAUGAUCAACCCCAAGCCCUGUGGCCA,0.5973154362416108,1,"-0.73,-2.11,-10.44,1,0,-185.84,0.3157894736842105,0,0.3157894736842105,0,0,0.1111111111111111,-2.35,0.05555555555555555,0,0,0.0,-0.93,0,0.05555555555555555,0,-3.42,0.05555555555555555,0",-33.71,-7.03,-0.73,nan,47.4
GGAGGUUUGUGAAGUACAG,GAAGGCCGAGCGGGGAAAGCUGUACUUCACAAACCUCCAGAGCAAGGAGAACGUGCC,0.4280387770320656,0,"-0.73,-3.26,-13.39,0,1,-184.55999999999997,0.2631578947368421,0,0.42105263157894735,1,0,0.1111111111111111,-2.35,0.05555555555555555,0,0,0.0,-2.08,0,0.0,0,-2.08,0.1111111111111111,0",-32.78,-7.25,-0.73,nan,47.4
CUCGGCCUUCUUCCUCUCU,GCCUAAUGUUCCUCGAUGCAGAGAGGAAGAAGGCCGAGCGGGGAAAGCUGUACUUCA,0.3683818046234153,0,"-0.9,-2.08,-10.48,0,0,-197.08,0.42105263157894735,0,0.10526315789473684,0,0,0.05555555555555555,-2.35,0.0,1,1,0.1111111111111111,-2.08,0,0.05555555555555555,0,-3.26,0.1111111111111111,0",-37.11,-11.74,-0.9,nan,57.9
CUUCUUCCUCUCUGCAUCG,UGGCUCGCCUAAUGUUCCUCGAUGCAGAGAGGAAGAAGGCCGAGCGGGGAAAGCUGU,0.4205816554809843,0,"-0.17,-2.08,-10.48,0,0,-193.8,0.42105263157894735,0,0.10526315789473684,0,0,0.0,-0.93,0.0,1,1,0.05555555555555555,-2.36,0,0.05555555555555555,0,-2.11,0.1111111111111111,0",-34.28,-7.36,-0.17,nan,52.6
AUCGAGGAACAUUAGGCGA,GCCCGUGUUACAACGUGGCUCGCCUAAUGUUCCUCGAUGCAGAGAGGAAGAAGGCCG,0.5809097688292321,1,"0.8,-1.1,-9.38,0,0,-184.53999999999996,0.15789473684210525,0,0.3157894736842105,0,0,0.1111111111111111,-2.35,0.05555555555555555,1,0,0.0,-2.35,0,0.05555555555555555,0,-1.33,0.05555555555555555,1",-32.97,-9.76,0.8,nan,47.4
CGAGCCACGUUGUAACACG,ACAGUUCUCGAAGCCCGCCCGUGUUACAACGUGGCUCGCCUAAUGUUCCUCGAUGCA,0.6830723340790456,1,"0.0,-2.36,-10.64,0,0,-189.15000000000003,0.15789473684210525,0,0.2631578947368421,0,0,0.0,-2.35,0.05555555555555555,0,1,0.05555555555555555,-2.36,0,0.05555555555555555,1,-1.33,0.05555555555555555,0",-34.82,-11.37,0.0,nan,57.9
AGCCACGUUGUAACACGGG,GCACAGUUCUCGAAGCCCGCCCGUGUUACAACGUGGCUCGCCUAAUGUUCCUCGAUG,0.5652498135719612,1,"1.63,-2.08,-10.48,0,0,-189.13,0.15789473684210525,0,0.3157894736842105,0,0,0.1111111111111111,-3.42,0.05555555555555555,0,0,0.05555555555555555,-3.26,0,0.05555555555555555,0,-2.24,0.05555555555555555,0",-36.18,-11.09,1.63,nan,57.9
UGUGCAGUUGGGGUAGGCU,UCAAGAAGCAUUUUGAGGAAGCCUACCCCAACUGCACAGUUCUCGAAGCCCGCCCGU,0.5272184936614467,1,"-0.03,-2.11,-10.44,1,0,-194.17999999999998,0.3157894736842105,0,0.47368421052631576,0,0,0.2222222222222222,-2.24,0.05555555555555555,0,0,0.0,-2.08,0,0.1111111111111111,0,-2.24,0.05555555555555555,0",-38.55,-9.66,-0.03,nan,57.9
CAAAAUGCUUCUUGAUCUU,CAAAUAUGCAGAGUCAGAAAAGAUCAAGAAGCAUUUUGAGGAAGCCUACCCCAACUG,0.4601043997017151,0,"-1.63,-2.11,-10.44,0,0,-167.30999999999997,0.42105263157894735,0,0.10526315789473684,0,0,0.0,-0.93,0.0,0,1,0.0,-0.93,0,0.05555555555555555,0,-2.11,0.16666666666666666,0",-26.28,-4.88,-1.63,nan,31.6
GCAUAUUUGGAGAUUCCAU,AAGCGGACCCUCUUCAUCAAUGGAAUCUCCAAAUAUGCAGAGUCAGAAAAGAUCAAG,0.586875466070097,1,"-2.32,-3.42,-14.88,0,1,-179.12,0.3684210526315789,0,0.21052631578947367,0,1,0.05555555555555555,-2.11,0.05555555555555555,0,0,0.05555555555555555,-1.1,0,0.05555555555555555,0,-1.1,0.16666666666666666,0",-29.38,-2.96,-2.32,nan,36.8
GAUCAUCCUCCUUGUAGCG,UAGACACACCUCCAAGAUGCGCUACAAGGAGGAUGAUCUGGUGAAGCGGACCCUCUU,0.5913497390007457,1,"-0.44,-2.35,-12.44,0,1,-195.44,0.3157894736842105,0,0.21052631578947367,0,0,0.0,-1.1,0.05555555555555555,0,0,0.1111111111111111,-2.36,0,0.05555555555555555,0,-2.11,0.05555555555555555,0",-34.77,-7.73,-0.44,nan,52.6
UGGAGGUGUGUCUACGCAU,GCUGCUCACCGUCUACAGCAUGCGUAGACACACCUCCAAGAUGCGCUACAAGGAGGA,0.5727069351230425,1,"-0.56,-2.11,-10.44,1,0,-191.52000000000004,0.3157894736842105,0,0.3684210526315789,0,0,0.1111111111111111,-3.26,0.05555555555555555,0,0,0.0,-1.1,0,0.05555555555555555,0,-1.33,0.0,0",-36.0,-11.21,-0.56,nan,52.6
GACGGUGAGCAGCAGAUAC,ACACCUCCUUCGCCUUCCUGUAUCUGCUGCUCACCGUCUACAGCAUGCGUAGACACA,0.4876957494407159,0,"-0.11,-2.35,-12.44,0,1,-201.53,0.10526315789473684,0,0.3684210526315789,0,0,0.05555555555555555,-2.24,0.05555555555555555,0,0,0.0,-2.24,0,0.1111111111111111,0,-2.11,0.0,0",-37.14,-9.57,-0.11,nan,57.9
GUUGUUCCCUGAUUUCAAG,GGAGAACCACCAUUGCCAACUUGAAAUCAGGGAACAACCUGCUAUGGCUGCACACCU,0.5302013422818792,1,"-0.16,-2.24,-11.4,0,1,-179.04999999999995,0.42105263157894735,0,0.21052631578947367,0,0,0.0,-0.93,0.0,1,0,0.1111111111111111,-2.08,0,0.0,0,-0.93,0.2222222222222222,0",-30.2,-7.28,-0.16,nan,42.1
AUGGUGGUUCUCCCAAAGC,CUGGAGAACAAUGCCUACAGCUUUGGGAGAACCACCAUUGCCAACUUGAAAUCAGGG,0.5652498135719612,1,"2.32,-1.1,-9.38,0,0,-190.91,0.2631578947368421,0,0.2631578947368421,0,0,0.1111111111111111,-2.11,0.0,1,0,0.1111111111111111,-3.42,0,0.05555555555555555,0,-3.26,0.05555555555555555,0",-35.48,-10.23,2.32,nan,52.6
GUUCUCCCAAAGCUGUAGG,GACCUGCUGGAGAACAAUGCCUACAGCUUUGGGAGAACCACCAUUGCCAACUUGAAA,0.610738255033557,1,"0.57,-2.24,-11.4,0,1,-190.07,0.2631578947368421,0,0.2631578947368421,0,0,0.05555555555555555,-0.93,0.05555555555555555,1,0,0.1111111111111111,-3.26,0,0.05555555555555555,0,-2.08,0.05555555555555555,0",-34.95,-9.69,0.57,nan,52.6
GCACGAUGCCUACGGAGAG,GCUGGUGGUUGUGGGCGUCCUCUCCGUAGGCAUCGUGCUGCCUGUCAACUUCUCAGG,0.5652498135719612,1,"-0.89,-3.42,-14.88,0,1,-203.71999999999997,0.10526315789473684,0,0.3684210526315789,0,1,0.05555555555555555,-2.11,0.05555555555555555,0,0,0.05555555555555555,-2.08,0,0.1111111111111111,0,-2.36,0.0,0",-38.41,-8.18,-0.89,nan,63.2
CAGCAGCCCGAUGAUGUGC,ACUACCUGUCCUUUCAGCGGCACAUCAUCGGGCUGCUGGUGGUUGUGGGCGUCCUCU,0.5212527964205816,0,"0.86,-2.11,-10.44,0,0,-206.64999999999998,0.15789473684210525,0,0.3157894736842105,0,0,0.0,-2.08,0.0,0,1,0.1111111111111111,-3.42,0,0.16666666666666666,0,-2.35,0.0,0",-38.9,-11.83,0.86,nan,63.2
AAGGACAGGUAGUGCACGG,GACAAAUGUGGGGGCGAUGCCGUGCACUACCUGUCCUUUCAGCGGCACAUCAUCGGG,0.6472781506338553,1,"2.33,-0.93,-6.82,0,0,-193.67000000000002,0.10526315789473684,0,0.42105263157894735,0,0,0.16666666666666666,-2.08,0.05555555555555555,0,0,0.0,-3.26,0,0.05555555555555555,0,-2.11,0.0,0",-37.16,-9.58,2.33,nan,57.9
GUCCCGGAUCUCAUCAUCC,CAGCCAUCUUCAGGAUAAAGGAUGAUGAGAUCCGGGACAAAUGUGGGGGCGAUGCCG,0.6659209545115585,1,"0.57,-2.24,-11.4,0,1,-206.13,0.2631578947368421,0,0.15789473684210525,0,0,0.05555555555555555,-2.35,0.0,1,0,0.16666666666666666,-3.26,0,0.0,0,-1.1,0.0,0",-37.25,-11.85,0.57,nan,57.9
CGGAUCUCAUCAUCCUUUA,CUGACAGCCAUCUUCAGGAUAAAGGAUGAUGAGAUCCGGGACAAAUGUGGGGGCGAU,0.1841909023117076,0,"-1.03,-2.36,-10.64,0,0,-183.59999999999994,0.3684210526315789,0,0.10526315789473684,0,0,0.05555555555555555,-3.26,0.05555555555555555,0,1,0.05555555555555555,-1.33,0,0.0,1,-2.35,0.1111111111111111,1",-30.96,-9.4,-1.03,nan,42.1
UGUCCCUUUGGUCAAAGUC,CUCUGUCUCCAGCUCCGUUGACUUUGACCAAAGGGACAAUGGUUUCUUCCUGGCUGA,0.6674123788217748,1,"1.14,-2.11,-10.44,1,0,-183.92,0.3684210526315789,0,0.21052631578947367,0,0,0.05555555555555555,-2.24,0.0,0,0,0.1111111111111111,-2.35,0,0.0,0,-2.11,0.1111111111111111,0",-33.22,-9.58,1.14,nan,47.4
UUGGUCAAAGUCAACGGAG,GUCUCACCUCUGUCUCCAGCUCCGUUGACUUUGACCAAAGGGACAAUGGUUUCUUCC,0.7352721849366145,1,"1.6,-0.93,-6.82,1,0,-181.17,0.21052631578947367,1,0.3157894736842105,0,0,0.1111111111111111,-2.11,0.0,1,0,0.0,-2.08,0,0.0,0,-0.93,0.05555555555555555,0",-32.32,-8.01,1.6,nan,47.4
AGUCAACGGAGCUGGAGAC,GUAUGAGCGUCUCACCUCUGUCUCCAGCUCCGUUGACUUUGACCAAAGGGACAAUGG,0.5182699478001491,0,"1.06,-2.08,-10.48,0,0,-198.55,0.10526315789473684,0,0.3684210526315789,0,0,0.1111111111111111,-2.24,0.0,0,0,0.0,-2.24,0,0.05555555555555555,0,-2.11,0.0,0",-37.35,-8.14,1.06,nan,57.9
CUGGAGACAGAGGUGAGAC,AGCCAUGACCGGUAUGAGCGUCUCACCUCUGUCUCCAGCUCCGUUGACUUUGACCAA,0.6607009694258017,1,"0.16,-2.08,-10.48,0,0,-203.29,0.10526315789473684,0,0.42105263157894735,0,0,0.1111111111111111,-2.11,0.0,1,1,0.0,-2.24,0,0.0,0,-2.24,0.0,0",-37.63,-9.85,0.16,nan,57.9
UGAGACGCUCAUACCGGUC,UAUGCACGGGGACAGCCAUGACCGGUAUGAGCGUCUCACCUCUGUCUCCAGCUCCGU,0.7382550335570469,1,"1.14,-2.11,-10.44,1,0,-198.48,0.21052631578947367,0,0.2631578947368421,0,0,0.05555555555555555,-2.35,0.05555555555555555,0,0,0.05555555555555555,-2.35,0,0.05555555555555555,0,-2.24,0.0,0",-37.05,-10.71,1.14,nan,57.9
UCAUACCGGUCAUGGCUGU,GCUUCAGCUAUGCACGGGGACAGCCAUGACCGGUAUGAGCGUCUCACCUCUGUCUCC,0.4205816554809843,0,"-0.11,-2.35,-12.44,1,0,-192.41000000000003,0.3157894736842105,0,0.2631578947368421,0,0,0.1111111111111111,-2.11,0.05555555555555555,0,0,0.05555555555555555,-2.24,0,0.05555555555555555,0,-2.11,0.0,0",-36.04,-8.31,-0.11,nan,52.6
GGCUGUCCCCGUGCAUAGC,XXAGGAAUAUGUGGCUUCAGCUAUGCACGGGGACAGCCAUGACCGGUAUGAGCGUCU,0.5458612975391499,1,"0.16,-3.26,-13.39,0,1,-209.81999999999996,0.21052631578947367,0,0.3157894736842105,1,0,0.05555555555555555,-3.42,0.05555555555555555,0,0,0.16666666666666666,-3.42,0,0.16666666666666666,0,-3.42,0.0,0",-41.32,-11.37,0.16,nan,68.4
GGAAGUCUGUGUCCGUGAG,GCUGAUGCCACCCGACGCCCUCACGGACACAGACUUCCAGUCXXXXXXXXXXXXXXX,0.4601043997017151,0,"-0.73,-3.26,-13.39,0,1,-198.75,0.2631578947368421,0,0.42105263157894735,1,0,0.05555555555555555,-2.35,0.0,0,0,0.05555555555555555,-2.08,0,0.0,0,-3.26,0.0,0",-36.65,-7.49,-0.73,nan,57.9
GUGAGGGCGUCGGGUGGCA,CAAGAUGAGGAGUUGCUGAUGCCACCCGACGCCCUCACGGACACAGACUUCCAGUCX,0.0947054436987323,0,"-1.03,-2.24,-11.4,0,1,-211.54000000000002,0.15789473684210525,0,0.5789473684210527,0,0,0.2777777777777778,-2.11,0.0,1,0,0.0,-2.11,0,0.1111111111111111,0,-3.26,0.0,1",-43.15,-11.94,-1.03,nan,73.7
CGUCGGGUGGCAUCAGCAA,CUCAUCCCAAGAUGAGGAGUUGCUGAUGCCACCCGACGCCCUCACGGACACAGACUU,0.2960477255779269,0,"-1.43,-2.36,-10.64,0,0,-199.99999999999997,0.15789473684210525,0,0.3684210526315789,0,0,0.16666666666666666,-2.24,0.0,0,1,0.0,-0.93,0,0.1111111111111111,1,-2.35,0.0,1",-38.53,-11.17,-1.43,nan,63.2
AACUCCUCAUCUUGGGAUG,GAUGAGCCCCCAUCAUCCUCAUCCCAAGAUGAGGAGUUGCUGAUGCCACCCGACGCC,0.395227442207308,0,"1.63,-0.93,-6.82,0,0,-189.15999999999997,0.3157894736842105,0,0.21052631578947367,0,0,0.1111111111111111,-2.24,0.0,0,0,0.05555555555555555,-2.11,0,0.0,0,-2.11,0.05555555555555555,0",-33.51,-9.82,1.63,nan,47.4
AUCCCCUGAGCUCCCAGGA,ACGGGGAUGGGGAUGGGGCUCCUGGGAGCUCAGGGGAUGAGCCCCCAUCAUCCUCAU,0.3877703206562267,0,"0.8,-1.1,-9.38,0,0,-206.11,0.15789473684210525,0,0.21052631578947367,0,0,0.05555555555555555,-2.35,0.0,1,0,0.2777777777777778,-2.35,0,0.05555555555555555,0,-3.26,0.0,1",-41.03,-11.78,0.8,nan,63.2
GUCCUGCAGCACCUGAGCG,CCAAAUCUGCGAAAUACAUCGCUCAGGUGCUGCAGGACUCAGAGGUGGACGGGGAUG,0.3445190156599553,0,"-0.33,-2.24,-11.4,0,1,-209.80999999999995,0.15789473684210525,0,0.3157894736842105,0,0,0.0,-2.35,0.0,1,0,0.1111111111111111,-2.36,0,0.16666666666666666,0,-2.08,0.0,0",-40.99,-10.34,-0.33,nan,68.4
CCUGAGCGAUGUAUUUCGC,UGCUGCUGUCCCCAAAUCUGCGAAAUACAUCGCUCAGGUGCUGCAGGACUCAGAGGU,0.2997762863534676,0,"0.16,-3.26,-13.39,0,0,-191.46999999999997,0.3157894736842105,0,0.2631578947368421,0,0,0.0,-2.08,0.05555555555555555,0,1,0.05555555555555555,-3.42,1,0.1111111111111111,0,-1.1,0.1111111111111111,0",-33.79,-10.31,0.16,nan,52.6
AGCGAUGUAUUUCGCAGAU,CUGCUGCUGCUGUCCCCAAAUCUGCGAAAUACAUCGCUCAGGUGCUGCAGGACUCAG,0.3765846383296047,0,"-0.53,-2.08,-10.48,0,0,-180.01999999999998,0.3157894736842105,0,0.2631578947368421,0,0,0.0,-3.42,0.05555555555555555,0,0,0.0,-1.1,0,0.1111111111111111,0,-2.36,0.1111111111111111,0",-30.73,-9.04,-0.53,nan,42.1
UUCUGGGGUCCACAGUAUC,GAUUGAGCACACGGAGACAGAUACUGUGGACCCCAGAAGCAAUGGACGGCCCCCCAC,0.5503355704697986,1,"1.87,-0.93,-6.82,1,0,-193.92,0.3157894736842105,1,0.2631578947368421,0,0,0.16666666666666666,-2.35,0.05555555555555555,1,0,0.05555555555555555,-2.35,0,0.0,0,-2.11,0.05555555555555555,0",-36.12,-11.78,1.87,nan,52.6
AGUUGUGGGCACUGAGGUA,CUGCUUUGGACACUUCAAAUACCUCAGUGCCCACAACUACAAGAUUGAGCACACGGA,0.3825503355704698,0,"-0.3,-2.08,-10.48,0,0,-189.74999999999997,0.2631578947368421,0,0.42105263157894735,0,0,0.16666666666666666,-2.24,0.05555555555555555,0,0,0.0,-1.33,0,0.05555555555555555,0,-2.11,0.05555555555555555,1",-36.46,-8.8,-0.3,nan,52.6
UGACGAUGGUGAUGACCAG,UAUGUUCACAUUUGUGGUCCUGGUCAUCACCAUCGUCAUCUGUCUCUGCCACGUCUG,0.4996271439224459,0,"0.87,-2.11,-10.44,1,0,-195.48999999999998,0.21052631578947367,0,0.3684210526315789,0,0,0.05555555555555555,-2.35,0.0,0,0,0.05555555555555555,-2.08,0,0.0,0,-2.11,0.0,0",-35.29,-8.42,0.87,nan,52.6
CGUGCGCAUGGUGGAAAAG,GCCUCUUCUGGCUGCUCUUCUUUUCCACCAUGCGCACGGGGUUCCUAGCUCCCACGU,0,0,"0.17,-2.36,-10.64,0,0,-191.52999999999994,0.15789473684210525,0,0.42105263157894735,0,0,0.1111111111111111,-2.24,0.0,0,1,0.0,-2.08,0,0.1111111111111111,1,-3.26,0.0,0",-35.23,-11.12,0.17,nan,57.9
GCGCAUGGUGGAAAAGAAG,UCUGCCUCUUCUGGCUGCUCUUCUUUUCCACCAUGCGCACGGGGUUCCUAGCUCCCA,0.2960477255779269,0,"-0.89,-3.42,-14.88,0,1,-188.78999999999996,0.10526315789473684,0,0.42105263157894735,0,1,0.1111111111111111,-2.36,0.0,0,0,0.0,-2.08,0,0.1111111111111111,0,-0.93,0.0,0",-33.88,-10.27,-0.89,nan,52.6
GAGGAUGGGCGCGGCCACC,CGGGGGCUGUGAACCAGGUGGUGGCCGCGCCCAUCCUCUGCCUCUUCUGGCUGCUCU,0.3683818046234153,0,"0.46,-2.35,-12.44,0,1,-219.67000000000002,0.05263157894736842,0,0.47368421052631576,0,0,0.2222222222222222,-2.08,0.0,0,0,0.1111111111111111,-3.26,0,0.16666666666666666,0,-3.26,0.0,0",-44.79,-9.62,0.46,nan,78.9
GGAUGGGCGCGGCCACCAC,CUCGGGGGCUGUGAACCAGGUGGUGGCCGCGCCCAUCCUCUGCCUCUUCUGGCUGCU,0.3452647278150634,0,"-0.57,-3.26,-13.39,0,1,-218.59,0.05263157894736842,0,0.42105263157894735,1,0,0.2222222222222222,-2.35,0.0,0,0,0.1111111111111111,-2.24,0,0.16666666666666666,0,-3.26,0.0,0",-44.71,-11.41,-0.57,nan,78.9
GGCGCGGCCACCACCUGGU,AUCCACUCGGGGGCUGUGAACCAGGUGGUGGCCGCGCCCAUCCUCUGCCUCUUCUGG,0.4295302013422818,0,"-1.47,-3.26,-13.39,0,1,-214.93000000000004,0.10526315789473684,0,0.3684210526315789,1,0,0.16666666666666666,-3.42,0.0,0,0,0.16666666666666666,-2.24,0,0.16666666666666666,0,-2.24,0.0,0",-45.13,-14.15,-1.47,nan,78.9
GCAGGUAGGCGUAGUAGAG,CCUGGUAGACAGGUACAAUCUCUACUACGCCUACCUGCCGGCCAAGCUGGACAAGAA,0.4205816554809843,0,"-0.89,-3.42,-14.88,0,1,-196.11999999999998,0.15789473684210525,0,0.47368421052631576,0,1,0.1111111111111111,-2.11,0.16666666666666666,0,0,0.0,-2.08,0,0.1111111111111111,0,-2.08,0.0,0",-37.2,-9.01,-0.89,nan,57.9
ACGAUGAUGGGGCAGGUGA,GUGGUCAUGACCUACAGUAUCACCUGCCCCAUCAUCGUGCCCUUCGGGCUCAUGUAC,0.5443698732289336,1,"0.11,-2.24,-11.4,0,0,-199.15,0.15789473684210525,0,0.47368421052631576,0,0,0.2222222222222222,-2.36,0.0,0,0,0.0,-2.35,0,0.05555555555555555,0,-2.11,0.0,1",-38.08,-6.83,0.11,nan,57.9
GGUGAUACUGUAGGUCAUG,UGUGCGUCUUCACGGUGGUCAUGACCUACAGUAUCACCUGCCCCAUCAUCGUGCCCU,0.4392244593586875,0,"-0.7,-3.26,-13.39,0,1,-190.51000000000002,0.3157894736842105,0,0.3684210526315789,1,0,0.1111111111111111,-2.24,0.1111111111111111,0,0,0.0,-2.11,0,0.0,0,-3.26,0.0,0",-33.55,-7.28,-0.7,nan,47.4
GUGAUACUGUAGGUCAUGA,AUGUGCGUCUUCACGGUGGUCAUGACCUACAGUAUCACCUGCCCCAUCAUCGUGCCC,0.4489187173750932,0,"-0.79,-2.24,-11.4,0,1,-185.83999999999997,0.3157894736842105,0,0.3157894736842105,0,0,0.05555555555555555,-2.11,0.1111111111111111,1,0,0.0,-2.35,0,0.0,0,-2.24,0.0,1",-32.19,-6.22,-0.79,nan,42.1
ACAUCAUCCAGGCGUAGGC,CGAGUUCCAGUUUGGCGCAGCCUACGCCUGGAUGAUGUGCGUCUUCACGGUGGUCAU,0.5391498881431768,1,"1.63,-2.24,-11.4,0,0,-199.64999999999998,0.15789473684210525,0,0.2631578947368421,0,0,0.1111111111111111,-2.11,0.05555555555555555,0,0,0.05555555555555555,-3.42,0,0.1111111111111111,0,-2.36,0.0,0",-37.64,-7.03,1.63,nan,57.9
CCGCUUCACGUUGCGCCUC,UGGCGCGCUCGGCCGCCGAGAGGCGCAACGUGAAGCGGCAUCAGGCCUACGAGUUCC,0.4436987322893363,0,"-0.46,-3.26,-13.39,0,0,-202.88999999999996,0.2631578947368421,0,0.21052631578947367,0,0,0.0,-2.36,0.0,0,1,0.1111111111111111,-2.35,1,0.16666666666666666,0,-3.42,0.1111111111111111,0",-39.19,-8.71,-0.46,nan,68.4
CGCUUCACGUUGCGCCUCU,CUGGCGCGCUCGGCCGCCGAGAGGCGCAACGUGAAGCGGCAUCAGGCCUACGAGUUC,0.2662192393736017,0,"-0.73,-2.36,-10.64,0,0,-196.25999999999993,0.3157894736842105,0,0.21052631578947367,0,0,0.0,-3.42,0.0,0,1,0.05555555555555555,-2.08,0,0.16666666666666666,1,-2.36,0.1111111111111111,0",-37.56,-9.04,-0.73,nan,63.2
ACGUUGCGCCUCUCGGCGG,CUCUGCCUGGCGCGCUCGGCCGCCGAGAGGCGCAACGUGAAGCGGCAUCAGGCCUAC,0.1625652498135719,0,"1.47,-2.24,-11.4,0,0,-205.93999999999994,0.21052631578947367,0,0.3684210526315789,0,0,0.1111111111111111,-2.36,0.0,0,0,0.05555555555555555,-3.26,0,0.16666666666666666,0,-2.35,0.05555555555555555,0",-41.32,-9.33,1.47,nan,73.7
GCAGAGCCGGAUCAUGUAC,GCAUCCCAGGCCUGCUCAUGUACAUGAUCCGGCUCUGCCUGGCGCGCUCGGCCGCCG,0.3489932885906041,0,"-0.73,-3.42,-14.88,0,1,-202.42,0.15789473684210525,0,0.3157894736842105,0,1,0.05555555555555555,-2.11,0.05555555555555555,0,0,0.05555555555555555,-2.24,0,0.1111111111111111,0,-2.11,0.0,0",-37.18,-11.21,-0.73,nan,57.9
GAUCAUGUACAUGAGCAGG,ACCUGCUGCGCAUCCCAGGCCUGCUCAUGUACAUGAUCCGGCUCUGCCUGGCGCGCU,0.5451155853840417,1,"0.46,-2.35,-12.44,0,1,-193.76999999999998,0.21052631578947367,0,0.3157894736842105,0,0,0.05555555555555555,-1.1,0.05555555555555555,0,0,0.0,-3.26,0,0.05555555555555555,0,-2.35,0.0,0",-33.46,-6.02,0.46,nan,47.4
AUGUACAUGAGCAGGCCUG,AUGGACCUGCUGCGCAUCCCAGGCCUGCUCAUGUACAUGAUCCGGCUCUGCCUGGCG,0.5376584638329605,1,"1.46,-1.1,-9.38,0,0,-194.54,0.21052631578947367,0,0.3157894736842105,0,0,0.05555555555555555,-2.11,0.05555555555555555,1,0,0.05555555555555555,-2.11,0,0.1111111111111111,0,-2.08,0.0,0",-35.97,-6.14,1.46,nan,52.6
UGAGCAGGCCUGGGAUGCG,CAACGCCAUGGACCUGCUGCGCAUCCCAGGCCUGCUCAUGUACAUGAUCCGGCUCUG,0.5585384041759881,1,"0.7,-2.11,-10.44,1,0,-208.96999999999997,0.15789473684210525,0,0.47368421052631576,0,0,0.16666666666666666,-2.35,0.0,0,0,0.05555555555555555,-2.36,0,0.16666666666666666,0,-3.26,0.0,0",-41.6,-11.21,0.7,nan,68.4
GCAGCAGGUCCAUGGCGUU,UGCCUCAGCCUUUAUCGGCAACGCCAUGGACCUGCUGCGCAUCCCAGGCCUGCUCAU,0.2028337061894109,0,"-2.49,-3.42,-14.88,0,1,-202.28,0.21052631578947367,0,0.3684210526315789,0,1,0.1111111111111111,-2.11,0.0,0,0,0.05555555555555555,-0.93,0,0.16666666666666666,0,-2.11,0.05555555555555555,0",-39.32,-10.97,-2.49,nan,63.2
CCAUGGCGUUGCCGAUAAA,CUACGUCAUUGCCUCAGCCUUUAUCGGCAACGCCAUGGACCUGCUGCGCAUCCCAGG,0.273676360924683,0,"-2.33,-3.26,-13.39,0,0,-185.95,0.21052631578947367,0,0.2631578947368421,0,0,0.05555555555555555,-2.11,0.05555555555555555,0,1,0.1111111111111111,-0.93,1,0.1111111111111111,0,-2.36,0.05555555555555555,1",-34.04,-10.27,-2.33,nan,52.6
ACCAUGAAGAUGAGGAAAG,ACCAUGCACAAGUGCUACACUUUCCUCAUCUUCAUGGUGCUGCUCCUACCCUCGCUG,0.5421327367636093,1,"0.74,-2.24,-11.4,0,0,-182.58999999999995,0.10526315789473684,0,0.3157894736842105,0,0,0.05555555555555555,-3.26,0.0,0,0,0.05555555555555555,-2.08,0,0.0,0,-2.08,0.0,0",-31.18,-7.32,0.74,nan,42.1
CUUGUGCAUGGUUGUCCUG,GGACACGCUCUGGGGAGAACAGGACAACCAUGCACAAGUGCUACACUUUCCUCAUCU,0.4586129753914988,0,"0.03,-2.08,-10.48,0,0,-191.30999999999997,0.42105263157894735,0,0.3157894736842105,0,0,0.05555555555555555,-0.93,0.0,1,1,0.05555555555555555,-2.11,0,0.05555555555555555,0,-2.11,0.1111111111111111,0",-34.7,-7.93,0.03,nan,52.6
AUGGUUGUCCUGUUCUCCC,GCCCACUGGACACGCUCUGGGGAGAACAGGACAACCAUGCACAAGUGCUACACUUUC,0.4914243102162565,0,"2.16,-1.1,-9.38,0,0,-193.04999999999995,0.42105263157894735,0,0.21052631578947367,0,0,0.05555555555555555,-2.11,0.0,1,0,0.16666666666666666,-3.26,0,0.0,0,-0.93,0.1111111111111111,0",-35.72,-7.9,2.16,nan,52.6
UUGUCCUGUUCUCCCCAGA,UGAAGCCCACUGGACACGCUCUGGGGAGAACAGGACAACCAUGCACAAGUGCUACAC,0.5070842654735273,0,"0.97,-0.93,-6.82,1,0,-191.47,0.3684210526315789,1,0.15789473684210525,0,0,0.0,-2.11,0.0,1,0,0.2222222222222222,-2.35,0,0.0,0,-3.26,0.1111111111111111,1",-36.36,-9.61,0.97,nan,52.6
CCUGUUCUCCCCAGAGCGU,UCUUUGAAGCCCACUGGACACGCUCUGGGGAGAACAGGACAACCAUGCACAAGUGCU,0.3601789709172259,0,"-1.47,-3.26,-13.39,0,0,-201.48999999999998,0.2631578947368421,0,0.21052631578947367,0,0,0.0,-2.08,0.0,0,1,0.2222222222222222,-2.24,1,0.05555555555555555,0,-2.08,0.05555555555555555,0",-39.28,-7.25,-1.47,nan,63.2
AGCACCACAGCAGCAGGGU,CAUCACCCAGUUCUUCCCCACCCUGCUGCUGUGGUGCUUCUCGGCCCUCCUUCCCAC,0.436241610738255,0,"0.16,-2.08,-10.48,0,0,-202.07999999999996,0.05263157894736842,0,0.3157894736842105,0,0,0.1111111111111111,-3.42,0.0,0,0,0.05555555555555555,-2.24,0,0.16666666666666666,0,-3.42,0.0,0",-40.64,-11.29,0.16,nan,63.2
AGAACUGGGUGAUGAUGGG,UGUGGAGUACCUCAACAACCCCAUCAUCACCCAGUUCUUCCCCACCCUGCUGCUGUG,0.5123042505592842,0,"1.63,-2.08,-10.48,0,0,-194.64999999999998,0.21052631578947367,0,0.47368421052631576,0,0,0.2222222222222222,-2.35,0.0,0,0,0.0,-3.26,0,0.0,0,-2.11,0.0,0",-35.76,-8.88,1.63,nan,52.6
AACUUGUCCAUGGUGGUGA,ACCACUCCAGCCAUCAUCAUCACCACCAUGGACAAGUUCAACGUCACCAAGCCUGUG,0.5048471290082028,0,"0.97,-0.93,-6.82,0,0,-185.29999999999998,0.3157894736842105,0,0.3157894736842105,0,0,0.1111111111111111,-2.24,0.0,0,0,0.05555555555555555,-2.35,0,0.0,0,-2.24,0.05555555555555555,1",-34.04,-7.41,0.97,nan,47.4
GUGGUGAUGAUGAUGGCUG,CUCUUCUUCCUCACCACUCCAGCCAUCAUCAUCACCACCAUGGACAAGUUCAACGUC,0.5540641312453393,1,"-0.13,-2.24,-11.4,0,1,-199.42999999999998,0.3157894736842105,0,0.47368421052631576,0,0,0.1111111111111111,-2.11,0.0,1,0,0.0,-2.11,0,0.05555555555555555,0,-1.1,0.0,0",-35.42,-8.18,-0.13,nan,52.6
AAGAAGAGGAGGAUGAAGA,CUGGUCAUCAAUGUCGUCCUCUUCAUCCUCCUCUUCUUCCUCACCACUCCAGCCAUC,0.4354958985831468,0,"0.97,-0.93,-6.82,0,0,-183.04999999999998,0.05263157894736842,0,0.42105263157894735,0,0,0.1111111111111111,-2.08,0.0,0,0,0.0,-2.35,0,0.0,0,-1.1,0.0,1",-32.03,-7.33,0.97,nan,42.1
UGAAGAGGACGACAUUGAU,GUGGCUGCGCUGCCUGGUCAUCAAUGUCGUCCUCUUCAUCCUCCUCUUCUUCCUCAC,0.3668903803131991,0,"-0.56,-2.11,-10.44,1,0,-182.66,0.21052631578947367,0,0.3157894736842105,0,0,0.05555555555555555,-2.35,0.0,0,0,0.0,-1.1,0,0.0,0,-2.11,0.05555555555555555,0",-31.41,-8.96,-0.56,nan,42.1
GACGACAUUGAUGACCAGG,UCAUCUGGUGGCUGCGCUGCCUGGUCAUCAAUGUCGUCCUCUUCAUCCUCCUCUUCU,0.4504101416853094,0,"0.46,-2.35,-12.44,0,1,-195.58999999999997,0.15789473684210525,0,0.3157894736842105,0,0,0.05555555555555555,-2.24,0.0,0,0,0.05555555555555555,-3.26,0,0.0,0,-2.35,0.05555555555555555,0",-34.56,-7.41,0.46,nan,52.6
UGAUGACCAGGCAGCGCAG,CCGAGGCUUCAUCUGGUGGCUGCGCUGCCUGGUCAUCAAUGUCGUCCUCUUCAUCCU,0.4929157345264728,0,"0.87,-2.11,-10.44,1,0,-204.02999999999994,0.10526315789473684,0,0.3684210526315789,0,0,0.05555555555555555,-2.35,0.0,0,0,0.05555555555555555,-2.08,0,0.16666666666666666,0,-2.08,0.0,0",-39.43,-9.32,0.87,nan,63.2
GCAGCGCAGCCACCAGAUG,ACCUCUCCAUCCGAGGCUUCAUCUGGUGGCUGCGCUGCCUGGUCAUCAAUGUCGUCC,0.2184936614466815,0,"-0.86,-3.42,-14.88,0,1,-210.18999999999997,0.05263157894736842,0,0.3157894736842105,0,1,0.0,-2.11,0.0,0,0,0.1111111111111111,-2.11,0,0.2222222222222222,0,-3.26,0.0,0",-40.95,-10.96,-0.86,nan,68.4
CACCAGAUGAAGCCUCGGA,UACUGGGAGCACCUCUCCAUCCGAGGCUUCAUCUGGUGGCUGCGCUGCCUGGUCAUC,0.2177479492915734,0,"-0.66,-2.11,-10.44,0,0,-198.47999999999996,0.10526315789473684,0,0.2631578947368421,0,0,0.05555555555555555,-2.24,0.0,0,1,0.1111111111111111,-2.35,0,0.05555555555555555,0,-3.26,0.0,1",-37.26,-8.15,-0.66,nan,57.9
UGUGCAGGGACUCGCUGCA,GGAGCCACGCCCCUCAUCCUGCAGCGAGUCCCUGCACAUCUCCAACUGGACCGUGUC,0.1931394481730052,0,"0.0,-2.11,-10.44,1,0,-202.33,0.21052631578947367,0,0.3684210526315789,0,0,0.1111111111111111,-2.24,0.0,0,0,0.0,-2.11,0,0.16666666666666666,0,-2.36,0.0,1",-40.12,-11.13,0.0,nan,63.2
CAGCCCUGGCAUUUACACA,AUCCUGAAGGACUUCAACGUGUGUAAAUGCCAGGGCUGCACCUGCCGUGGGGAGCCA,0.4981357196122297,0,"-0.9,-2.11,-10.44,0,0,-189.26999999999998,0.21052631578947367,0,0.15789473684210525,0,0,0.05555555555555555,-2.08,0.05555555555555555,0,1,0.1111111111111111,-2.11,0,0.1111111111111111,0,-0.93,0.1111111111111111,1",-35.56,-11.67,-0.9,nan,52.6
GCCCUGGCAUUUACACACG,UCAUCCUGAAGGACUUCAACGUGUGUAAAUGCCAGGGCUGCACCUGCCGUGGGGAGC,0.3885160328113348,0,"-1.06,-3.42,-14.88,0,1,-194.11,0.21052631578947367,0,0.21052631578947367,0,1,0.05555555555555555,-3.26,0.05555555555555555,0,0,0.1111111111111111,-2.36,0,0.1111111111111111,0,-2.24,0.1111111111111111,0",-36.42,-13.3,-1.06,nan,57.9
UGUGGAAGGUGACAAAGGC,UGAGAAGCCUCUUGGCAUGGCCUUUGUCACCUUCCACAAUGAGACUAUCACCGCCAU,0.540641312453393,1,"1.76,-2.11,-10.44,1,0,-189.97999999999996,0.15789473684210525,0,0.42105263157894735,0,0,0.16666666666666666,-2.24,0.0,0,0,0.0,-3.42,0,0.05555555555555555,0,-2.11,0.0,0",-35.47,-8.88,1.76,nan,52.6
CCAAGAGGCUUCUCAUUCA,AAGCGGGAGAAGGAGAAGGUGAAUGAGAAGCCUCUUGGCAUGGCCUUUGUCACCUUC,0.2945563012677107,0,"-1.6,-3.26,-13.39,0,0,-187.17,0.2631578947368421,0,0.15789473684210525,0,0,0.05555555555555555,-2.11,0.0,0,1,0.05555555555555555,-2.11,1,0.05555555555555555,0,-2.35,0.1111111111111111,1",-33.34,-8.72,-1.6,nan,47.4
CAAGAGGCUUCUCAUUCAC,CAAGCGGGAGAAGGAGAAGGUGAAUGAGAAGCCUCUUGGCAUGGCCUUUGUCACCUU,0.5167785234899328,0,"0.13,-2.11,-10.44,0,0,-188.9,0.2631578947368421,0,0.15789473684210525,0,0,0.05555555555555555,-0.93,0.0,0,1,0.0,-2.24,0,0.05555555555555555,0,-2.11,0.1111111111111111,0",-32.77,-9.58,0.13,nan,47.4
UCCUUCUCCCGCUUGUAGU,GAGCAGAAGCUGAAGGAAGACUACAAGCGGGAGAAGGAGAAGGUGAAUGAGAAGCCU,0.5369127516778524,1,"-0.11,-2.35,-12.44,1,0,-188.45,0.42105263157894735,0,0.15789473684210525,0,0,0.0,-3.26,0.05555555555555555,0,0,0.16666666666666666,-2.24,0,0.05555555555555555,0,-0.93,0.1111111111111111,0",-35.72,-8.96,-0.11,nan,52.6
CUCCAGCUUUGUGUAGUAC,AGCAGGUGGAGGCCAUUGAGUACUACACAAAGCUGGAGCAGAAGCUGAAGGAAGACU,0.4354958985831468,0,"0.16,-2.08,-10.48,0,0,-184.96,0.3684210526315789,0,0.21052631578947367,0,0,0.0,-2.35,0.1111111111111111,1,1,0.05555555555555555,-2.24,0,0.05555555555555555,0,-2.24,0.1111111111111111,0",-33.07,-10.31,0.16,nan,47.4
GGGGUUGAUCAUGGUAGGC,UCCAGAGCAAGGAGAACGUGCCUACCAUGAUCAACCCCAAGCCCUGUGGCCACCUCU,0.2953020134228188,0,"0.16,-3.26,-13.39,0,1,-200.96999999999997,0.2631578947368421,0,0.47368421052631576,1,0,0.2777777777777778,-3.26,0.05555555555555555,0,0,0.0,-3.42,0,0.05555555555555555,0,-3.26,0.05555555555555555,0",-37.68,-9.61,0.16,nan,57.9
UGGUAGGCACGUUCUCCUU,CUUCACAAACCUCCAGAGCAAGGAGAACGUGCCUACCAUGAUCAACCCCAAGCCCUG,0.5234899328859061,1,"-0.73,-2.11,-10.44,1,0,-187.36999999999998,0.3684210526315789,0,0.2631578947368421,0,0,0.1111111111111111,-3.26,0.05555555555555555,0,0,0.05555555555555555,-0.93,0,0.05555555555555555,0,-2.35,0.1111111111111111,0",-35.64,-11.5,-0.73,nan,52.6
GGGUAGGCUUCCUCAAAAU,UCAGAAAAGAUCAAGAAGCAUUUUGAGGAAGCCUACCCCAACUGCACAGUUCUCGAA,0.2073079791200597,0,"-2.16,-3.26,-13.39,0,1,-183.61999999999998,0.2631578947368421,0,0.2631578947368421,1,0,0.16666666666666666,-3.26,0.05555555555555555,0,0,0.05555555555555555,-1.1,0,0.05555555555555555,0,-2.35,0.05555555555555555,0",-33.36,-11.5,-2.16,nan,47.4
GUAGGCUUCCUCAAAAUGC,AGUCAGAAAAGAUCAAGAAGCAUUUUGAGGAAGCCUACCCCAACUGCACAGUUCUCG,0.651006711409396,1,"0.73,-2.24,-11.4,0,1,-185.87999999999997,0.2631578947368421,0,0.21052631578947367,0,0,0.05555555555555555,-1.33,0.05555555555555555,1,0,0.05555555555555555,-3.42,0,0.1111111111111111,0,-0.93,0.05555555555555555,0",-32.82,-8.11,0.73,nan,47.4
GAUUCCAUUGAUGAAGAGG,AUGAUCUGGUGAAGCGGACCCUCUUCAUCAAUGGAAUCUCCAAAUAUGCAGAGUCAG,0.5510812826249067,1,"0.46,-2.35,-12.44,0,1,-186.24999999999994,0.2631578947368421,0,0.3157894736842105,0,0,0.05555555555555555,-1.1,0.0,0,0,0.05555555555555555,-3.26,0,0.0,0,-2.35,0.1111111111111111,0",-30.76,-5.86,0.46,nan,42.1
CCGCUUCACCAGAUCAUCC,CCAAGAUGCGCUACAAGGAGGAUGAUCUGGUGAAGCGGACCCUCUUCAUCAAUGGAA,0.476510067114094,0,"0.0,-3.26,-13.39,0,0,-201.10000000000002,0.21052631578947367,0,0.10526315789473684,0,0,0.0,-2.36,0.0,0,1,0.16666666666666666,-3.26,1,0.05555555555555555,0,-1.1,0.05555555555555555,0",-36.73,-8.71,0.0,nan,57.9
UUCACCAGAUCAUCCUCCU,ACCUCCAAGAUGCGCUACAAGGAGGAUGAUCUGGUGAAGCGGACCCUCUUCAUCAAU,0.5771812080536913,1,"0.7,-0.93,-6.82,1,0,-191.05999999999997,0.3157894736842105,1,0.05263157894736842,0,0,0.0,-2.35,0.0,1,0,0.16666666666666666,-2.08,0,0.0,0,-2.35,0.05555555555555555,0",-34.48,-9.61,0.7,nan,47.4
GAGCAGCAGAUACAGGAAG,GGCUGCACACCUCCUUCGCCUUCCUGUAUCUGCUGCUCACCGUCUACAGCAUGCGUA,0.5652498135719612,1,"-0.27,-2.35,-12.44,0,1,-195.86999999999998,0.05263157894736842,0,0.3684210526315789,0,0,0.05555555555555555,-2.08,0.05555555555555555,0,0,0.0,-2.08,0,0.1111111111111111,0,-2.11,0.0,0",-35.39,-10.23,-0.27,nan,52.6
UUGUUCCCUGAUUUCAAGU,GGGAGAACCACCAUUGCCAACUUGAAAUCAGGGAACAACCUGCUAUGGCUGCACACC,0.2565249813571961,0,"0.86,-0.93,-6.82,1,0,-171.60999999999996,0.47368421052631576,1,0.15789473684210525,0,0,0.0,-2.11,0.0,1,0,0.1111111111111111,-2.24,0,0.0,0,-0.93,0.2222222222222222,0",-29.3,-9.61,0.86,nan,36.8
CAAGUUGGCAAUGGUGGUU,AUGCCUACAGCUUUGGGAGAACCACCAUUGCCAACUUGAAAUCAGGGAACAACCUGC,0.2550335570469799,0,"-1.63,-2.11,-10.44,0,0,-181.25999999999996,0.3157894736842105,0,0.3684210526315789,0,0,0.16666666666666666,-0.93,0.0,0,1,0.0,-0.93,0,0.05555555555555555,0,-3.26,0.1111111111111111,0",-32.83,-7.01,-1.63,nan,47.4
GGCAAUGGUGGUUCUCCCA,AGAACAAUGCCUACAGCUUUGGGAGAACCACCAUUGCCAACUUGAAAUCAGGGAACA,0.3266219239373601,0,"-1.6,-3.26,-13.39,0,1,-197.44,0.2631578947368421,0,0.3157894736842105,1,0,0.16666666666666666,-3.42,0.0,0,0,0.1111111111111111,-2.11,0,0.05555555555555555,0,-2.35,0.05555555555555555,1",-37.84,-8.84,-1.6,nan,57.9
GAGAAGUUGACAGGCAGCA,GUCCUCUCCGUAGGCAUCGUGCUGCCUGUCAACUUCUCAGGGGACCUGCUGGAGAAC,0.4511558538404175,0,"-1.14,-2.35,-12.44,0,1,-193.25999999999996,0.10526315789473684,0,0.3684210526315789,0,0,0.05555555555555555,-2.08,0.0,0,0,0.0,-2.11,0,0.1111111111111111,0,-3.26,0.05555555555555555,1",-35.71,-5.62,-1.14,nan,52.6
AGAGGACGCCCACAACCAC,GCACAUCAUCGGGCUGCUGGUGGUUGUGGGCGUCCUCUCCGUAGGCAUCGUGCUGCC,0.3989560029828486,0,"1.06,-2.08,-10.48,0,0,-201.33,0.0,0,0.21052631578947367,0,0,0.05555555555555555,-2.35,0.0,0,0,0.16666666666666666,-2.24,0,0.05555555555555555,0,-2.11,0.0,0",-39.36,-10.55,1.06,nan,63.2
GAUGUGCCGCUGAAAGGAC,GCGAUGCCGUGCACUACCUGUCCUUUCAGCGGCACAUCAUCGGGCUGCUGGUGGUUG,0.4854586129753915,0,"-0.11,-2.35,-12.44,0,1,-198.98999999999998,0.15789473684210525,0,0.3684210526315789,0,0,0.05555555555555555,-1.1,0.0,0,0,0.05555555555555555,-2.24,0,0.1111111111111111,0,-0.93,0.0,0",-36.61,-9.7,-0.11,nan,57.9
ACCAUUGUCCCUUUGGUCA,UCUCCAGCUCCGUUGACUUUGACCAAAGGGACAAUGGUUUCUUCCUGGCUGACAGCC,0.5287099179716629,1,"-0.13,-2.24,-11.4,0,0,-183.67,0.3684210526315789,0,0.15789473684210525,0,0,0.05555555555555555,-3.26,0.0,0,0,0.16666666666666666,-2.11,0,0.0,0,-0.93,0.16666666666666666,1",-33.88,-7.21,-0.13,nan,47.4
GUCAAAGUCAACGGAGCUG,AGCGUCUCACCUCUGUCUCCAGCUCCGUUGACUUUGACCAAAGGGACAAUGGUUUCU,0.6293810589112603,1,"-0.13,-2.24,-11.4,0,1,-190.04,0.15789473684210525,0,0.3157894736842105,0,0,0.05555555555555555,-2.35,0.0,1,0,0.0,-2.11,0,0.05555555555555555,0,-3.26,0.0,0",-34.08,-5.65,-0.13,nan,52.6
CAGCACACGAAUCAAGGAA,AAGACCAUACACUUGUCAAUUCCUUGAUUCGUGUGCUGCAGACAUUGCAGGAGUUCA,0.1648023862788963,0,"-1.63,-2.11,-10.44,0,0,-184.25999999999993,0.05263157894736842,0,0.21052631578947367,0,0,0.05555555555555555,-2.08,0.0,0,1,0.0,-0.93,0,0.05555555555555555,0,-2.11,0.0,1",-32.52,-9.66,-1.63,nan,47.4
AGCCAGCAGGGCAAUCCAG,GAGAUCACCUCCUACACCACUGGAUUGCCCUGCUGGCUGACUGCCCCAUCACUGCAC,0.4750186428038777,0,"0.9,-2.08,-10.48,0,0,-203.18999999999997,0.05263157894736842,0,0.3157894736842105,0,0,0.1111111111111111,-3.42,0.0,0,0,0.1111111111111111,-2.08,0,0.16666666666666666,0,-0.93,0.0,0",-39.9,-11.86,0.9,nan,63.2
UAAUGUCUCAUAAUAGGUU,AUUUCCUGGAAAAAGCACAAACCUAUUAUGAGACAUUAGAGAAGAAUGAAGUAGUCC,0.494407158836689,0,"-0.4,-1.33,-7.69,1,0,-163.52999999999994,0.42105263157894735,0,0.15789473684210525,0,0,0.05555555555555555,-0.93,0.16666666666666666,0,0,0.0,-0.93,0,0.0,0,-1.1,0.05555555555555555,0",-25.91,-5.82,-0.4,nan,26.3
CUCCACAGAGCAACAGCGU,GAAAGAGCGAGGCAGUCUGACGCUGUUGCUCUGUGGAGAGUGUGGCCUUGUCUCGGC,0.4526472781506338,0,"-0.74,-2.08,-10.48,0,0,-196.04,0.10526315789473684,0,0.21052631578947367,0,0,0.0,-2.35,0.0,1,1,0.05555555555555555,-2.24,0,0.1111111111111111,0,-2.24,0.0,0",-37.03,-9.61,-0.74,nan,57.9
CUCAGGCUUAUGGAAGUGC,CAGUCAAUGGCAUUGUGAAGCACUUCCAUAAGCCUGAGAAAGAGCGAGGCAGUCUGA,0.586875466070097,1,"0.89,-2.08,-10.48,0,0,-193.16,0.2631578947368421,0,0.3157894736842105,0,0,0.1111111111111111,-2.35,0.05555555555555555,1,1,0.0,-3.42,0,0.1111111111111111,0,-2.35,0.05555555555555555,0",-35.15,-10.31,0.89,nan,52.6
GCUGGGAUGUGAGCAGCUC,GGAGCGGAUCCUAGUUGGGGAGCUGCUCACAUCCCAGCCUGAGGUGGAUGAGAGGCC,0.3176733780760626,0,"-0.62,-3.42,-14.88,0,1,-209.58999999999995,0.21052631578947367,0,0.42105263157894735,0,1,0.1111111111111111,-2.08,0.0,0,0,0.0,-2.35,0,0.16666666666666666,0,-3.42,0.0,0",-39.84,-9.62,-0.62,nan,63.2
CACAUACUCCACCAGCCAU,ACUCUGGGCUGUAUGCCAAAUGGCUGGUGGAGUAUGUGAUGGUCAGGAAUGAGAUCA,0.5361670395227442,1,"-1.46,-2.11,-10.44,0,0,-193.96999999999997,0.15789473684210525,0,0.05263157894736842,0,0,0.0,-2.24,0.05555555555555555,0,1,0.16666666666666666,-1.1,0,0.05555555555555555,0,-2.11,0.0,0",-35.97,-6.11,-1.46,nan,52.6
GUAAGCUUCCCCAAGUUCU,GAGAUGACCUUCGAGUGCCAGAACUUGGGGAAGCUUACUACUGUCCAGAUUGGCCAU,0.6577181208053692,1,"-1.06,-2.24,-11.4,0,1,-182.73,0.3157894736842105,0,0.15789473684210525,0,0,0.0,-1.33,0.05555555555555555,1,0,0.16666666666666666,-2.08,0,0.05555555555555555,0,-0.93,0.1111111111111111,0",-33.32,-5.78,-1.06,nan,47.4
CUUCCCCAAGUUCUGGCAC,UGCUAGAGAUGACCUUCGAGUGCCAGAACUUGGGGAAGCUUACUACUGUCCAGAUUG,0.3124533929903057,0,"0.16,-2.08,-10.48,0,0,-195.73,0.2631578947368421,0,0.15789473684210525,0,0,0.05555555555555555,-0.93,0.0,1,1,0.16666666666666666,-2.24,0,0.05555555555555555,0,-2.08,0.1111111111111111,0",-36.91,-10.18,0.16,nan,57.9
UGUCUCACCCAAUUCUCCU,ACCCAUGGAUCUGUAUAUCAGGAGAAUUGGGUGAGACACAGAUCAUGCAGAUUCCCA,0.5257270693512304,1,"-0.03,-2.11,-10.44,1,0,-187.45999999999995,0.3684210526315789,0,0.05263157894736842,0,0,0.0,-2.24,0.0,0,0,0.16666666666666666,-2.08,0,0.0,0,-0.93,0.05555555555555555,0",-34.2,-9.28,-0.03,nan,47.4
UCUUGCUUGGUACGAUCAG,CCUGAUCCCGUACCACAUUCUGAUCGUACCAAGCAAGAAGCUGGGGGGCUCCAUGUU,0.4079045488441462,0,"0.63,-2.35,-12.44,1,0,-185.17,0.3684210526315789,0,0.2631578947368421,0,0,0.05555555555555555,-2.08,0.05555555555555555,0,0,0.0,-2.08,0,0.05555555555555555,0,-2.36,0.1111111111111111,0",-32.89,-7.01,0.63,nan,47.4
UAAUCGACGGCAUUGAAAG,UUCCUCUAUCACCUCCUGUCUUUCAAUGCCGUCGAUUACUUUUGCUUCACCAAUGUC,0.5727069351230425,1,"1.2,-1.33,-7.69,1,0,-176.02999999999997,0.21052631578947367,0,0.2631578947368421,0,0,0.05555555555555555,-0.93,0.05555555555555555,0,0,0.0,-2.08,0,0.05555555555555555,0,-0.93,0.05555555555555555,0",-29.7,-6.79,1.2,nan,42.1
CGACGGCAUUGAAAGACAG,GCAGUUCCUCUAUCACCUCCUGUCUUUCAAUGCCGUCGAUUACUUUUGCUUCACCAA,0.3534675615212528,0,"0.17,-2.36,-10.64,0,0,-188.17999999999995,0.10526315789473684,0,0.3157894736842105,0,0,0.05555555555555555,-2.35,0.0,0,1,0.0,-2.08,0,0.05555555555555555,1,-0.93,0.05555555555555555,0",-33.22,-11.2,0.17,nan,52.6
UCCCCGAUGUUCUGGAUGU,CUGAUUCAGGAUAUGAGGCACAUCCAGAACAUCGGGGAAAUCAAGACUGAUGUGGGA,0.3310961968680089,0,"-0.11,-2.35,-12.44,1,0,-193.09,0.3684210526315789,0,0.2631578947368421,0,0,0.05555555555555555,-3.26,0.0,0,0,0.16666666666666666,-2.24,0,0.0,0,-2.11,0.05555555555555555,0",-35.83,-11.05,-0.11,nan,52.6
GAAUCAGGGAGAUCCUCAG,CAGCUCACUCAUGCCUCCCCUGAGGAUCUCCCUGAUUCAGGAUAUGAGGCACAUCCA,0.4519015659955257,0,"-0.27,-2.35,-12.44,0,1,-199.57999999999998,0.15789473684210525,0,0.3157894736842105,0,0,0.1111111111111111,-0.93,0.0,0,0,0.05555555555555555,-2.08,0,0.0,0,-2.35,0.0,0",-35.46,-7.29,-0.27,nan,52.6
GGGACCAUAAGGCUGAUUU,ACUACAAGUGAAACAGGGGAAAUCAGCCUUAUGGUCCCACCUGUUACAUUAUCAGGA,0.3124533929903057,0,"-2.33,-3.26,-13.39,0,1,-186.13999999999996,0.2631578947368421,0,0.3157894736842105,1,0,0.16666666666666666,-3.26,0.05555555555555555,0,0,0.05555555555555555,-0.93,0,0.05555555555555555,0,-2.08,0.1111111111111111,0",-33.56,-9.78,-2.33,nan,47.4
ACCAUAAGGCUGAUUUCCC,UGGACUACAAGUGAAACAGGGGAAAUCAGCCUUAUGGUCCCACCUGUUACAUUAUCA,0.4556301267710663,0,"1.47,-2.24,-11.4,0,0,-186.14,0.2631578947368421,0,0.15789473684210525,0,0,0.05555555555555555,-3.26,0.05555555555555555,0,0,0.16666666666666666,-3.26,0,0.05555555555555555,0,-1.1,0.1111111111111111,0",-33.56,-6.72,1.47,nan,47.4
UUAUUGCGGCAUUCCUUCA,AAGUUUGUAGAGGGCCUGCUGAAGGAAUGCCGCAAUAAGACCAAGAGGAUGCUGGUG,0.5794183445190156,1,"0.73,-0.93,-6.82,1,0,-176.54,0.42105263157894735,1,0.15789473684210525,0,0,0.05555555555555555,-1.33,0.05555555555555555,1,0,0.05555555555555555,-2.11,0,0.1111111111111111,0,-2.35,0.2222222222222222,1",-31.09,-6.71,0.73,nan,42.1
ACAGUUUGGGCUGGCGGAU,CAGGACUAUGGGCAGCACUAUCCGCCAGCCCAAACUGUCCAACCUCUCUCCAUCAGU,0.3049962714392244,0,"-0.69,-2.24,-11.4,0,0,-193.45,0.2631578947368421,0,0.42105263157894735,0,0,0.2222222222222222,-2.11,0.0,0,0,0.0,-1.1,0,0.1111111111111111,0,-3.26,0.1111111111111111,0",-37.53,-6.31,-0.69,nan,57.9
UGGAUGUACUUCUCCCUCU,CUGCGUUUAGAUAAUGACCAGAGGGAGAAGUACAUCCAGGAAGCCAGGACUAUGGGC,0.6017897091722596,1,"-0.03,-2.11,-10.44,1,0,-188.37,0.42105263157894735,0,0.15789473684210525,0,0,0.05555555555555555,-3.26,0.05555555555555555,0,0,0.1111111111111111,-2.08,0,0.0,0,-2.35,0.05555555555555555,0",-34.57,-7.85,-0.03,nan,47.4
CACUUGUUGCUGGCUGGCC,UCUGAUGUACUUUCCACUGGGCCAGCCAGCAACAAGUGGACGAAAAGGAAUGCCCCU,0.5495898583146905,1,"0.7,-2.11,-10.44,0,0,-201.27999999999997,0.3157894736842105,0,0.3157894736842105,0,0,0.1111111111111111,-2.24,0.0,0,1,0.05555555555555555,-3.26,0,0.16666666666666666,0,-3.42,0.1111111111111111,0",-39.08,-5.54,0.7,nan,63.2
CCUUGUCCAAUCUUCAUGU,AUUCACCCACAUUUACUUGACAUGAAGAUUGGACAAGGGAAAUAUGAGCCGGGCUUC,0.5257270693512304,1,"-1.47,-3.26,-13.39,0,0,-181.51,0.42105263157894735,0,0.10526315789473684,0,0,0.0,-2.08,0.0,0,1,0.1111111111111111,-2.24,1,0.0,0,-0.93,0.1111111111111111,0",-31.1,-8.88,-1.47,nan,42.1
GAAUUGCAGUAUGGUCAAU,UGAGCUGCGUCUGGCAAAAAUUGACCAUACUGCAAUUCACCCACAUUUACUUGACAU,0.3422818791946309,0,"-1.7,-2.35,-12.44,0,1,-177.14999999999998,0.3157894736842105,0,0.2631578947368421,0,0,0.05555555555555555,-0.93,0.05555555555555555,0,0,0.0,-1.1,0,0.05555555555555555,0,-3.26,0.05555555555555555,0",-29.26,-5.61,-1.7,nan,36.8
GAUGUACGGAGAGUAGGUG,AGGCUGUUGAAUGUUCGGACACCUACUCUCCGUACAUCCAUGUACCAGAAGUGUACC,0.4079045488441462,0,"-0.24,-2.35,-12.44,0,1,-193.80999999999997,0.21052631578947367,0,0.47368421052631576,0,0,0.1111111111111111,-1.1,0.1111111111111111,0,0,0.0,-2.11,0,0.0,0,-2.24,0.0,0",-35.02,-6.84,-0.24,nan,52.6
GUAGGUGUCCGAACAUUCA,GUUGACAAGAUCAGGCUGUUGAAUGUUCGGACACCUACUCUCCGUACAUCCAUGUAC,0.3653989560029828,0,"-1.03,-2.24,-11.4,0,1,-185.51999999999998,0.2631578947368421,0,0.2631578947368421,0,0,0.05555555555555555,-1.33,0.05555555555555555,1,0,0.05555555555555555,-2.11,0,0.0,0,-2.24,0.05555555555555555,1",-33.05,-8.27,-1.03,nan,47.4
UUAUUUUGUUGUCAAUGAA,GACCCAGAUGUUUGCAUCUUUCAUUGACAACAAAAUAAUGUGUCAUGAUGAUGAUGA,0.7293064876957495,1,"0.0,-0.93,-6.82,1,0,-152.57999999999998,0.5263157894736842,1,0.15789473684210525,0,0,0.0,-1.33,0.05555555555555555,1,0,0.0,-0.93,0,0.0,0,-2.11,0.2777777777777778,1",-22.67,-2.79,0.0,nan,21.1
UGAAAGAUGCAAACAUCUG,CUCAAGAUUCCUGGAGACCCAGAUGUUUGCAUCUUUCAUUGACAACAAAAUAAUGUG,0.5615212527964206,1,"0.9,-2.11,-10.44,1,0,-175.46999999999997,0.21052631578947367,0,0.21052631578947367,0,0,0.0,-2.35,0.0,0,0,0.0,-2.11,0,0.05555555555555555,0,-2.24,0.0,0",-28.8,-5.2,0.9,nan,36.8
AGAUGCAAACAUCUGGGUC,UCCUCUCAAGAUUCCUGGAGACCCAGAUGUUUGCAUCUUUCAUUGACAACAAAAUAA,0.5361670395227442,1,"1.17,-2.08,-10.48,0,0,-189.56999999999996,0.21052631578947367,0,0.2631578947368421,0,0,0.1111111111111111,-2.35,0.0,0,0,0.0,-2.35,0,0.05555555555555555,0,-2.08,0.0,0",-33.59,-7.48,1.17,nan,47.4
CUUGAGAGGAAGGGCAGGU,UCAGAUCAGCCUGAGCCCUACCUGCCCUUCCUCUCAAGAUUCCUGGAGACCCAGAUG,0.3967188665175242,0,"-0.74,-2.08,-10.48,0,0,-196.75000000000003,0.15789473684210525,0,0.47368421052631576,0,0,0.2222222222222222,-0.93,0.0,1,1,0.0,-2.24,0,0.05555555555555555,0,-3.26,0.05555555555555555,0",-37.69,-7.36,-0.74,nan,57.9
GUUUUGCAUUUGCUCCCUG,AGGAAUCCUGGUUUACCAACAGGGAGCAAAUGCAAAACUUUGAUAAAGCAUCUUUUC,0.5063385533184191,0,"-0.13,-2.24,-11.4,0,1,-182.97,0.47368421052631576,0,0.21052631578947367,0,0,0.0,-0.93,0.0,1,0,0.1111111111111111,-2.11,0,0.1111111111111111,0,-2.08,0.2777777777777778,0",-32.21,-5.44,-0.13,nan,47.4
UUUGCAUUUGCUCCCUGUU,UAAGGAAUCCUGGUUUACCAACAGGGAGCAAAUGCAAAACUUUGAUAAAGCAUCUUU,0.3668903803131991,0,"0.0,-0.93,-6.82,1,0,-175.52999999999997,0.5263157894736842,1,0.15789473684210525,0,0,0.0,-0.93,0.0,1,0,0.1111111111111111,-0.93,0,0.1111111111111111,0,-3.26,0.2777777777777778,0",-31.31,-5.61,0.0,nan,42.1
UAUCCUGGCUGGGUUGGAU,AGAUUAUGAGGCGUUUGUCAUCCAACCCAGCCAGGAUAAGGAAUCCUGGUUUACCAA,0.3862788963460105,0,"-0.23,-1.33,-7.69,1,0,-192.61,0.3684210526315789,0,0.3684210526315789,0,0,0.2222222222222222,-1.1,0.05555555555555555,0,0,0.05555555555555555,-1.1,0,0.05555555555555555,0,-2.24,0.05555555555555555,0",-36.62,-9.62,-0.23,nan,52.6
GUAAAUCCUGAGUUCUUCU,UCAAAGUUCAGUGUGAUGAAGAAGAACUCAGGAUUUACCAGCUAAACAUUCAGAUCC,0.3333333333333333,0,"-1.06,-2.24,-11.4,0,1,-175.32999999999998,0.42105263157894735,0,0.15789473684210525,0,0,0.0,-1.33,0.05555555555555555,1,0,0.05555555555555555,-2.08,0,0.0,0,-0.93,0.1111111111111111,0",-29.18,-5.36,-1.06,nan,36.8
UUUCCAGGCUCACCCCAGU,GCAAGCCUUGGUCAAGAGAACUGGGGUGAGCCUGGAAAAGUUGGAAGUGCGUGAAGA,0.2766592095451156,0,"0.86,-0.93,-6.82,1,0,-194.85999999999996,0.2631578947368421,1,0.15789473684210525,0,0,0.05555555555555555,-0.93,0.0,1,0,0.2222222222222222,-2.24,0,0.05555555555555555,0,-3.26,0.1111111111111111,0",-38.34,-9.45,0.86,nan,57.9
UUCCAGGCUCACCCCAGUU,UGCAAGCCUUGGUCAAGAGAACUGGGGUGAGCCUGGAAAAGUUGGAAGUGCGUGAAG,0.4354958985831468,0,"0.0,-0.93,-6.82,1,0,-194.85999999999996,0.2631578947368421,1,0.15789473684210525,0,0,0.05555555555555555,-2.35,0.0,1,0,0.2222222222222222,-0.93,0,0.05555555555555555,0,-3.26,0.1111111111111111,0",-38.34,-11.94,0.0,nan,57.9
CAAGGCUUGCAGCCGGGCA,UUAAGGAGAAUGAAACUAUUGCCCGGCUGCAAGCCUUGGUCAAGAGAACUGGGGUGA,0.4205816554809843,0,"-0.9,-2.11,-10.44,0,0,-203.22999999999996,0.10526315789473684,0,0.3684210526315789,0,0,0.16666666666666666,-0.93,0.0,0,1,0.05555555555555555,-2.11,0,0.2222222222222222,0,-3.26,0.05555555555555555,1",-41.08,-7.71,-0.9,nan,68.4
CGUAGGAAUGCAAAGGGGA,GAAUGGGAACAUUGCUGGCUCCCCUUUGCAUUCCUACGAGCUUCUUAAGGAGAAUGA,0.3333333333333333,0,"-0.46,-2.36,-10.64,0,0,-187.39999999999992,0.10526315789473684,0,0.42105263157894735,0,0,0.2222222222222222,-2.24,0.05555555555555555,0,1,0.0,-2.35,0,0.05555555555555555,1,-0.93,0.0,1",-34.82,-7.65,-0.46,nan,52.6
GGCCCGCAGCCUCUUCAGC,GCAGUGAGAGUGCCUCCAAGCUGAAGAGGCUGCGGGCCUCUGAGCUUGUCUCGGACA,0.27889634601044,0,"0.16,-3.26,-13.39,0,1,-214.60999999999996,0.15789473684210525,0,0.2631578947368421,1,0,0.05555555555555555,-3.42,0.0,0,0,0.16666666666666666,-3.42,0,0.2222222222222222,0,-2.08,0.05555555555555555,0",-43.16,-13.29,0.16,nan,73.7
UUCAGCUUGGAGGCACUCU,GGGAAUCUUCAUUGCAGUGAGAGUGCCUCCAAGCUGAAGAGGCUGCGGGCCUCUGAG,0.4988814317673378,0,"0.7,-0.93,-6.82,1,0,-191.57,0.3157894736842105,1,0.2631578947368421,0,0,0.1111111111111111,-2.35,0.0,1,0,0.0,-2.08,0,0.1111111111111111,0,-3.42,0.1111111111111111,0",-36.25,-7.98,0.7,nan,52.6
GUUGGGGAACUGUGGCAAG,UCAUUGAGUUGCCAGAGGACUUGCCACAGUUCCCCAACAAAUUGGAGUUUGUCCAGG,0.3773303504847129,0,"-0.16,-2.24,-11.4,0,1,-194.64999999999995,0.21052631578947367,0,0.47368421052631576,0,0,0.2222222222222222,-0.93,0.0,1,0,0.0,-2.08,0,0.05555555555555555,0,-2.11,0.05555555555555555,0",-36.83,-10.18,-0.16,nan,57.9
GGCAAGUCCUCUGGCAACU,AUUGACAACCACUUCAUUGAGUUGCCAGAGGACUUGCCACAGUUCCCCAACAAAUUG,0.5346756152125279,1,"-1.63,-3.26,-13.39,0,1,-197.16000000000003,0.21052631578947367,0,0.2631578947368421,1,0,0.1111111111111111,-3.42,0.0,0,0,0.05555555555555555,-2.08,0,0.1111111111111111,0,-3.26,0.0,0",-37.77,-9.04,-1.63,nan,57.9
CACAAAGCAGAGGUUAGCC,AGCUGGAGCUGCCUCAAGAGGCUAACCUCUGCUUUGUGGACAUUGACAACCACUUCA,0.5234899328859061,1,"0.7,-2.11,-10.44,0,0,-189.56,0.10526315789473684,0,0.2631578947368421,0,0,0.05555555555555555,-2.24,0.05555555555555555,0,1,0.05555555555555555,-3.26,0,0.1111111111111111,0,-2.24,0.05555555555555555,0",-34.87,-7.17,0.7,nan,52.6
CAGAGGUUAGCCUCUUGAG,CGGUCAAAGCUGGAGCUGCCUCAAGAGGCUAACCUCUGCUUUGUGGACAUUGACAAC,0.3900074571215511,0,"-0.03,-2.11,-10.44,0,0,-191.85999999999996,0.2631578947368421,0,0.3157894736842105,0,0,0.05555555555555555,-2.08,0.05555555555555555,0,1,0.05555555555555555,-2.08,0,0.05555555555555555,0,-2.35,0.1111111111111111,0",-35.03,-7.95,-0.03,nan,52.6
AGUCAUCAGUCUCUGGUAA,UCCUGCUCUACUCACAGCAUUACCAGAGACUGAUGACUGUGGCGGAGACGAUUACAG,0.2147651006711409,0,"-0.7,-2.08,-10.48,0,0,-183.42999999999998,0.3157894736842105,0,0.21052631578947367,0,0,0.05555555555555555,-2.24,0.05555555555555555,0,0,0.0,-0.93,0,0.0,0,-2.08,0.0,1",-32.4,-7.72,-0.7,nan,42.1
UGGCCCAUAGACCCCAGAA,CUGGCCGGUCCUUGAAGUUUUCUGGGGUCUAUGGGCCAAUAAUCUGCCAGAGACCAA,0.47129008202833705,0,"-0.73,-2.11,-10.44,1,0,-196.61999999999998,0.10526315789473684,0,0.21052631578947367,0,0,0.05555555555555555,-3.26,0.05555555555555555,0,0,0.2777777777777778,-0.93,0,0.05555555555555555,0,-3.26,0.0,1",-38.78,-11.87,-0.73,nan,57.9
AGGAGGUGGGAGCGGCACC,UAUACAACGUACUCUACGAGGUGCCGCUCCCACCUCCUGGCCGGUCCUUGAAGUUUU,0.29082774049217,0,"1.63,-2.08,-10.48,0,0,-213.41000000000003,0.05263157894736842,0,0.5263157894736842,0,0,0.2777777777777778,-3.26,0.0,0,0,0.05555555555555555,-3.26,0,0.1111111111111111,0,-2.36,0.0,0",-43.86,-11.21,1.63,nan,73.7
UGCCUGGUGGAGUUGCUCC,AGGCAUGUCGGAGCGUGCUGGAGCAACUCCACCAGGCAGUCACUUCACCUCAGCCCC,0.4630872483221476,0,"1.6,-2.11,-10.44,1,0,-203.69,0.3157894736842105,0,0.3684210526315789,0,0,0.1111111111111111,-3.42,0.0,0,0,0.1111111111111111,-3.26,0,0.1111111111111111,0,-0.93,0.05555555555555555,0",-40.13,-11.83,1.6,nan,63.2
UCCAGCACGCUCCGACAUG,CCCAUGUCUUUCAUGAAGGCAUGUCGGAGCGUGCUGGAGCAACUCCACCAGGCAGUC,0.45339299030574204,0,"0.66,-2.35,-12.44,1,0,-202.71,0.15789473684210525,0,0.21052631578947367,0,0,0.0,-3.26,0.0,0,0,0.1111111111111111,-2.11,0,0.1111111111111111,0,-2.36,0.0,0",-38.77,-11.13,0.66,nan,63.2
UGCACUUAGAGACGUAGAG,UGACAUUAGCCGGGACACUCUCUACGUCUCUAAGUGCAUCUGCCUCAUCACACCCAU,0.5093214019388517,0,"0.87,-2.11,-10.44,1,0,-185.19,0.21052631578947367,0,0.3157894736842105,0,0,0.0,-3.42,0.1111111111111111,0,0,0.0,-2.08,0,0.05555555555555555,0,-2.36,0.05555555555555555,0",-33.22,-7.57,0.87,nan,47.4
UGUGAGGGCAAACCCAAAU,GGGAGGAUGGCUCUCGGACAUUUGGGUUUGCCCUCACAUUUUAUGAAGAGGUGACUA,0.5384041759880686,1,"-0.56,-2.11,-10.44,1,0,-181.52999999999997,0.15789473684210525,0,0.2631578947368421,0,0,0.1111111111111111,-2.24,0.0,0,0,0.1111111111111111,-1.1,0,0.05555555555555555,0,-3.26,0.0,0",-33.64,-11.21,-0.56,nan,47.4
UGUGAUAAUAAAGGCAUGG,AUCCCAGGGAGCCCCAAUUCCAUGCCUUUAUUAUCACAAGGGAGGAUGGCUCUCGGA,0.540641312453393,1,"1.6,-2.11,-10.44,1,0,-174.39,0.2631578947368421,0,0.3157894736842105,0,0,0.1111111111111111,-2.24,0.1111111111111111,0,0,0.0,-3.26,0,0.05555555555555555,0,-3.26,0.0,0",-29.26,-5.52,1.6,nan,36.8
AAGGCAUGGAAUUGGGGCU,ACCCAGGCUGAUCCCAGGGAGCCCCAAUUCCAUGCCUUUAUUAUCACAAGGGAGGAU,0.4295302013422818,0,"0.7,-0.93,-6.82,0,0,-189.59999999999994,0.21052631578947367,0,0.42105263157894735,0,0,0.2777777777777778,-2.08,0.0,0,0,0.0,-2.08,0,0.1111111111111111,0,-2.11,0.05555555555555555,0",-35.98,-9.54,0.7,nan,52.6
CUGGGAUCAGCCUGGGUCU,CCGAAAGGGCUGGCAUUCAAGACCCAGGCUGAUCCCAGGGAGCCCCAAUUCCAUGCC,0.5600298284862043,1,"-0.9,-2.08,-10.48,0,0,-205.83999999999997,0.2631578947368421,0,0.3684210526315789,0,0,0.2222222222222222,-2.11,0.0,1,1,0.05555555555555555,-2.08,0,0.05555555555555555,0,-2.11,0.0,0",-40.22,-9.89,-0.9,nan,63.2
CCUACUGCAUCUUGGUCAA,AACGUAGAAUGGAAUCCCUUUGACCAAGAUGCAGUAGGAAUGCUAUGUAUGCCGAAA,0.4317673378076062,0,"-2.33,-3.26,-13.39,0,0,-185.92,0.3157894736842105,0,0.15789473684210525,0,0,0.05555555555555555,-2.08,0.05555555555555555,0,1,0.05555555555555555,-0.93,1,0.05555555555555555,0,-2.11,0.05555555555555555,1",-33.55,-9.17,-2.33,nan,47.4
AAAAUUUUCUCCUUCAGUC,GCCCUUUCAUUUCAAGUACGACUGAAGGAGAAAAUUUUGAGCAGACACCAUUGAGAA,0.6771066368381805,1,"1.87,-0.93,-6.82,0,0,-166.22,0.42105263157894735,0,0.05263157894736842,0,0,0.0,-0.93,0.0,0,0,0.05555555555555555,-2.35,0,0.0,0,-0.93,0.2222222222222222,0",-26.32,-0.76,1.87,nan,31.6
AAGGGCUGGCACCAUCCCU,CAUACAGGCUUCUAAAGCCAGGGAUGGUGCCAGCCCUUUCAUUUCAAGUACGACUGA,0.6241610738255033,1,"0.7,-0.93,-6.82,0,0,-201.84999999999994,0.15789473684210525,0,0.2631578947368421,0,0,0.16666666666666666,-2.08,0.0,0,0,0.16666666666666666,-2.08,0,0.1111111111111111,0,-2.11,0.0,0",-40.6,-11.67,0.7,nan,63.2
CCAUCCCUGGCUUUAGAAG,UUAUGCCAGUACAUACAGGCUUCUAAAGCCAGGGAUGGUGCCAGCCCUUUCAUUUCA,0.3460104399701715,0,"-0.73,-3.26,-13.39,0,0,-190.03999999999994,0.2631578947368421,0,0.21052631578947367,0,0,0.05555555555555555,-2.11,0.05555555555555555,0,1,0.16666666666666666,-2.08,1,0.05555555555555555,0,-0.93,0.1111111111111111,0",-34.83,-9.62,-0.73,nan,52.6
ACUGGCAUAAUGCCGACAG,CGGGCUGGAGCCGGACGAGCUGUCGGCAUUAUGCCAGUACAUACAGGCUUCUAAAGC,0.5443698732289336,1,"0.74,-2.24,-11.4,0,0,-191.07999999999998,0.15789473684210525,0,0.2631578947368421,0,0,0.05555555555555555,-2.08,0.05555555555555555,0,0,0.05555555555555555,-2.08,0,0.1111111111111111,0,-3.26,0.0,0",-35.07,-9.54,0.74,nan,52.6
GUGAUGUUGAACUCCUGCA,AUUCGUGUGCUGCAGACAUUGCAGGAGUUCAACAUCACXXXXXXXXXXXXXXXXXXX,0.4660700969425801,0,"-1.03,-2.24,-11.4,0,1,-188.64000000000001,0.3157894736842105,0,0.2631578947368421,0,0,0.0,-2.11,0.0,1,0,0.05555555555555555,-2.11,0,0.05555555555555555,0,-2.35,0.05555555555555555,1",-33.58,-5.85,-1.03,nan,47.4
AAUGUCUGCAGCACACGAA,ACACUUGUCAAUUCCUUGAUUCGUGUGCUGCAGACAUUGCAGGAGUUCAACAUCACX,0.2997762863534676,0,"0.0,-0.93,-6.82,0,0,-184.60999999999996,0.15789473684210525,0,0.21052631578947367,0,0,0.0,-1.1,0.0,0,0,0.0,-0.93,0,0.1111111111111111,0,-2.24,0.0,1",-33.3,-7.45,0.0,nan,47.4
GAGGUGAUCUCUGGCUCCC,UUCAGAUGCUGGUGUGCUUGGGAGCCAGAGAUCACCUCCUACACCACUGGAUUGCCC,0.3706189410887398,0,"0.46,-2.35,-12.44,0,1,-210.61,0.2631578947368421,0,0.3157894736842105,0,0,0.1111111111111111,-2.08,0.0,0,0,0.1111111111111111,-3.26,0,0.05555555555555555,0,-3.26,0.0,0",-40.0,-8.15,0.46,nan,63.2
AUCGGCAGAAGUUCCGGGC,GGAAAACUGGCAUACAAGAGCCCGGAACUUCUGCCGAUUUGUCACUGCAAUCAACAA,0.5287099179716629,1,"2.32,-1.1,-9.38,0,0,-200.40999999999997,0.15789473684210525,0,0.3684210526315789,0,0,0.16666666666666666,-2.35,0.0,1,0,0.05555555555555555,-3.42,0,0.1111111111111111,0,-2.35,0.05555555555555555,0",-38.58,-11.04,2.32,nan,63.2
AGUGCUUCACAAUGCCAUU,GUCCAUCGGGGAGGCAGUCAAUGGCAUUGUGAAGCACUUCCAUAAGCCUGAGAAAGA,0.4511558538404175,0,"-0.7,-2.08,-10.48,0,0,-179.71999999999997,0.3157894736842105,0,0.15789473684210525,0,0,0.0,-2.24,0.0,0,0,0.05555555555555555,-0.93,0,0.1111111111111111,0,-2.11,0.1111111111111111,0",-31.64,-9.04,-0.7,nan,42.1
GACUGCUGCAGCGGCGGGG,GAUGAGAGGCCAUGCCGGACCCCGCCGCUGCAGCAGUCCCCCAGUGUCAUCCGGAGG,0.4608501118568233,0,"0.46,-2.35,-12.44,0,1,-217.3499999999999,0.10526315789473684,0,0.5263157894736842,0,0,0.2222222222222222,-2.24,0.0,0,0,0.0,-3.26,0,0.2222222222222222,0,-3.26,0.0,0",-44.51,-9.5,0.46,nan,78.9
UCCGGCAUGGCCUCUCAUC,CACAUCCCAGCCUGAGGUGGAUGAGAGGCCAUGCCGGACCCCGCCGCUGCAGCAGUC,0.4697986577181208,0,"0.9,-2.35,-12.44,1,0,-207.42999999999995,0.2631578947368421,0,0.21052631578947367,0,0,0.1111111111111111,-3.26,0.0,0,0,0.1111111111111111,-2.35,0,0.1111111111111111,0,-2.35,0.0,0",-39.79,-10.97,0.9,nan,63.2
AUGGCCUCUCAUCCACCUC,GCUGCUCACAUCCCAGCCUGAGGUGGAUGAGAGGCCAUGCCGGACCCCGCCGCUGCA,0.5548098434004475,1,"1.7,-1.1,-9.38,0,0,-203.79,0.2631578947368421,0,0.10526315789473684,0,0,0.05555555555555555,-2.11,0.0,1,0,0.16666666666666666,-2.35,0,0.05555555555555555,0,-3.26,0.0,0",-38.33,-11.94,1.7,nan,57.9
CAGCUCCCCAACUAGGAUC,AUGAUGGAAGCCUGGAGCGGAUCCUAGUUGGGGAGCUGCUCACAUCCCAGCCUGAGG,0.4966442953020135,0,"0.24,-2.11,-10.44,0,0,-200.23999999999995,0.15789473684210525,0,0.15789473684210525,0,0,0.05555555555555555,-2.08,0.05555555555555555,0,1,0.16666666666666666,-2.35,0,0.05555555555555555,0,-1.33,0.0,0",-37.56,-11.91,0.24,nan,57.9
GCUUCCAUCAUCCAUGCCC,GUGGCCGGUGGUUAGGGAAGGGCAUGGAUGAUGGAAGCCUGGAGCGGAUCCUAGUUG,0.4056674123788218,0,"-0.16,-3.42,-14.88,0,1,-204.22999999999996,0.2631578947368421,0,0.10526315789473684,0,1,0.0,-2.08,0.0,0,0,0.2222222222222222,-3.26,0,0.1111111111111111,0,-2.11,0.05555555555555555,0",-37.59,-7.29,-0.16,nan,57.9
UCCACCAGCCAUUUGGCAU,CAUGAUAACUCUGGGCUGUAUGCCAAAUGGCUGGUGGAGUAUGUGAUGGUCAGGAAU,0.5182699478001491,0,"-0.8,-2.35,-12.44,1,0,-191.18999999999994,0.2631578947368421,0,0.15789473684210525,0,0,0.05555555555555555,-3.26,0.0,0,0,0.16666666666666666,-1.1,0,0.1111111111111111,0,-0.93,0.1111111111111111,0",-36.17,-10.97,-0.8,nan,52.6
AUCCAUGGGUUGGCAGUGA,AAGCUGGGGGGCUCCAUGUUCACUGCCAACCCAUGGAUCUGUAUAUCAGGAGAAUUG,0.4310216256524981,0,"0.8,-1.1,-9.38,0,0,-193.33,0.2631578947368421,0,0.3684210526315789,0,0,0.16666666666666666,-2.35,0.0,1,0,0.05555555555555555,-2.35,0,0.05555555555555555,0,-3.42,0.05555555555555555,1",-36.41,-9.65,0.8,nan,52.6
AAUCGACGGCAUUGAAAGA,GUUCCUCUAUCACCUCCUGUCUUUCAAUGCCGUCGAUUACUUUUGCUUCACCAAUGU,0.3929903057419836,0,"0.97,-0.93,-6.82,0,0,-177.05999999999995,0.15789473684210525,0,0.2631578947368421,0,0,0.05555555555555555,-1.1,0.0,0,0,0.0,-2.35,0,0.05555555555555555,0,-2.11,0.05555555555555555,1",-30.27,-8.22,0.97,nan,42.1
GAAAGACAGGAGGUGAUAG,ACGAGAAGGAGCAGUUCCUCUAUCACCUCCUGUCUUUCAAUGCCGUCGAUUACUUUU,0.4705443698732289,0,"-0.27,-2.35,-12.44,0,1,-189.23999999999998,0.10526315789473684,0,0.42105263157894735,0,0,0.1111111111111111,-0.93,0.05555555555555555,0,0,0.0,-2.08,0,0.0,0,-2.24,0.0,0",-33.14,-5.65,-0.27,nan,47.4
GGAUGUGCCUCAUAUCCUG,CCUGAGGAUCUCCCUGAUUCAGGAUAUGAGGCACAUCCAGAACAUCGGGGAAAUCAA,0.3482475764354959,0,"-0.7,-3.26,-13.39,0,1,-198.70999999999995,0.3157894736842105,0,0.2631578947368421,1,0,0.05555555555555555,-2.35,0.05555555555555555,0,0,0.1111111111111111,-2.11,0,0.05555555555555555,0,-1.33,0.0,0",-35.63,-9.24,-0.7,nan,52.6
GGAGGCAUGAGUGAGCUGG,GAACGUAGGAAGUCUGAUGCCAGCUCACUCAUGCCUCCCCUGAGGAUCUCCCUGAUU,0.4802386278896346,0,"0.0,-3.26,-13.39,0,1,-208.09999999999997,0.15789473684210525,0,0.5263157894736842,1,0,0.16666666666666666,-2.35,0.0,0,0,0.0,-3.26,0,0.1111111111111111,0,-2.35,0.0,0",-39.68,-9.78,0.0,nan,63.2
CCUACGUUCUGAAUCAAGA,UCAGUACCUCAGGAAUACUUCUUGAUUCAGAACGUAGGAAGUCUGAUGCCAGCUCAC,0.2170022371364653,0,"-1.36,-3.26,-13.39,0,0,-179.10999999999999,0.2631578947368421,0,0.15789473684210525,0,0,0.0,-2.08,0.05555555555555555,0,1,0.05555555555555555,-2.35,1,0.0,0,-1.1,0.05555555555555555,1",-30.64,-6.64,-1.36,nan,42.1
UUUCUCUGCCGGUUGUCCU,UCCCACCUGUUACAUUAUCAGGACAACCGGCAGAGAAAACUCACAUCAGGAAGCCUC,0.4996271439224459,0,"0.7,-0.93,-6.82,1,0,-187.54,0.47368421052631576,1,0.21052631578947367,0,0,0.05555555555555555,-0.93,0.0,1,0,0.1111111111111111,-2.08,0,0.05555555555555555,0,-0.93,0.16666666666666666,0",-35.35,-7.36,0.7,nan,52.6
AACAGGUGGGACCAUAAGG,GUGAAACAGGGGAAAUCAGCCUUAUGGUCCCACCUGUUACAUUAUCAGGACAACCGG,0.4660700969425801,0,"2.33,-0.93,-6.82,0,0,-189.25,0.10526315789473684,0,0.3684210526315789,0,0,0.2222222222222222,-2.24,0.05555555555555555,0,0,0.05555555555555555,-3.26,0,0.0,0,-2.11,0.0,0",-35.61,-9.5,2.33,nan,52.6
GAUCCUUUCCAGGAGAUCA,CCCUGAUUGCCAGCCUUUGUGAUCUCCUGGAAAGGAUCUGGAGUCAUGGACUACAAG,0.3288590604026846,0,"-1.14,-2.35,-12.44,0,1,-192.2,0.2631578947368421,0,0.21052631578947367,0,0,0.05555555555555555,-1.1,0.0,0,0,0.1111111111111111,-2.11,0,0.0,0,-2.35,0.1111111111111111,1",-33.86,-5.66,-1.14,nan,47.4
UUUCCAGGAGAUCACAAAG,GAACACCCUGAUUGCCAGCCUUUGUGAUCUCCUGGAAAGGAUCUGGAGUCAUGGACU,0.4906785980611484,0,"1.6,-0.93,-6.82,1,0,-180.02999999999997,0.21052631578947367,1,0.21052631578947367,0,0,0.05555555555555555,-0.93,0.0,1,0,0.05555555555555555,-2.08,0,0.0,0,-2.11,0.1111111111111111,0",-31.01,-9.45,1.6,nan,42.1
AGGAGAUCACAAAGGCUGG,GAAGAGAACACCCUGAUUGCCAGCCUUUGUGAUCUCCUGGAAAGGAUCUGGAGUCAU,0.3512304250559284,0,"1.63,-2.08,-10.48,0,0,-192.7,0.10526315789473684,0,0.3684210526315789,0,0,0.16666666666666666,-3.26,0.0,0,0,0.0,-3.26,0,0.05555555555555555,0,-2.08,0.0,0",-35.56,-9.4,1.63,nan,52.6
GAUCACAAAGGCUGGCAAU,GGUGGAAGAGAACACCCUGAUUGCCAGCCUUUGUGAUCUCCUGGAAAGGAUCUGGAG,0.3616703952274422,0,"-1.7,-2.35,-12.44,0,1,-187.43,0.15789473684210525,0,0.2631578947368421,0,0,0.1111111111111111,-1.1,0.0,0,0,0.0,-1.1,0,0.1111111111111111,0,-2.11,0.0,0",-33.35,-5.85,-1.7,nan,47.4
UCUUGGUCUUAUUGCGGCA,AGAGGGCCUGCUGAAGGAAUGCCGCAAUAAGACCAAGAGGAUGCUGGUGGAAAAGAU,0.5167785234899328,0,"-0.24,-2.35,-12.44,1,0,-182.21999999999997,0.42105263157894735,0,0.2631578947368421,0,0,0.1111111111111111,-2.08,0.05555555555555555,0,0,0.0,-2.11,0,0.1111111111111111,0,-2.11,0.16666666666666666,1",-33.38,-8.88,-0.24,nan,47.4
GAUGUACUUCUCCCUCUGG,ACCUGCGUUUAGAUAAUGACCAGAGGGAGAAGUACAUCCAGGAAGCCAGGACUAUGG,0.2572706935123042,0,"0.46,-2.35,-12.44,0,1,-195.80999999999995,0.3684210526315789,0,0.21052631578947367,0,0,0.05555555555555555,-1.1,0.05555555555555555,0,0,0.1111111111111111,-3.26,0,0.0,0,-3.26,0.05555555555555555,0",-35.47,-6.11,0.46,nan,52.6
CUCUGGUCAUUAUCUAAAC,CAGCACACAGAACACCUGCGUUUAGAUAAUGACCAGAGGGAGAAGUACAUCCAGGAA,0.3832960477255779,0,"0.16,-2.08,-10.48,0,0,-176.81999999999996,0.3684210526315789,0,0.10526315789473684,0,0,0.05555555555555555,-2.35,0.1111111111111111,1,1,0.0,-2.24,0,0.0,0,-2.35,0.05555555555555555,0",-28.81,-9.85,0.16,nan,36.8
CAGUGGAAAGUACAUCAGA,CUUCUUCCCUAAGCUGCAGUCUGAUGUACUUUCCACUGGGCCAGCCAGCAACAAGUG,0.3571961222967934,0,"-0.66,-2.11,-10.44,0,0,-181.49,0.15789473684210525,0,0.2631578947368421,0,0,0.05555555555555555,-2.08,0.05555555555555555,0,1,0.0,-2.35,0,0.0,0,-2.11,0.0,1",-31.46,-7.98,-0.66,nan,42.1
AUUCAACAGCCUGAUCUUG,UAUUUGAUUCCCGAGUUGACAAGAUCAGGCUGUUGAAUGUUCGGACACCUACUCUCC,0.4153616703952275,0,"1.46,-1.1,-9.38,0,0,-182.07999999999998,0.3157894736842105,0,0.15789473684210525,0,0,0.0,-0.93,0.0,1,0,0.05555555555555555,-2.11,0,0.05555555555555555,0,-2.35,0.1111111111111111,0",-31.1,-5.68,1.46,nan,42.1
GGUCUCCAGGAAUCUUGAG,AGCCCUACCUGCCCUUCCUCUCAAGAUUCCUGGAGACCCAGAUGUUUGCAUCUUUCA,0.4817300521998509,0,"-0.73,-3.26,-13.39,0,1,-195.97999999999996,0.2631578947368421,0,0.3157894736842105,1,0,0.1111111111111111,-2.24,0.0,0,0,0.05555555555555555,-2.08,0,0.0,0,-2.35,0.05555555555555555,0",-35.18,-9.85,-0.73,nan,52.6
GCUUUAUCAAAGUUUUGCA,UUUACCAACAGGGAGCAAAUGCAAAACUUUGAUAAAGCAUCUUUUCUGUCAGAUCAG,0.343027591349739,0,"-1.76,-3.42,-14.88,0,1,-163.35999999999999,0.42105263157894735,0,0.15789473684210525,0,1,0.0,-2.08,0.05555555555555555,0,0,0.0,-2.11,0,0.1111111111111111,0,-0.93,0.2777777777777778,1",-26.32,-4.63,-1.76,nan,31.6
GGAUGACAAACGCCUCAUA,CACUCAGAUGUUUGCAGAUUAUGAGGCGUUUGUCAUCCAACCCAGCCAGGAUAAGGA,0.3348247576435496,0,"-1.93,-3.26,-13.39,0,1,-186.97999999999996,0.15789473684210525,0,0.21052631578947367,1,0,0.05555555555555555,-2.35,0.05555555555555555,0,0,0.05555555555555555,-1.33,0,0.05555555555555555,0,-3.26,0.0,1",-33.09,-7.72,-1.93,nan,47.4
GCCUCAUAAUCUGCAAACA,GCAAAUCGUUUCACUCAGAUGUUUGCAGAUUAUGAGGCGUUUGUCAUCCAACCCAGC,0.2870991797166294,0,"-1.76,-3.42,-14.88,0,1,-181.73,0.21052631578947367,0,0.10526315789473684,0,1,0.0,-3.26,0.05555555555555555,0,0,0.05555555555555555,-2.11,0,0.1111111111111111,0,-3.42,0.0,1",-31.42,-7.69,-1.76,nan,42.1
UGCAAACAUCUGAGUGAAA,GGGAAGUUUUUGCAAAUCGUUUCACUCAGAUGUUUGCAGAUUAUGAGGCGUUUGUCA,0.3161819537658464,0,"-0.73,-2.11,-10.44,1,0,-173.76999999999998,0.21052631578947367,0,0.21052631578947367,0,0,0.0,-3.42,0.0,0,0,0.0,-0.93,0,0.05555555555555555,0,-2.08,0.0,1",-29.49,-7.2,-0.73,nan,36.8
AACUUCCCGGAUCUGAAUG,UCAGGAUUUACCAGCUAAACAUUCAGAUCCGGGAAGUUUUUGCAAAUCGUUUCACUC,0.5570469798657718,1,"1.63,-0.93,-6.82,0,0,-185.69999999999996,0.2631578947368421,0,0.21052631578947367,0,0,0.05555555555555555,-2.24,0.0,0,0,0.1111111111111111,-2.11,0,0.0,0,-2.08,0.05555555555555555,0",-32.61,-9.58,1.63,nan,47.4
UUCUUCUUCAUCACACUGA,GCAAUAAGGAUCUCAAAGUUCAGUGUGAUGAAGAAGAACUCAGGAUUUACCAGCUAA,0.5607755406413124,1,"0.97,-0.93,-6.82,1,0,-176.98999999999998,0.42105263157894735,1,0.05263157894736842,0,0,0.0,-2.35,0.0,1,0,0.0,-2.35,0,0.0,0,-2.24,0.16666666666666666,1",-29.81,-5.73,0.97,nan,36.8
ACUUUGAGAUCCUUAUUGC,GUGCGUGAAGACCCCAGCAGCAAUAAGGAUCUCAAAGUUCAGUGUGAUGAAGAAGAA,0.4936614466815809,0,"1.63,-2.24,-11.4,0,0,-175.70999999999998,0.42105263157894735,0,0.15789473684210525,0,0,0.0,-2.08,0.05555555555555555,0,0,0.05555555555555555,-3.42,0,0.05555555555555555,0,-0.93,0.2222222222222222,0",-29.14,-6.39,1.63,nan,36.8
UCCUUAUUGCUGCUGGGGU,AAGUUGGAAGUGCGUGAAGACCCCAGCAGCAAUAAGGAUCUCAAAGUUCAGUGUGAU,0.4839671886651752,0,"-0.11,-2.35,-12.44,1,0,-189.57999999999996,0.42105263157894735,0,0.3157894736842105,0,0,0.16666666666666666,-3.26,0.05555555555555555,0,0,0.05555555555555555,-2.24,0,0.1111111111111111,0,-2.08,0.1111111111111111,0",-36.34,-5.09,-0.11,nan,52.6
ACGCACUUCCAACUUUUCC,AGAGAACUGGGGUGAGCCUGGAAAAGUUGGAAGUGCGUGAAGACCCCAGCAGCAAUA,0.45339299030574204,0,"1.47,-2.24,-11.4,0,0,-179.98999999999995,0.3157894736842105,0,0.05263157894736842,0,0,0.0,-2.36,0.0,0,0,0.1111111111111111,-3.26,0,0.05555555555555555,0,-2.08,0.2222222222222222,0",-32.21,-8.6,1.47,nan,47.4
CUUAAGAAGCUCGUAGGAA,UUGCUGGCUCCCCUUUGCAUUCCUACGAGCUUCUUAAGGAGAAUGAAACUAUUGCCC,0.4459358687546607,0,"-1.6,-2.08,-10.48,0,0,-175.36,0.21052631578947367,0,0.2631578947368421,0,0,0.05555555555555555,-0.93,0.1111111111111111,1,1,0.0,-0.93,0,0.05555555555555555,0,-2.24,0.05555555555555555,1",-30.57,-3.56,-1.6,nan,42.1
UUAAGAAGCUCGUAGGAAU,AUUGCUGGCUCCCCUUUGCAUUCCUACGAGCUUCUUAAGGAGAAUGAAACUAUUGCC,0.4876957494407159,0,"0.17,-0.93,-6.82,1,0,-170.53999999999996,0.2631578947368421,1,0.2631578947368421,0,0,0.05555555555555555,-1.33,0.1111111111111111,1,0,0.0,-1.1,0,0.05555555555555555,0,-1.33,0.05555555555555555,0",-29.14,-5.16,0.17,nan,36.8
GAAGCUCGUAGGAAUGCAA,GAACAUUGCUGGCUCCCCUUUGCAUUCCUACGAGCUUCUUAAGGAGAAUGAAACUAU,0.3788217747949292,0,"-1.87,-2.35,-12.44,0,1,-185.02999999999997,0.15789473684210525,0,0.3157894736842105,0,0,0.05555555555555555,-0.93,0.05555555555555555,0,0,0.0,-0.93,0,0.1111111111111111,0,-0.93,0.0,1",-32.89,-8.68,-1.87,nan,47.4
AGCCAGCAAUGUUCCCAUU,GCUUGUCUCGGACAAGAGGAAUGGGAACAUUGCUGGCUCCCCUUUGCAUUCCUACGA,0.3251304996271439,0,"-0.7,-2.08,-10.48,0,0,-184.65999999999997,0.2631578947368421,0,0.15789473684210525,0,0,0.0,-3.42,0.0,0,0,0.16666666666666666,-0.93,0,0.1111111111111111,0,-2.35,0.1111111111111111,0",-33.81,-11.86,-0.7,nan,47.4
GCCAGCAAUGUUCCCAUUC,AGCUUGUCUCGGACAAGAGGAAUGGGAACAUUGCUGGCUCCCCUUUGCAUUCCUACG,0.3378076062639821,0,"-0.62,-3.42,-14.88,0,1,-194.05999999999995,0.2631578947368421,0,0.15789473684210525,0,1,0.0,-3.26,0.0,0,0,0.16666666666666666,-2.35,0,0.1111111111111111,0,-3.26,0.1111111111111111,0",-34.98,-9.37,-0.62,nan,52.6
GCAAUGUUCCCAUUCCUCU,UCUGAGCUUGUCUCGGACAAGAGGAAUGGGAACAUUGCUGGCUCCCCUUUGCAUUCC,0.3997017151379567,0,"-1.79,-3.42,-14.88,0,1,-187.94,0.3684210526315789,0,0.10526315789473684,0,1,0.0,-2.11,0.0,0,0,0.16666666666666666,-2.08,0,0.05555555555555555,0,-0.93,0.1111111111111111,0",-33.43,-4.88,-1.79,nan,47.4
CAAUGUUCCCAUUCCUCUU,CUCUGAGCUUGUCUCGGACAAGAGGAAUGGGAACAUUGCUGGCUCCCCUUUGCAUUC,0.3728560775540641,0,"-1.63,-2.11,-10.44,0,0,-179.87999999999994,0.42105263157894735,0,0.05263157894736842,0,0,0.0,-0.93,0.0,0,1,0.16666666666666666,-0.93,0,0.0,0,-2.35,0.16666666666666666,0",-30.94,-5.12,-1.63,nan,42.1
GCCCGCAGCCUCUUCAGCU,UGCAGUGAGAGUGCCUCCAAGCUGAAGAGGCUGCGGGCCUCUGAGCUUGUCUCGGAC,0.4093959731543624,0,"-1.79,-3.42,-14.88,0,1,-207.97999999999996,0.21052631578947367,0,0.21052631578947367,0,1,0.0,-3.26,0.0,0,0,0.16666666666666666,-2.08,0,0.2222222222222222,0,-0.93,0.05555555555555555,0",-41.53,-12.4,-1.79,nan,68.4
CCAAUUUGUUGGGGAACUG,GUUGCCAGAGGACUUGCCACAGUUCCCCAACAAAUUGGAGUUUGUCCAGGAAGUCUC,0.5063385533184191,0,"-0.7,-3.26,-13.39,0,0,-180.90999999999997,0.3157894736842105,0,0.3157894736842105,0,0,0.16666666666666666,-2.11,0.0,0,1,0.05555555555555555,-2.11,1,0.0,0,-3.26,0.16666666666666666,0",-32.05,-4.02,-0.7,nan,47.4
CAAUGAAGUGGUUGUCAAU,UAACCUCUGCUUUGUGGACAUUGACAACCACUUCAUUGAGUUGCCAGAGGACUUGCC,0.3631618195376584,0,"-1.46,-2.11,-10.44,0,0,-173.85999999999999,0.3157894736842105,0,0.2631578947368421,0,0,0.05555555555555555,-0.93,0.0,0,1,0.0,-1.1,0,0.0,0,-2.11,0.05555555555555555,0",-28.69,-4.96,-1.46,nan,36.8
AGCUUUGACCGGUCAUCCA,GGUUUGCAUUCCAAUGGCCUGGAUGACCGGUCAAAGCUGGAGCUGCCUCAAGAGGCU,0.5048471290082028,0,"0.03,-2.08,-10.48,0,0,-190.06,0.2631578947368421,0,0.21052631578947367,0,0,0.05555555555555555,-3.42,0.0,0,0,0.1111111111111111,-2.11,0,0.05555555555555555,0,-2.35,0.1111111111111111,1",-35.55,-7.28,0.03,nan,52.6
AUCUAAGAAAUGCAGGAGA,UCCCUAUUCUCCCAGCUUCUCUCCUGCAUUUCUUAGAUGCUCCUGUUCCAUACCUGA,0.3825503355704698,0,"0.8,-1.1,-9.38,0,0,-176.68999999999997,0.15789473684210525,0,0.2631578947368421,0,0,0.05555555555555555,-2.35,0.05555555555555555,1,0,0.0,-2.35,0,0.05555555555555555,0,-2.11,0.0,1",-29.95,-6.13,0.8,nan,36.8
UUUGACAGGAAAGUCAAAU,GUACCAAUGAGCUUCCCCUAUUUGACUUUCCUGUCAAAGAGGUUUUUGAACUGCUCG,0.4004474272930649,0,"0.17,-0.93,-6.82,1,0,-165.04,0.2631578947368421,1,0.21052631578947367,0,0,0.05555555555555555,-0.93,0.0,1,0,0.0,-1.1,0,0.0,0,-2.24,0.1111111111111111,0",-26.97,-7.28,0.17,nan,31.6
UAUUGGCCCAUAGACCCCA,GCCGGUCCUUGAAGUUUUCUGGGGUCUAUGGGCCAAUAAUCUGCCAGAGACCAAGUA,0.4973900074571216,0,"0.33,-1.33,-7.69,1,0,-190.76999999999998,0.21052631578947367,0,0.15789473684210525,0,0,0.05555555555555555,-1.1,0.1111111111111111,0,0,0.2777777777777778,-2.11,0,0.05555555555555555,0,-2.35,0.05555555555555555,1",-36.78,-9.54,0.33,nan,52.6
CCAGGAGGUGGGAGCGGCA,UACAACGUACUCUACGAGGUGCCGCUCCCACCUCCUGGCCGGUCCUUGAAGUUUUCU,0.1856823266219239,0,"-1.6,-3.26,-13.39,0,0,-212.45,0.05263157894736842,0,0.5263157894736842,0,0,0.2777777777777778,-2.11,0.0,0,1,0.05555555555555555,-2.11,1,0.1111111111111111,0,-2.08,0.0,1",-43.73,-11.05,-1.6,nan,73.7
UGUAUAUGUAGCUCUCAAG,UCAGCCCCCUCCACUGCCCCUUGAGAGCUACAUAUACAACGUACUCUACGAGGUGCC,0.5533184190902312,1,"0.87,-2.11,-10.44,1,0,-177.11999999999998,0.3684210526315789,0,0.21052631578947367,0,0,0.0,-2.24,0.16666666666666666,0,0,0.0,-2.08,0,0.05555555555555555,0,-2.35,0.0,0",-29.83,-5.12,0.87,nan,36.8
CAUAGGAGUUGAAGCGCUG,CACUCCUGUGACCAAACUGCAGCGCUUCAACUCCUAUGACAUUAGCCGGGACACUCU,0.37211036539895603,0,"0.0,-2.11,-10.44,0,0,-190.40999999999994,0.21052631578947367,0,0.3684210526315789,0,0,0.05555555555555555,-1.1,0.05555555555555555,0,1,0.0,-2.11,0,0.1111111111111111,0,-2.08,0.05555555555555555,0",-34.25,-7.66,0.0,nan,52.6
UGCAGUUUGGUCACAGGAG,AUGGAGGAUGGUGAAGACACUCCUGUGACCAAACUGCAGCGCUUCAACUCCUAUGAC,0.6002982848620433,1,"0.87,-2.11,-10.44,1,0,-190.68999999999997,0.2631578947368421,0,0.3684210526315789,0,0,0.1111111111111111,-3.42,0.0,0,0,0.0,-2.08,0,0.05555555555555555,0,-2.24,0.1111111111111111,0",-35.47,-7.17,0.87,nan,52.6
CAGGAGUGUCUUCACCAUC,AGACCAGAGCAGCAUGGAGGAUGGUGAAGACACUCCUGUGACCAAACUGCAGCGCUU,0.6181953765846383,1,"0.24,-2.11,-10.44,0,0,-196.53000000000003,0.2631578947368421,0,0.21052631578947367,0,0,0.05555555555555555,-2.08,0.0,0,1,0.05555555555555555,-2.35,0,0.0,0,-2.11,0.05555555555555555,0",-35.26,-9.58,0.24,nan,52.6
ACUCAGCAUUGUGCAUGUG,UGCAAUGCAGACCCUCUACCACAUGCACAAUGCUGAGUAUGAUGUCCUACAUGCUCC,0.5190156599552572,0,"0.77,-2.24,-11.4,0,0,-188.69,0.3157894736842105,0,0.2631578947368421,0,0,0.0,-2.08,0.0,0,0,0.0,-2.11,0,0.1111111111111111,0,-3.42,0.05555555555555555,0",-33.43,-9.61,0.77,nan,47.4
AUUGUGCAUGUGGUAGAGG,UCUGCAGUGCAAUGCAGACCCUCUACCACAUGCACAAUGCUGAGUAUGAUGUCCUAC,0.5093214019388517,0,"2.16,-1.1,-9.38,0,0,-187.39999999999998,0.3157894736842105,0,0.42105263157894735,0,0,0.1111111111111111,-0.93,0.05555555555555555,1,0,0.0,-3.26,0,0.05555555555555555,0,-2.24,0.05555555555555555,0",-33.64,-7.93,2.16,nan,47.4
GCAUUGCACUGCAGAUCUG,UGAAGAGGUGACUAGCAAGCAGAUCUGCAGUGCAAUGCAGACCCUCUACCACAUGCA,0.4198359433258761,0,"-0.86,-3.42,-14.88,0,1,-196.96999999999997,0.2631578947368421,0,0.2631578947368421,0,1,0.0,-2.11,0.0,0,0,0.0,-2.11,0,0.16666666666666666,0,-2.08,0.05555555555555555,0",-35.14,-7.24,-0.86,nan,52.6
CUUGCUAGUCACCUCUUCA,GGUUUGCCCUCACAUUUUAUGAAGAGGUGACUAGCAAGCAGAUCUGCAGUGCAAUGC,0.5115585384041761,0,"-0.87,-2.08,-10.48,0,0,-186.10999999999999,0.3684210526315789,0,0.10526315789473684,0,0,0.0,-0.93,0.05555555555555555,1,1,0.05555555555555555,-2.11,0,0.05555555555555555,0,-2.08,0.1111111111111111,1",-33.59,-7.41,-0.87,nan,47.4
AUGUGAGGGCAAACCCAAA,GGAGGAUGGCUCUCGGACAUUUGGGUUUGCCCUCACAUUUUAUGAAGAGGUGACUAG,0.5473527218493661,1,"-0.17,-1.1,-9.38,0,0,-181.52999999999997,0.10526315789473684,0,0.2631578947368421,0,0,0.1111111111111111,-2.11,0.0,1,0,0.1111111111111111,-0.93,0,0.05555555555555555,0,-2.24,0.0,1",-33.64,-9.61,-0.17,nan,47.4
AUGUCCGAGAGCCAUCCUC,UGCCUUUAUUAUCACAAGGGAGGAUGGCUCUCGGACAUUUGGGUUUGCCCUCACAUU,0.4168530947054437,0,"1.7,-1.1,-9.38,0,0,-203.04,0.21052631578947367,0,0.21052631578947367,0,0,0.0,-2.11,0.0,1,0,0.16666666666666666,-2.35,0,0.05555555555555555,0,-2.11,0.0,0",-37.67,-9.68,1.7,nan,57.9
GGCUCCCUGGGAUCAGCCU,GGGCUGGCAUUCAAGACCCAGGCUGAUCCCAGGGAGCCCCAAUUCCAUGCCUUUAUU,0.4280387770320656,0,"-1.63,-3.26,-13.39,0,1,-212.26999999999995,0.21052631578947367,0,0.3157894736842105,1,0,0.16666666666666666,-3.42,0.0,0,0,0.16666666666666666,-2.08,0,0.1111111111111111,0,-2.35,0.0,0",-42.55,-11.91,-1.63,nan,68.4
UGGGUCUUGAAUGCCAGCC,AUGCUAUGUAUGCCGAAAGGGCUGGCAUUCAAGACCCAGGCUGAUCCCAGGGAGCCC,0.5652498135719612,1,"1.6,-2.11,-10.44,1,0,-198.01,0.2631578947368421,0,0.3157894736842105,0,0,0.1111111111111111,-3.26,0.0,0,0,0.1111111111111111,-3.26,0,0.1111111111111111,0,-3.42,0.05555555555555555,0",-37.84,-9.58,1.6,nan,57.9
AUUUGAAUGUUCUUCUCAA,AAAUUUUGAGCAGACACCAUUGAGAAGAACAUUCAAAUCUAAGGUCCUUGCACGAUA,0.4079045488441462,0,"-0.17,-1.1,-9.38,0,0,-162.07,0.47368421052631576,0,0.10526315789473684,0,0,0.0,-0.93,0.0,1,0,0.0,-0.93,0,0.0,0,-0.93,0.2222222222222222,1",-24.92,-3.36,-0.17,nan,26.3
CAUAAUGCCGACAGCUCGU,GAGACCGGGCUGGAGCCGGACGAGCUGUCGGCAUUAUGCCAGUACAUACAGGCUUCU,0.4034302759134974,0,"-0.77,-2.11,-10.44,0,0,-190.33,0.21052631578947367,0,0.21052631578947367,0,0,0.0,-1.1,0.05555555555555555,0,1,0.05555555555555555,-2.24,0,0.1111111111111111,0,-2.08,0.0,0",-34.41,-5.45,-0.77,nan,52.6
CGGUCUCCGUGUCCAGUCC,CGACUACUUUGUCAUCUGCGGACUGGACACGGAGACCGGGCUGGAGCCGGACGAGCU,0.4504101416853094,0,"0.9,-2.36,-10.64,0,0,-208.43,0.2631578947368421,0,0.2631578947368421,0,0,0.05555555555555555,-3.26,0.0,0,1,0.16666666666666666,-3.26,0,0.0,1,-3.26,0.0,0",-40.41,-11.45,0.9,nan,68.4
AGAGUAUUCUUCAGCUAGG,AGCACCCGCUUCGGGCUGACCUAGCUGAAGAAUACUCUAAGGACCGUAAAAAAUUCU,0.476510067114094,0,"1.63,-2.08,-10.48,0,0,-181.38,0.3157894736842105,0,0.2631578947368421,0,0,0.05555555555555555,-2.35,0.1111111111111111,0,0,0.0,-3.26,0,0.05555555555555555,0,-2.08,0.1111111111111111,0",-31.64,-5.49,1.63,nan,42.1
AGUAUUCUUCAGCUAGGUC,UGAGCACCCGCUUCGGGCUGACCUAGCUGAAGAAUACUCUAAGGACCGUAAAAAAUU,0.7576435495898584,1,"1.17,-2.08,-10.48,0,0,-182.29999999999998,0.3684210526315789,0,0.21052631578947367,0,0,0.05555555555555555,-2.24,0.1111111111111111,0,0,0.0,-2.35,0,0.05555555555555555,0,-2.08,0.1111111111111111,0",-31.8,-5.49,1.17,nan,42.1
AUUCUUCAGCUAGGUCAGC,GCCUGAGCACCCGCUUCGGGCUGACCUAGCUGAAGAAUACUCUAAGGACCGUAAAAA,0.5227442207307978,1,"2.32,-1.1,-9.38,0,0,-188.52999999999997,0.3157894736842105,0,0.21052631578947367,0,0,0.05555555555555555,-0.93,0.05555555555555555,1,0,0.0,-3.42,0,0.1111111111111111,0,-3.26,0.1111111111111111,0",-33.76,-5.76,2.32,nan,47.4
CUUCAGCUAGGUCAGCCCG,CCAGCCUGAGCACCCGCUUCGGGCUGACCUAGCUGAAGAAUACUCUAAGGACCGUAA,0.4571215510812826,0,"-0.17,-2.08,-10.48,0,0,-201.02999999999997,0.21052631578947367,0,0.2631578947368421,0,0,0.05555555555555555,-0.93,0.05555555555555555,1,1,0.1111111111111111,-2.36,0,0.1111111111111111,0,-2.11,0.05555555555555555,0",-38.71,-7.98,-0.17,nan,63.2
UCAGCUAGGUCAGCCCGAA,CCCCAGCCUGAGCACCCGCUUCGGGCUGACCUAGCUGAAGAAUACUCUAAGGACCGU,0.3653989560029828,0,"-0.97,-2.35,-12.44,1,0,-195.54999999999995,0.15789473684210525,0,0.2631578947368421,0,0,0.05555555555555555,-2.11,0.05555555555555555,0,0,0.1111111111111111,-0.93,0,0.1111111111111111,0,-3.42,0.0,1",-38.08,-9.01,-0.97,nan,57.9
UAGGUCAGCCCGAAGCGGG,AUGACCCCCAGCCUGAGCACCCGCUUCGGGCUGACCUAGCUGAAGAAUACUCUAAGG,0.4645786726323639,0,"1.93,-1.33,-7.69,1,0,-203.32999999999993,0.10526315789473684,0,0.42105263157894735,0,0,0.16666666666666666,-2.08,0.05555555555555555,0,0,0.1111111111111111,-3.26,0,0.1111111111111111,0,-0.93,0.0,0",-40.87,-9.58,1.93,nan,68.4
GGUCAGCCCGAAGCGGGUG,GAAUGACCCCCAGCCUGAGCACCCGCUUCGGGCUGACCUAGCUGAAGAAUACUCUAA,0.4474272930648769,0,"-0.7,-3.26,-13.39,0,1,-210.71999999999994,0.10526315789473684,0,0.47368421052631576,1,0,0.16666666666666666,-2.24,0.0,0,0,0.1111111111111111,-2.11,0,0.1111111111111111,0,-3.42,0.0,0",-42.26,-11.37,-0.7,nan,73.7
UCAGCCCGAAGCGGGUGCU,GUGAAUGACCCCCAGCCUGAGCACCCGCUUCGGGCUGACCUAGCUGAAGAAUACUCU,0.2803877703206562,0,"-0.27,-2.35,-12.44,1,0,-203.84999999999997,0.15789473684210525,0,0.3684210526315789,0,0,0.1111111111111111,-2.11,0.0,0,0,0.1111111111111111,-2.08,0,0.16666666666666666,0,-3.26,0.0,0",-41.36,-12.4,-0.27,nan,68.4
GCCCGAAGCGGGUGCUCAG,CUGGUGAAUGACCCCCAGCCUGAGCACCCGCUUCGGGCUGACCUAGCUGAAGAAUAC,0.3855331841909023,0,"-0.89,-3.42,-14.88,0,1,-211.29,0.10526315789473684,0,0.42105263157894735,0,1,0.1111111111111111,-3.26,0.0,0,0,0.1111111111111111,-2.08,0,0.16666666666666666,0,-2.11,0.0,0",-42.26,-10.15,-0.89,nan,73.7
CGAAGCGGGUGCUCAGGCU,GCACUGGUGAAUGACCCCCAGCCUGAGCACCCGCUUCGGGCUGACCUAGCUGAAGAA,0.3452647278150634,0,"-0.73,-2.36,-10.64,0,0,-204.66,0.15789473684210525,0,0.42105263157894735,0,0,0.16666666666666666,-2.35,0.0,0,1,0.0,-2.08,0,0.16666666666666666,1,-2.35,0.0,0",-40.63,-10.31,-0.73,nan,68.4
GAAGCGGGUGCUCAGGCUG,AGCACUGGUGAAUGACCCCCAGCCUGAGCACCCGCUUCGGGCUGACCUAGCUGAAGA,0.2766592095451156,0,"-0.24,-2.35,-12.44,0,1,-208.17999999999998,0.15789473684210525,0,0.47368421052631576,0,0,0.16666666666666666,-0.93,0.0,0,0,0.0,-2.11,0,0.16666666666666666,0,-2.11,0.0,0",-40.83,-10.77,-0.24,nan,68.4
GUCAUUCACCAGUGCUAUG,ACCAAGUAAUCCAGUCCCUCAUAGCACUGGUGAAUGACCCCCAGCCUGAGCACCCGC,0.6032811334824758,1,"-0.13,-2.24,-11.4,0,1,-190.17,0.3157894736842105,0,0.21052631578947367,0,0,0.0,-2.35,0.05555555555555555,1,0,0.05555555555555555,-2.11,0,0.05555555555555555,0,-2.11,0.05555555555555555,0",-33.18,-5.96,-0.13,nan,47.4
UCAUUCACCAGUGCUAUGA,GACCAAGUAAUCCAGUCCCUCAUAGCACUGGUGAAUGACCCCCAGCCUGAGCACCCG,0.5779269202087994,1,"0.0,-2.35,-12.44,1,0,-183.76999999999998,0.3157894736842105,0,0.15789473684210525,0,0,0.0,-2.11,0.05555555555555555,0,0,0.05555555555555555,-2.35,0,0.05555555555555555,0,-3.42,0.05555555555555555,1",-32.39,-6.75,0.0,nan,42.1
CAUUCACCAGUGCUAUGAG,CGACCAAGUAAUCCAGUCCCUCAUAGCACUGGUGAAUGACCCCCAGCCUGAGCACCC,0.5749440715883669,1,"-0.03,-2.11,-10.44,0,0,-189.24999999999997,0.2631578947368421,0,0.21052631578947367,0,0,0.0,-1.1,0.05555555555555555,0,1,0.05555555555555555,-2.08,0,0.05555555555555555,0,-2.08,0.05555555555555555,0",-33.02,-7.45,-0.03,nan,47.4
GAGGGACUGGAUUACUUGG,AGCCAGCAACCAAAACCGACCAAGUAAUCCAGUCCCUCAUAGCACUGGUGAAUGACC,0.4578672632363907,0,"0.46,-2.35,-12.44,0,1,-193.09999999999997,0.2631578947368421,0,0.42105263157894735,0,0,0.2222222222222222,-2.08,0.05555555555555555,0,0,0.0,-3.26,0,0.0,0,-1.33,0.1111111111111111,0",-35.23,-10.28,0.46,nan,52.6
AGGGACUGGAUUACUUGGU,AAGCCAGCAACCAAAACCGACCAAGUAAUCCAGUCCCUCAUAGCACUGGUGAAUGAC,0.651006711409396,1,"0.16,-2.08,-10.48,0,0,-184.61999999999998,0.3157894736842105,0,0.3684210526315789,0,0,0.2222222222222222,-3.26,0.05555555555555555,0,0,0.0,-2.24,0,0.0,0,-2.24,0.1111111111111111,0",-34.22,-11.21,0.16,nan,47.4
CUGGAUUACUUGGUCGGUU,ACUGGAAGCCAGCAACCAAAACCGACCAAGUAAUCCAGUCCCUCAUAGCACUGGUGA,0.4966442953020135,0,"-1.6,-2.08,-10.48,0,0,-181.93000000000004,0.42105263157894735,0,0.3157894736842105,0,0,0.16666666666666666,-2.11,0.05555555555555555,1,1,0.0,-0.93,0,0.0,0,-2.24,0.16666666666666666,0",-32.62,-6.09,-1.6,nan,47.4
GAUUACUUGGUCGGUUUUG,AAAACUGGAAGCCAGCAACCAAAACCGACCAAGUAAUCCAGUCCCUCAUAGCACUGG,0.4190902311707681,0,"-0.24,-2.35,-12.44,0,1,-175.42,0.47368421052631576,0,0.3157894736842105,0,0,0.1111111111111111,-1.1,0.05555555555555555,0,0,0.0,-2.11,0,0.0,0,-3.26,0.2777777777777778,0",-29.59,-3.62,-0.24,nan,42.1
AUUACUUGGUCGGUUUUGG,GAAAACUGGAAGCCAGCAACCAAAACCGACCAAGUAAUCCAGUCCCUCAUAGCACUG,0.6308724832214765,1,"2.16,-1.1,-9.38,0,0,-172.64999999999998,0.47368421052631576,0,0.3157894736842105,0,0,0.16666666666666666,-0.93,0.05555555555555555,1,0,0.0,-3.26,0,0.0,0,-2.24,0.2777777777777778,0",-30.05,-5.08,2.16,nan,42.1
ACUUGGUCGGUUUUGGUUG,GCCGAAAACUGGAAGCCAGCAACCAAAACCGACCAAGUAAUCCAGUCCCUCAUAGCA,0.6487695749440716,1,"0.77,-2.24,-11.4,0,0,-177.42,0.47368421052631576,0,0.3684210526315789,0,0,0.16666666666666666,-2.08,0.0,0,0,0.0,-2.11,0,0.0,0,-0.93,0.2777777777777778,0",-31.97,-8.88,0.77,nan,47.4
UGGUCGGUUUUGGUUGCUG,AGUGCCGAAAACUGGAAGCCAGCAACCAAAACCGACCAAGUAAUCCAGUCCCUCAUA,0.4474272930648769,0,"0.9,-2.11,-10.44,1,0,-184.51999999999995,0.47368421052631576,0,0.42105263157894735,0,0,0.16666666666666666,-3.26,0.0,0,0,0.0,-2.11,0,0.05555555555555555,0,-2.24,0.2222222222222222,0",-34.33,-11.17,0.9,nan,52.6
CGGUUUUGGUUGCUGGCUU,AAUUAGUGCCGAAAACUGGAAGCCAGCAACCAAAACCGACCAAGUAAUCCAGUCCCU,0.3109619686800894,0,"-1.43,-2.36,-10.64,0,0,-182.42,0.47368421052631576,0,0.3684210526315789,0,0,0.16666666666666666,-3.26,0.0,0,1,0.0,-0.93,0,0.1111111111111111,1,-2.08,0.2777777777777778,0",-34.06,-6.31,-1.43,nan,52.6
GUUUUGGUUGCUGGCUUCC,GUAAUUAGUGCCGAAAACUGGAAGCCAGCAACCAAAACCGACCAAGUAAUCCAGUCC,0.5443698732289336,1,"0.57,-2.24,-11.4,0,1,-187.94,0.47368421052631576,0,0.3157894736842105,0,0,0.1111111111111111,-0.93,0.0,1,0,0.05555555555555555,-3.26,0,0.1111111111111111,0,-3.26,0.2777777777777778,0",-34.5,-5.41,0.57,nan,52.6
UGGUUGCUGGCUUCCAGUU,GCCAGUAAUUAGUGCCGAAAACUGGAAGCCAGCAACCAAAACCGACCAAGUAAUCCA,0.5354213273676359,1,"-0.73,-2.11,-10.44,1,0,-187.77999999999997,0.42105263157894735,0,0.3157894736842105,0,0,0.1111111111111111,-3.26,0.0,0,0,0.05555555555555555,-0.93,0,0.1111111111111111,0,-2.35,0.16666666666666666,0",-35.93,-9.5,-0.73,nan,52.6
UUUCGGCACUAAUUACUGG,AAAGGGGCAGGUCUGUCUGCCAGUAAUUAGUGCCGAAAACUGGAAGCCAGCAACCAA,0.6174496644295302,1,"2.33,-0.93,-6.82,1,0,-174.08999999999997,0.3684210526315789,1,0.21052631578947367,0,0,0.1111111111111111,-0.93,0.1111111111111111,1,0,0.0,-3.26,0,0.05555555555555555,0,-0.93,0.16666666666666666,0",-30.45,-9.44,2.33,nan,42.1
CACUAAUUACUGGCAGACA,CGACGAAAAGGGGCAGGUCUGUCUGCCAGUAAUUAGUGCCGAAAACUGGAAGCCAGC,0.3855331841909023,0,"-0.9,-2.11,-10.44,0,0,-179.18,0.21052631578947367,0,0.15789473684210525,0,0,0.05555555555555555,-2.24,0.1111111111111111,0,1,0.0,-2.11,0,0.05555555555555555,0,-3.42,0.05555555555555555,1",-31.51,-3.62,-0.9,nan,42.1
ACUAAUUACUGGCAGACAG,UCGACGAAAAGGGGCAGGUCUGUCUGCCAGUAAUUAGUGCCGAAAACUGGAAGCCAG,0.3914988814317673,0,"0.74,-2.24,-11.4,0,0,-179.22,0.21052631578947367,0,0.21052631578947367,0,0,0.05555555555555555,-2.08,0.1111111111111111,0,0,0.0,-2.08,0,0.05555555555555555,0,-2.11,0.05555555555555555,0",-31.48,-3.16,0.74,nan,42.1
UAAUUACUGGCAGACAGAC,CAUCGACGAAAAGGGGCAGGUCUGUCUGCCAGUAAUUAGUGCCGAAAACUGGAAGCC,0.6785980611483967,1,"1.36,-1.33,-7.69,1,0,-181.17999999999998,0.21052631578947367,0,0.21052631578947367,0,0,0.05555555555555555,-0.93,0.1111111111111111,0,0,0.0,-2.24,0,0.05555555555555555,0,-2.35,0.05555555555555555,0",-31.75,-3.62,1.36,nan,42.1
AAUUACUGGCAGACAGACC,ACAUCGACGAAAAGGGGCAGGUCUGUCUGCCAGUAAUUAGUGCCGAAAACUGGAAGC,0.5540641312453393,1,"2.33,-0.93,-6.82,0,0,-186.88,0.15789473684210525,0,0.21052631578947367,0,0,0.05555555555555555,-1.1,0.05555555555555555,0,0,0.05555555555555555,-3.26,0,0.05555555555555555,0,-2.24,0.05555555555555555,0",-33.68,-5.25,2.33,nan,47.4
UACUGGCAGACAGACCUGC,CAAACAUCGACGAAAAGGGGCAGGUCUGUCUGCCAGUAAUUAGUGCCGAAAACUGGA,0.3929903057419836,0,"2.09,-1.33,-7.69,1,0,-199.66,0.15789473684210525,0,0.2631578947368421,0,0,0.05555555555555555,-2.24,0.05555555555555555,0,0,0.05555555555555555,-3.42,0,0.1111111111111111,0,-2.35,0.0,0",-38.33,-10.23,2.09,nan,57.9
CCUGCCCCUUUUCGUCGAU,AAAGAUCUAUCACCCAAACAUCGACGAAAAGGGGCAGGUCUGUCUGCCAGUAAUUAG,0.23862788963460102,0,"-2.16,-3.26,-13.39,0,0,-192.35000000000002,0.3684210526315789,0,0.15789473684210525,0,0,0.0,-2.08,0.0,0,1,0.2222222222222222,-1.1,1,0.05555555555555555,0,-2.36,0.16666666666666666,0",-36.09,-13.3,-2.16,nan,57.9
UGCCCCUUUUCGUCGAUGU,ACAAAGAUCUAUCACCCAAACAUCGACGAAAAGGGGCAGGUCUGUCUGCCAGUAAUU,0.4809843400447428,0,"0.13,-2.11,-10.44,1,0,-186.6,0.42105263157894735,0,0.21052631578947367,0,0,0.0,-3.42,0.0,0,0,0.16666666666666666,-2.24,0,0.05555555555555555,0,-2.35,0.16666666666666666,0",-34.65,-11.67,0.13,nan,52.6
CCUUUUCGUCGAUGUUUGG,UAAAACAAAGAUCUAUCACCCAAACAUCGACGAAAAGGGGCAGGUCUGUCUGCCAGU,0.4429530201342281,0,"0.0,-3.26,-13.39,0,0,-179.40999999999997,0.47368421052631576,0,0.2631578947368421,0,0,0.05555555555555555,-2.08,0.0,0,1,0.05555555555555555,-3.26,1,0.0,0,-2.11,0.2777777777777778,0",-30.73,-5.49,0.0,nan,47.4
CGUCGAUGUUUGGGUGAUA,CACAUUUAAAACAAAGAUCUAUCACCCAAACAUCGACGAAAAGGGGCAGGUCUGUCU,0.4250559284116331,0,"-1.03,-2.36,-10.64,0,0,-183.66,0.3684210526315789,0,0.3684210526315789,0,0,0.1111111111111111,-2.24,0.05555555555555555,0,1,0.0,-1.33,0,0.0,1,-3.26,0.1111111111111111,1",-32.19,-8.42,-1.03,nan,47.4
AUGUUUGGGUGAUAGAUCU,AAGAUCACAUUUAAAACAAAGAUCUAUCACCCAAACAUCGACGAAAAGGGGCAGGUC,0.5451155853840417,1,"0.53,-1.1,-9.38,0,0,-177.59999999999997,0.42105263157894735,0,0.3157894736842105,0,0,0.1111111111111111,-2.11,0.05555555555555555,1,0,0.0,-2.08,0,0.0,0,-1.33,0.1111111111111111,0",-30.04,-7.04,0.53,nan,36.8
UUUGGGUGAUAGAUCUUUG,CCGAAGAUCACAUUUAAAACAAAGAUCUAUCACCCAAACAUCGACGAAAAGGGGCAG,0.6174496644295302,1,"1.63,-0.93,-6.82,1,0,-174.17999999999998,0.47368421052631576,1,0.3157894736842105,0,0,0.1111111111111111,-0.93,0.05555555555555555,1,0,0.0,-2.11,0,0.0,0,-1.1,0.2222222222222222,0",-29.01,-9.37,1.63,nan,36.8
GGGUGAUAGAUCUUUGUUU,CCACCGAAGAUCACAUUUAAAACAAAGAUCUAUCACCCAAACAUCGACGAAAAGGGG,0.3736017897091722,0,"-2.33,-3.26,-13.39,0,1,-175.14,0.47368421052631576,0,0.3157894736842105,1,0,0.1111111111111111,-3.26,0.05555555555555555,0,0,0.0,-0.93,0,0.0,0,-0.93,0.2222222222222222,0",-29.14,-7.85,-2.33,nan,36.8
AUAGAUCUUUGUUUUAAAU,UCAAACCACCGAAGAUCACAUUUAAAACAAAGAUCUAUCACCCAAACAUCGACGAAA,0.48844146159582397,0,"0.0,-1.1,-9.38,0,0,-147.88999999999996,0.5263157894736842,0,0.10526315789473684,0,0,0.0,-1.33,0.1111111111111111,1,0,0.0,-1.1,0,0.0,0,-0.93,0.2777777777777778,0",-20.69,-6.3,0.0,nan,15.8
UUUUAAAUGUGAUCUUCGG,AGAGUACCCAUUCAAACCACCGAAGAUCACAUUUAAAACAAAGAUCUAUCACCCAAA,0.6219239373601789,1,"2.33,-0.93,-6.82,1,0,-164.14999999999998,0.47368421052631576,1,0.21052631578947367,0,0,0.05555555555555555,-0.93,0.05555555555555555,1,0,0.0,-3.26,0,0.0,0,-2.35,0.2222222222222222,0",-25.78,-1.16,2.33,nan,31.6
UGAUCUUCGGUGGUUUGAA,CUUUCCAGCAGAGUACCCAUUCAAACCACCGAAGAUCACAUUUAAAACAAAGAUCUA,0.4914243102162565,0,"-0.73,-2.11,-10.44,1,0,-177.39,0.42105263157894735,0,0.3157894736842105,0,0,0.1111111111111111,-2.35,0.0,0,0,0.0,-0.93,0,0.0,0,-2.24,0.16666666666666666,1",-31.0,-7.07,-0.73,nan,42.1
UCGGUGGUUUGAAUGGGUA,AAUCAACUUUCCAGCAGAGUACCCAUUCAAACCACCGAAGAUCACAUUUAAAACAAA,0.5354213273676359,1,"-0.57,-2.35,-12.44,1,0,-181.07999999999996,0.3684210526315789,0,0.42105263157894735,0,0,0.2222222222222222,-2.36,0.05555555555555555,0,0,0.0,-1.33,0,0.0,0,-1.1,0.1111111111111111,1",-33.38,-10.93,-0.57,nan,47.4
UUGAAUGGGUACUCUGCUG,AGAAUCGAAAUCAACUUUCCAGCAGAGUACCCAUUCAAACCACCGAAGAUCACAUUU,0.6711409395973155,1,"1.63,-0.93,-6.82,1,0,-185.92,0.3684210526315789,1,0.3157894736842105,0,0,0.1111111111111111,-2.11,0.05555555555555555,1,0,0.0,-2.11,0,0.05555555555555555,0,-2.35,0.05555555555555555,0",-33.55,-7.32,1.63,nan,47.4
UCUGAAGGCUCCCUUAUCA,UUCCUGACAACCCUCCAUAUGAUAAGGGAGCCUUCAGAAUCGAAAUCAACUUUCCAG,0.8195376584638331,1,"-0.24,-2.35,-12.44,1,0,-187.26999999999995,0.3157894736842105,0,0.15789473684210525,0,0,0.05555555555555555,-2.08,0.05555555555555555,0,0,0.1111111111111111,-2.11,0,0.05555555555555555,0,-2.08,0.05555555555555555,1",-34.44,-8.72,-0.24,nan,47.4
CUCCCUUAUCAUAUGGAGG,GCUUAUUGUUCCUGACAACCCUCCAUAUGAUAAGGGAGCCUUCAGAAUCGAAAUCAA,0.6055182699478002,1,"0.73,-2.08,-10.48,0,0,-189.93,0.3157894736842105,0,0.21052631578947367,0,0,0.1111111111111111,-2.35,0.1111111111111111,1,1,0.1111111111111111,-3.26,0,0.0,0,-1.1,0.05555555555555555,0",-33.35,-8.22,0.73,nan,47.4
AUAUGGAGGGUUGUCAGGA,CUUGGCAAGGGCUUAUUGUUCCUGACAACCCUCCAUAUGAUAAGGGAGCCUUCAGAA,0.5197613721103653,0,"0.8,-1.1,-9.38,0,0,-188.18,0.2631578947368421,0,0.42105263157894735,0,0,0.2222222222222222,-1.33,0.05555555555555555,1,0,0.0,-2.35,0,0.0,0,-2.24,0.05555555555555555,1",-34.53,-7.69,0.8,nan,47.4
GGAACAAUAAGCCCUUGCC,GAAGCUAAUUUAUUGACUUGGCAAGGGCUUAUUGUUCCUGACAACCCUCCAUAUGAU,0.5920954511558538,1,"0.0,-3.26,-13.39,0,1,-189.74,0.15789473684210525,0,0.21052631578947367,1,0,0.05555555555555555,-2.35,0.05555555555555555,0,0,0.16666666666666666,-3.26,0,0.1111111111111111,0,-3.26,0.05555555555555555,0",-34.91,-5.12,0.0,nan,52.6
UAAGCCCUUGCCAAGUCAA,GGUUGAUGAAGCUAAUUUAUUGACUUGGCAAGGGCUUAUUGUUCCUGACAACCCUCC,0.4615958240119314,0,"-0.4,-1.33,-7.69,1,0,-180.45,0.21052631578947367,0,0.15789473684210525,0,0,0.0,-0.93,0.05555555555555555,0,0,0.16666666666666666,-0.93,0,0.1111111111111111,0,-0.93,0.05555555555555555,1",-33.84,-10.04,-0.4,nan,47.4
AAGCCCUUGCCAAGUCAAU,AGGUUGAUGAAGCUAAUUUAUUGACUUGGCAAGGGCUUAUUGUUCCUGACAACCCUC,0.4377330350484713,0,"0.17,-0.93,-6.82,0,0,-182.14,0.21052631578947367,0,0.15789473684210525,0,0,0.0,-2.08,0.0,0,0,0.16666666666666666,-1.1,0,0.1111111111111111,0,-2.08,0.05555555555555555,0",-33.61,-10.04,0.17,nan,47.4
AGCCCUUGCCAAGUCAAUA,CAGGUUGAUGAAGCUAAUUUAUUGACUUGGCAAGGGCUUAUUGUUCCUGACAACCCU,0.5615212527964206,1,"-0.3,-2.08,-10.48,0,0,-183.01,0.21052631578947367,0,0.15789473684210525,0,0,0.0,-3.42,0.05555555555555555,0,0,0.16666666666666666,-1.33,0,0.1111111111111111,0,-2.24,0.05555555555555555,1",-34.01,-10.97,-0.3,nan,47.4
GCCAAGUCAAUAAAUUAGC,UAACAUCCAGGUUGAUGAAGCUAAUUUAUUGACUUGGCAAGGGCUUAUUGUUCCUGA,0.3445190156599553,0,"0.0,-3.42,-14.88,0,1,-173.45999999999995,0.21052631578947367,0,0.15789473684210525,0,1,0.0,-3.26,0.1111111111111111,0,0,0.05555555555555555,-3.42,0,0.1111111111111111,0,-0.93,0.05555555555555555,0",-28.49,-8.88,0.0,nan,36.8
AAUUAGCUUCAUCAACCUG,GAAAAACUUCCGUAACAUCCAGGUUGAUGAAGCUAAUUUAUUGACUUGGCAAGGGCU,0.72110365398956,1,"1.63,-0.93,-6.82,0,0,-173.70999999999995,0.3157894736842105,0,0.10526315789473684,0,0,0.0,-1.1,0.05555555555555555,0,0,0.05555555555555555,-2.11,0,0.05555555555555555,0,-2.11,0.1111111111111111,0",-28.9,-5.95,1.63,nan,36.8
UUAGCUUCAUCAACCUGGA,AUGAAAAACUUCCGUAACAUCCAGGUUGAUGAAGCUAAUUUAUUGACUUGGCAAGGG,0.8314690529455631,1,"0.97,-0.93,-6.82,1,0,-179.62,0.3157894736842105,1,0.15789473684210525,0,0,0.05555555555555555,-1.33,0.05555555555555555,1,0,0.05555555555555555,-2.35,0,0.05555555555555555,0,-2.24,0.1111111111111111,1",-32.03,-7.65,0.97,nan,42.1
AUCAACCUGGAUGUUACGG,XXXXUGGGAUGAAAAACUUCCGUAACAUCCAGGUUGAUGAAGCUAAUUUAUUGACUU,0.4578672632363907,0,"2.16,-1.1,-9.38,0,0,-184.45,0.2631578947368421,0,0.2631578947368421,0,0,0.1111111111111111,-2.35,0.05555555555555555,1,0,0.05555555555555555,-3.26,0,0.0,0,-2.24,0.05555555555555555,0",-32.82,-7.98,2.16,nan,47.4
UUUGGCAGUAAAUCGUGUA,CCCAGCUCAAGCAGAGGCCUACACGAUUUACUGCCAAAACAGAGXXXXXXXXXXXXX,0.6927665920954512,1,"0.4,-0.93,-6.82,1,0,-168.33999999999997,0.3684210526315789,1,0.2631578947368421,0,0,0.05555555555555555,-0.93,0.1111111111111111,1,0,0.0,-1.33,0,0.05555555555555555,0,-2.35,0.1111111111111111,1",-29.01,-9.37,0.4,nan,36.8
GGCAGUAAAUCGUGUAGGC,AGACCCAGCUCAAGCAGAGGCCUACACGAUUUACUGCCAAAACAGAGXXXXXXXXXX,0.505592841163311,0,"0.16,-3.26,-13.39,0,1,-190.45,0.21052631578947367,0,0.3684210526315789,1,0,0.1111111111111111,-3.42,0.1111111111111111,0,0,0.0,-3.42,0,0.1111111111111111,0,-2.11,0.0,0",-34.7,-7.57,0.16,nan,52.6
UAAAUCGUGUAGGCCUCUG,AUCCAAGACCCAGCUCAAGCAGAGGCCUACACGAUUUACUGCCAAAACAGAGXXXXX,0.6249067859806114,1,"1.23,-1.33,-7.69,1,0,-183.36999999999998,0.3157894736842105,0,0.2631578947368421,0,0,0.05555555555555555,-0.93,0.1111111111111111,0,0,0.05555555555555555,-2.11,0,0.05555555555555555,0,-3.42,0.0,0",-33.02,-4.92,1.23,nan,47.4
GUAGGCCUCUGCUUGAGCU,AACCAAAUAUCCAAGACCCAGCUCAAGCAGAGGCCUACACGAUUUACUGCCAAAACA,0.6674123788217748,1,"-1.06,-2.24,-11.4,0,1,-198.63999999999996,0.3157894736842105,0,0.3157894736842105,0,0,0.05555555555555555,-1.33,0.05555555555555555,1,0,0.05555555555555555,-2.08,0,0.16666666666666666,0,-0.93,0.05555555555555555,0",-38.14,-10.44,-1.06,nan,57.9
CUGCUUGAGCUGGGUCUUG,UCUAAAUGAACCAAAUAUCCAAGACCCAGCUCAAGCAGAGGCCUACACGAUUUACUG,0.5652498135719612,1,"0.03,-2.08,-10.48,0,0,-197.01,0.3684210526315789,0,0.3684210526315789,0,0,0.1111111111111111,-2.11,0.0,1,1,0.0,-2.11,0,0.1111111111111111,0,-3.26,0.1111111111111111,0",-36.91,-8.01,0.03,nan,57.9
UGGGUCUUGGAUAUUUGGU,UACAGGAACUUCUAAAUGAACCAAAUAUCCAAGACCCAGCUCAAGCAGAGGCCUACA,0.6256524981357195,1,"0.13,-2.11,-10.44,1,0,-178.9,0.47368421052631576,0,0.3684210526315789,0,0,0.2222222222222222,-3.26,0.05555555555555555,0,0,0.0,-2.24,0,0.0,0,-1.1,0.16666666666666666,0",-31.96,-9.58,0.13,nan,42.1
GGGUCUUGGAUAUUUGGUU,AUACAGGAACUUCUAAAUGAACCAAAUAUCCAAGACCCAGCUCAAGCAGAGGCCUAC,0.3646532438478747,0,"-2.33,-3.26,-13.39,0,1,-178.99999999999997,0.47368421052631576,0,0.3684210526315789,1,0,0.2222222222222222,-3.26,0.05555555555555555,0,0,0.0,-0.93,0,0.0,0,-0.93,0.2222222222222222,0",-31.23,-8.88,-2.33,nan,42.1
UAUUUGGUUCAUUUAGAAG,CCUAUUAGGAAUACAGGAACUUCUAAAUGAACCAAAUAUCCAAGACCCAGCUCAAGC,0.6621923937360179,1,"1.2,-1.33,-7.69,1,0,-159.23999999999995,0.47368421052631576,0,0.21052631578947367,0,0,0.05555555555555555,-1.1,0.1111111111111111,0,0,0.0,-2.08,0,0.0,0,-0.93,0.2777777777777778,0",-24.48,-5.58,1.2,nan,26.3
CAUUUAGAAGUUCCUGUAU,CAAACAGAUCCUAUUAGGAAUACAGGAACUUCUAAAUGAACCAAAUAUCCAAGACCC,0.3885160328113348,0,"-1.46,-2.11,-10.44,0,0,-167.48,0.42105263157894735,0,0.15789473684210525,0,0,0.0,-1.1,0.1111111111111111,0,1,0.05555555555555555,-1.1,0,0.0,0,-3.26,0.16666666666666666,0",-26.94,-3.73,-1.46,nan,31.6
AGUUCCUGUAUUCCUAAUA,AUCACAAUCAAACAGAUCCUAUUAGGAAUACAGGAACUUCUAAAUGAACCAAAUAUC,0.5361670395227442,1,"-0.3,-2.08,-10.48,0,0,-167.57999999999998,0.42105263157894735,0,0.10526315789473684,0,0,0.0,-2.24,0.16666666666666666,0,0,0.1111111111111111,-1.33,0,0.0,0,-3.26,0.1111111111111111,1",-28.04,-8.88,-0.3,nan,31.6
UGUAUUCCUAAUAGGAUCU,CCAGCCAUCACAAUCAAACAGAUCCUAUUAGGAAUACAGGAACUUCUAAAUGAACCA,0.674123788217748,1,"-0.03,-2.11,-10.44,1,0,-171.17999999999998,0.42105263157894735,0,0.15789473684210525,0,0,0.05555555555555555,-2.24,0.16666666666666666,0,0,0.05555555555555555,-2.08,0,0.0,0,-2.08,0.05555555555555555,0",-28.32,-7.12,-0.03,nan,31.6
GUAUUCCUAAUAGGAUCUG,GCCAGCCAUCACAAUCAAACAGAUCCUAUUAGGAAUACAGGAACUUCUAAAUGAACC,0.5548098434004475,1,"-0.13,-2.24,-11.4,0,1,-178.61999999999998,0.3684210526315789,0,0.21052631578947367,0,0,0.05555555555555555,-1.33,0.16666666666666666,1,0,0.05555555555555555,-2.11,0,0.0,0,-3.26,0.05555555555555555,0",-29.22,-6.06,-0.13,nan,36.8
UAGGAUCUGUUUGAUUGUG,AGGACUGGAGGCCAGCCAUCACAAUCAAACAGAUCCUAUUAGGAAUACAGGAACUUC,0.6517524235645041,1,"1.23,-1.33,-7.69,1,0,-175.80999999999997,0.47368421052631576,0,0.3157894736842105,0,0,0.05555555555555555,-2.08,0.05555555555555555,0,0,0.0,-2.11,0,0.0,0,-2.35,0.16666666666666666,0",-29.17,-8.23,1.23,nan,36.8
CUGUUUGAUUGUGAUGGCU,AGGACAAGGACUGGAGGCCAGCCAUCACAAUCAAACAGAUCCUAUUAGGAAUACAGG,0.4481730052199851,0,"-0.9,-2.08,-10.48,0,0,-180.99999999999997,0.47368421052631576,0,0.3157894736842105,0,0,0.05555555555555555,-2.11,0.0,1,1,0.0,-2.08,0,0.05555555555555555,0,-2.35,0.16666666666666666,0",-31.02,-5.68,-0.9,nan,42.1
GUUUGAUUGUGAUGGCUGG,GGAGGACAAGGACUGGAGGCCAGCCAUCACAAUCAAACAGAUCCUAUUAGGAAUACA,0.4175988068605519,0,"0.57,-2.24,-11.4,0,1,-187.63,0.42105263157894735,0,0.42105263157894735,0,0,0.1111111111111111,-0.93,0.0,1,0,0.0,-3.26,0,0.05555555555555555,0,-2.11,0.16666666666666666,0",-32.65,-3.36,0.57,nan,47.4
UGGCCUCCAGUCCUUGUCC,GCCUGUCCAUCUUAGAGGAGGACAAGGACUGGAGGCCAGCCAUCACAAUCAAACAGA,0.6405667412378822,1,"1.6,-2.11,-10.44,1,0,-204.2,0.3157894736842105,0,0.21052631578947367,0,0,0.05555555555555555,-3.26,0.0,0,0,0.2222222222222222,-3.26,0,0.05555555555555555,0,-2.08,0.05555555555555555,0",-40.21,-13.54,1.6,nan,63.2
UCCAGUCCUUGUCCUCCUC,AGUGUGCCUGUCCAUCUUAGAGGAGGACAAGGACUGGAGGCCAGCCAUCACAAUCAA,0.5257270693512304,1,"0.9,-2.35,-12.44,1,0,-200.85,0.3684210526315789,0,0.10526315789473684,0,0,0.0,-3.26,0.0,0,0,0.2222222222222222,-2.35,0,0.0,0,-3.26,0.05555555555555555,0",-38.2,-11.21,0.9,nan,57.9
UCUAAGAUGGACAGGCACA,GUGUACCCUUCGGGGACAGUGUGCCUGUCCAUCUUAGAGGAGGACAAGGACUGGAGG,0.5667412378821775,1,"-0.24,-2.35,-12.44,1,0,-187.82000000000002,0.15789473684210525,0,0.2631578947368421,0,0,0.1111111111111111,-2.08,0.05555555555555555,0,0,0.0,-2.11,0,0.05555555555555555,0,-2.08,0.0,1",-34.52,-5.33,-0.24,nan,47.4
AAGAUGGACAGGCACACUG,AAUGUGUACCCUUCGGGGACAGUGUGCCUGUCCAUCUUAGAGGAGGACAAGGACUGG,0.5973154362416108,1,"1.63,-0.93,-6.82,0,0,-193.25,0.10526315789473684,0,0.3157894736842105,0,0,0.1111111111111111,-2.08,0.0,0,0,0.0,-2.11,0,0.05555555555555555,0,-2.11,0.0,0",-35.64,-8.26,1.63,nan,52.6
AGAUGGACAGGCACACUGU,GAAUGUGUACCCUUCGGGGACAGUGUGCCUGUCCAUCUUAGAGGAGGACAAGGACUG,0.4414615958240119,0,"0.16,-2.08,-10.48,0,0,-194.11,0.15789473684210525,0,0.3157894736842105,0,0,0.1111111111111111,-2.35,0.0,0,0,0.0,-2.24,0,0.05555555555555555,0,-2.24,0.0,0",-36.5,-9.32,0.16,nan,52.6
GGACAGGCACACUGUCCCC,ACCCGAAUGUGUACCCUUCGGGGACAGUGUGCCUGUCCAUCUUAGAGGAGGACAAGG,0.3564504101416853,0,"0.0,-3.26,-13.39,0,1,-211.41999999999996,0.10526315789473684,0,0.2631578947368421,1,0,0.1111111111111111,-2.35,0.0,0,0,0.16666666666666666,-3.26,0,0.05555555555555555,0,-2.11,0.0,0",-41.89,-11.37,0.0,nan,68.4
GGCACACUGUCCCCGAAGG,AUUUCACCCGAAUGUGUACCCUUCGGGGACAGUGUGCCUGUCCAUCUUAGAGGAGGA,0.3810589112602535,0,"0.0,-3.26,-13.39,0,1,-207.03999999999996,0.10526315789473684,0,0.3157894736842105,1,0,0.1111111111111111,-3.42,0.0,0,0,0.16666666666666666,-3.26,0,0.05555555555555555,0,-3.26,0.0,0",-40.83,-9.66,0.0,nan,68.4
UCCCCGAAGGGUACACAUU,ACCACCAUUAUUUCACCCGAAUGUGUACCCUUCGGGGACAGUGUGCCUGUCCAUCUU,0.4444444444444444,0,"-0.97,-2.35,-12.44,1,0,-187.69,0.21052631578947367,0,0.21052631578947367,0,0,0.1111111111111111,-3.26,0.05555555555555555,0,0,0.16666666666666666,-0.93,0,0.0,0,-2.24,0.05555555555555555,0",-35.68,-10.88,-0.97,nan,52.6
CCCGAAGGGUACACAUUCG,GAACCACCAUUAUUUCACCCGAAUGUGUACCCUUCGGGGACAGUGUGCCUGUCCAUC,0.3363161819537658,0,"-0.9,-3.26,-13.39,0,0,-192.38,0.15789473684210525,0,0.2631578947368421,0,0,0.1111111111111111,-3.26,0.05555555555555555,0,1,0.1111111111111111,-2.36,1,0.0,0,-2.24,0.05555555555555555,0",-35.68,-10.15,-0.9,nan,57.9
GGGUACACAUUCGGGUGAA,AAAUUCGAACCACCAUUAUUUCACCCGAAUGUGUACCCUUCGGGGACAGUGUGCCUG,0.3698732289336316,0,"-2.33,-3.26,-13.39,0,1,-189.37999999999997,0.21052631578947367,0,0.3684210526315789,1,0,0.2222222222222222,-3.26,0.05555555555555555,0,0,0.0,-0.93,0,0.0,0,-3.26,0.05555555555555555,1",-35.14,-9.33,-2.33,nan,52.6
UACACAUUCGGGUGAAAUA,UGUAAAUUCGAACCACCAUUAUUUCACCCGAAUGUGUACCCUUCGGGGACAGUGUGC,0.5883668903803132,1,"0.0,-1.33,-7.69,1,0,-171.36999999999998,0.2631578947368421,0,0.21052631578947367,0,0,0.1111111111111111,-2.24,0.1111111111111111,0,0,0.0,-1.33,0,0.0,0,-2.11,0.05555555555555555,1",-29.29,-5.74,0.0,nan,36.8
AUUCGGGUGAAAUAAUGGU,CAAAAUGUAAAUUCGAACCACCAUUAUUUCACCCGAAUGUGUACCCUUCGGGGACAG,0.6584638329604773,1,"0.69,-1.1,-9.38,0,0,-171.42999999999998,0.3157894736842105,0,0.3157894736842105,0,0,0.16666666666666666,-0.93,0.05555555555555555,1,0,0.0,-2.24,0,0.0,0,-1.33,0.05555555555555555,0",-28.9,-9.41,0.69,nan,36.8
GAAAUAAUGGUGGUUCGAA,UUCGCCACCAAAAUGUAAAUUCGAACCACCAUUAUUUCACCCGAAUGUGUACCCUUC,0.4407158836689038,0,"-1.87,-2.35,-12.44,0,1,-171.64,0.2631578947368421,0,0.3157894736842105,0,0,0.1111111111111111,-0.93,0.05555555555555555,0,0,0.0,-0.93,0,0.0,0,-2.24,0.05555555555555555,1",-28.27,-1.33,-1.87,nan,36.8
AAAUAAUGGUGGUUCGAAU,CUUCGCCACCAAAAUGUAAAUUCGAACCACCAUUAUUUCACCCGAAUGUGUACCCUU,0.6040268456375839,1,"0.17,-0.93,-6.82,0,0,-164.86,0.3157894736842105,0,0.2631578947368421,0,0,0.1111111111111111,-0.93,0.05555555555555555,0,0,0.0,-1.1,0,0.0,0,-0.93,0.05555555555555555,0",-26.57,-2.96,0.17,nan,31.6
AAUGGUGGUUCGAAUUUAC,CCAUCUUCGCCACCAAAAUGUAAAUUCGAACCACCAUUAUUUCACCCGAAUGUGUAC,0.6651752423564504,1,"1.76,-0.93,-6.82,0,0,-170.6,0.3684210526315789,0,0.2631578947368421,0,0,0.1111111111111111,-1.1,0.05555555555555555,0,0,0.0,-2.24,0,0.0,0,-0.93,0.16666666666666666,0",-28.16,-9.54,1.76,nan,36.8
UGGUGGUUCGAAUUUACAU,AUCCAUCUUCGCCACCAAAAUGUAAAUUCGAACCACCAUUAUUUCACCCGAAUGUGU,0.5592841163310962,1,"-0.56,-2.11,-10.44,1,0,-170.49999999999997,0.42105263157894735,0,0.2631578947368421,0,0,0.1111111111111111,-3.26,0.05555555555555555,0,0,0.0,-1.1,0,0.0,0,-0.93,0.16666666666666666,0",-28.89,-9.5,-0.56,nan,36.8
GUGGUUCGAAUUUACAUUU,UUAUCCAUCUUCGCCACCAAAAUGUAAAUUCGAACCACCAUUAUUUCACCCGAAUGU,0.4019388516032812,0,"-1.76,-2.24,-11.4,0,1,-164.02999999999994,0.47368421052631576,0,0.21052631578947367,0,0,0.05555555555555555,-2.11,0.05555555555555555,1,0,0.0,-0.93,0,0.0,0,-1.33,0.2777777777777778,0",-25.83,-8.71,-1.76,nan,31.6
UUCGAAUUUACAUUUUGGU,AUGAUUAUCCAUCUUCGCCACCAAAAUGUAAAUUCGAACCACCAUUAUUUCACCCGA,0.6442953020134228,1,"0.86,-0.93,-6.82,1,0,-155.73,0.5263157894736842,1,0.15789473684210525,0,0,0.05555555555555555,-2.35,0.05555555555555555,1,0,0.0,-2.24,0,0.0,0,-0.93,0.3333333333333333,0",-24.07,-5.03,0.86,nan,26.3
UGGCGAAGAUGGAUAAUCA,UACGGAUGCUUUUCAAAGAUGAUUAUCCAUCUUCGCCACCAAAAUGUAAAUUCGAAC,0.4399701715137956,0,"0.0,-2.11,-10.44,1,0,-182.27999999999997,0.21052631578947367,0,0.3157894736842105,0,0,0.1111111111111111,-3.26,0.05555555555555555,0,0,0.0,-2.11,0,0.05555555555555555,0,-1.1,0.0,1",-31.61,-10.31,0.0,nan,42.1
CGAAGAUGGAUAAUCAUCU,AACUACGGAUGCUUUUCAAAGAUGAUUAUCCAUCUUCGCCACCAAAAUGUAAAUUCG,0.3929903057419836,0,"-0.73,-2.36,-10.64,0,0,-179.58999999999997,0.2631578947368421,0,0.21052631578947367,0,0,0.05555555555555555,-2.35,0.05555555555555555,0,1,0.0,-2.08,0,0.0,1,-1.1,0.0,0",-28.8,-6.83,-0.73,nan,36.8
AUGGAUAAUCAUCUUUGAA,GUUUAAACUACGGAUGCUUUUCAAAGAUGAUUAUCCAUCUUCGCCACCAAAAUGUAA,0.4862043251304996,0,"-0.17,-1.1,-9.38,0,0,-166.39,0.3684210526315789,0,0.15789473684210525,0,0,0.05555555555555555,-2.11,0.05555555555555555,1,0,0.0,-0.93,0,0.0,0,-2.08,0.1111111111111111,1",-25.53,-6.09,-0.17,nan,26.3
CAUCUUUGAAAAGCAUCCG,AGGAGGCUUGUUUAAACUACGGAUGCUUUUCAAAGAUGAUUAUCCAUCUUCGCCACC,0.651006711409396,1,"-0.2,-2.11,-10.44,0,0,-177.76,0.2631578947368421,0,0.15789473684210525,0,0,0.0,-1.1,0.0,0,1,0.05555555555555555,-2.36,0,0.05555555555555555,0,-3.42,0.1111111111111111,0",-29.34,-4.96,-0.2,nan,42.1
AAAAGCAUCCGUAGUUUAA,CCGUGGGAAGGAGGCUUGUUUAAACUACGGAUGCUUUUCAAAGAUGAUUAUCCAUCU,0.3743475018642804,0,"0.0,-0.93,-6.82,0,0,-160.17999999999998,0.2631578947368421,0,0.15789473684210525,0,0,0.0,-0.93,0.1111111111111111,0,0,0.05555555555555555,-0.93,0,0.05555555555555555,0,-2.08,0.1111111111111111,1",-26.49,-5.58,0.0,nan,31.6
AGCAUCCGUAGUUUAAACA,ACUCCGUGGGAAGGAGGCUUGUUUAAACUACGGAUGCUUUUCAAAGAUGAUUAUCCA,0.5078299776286354,0,"0.03,-2.08,-10.48,0,0,-168.38,0.2631578947368421,0,0.15789473684210525,0,0,0.0,-3.42,0.1111111111111111,0,0,0.05555555555555555,-2.11,0,0.05555555555555555,0,-0.93,0.1111111111111111,1",-28.98,-10.51,0.03,nan,36.8
AUCCGUAGUUUAAACAAGC,GGGACUCCGUGGGAAGGAGGCUUGUUUAAACUACGGAUGCUUUUCAAAGAUGAUUAU,0.6875466070096943,1,"2.32,-1.1,-9.38,0,0,-168.47999999999996,0.2631578947368421,0,0.15789473684210525,0,0,0.0,-2.35,0.1111111111111111,1,0,0.05555555555555555,-3.42,0,0.05555555555555555,0,-0.93,0.1111111111111111,0",-28.25,-9.08,2.32,nan,36.8
CGUAGUUUAAACAAGCCUC,AAAGGGACUCCGUGGGAAGGAGGCUUGUUUAAACUACGGAUGCUUUUCAAAGAUGAU,0.5458612975391499,1,"0.44,-2.36,-10.64,0,0,-173.29999999999998,0.2631578947368421,0,0.15789473684210525,0,0,0.0,-2.24,0.1111111111111111,0,1,0.05555555555555555,-2.35,0,0.05555555555555555,1,-0.93,0.1111111111111111,0",-29.68,-5.21,0.44,nan,42.1
GUAGUUUAAACAAGCCUCC,GAAAGGGACUCCGUGGGAAGGAGGCUUGUUUAAACUACGGAUGCUUUUCAAAGAUGA,0.6152125279642058,1,"0.57,-2.24,-11.4,0,1,-176.04999999999995,0.2631578947368421,0,0.15789473684210525,0,0,0.0,-1.33,0.1111111111111111,1,0,0.1111111111111111,-3.26,0,0.05555555555555555,0,-2.08,0.1111111111111111,0",-30.58,-3.85,0.57,nan,42.1
UAAACAAGCCUCCUUCCCA,AGGAAAGAAAGGGACUCCGUGGGAAGGAGGCUUGUUUAAACUACGGAUGCUUUUCAA,0.5816554809843401,1,"0.33,-1.33,-7.69,1,0,-180.95999999999998,0.21052631578947367,0,0.05263157894736842,0,0,0.0,-0.93,0.05555555555555555,0,0,0.2222222222222222,-2.11,0,0.05555555555555555,0,-2.08,0.05555555555555555,1",-33.92,-4.68,0.33,nan,47.4
CAAGCCUCCUUCCCACGGA,UUCCAGGAAAGAAAGGGACUCCGUGGGAAGGAGGCUUGUUUAAACUACGGAUGCUUU,0.3907531692766592,0,"-0.66,-2.11,-10.44,0,0,-199.82,0.15789473684210525,0,0.15789473684210525,0,0,0.05555555555555555,-0.93,0.0,0,1,0.2222222222222222,-2.35,0,0.05555555555555555,0,-3.26,0.05555555555555555,1",-39.15,-9.58,-0.66,nan,63.2
UCCUUCCCACGGAGUCCCU,GCGCCAUUCCAGGAAAGAAAGGGACUCCGUGGGAAGGAGGCUUGUUUAAACUACGGA,0.5376584638329605,1,"-0.27,-2.35,-12.44,1,0,-201.18999999999997,0.2631578947368421,0,0.15789473684210525,0,0,0.05555555555555555,-3.26,0.0,0,0,0.2777777777777778,-2.08,0,0.0,0,-2.08,0.05555555555555555,0",-40.09,-11.05,-0.27,nan,63.2
UUCCCACGGAGUCCCUUUC,AGUGCGCCAUUCCAGGAAAGAAAGGGACUCCGUGGGAAGGAGGCUUGUUUAAACUAC,0.6659209545115585,1,"1.87,-0.93,-6.82,1,0,-194.67999999999998,0.3157894736842105,1,0.15789473684210525,0,0,0.05555555555555555,-2.35,0.0,1,0,0.2222222222222222,-2.35,0,0.0,0,-3.26,0.16666666666666666,0",-37.06,-11.04,1.87,nan,57.9
UCCCACGGAGUCCCUUUCU,GAGUGCGCCAUUCCAGGAAAGAAAGGGACUCCGUGGGAAGGAGGCUUGUUUAAACUA,0.4705443698732289,0,"-0.27,-2.35,-12.44,1,0,-194.61999999999995,0.3157894736842105,0,0.15789473684210525,0,0,0.05555555555555555,-3.26,0.0,0,0,0.2222222222222222,-2.08,0,0.0,0,-3.26,0.1111111111111111,0",-37.76,-12.4,-0.27,nan,57.9
CCCACGGAGUCCCUUUCUU,GGAGUGCGCCAUUCCAGGAAAGAAAGGGACUCCGUGGGAAGGAGGCUUGUUUAAACU,0.3400447427293065,0,"-2.33,-3.26,-13.39,0,0,-192.71999999999997,0.3157894736842105,0,0.15789473684210525,0,0,0.05555555555555555,-3.26,0.0,0,1,0.2222222222222222,-0.93,1,0.0,0,-2.08,0.16666666666666666,0",-36.79,-11.04,-2.33,nan,57.9
CACGGAGUCCCUUUCUUUC,UGGGAGUGCGCCAUUCCAGGAAAGAAAGGGACUCCGUGGGAAGGAGGCUUGUUUAAA,0.3959731543624161,0,"0.24,-2.11,-10.44,0,0,-188.92,0.3684210526315789,0,0.15789473684210525,0,0,0.05555555555555555,-2.24,0.0,0,1,0.1111111111111111,-2.35,0,0.0,0,-0.93,0.2222222222222222,0",-34.0,-9.54,0.24,nan,52.6
GAGUCCCUUUCUUUCCUGG,GAACUGGGAGUGCGCCAUUCCAGGAAAGAAAGGGACUCCGUGGGAAGGAGGCUUGUU,0.4093959731543624,0,"0.46,-2.35,-12.44,0,1,-190.75,0.42105263157894735,0,0.21052631578947367,0,0,0.05555555555555555,-2.08,0.0,0,0,0.16666666666666666,-3.26,0,0.0,0,-0.93,0.2222222222222222,0",-34.74,-10.28,0.46,nan,52.6
UCCCUUUCUUUCCUGGAAU,CAUGAACUGGGAGUGCGCCAUUCCAGGAAAGAAAGGGACUCCGUGGGAAGGAGGCUU,0.6256524981357195,1,"-0.8,-2.35,-12.44,1,0,-177.63,0.47368421052631576,0,0.10526315789473684,0,0,0.05555555555555555,-3.26,0.0,0,0,0.16666666666666666,-1.1,0,0.0,0,-2.08,0.2222222222222222,0",-31.55,-8.72,-0.8,nan,42.1
UUCCUGGAAUGGCGCACUC,GAUGAACCUCAUGAACUGGGAGUGCGCCAUUCCAGGAAAGAAAGGGACUCCGUGGGA,0.5413870246085011,1,"1.87,-0.93,-6.82,1,0,-197.25999999999996,0.2631578947368421,1,0.2631578947368421,0,0,0.1111111111111111,-2.35,0.0,1,0,0.05555555555555555,-2.35,0,0.1111111111111111,0,-2.36,0.05555555555555555,0",-37.18,-10.42,1.87,nan,57.9
GCACUCCCAGUUCAUGAGG,AUCCCGAUGGCACGAUGAACCUCAUGAACUGGGAGUGCGCCAUUCCAGGAAAGAAAG,0.5384041759880686,1,"-0.16,-3.42,-14.88,0,1,-200.95999999999998,0.21052631578947367,0,0.2631578947368421,0,1,0.05555555555555555,-2.11,0.0,0,0,0.1111111111111111,-3.26,0,0.05555555555555555,0,-2.11,0.05555555555555555,0",-37.35,-11.21,-0.16,nan,57.9
CACUCCCAGUUCAUGAGGU,AAUCCCGAUGGCACGAUGAACCUCAUGAACUGGGAGUGCGCCAUUCCAGGAAAGAAA,0.4384787472035794,0,"-0.77,-2.11,-10.44,0,0,-193.76000000000002,0.2631578947368421,0,0.21052631578947367,0,0,0.05555555555555555,-2.24,0.0,0,1,0.1111111111111111,-2.24,0,0.0,0,-1.1,0.05555555555555555,0",-35.72,-10.31,-0.77,nan,52.6
ACUCCCAGUUCAUGAGGUU,AAAUCCCGAUGGCACGAUGAACCUCAUGAACUGGGAGUGCGCCAUUCCAGGAAAGAA,0.2572706935123042,0,"-0.86,-2.24,-11.4,0,0,-186.42,0.3157894736842105,0,0.21052631578947367,0,0,0.05555555555555555,-2.08,0.0,0,0,0.1111111111111111,-0.93,0,0.0,0,-2.11,0.1111111111111111,0",-34.09,-11.05,-0.86,nan,47.4
CAGUUCAUGAGGUUCAUCG,ACAAAAAAUCCCGAUGGCACGAUGAACCUCAUGAACUGGGAGUGCGCCAUUCCAGGA,0.5831469052945564,1,"-0.2,-2.11,-10.44,0,0,-188.09999999999997,0.3157894736842105,0,0.2631578947368421,0,0,0.05555555555555555,-2.08,0.0,0,1,0.0,-2.36,0,0.0,0,-0.93,0.1111111111111111,0",-32.07,-5.82,-0.2,nan,47.4
UUCAUGAGGUUCAUCGUGC,CCAACAAAAAAUCCCGAUGGCACGAUGAACCUCAUGAACUGGGAGUGCGCCAUUCCA,0.6293810589112603,1,"2.49,-0.93,-6.82,1,0,-188.78,0.3684210526315789,1,0.2631578947368421,0,0,0.05555555555555555,-2.35,0.0,1,0,0.0,-3.42,0,0.05555555555555555,0,-1.1,0.1111111111111111,0",-32.96,-7.56,2.49,nan,47.4
AGGUUCAUCGUGCCAUCGG,GCUGUCCCAACAAAAAAUCCCGAUGGCACGAUGAACCUCAUGAACUGGGAGUGCGCC,0.6099925428784488,1,"1.63,-2.08,-10.48,0,0,-196.49999999999994,0.2631578947368421,0,0.3157894736842105,0,0,0.1111111111111111,-3.26,0.0,0,0,0.05555555555555555,-3.26,0,0.05555555555555555,0,-3.26,0.05555555555555555,0",-36.45,-7.45,1.63,nan,57.9
GGUUCAUCGUGCCAUCGGG,GGCUGUCCCAACAAAAAAUCCCGAUGGCACGAUGAACCUCAUGAACUGGGAGUGCGC,0.4101416853094706,0,"0.0,-3.26,-13.39,0,1,-203.12999999999994,0.2631578947368421,0,0.3684210526315789,1,0,0.16666666666666666,-2.24,0.0,0,0,0.05555555555555555,-3.26,0,0.05555555555555555,0,-2.11,0.05555555555555555,0",-38.08,-6.99,0.0,nan,63.2
GUUCAUCGUGCCAUCGGGA,UGGCUGUCCCAACAAAAAAUCCCGAUGGCACGAUGAACCUCAUGAACUGGGAGUGCG,0.3639075316927666,0,"-0.79,-2.24,-11.4,0,1,-198.45999999999998,0.2631578947368421,0,0.3157894736842105,0,0,0.1111111111111111,-0.93,0.0,1,0,0.05555555555555555,-2.35,0,0.05555555555555555,0,-1.1,0.05555555555555555,1",-36.72,-6.66,-0.79,nan,57.9
GACAGCCACGAAACCAAAU,XXXXXXXGAAAGACCACCCAUUUGGUUUCGUGGCUGUCCCAACAAAAAAUCCCGAUG,0.3847874720357942,0,"-1.7,-2.35,-12.44,0,1,-182.51,0.05263157894736842,0,0.15789473684210525,0,0,0.0,-2.24,0.0,0,0,0.1111111111111111,-1.1,0,0.05555555555555555,0,-2.24,0.0,0",-32.41,-10.23,-1.7,nan,47.4
GCCACGAAACCAAAUGGGU,XXXXXXXXXXXGAAAGACCACCCAUUUGGUUUCGUGGCUGUCCCAACAAAAAAUCCC,0.4243102162565249,0,"-1.63,-3.42,-14.88,0,1,-186.36999999999998,0.10526315789473684,0,0.2631578947368421,0,1,0.1111111111111111,-3.26,0.0,0,0,0.1111111111111111,-2.24,0,0.05555555555555555,0,-0.93,0.0,0",-34.5,-8.71,-1.63,nan,52.6
CCACGAAACCAAAUGGGUG,XXXXXXXXXXXXGAAAGACCACCCAUUUGGUUUCGUGGCUGUCCCAACAAAAAAUCC,0.6368381804623415,1,"-0.7,-3.26,-13.39,0,0,-185.65,0.10526315789473684,0,0.2631578947368421,0,0,0.1111111111111111,-2.11,0.0,0,1,0.1111111111111111,-2.11,1,0.0,0,-1.1,0.0,0",-33.64,-6.38,-0.7,nan,52.6
GAAACCAAAUGGGUGGUCU,XXXXXXXXXXXXXXXXGAAAGACCACCCAUUUGGUUUCGUGGCUGUCCCAACAAAAA,0.5950782997762863,1,"-1.17,-2.35,-12.44,0,1,-183.76999999999998,0.21052631578947367,0,0.3157894736842105,0,0,0.16666666666666666,-0.93,0.0,0,0,0.05555555555555555,-2.08,0,0.0,0,-2.24,0.0,0",-33.15,-5.41,-1.17,nan,47.4
UUCUUAUCGCGCUCGCCAG,CCCAUGGCCAAGAAGCAUGCUGGCGAGCGCGAUAAGAAGCUGGCGGXXXXXXXXXXX,0.6144668158090977,1,"1.6,-0.93,-6.82,1,0,-192.52999999999994,0.3157894736842105,1,0.21052631578947367,0,0,0.0,-2.35,0.05555555555555555,1,0,0.05555555555555555,-2.08,0,0.16666666666666666,0,-2.35,0.1111111111111111,0",-35.75,-5.6,1.6,nan,57.9
UUAUCGCGCUCGCCAGCAU,GGUCCCAUGGCCAAGAAGCAUGCUGGCGAGCGCGAUAAGAAGCUGGCGGXXXXXXXX,0.5316927665920954,1,"0.17,-0.93,-6.82,1,0,-193.76999999999998,0.2631578947368421,1,0.21052631578947367,0,0,0.0,-1.33,0.05555555555555555,1,0,0.05555555555555555,-1.1,0,0.2222222222222222,0,-3.26,0.05555555555555555,0",-36.57,-8.38,0.17,nan,57.9
GCCAGCAUGCUUCUUGGCC,GAGGGGCUGAGGGUCCCAUGGCCAAGAAGCAUGCUGGCGAGCGCGAUAAGAAGCUGG,0.4265473527218493,0,"-0.16,-3.42,-14.88,0,1,-204.73999999999995,0.2631578947368421,0,0.2631578947368421,0,1,0.05555555555555555,-3.26,0.0,0,0,0.1111111111111111,-3.26,0,0.2222222222222222,0,-2.08,0.1111111111111111,0",-39.36,-9.54,-0.16,nan,63.2
GCCAUGGGACCCUCAGCCC,GCCCCAGGGGGCCCGGGAGGGGCUGAGGGUCCCAUGGCCAAGAAGCAUGCUGGCGAG,0.3407904548844146,0,"-0.16,-3.42,-14.88,0,1,-217.81999999999994,0.10526315789473684,0,0.2631578947368421,0,1,0.1111111111111111,-3.26,0.0,0,0,0.2777777777777778,-3.26,0,0.1111111111111111,0,-2.35,0.0,0",-44.1,-11.01,-0.16,nan,73.7
CCAUGGGACCCUCAGCCCC,GGCCCCAGGGGGCCCGGGAGGGGCUGAGGGUCCCAUGGCCAAGAAGCAUGCUGGCGA,0.3191648023862788,0,"0.0,-3.26,-13.39,0,0,-216.32999999999998,0.10526315789473684,0,0.21052631578947367,0,0,0.1111111111111111,-2.11,0.0,0,1,0.3333333333333333,-3.26,1,0.05555555555555555,0,-2.11,0.0,0",-43.94,-9.65,0.0,nan,73.7
AUGGGACCCUCAGCCCCUC,GGGGCCCCAGGGGGCCCGGGAGGGGCUGAGGGUCCCAUGGCCAAGAAGCAUGCUGGC,0.3355704697986577,0,"1.7,-1.1,-9.38,0,0,-211.69999999999996,0.15789473684210525,0,0.21052631578947367,0,0,0.1111111111111111,-2.11,0.0,1,0,0.2777777777777778,-2.35,0,0.05555555555555555,0,-3.42,0.0,0",-42.55,-11.94,1.7,nan,68.4
GGCCCCAGGGUCGGUGGAG,CCAGUGGCACUGAAGCUUCCUCCACCGACCCUGGGGCCCCAGGGGGCCCGGGAGGGG,0.3281133482475764,0,"-0.73,-3.26,-13.39,0,1,-218.55000000000004,0.10526315789473684,0,0.5263157894736842,1,0,0.2777777777777778,-3.42,0.0,0,0,0.16666666666666666,-2.08,0,0.05555555555555555,0,-3.26,0.0,0",-45.33,-13.3,-0.73,nan,78.9
AGGGUCGGUGGAGGAAGCU,CCCUGGCCAGUGGCACUGAAGCUUCCUCCACCGACCCUGGGGCCCCAGGGGGCCCGG,0.3683818046234153,0,"0.0,-2.08,-10.48,0,0,-200.71999999999997,0.15789473684210525,0,0.5263157894736842,0,0,0.2777777777777778,-3.26,0.0,0,0,0.0,-2.08,0,0.05555555555555555,0,-3.26,0.0,0",-39.98,-12.64,0.0,nan,63.2
GUGGAGGAAGCUUCAGUGC,GGUCGGGCCCUGGCCAGUGGCACUGAAGCUUCCUCCACCGACCCUGGGGCCCCAGGG,0.436241610738255,0,"0.73,-2.24,-11.4,0,1,-199.92999999999998,0.21052631578947367,0,0.42105263157894735,0,0,0.1111111111111111,-2.11,0.0,1,0,0.0,-3.42,0,0.1111111111111111,0,-2.35,0.05555555555555555,0",-37.31,-10.42,0.73,nan,57.9
AAGCUUCAGUGCCACUGGC,CGAAGCCGGUCGGGCCCUGGCCAGUGGCACUGAAGCUUCCUCCACCGACCCUGGGGC,0.4317673378076062,0,"2.49,-0.93,-6.82,0,0,-196.64999999999998,0.21052631578947367,0,0.2631578947368421,0,0,0.05555555555555555,-2.08,0.0,0,0,0.05555555555555555,-3.42,0,0.16666666666666666,0,-2.11,0.05555555555555555,0",-37.69,-7.98,2.49,nan,57.9
GUGCCACUGGCCAGGGCCC,GGCAGGGCCGAAGCCGGUCGGGCCCUGGCCAGUGGCACUGAAGCUUCCUCCACCGAC,0.3206562266964951,0,"0.57,-2.24,-11.4,0,1,-220.27999999999997,0.10526315789473684,0,0.3684210526315789,0,0,0.16666666666666666,-2.11,0.0,1,0,0.2222222222222222,-3.26,0,0.16666666666666666,0,-2.08,0.0,0",-46.07,-10.23,0.57,nan,78.9
ACUGGCCAGGGCCCGACCG,CCAGCGGCAGGGCCGAAGCCGGUCGGGCCCUGGCCAGUGGCACUGAAGCUUCCUCCA,0.3094705443698732,0,"0.57,-2.24,-11.4,0,0,-214.51999999999998,0.05263157894736842,0,0.3684210526315789,0,0,0.16666666666666666,-2.08,0.0,0,0,0.2222222222222222,-2.36,0,0.1111111111111111,0,-3.26,0.0,0",-45.05,-11.7,0.57,nan,78.9
GGCCAGGGCCCGACCGGCU,GGCCCAGCGGCAGGGCCGAAGCCGGUCGGGCCCUGGCCAGUGGCACUGAAGCUUCCU,0.3206562266964951,0,"-1.63,-3.26,-13.39,0,1,-220.94999999999996,0.05263157894736842,0,0.42105263157894735,1,0,0.2222222222222222,-3.42,0.0,0,0,0.2222222222222222,-2.08,0,0.16666666666666666,0,-2.24,0.0,0",-47.38,-13.3,-1.63,nan,84.2
GCCCGACCGGCUUCGGCCC,GCCGGCGGGCCCAGCGGCAGGGCCGAAGCCGGUCGGGCCCUGGCCAGUGGCACUGAA,0.2714392244593587,0,"-0.16,-3.42,-14.88,0,1,-220.25999999999993,0.10526315789473684,0,0.3157894736842105,0,1,0.1111111111111111,-3.26,0.0,0,0,0.2777777777777778,-3.26,0,0.16666666666666666,0,-2.35,0.05555555555555555,0",-46.02,-12.64,-0.16,nan,84.2
CCCGACCGGCUUCGGCCCU,CGCCGGCGGGCCCAGCGGCAGGGCCGAAGCCGGUCGGGCCCUGGCCAGUGGCACUGA,0.366144668158091,0,"-1.63,-3.26,-13.39,0,0,-212.13999999999996,0.15789473684210525,0,0.2631578947368421,0,0,0.1111111111111111,-3.26,0.0,0,1,0.2777777777777778,-2.08,1,0.1111111111111111,0,-2.36,0.05555555555555555,0",-44.23,-11.74,-1.63,nan,78.9
UUCGGCCCUGCCGCUGGGC,UCCACGGGGGCGCCGGCGGGCCCAGCGGCAGGGCCGAAGCCGGUCGGGCCCUGGCCA,0.3131991051454139,0,"2.49,-0.93,-6.82,1,0,-214.90999999999997,0.21052631578947367,1,0.3684210526315789,0,0,0.16666666666666666,-2.35,0.0,1,0,0.16666666666666666,-3.42,0,0.2222222222222222,0,-3.42,0.05555555555555555,0",-45.08,-13.37,2.49,nan,78.9
CGUGGAUCUCUGUGAGCAG,GUAUGCAGCUCGGGCCCGUCUGCUCACAGAGAUCCACGGGGGCGCCGGCGGGCCCAG,0.4086502609992543,0,"0.17,-2.36,-10.64,0,0,-200.91999999999996,0.2631578947368421,0,0.3684210526315789,0,0,0.05555555555555555,-2.24,0.0,0,1,0.0,-2.08,0,0.05555555555555555,1,-2.11,0.0,0",-36.69,-9.32,0.17,nan,57.9
AUCUCUGUGAGCAGACGGG,GAGGAGUAUGCAGCUCGGGCCCGUCUGCUCACAGAGAUCCACGGGGGCGCCGGCGGG,0.5227442207307978,1,"2.16,-1.1,-9.38,0,0,-200.14999999999998,0.21052631578947367,0,0.3684210526315789,0,0,0.1111111111111111,-2.35,0.0,1,0,0.0,-3.26,0,0.05555555555555555,0,-2.08,0.0,0",-37.39,-8.22,2.16,nan,57.9
GUGAGCAGACGGGCCCGAG,AACUACGAGGAGUAUGCAGCUCGGGCCCGUCUGCUCACAGAGAUCCACGGGGGCGCC,0.4101416853094706,0,"-0.16,-2.24,-11.4,0,1,-213.42999999999998,0.05263157894736842,0,0.47368421052631576,0,0,0.1111111111111111,-2.11,0.0,1,0,0.1111111111111111,-2.08,0,0.1111111111111111,0,-3.42,0.0,0",-42.5,-9.61,-0.16,nan,73.7
ACGGGCCCGAGCUGCAUAC,UCUUGGAGAACUACGAGGAGUAUGCAGCUCGGGCCCGUCUGCUCACAGAGAUCCACG,0.3504847129008203,0,"0.9,-2.24,-11.4,0,0,-206.29999999999998,0.10526315789473684,0,0.3157894736842105,0,0,0.1111111111111111,-2.36,0.05555555555555555,0,0,0.1111111111111111,-2.24,0,0.16666666666666666,0,-2.11,0.0,0",-41.12,-14.73,0.9,nan,68.4
CGGGCCCGAGCUGCAUACU,CUCUUGGAGAACUACGAGGAGUAUGCAGCUCGGGCCCGUCUGCUCACAGAGAUCCAC,0.3713646532438479,0,"-0.73,-2.36,-10.64,0,0,-205.37999999999997,0.15789473684210525,0,0.3157894736842105,0,0,0.1111111111111111,-3.26,0.05555555555555555,0,1,0.1111111111111111,-2.08,0,0.16666666666666666,1,-3.42,0.0,0",-40.96,-14.73,-0.73,nan,68.4
GGGCCCGAGCUGCAUACUC,GCUCUUGGAGAACUACGAGGAGUAUGCAGCUCGGGCCCGUCUGCUCACAGAGAUCCA,0.3982102908277405,0,"-0.46,-3.26,-13.39,0,1,-210.9,0.15789473684210525,0,0.3157894736842105,1,0,0.1111111111111111,-3.26,0.05555555555555555,0,0,0.1111111111111111,-2.35,0,0.16666666666666666,0,-2.11,0.0,0",-41.4,-13.37,-0.46,nan,68.4
CCCGAGCUGCAUACUCCUC,CCUGCUCUUGGAGAACUACGAGGAGUAUGCAGCUCGGGCCCGUCUGCUCACAGAGAU,0.4228187919463086,0,"-0.46,-3.26,-13.39,0,0,-205.54999999999998,0.21052631578947367,0,0.15789473684210525,0,0,0.0,-3.26,0.05555555555555555,0,1,0.16666666666666666,-2.35,1,0.1111111111111111,0,-2.24,0.0,0",-39.15,-11.01,-0.46,nan,63.2
CUGCAUACUCCUCGUAGUU,GGGCCGCCUGCUCUUGGAGAACUACGAGGAGUAUGCAGCUCGGGCCCGUCUGCUCAC,0.2982848620432513,0,"-1.6,-2.08,-10.48,0,0,-185.04,0.3684210526315789,0,0.15789473684210525,0,0,0.0,-2.11,0.1111111111111111,1,1,0.05555555555555555,-0.93,0,0.05555555555555555,0,-2.36,0.05555555555555555,0",-33.15,-7.77,-1.6,nan,47.4
AUACUCCUCGUAGUUCUCC,AGGCGGGCCGCCUGCUCUUGGAGAACUACGAGGAGUAUGCAGCUCGGGCCCGUCUGC,0.4198359433258761,0,"2.16,-1.1,-9.38,0,0,-187.55,0.3684210526315789,0,0.10526315789473684,0,0,0.0,-1.33,0.1111111111111111,1,0,0.1111111111111111,-3.26,0,0.0,0,-2.24,0.05555555555555555,0",-33.47,-8.35,2.16,nan,47.4
UCGUAGUUCUCCAAGAGCA,AACGAGGAGGCGGGCCGCCUGCUCUUGGAGAACUACGAGGAGUAUGCAGCUCGGGCC,0.5801640566741239,1,"-0.24,-2.35,-12.44,1,0,-184.54999999999998,0.2631578947368421,0,0.21052631578947367,0,0,0.0,-2.36,0.05555555555555555,0,0,0.05555555555555555,-2.11,0,0.05555555555555555,0,-0.93,0.05555555555555555,1",-33.66,-6.64,-0.24,nan,47.4
GUAGUUCUCCAAGAGCAGG,UCAACGAGGAGGCGGGCCGCCUGCUCUUGGAGAACUACGAGGAGUAUGCAGCUCGGG,0.5272184936614467,1,"0.57,-2.24,-11.4,0,1,-192.77999999999997,0.21052631578947367,0,0.3157894736842105,0,0,0.05555555555555555,-1.33,0.05555555555555555,1,0,0.05555555555555555,-3.26,0,0.05555555555555555,0,-2.35,0.05555555555555555,0",-35.19,-6.02,0.57,nan,52.6
UAGUUCUCCAAGAGCAGGC,CUCAACGAGGAGGCGGGCCGCCUGCUCUUGGAGAACUACGAGGAGUAUGCAGCUCGG,0.5667412378821775,1,"2.09,-1.33,-7.69,1,0,-192.53999999999996,0.21052631578947367,0,0.2631578947368421,0,0,0.05555555555555555,-2.08,0.05555555555555555,0,0,0.05555555555555555,-3.42,0,0.1111111111111111,0,-2.08,0.05555555555555555,0",-35.92,-7.49,2.09,nan,52.6
UCUCCAAGAGCAGGCGGCC,UGCACUCAACGAGGAGGCGGGCCGCCUGCUCUUGGAGAACUACGAGGAGUAUGCAGC,0.517524235645041,0,"1.36,-2.35,-12.44,1,0,-208.44999999999993,0.10526315789473684,0,0.3157894736842105,0,0,0.1111111111111111,-2.08,0.0,0,0,0.1111111111111111,-3.26,0,0.16666666666666666,0,-3.26,0.0,0",-41.64,-8.72,1.36,nan,68.4
AGGCGGCCCGCCUCCUCGU,AACCCCGAGUCUGCACUCAACGAGGAGGCGGGCCGCCUGCUCUUGGAGAACUACGAG,0.3303504847129008,0,"0.16,-2.08,-10.48,0,0,-213.57000000000002,0.15789473684210525,0,0.3157894736842105,0,0,0.1111111111111111,-3.26,0.0,0,0,0.2222222222222222,-2.24,0,0.16666666666666666,0,-2.35,0.0,0",-45.09,-14.89,0.16,nan,78.9
CCGCCUCCUCGUUGAGUGC,CCACCCUAACCCCGAGUCUGCACUCAACGAGGAGGCGGGCCGCCUGCUCUUGGAGAA,0.3616703952274422,0,"0.16,-3.26,-13.39,0,0,-206.85999999999999,0.2631578947368421,0,0.2631578947368421,0,0,0.0,-2.36,0.0,0,1,0.16666666666666666,-3.42,1,0.1111111111111111,0,-2.11,0.05555555555555555,0",-40.17,-12.64,0.16,nan,68.4
CCUCGUUGAGUGCAGACUC,GCUGAUCCACCCUAACCCCGAGUCUGCACUCAACGAGGAGGCGGGCCGCCUGCUCUU,0.5331841909023117,1,"-0.46,-3.26,-13.39,0,0,-199.32,0.2631578947368421,0,0.2631578947368421,0,0,0.0,-2.08,0.0,0,1,0.05555555555555555,-2.35,1,0.05555555555555555,0,-2.11,0.05555555555555555,0",-36.65,-7.98,-0.46,nan,57.9
CUCGUUGAGUGCAGACUCG,UGCUGAUCCACCCUAACCCCGAGUCUGCACUCAACGAGGAGGCGGGCCGCCUGCUCU,0.5264727815063386,1,"-0.17,-2.08,-10.48,0,0,-196.57,0.2631578947368421,0,0.3157894736842105,0,0,0.0,-2.35,0.0,1,1,0.0,-2.36,0,0.05555555555555555,0,-2.08,0.05555555555555555,0",-35.75,-7.35,-0.17,nan,57.9
GAGUGCAGACUCGGGGUUA,AGUGCCUGCUGAUCCACCCUAACCCCGAGUCUGCACUCAACGAGGAGGCGGGCCGCC,0.2945563012677107,0,"-1.47,-2.35,-12.44,0,1,-196.70999999999995,0.21052631578947367,0,0.42105263157894735,0,0,0.16666666666666666,-2.08,0.05555555555555555,0,0,0.0,-1.33,0,0.05555555555555555,0,-3.26,0.05555555555555555,1",-37.51,-9.5,-1.47,nan,57.9
GACUCGGGGUUAGGGUGGA,ACCAUCAAGUGCCUGCUGAUCCACCCUAACCCCGAGUCUGCACUCAACGAGGAGGCG,0.2938105891126025,0,"-0.9,-2.35,-12.44,0,1,-201.08000000000004,0.21052631578947367,0,0.5263157894736842,0,0,0.3333333333333333,-2.24,0.05555555555555555,0,0,0.0,-2.35,0,0.0,0,-3.26,0.05555555555555555,1",-39.68,-11.01,-0.9,nan,63.2
GGGUGGAUCAGCAGGCACU,CACGUACUGCUGACCAUCAAGUGCCUGCUGAUCCACCCUAACCCCGAGUCUGCACUC,0.4153616703952275,0,"-1.63,-3.26,-13.39,0,1,-206.25,0.15789473684210525,0,0.42105263157894735,1,0,0.2222222222222222,-3.26,0.0,0,0,0.0,-2.08,0,0.1111111111111111,0,-2.08,0.0,0",-40.3,-9.78,-1.63,nan,63.2
GUGGAUCAGCAGGCACUUG,GACACGUACUGCUGACCAUCAAGUGCCUGCUGAUCCACCCUAACCCCGAGUCUGCAC,0.4735272184936615,0,"-0.13,-2.24,-11.4,0,1,-200.45,0.21052631578947367,0,0.3684210526315789,0,0,0.1111111111111111,-2.11,0.0,1,0,0.0,-2.11,0,0.1111111111111111,0,-3.42,0.05555555555555555,0",-37.27,-8.29,-0.13,nan,57.9
GAUGGUCAGCAGUACGUGU,CGGCUGAGCUGGGCAUCCGACACGUACUGCUGACCAUCAAGUGCCUGCUGAUCCACC,0.44220730797912,0,"-1.01,-2.35,-12.44,0,1,-193.25,0.2631578947368421,0,0.3684210526315789,0,0,0.05555555555555555,-1.1,0.05555555555555555,0,0,0.0,-2.24,0,0.05555555555555555,0,-1.33,0.0,0",-35.43,-8.18,-1.01,nan,52.6
AUGGUCAGCAGUACGUGUC,ACGGCUGAGCUGGGCAUCCGACACGUACUGCUGACCAUCAAGUGCCUGCUGAUCCAC,0.6375838926174496,1,"1.7,-1.1,-9.38,0,0,-193.25,0.2631578947368421,0,0.3157894736842105,0,0,0.05555555555555555,-2.11,0.05555555555555555,1,0,0.0,-2.35,0,0.05555555555555555,0,-2.24,0.0,0",-35.43,-9.61,1.7,nan,52.6
GGAUGCCCAGCUCAGCCGU,CGUGCUCAAGAGGGACUGGACGGCUGAGCUGGGCAUCCGACACGUACUGCUGACCAU,0.3900074571215511,0,"-1.47,-3.26,-13.39,0,1,-209.92999999999998,0.15789473684210525,0,0.3157894736842105,1,0,0.05555555555555555,-2.35,0.0,0,0,0.16666666666666666,-2.24,0,0.16666666666666666,0,-2.11,0.0,0",-41.73,-11.41,-1.47,nan,68.4
CCUCUUGAGCACGUUGACG,GCGCCAAUGGCGAGAUCUGCGUCAACGUGCUCAAGAGGGACUGGACGGCUGAGCUGG,0.4705443698732289,0,"-0.9,-3.26,-13.39,0,0,-193.86,0.2631578947368421,0,0.2631578947368421,0,0,0.0,-2.08,0.0,0,1,0.05555555555555555,-2.36,1,0.05555555555555555,0,-2.24,0.1111111111111111,0",-35.51,-7.36,-0.9,nan,57.9
UCUUGAGCACGUUGACGCA,GGGCGCCAAUGGCGAGAUCUGCGUCAACGUGCUCAAGAGGGACUGGACGGCUGAGCU,0.5555555555555556,1,"-0.24,-2.35,-12.44,1,0,-187.87,0.2631578947368421,0,0.2631578947368421,0,0,0.0,-2.08,0.0,0,0,0.0,-2.11,0,0.1111111111111111,0,-2.11,0.1111111111111111,1",-34.8,-8.88,-0.24,nan,52.6
CUUGAGCACGUUGACGCAG,UGGGCGCCAAUGGCGAGAUCUGCGUCAACGUGCUCAAGAGGGACUGGACGGCUGAGC,0.505592841163311,0,"0.0,-2.08,-10.48,0,0,-193.35,0.21052631578947367,0,0.3157894736842105,0,0,0.0,-0.93,0.0,1,1,0.0,-2.08,0,0.1111111111111111,0,-2.35,0.1111111111111111,0",-35.43,-8.01,0.0,nan,57.9
GUUGACGCAGAUCUCGCCA,ACCCGAACGUGGGCGCCAAUGGCGAGAUCUGCGUCAACGUGCUCAAGAGGGACUGGA,0.6383296047725577,1,"-1.03,-2.24,-11.4,0,1,-198.14,0.21052631578947367,0,0.2631578947368421,0,0,0.0,-0.93,0.0,1,0,0.05555555555555555,-2.11,0,0.1111111111111111,0,-2.08,0.05555555555555555,1",-36.68,-8.87,-1.03,nan,57.9
UCUCGCCAUUGGCGCCCAC,CAAGAUCUUCCACCCGAACGUGGGCGCCAAUGGCGAGAUCUGCGUCAACGUGCUCAA,0.4056674123788218,0,"0.79,-2.35,-12.44,1,0,-206.42999999999998,0.21052631578947367,0,0.21052631578947367,0,0,0.05555555555555555,-2.08,0.0,0,0,0.16666666666666666,-2.24,0,0.16666666666666666,0,-2.36,0.05555555555555555,0",-40.86,-11.04,0.79,nan,68.4
CAUUGGCGCCCACGUUCGG,CCUGACCAAGAUCUUCCACCCGAACGUGGGCGCCAAUGGCGAGAUCUGCGUCAACGU,0.3348247576435496,0,"0.7,-2.11,-10.44,0,0,-201.20999999999998,0.21052631578947367,0,0.3157894736842105,0,0,0.1111111111111111,-1.1,0.0,0,1,0.1111111111111111,-3.26,0,0.1111111111111111,0,-2.36,0.1111111111111111,0",-38.99,-8.64,0.7,nan,68.4
CCACGUUCGGGUGGAAGAU,GGGCUACUUCCUGACCAAGAUCUUCCACCCGAACGUGGGCGCCAAUGGCGAGAUCUG,0.2356450410141685,0,"-2.16,-3.26,-13.39,0,0,-193.41,0.21052631578947367,0,0.3684210526315789,0,0,0.16666666666666666,-2.11,0.0,0,1,0.05555555555555555,-1.1,1,0.0,0,-3.26,0.05555555555555555,0",-36.25,-8.14,-2.16,nan,57.9
CGUUCGGGUGGAAGAUCUU,CAAGGGCUACUUCCUGACCAAGAUCUUCCACCCGAACGUGGGCGCCAAUGGCGAGAU,0.4504101416853094,0,"-1.43,-2.36,-10.64,0,0,-187.91999999999996,0.3157894736842105,0,0.3684210526315789,0,0,0.16666666666666666,-2.24,0.0,0,1,0.0,-0.93,0,0.0,1,-2.08,0.1111111111111111,0",-34.0,-10.31,-1.43,nan,52.6
UCUUGGUCAGGAAGUAGCC,CCCUGCCUCCCCACCCAAGGGCUACUUCCUGACCAAGAUCUUCCACCCGAACGUGGG,0.6838180462341537,1,"1.36,-2.35,-12.44,1,0,-191.96999999999997,0.2631578947368421,0,0.3157894736842105,0,0,0.1111111111111111,-2.08,0.05555555555555555,0,0,0.05555555555555555,-3.26,0,0.05555555555555555,0,-2.08,0.05555555555555555,0",-35.92,-8.88,1.36,nan,52.6
AGGAAGUAGCCCUUGGGUG,AAGGACUUCCCUGCCUCCCCACCCAAGGGCUACUUCCUGACCAAGAUCUUCCACCCG,0.6077554064131245,1,"0.93,-2.08,-10.48,0,0,-193.86999999999998,0.21052631578947367,0,0.42105263157894735,0,0,0.16666666666666666,-3.26,0.05555555555555555,0,0,0.1111111111111111,-2.11,0,0.05555555555555555,0,-0.93,0.05555555555555555,0",-37.74,-7.65,0.93,nan,57.9
GGAAGUAGCCCUUGGGUGG,GAAGGACUUCCCUGCCUCCCCACCCAAGGGCUACUUCCUGACCAAGAUCUUCCACCC,0.4079045488441462,0,"0.0,-3.26,-13.39,0,1,-200.5,0.21052631578947367,0,0.47368421052631576,1,0,0.2222222222222222,-2.35,0.05555555555555555,0,0,0.1111111111111111,-3.26,0,0.05555555555555555,0,-2.11,0.05555555555555555,0",-39.37,-6.92,0.0,nan,63.2
AGUAGCCCUUGGGUGGGGA,GGGGAAGGACUUCCCUGCCUCCCCACCCAAGGGCUACUUCCUGACCAAGAUCUUCCA,0.3646532438478747,0,"0.27,-2.08,-10.48,0,0,-199.63,0.21052631578947367,0,0.47368421052631576,0,0,0.2777777777777778,-2.24,0.05555555555555555,0,0,0.1111111111111111,-2.35,0,0.05555555555555555,0,-2.24,0.05555555555555555,1",-40.8,-11.5,0.27,nan,63.2
AGCCCUUGGGUGGGGAGGC,GCUGGGGAAGGACUUCCCUGCCUCCCCACCCAAGGGCUACUUCCUGACCAAGAUCUU,0.3452647278150634,0,"1.79,-2.08,-10.48,0,0,-212.52999999999997,0.15789473684210525,0,0.5263157894736842,0,0,0.3333333333333333,-3.42,0.0,0,0,0.1111111111111111,-3.42,0,0.1111111111111111,0,-3.26,0.05555555555555555,0",-44.36,-10.97,1.79,nan,73.7
GGGGAGGCAGGGAAGUCCU,AUGAAACUCCUGCUGGGGAAGGACUUCCCUGCCUCCCCACCCAAGGGCUACUUCCUG,0.4116331096196868,0,"-1.63,-3.26,-13.39,0,1,-209.17999999999998,0.10526315789473684,0,0.5263157894736842,1,0,0.3333333333333333,-3.26,0.0,0,0,0.05555555555555555,-2.08,0,0.05555555555555555,0,-0.93,0.0,0",-42.35,-13.54,-1.63,nan,68.4
CAGGGAAGUCCUUCCCCAG,GUUCCGCAUGAAACUCCUGCUGGGGAAGGACUUCCCUGCCUCCCCACCCAAGGGCUA,0.3012677106636838,0,"-0.03,-2.11,-10.44,0,0,-201.88999999999996,0.15789473684210525,0,0.2631578947368421,0,0,0.1111111111111111,-2.08,0.0,0,1,0.2222222222222222,-2.08,0,0.0,0,-2.35,0.05555555555555555,0",-39.16,-9.42,-0.03,nan,63.2
AGGGAAGUCCUUCCCCAGC,UGUUCCGCAUGAAACUCCUGCUGGGGAAGGACUUCCCUGCCUCCCCACCCAAGGGCU,0.4019388516032812,0,"1.79,-2.08,-10.48,0,0,-202.60999999999999,0.15789473684210525,0,0.2631578947368421,0,0,0.1111111111111111,-3.26,0.0,0,0,0.2222222222222222,-3.42,0,0.05555555555555555,0,-3.26,0.05555555555555555,0",-40.02,-9.58,1.79,nan,63.2
UUCCCCAGCAGGAGUUUCA,GCUGGAGGUCUGUUCCGCAUGAAACUCCUGCUGGGGAAGGACUUCCCUGCCUCCCCA,0.4026845637583893,0,"0.73,-0.93,-6.82,1,0,-189.32999999999998,0.2631578947368421,1,0.21052631578947367,0,0,0.05555555555555555,-2.35,0.0,1,0,0.16666666666666666,-2.11,0,0.05555555555555555,0,-2.08,0.16666666666666666,1",-36.12,-11.78,0.73,nan,52.6
GAGUUUCAUGCGGAACAGA,GGACCCCAUAUGCUGGAGGUCUGUUCCGCAUGAAACUCCUGCUGGGGAAGGACUUCC,0.3154362416107382,0,"-0.9,-2.35,-12.44,0,1,-186.26,0.21052631578947367,0,0.3157894736842105,0,0,0.05555555555555555,-2.08,0.0,0,0,0.0,-2.35,0,0.05555555555555555,0,-2.35,0.1111111111111111,1",-32.76,-5.65,-0.9,nan,47.4
CAUGCGGAACAGACCUCCA,CUGAGGGGACCCCAUAUGCUGGAGGUCUGUUCCGCAUGAAACUCCUGCUGGGGAAGG,0.436241610738255,0,"-0.9,-2.11,-10.44,0,0,-197.39999999999998,0.10526315789473684,0,0.21052631578947367,0,0,0.05555555555555555,-1.1,0.0,0,1,0.1111111111111111,-2.11,0,0.05555555555555555,0,-2.24,0.0,1",-37.18,-9.61,-0.9,nan,57.9
GACCUCCAGCAUAUGGGGU,CAUCGAGGGCCCUGAGGGGACCCCAUAUGCUGGAGGUCUGUUCCGCAUGAAACUCCU,0.37211036539895603,0,"-1.01,-2.35,-12.44,0,1,-200.90999999999994,0.21052631578947367,0,0.3157894736842105,0,0,0.16666666666666666,-2.24,0.05555555555555555,0,0,0.1111111111111111,-2.24,0,0.05555555555555555,0,-1.1,0.0,0",-38.38,-10.31,-1.01,nan,57.9
CCAGCAUAUGGGGUCCCCU,GUCACCAUCGAGGGCCCUGAGGGGACCCCAUAUGCUGGAGGUCUGUUCCGCAUGAAA,0.2721849366144668,0,"-1.63,-3.26,-13.39,0,0,-203.85,0.21052631578947367,0,0.2631578947368421,0,0,0.16666666666666666,-2.11,0.05555555555555555,0,1,0.2222222222222222,-2.08,1,0.05555555555555555,0,-2.24,0.0,0",-40.31,-7.61,-1.63,nan,63.2
CAUAUGGGGUCCCCUCAGG,CCAGGUCACCAUCGAGGGCCCUGAGGGGACCCCAUAUGCUGGAGGUCUGUUCCGCAU,0.1879194630872483,0,"0.7,-2.11,-10.44,0,0,-205.12999999999994,0.21052631578947367,0,0.3157894736842105,0,0,0.2222222222222222,-1.1,0.05555555555555555,0,1,0.16666666666666666,-3.26,0,0.0,0,-3.26,0.0,0",-39.69,-7.62,0.7,nan,63.2
AUAUGGGGUCCCCUCAGGG,UCCAGGUCACCAUCGAGGGCCCUGAGGGGACCCCAUAUGCUGGAGGUCUGUUCCGCA,0.3467561521252796,0,"2.16,-1.1,-9.38,0,0,-204.35999999999996,0.21052631578947367,0,0.3684210526315789,0,0,0.2777777777777778,-1.33,0.05555555555555555,1,0,0.16666666666666666,-3.26,0,0.0,0,-2.08,0.0,0",-40.39,-9.78,2.16,nan,63.2
GGGUCCCCUCAGGGCCCUC,CGACCUCCAGGUCACCAUCGAGGGCCCUGAGGGGACCCCAUAUGCUGGAGGUCUGUU,0.3325876211782252,0,"-0.46,-3.26,-13.39,0,1,-222.3799999999999,0.15789473684210525,0,0.3157894736842105,1,0,0.2222222222222222,-3.26,0.0,0,0,0.2777777777777778,-2.35,0,0.05555555555555555,0,-3.26,0.0,0",-46.31,-13.54,-0.46,nan,78.9
UCAGGGCCCUCGAUGGUGA,GACCUCACCGACCUCCAGGUCACCAUCGAGGGCCCUGAGGGGACCCCAUAUGCUGGA,0.26771066368381796,0,"0.0,-2.35,-12.44,1,0,-204.24000000000004,0.21052631578947367,0,0.3684210526315789,0,0,0.16666666666666666,-2.11,0.0,0,0,0.1111111111111111,-2.35,0,0.05555555555555555,0,-1.1,0.0,1",-40.32,-13.3,0.0,nan,63.2
CAGGGCCCUCGAUGGUGAC,GGACCUCACCGACCUCCAGGUCACCAUCGAGGGCCCUGAGGGGACCCCAUAUGCUGG,0.3363161819537658,0,"0.13,-2.11,-10.44,0,0,-210.64000000000004,0.15789473684210525,0,0.3684210526315789,0,0,0.16666666666666666,-2.08,0.0,0,1,0.1111111111111111,-2.24,0,0.05555555555555555,0,-2.11,0.0,0",-41.11,-14.0,0.13,nan,68.4
UGAGGUCCUCCUCGUUGGG,CGAUGGCAUCAAGGUCUUUCCCAACGAGGAGGACCUCACCGACCUCCAGGUCACCAU,0.4026845637583893,0,"1.6,-2.11,-10.44,1,0,-201.96000000000004,0.3157894736842105,0,0.3684210526315789,0,0,0.16666666666666666,-2.35,0.0,0,0,0.1111111111111111,-3.26,0,0.0,0,-2.36,0.05555555555555555,0",-39.39,-11.45,1.6,nan,63.2
GAGGUCCUCCUCGUUGGGA,CCGAUGGCAUCAAGGUCUUUCCCAACGAGGAGGACCUCACCGACCUCCAGGUCACCA,0.2662192393736017,0,"-0.9,-2.35,-12.44,0,1,-203.95999999999998,0.2631578947368421,0,0.3684210526315789,0,0,0.16666666666666666,-2.08,0.0,0,0,0.1111111111111111,-2.35,0,0.0,0,-2.24,0.05555555555555555,1",-39.63,-10.28,-0.9,nan,63.2
AGGUCCUCCUCGUUGGGAA,CCCGAUGGCAUCAAGGUCUUUCCCAACGAGGAGGACCUCACCGACCUCCAGGUCACC,0.3102162565249813,0,"-0.7,-2.08,-10.48,0,0,-194.61999999999995,0.2631578947368421,0,0.3157894736842105,0,0,0.16666666666666666,-3.26,0.0,0,0,0.1111111111111111,-0.93,0,0.0,0,-0.93,0.05555555555555555,1",-37.76,-11.45,-0.7,nan,57.9
GUCCUCCUCGUUGGGAAAG,CACCCGAUGGCAUCAAGGUCUUUCCCAACGAGGAGGACCUCACCGACCUCCAGGUCA,0.2527964205816555,0,"-0.16,-2.24,-11.4,0,1,-195.48999999999998,0.2631578947368421,0,0.3157894736842105,0,0,0.1111111111111111,-2.35,0.0,1,0,0.1111111111111111,-2.08,0,0.0,0,-3.26,0.05555555555555555,0",-36.33,-10.39,-0.16,nan,57.9
CCUCGUUGGGAAAGACCUU,AGACCCACCCGAUGGCAUCAAGGUCUUUCCCAACGAGGAGGACCUCACCGACCUCCA,0.395227442207308,0,"-2.33,-3.26,-13.39,0,0,-186.14999999999995,0.2631578947368421,0,0.2631578947368421,0,0,0.1111111111111111,-2.08,0.0,0,1,0.1111111111111111,-0.93,1,0.0,0,-2.08,0.1111111111111111,0",-34.46,-7.98,-2.33,nan,52.6
UGGGAAAGACCUUGAUGCC,GACCGCAGACCCACCCGAUGGCAUCAAGGUCUUUCCCAACGAGGAGGACCUCACCGA,0.4272930648769574,0,"1.6,-2.11,-10.44,1,0,-191.95,0.21052631578947367,0,0.3157894736842105,0,0,0.1111111111111111,-3.26,0.0,0,0,0.1111111111111111,-3.26,0,0.05555555555555555,0,-2.11,0.05555555555555555,0",-35.59,-8.72,1.6,nan,52.6
GGAAAGACCUUGAUGCCAU,CUGACCGCAGACCCACCCGAUGGCAUCAAGGUCUUUCCCAACGAGGAGGACCUCACC,0.4213273676360924,0,"-2.16,-3.26,-13.39,0,1,-187.94,0.21052631578947367,0,0.2631578947368421,1,0,0.05555555555555555,-2.35,0.0,0,0,0.1111111111111111,-1.1,0,0.05555555555555555,0,-1.1,0.05555555555555555,0",-33.43,-6.79,-2.16,nan,47.4
GACCUUGAUGCCAUCGGGU,CGACACUGACCGCAGACCCACCCGAUGGCAUCAAGGUCUUUCCCAACGAGGAGGACC,0.4951528709917972,0,"-1.01,-2.35,-12.44,0,1,-199.24999999999997,0.2631578947368421,0,0.3157894736842105,0,0,0.1111111111111111,-2.24,0.0,0,0,0.1111111111111111,-2.24,0,0.05555555555555555,0,-1.1,0.05555555555555555,0",-37.35,-7.98,-1.01,nan,57.9
CCUUGAUGCCAUCGGGUGG,GACGACACUGACCGCAGACCCACCCGAUGGCAUCAAGGUCUUUCCCAACGAGGAGGA,0.3519761372110365,0,"0.0,-3.26,-13.39,0,0,-202.95999999999998,0.2631578947368421,0,0.3684210526315789,0,0,0.16666666666666666,-2.08,0.0,0,1,0.1111111111111111,-3.26,1,0.05555555555555555,0,-2.36,0.05555555555555555,0",-38.58,-6.59,0.0,nan,63.2
UGAUGCCAUCGGGUGGGUC,GGUGACGACACUGACCGCAGACCCACCCGAUGGCAUCAAGGUCUUUCCCAACGAGGA,0.4601043997017151,0,"1.14,-2.11,-10.44,1,0,-205.78,0.2631578947368421,0,0.42105263157894735,0,0,0.2222222222222222,-2.35,0.0,0,0,0.05555555555555555,-2.35,0,0.05555555555555555,0,-2.24,0.0,0",-39.71,-9.81,1.14,nan,63.2
GCCAUCGGGUGGGUCUGCG,AGGAGGUGACGACACUGACCGCAGACCCACCCGAUGGCAUCAAGGUCUUUCCCAACG,0.384041759880686,0,"-1.06,-3.42,-14.88,0,1,-213.23999999999995,0.21052631578947367,0,0.47368421052631576,0,1,0.2222222222222222,-3.26,0.0,0,0,0.05555555555555555,-2.36,0,0.1111111111111111,0,-2.24,0.0,0",-42.46,-10.35,-1.06,nan,73.7
GGGUGGGUCUGCGGUCAGU,XXXXCAAGGAGGUGACGACACUGACCGCAGACCCACCCGAUGGCAUCAAGGUCUUUC,0.3251304996271439,0,"-1.47,-3.26,-13.39,0,1,-207.9,0.2631578947368421,0,0.5263157894736842,1,0,0.2777777777777778,-3.26,0.0,0,0,0.0,-2.24,0,0.05555555555555555,0,-3.26,0.0,0",-41.69,-11.83,-1.47,nan,68.4
UGCGGUCAGUGUCGUCACC,XXXXXXXXXXXXXCAAGGAGGUGACGACACUGACCGCAGACCCACCCGAUGGCAUCA,0.6614466815809098,1,"1.6,-2.11,-10.44,1,0,-202.17000000000002,0.2631578947368421,0,0.3157894736842105,0,0,0.05555555555555555,-3.42,0.0,0,0,0.05555555555555555,-3.26,0,0.05555555555555555,0,-2.36,0.0,0",-38.89,-11.2,1.6,nan,63.2
UCCGAAUCGGAGGGUGAAC,UCAGAAAGAAUGCCGAAGAGUUCACCCUCCGAUUCGGAGUGXXXXXXXXXXXXXXXX,0.4556301267710663,0,"0.79,-2.35,-12.44,1,0,-196.45,0.15789473684210525,0,0.3684210526315789,0,0,0.16666666666666666,-3.26,0.0,0,0,0.05555555555555555,-2.24,0,0.0,0,-3.26,0.0,0",-36.6,-8.26,0.79,nan,57.9
CCGAAUCGGAGGGUGAACU,UUCAGAAAGAAUGCCGAAGAGUUCACCCUCCGAUUCGGAGUGXXXXXXXXXXXXXXX,0.4123788217747949,0,"-1.63,-3.26,-13.39,0,0,-194.48999999999998,0.15789473684210525,0,0.3684210526315789,0,0,0.16666666666666666,-2.36,0.0,0,1,0.05555555555555555,-2.08,1,0.0,0,-2.24,0.0,0",-36.33,-7.36,-1.63,nan,57.9
CGGAGGGUGAACUCUUCGG,GAGCUGUUCAGAAAGAAUGCCGAAGAGUUCACCCUCCGAUUCGGAGUGXXXXXXXXX,0.4668158090976883,0,"0.9,-2.36,-10.64,0,0,-199.30999999999995,0.21052631578947367,0,0.42105263157894735,0,0,0.2222222222222222,-3.26,0.0,0,1,0.0,-3.26,0,0.0,1,-2.35,0.05555555555555555,0",-37.76,-11.91,0.9,nan,63.2
GAGGGUGAACUCUUCGGCA,CGGAGCUGUUCAGAAAGAAUGCCGAAGAGUUCACCCUCCGAUUCGGAGUGXXXXXXX,0.4466815809097688,0,"-1.14,-2.35,-12.44,0,1,-196.88,0.21052631578947367,0,0.3684210526315789,0,0,0.16666666666666666,-2.08,0.0,0,0,0.0,-2.11,0,0.05555555555555555,0,-0.93,0.05555555555555555,1",-37.22,-10.31,-1.14,nan,57.9
GGGUGAACUCUUCGGCAUU,UCCGGAGCUGUUCAGAAAGAAUGCCGAAGAGUUCACCCUCCGAUUCGGAGUGXXXXX,0.3847874720357942,0,"-2.33,-3.26,-13.39,0,1,-190.15999999999997,0.3157894736842105,0,0.3157894736842105,1,0,0.16666666666666666,-3.26,0.0,0,0,0.0,-0.93,0,0.05555555555555555,0,-2.36,0.1111111111111111,0",-34.82,-9.04,-2.33,nan,52.6
CUUCGGCAUUCUUUCUGAA,GACACAGAAUCCGGAGCUGUUCAGAAAGAAUGCCGAAGAGUUCACCCUCCGAUUCGG,0.43027591349739003,0,"-1.6,-2.08,-10.48,0,0,-177.14,0.42105263157894735,0,0.15789473684210525,0,0,0.05555555555555555,-0.93,0.0,1,1,0.0,-0.93,0,0.05555555555555555,0,-0.93,0.2222222222222222,1",-30.11,-9.44,-1.6,nan,42.1
AUUCUUUCUGAACAGCUCC,ACCUGCUGACACAGAAUCCGGAGCUGUUCAGAAAGAAUGCCGAAGAGUUCACCCUCC,0.8031319910514542,1,"2.16,-1.1,-9.38,0,0,-181.55999999999995,0.3684210526315789,0,0.10526315789473684,0,0,0.0,-0.93,0.0,1,0,0.05555555555555555,-3.26,0,0.05555555555555555,0,-2.11,0.16666666666666666,0",-31.14,-5.03,2.16,nan,42.1
AACAGCUCCGGAUUCUGUG,GACCUCGCUGACCUGCUGACACAGAAUCCGGAGCUGUUCAGAAAGAAUGCCGAAGAG,0.7293064876957495,1,"1.63,-0.93,-6.82,0,0,-190.86999999999998,0.2631578947368421,0,0.2631578947368421,0,0,0.05555555555555555,-2.24,0.0,0,0,0.05555555555555555,-2.11,0,0.05555555555555555,0,-0.93,0.05555555555555555,0",-34.82,-9.74,1.63,nan,52.6
ACAGCUCCGGAUUCUGUGU,GGACCUCGCUGACCUGCUGACACAGAAUCCGGAGCUGUUCAGAAAGAAUGCCGAAGA,0.6368381804623415,1,"0.0,-2.24,-11.4,0,0,-191.73,0.3157894736842105,0,0.2631578947368421,0,0,0.05555555555555555,-2.11,0.0,0,0,0.05555555555555555,-2.24,0,0.05555555555555555,0,-2.35,0.05555555555555555,0",-35.68,-11.21,0.0,nan,52.6
AGCUCCGGAUUCUGUGUCA,AUGGACCUCGCUGACCUGCUGACACAGAAUCCGGAGCUGUUCAGAAAGAAUGCCGAA,0.4086502609992543,0,"0.03,-2.08,-10.48,0,0,-192.77,0.3157894736842105,0,0.2631578947368421,0,0,0.05555555555555555,-3.42,0.0,0,0,0.05555555555555555,-2.11,0,0.05555555555555555,0,-2.11,0.05555555555555555,1",-35.79,-12.64,0.03,nan,52.6
GCUCCGGAUUCUGUGUCAG,GAUGGACCUCGCUGACCUGCUGACACAGAAUCCGGAGCUGUUCAGAAAGAAUGCCGA,0.5935868754660701,1,"-0.89,-3.42,-14.88,0,1,-200.21,0.3157894736842105,0,0.3157894736842105,0,1,0.05555555555555555,-2.08,0.0,0,0,0.05555555555555555,-2.08,0,0.05555555555555555,0,-2.24,0.05555555555555555,0",-36.69,-11.12,-0.89,nan,57.9
GUCAGCAGGUCAGCGAGGU,AGGGAGCCCCUGCGGAUGGACCUCGCUGACCUGCUGACACAGAAUCCGGAGCUGUUC,0.4369873228933631,0,"-0.9,-2.24,-11.4,0,1,-204.60999999999999,0.15789473684210525,0,0.42105263157894735,0,0,0.1111111111111111,-2.35,0.0,1,0,0.0,-2.24,0,0.1111111111111111,0,-3.42,0.0,0",-39.6,-9.61,-0.9,nan,63.2
GCAGGUCAGCGAGGUCCAU,UAUCAGGGAGCCCCUGCGGAUGGACCUCGCUGACCUGCUGACACAGAAUCCGGAGCU,0.3266219239373601,0,"-2.32,-3.42,-14.88,0,1,-205.5,0.15789473684210525,0,0.3684210526315789,0,1,0.1111111111111111,-2.11,0.0,0,0,0.05555555555555555,-1.1,0,0.1111111111111111,0,-3.26,0.0,0",-39.64,-9.61,-2.32,nan,63.2
AGGUCAGCGAGGUCCAUCC,AAUAUCAGGGAGCCCCUGCGGAUGGACCUCGCUGACCUGCUGACACAGAAUCCGGAG,0.6002982848620433,1,"1.63,-2.08,-10.48,0,0,-206.01,0.15789473684210525,0,0.3157894736842105,0,0,0.1111111111111111,-3.26,0.0,0,0,0.1111111111111111,-3.26,0,0.05555555555555555,0,-2.35,0.0,0",-39.72,-11.37,1.63,nan,63.2
GGUCAGCGAGGUCCAUCCG,GAAUAUCAGGGAGCCCCUGCGGAUGGACCUCGCUGACCUGCUGACACAGAAUCCGGA,0.5339299030574198,1,"-0.9,-3.26,-13.39,0,1,-209.89,0.15789473684210525,0,0.3684210526315789,1,0,0.1111111111111111,-2.24,0.0,0,0,0.1111111111111111,-2.36,0,0.05555555555555555,0,-3.26,0.0,0",-40.45,-10.47,-0.9,nan,68.4
AGCGAGGUCCAUCCGCAGG,GACCGAAUAUCAGGGAGCCCCUGCGGAUGGACCUCGCUGACCUGCUGACACAGAAUC,0.6099925428784488,1,"1.63,-2.08,-10.48,0,0,-207.69,0.10526315789473684,0,0.3684210526315789,0,0,0.1111111111111111,-3.42,0.0,0,0,0.1111111111111111,-3.26,0,0.1111111111111111,0,-3.26,0.0,0",-40.91,-11.17,1.63,nan,68.4
GCGAGGUCCAUCCGCAGGG,AGACCGAAUAUCAGGGAGCCCCUGCGGAUGGACCUCGCUGACCUGCUGACACAGAAU,0.4451901565995526,0,"-0.16,-3.42,-14.88,0,1,-214.32,0.10526315789473684,0,0.42105263157894735,0,1,0.16666666666666666,-2.36,0.0,0,0,0.1111111111111111,-3.26,0,0.1111111111111111,0,-2.36,0.0,0",-42.54,-10.55,-0.16,nan,73.7
GGUCCAUCCGCAGGGGCUC,GAAUAGACCGAAUAUCAGGGAGCCCCUGCGGAUGGACCUCGCUGACCUGCUGACACA,0.4168530947054437,0,"-0.46,-3.26,-13.39,0,1,-217.06999999999996,0.15789473684210525,0,0.3684210526315789,1,0,0.2222222222222222,-2.24,0.0,0,0,0.1111111111111111,-2.35,0,0.1111111111111111,0,-3.26,0.0,0",-43.44,-9.32,-0.46,nan,73.7
CCAUCCGCAGGGGCUCCCU,GGUGAAUAGACCGAAUAUCAGGGAGCCCCUGCGGAUGGACCUCGCUGACCUGCUGAC,0.4481730052199851,0,"-1.63,-3.26,-13.39,0,0,-213.37999999999997,0.15789473684210525,0,0.2631578947368421,0,0,0.16666666666666666,-2.11,0.0,0,1,0.2222222222222222,-2.08,1,0.1111111111111111,0,-3.42,0.0,0",-43.74,-10.51,-1.63,nan,73.7
GGGGCUCCCUGAUAUUCGG,CAAUGUGCUGGUGAAUAGACCGAAUAUCAGGGAGCCCCUGCGGAUGGACCUCGCUGA,0.3728560775540641,0,"0.0,-3.26,-13.39,0,1,-204.23999999999995,0.2631578947368421,0,0.3684210526315789,1,0,0.2222222222222222,-3.26,0.05555555555555555,0,0,0.1111111111111111,-3.26,0,0.05555555555555555,0,-1.33,0.05555555555555555,0",-39.03,-13.54,0.0,nan,63.2
UGAUAUUCGGUCUAUUCAC,GGAGGCCCUCAAUGUGCUGGUGAAUAGACCGAAUAUCAGGGAGCCCCUGCGGAUGGA,0.6703952274422074,1,"1.03,-2.11,-10.44,1,0,-177.78,0.42105263157894735,0,0.15789473684210525,0,0,0.05555555555555555,-2.35,0.1111111111111111,0,0,0.0,-2.24,0,0.0,0,-1.33,0.1111111111111111,0",-29.08,-5.07,1.03,nan,36.8
CGGUCUAUUCACCAGCACA,AAGUCCUGGAGGCCCUCAAUGUGCUGGUGAAUAGACCGAAUAUCAGGGAGCCCCUGC,0.4399701715137956,0,"-0.7,-2.36,-10.64,0,0,-190.66,0.21052631578947367,0,0.15789473684210525,0,0,0.05555555555555555,-3.26,0.05555555555555555,0,1,0.05555555555555555,-2.11,0,0.05555555555555555,1,-2.11,0.05555555555555555,1",-35.14,-7.82,-0.7,nan,52.6
CUAUUCACCAGCACAUUGA,UGCCAAGUCCUGGAGGCCCUCAAUGUGCUGGUGAAUAGACCGAAUAUCAGGGAGCCC,0.5152870991797166,0,"-0.63,-2.08,-10.48,0,0,-181.86999999999998,0.2631578947368421,0,0.10526315789473684,0,0,0.0,-1.33,0.05555555555555555,1,1,0.05555555555555555,-2.35,0,0.05555555555555555,0,-2.24,0.1111111111111111,1",-31.42,-5.52,-0.63,nan,42.1
GCACAUUGAGGGCCUCCAG,CACCAAGACUUGCCAAGUCCUGGAGGCCCUCAAUGUGCUGGUGAAUAGACCGAAUAU,0.3594332587621178,0,"-0.89,-3.42,-14.88,0,1,-205.39000000000001,0.15789473684210525,0,0.3157894736842105,0,1,0.1111111111111111,-2.11,0.0,0,0,0.1111111111111111,-2.08,0,0.1111111111111111,0,-3.26,0.05555555555555555,0",-39.44,-6.51,-0.89,nan,63.2
ACAUUGAGGGCCUCCAGGA,UGCACCAAGACUUGCCAAGUCCUGGAGGCCCUCAAUGUGCUGGUGAAUAGACCGAAU,0.5533184190902312,1,"0.11,-2.24,-11.4,0,0,-198.45999999999998,0.15789473684210525,0,0.3157894736842105,0,0,0.16666666666666666,-2.11,0.0,0,0,0.1111111111111111,-2.35,0,0.05555555555555555,0,-2.35,0.05555555555555555,1",-38.62,-6.59,0.11,nan,57.9
CCUCCAGGACUUGGCAAGU,CUGGAAGCCUUGCACCAAGACUUGCCAAGUCCUGGAGGCCCUCAAUGUGCUGGUGAA,0.2371364653243848,0,"-1.47,-3.26,-13.39,0,0,-195.66999999999996,0.21052631578947367,0,0.2631578947368421,0,0,0.1111111111111111,-2.08,0.0,0,1,0.1111111111111111,-2.24,1,0.05555555555555555,0,-3.26,0.05555555555555555,0",-37.61,-11.05,-1.47,nan,57.9
UGGCAAGUCUUGGUGCAAG,AGCAGUGAGAACUGGAAGCCUUGCACCAAGACUUGCCAAGUCCUGGAGGCCCUCAAU,0.668158090976883,1,"0.87,-2.11,-10.44,1,0,-188.54999999999998,0.2631578947368421,0,0.3684210526315789,0,0,0.1111111111111111,-3.26,0.0,0,0,0.0,-2.08,0,0.1111111111111111,0,-2.24,0.05555555555555555,0",-35.23,-9.5,0.87,nan,52.6
UCUUGGUGCAAGGCUUCCA,CAUCAUCAGCAGUGAGAACUGGAAGCCUUGCACCAAGACUUGCCAAGUCCUGGAGGC,0.5794183445190156,1,"-0.24,-2.35,-12.44,1,0,-188.82,0.3157894736842105,0,0.2631578947368421,0,0,0.1111111111111111,-2.08,0.0,0,0,0.05555555555555555,-2.11,0,0.1111111111111111,0,-3.42,0.1111111111111111,1",-36.04,-8.64,-0.24,nan,52.6
UGGUGCAAGGCUUCCAGUU,GCCCAUCAUCAGCAGUGAGAACUGGAAGCCUUGCACCAAGACUUGCCAAGUCCUGGA,0.5801640566741239,1,"-0.73,-2.11,-10.44,1,0,-187.77999999999997,0.3157894736842105,0,0.3157894736842105,0,0,0.1111111111111111,-3.26,0.0,0,0,0.05555555555555555,-0.93,0,0.1111111111111111,0,-2.35,0.1111111111111111,0",-35.93,-9.53,-0.73,nan,52.6
CUUCCAGUUCUCACUGCUG,AGAUUUGCCUGCCCAUCAUCAGCAGUGAGAACUGGAAGCCUUGCACCAAGACUUGCC,0.5585384041759881,1,"0.03,-2.08,-10.48,0,0,-192.57999999999996,0.3684210526315789,0,0.15789473684210525,0,0,0.0,-0.93,0.0,1,1,0.05555555555555555,-2.11,0,0.05555555555555555,0,-2.24,0.1111111111111111,0",-34.82,-7.98,0.03,nan,52.6
UCCAGUUCUCACUGCUGAU,ACAGAUUUGCCUGCCCAUCAUCAGCAGUGAGAACUGGAAGCCUUGCACCAAGACUUG,0.6181953765846383,1,"-0.8,-2.35,-12.44,1,0,-189.66,0.3684210526315789,0,0.15789473684210525,0,0,0.0,-3.26,0.0,0,0,0.05555555555555555,-1.1,0,0.05555555555555555,0,-2.11,0.05555555555555555,0",-34.36,-8.88,-0.8,nan,47.4
CCAGUUCUCACUGCUGAUG,GACAGAUUUGCCUGCCCAUCAUCAGCAGUGAGAACUGGAAGCCUUGCACCAAGACUU,0.4899328859060403,0,"-0.7,-3.26,-13.39,0,0,-195.1,0.3157894736842105,0,0.21052631578947367,0,0,0.0,-2.11,0.0,0,1,0.05555555555555555,-2.11,1,0.05555555555555555,0,-3.42,0.05555555555555555,0",-35.02,-7.25,-0.7,nan,52.6
CAGUUCUCACUGCUGAUGA,GGACAGAUUUGCCUGCCCAUCAUCAGCAGUGAGAACUGGAAGCCUUGCACCAAGACU,0.4571215510812826,0,"-0.66,-2.11,-10.44,0,0,-190.42999999999998,0.3157894736842105,0,0.21052631578947367,0,0,0.0,-2.08,0.0,0,1,0.0,-2.35,0,0.05555555555555555,0,-2.08,0.05555555555555555,1",-33.66,-7.49,-0.66,nan,47.4
UCUCACUGCUGAUGAUGGG,GAACGGACAGAUUUGCCUGCCCAUCAUCAGCAGUGAGAACUGGAAGCCUUGCACCAA,0.5518269947800151,1,"1.36,-2.35,-12.44,1,0,-197.89,0.3157894736842105,0,0.3157894736842105,0,0,0.1111111111111111,-2.08,0.0,0,0,0.0,-3.26,0,0.05555555555555555,0,-2.11,0.0,0",-36.03,-8.88,1.36,nan,52.6
GAUGAUGGGCAGGCAAAUC,ACGUGGACGAGAACGGACAGAUUUGCCUGCCCAUCAUCAGCAGUGAGAACUGGAAGC,0.5316927665920954,1,"0.0,-2.35,-12.44,0,1,-197.65999999999997,0.15789473684210525,0,0.3684210526315789,0,0,0.16666666666666666,-1.1,0.0,0,0,0.0,-2.35,0,0.1111111111111111,0,-3.42,0.0,0",-35.26,-7.49,0.0,nan,52.6
CUCGUCCACGUUGGGGUGG,AAUUCACAACCAAGAUCUACCACCCCAACGUGGACGAGAACGGACAGAUUUGCCUGC,0.5041014168530947,0,"0.73,-2.08,-10.48,0,0,-203.72000000000003,0.2631578947368421,0,0.42105263157894735,0,0,0.2222222222222222,-2.35,0.0,1,1,0.05555555555555555,-3.26,0,0.0,0,-3.26,0.05555555555555555,0",-39.93,-9.68,0.73,nan,68.4
UCGUCCACGUUGGGGUGGU,AAAUUCACAACCAAGAUCUACCACCCCAACGUGGACGAGAACGGACAGAUUUGCCUG,0.4839671886651752,0,"-0.11,-2.35,-12.44,1,0,-197.20000000000002,0.3157894736842105,0,0.42105263157894735,0,0,0.2222222222222222,-2.36,0.0,0,0,0.05555555555555555,-2.24,0,0.0,0,-3.26,0.05555555555555555,0",-39.19,-10.47,-0.11,nan,63.2
CGUCCACGUUGGGGUGGUA,CAAAUUCACAACCAAGAUCUACCACCCCAACGUGGACGAGAACGGACAGAUUUGCCU,0.27889634601044,0,"-1.03,-2.36,-10.64,0,0,-196.17000000000004,0.2631578947368421,0,0.42105263157894735,0,0,0.2222222222222222,-2.24,0.05555555555555555,0,1,0.05555555555555555,-1.33,0,0.0,1,-3.26,0.05555555555555555,1",-38.62,-10.47,-1.03,nan,63.2
UCCACGUUGGGGUGGUAGA,AUCAAAUUCACAACCAAGAUCUACCACCCCAACGUGGACGAGAACGGACAGAUUUGC,0.395227442207308,0,"0.0,-2.35,-12.44,1,0,-193.32999999999998,0.2631578947368421,0,0.42105263157894735,0,0,0.2222222222222222,-3.26,0.05555555555555555,0,0,0.05555555555555555,-2.35,0,0.0,0,-2.11,0.05555555555555555,1",-38.0,-8.6,0.0,nan,57.9
UGGGGUGGUAGAUCUUGGU,UCCCAUGAUCAAAUUCACAACCAAGAUCUACCACCCCAACGUGGACGAGAACGGACA,0.6771066368381805,1,"0.13,-2.11,-10.44,1,0,-191.15,0.3684210526315789,0,0.47368421052631576,0,0,0.2777777777777778,-3.26,0.05555555555555555,0,0,0.0,-2.24,0,0.0,0,-2.35,0.05555555555555555,0",-36.58,-13.3,0.13,nan,52.6
GGGGUGGUAGAUCUUGGUU,CUCCCAUGAUCAAAUUCACAACCAAGAUCUACCACCCCAACGUGGACGAGAACGGAC,0.3251304996271439,0,"-2.33,-3.26,-13.39,0,1,-191.24999999999997,0.3684210526315789,0,0.47368421052631576,1,0,0.2777777777777778,-3.26,0.05555555555555555,0,0,0.0,-0.93,0,0.0,0,-2.08,0.1111111111111111,0",-35.85,-11.83,-2.33,nan,52.6
GUGGUAGAUCUUGGUUGUG,AGCCUCCCAUGAUCAAAUUCACAACCAAGAUCUACCACCCCAACGUGGACGAGAACG,0.3415361670395228,0,"-0.13,-2.24,-11.4,0,1,-187.07999999999998,0.42105263157894735,0,0.42105263157894735,0,0,0.1111111111111111,-2.11,0.05555555555555555,1,0,0.0,-2.11,0,0.0,0,-3.26,0.1111111111111111,0",-32.98,-8.38,-0.13,nan,47.4
GUAGAUCUUGGUUGUGAAU,UCAAGCCUCCCAUGAUCAAAUUCACAACCAAGAUCUACCACCCCAACGUGGACGAGA,0.3803131991051454,0,"-1.59,-2.24,-11.4,0,1,-176.77,0.42105263157894735,0,0.3157894736842105,0,0,0.05555555555555555,-1.33,0.05555555555555555,1,0,0.0,-1.1,0,0.0,0,-2.11,0.1111111111111111,0",-29.3,-6.3,-1.59,nan,36.8
GAUCUUGGUUGUGAAUUUG,CGUUCAAGCCUCCCAUGAUCAAAUUCACAACCAAGAUCUACCACCCCAACGUGGACG,0.6405667412378822,1,"-0.24,-2.35,-12.44,0,1,-174.99999999999997,0.47368421052631576,0,0.3157894736842105,0,0,0.05555555555555555,-1.1,0.0,0,0,0.0,-2.11,0,0.0,0,-2.35,0.2222222222222222,0",-28.07,-7.29,-0.24,nan,36.8
UUGUGAAUUUGAUCAUGGG,GGAGUAUCCGUUCAAGCCUCCCAUGAUCAAAUUCACAACCAAGAUCUACCACCCCAA,0.7099179716629381,1,"2.33,-0.93,-6.82,1,0,-175.78999999999996,0.42105263157894735,1,0.3157894736842105,0,0,0.1111111111111111,-2.11,0.0,1,0,0.0,-3.26,0,0.0,0,-2.35,0.16666666666666666,0",-28.84,-5.85,2.33,nan,36.8
UUGAUCAUGGGAGGCUUGA,UUCCCGCCGGAGUAUCCGUUCAAGCCUCCCAUGAUCAAAUUCACAACCAAGAUCUAC,0.6465324384787472,1,"0.97,-0.93,-6.82,1,0,-188.87999999999997,0.3157894736842105,1,0.3684210526315789,0,0,0.16666666666666666,-2.11,0.0,1,0,0.0,-2.35,0,0.05555555555555555,0,-3.26,0.1111111111111111,1",-34.27,-6.13,0.97,nan,47.4
UGAUCAUGGGAGGCUUGAA,CUUCCCGCCGGAGUAUCCGUUCAAGCCUCCCAUGAUCAAAUUCACAACCAAGAUCUA,0.5309470544369873,1,"-0.73,-2.11,-10.44,1,0,-188.87999999999997,0.2631578947368421,0,0.3684210526315789,0,0,0.16666666666666666,-2.35,0.0,0,0,0.0,-0.93,0,0.05555555555555555,0,-3.42,0.05555555555555555,1",-34.27,-7.03,-0.73,nan,47.4
GGAGGCUUGAACGGAUACU,CGCAUCAGCUUCCCGCCGGAGUAUCCGUUCAAGCCUCCCAUGAUCAAAUUCACAACC,0.4004474272930649,0,"-1.63,-3.26,-13.39,0,1,-191.07,0.21052631578947367,0,0.3684210526315789,1,0,0.16666666666666666,-2.35,0.05555555555555555,0,0,0.0,-2.08,0,0.05555555555555555,0,-3.26,0.05555555555555555,0",-35.19,-9.58,-1.63,nan,52.6
AGGCUUGAACGGAUACUCC,UGCGCAUCAGCUUCCCGCCGGAGUAUCCGUUCAAGCCUCCCAUGAUCAAAUUCACAA,0.6308724832214765,1,"1.63,-2.08,-10.48,0,0,-191.07,0.21052631578947367,0,0.2631578947368421,0,0,0.1111111111111111,-3.26,0.05555555555555555,0,0,0.05555555555555555,-3.26,0,0.05555555555555555,0,-1.1,0.05555555555555555,0",-35.19,-9.61,1.63,nan,52.6
ACGGAUACUCCGGCGGGAA,CUUCAACCUGCGCAUCAGCUUCCCGCCGGAGUAUCCGUUCAAGCCUCCCAUGAUCAA,0.3206562266964951,0,"-0.86,-2.24,-11.4,0,0,-197.19,0.10526315789473684,0,0.3684210526315789,0,0,0.2222222222222222,-2.36,0.05555555555555555,0,0,0.05555555555555555,-0.93,0,0.05555555555555555,0,-3.42,0.0,1",-38.78,-8.55,-0.86,nan,63.2
CGGAUACUCCGGCGGGAAG,CCUUCAACCUGCGCAUCAGCUUCCCGCCGGAGUAUCCGUUCAAGCCUCCCAUGAUCA,0.2841163310961969,0,"0.17,-2.36,-10.64,0,0,-203.70999999999995,0.10526315789473684,0,0.42105263157894735,0,0,0.2222222222222222,-3.26,0.05555555555555555,0,1,0.05555555555555555,-2.08,0,0.05555555555555555,1,-2.36,0.0,0",-39.52,-7.82,0.17,nan,68.4
ACUCCGGCGGGAAGCUGAU,GAAAGCCUUCAACCUGCGCAUCAGCUUCCCGCCGGAGUAUCCGUUCAAGCCUCCCAU,0.3900074571215511,0,"-0.69,-2.24,-11.4,0,0,-200.34999999999997,0.15789473684210525,0,0.3684210526315789,0,0,0.16666666666666666,-2.08,0.0,0,0,0.05555555555555555,-1.1,0,0.1111111111111111,0,-2.08,0.0,0",-39.28,-12.64,-0.69,nan,63.2
GGGAAGCUGAUGCGCAGGU,UACCACCUGAAAGCCUUCAACCUGCGCAUCAGCUUCCCGCCGGAGUAUCCGUUCAAG,0.5287099179716629,1,"-1.47,-3.26,-13.39,0,1,-203.35999999999999,0.15789473684210525,0,0.47368421052631576,1,0,0.16666666666666666,-3.26,0.0,0,0,0.0,-2.24,0,0.16666666666666666,0,-2.36,0.0,0",-39.4,-9.58,-1.47,nan,63.2
GGAAGCUGAUGCGCAGGUU,CUACCACCUGAAAGCCUUCAACCUGCGCAUCAGCUUCCCGCCGGAGUAUCCGUUCAA,0.3847874720357942,0,"-2.33,-3.26,-13.39,0,1,-196.79,0.21052631578947367,0,0.42105263157894735,1,0,0.1111111111111111,-2.35,0.0,0,0,0.0,-0.93,0,0.16666666666666666,0,-3.42,0.05555555555555555,0",-37.07,-8.88,-2.33,nan,57.9
UGCGCAGGUUGAAGGCUUU,CCAACCUCCCUACCACCUGAAAGCCUUCAACCUGCGCAUCAGCUUCCCGCCGGAGUA,0.5205070842654735,0,"-0.73,-2.11,-10.44,1,0,-184.88999999999996,0.3157894736842105,0,0.3684210526315789,0,0,0.1111111111111111,-3.42,0.0,0,0,0.0,-0.93,0,0.16666666666666666,0,-2.08,0.16666666666666666,0",-35.03,-12.56,-0.73,nan,52.6
GUAGGGAGGUUGGUCGGGU,UGUGGCACGCUCUCCUCCUACCCGACCAACCUCCCUACCACCUGAAAGCCUUCAACC,0.4772557792692021,0,"-0.9,-2.24,-11.4,0,1,-200.04,0.2631578947368421,0,0.5789473684210527,0,0,0.3333333333333333,-1.33,0.05555555555555555,1,0,0.0,-2.24,0,0.0,0,-2.24,0.05555555555555555,0",-39.57,-9.82,-0.9,nan,63.2
GGGAGGUUGGUCGGGUAGG,UGGUGUGGCACGCUCUCCUCCUACCCGACCAACCUCCCUACCACCUGAAAGCCUUCA,0.4146159582401194,0,"0.0,-3.26,-13.39,0,1,-205.75,0.21052631578947367,0,0.631578947368421,1,0,0.3888888888888889,-3.26,0.05555555555555555,0,0,0.0,-3.26,0,0.0,0,-3.26,0.05555555555555555,0",-41.04,-9.58,0.0,nan,68.4
GAGGUUGGUCGGGUAGGAG,CCUGGUGUGGCACGCUCUCCUCCUACCCGACCAACCUCCCUACCACCUGAAAGCCUU,0.4735272184936615,0,"-0.27,-2.35,-12.44,0,1,-201.88999999999996,0.21052631578947367,0,0.5789473684210527,0,0,0.2777777777777778,-2.08,0.05555555555555555,0,0,0.0,-2.08,0,0.0,0,-2.24,0.05555555555555555,0",-38.95,-9.34,-0.27,nan,63.2
GGUUGGUCGGGUAGGAGGA,GUCCUGGUGUGGCACGCUCUCCUCCUACCCGACCAACCUCCCUACCACCUGAAAGCC,0.3691275167785235,0,"-1.36,-3.26,-13.39,0,1,-201.07999999999998,0.21052631578947367,0,0.5789473684210527,1,0,0.3333333333333333,-2.24,0.05555555555555555,0,0,0.0,-2.35,0,0.0,0,-2.08,0.05555555555555555,1",-39.68,-9.04,-1.36,nan,63.2
UUGGUCGGGUAGGAGGAGA,AUGUCCUGGUGUGGCACGCUCUCCUCCUACCCGACCAACCUCCCUACCACCUGAAAG,0.5958240119313946,1,"0.97,-0.93,-6.82,1,0,-195.48999999999998,0.21052631578947367,1,0.5263157894736842,0,0,0.2777777777777778,-2.11,0.05555555555555555,1,0,0.0,-2.35,0,0.0,0,-2.35,0.05555555555555555,1",-38.16,-11.04,0.97,nan,57.9
GUCGGGUAGGAGGAGAGCG,CCAAUGUCCUGGUGUGGCACGCUCUCCUCCUACCCGACCAACCUCCCUACCACCUGA,0.5495898583146905,1,"-0.33,-2.24,-11.4,0,1,-208.27999999999997,0.10526315789473684,0,0.5789473684210527,0,0,0.2222222222222222,-2.35,0.05555555555555555,1,0,0.0,-2.36,0,0.05555555555555555,0,-2.35,0.0,0",-40.62,-9.81,-0.33,nan,68.4
GGUAGGAGGAGAGCGUGCC,GAUGCCAAUGUCCUGGUGUGGCACGCUCUCCUCCUACCCGACCAACCUCCCUACCAC,0.4660700969425801,0,"0.0,-3.26,-13.39,0,1,-210.52000000000004,0.10526315789473684,0,0.5263157894736842,1,0,0.16666666666666666,-2.24,0.05555555555555555,0,0,0.05555555555555555,-3.26,0,0.1111111111111111,0,-3.42,0.0,0",-41.44,-9.25,0.0,nan,68.4
UAGGAGGAGAGCGUGCCAC,AUGAUGCCAAUGUCCUGGUGUGGCACGCUCUCCUCCUACCCGACCAACCUCCCUACC,0.7225950782997763,1,"1.36,-1.33,-7.69,1,0,-203.85,0.10526315789473684,0,0.42105263157894735,0,0,0.1111111111111111,-2.08,0.05555555555555555,0,0,0.05555555555555555,-2.24,0,0.1111111111111111,0,-2.24,0.0,0",-39.84,-10.39,1.36,nan,63.2
AGGAGAGCGUGCCACACCA,AGCGAUGAUGCCAAUGUCCUGGUGUGGCACGCUCUCCUCCUACCCGACCAACCUCCC,0.6674123788217748,1,"0.03,-2.08,-10.48,0,0,-201.8,0.05263157894736842,0,0.3157894736842105,0,0,0.05555555555555555,-3.26,0.0,0,0,0.1111111111111111,-2.11,0,0.1111111111111111,0,-2.11,0.0,1",-40.09,-11.45,0.03,nan,63.2
GAGCGUGCCACACCAGGAC,GUCCAGCGAUGAUGCCAAUGUCCUGGUGUGGCACGCUCUCCUCCUACCCGACCAACC,0.5533184190902312,1,"-0.11,-2.35,-12.44,0,1,-210.16,0.05263157894736842,0,0.3157894736842105,0,0,0.05555555555555555,-2.08,0.0,0,0,0.1111111111111111,-2.24,0,0.1111111111111111,0,-3.26,0.0,0",-41.15,-11.09,-0.11,nan,68.4
CAGGACAUUGGCAUCAUCG,ACCUGCGGAACCUGUCCAGCGAUGAUGCCAAUGUCCUGGUGUGGCACGCUCUCCUCC,0.7240865026099925,1,"-0.2,-2.11,-10.44,0,0,-195.05,0.21052631578947367,0,0.2631578947368421,0,0,0.1111111111111111,-2.08,0.0,0,1,0.0,-2.36,0,0.05555555555555555,0,-1.1,0.05555555555555555,0",-34.36,-8.15,-0.2,nan,52.6
AGGACAUUGGCAUCAUCGC,UACCUGCGGAACCUGUCCAGCGAUGAUGCCAAUGUCCUGGUGUGGCACGCUCUCCUC,0.7994034302759135,1,"1.79,-2.08,-10.48,0,0,-195.76999999999998,0.21052631578947367,0,0.2631578947368421,0,0,0.1111111111111111,-3.26,0.0,0,0,0.0,-3.42,0,0.1111111111111111,0,-2.35,0.05555555555555555,0",-35.22,-7.45,1.79,nan,52.6
GGACAUUGGCAUCAUCGCU,AUACCUGCGGAACCUGUCCAGCGAUGAUGCCAAUGUCCUGGUGUGGCACGCUCUCCU,0.651006711409396,1,"-1.63,-3.26,-13.39,0,1,-195.76999999999995,0.2631578947368421,0,0.2631578947368421,1,0,0.1111111111111111,-2.35,0.0,0,0,0.0,-2.08,0,0.1111111111111111,0,-2.11,0.05555555555555555,0",-35.22,-6.75,-1.63,nan,52.6
GGCAUCAUCGCUGGACAGG,CUCCCCCAUACCUGCGGAACCUGUCCAGCGAUGAUGCCAAUGUCCUGGUGUGGCACG,0.5786726323639075,1,"0.0,-3.26,-13.39,0,1,-207.15999999999997,0.15789473684210525,0,0.3684210526315789,1,0,0.16666666666666666,-3.42,0.0,0,0,0.0,-3.26,0,0.1111111111111111,0,-3.26,0.0,0",-38.98,-7.65,0.0,nan,63.2
CGCUGGACAGGUUCCGCAG,XXXXXXGCCUCCCCCAUACCUGCGGAACCUGUCCAGCGAUGAUGCCAAUGUCCUGGU,0.5674869500372857,1,"0.17,-2.36,-10.64,0,0,-204.85999999999999,0.15789473684210525,0,0.3684210526315789,0,0,0.1111111111111111,-3.42,0.0,0,1,0.05555555555555555,-2.08,0,0.1111111111111111,1,-2.35,0.05555555555555555,0",-39.93,-11.37,0.17,nan,68.4
CUGGACAGGUUCCGCAGGU,XXXXXXXXGCCUCCCCCAUACCUGCGGAACCUGUCCAGCGAUGAUGCCAAUGUCCUG,0.5503355704697986,1,"-0.74,-2.08,-10.48,0,0,-200.41,0.21052631578947367,0,0.3684210526315789,0,0,0.16666666666666666,-2.11,0.0,1,1,0.05555555555555555,-2.24,0,0.05555555555555555,0,-2.36,0.05555555555555555,0",-39.2,-9.61,-0.74,nan,63.2
ACAGGUUCCGCAGGUAUGG,XXXXXXXXXXXXGCCUCCCCCAUACCUGCGGAACCUGUCCAGCGAUGAUGCCAAUGU,0.6584638329604773,1,"1.47,-2.24,-11.4,0,0,-194.56,0.21052631578947367,0,0.3684210526315789,0,0,0.16666666666666666,-2.11,0.05555555555555555,0,0,0.05555555555555555,-3.26,0,0.05555555555555555,0,-3.26,0.05555555555555555,0",-37.2,-8.88,1.47,nan,57.9
AUUUCUCUUUGUGUUGGAU,UCUGAUUCAGAAGGGCGUCAUCCAACACAAAGAGAAAUGCAACCAXXXXXXXXXXXX,0.5152870991797166,0,"0.0,-1.1,-9.38,0,0,-167.59999999999997,0.5789473684210527,0,0.21052631578947367,0,0,0.05555555555555555,-0.93,0.0,1,0,0.0,-1.1,0,0.0,0,-2.24,0.2777777777777778,0",-27.14,-5.73,0.0,nan,31.6
UUCUCUUUGUGUUGGAUGA,GAUCUGAUUCAGAAGGGCGUCAUCCAACACAAAGAGAAAUGCAACCAXXXXXXXXXX,0.6935123042505593,1,"0.97,-0.93,-6.82,1,0,-174.27999999999997,0.5263157894736842,1,0.2631578947368421,0,0,0.05555555555555555,-2.35,0.0,1,0,0.0,-2.35,0,0.0,0,-2.11,0.2222222222222222,1",-29.57,-5.73,0.97,nan,36.8
CUCUUUGUGUUGGAUGACG,CUGAUCUGAUUCAGAAGGGCGUCAUCCAACACAAAGAGAAAUGCAACCAXXXXXXXX,0.6435495898583147,1,"-0.17,-2.08,-10.48,0,0,-184.5,0.42105263157894735,0,0.3157894736842105,0,0,0.05555555555555555,-2.35,0.0,1,1,0.0,-2.36,0,0.0,0,-2.35,0.16666666666666666,0",-31.79,-5.65,-0.17,nan,47.4
UUGUGUUGGAUGACGCCCU,AUCCCUGAUCUGAUUCAGAAGGGCGUCAUCCAACACAAAGAGAAAUGCAACCAXXXX,0.7986577181208053,1,"0.7,-0.93,-6.82,1,0,-188.97999999999993,0.3684210526315789,1,0.3157894736842105,0,0,0.05555555555555555,-2.11,0.0,1,0,0.1111111111111111,-2.08,0,0.05555555555555555,0,-2.24,0.1111111111111111,0",-35.47,-7.2,0.7,nan,52.6
CCCUUCUGAAUCAGAUCAG,UGGCUGGCAGUGGAAAUCCCUGAUCUGAUUCAGAAGGGCGUCAUCCAACACAAAGAG,0.5458612975391499,1,"-0.73,-3.26,-13.39,0,0,-191.00999999999996,0.2631578947368421,0,0.15789473684210525,0,0,0.0,-3.26,0.0,0,1,0.1111111111111111,-2.08,1,0.0,0,-2.08,0.05555555555555555,0",-32.89,-8.72,-0.73,nan,47.4
UGAAUCAGAUCAGGGAUUU,GGUCCAUGGCUGGCAGUGGAAAUCCCUGAUCUGAUUCAGAAGGGCGUCAUCCAACAC,0.6040268456375839,1,"-0.73,-2.11,-10.44,1,0,-178.80999999999995,0.3157894736842105,0,0.2631578947368421,0,0,0.1111111111111111,-2.35,0.0,0,0,0.0,-0.93,0,0.0,0,-3.26,0.1111111111111111,0",-29.86,-6.83,-0.73,nan,36.8
UCAGGGAUUUCCACUGCCA,CUGGGGCUGGGUCCAUGGCUGGCAGUGGAAAUCCCUGAUCUGAUUCAGAAGGGCGUC,0.5324384787472035,1,"-0.24,-2.35,-12.44,1,0,-191.84999999999997,0.2631578947368421,0,0.21052631578947367,0,0,0.1111111111111111,-2.11,0.0,0,0,0.1111111111111111,-2.11,0,0.05555555555555555,0,-2.24,0.1111111111111111,1",-36.32,-9.62,-0.24,nan,52.6
AGGGAUUUCCACUGCCAGC,CUCUGGGGCUGGGUCCAUGGCUGGCAGUGGAAAUCCCUGAUCUGAUUCAGAAGGGCG,0.3616703952274422,0,"1.79,-2.08,-10.48,0,0,-198.04999999999998,0.21052631578947367,0,0.2631578947368421,0,0,0.1111111111111111,-3.26,0.0,0,0,0.1111111111111111,-3.42,0,0.1111111111111111,0,-2.11,0.1111111111111111,0",-37.81,-7.29,1.79,nan,57.9
ACUGCCAGCCAUGGACCCA,CAUCUCAUGGCUCUGGGGCUGGGUCCAUGGCUGGCAGUGGAAAUCCCUGAUCUGAUU,0.2624906785980611,0,"-0.13,-2.24,-11.4,0,0,-203.44,0.10526315789473684,0,0.21052631578947367,0,0,0.05555555555555555,-2.08,0.0,0,0,0.2222222222222222,-2.11,0,0.1111111111111111,0,-3.26,0.0,1",-40.79,-10.97,-0.13,nan,63.2
CUGCCAGCCAUGGACCCAG,UCAUCUCAUGGCUCUGGGGCUGGGUCCAUGGCUGGCAGUGGAAAUCCCUGAUCUGAU,0.4511558538404175,0,"0.0,-2.08,-10.48,0,0,-209.95999999999995,0.10526315789473684,0,0.2631578947368421,0,0,0.05555555555555555,-2.11,0.0,1,1,0.2222222222222222,-2.08,0,0.1111111111111111,0,-2.35,0.0,0",-41.53,-11.86,0.0,nan,68.4
UGGACCCAGCCCCAGAGCC,UUGGACUAGCUCAUCUCAUGGCUCUGGGGCUGGGUCCAUGGCUGGCAGUGGAAAUCC,0.5212527964205816,0,"1.6,-2.11,-10.44,1,0,-215.19999999999993,0.05263157894736842,0,0.2631578947368421,0,0,0.05555555555555555,-3.26,0.0,0,0,0.3333333333333333,-3.26,0,0.1111111111111111,0,-2.11,0.0,0",-44.63,-11.94,1.6,nan,73.7
AGCCCCAGAGCCAUGAGAU,CCCAAAUUUGGACUAGCUCAUCUCAUGGCUCUGGGGCUGGGUCCAUGGCUGGCAGUG,0.401193139448173,0,"-0.53,-2.08,-10.48,0,0,-201.58999999999997,0.10526315789473684,0,0.2631578947368421,0,0,0.0,-3.42,0.0,0,0,0.2222222222222222,-1.1,0,0.1111111111111111,0,-1.1,0.0,0",-38.79,-13.3,-0.53,nan,57.9
AGCCAUGAGAUGAGCUAGU,GGAAUGUGCCCAAAUUUGGACUAGCUCAUCUCAUGGCUCUGGGGCUGGGUCCAUGGC,0.401193139448173,0,"0.16,-2.08,-10.48,0,0,-190.98999999999998,0.21052631578947367,0,0.3157894736842105,0,0,0.0,-3.42,0.05555555555555555,0,0,0.05555555555555555,-2.24,0,0.1111111111111111,0,-2.08,0.0,0",-34.66,-9.81,0.16,nan,47.4
CCAUGAGAUGAGCUAGUCC,CAGGAAUGUGCCCAAAUUUGGACUAGCUCAUCUCAUGGCUCUGGGGCUGGGUCCAUG,0.4601043997017151,0,"0.0,-3.26,-13.39,0,0,-198.89999999999998,0.21052631578947367,0,0.2631578947368421,0,0,0.0,-2.11,0.05555555555555555,0,1,0.1111111111111111,-3.26,1,0.05555555555555555,0,-2.08,0.0,0",-35.67,-7.56,0.0,nan,52.6
UCCAAAUUUGGGCACAUUC,UCAAACCUUUGUGGGCCAGGAAUGUGCCCAAAUUUGGACUAGCUCAUCUCAUGGCUC,0.5063385533184191,0,"0.9,-2.35,-12.44,1,0,-178.61999999999998,0.3157894736842105,0,0.15789473684210525,0,0,0.1111111111111111,-3.26,0.0,0,0,0.05555555555555555,-2.35,0,0.05555555555555555,0,-2.11,0.16666666666666666,0",-30.89,-4.72,0.9,nan,42.1
AUUUGGGCACAUUCCUGGC,UCAUUUCAAACCUUUGUGGGCCAGGAAUGUGCCCAAAUUUGGACUAGCUCAUCUCAU,0.575689783743475,1,"2.32,-1.1,-9.38,0,0,-191.29000000000002,0.3157894736842105,0,0.2631578947368421,0,0,0.16666666666666666,-0.93,0.0,1,0,0.05555555555555555,-3.42,0,0.1111111111111111,0,-2.35,0.16666666666666666,0",-35.44,-9.37,2.32,nan,52.6
AUUCCUGGCCCACAAAGGU,GCCUGACGGAUCAUUUCAAACCUUUGUGGGCCAGGAAUGUGCCCAAAUUUGGACUAG,0.4243102162565249,0,"0.69,-1.1,-9.38,0,0,-188.13999999999996,0.21052631578947367,0,0.21052631578947367,0,0,0.1111111111111111,-0.93,0.0,1,0,0.16666666666666666,-2.24,0,0.05555555555555555,0,-2.11,0.05555555555555555,0",-35.94,-9.45,0.69,nan,52.6
ACAAAGGUUUGAAAUGAUC,UGGCAAAAUAUGCCUGACGGAUCAUUUCAAACCUUUGUGGGCCAGGAAUGUGCCCAA,0.7367636092468307,1,"1.01,-2.24,-11.4,0,0,-167.65999999999997,0.2631578947368421,0,0.21052631578947367,0,0,0.05555555555555555,-2.11,0.0,0,0,0.0,-2.35,0,0.0,0,-0.93,0.1111111111111111,0",-26.44,-7.01,1.01,nan,31.6
AAGGUUUGAAAUGAUCCGU,GGGUGGCAAAAUAUGCCUGACGGAUCAUUUCAAACCUUUGUGGGCCAGGAAUGUGCC,0.790454884414616,1,"0.86,-0.93,-6.82,0,0,-170.70999999999995,0.3157894736842105,0,0.2631578947368421,0,0,0.05555555555555555,-2.08,0.0,0,0,0.05555555555555555,-2.24,0,0.0,0,-2.35,0.1111111111111111,0",-28.57,-7.01,0.86,nan,36.8
AGGUUUGAAAUGAUCCGUC,GGGGUGGCAAAAUAUGCCUGACGGAUCAUUUCAAACCUUUGUGGGCCAGGAAUGUGC,0.9149888143176734,1,"1.17,-2.08,-10.48,0,0,-180.04999999999998,0.3157894736842105,0,0.2631578947368421,0,0,0.05555555555555555,-3.26,0.0,0,0,0.05555555555555555,-2.35,0,0.0,0,-1.1,0.1111111111111111,0",-30.44,-7.28,1.17,nan,42.1
GUUUGAAAUGAUCCGUCAG,CAGGGGUGGCAAAAUAUGCCUGACGGAUCAUUUCAAACCUUUGUGGGCCAGGAAUGU,0.4899328859060403,0,"-0.16,-2.24,-11.4,0,1,-180.82,0.3157894736842105,0,0.2631578947368421,0,0,0.0,-0.93,0.0,1,0,0.05555555555555555,-2.08,0,0.0,0,-3.26,0.1111111111111111,0",-29.74,-3.19,-0.16,nan,42.1
UUGAAAUGAUCCGUCAGGC,UACAGGGGUGGCAAAAUAUGCCUGACGGAUCAUUUCAAACCUUUGUGGGCCAGGAAU,0.8747203579418344,1,"2.49,-0.93,-6.82,1,0,-187.14999999999998,0.2631578947368421,1,0.2631578947368421,0,0,0.05555555555555555,-2.11,0.0,1,0,0.05555555555555555,-3.42,0,0.05555555555555555,0,-2.24,0.05555555555555555,0",-32.8,-4.99,2.49,nan,47.4
CCGUCAGGCAUAUUUUGCC,AGCAAAGAUGUACAGGGGUGGCAAAAUAUGCCUGACGGAUCAUUUCAAACCUUUGUG,0.7449664429530202,1,"0.0,-3.26,-13.39,0,0,-189.50999999999993,0.3157894736842105,0,0.21052631578947367,0,0,0.05555555555555555,-2.36,0.05555555555555555,0,1,0.1111111111111111,-3.26,1,0.1111111111111111,0,-0.93,0.16666666666666666,0",-34.21,-10.31,0.0,nan,52.6
UGCCACCCCUGUACAUCUU,GCUGGAUGGAAAGACAGCAAAGAUGUACAGGGGUGGCAAAAUAUGCCUGACGGAUCA,0.4645786726323639,0,"-0.73,-2.11,-10.44,1,0,-190.64,0.3157894736842105,0,0.10526315789473684,0,0,0.0,-3.42,0.05555555555555555,0,0,0.2222222222222222,-0.93,0,0.05555555555555555,0,-2.24,0.05555555555555555,0",-36.5,-13.46,-0.73,nan,52.6
CACCCCUGUACAUCUUUGC,UGAGCUGGAUGGAAAGACAGCAAAGAUGUACAGGGGUGGCAAAAUAUGCCUGACGGA,0.8061148396718867,1,"0.86,-2.11,-10.44,0,0,-191.51,0.3157894736842105,0,0.10526315789473684,0,0,0.0,-2.24,0.05555555555555555,0,1,0.16666666666666666,-3.42,0,0.05555555555555555,0,-2.35,0.1111111111111111,0",-35.07,-11.67,0.86,nan,52.6
CCUGUACAUCUUUGCUGUC,UUCCUGAGCUGGAUGGAAAGACAGCAAAGAUGUACAGGGGUGGCAAAAUAUGCCUGA,0.3736017897091722,0,"-0.46,-3.26,-13.39,0,0,-187.64999999999998,0.42105263157894735,0,0.15789473684210525,0,0,0.0,-2.08,0.05555555555555555,0,1,0.05555555555555555,-2.35,1,0.05555555555555555,0,-2.11,0.1111111111111111,0",-32.98,-7.57,-0.46,nan,47.4
UGUACAUCUUUGCUGUCUU,AGUUCCUGAGCUGGAUGGAAAGACAGCAAAGAUGUACAGGGGUGGCAAAAUAUGCCU,0.8396718866517523,1,"-0.73,-2.11,-10.44,1,0,-173.64,0.5263157894736842,0,0.15789473684210525,0,0,0.0,-2.24,0.05555555555555555,0,0,0.0,-0.93,0,0.05555555555555555,0,-2.08,0.16666666666666666,0",-29.75,-7.28,-0.73,nan,36.8
AUCUUUGCUGUCUUUCCAU,AUUGCAGUUCCUGAGCUGGAUGGAAAGACAGCAAAGAUGUACAGGGGUGGCAAAAUA,0.5212527964205816,0,"0.0,-1.1,-9.38,0,0,-174.74,0.5263157894736842,0,0.10526315789473684,0,0,0.0,-2.35,0.0,1,0,0.05555555555555555,-1.1,0,0.05555555555555555,0,-0.93,0.2222222222222222,0",-29.47,-7.28,0.0,nan,36.8
CUUUGCUGUCUUUCCAUCC,AAAUUGCAGUUCCUGAGCUGGAUGGAAAGACAGCAAAGAUGUACAGGGGUGGCAAAA,0.7651006711409396,1,"0.73,-2.08,-10.48,0,0,-186.19,0.47368421052631576,0,0.10526315789473684,0,0,0.0,-0.93,0.0,1,1,0.1111111111111111,-3.26,0,0.05555555555555555,0,-2.35,0.2222222222222222,0",-32.53,-7.04,0.73,nan,47.4
UCUUUCCAUCCAGCUCAGG,UGCCCCAGAAAUUGCAGUUCCUGAGCUGGAUGGAAAGACAGCAAAGAUGUACAGGGG,0.8956002982848621,1,"1.36,-2.35,-12.44,1,0,-193.73999999999995,0.3157894736842105,0,0.15789473684210525,0,0,0.05555555555555555,-2.08,0.0,0,0,0.1111111111111111,-3.26,0,0.05555555555555555,0,-3.42,0.1111111111111111,0",-35.67,-7.12,1.36,nan,52.6
CAUCCAGCUCAGGAACUGC,UACUACUGCCCCAGAAAUUGCAGUUCCUGAGCUGGAUGGAAAGACAGCAAAGAUGUA,0.5973154362416108,1,"0.86,-2.11,-10.44,0,0,-201.52999999999997,0.15789473684210525,0,0.21052631578947367,0,0,0.05555555555555555,-1.1,0.0,0,1,0.05555555555555555,-3.42,0,0.1111111111111111,0,-2.35,0.0,0",-37.35,-9.78,0.86,nan,57.9
CCAGCUCAGGAACUGCAAU,UCCUACUACUGCCCCAGAAAUUGCAGUUCCUGAGCUGGAUGGAAAGACAGCAAAGAU,0.459358687546607,0,"-2.16,-3.26,-13.39,0,0,-192.18999999999997,0.15789473684210525,0,0.21052631578947367,0,0,0.05555555555555555,-2.11,0.0,0,1,0.05555555555555555,-1.1,1,0.1111111111111111,0,-2.08,0.0,0",-35.48,-9.61,-2.16,nan,52.6
GAACUGCAAUUUCUGGGGC,UAUCACAUAUCCUACUACUGCCCCAGAAAUUGCAGUUCCUGAGCUGGAUGGAAAGAC,0.4601043997017151,0,"0.62,-2.35,-12.44,0,1,-191.53999999999996,0.2631578947368421,0,0.3157894736842105,0,0,0.16666666666666666,-0.93,0.0,0,0,0.0,-3.42,0,0.1111111111111111,0,-2.08,0.1111111111111111,0",-34.78,-7.9,0.62,nan,52.6
AACUGCAAUUUCUGGGGCA,CUAUCACAUAUCCUACUACUGCCCCAGAAAUUGCAGUUCCUGAGCUGGAUGGAAAGA,0.3348247576435496,0,"0.73,-0.93,-6.82,0,0,-182.09999999999997,0.2631578947368421,0,0.2631578947368421,0,0,0.16666666666666666,-2.24,0.0,0,0,0.0,-2.11,0,0.1111111111111111,0,-2.11,0.1111111111111111,1",-33.64,-7.9,0.73,nan,47.4
UGCAAUUUCUGGGGCAGUA,UUCCUAUCACAUAUCCUACUACUGCCCCAGAAAUUGCAGUUCCUGAGCUGGAUGGAA,0.3892617449664429,0,"-0.33,-2.11,-10.44,1,0,-182.97,0.3157894736842105,0,0.3157894736842105,0,0,0.16666666666666666,-3.42,0.05555555555555555,0,0,0.0,-1.33,0,0.1111111111111111,0,-3.26,0.1111111111111111,1",-34.04,-4.88,-0.33,nan,47.4
UGGGGCAGUAGUAGGAUAU,AGUUUGACAUUCCUAUCACAUAUCCUACUACUGCCCCAGAAAUUGCAGUUCCUGAGC,0.5831469052945564,1,"-0.56,-2.11,-10.44,1,0,-186.78000000000003,0.2631578947368421,0,0.42105263157894735,0,0,0.2222222222222222,-3.26,0.16666666666666666,0,0,0.0,-1.1,0,0.05555555555555555,0,-2.08,0.0,0",-34.95,-13.3,-0.56,nan,47.4
CAGUAGUAGGAUAUGUGAU,CAUCGAGUUUGACAUUCCUAUCACAUAUCCUACUACUGCCCCAGAAAUUGCAGUUCC,0.5160328113348247,0,"-1.46,-2.11,-10.44,0,0,-179.10999999999999,0.3157894736842105,0,0.3157894736842105,0,0,0.05555555555555555,-2.08,0.16666666666666666,0,1,0.0,-1.1,0,0.0,0,-1.1,0.0,0",-30.0,-6.31,-1.46,nan,36.8
AUAUGUGAUAGGAAUGUCA,AUGAGUUUGACAUCGAGUUUGACAUUCCUAUCACAUAUCCUACUACUGCCCCAGAAA,0.8545861297539149,1,"0.56,-1.1,-9.38,0,0,-174.42,0.3157894736842105,0,0.2631578947368421,0,0,0.05555555555555555,-1.33,0.1111111111111111,1,0,0.0,-2.11,0,0.0,0,-0.93,0.0,1",-28.31,-6.25,0.56,nan,31.6
GAUAGGAAUGUCAAACUCG,UGAAAUAUGAGUUUGACAUCGAGUUUGACAUUCCUAUCACAUAUCCUACUACUGCCC,0.7136465324384788,1,"-0.44,-2.35,-12.44,0,1,-181.72999999999996,0.21052631578947367,0,0.2631578947368421,0,0,0.05555555555555555,-1.1,0.05555555555555555,0,0,0.0,-2.36,0,0.0,0,-0.93,0.0,0",-30.11,-6.06,-0.44,nan,42.1
UCAAACUCGAUGUCAAACU,CAUGACCUCCUGAAAUAUGAGUUUGACAUCGAGUUUGACAUUCCUAUCACAUAUCCU,0.9067859806114841,1,"-0.27,-2.35,-12.44,1,0,-172.48999999999998,0.2631578947368421,0,0.10526315789473684,0,0,0.0,-2.11,0.0,0,0,0.0,-2.08,0,0.0,0,-2.35,0.0,0",-28.8,-6.55,-0.27,nan,36.8
GAUGUCAAACUCAUAUUUC,GGUAUAUCCAUGACCUCCUGAAAUAUGAGUUUGACAUCGAGUUUGACAUUCCUAUCA,0.4988814317673378,0,"0.0,-2.35,-12.44,0,1,-173.85999999999999,0.3684210526315789,0,0.10526315789473684,0,0,0.0,-1.1,0.05555555555555555,0,0,0.0,-2.35,0,0.0,0,-1.1,0.1111111111111111,0",-26.55,-5.85,0.0,nan,31.6
AUGUCAAACUCAUAUUUCA,UGGUAUAUCCAUGACCUCCUGAAAUAUGAGUUUGACAUCGAGUUUGACAUUCCUAUC,0.5615212527964206,1,"0.56,-1.1,-9.38,0,0,-164.42,0.3684210526315789,0,0.05263157894736842,0,0,0.0,-2.11,0.05555555555555555,1,0,0.0,-2.11,0,0.0,0,-1.33,0.1111111111111111,1",-25.41,-5.68,0.56,nan,26.3
AACUCAUAUUUCAGGAGGU,AAAUGCUGGUAUAUCCAUGACCUCCUGAAAUAUGAGUUUGACAUCGAGUUUGACAUU,0.3243847874720358,0,"0.86,-0.93,-6.82,0,0,-175.07999999999996,0.3157894736842105,0,0.21052631578947367,0,0,0.1111111111111111,-2.24,0.05555555555555555,0,0,0.0,-2.24,0,0.0,0,-2.08,0.1111111111111111,0",-29.84,-6.22,0.86,nan,36.8
CAGGAGGUCAUGGAUAUAC,GGUGGUUUGGAAAAUGCUGGUAUAUCCAUGACCUCCUGAAAUAUGAGUUUGACAUCG,0.7158836689038031,1,"0.13,-2.11,-10.44,0,0,-192.48,0.21052631578947367,0,0.3157894736842105,0,0,0.16666666666666666,-2.08,0.1111111111111111,0,1,0.0,-2.24,0,0.0,0,-2.35,0.0,0",-33.67,-10.28,0.13,nan,47.4
GGAGGUCAUGGAUAUACCA,UCGGUGGUUUGGAAAAUGCUGGUAUAUCCAUGACCUCCUGAAAUAUGAGUUUGACAU,0.2341536167039522,0,"-1.6,-3.26,-13.39,0,1,-191.67000000000002,0.21052631578947367,0,0.3157894736842105,1,0,0.16666666666666666,-2.35,0.1111111111111111,0,0,0.05555555555555555,-2.11,0,0.0,0,-1.33,0.0,1",-34.4,-9.85,-1.6,nan,47.4
AUAUACCAGCAUUUUCCAA,AAGGAAGGAACUCGGUGGUUUGGAAAAUGCUGGUAUAUCCAUGACCUCCUGAAAUAU,0.4235645041014168,0,"-0.17,-1.1,-9.38,0,0,-167.04999999999995,0.3157894736842105,0,0.05263157894736842,0,0,0.0,-1.33,0.1111111111111111,1,0,0.1111111111111111,-0.93,0,0.05555555555555555,0,-0.93,0.16666666666666666,1",-27.63,-6.38,-0.17,nan,31.6
UUUCCAAACCACCGAGUUC,CUGGAGUCCAACAAGGAAGGAACUCGGUGGUUUGGAAAAUGCUGGUAUAUCCAUGAC,0.7285607755406414,1,"1.87,-0.93,-6.82,1,0,-180.46,0.2631578947368421,1,0.10526315789473684,0,0,0.0,-0.93,0.0,1,0,0.16666666666666666,-2.35,0,0.0,0,-2.36,0.16666666666666666,0",-32.32,-5.52,1.87,nan,47.4
CCAAACCACCGAGUUCCUU,CGACUGGAGUCCAACAAGGAAGGAACUCGGUGGUUUGGAAAAUGCUGGUAUAUCCAU,0.2401193139448173,0,"-2.33,-3.26,-13.39,0,0,-185.06999999999996,0.21052631578947367,0,0.10526315789473684,0,0,0.0,-2.11,0.0,0,1,0.2222222222222222,-0.93,1,0.0,0,-2.24,0.1111111111111111,0",-34.38,-7.04,-2.33,nan,52.6
AACCACCGAGUUCCUUCCU,UUCCGACUGGAGUCCAACAAGGAAGGAACUCGGUGGUUUGGAAAAUGCUGGUAUAUC,0.4608501118568233,0,"0.7,-0.93,-6.82,0,0,-187.01000000000002,0.2631578947368421,0,0.10526315789473684,0,0,0.0,-2.24,0.0,0,0,0.2222222222222222,-2.08,0,0.0,0,-3.26,0.1111111111111111,0",-35.32,-10.93,0.7,nan,52.6
GUUCCUUCCUUGUUGGACU,AACGAUUGGUUCCGACUGGAGUCCAACAAGGAAGGAACUCGGUGGUUUGGAAAAUGC,0.622669649515287,1,"-1.06,-2.24,-11.4,0,1,-183.95999999999998,0.47368421052631576,0,0.21052631578947367,0,0,0.05555555555555555,-0.93,0.0,1,0,0.1111111111111111,-2.08,0,0.0,0,-0.93,0.2222222222222222,0",-33.19,-7.36,-1.06,nan,47.4
CUUCCUUGUUGGACUCCAG,UGACAACGAUUGGUUCCGACUGGAGUCCAACAAGGAAGGAACUCGGUGGUUUGGAAA,0.494407158836689,0,"0.0,-2.08,-10.48,0,0,-190.37999999999997,0.3684210526315789,0,0.21052631578947367,0,0,0.05555555555555555,-0.93,0.0,1,1,0.1111111111111111,-2.08,0,0.0,0,-2.24,0.16666666666666666,0",-34.66,-7.12,0.0,nan,52.6
UGGACUCCAGUCGGAACCA,CAAGAAUGCUGACAACGAUUGGUUCCGACUGGAGUCCAACAAGGAAGGAACUCGGUG,0.5361670395227442,1,"0.0,-2.11,-10.44,1,0,-196.20999999999998,0.15789473684210525,0,0.2631578947368421,0,0,0.1111111111111111,-3.26,0.0,0,0,0.1111111111111111,-2.11,0,0.0,0,-3.26,0.0,1",-37.95,-11.45,0.0,nan,57.9
UCGGAACCAAUCGUUGUCA,UGGAGAACAACAAGAAUGCUGACAACGAUUGGUUCCGACUGGAGUCCAACAAGGAAG,0.5674869500372857,1,"-0.24,-2.35,-12.44,1,0,-182.12999999999997,0.2631578947368421,0,0.21052631578947367,0,0,0.05555555555555555,-2.36,0.0,0,0,0.05555555555555555,-2.11,0,0.0,0,-2.24,0.05555555555555555,1",-32.59,-10.31,-0.24,nan,47.4
GGAACCAAUCGUUGUCAGC,UGUGGAGAACAACAAGAAUGCUGACAACGAUUGGUUCCGACUGGAGUCCAACAAGGA,0.5816554809843401,1,"0.16,-3.26,-13.39,0,1,-191.85,0.21052631578947367,0,0.2631578947368421,1,0,0.05555555555555555,-2.35,0.0,0,0,0.05555555555555555,-3.42,0,0.05555555555555555,0,-2.11,0.05555555555555555,0",-34.28,-7.28,0.16,nan,52.6
CGUUGUCAGCAUUCUUGUU,UAUCCGGUAUGUGGAGAACAACAAGAAUGCUGACAACGAUUGGUUCCGACUGGAGUC,0.3228933631618195,0,"-1.43,-2.36,-10.64,0,0,-176.64999999999998,0.47368421052631576,0,0.21052631578947367,0,0,0.0,-2.24,0.0,0,1,0.0,-0.93,0,0.05555555555555555,1,-2.35,0.2222222222222222,0",-30.08,-7.44,-1.43,nan,42.1
UUGUCAGCAUUCUUGUUGU,CUUAUCCGGUAUGUGGAGAACAACAAGAAUGCUGACAACGAUUGGUUCCGACUGGAG,0.6442953020134228,1,"0.86,-0.93,-6.82,1,0,-172.73,0.5263157894736842,1,0.21052631578947367,0,0,0.0,-2.11,0.0,1,0,0.0,-2.24,0,0.05555555555555555,0,-0.93,0.2222222222222222,0",-29.38,-9.77,0.86,nan,36.8
CAUUCUUGUUGUUCUCCAC,UCAGUCCCUUAUCCGGUAUGUGGAGAACAACAAGAAUGCUGACAACGAUUGGUUCCG,0.5137956748695003,0,"0.13,-2.11,-10.44,0,0,-180.67999999999998,0.47368421052631576,0,0.10526315789473684,0,0,0.0,-1.1,0.0,0,1,0.05555555555555555,-2.24,0,0.0,0,-2.35,0.2222222222222222,0",-30.36,-4.96,0.13,nan,42.1
GUUGUUCUCCACAUACCGG,AGGAAUAUCAGUCCCUUAUCCGGUAUGUGGAGAACAACAAGAAUGCUGACAACGAUU,0.5391498881431768,1,"0.57,-2.24,-11.4,0,1,-190.19,0.3157894736842105,0,0.21052631578947367,0,0,0.05555555555555555,-0.93,0.05555555555555555,1,0,0.1111111111111111,-3.26,0,0.0,0,-1.1,0.1111111111111111,0",-34.41,-5.65,0.57,nan,52.6
UCUCCACAUACCGGAUAAG,GAAGGAGGAAUAUCAGUCCCUUAUCCGGUAUGUGGAGAACAACAAGAAUGCUGACAA,0.5846383296047726,1,"0.63,-2.35,-12.44,1,0,-186.39999999999998,0.21052631578947367,0,0.15789473684210525,0,0,0.05555555555555555,-2.08,0.1111111111111111,0,0,0.1111111111111111,-2.08,0,0.0,0,-3.26,0.0,0",-33.3,-9.61,0.63,nan,47.4
ACAUACCGGAUAAGGGACU,CGACUGAAGGAGGAAUAUCAGUCCCUUAUCCGGUAUGUGGAGAACAACAAGAAUGCU,0.5563012677106637,1,"-0.16,-2.24,-11.4,0,0,-184.58999999999997,0.15789473684210525,0,0.2631578947368421,0,0,0.16666666666666666,-2.11,0.1111111111111111,0,0,0.05555555555555555,-2.08,0,0.0,0,-2.08,0.0,0",-33.89,-8.31,-0.16,nan,47.4
CAUACCGGAUAAGGGACUG,GCGACUGAAGGAGGAAUAUCAGUCCCUUAUCCGGUAUGUGGAGAACAACAAGAAUGC,0.5876211782252051,1,"0.0,-2.11,-10.44,0,0,-191.07,0.15789473684210525,0,0.3157894736842105,0,0,0.16666666666666666,-1.1,0.1111111111111111,0,1,0.05555555555555555,-2.11,0,0.0,0,-3.26,0.0,0",-34.66,-9.01,0.0,nan,52.6
AUACCGGAUAAGGGACUGA,AGCGACUGAAGGAGGAAUAUCAGUCCCUUAUCCGGUAUGUGGAGAACAACAAGAAUG,0.6629381058911259,1,"0.8,-1.1,-9.38,0,0,-185.63,0.15789473684210525,0,0.3157894736842105,0,0,0.16666666666666666,-1.33,0.1111111111111111,1,0,0.05555555555555555,-2.35,0,0.0,0,-3.26,0.0,1",-34.0,-9.81,0.8,nan,47.4
UACCGGAUAAGGGACUGAU,CAGCGACUGAAGGAGGAAUAUCAGUCCCUUAUCCGGUAUGUGGAGAACAACAAGAAU,0.7390007457121551,1,"-0.23,-1.33,-7.69,1,0,-185.63,0.21052631578947367,0,0.3157894736842105,0,0,0.16666666666666666,-2.24,0.1111111111111111,0,0,0.05555555555555555,-1.1,0,0.0,0,-2.35,0.0,0",-34.0,-9.58,-0.23,nan,47.4
CUGAUAUUCCUCCUUCAGU,GUGAGUUGUGGGUGCAGCGACUGAAGGAGGAAUAUCAGUCCCUUAUCCGGUAUGUGG,0.5607755406413124,1,"-0.74,-2.08,-10.48,0,0,-183.5,0.42105263157894735,0,0.10526315789473684,0,0,0.0,-2.11,0.05555555555555555,1,1,0.1111111111111111,-2.24,0,0.0,0,-2.08,0.1111111111111111,0",-31.55,-3.93,-0.74,nan,42.1
AUAUUCCUCCUUCAGUCGC,AUCGUGAGUUGUGGGUGCAGCGACUGAAGGAGGAAUAUCAGUCCCUUAUCCGGUAUG,0.7949291573452648,1,"2.32,-1.1,-9.38,0,0,-188.09999999999997,0.3684210526315789,0,0.10526315789473684,0,0,0.0,-1.33,0.05555555555555555,1,0,0.1111111111111111,-3.42,0,0.05555555555555555,0,-2.11,0.1111111111111111,0",-33.14,-6.06,2.32,nan,47.4
UAUUCCUCCUUCAGUCGCU,GAUCGUGAGUUGUGGGUGCAGCGACUGAAGGAGGAAUAUCAGUCCCUUAUCCGGUAU,0.6942580164056674,1,"0.3,-1.33,-7.69,1,0,-185.48,0.42105263157894735,0,0.10526315789473684,0,0,0.0,-1.1,0.05555555555555555,0,0,0.1111111111111111,-2.08,0,0.05555555555555555,0,-2.08,0.1111111111111111,0",-33.67,-7.53,0.3,nan,47.4
AUUCCUCCUUCAGUCGCUG,AGAUCGUGAGUUGUGGGUGCAGCGACUGAAGGAGGAAUAUCAGUCCCUUAUCCGGUA,0.7494407158836688,1,"1.46,-1.1,-9.38,0,0,-191.94999999999996,0.3684210526315789,0,0.15789473684210525,0,0,0.0,-0.93,0.0,1,0,0.1111111111111111,-2.11,0,0.05555555555555555,0,-2.24,0.1111111111111111,0",-34.9,-9.69,1.46,nan,52.6
UCCUUCAGUCGCUGCACCC,CCCCGAGAUCGUGAGUUGUGGGUGCAGCGACUGAAGGAGGAAUAUCAGUCCCUUAUC,0.6405667412378822,1,"1.36,-2.35,-12.44,1,0,-202.94,0.2631578947368421,0,0.15789473684210525,0,0,0.0,-3.26,0.0,0,0,0.16666666666666666,-3.26,0,0.1111111111111111,0,-2.11,0.05555555555555555,0",-39.47,-8.72,1.36,nan,63.2
AGUCGCUGCACCCACAACU,GCCGGACCCCGAGAUCGUGAGUUGUGGGUGCAGCGACUGAAGGAGGAAUAUCAGUCC,0.5995525727069352,1,"0.0,-2.08,-10.48,0,0,-194.18999999999997,0.15789473684210525,0,0.15789473684210525,0,0,0.0,-2.24,0.0,0,0,0.1111111111111111,-2.08,0,0.1111111111111111,0,-2.11,0.0,0",-37.65,-10.47,0.0,nan,57.9
UCACGAUCUCGGGGUCCGG,XXXXXXXXXXXGACUAACGCCGGACCCCGAGAUCGUGAGUUGUGGGUGCAGCGACUG,0.4220730797912005,0,"1.36,-2.35,-12.44,1,0,-206.83999999999997,0.21052631578947367,0,0.3684210526315789,0,0,0.2222222222222222,-2.11,0.0,0,0,0.05555555555555555,-3.26,0,0.0,0,-3.26,0.0,0",-40.36,-8.42,1.36,nan,68.4
UUUCUUUUCUAUGCCUACU,AAAGGAAGGCCAGUCAGCUAGUAGGCAUAGAAAAGAAAUUUXXXXXXXXXXXXXXXX,0.7576435495898584,1,"0.7,-0.93,-6.82,1,0,-164.71999999999997,0.5789473684210527,1,0.05263157894736842,0,0,0.0,-0.93,0.1111111111111111,1,0,0.05555555555555555,-2.08,0,0.05555555555555555,0,-3.42,0.2777777777777778,0",-27.47,-3.16,0.7,nan,31.6
CUUUUCUAUGCCUACUAGC,AGAAAAGGAAGGCCAGUCAGCUAGUAGGCAUAGAAAAGAAAUUUXXXXXXXXXXXXX,0.790454884414616,1,"0.89,-2.08,-10.48,0,0,-179.12999999999997,0.42105263157894735,0,0.10526315789473684,0,0,0.0,-0.93,0.16666666666666666,1,1,0.05555555555555555,-3.42,0,0.1111111111111111,0,-1.33,0.16666666666666666,0",-30.99,-3.56,0.89,nan,42.1
UACUAGCUGACUGGCCUUC,ACAACUCAACACAGAAAAGGAAGGCCAGUCAGCUAGUAGGCAUAGAAAAGAAAUUUX,0.6853094705443699,1,"1.47,-1.33,-7.69,1,0,-192.36999999999998,0.3157894736842105,0,0.21052631578947367,0,0,0.05555555555555555,-2.24,0.1111111111111111,0,0,0.05555555555555555,-2.35,0,0.1111111111111111,0,-3.26,0.05555555555555555,0",-36.21,-8.24,1.47,nan,52.6
CCUUCCUUUUCUGUGUUGA,UGACUCCAGAGUACACAACUCAACACAGAAAAGGAAGGCCAGUCAGCUAGUAGGCAU,0.48844146159582397,0,"-1.36,-3.26,-13.39,0,0,-176.43,0.5263157894736842,0,0.15789473684210525,0,0,0.0,-2.08,0.0,0,1,0.1111111111111111,-2.35,1,0.0,0,-2.24,0.2777777777777778,1",-30.73,-7.09,-1.36,nan,42.1
UGUUGAGUUGUGUACUCUG,UACCAGAGGCUGGUGACUCCAGAGUACACAACUCAACACAGAAAAGGAAGGCCAGUC,0.6189410887397464,1,"0.9,-2.11,-10.44,1,0,-179.51999999999998,0.47368421052631576,0,0.3157894736842105,0,0,0.0,-2.24,0.05555555555555555,0,0,0.0,-2.11,0,0.0,0,-1.33,0.1111111111111111,0",-31.34,-7.41,0.9,nan,42.1
UUGUGUACUCUGGAGUCAC,GAUAAUCUACCAGAGGCUGGUGACUCCAGAGUACACAACUCAACACAGAAAAGGAAG,0.8053691275167786,1,"1.76,-0.93,-6.82,1,0,-188.09,0.3684210526315789,1,0.2631578947368421,0,0,0.05555555555555555,-2.11,0.05555555555555555,1,0,0.0,-2.24,0,0.0,0,-2.35,0.05555555555555555,0",-33.91,-7.73,1.76,nan,47.4
GUGUACUCUGGAGUCACCA,UUGAUAAUCUACCAGAGGCUGGUGACUCCAGAGUACACAACUCAACACAGAAAAGGA,0.5988068605518271,1,"-1.03,-2.24,-11.4,0,1,-194.66000000000003,0.2631578947368421,0,0.2631578947368421,0,0,0.05555555555555555,-2.11,0.05555555555555555,1,0,0.05555555555555555,-2.11,0,0.0,0,-2.24,0.0,1",-36.24,-7.81,-1.03,nan,52.6
GUCACCAGCCUCUGGUAGA,AGGAAGAGAUGCUUGAUAAUCUACCAGAGGCUGGUGACUCCAGAGUACACAACUCAA,0.4735272184936615,0,"-0.79,-2.24,-11.4,0,1,-200.16999999999996,0.21052631578947367,0,0.2631578947368421,0,0,0.05555555555555555,-2.35,0.05555555555555555,1,0,0.1111111111111111,-2.35,0,0.05555555555555555,0,-2.11,0.0,1",-38.41,-9.61,-0.79,nan,57.9
UCACCAGCCUCUGGUAGAU,GAGGAAGAGAUGCUUGAUAAUCUACCAGAGGCUGGUGACUCCAGAGUACACAACUCA,0.7233407904548844,1,"-0.8,-2.35,-12.44,1,0,-194.43,0.2631578947368421,0,0.21052631578947367,0,0,0.05555555555555555,-2.11,0.05555555555555555,0,0,0.1111111111111111,-1.1,0,0.05555555555555555,0,-3.26,0.0,0",-36.82,-11.13,-0.8,nan,52.6
CUCUGGUAGAUUAUCAAGC,AGGCUGAUGAGGAAGAGAUGCUUGAUAAUCUACCAGAGGCUGGUGACUCCAGAGUAC,0.7531692766592095,1,"0.89,-2.08,-10.48,0,0,-183.95999999999998,0.3157894736842105,0,0.21052631578947367,0,0,0.05555555555555555,-2.35,0.1111111111111111,1,1,0.0,-3.42,0,0.05555555555555555,0,-1.1,0.05555555555555555,0",-31.14,-8.38,0.89,nan,42.1
AGAUUAUCAAGCAUCUCUU,AAACAAAAGGCUGAUGAGGAAGAGAUGCUUGAUAAUCUACCAGAGGCUGGUGACUCC,0.7412378821774795,1,"-0.7,-2.08,-10.48,0,0,-172.67999999999998,0.3684210526315789,0,0.10526315789473684,0,0,0.0,-2.35,0.05555555555555555,0,0,0.0,-0.93,0,0.05555555555555555,0,-1.1,0.1111111111111111,0",-27.79,-5.07,-0.7,nan,31.6
GAUUAUCAAGCAUCUCUUC,GAAACAAAAGGCUGAUGAGGAAGAGAUGCUUGAUAAUCUACCAGAGGCUGGUGACUC,0.6405667412378822,1,"0.0,-2.35,-12.44,0,1,-182.07999999999998,0.3684210526315789,0,0.10526315789473684,0,0,0.0,-1.1,0.05555555555555555,0,0,0.0,-2.35,0,0.05555555555555555,0,-2.35,0.1111111111111111,0",-28.96,-3.93,0.0,nan,36.8
UUAUCAAGCAUCUCUUCCU,CAGAAACAAAAGGCUGAUGAGGAAGAGAUGCUUGAUAAUCUACCAGAGGCUGGUGAC,0.8426547352721848,1,"0.7,-0.93,-6.82,1,0,-176.68999999999997,0.42105263157894735,1,0.05263157894736842,0,0,0.0,-1.33,0.05555555555555555,1,0,0.05555555555555555,-2.08,0,0.05555555555555555,0,-2.35,0.1111111111111111,0",-29.95,-5.36,0.7,nan,36.8
AUCAAGCAUCUCUUCCUCA,GACAGAAACAAAAGGCUGAUGAGGAAGAGAUGCUUGAUAAUCUACCAGAGGCUGGUG,0.6830723340790456,1,"0.56,-1.1,-9.38,0,0,-185.05999999999997,0.3157894736842105,0,0.05263157894736842,0,0,0.0,-2.35,0.0,1,0,0.05555555555555555,-2.11,0,0.05555555555555555,0,-0.93,0.05555555555555555,1",-32.15,-8.01,0.56,nan,42.1
CAAGCAUCUCUUCCUCAUC,AAGACAGAAACAAAAGGCUGAUGAGGAAGAGAUGCUUGAUAAUCUACCAGAGGCUGG,0.7091722595078299,1,"0.24,-2.11,-10.44,0,0,-192.49999999999997,0.3157894736842105,0,0.05263157894736842,0,0,0.0,-0.93,0.0,0,1,0.05555555555555555,-2.35,0,0.05555555555555555,0,-3.26,0.05555555555555555,0",-33.05,-7.45,0.24,nan,47.4
GCAUCUCUUCCUCAUCAGC,UGCAAGACAGAAACAAAAGGCUGAUGAGGAAGAGAUGCUUGAUAAUCUACCAGAGGC,0.5503355704697986,1,"0.0,-3.42,-14.88,0,1,-200.55999999999997,0.3157894736842105,0,0.10526315789473684,0,1,0.0,-2.11,0.0,0,0,0.05555555555555555,-3.42,0,0.1111111111111111,0,-2.11,0.05555555555555555,0",-35.54,-7.53,0.0,nan,52.6
UUUCUGUCUUGCAUGCUUC,AUGCCAGACAGUGGACAGAGAAGCAUGCAAGACAGAAACAAAAGGCUGAUGAGGAAG,0.7240865026099925,1,"1.87,-0.93,-6.82,1,0,-181.00999999999996,0.5263157894736842,1,0.15789473684210525,0,0,0.0,-0.93,0.0,1,0,0.0,-2.35,0,0.1111111111111111,0,-1.1,0.2222222222222222,0",-31.09,-7.52,1.87,nan,42.1
CUGUCCACUGUCUGGCAUU,UAAGCCAGCCUUCCUCAAGAAUGCCAGACAGUGGACAGAGAAGCAUGCAAGACAGAA,0.5779269202087994,1,"-1.6,-2.08,-10.48,0,0,-193.25,0.3684210526315789,0,0.21052631578947367,0,0,0.05555555555555555,-2.11,0.0,1,1,0.05555555555555555,-0.93,0,0.05555555555555555,0,-2.11,0.05555555555555555,0",-35.64,-9.77,-1.6,nan,52.6
GUCCACUGUCUGGCAUUCU,AAUAAGCCAGCCUUCCUCAAGAAUGCCAGACAGUGGACAGAGAAGCAUGCAAGACAG,0.7084265473527218,1,"-1.06,-2.24,-11.4,0,1,-195.24999999999997,0.3684210526315789,0,0.21052631578947367,0,0,0.05555555555555555,-2.35,0.0,1,0,0.05555555555555555,-2.08,0,0.05555555555555555,0,-3.42,0.05555555555555555,0",-35.88,-9.61,-1.06,nan,52.6
UCUGGCAUUCUUGAGGAAG,UUAAAUAUAAUAAGCCAGCCUUCCUCAAGAAUGCCAGACAGUGGACAGAGAAGCAUG,0.5667412378821775,1,"0.63,-2.35,-12.44,1,0,-187.17,0.3157894736842105,0,0.3157894736842105,0,0,0.1111111111111111,-2.08,0.0,0,0,0.0,-2.08,0,0.05555555555555555,0,-2.35,0.1111111111111111,0",-33.34,-9.54,0.63,nan,47.4
AUUAUAUUUAAAUUCUGAG,CGCUCAUGGCUGACAUAUCCUCAGAAUUUAAAUAUAAUAAGCCAGCCUUCCUCAAGA,0.6405667412378822,1,"1.43,-1.1,-9.38,0,0,-150.45999999999998,0.47368421052631576,0,0.10526315789473684,0,0,0.0,-0.93,0.16666666666666666,1,0,0.0,-2.08,0,0.0,0,-0.93,0.2222222222222222,0",-20.4,-1.73,1.43,nan,15.8
UUAAAUUCUGAGGAUAUGU,GAUGACCCGCUCAUGGCUGACAUAUCCUCAGAAUUUAAAUAUAAUAAGCCAGCCUUC,0.8501118568232662,1,"0.86,-0.93,-6.82,1,0,-163.7,0.42105263157894735,1,0.21052631578947367,0,0,0.05555555555555555,-1.33,0.1111111111111111,1,0,0.0,-2.24,0,0.0,0,-2.35,0.1111111111111111,0",-25.62,-3.03,0.86,nan,26.3
AGCCAUGAGCGGGUCAUCA,UCAUGUCAGAACCCAACCCUGAUGACCCGCUCAUGGCUGACAUAUCCUCAGAAUUUA,0.5637583892617449,1,"0.03,-2.08,-10.48,0,0,-199.72,0.15789473684210525,0,0.3157894736842105,0,0,0.1111111111111111,-3.42,0.0,0,0,0.05555555555555555,-2.11,0,0.1111111111111111,0,-2.24,0.0,1",-38.08,-9.81,0.03,nan,57.9
CCAUGAGCGGGUCAUCAGG,GCUCAUGUCAGAACCCAACCCUGAUGACCCGCUCAUGGCUGACAUAUCCUCAGAAUU,0.622669649515287,1,"0.0,-3.26,-13.39,0,0,-205.66999999999996,0.15789473684210525,0,0.3684210526315789,0,0,0.16666666666666666,-2.11,0.0,0,1,0.05555555555555555,-3.26,1,0.05555555555555555,0,-2.11,0.0,0",-38.82,-9.08,0.0,nan,63.2
CAUGAGCGGGUCAUCAGGG,UGCUCAUGUCAGAACCCAACCCUGAUGACCCGCUCAUGGCUGACAUAUCCUCAGAAU,0.6800894854586129,1,"0.7,-2.11,-10.44,0,0,-205.66999999999996,0.15789473684210525,0,0.42105263157894735,0,0,0.2222222222222222,-1.1,0.0,0,1,0.0,-3.26,0,0.05555555555555555,0,-1.1,0.0,0",-38.82,-8.88,0.7,nan,63.2
AUGAGCGGGUCAUCAGGGU,CUGCUCAUGUCAGAACCCAACCCUGAUGACCCGCUCAUGGCUGACAUAUCCUCAGAA,0.7509321401938851,1,"0.69,-1.1,-9.38,0,0,-199.18999999999997,0.21052631578947367,0,0.42105263157894735,0,0,0.2222222222222222,-2.11,0.0,1,0,0.0,-2.24,0,0.05555555555555555,0,-2.35,0.0,0",-38.05,-11.04,0.69,nan,57.9
GGGUCAUCAGGGUUGGGUU,AUUCAGCUGCUCAUGUCAGAACCCAACCCUGAUGACCCGCUCAUGGCUGACAUAUCC,0.3929903057419836,0,"-2.33,-3.26,-13.39,0,1,-196.91,0.3157894736842105,0,0.47368421052631576,1,0,0.3333333333333333,-3.26,0.0,0,0,0.0,-0.93,0,0.0,0,-0.93,0.1111111111111111,0",-37.81,-9.32,-2.33,nan,57.9
UGGGUUCUGACAUGAGCAG,UGUGUUGACCUCUAUUCAGCUGCUCAUGUCAGAACCCAACCCUGAUGACCCGCUCAU,0.7792692020879941,1,"0.87,-2.11,-10.44,1,0,-194.28999999999996,0.2631578947368421,0,0.3684210526315789,0,0,0.1111111111111111,-3.26,0.0,0,0,0.0,-2.08,0,0.05555555555555555,0,-2.11,0.05555555555555555,0",-35.75,-9.58,0.87,nan,52.6
GGUUCUGACAUGAGCAGCU,ACUGUGUUGACCUCUAUUCAGCUGCUCAUGUCAGAACCCAACCCUGAUGACCCGCUC,0.5920954511558538,1,"-1.63,-3.26,-13.39,0,1,-195.81999999999996,0.2631578947368421,0,0.3157894736842105,1,0,0.05555555555555555,-2.24,0.0,0,0,0.0,-2.08,0,0.1111111111111111,0,-2.08,0.05555555555555555,0",-35.88,-7.52,-1.63,nan,52.6
GCAGCUGAAUAGAGGUCAA,CCUCAACAUCGCAACUGUGUUGACCUCUAUUCAGCUGCUCAUGUCAGAACCCAACCC,0.3668903803131991,0,"-2.49,-3.42,-14.88,0,1,-188.48999999999998,0.15789473684210525,0,0.3157894736842105,0,1,0.05555555555555555,-2.11,0.05555555555555555,0,0,0.0,-0.93,0,0.1111111111111111,0,-2.08,0.0,1",-33.79,-9.61,-2.49,nan,47.4
UAGAGGUCAACACAGUUGC,GAGACCAUCCCUCAACAUCGCAACUGUGUUGACCUCUAUUCAGCUGCUCAUGUCAGA,0.8538404175988069,1,"2.09,-1.33,-7.69,1,0,-185.95,0.21052631578947367,0,0.2631578947368421,0,0,0.05555555555555555,-2.08,0.05555555555555555,0,0,0.0,-3.42,0,0.05555555555555555,0,-2.11,0.05555555555555555,0",-33.67,-9.82,2.09,nan,47.4
GGUCAACACAGUUGCGAUG,CUUGGAGACCAUCCCUCAACAUCGCAACUGUGUUGACCUCUAUUCAGCUGCUCAUGU,0.6323639075316928,1,"-0.7,-3.26,-13.39,0,1,-191.48000000000002,0.21052631578947367,0,0.3157894736842105,1,0,0.05555555555555555,-2.24,0.0,0,0,0.0,-2.11,0,0.05555555555555555,0,-2.11,0.05555555555555555,0",-34.2,-7.44,-0.7,nan,52.6
AACACAGUUGCGAUGUUGA,GGUGCUUGGAGACCAUCCCUCAACAUCGCAACUGUGUUGACCUCUAUUCAGCUGCUC,0.7651006711409396,1,"0.97,-0.93,-6.82,0,0,-177.46999999999997,0.2631578947368421,0,0.2631578947368421,0,0,0.0,-2.24,0.0,0,0,0.0,-2.35,0,0.05555555555555555,0,-1.1,0.1111111111111111,1",-30.97,-8.03,0.97,nan,42.1
ACAGUUGCGAUGUUGAGGG,AAAGGUGCUUGGAGACCAUCCCUCAACAUCGCAACUGUGUUGACCUCUAUUCAGCUG,0.7919463087248323,1,"1.47,-2.24,-11.4,0,0,-189.78999999999996,0.2631578947368421,0,0.42105263157894735,0,0,0.1111111111111111,-2.11,0.0,0,0,0.0,-3.26,0,0.05555555555555555,0,-0.93,0.1111111111111111,0",-34.74,-8.8,1.47,nan,52.6
GGGAUGGUCUCCAAGCACC,UCUCAAAUUGCCACCAAAAGGUGCUUGGAGACCAUCCCUCAACAUCGCAACUGUGUU,0.5995525727069352,1,"0.0,-3.26,-13.39,0,1,-206.82,0.15789473684210525,0,0.3157894736842105,1,0,0.16666666666666666,-3.26,0.0,0,0,0.1111111111111111,-3.26,0,0.05555555555555555,0,-0.93,0.0,0",-39.68,-9.78,0.0,nan,63.2
GGAUGGUCUCCAAGCACCU,UUCUCAAAUUGCCACCAAAAGGUGCUUGGAGACCAUCCCUCAACAUCGCAACUGUGU,0.4891871737509322,0,"-1.63,-3.26,-13.39,0,1,-200.18999999999997,0.21052631578947367,0,0.2631578947368421,1,0,0.1111111111111111,-2.35,0.0,0,0,0.1111111111111111,-2.08,0,0.05555555555555555,0,-2.08,0.0,0",-38.05,-9.32,-1.63,nan,57.9
GAUGGUCUCCAAGCACCUU,GUUCUCAAAUUGCCACCAAAAGGUGCUUGGAGACCAUCCCUCAACAUCGCAACUGUG,0.4511558538404175,0,"-1.87,-2.35,-12.44,0,1,-193.61999999999998,0.2631578947368421,0,0.21052631578947367,0,0,0.05555555555555555,-1.1,0.0,0,0,0.1111111111111111,-0.93,0,0.05555555555555555,0,-3.42,0.05555555555555555,0",-35.72,-8.15,-1.87,nan,52.6
GUCUCCAAGCACCUUUUGG,GGAUGUUCUCAAAUUGCCACCAAAAGGUGCUUGGAGACCAUCCCUCAACAUCGCAAC,0.6331096196868009,1,"0.57,-2.24,-11.4,0,1,-189.15999999999997,0.3157894736842105,0,0.21052631578947367,0,0,0.05555555555555555,-2.35,0.0,1,0,0.1111111111111111,-3.26,0,0.05555555555555555,0,-2.08,0.16666666666666666,0",-34.58,-8.09,0.57,nan,52.6
AGCACCUUUUGGUGGCAAU,UUUGUCUGGAUGUUCUCAAAUUGCCACCAAAAGGUGCUUGGAGACCAUCCCUCAACA,0.3266219239373601,0,"-0.53,-2.08,-10.48,0,0,-181.05999999999997,0.3157894736842105,0,0.2631578947368421,0,0,0.1111111111111111,-3.42,0.0,0,0,0.05555555555555555,-1.1,0,0.1111111111111111,0,-2.11,0.16666666666666666,0",-33.53,-9.5,-0.53,nan,47.4
CUUUUGGUGGCAAUUUGAG,AAGGAUUUGUCUGGAUGUUCUCAAAUUGCCACCAAAAGGUGCUUGGAGACCAUCCCU,0.5108128262490679,0,"0.0,-2.08,-10.48,0,0,-174.90999999999997,0.42105263157894735,0,0.3157894736842105,0,0,0.1111111111111111,-0.93,0.0,1,1,0.0,-2.08,0,0.05555555555555555,0,-1.1,0.2777777777777778,0",-29.72,-5.41,0.0,nan,42.1
UGGUGGCAAUUUGAGAACA,CUGGAAGGAUUUGUCUGGAUGUUCUCAAAUUGCCACCAAAAGGUGCUUGGAGACCAU,0.3974645786726324,0,"0.0,-2.11,-10.44,1,0,-177.62999999999997,0.2631578947368421,0,0.3157894736842105,0,0,0.1111111111111111,-3.26,0.0,0,0,0.0,-2.11,0,0.05555555555555555,0,-2.35,0.1111111111111111,1",-31.58,-11.86,0.0,nan,42.1
GGCAAUUUGAGAACAUCCA,UCUGCUGGAAGGAUUUGUCUGGAUGUUCUCAAAUUGCCACCAAAAGGUGCUUGGAGA,0.5361670395227442,1,"-1.6,-3.26,-13.39,0,1,-181.32999999999998,0.21052631578947367,0,0.21052631578947367,1,0,0.05555555555555555,-3.42,0.0,0,0,0.05555555555555555,-2.11,0,0.05555555555555555,0,-2.24,0.1111111111111111,1",-31.13,-4.88,-1.6,nan,42.1
CAAUUUGAGAACAUCCAGA,AUUCUGCUGGAAGGAUUUGUCUGGAUGUUCUCAAAUUGCCACCAAAAGGUGCUUGGA,0.6025354213273677,1,"-0.66,-2.11,-10.44,0,0,-175.98,0.21052631578947367,0,0.15789473684210525,0,0,0.0,-0.93,0.0,0,1,0.05555555555555555,-2.35,0,0.0,0,-1.1,0.1111111111111111,1",-28.88,-3.36,-0.66,nan,36.8
GAGAACAUCCAGACAAAUC,ACAUUGAUUCUGCUGGAAGGAUUUGUCUGGAUGUUCUCAAAUUGCCACCAAAAGGUG,0.5592841163310962,1,"0.0,-2.35,-12.44,0,1,-186.27999999999997,0.10526315789473684,0,0.15789473684210525,0,0,0.0,-2.08,0.0,0,0,0.05555555555555555,-2.35,0,0.0,0,-2.24,0.0,0",-30.88,-5.82,0.0,nan,42.1
AACAUCCAGACAAAUCCUU,CAAACAUUGAUUCUGCUGGAAGGAUUUGUCUGGAUGUUCUCAAAUUGCCACCAAAAG,0.5958240119313946,1,"0.0,-0.93,-6.82,0,0,-174.17,0.21052631578947367,0,0.05263157894736842,0,0,0.0,-2.24,0.0,0,0,0.1111111111111111,-0.93,0,0.0,0,-0.93,0.05555555555555555,0",-29.47,-8.18,0.0,nan,36.8
CAUCCAGACAAAUCCUUCC,UCCAAACAUUGAUUCUGCUGGAAGGAUUUGUCUGGAUGUUCUCAAAUUGCCACCAAA,0.7166293810589113,1,"0.7,-2.11,-10.44,0,0,-189.21999999999997,0.21052631578947367,0,0.05263157894736842,0,0,0.0,-1.1,0.0,0,1,0.16666666666666666,-3.26,0,0.0,0,-2.35,0.05555555555555555,0",-32.81,-8.26,0.7,nan,47.4
GACAAAUCCUUCCAGCAGA,UUAUCAUCCAAACAUUGAUUCUGCUGGAAGGAUUUGUCUGGAUGUUCUCAAAUUGCC,0.6547352721849367,1,"-0.9,-2.35,-12.44,0,1,-188.08999999999997,0.15789473684210525,0,0.15789473684210525,0,0,0.0,-2.24,0.0,0,0,0.1111111111111111,-2.35,0,0.05555555555555555,0,-2.11,0.05555555555555555,1",-33.5,-5.12,-0.9,nan,47.4
AAUCCUUCCAGCAGAAUCA,CAAUUUAUCAUCCAAACAUUGAUUCUGCUGGAAGGAUUUGUCUGGAUGUUCUCAAAU,0.7114093959731543,1,"0.73,-0.93,-6.82,0,0,-182.34999999999997,0.21052631578947367,0,0.10526315789473684,0,0,0.0,-1.1,0.0,0,0,0.1111111111111111,-2.11,0,0.05555555555555555,0,-2.08,0.05555555555555555,1",-31.91,-7.53,0.73,nan,42.1
AAUCAAUGUUUGGAUGAUA,CCGAUUUCUCACUCCAAUUUAUCAUCCAAACAUUGAUUCUGCUGGAAGGAUUUGUCU,0.5026099925428785,0,"0.4,-0.93,-6.82,0,0,-165.31,0.3684210526315789,0,0.21052631578947367,0,0,0.05555555555555555,-1.1,0.05555555555555555,0,0,0.0,-1.33,0,0.0,0,-2.35,0.1111111111111111,1",-25.45,-5.16,0.4,nan,26.3
UGUUUGGAUGAUAAAUUGG,UCAGAUCCGAUUUCUCACUCCAAUUUAUCAUCCAAACAUUGAUUCUGCUGGAAGGAU,0.7554064131245338,1,"1.6,-2.11,-10.44,1,0,-167.41999999999996,0.42105263157894735,0,0.3157894736842105,0,0,0.1111111111111111,-2.24,0.05555555555555555,0,0,0.0,-3.26,0,0.0,0,-0.93,0.16666666666666666,0",-26.64,-7.28,1.6,nan,31.6
UUUGGAUGAUAAAUUGGAG,CCUCAGAUCCGAUUUCUCACUCCAAUUUAUCAUCCAAACAUUGAUUCUGCUGGAAGG,0.7986577181208053,1,"1.6,-0.93,-6.82,1,0,-168.49999999999997,0.3684210526315789,1,0.3157894736842105,0,0,0.1111111111111111,-0.93,0.05555555555555555,1,0,0.0,-2.08,0,0.0,0,-1.1,0.16666666666666666,0",-26.72,-7.32,1.6,nan,31.6
GGAUGAUAAAUUGGAGUGA,CCUCCUCAGAUCCGAUUUCUCACUCCAAUUUAUCAUCCAAACAUUGAUUCUGCUGGA,0.4235645041014168,0,"-1.36,-3.26,-13.39,0,1,-178.7,0.2631578947368421,0,0.3684210526315789,1,0,0.1111111111111111,-2.35,0.05555555555555555,0,0,0.0,-2.35,0,0.0,0,-3.26,0.05555555555555555,1",-29.45,-5.8,-1.36,nan,36.8
AAAUUGGAGUGAGAAAUCG,AUUUGAACCUCCUCAGAUCCGAUUUCUCACUCCAAUUUAUCAUCCAAACAUUGAUUC,0.796420581655481,1,"1.43,-0.93,-6.82,0,0,-172.56,0.21052631578947367,0,0.3157894736842105,0,0,0.05555555555555555,-0.93,0.0,0,0,0.0,-2.36,0,0.0,0,-2.35,0.05555555555555555,0",-27.95,-5.69,1.43,nan,36.8
AUUGGAGUGAGAAAUCGGA,CCAUUUGAACCUCCUCAGAUCCGAUUUCUCACUCCAAUUUAUCAUCCAAACAUUGAU,0.8150633855331841,1,"0.8,-1.1,-9.38,0,0,-181.02999999999997,0.21052631578947367,0,0.3684210526315789,0,0,0.1111111111111111,-0.93,0.0,1,0,0.0,-2.35,0,0.0,0,-0.93,0.05555555555555555,1",-31.25,-7.98,0.8,nan,42.1
AAAUCGGAUCUGAGGAGGU,CUGAGAGGUACCCAUUUGAACCUCCUCAGAUCCGAUUUCUCACUCCAAUUUAUCAUC,0.7486950037285608,1,"0.86,-0.93,-6.82,0,0,-187.64000000000001,0.21052631578947367,0,0.3684210526315789,0,0,0.16666666666666666,-0.93,0.0,0,0,0.0,-2.24,0,0.0,0,-2.08,0.0,0",-33.55,-7.36,0.86,nan,47.4
UCGGAUCUGAGGAGGUUCA,UUCCUGAGAGGUACCCAUUUGAACCUCCUCAGAUCCGAUUUCUCACUCCAAUUUAUC,0.7837434750186427,1,"-0.24,-2.35,-12.44,1,0,-194.31999999999996,0.2631578947368421,0,0.3684210526315789,0,0,0.16666666666666666,-2.36,0.0,0,0,0.0,-2.11,0,0.0,0,-2.08,0.05555555555555555,1",-35.98,-8.96,-0.24,nan,52.6
CGGAUCUGAGGAGGUUCAA,AUUCCUGAGAGGUACCCAUUUGAACCUCCUCAGAUCCGAUUUCUCACUCCAAUUUAU,0.4213273676360924,0,"-1.43,-2.36,-10.64,0,0,-192.42,0.21052631578947367,0,0.3684210526315789,0,0,0.16666666666666666,-3.26,0.0,0,1,0.0,-0.93,0,0.0,1,-3.26,0.05555555555555555,1",-35.01,-9.16,-1.43,nan,52.6
GAGGUUCAAAUGGGUACCU,AGAAGUUAUCAUUCCUGAGAGGUACCCAUUUGAACCUCCUCAGAUCCGAUUUCUCAC,0.4705443698732289,0,"-1.17,-2.35,-12.44,0,1,-184.67999999999998,0.2631578947368421,0,0.3157894736842105,0,0,0.16666666666666666,-2.08,0.05555555555555555,0,0,0.05555555555555555,-2.08,0,0.0,0,-3.26,0.05555555555555555,0",-33.52,-7.98,-1.17,nan,47.4
UUCAAAUGGGUACCUCUCA,AGCUAGAAGUUAUCAUUCCUGAGAGGUACCCAUUUGAACCUCCUCAGAUCCGAUUUC,0.6517524235645041,1,"0.73,-0.93,-6.82,1,0,-179.04999999999998,0.3157894736842105,1,0.15789473684210525,0,0,0.1111111111111111,-2.35,0.05555555555555555,1,0,0.05555555555555555,-2.11,0,0.0,0,-3.26,0.05555555555555555,1",-32.03,-4.99,0.73,nan,42.1
CAAAUGGGUACCUCUCAGG,UAAGCUAGAAGUUAUCAUUCCUGAGAGGUACCCAUUUGAACCUCCUCAGAUCCGAUU,0.5853840417598807,1,"0.7,-2.11,-10.44,0,0,-191.09999999999997,0.21052631578947367,0,0.2631578947368421,0,0,0.16666666666666666,-0.93,0.05555555555555555,0,1,0.05555555555555555,-3.26,0,0.0,0,-2.35,0.0,0",-34.99,-7.05,0.7,nan,52.6
AUGGGUACCUCUCAGGAAU,UUUUAAGCUAGAAGUUAUCAUUCCUGAGAGGUACCCAUUUGAACCUCCUCAGAUCCG,0.8508575689783744,1,"0.0,-1.1,-9.38,0,0,-188.21999999999997,0.2631578947368421,0,0.2631578947368421,0,0,0.16666666666666666,-2.11,0.05555555555555555,1,0,0.05555555555555555,-1.1,0,0.0,0,-2.11,0.0,0",-34.5,-9.9,0.0,nan,47.4
ACCUCUCAGGAAUGAUAAC,AGGUGUUUUUAAGCUAGAAGUUAUCAUUCCUGAGAGGUACCCAUUUGAACCUCCUCA,0.5622669649515287,1,"0.9,-2.24,-11.4,0,0,-184.42,0.21052631578947367,0,0.15789473684210525,0,0,0.05555555555555555,-3.26,0.05555555555555555,0,0,0.05555555555555555,-2.24,0,0.0,0,-2.11,0.0,0",-31.71,-9.69,0.9,nan,42.1
CUCUCAGGAAUGAUAACUU,AAAGGUGUUUUUAAGCUAGAAGUUAUCAUUCCUGAGAGGUACCCAUUUGAACCUCCU,0.5920954511558538,1,"-1.6,-2.08,-10.48,0,0,-176.92999999999995,0.3157894736842105,0,0.15789473684210525,0,0,0.05555555555555555,-2.35,0.05555555555555555,1,1,0.0,-0.93,0,0.0,0,-1.1,0.05555555555555555,0",-29.22,-9.69,-1.6,nan,36.8
AUGAUAACUUCUAGCUUAA,CCUUAUGAGAAAGGUGUUUUUAAGCUAGAAGUUAUCAUUCCUGAGAGGUACCCAUUU,0.6703952274422074,1,"-0.17,-1.1,-9.38,0,0,-161.57999999999998,0.3684210526315789,0,0.10526315789473684,0,0,0.0,-2.11,0.16666666666666666,1,0,0.0,-0.93,0,0.05555555555555555,0,-2.08,0.1111111111111111,1",-25.71,-5.52,-0.17,nan,26.3
AAAACACCUUUCUCAUAAG,UUAGGUGGAGCCAACACACCUUAUGAGAAAGGUGUUUUUAAGCUAGAAGUUAUCAUU,0.6897837434750187,1,"1.6,-0.93,-6.82,0,0,-164.04999999999998,0.2631578947368421,0,0.05263157894736842,0,0,0.0,-0.93,0.05555555555555555,0,0,0.05555555555555555,-2.08,0,0.0,0,-2.35,0.1111111111111111,0",-26.37,-7.17,1.6,nan,31.6
CCUUUCUCAUAAGGUGUGU,CAAAUAUUAGGUGGAGCCAACACACCUUAUGAGAAAGGUGUUUUUAAGCUAGAAGUU,0.5570469798657718,1,"-1.47,-3.26,-13.39,0,0,-178.82,0.42105263157894735,0,0.21052631578947367,0,0,0.05555555555555555,-2.08,0.05555555555555555,0,1,0.05555555555555555,-2.24,1,0.0,0,-3.26,0.1111111111111111,0",-31.19,-6.63,-1.47,nan,42.1
GUGUUGGCUCCACCUAAUA,GAUGACCUGCGAGCUCAAAUAUUAGGUGGAGCCAACACACCUUAUGAGAAAGGUGUU,0.4280387770320656,0,"-1.36,-2.24,-11.4,0,1,-185.04,0.3157894736842105,0,0.21052631578947367,0,0,0.05555555555555555,-2.11,0.1111111111111111,1,0,0.1111111111111111,-1.33,0,0.05555555555555555,0,-3.26,0.05555555555555555,1",-33.84,-9.53,-1.36,nan,47.4
CUCCACCUAAUAUUUGAGC,CCAAAUGGAUGACCUGCGAGCUCAAAUAUUAGGUGGAGCCAACACACCUUAUGAGAA,0.6495152870991797,1,"0.89,-2.08,-10.48,0,0,-181.24999999999997,0.3157894736842105,0,0.10526315789473684,0,0,0.0,-2.35,0.1111111111111111,1,1,0.1111111111111111,-3.42,0,0.05555555555555555,0,-0.93,0.1111111111111111,0",-30.9,-10.31,0.89,nan,42.1
CACCUAAUAUUUGAGCUCG,AGACCAAAUGGAUGACCUGCGAGCUCAAAUAUUAGGUGGAGCCAACACACCUUAUGA,0.6711409395973155,1,"-0.2,-2.11,-10.44,0,0,-178.49999999999994,0.3157894736842105,0,0.15789473684210525,0,0,0.0,-2.24,0.1111111111111111,0,1,0.05555555555555555,-2.36,0,0.05555555555555555,0,-2.35,0.1111111111111111,0",-30.0,-5.95,-0.2,nan,42.1
ACCUAAUAUUUGAGCUCGC,AAGACCAAAUGGAUGACCUGCGAGCUCAAAUAUUAGGUGGAGCCAACACACCUUAUG,0.5339299030574198,1,"1.63,-2.24,-11.4,0,0,-179.21999999999997,0.3157894736842105,0,0.15789473684210525,0,0,0.0,-3.26,0.1111111111111111,0,0,0.05555555555555555,-3.42,0,0.1111111111111111,0,-2.08,0.1111111111111111,0",-30.86,-5.49,1.63,nan,42.1
UAAUAUUUGAGCUCGCAGG,AUAAAGACCAAAUGGAUGACCUGCGAGCUCAAAUAUUAGGUGGAGCCAACACACCUU,0.7613721103653989,1,"1.93,-1.33,-7.69,1,0,-178.26,0.3157894736842105,0,0.2631578947368421,0,0,0.05555555555555555,-0.93,0.1111111111111111,0,0,0.0,-3.26,0,0.1111111111111111,0,-2.35,0.1111111111111111,0",-30.73,-1.33,1.93,nan,42.1
AUAUUUGAGCUCGCAGGUC,AGAUAAAGACCAAAUGGAUGACCUGCGAGCUCAAAUAUUAGGUGGAGCCAACACACC,0.7516778523489933,1,"1.7,-1.1,-9.38,0,0,-187.59,0.3157894736842105,0,0.2631578947368421,0,0,0.05555555555555555,-1.33,0.05555555555555555,1,0,0.0,-2.35,0,0.1111111111111111,0,-3.42,0.1111111111111111,0",-33.06,-3.76,1.7,nan,47.4
UCGCAGGUCAUCCAUUUGG,CAUGUUGGCAAGAUAAAGACCAAAUGGAUGACCUGCGAGCUCAAAUAUUAGGUGGAG,0.7106636838180462,1,"1.36,-2.35,-12.44,1,0,-191.71999999999997,0.3157894736842105,0,0.2631578947368421,0,0,0.1111111111111111,-2.36,0.0,0,0,0.05555555555555555,-3.26,0,0.05555555555555555,0,-2.11,0.1111111111111111,0",-34.89,-10.93,1.36,nan,52.6
GUCAUCCAUUUGGUCUUUA,GCAUCACAUGUUGGCAAGAUAAAGACCAAAUGGAUGACCUGCGAGCUCAAAUAUUAG,0.47129008202833705,0,"-1.36,-2.24,-11.4,0,1,-175.09999999999994,0.47368421052631576,0,0.15789473684210525,0,0,0.05555555555555555,-2.35,0.05555555555555555,1,0,0.05555555555555555,-1.33,0,0.0,0,-2.24,0.2222222222222222,1",-29.17,-8.29,-1.36,nan,36.8
GGUCUUUAUCUUGCCAACA,GCCACCCCCAGGCAUCACAUGUUGGCAAGAUAAAGACCAAAUGGAUGACCUGCGAGC,0.5652498135719612,1,"-1.6,-3.26,-13.39,0,1,-178.63999999999996,0.3684210526315789,0,0.15789473684210525,1,0,0.05555555555555555,-2.24,0.05555555555555555,0,0,0.05555555555555555,-2.11,0,0.05555555555555555,0,-3.42,0.16666666666666666,1",-31.22,-5.32,-1.6,nan,42.1
CUUGCCAACAUGUGAUGCC,XXXXXXXXXGCCACCCCCAGGCAUCACAUGUUGGCAAGAUAAAGACCAAAUGGAUGA,0.651006711409396,1,"0.73,-2.08,-10.48,0,0,-193.69,0.2631578947368421,0,0.21052631578947367,0,0,0.0,-0.93,0.0,1,1,0.1111111111111111,-3.26,0,0.1111111111111111,0,-2.11,0.05555555555555555,0",-34.9,-7.77,0.73,nan,52.6
UGCCAACAUGUGAUGCCUG,XXXXXXXXXXXGCCACCCCCAGGCAUCACAUGUUGGCAAGAUAAAGACCAAAUGGAU,0.6771066368381805,1,"0.9,-2.11,-10.44,1,0,-193.59,0.2631578947368421,0,0.2631578947368421,0,0,0.0,-3.42,0.0,0,0,0.1111111111111111,-2.11,0,0.1111111111111111,0,-1.1,0.0,0",-35.63,-9.53,0.9,nan,52.6
ACCAUUUUGUUUUCUUUGG,GCGAACAUGUAACAAGAAUCCAAAGAAAACAAAAUGGUGGUAUCAUXXXXXXXXXXX,0.7554064131245338,1,"1.47,-2.24,-11.4,0,0,-160.43,0.5789473684210527,0,0.15789473684210525,0,0,0.05555555555555555,-3.26,0.0,0,0,0.05555555555555555,-3.26,0,0.0,0,-2.35,0.4444444444444444,0",-25.76,-4.72,1.47,nan,31.6
UUUGUUUUCUUUGGAUUCU,UAUGUGCGAACAUGUAACAAGAAUCCAAAGAAAACAAAAUGGUGGUAUCAUXXXXXX,0.7882177479492916,1,"0.7,-0.93,-6.82,1,0,-156.83999999999997,0.6842105263157895,1,0.15789473684210525,0,0,0.05555555555555555,-0.93,0.0,1,0,0.0,-2.08,0,0.0,0,-3.26,0.4444444444444444,0",-24.48,-3.08,0.7,nan,26.3
UUUCUUUGGAUUCUUGUUA,CUUUUUAUGUGCGAACAUGUAACAAGAAUCCAAAGAAAACAAAAUGGUGGUAUCAUX,0.8545861297539149,1,"0.4,-0.93,-6.82,1,0,-157.71,0.631578947368421,1,0.15789473684210525,0,0,0.05555555555555555,-0.93,0.05555555555555555,1,0,0.0,-1.33,0,0.0,0,-2.08,0.3888888888888889,1",-24.88,-4.79,0.4,nan,26.3
UUCUUGUUACAUGUUCGCA,CCGGAUAAUUCUUUUUAUGUGCGAACAUGUAACAAGAAUCCAAAGAAAACAAAAUGG,0.7747949291573453,1,"0.73,-0.93,-6.82,1,0,-170.14,0.47368421052631576,1,0.15789473684210525,0,0,0.0,-2.35,0.05555555555555555,1,0,0.0,-2.11,0,0.05555555555555555,0,-2.24,0.2222222222222222,1",-28.88,-5.65,0.73,nan,36.8
UCUUGUUACAUGUUCGCAC,ACCGGAUAAUUCUUUUUAUGUGCGAACAUGUAACAAGAAUCCAAAGAAAACAAAAUG,0.9336316181953764,1,"0.79,-2.35,-12.44,1,0,-178.43999999999997,0.42105263157894735,0,0.15789473684210525,0,0,0.0,-2.08,0.05555555555555555,0,0,0.0,-2.24,0,0.05555555555555555,0,-0.93,0.16666666666666666,0",-30.64,-5.08,0.79,nan,42.1
UUGUUACAUGUUCGCACAU,CCACCGGAUAAUUCUUUUUAUGUGCGAACAUGUAACAAGAAUCCAAAGAAAACAAAA,0.6614466815809098,1,"0.17,-0.93,-6.82,1,0,-171.62,0.42105263157894735,1,0.15789473684210525,0,0,0.0,-2.11,0.05555555555555555,1,0,0.0,-1.1,0,0.05555555555555555,0,-2.36,0.16666666666666666,0",-28.97,-5.97,0.17,nan,36.8
AAAAGAAUUAUCCGGUGGU,GCUGCAAGGAAAAGAGACGACCACCGGAUAAUUCUUUUUAUGUGCGAACAUGUAACA,0.72110365398956,1,"0.86,-0.93,-6.82,0,0,-168.91,0.2631578947368421,0,0.2631578947368421,0,0,0.1111111111111111,-0.93,0.05555555555555555,0,0,0.05555555555555555,-2.24,0,0.0,0,-2.36,0.05555555555555555,0",-28.7,-3.33,0.86,nan,36.8
AAAGAAUUAUCCGGUGGUC,AGCUGCAAGGAAAAGAGACGACCACCGGAUAAUUCUUUUUAUGUGCGAACAUGUAAC,0.7188665175242356,1,"1.87,-0.93,-6.82,0,0,-178.24999999999997,0.2631578947368421,0,0.2631578947368421,0,0,0.1111111111111111,-0.93,0.05555555555555555,0,0,0.05555555555555555,-2.35,0,0.0,0,-3.26,0.05555555555555555,0",-30.57,-3.33,1.87,nan,42.1
UAUCCGGUGGUCGUCUCUU,GCUUUCCAGCUGCAAGGAAAAGAGACGACCACCGGAUAAUUCUUUUUAUGUGCGAAC,0.6167039522744221,1,"-0.4,-1.33,-7.69,1,0,-189.64999999999998,0.42105263157894735,0,0.2631578947368421,0,0,0.1111111111111111,-1.1,0.05555555555555555,0,0,0.05555555555555555,-0.93,0,0.0,0,-2.24,0.05555555555555555,0",-35.26,-9.58,-0.4,nan,52.6
UGGUCGUCUCUUUUCCUUG,UUAGCAUGCUUUCCAGCUGCAAGGAAAAGAGACGACCACCGGAUAAUUCUUUUUAUG,0.8187919463087249,1,"0.9,-2.11,-10.44,1,0,-182.24999999999997,0.5263157894736842,0,0.21052631578947367,0,0,0.05555555555555555,-3.26,0.0,0,0,0.05555555555555555,-2.11,0,0.0,0,-0.93,0.2222222222222222,0",-32.4,-10.71,0.9,nan,47.4
GGUCGUCUCUUUUCCUUGC,AUUAGCAUGCUUUCCAGCUGCAAGGAAAAGAGACGACCACCGGAUAAUUCUUUUUAU,0.8359433258762118,1,"0.16,-3.26,-13.39,0,1,-190.40999999999994,0.47368421052631576,0,0.21052631578947367,1,0,0.05555555555555555,-2.24,0.0,0,0,0.05555555555555555,-3.42,0,0.05555555555555555,0,-2.35,0.2222222222222222,0",-34.16,-9.08,0.16,nan,52.6
UUUCCUUGCAGCUGGAAAG,UCUUAGCAUUAUUAGCAUGCUUUCCAGCUGCAAGGAAAAGAGACGACCACCGGAUAA,0.7680835197613721,1,"1.6,-0.93,-6.82,1,0,-181.42999999999998,0.3157894736842105,1,0.2631578947368421,0,0,0.05555555555555555,-0.93,0.0,1,0,0.05555555555555555,-2.08,0,0.1111111111111111,0,-2.11,0.16666666666666666,0",-32.82,-7.12,1.6,nan,47.4
UCCUUGCAGCUGGAAAGCA,UGUCUUAGCAUUAUUAGCAUGCUUUCCAGCUGCAAGGAAAAGAGACGACCACCGGAU,0.8225205070842655,1,"-0.24,-2.35,-12.44,1,0,-189.39,0.21052631578947367,0,0.2631578947368421,0,0,0.05555555555555555,-3.26,0.0,0,0,0.05555555555555555,-2.11,0,0.16666666666666666,0,-2.35,0.05555555555555555,1",-36.04,-9.37,-0.24,nan,52.6
AGCUGGAAAGCAUGCUAAU,AUCAGUUUGUCUUAGCAUUAUUAGCAUGCUUUCCAGCUGCAAGGAAAAGAGACGACC,0.5033557046979866,0,"-0.53,-2.08,-10.48,0,0,-179.56999999999996,0.21052631578947367,0,0.2631578947368421,0,0,0.05555555555555555,-3.42,0.05555555555555555,0,0,0.0,-1.1,0,0.16666666666666666,0,-2.11,0.0,0",-31.85,-9.61,-0.53,nan,42.1
GGAAAGCAUGCUAAUAAUG,UCCAAUCAGUUUGUCUUAGCAUUAUUAGCAUGCUUUCCAGCUGCAAGGAAAAGAGAC,0.6950037285607756,1,"-0.7,-3.26,-13.39,0,1,-175.05999999999997,0.21052631578947367,0,0.2631578947368421,1,0,0.05555555555555555,-2.35,0.1111111111111111,0,0,0.0,-2.11,0,0.1111111111111111,0,-0.93,0.0,0",-28.53,-7.28,-0.7,nan,36.8
AAAGCAUGCUAAUAAUGCU,AGUCCAAUCAGUUUGUCUUAGCAUUAUUAGCAUGCUUUCCAGCUGCAAGGAAAAGAG,0.6323639075316928,1,"0.7,-0.93,-6.82,0,0,-167.14999999999998,0.2631578947368421,0,0.15789473684210525,0,0,0.0,-0.93,0.1111111111111111,0,0,0.0,-2.08,0,0.16666666666666666,0,-1.33,0.0,0",-27.52,-7.21,0.7,nan,31.6
AAUGCUAAGACAAACUGAU,CCCCAGCGCUCUCAGUCCAAUCAGUUUGUCUUAGCAUUAUUAGCAUGCUUUCCAGCU,0.7979120059656973,1,"0.17,-0.93,-6.82,0,0,-167.99999999999997,0.21052631578947367,0,0.15789473684210525,0,0,0.0,-1.1,0.05555555555555555,0,0,0.0,-1.1,0,0.05555555555555555,0,-0.93,0.0,0",-27.43,-5.98,0.17,nan,31.6
AUGCUAAGACAAACUGAUU,UCCCCAGCGCUCUCAGUCCAAUCAGUUUGUCUUAGCAUUAUUAGCAUGCUUUCCAGC,0.7770320656226697,1,"-0.17,-1.1,-9.38,0,0,-167.99999999999997,0.2631578947368421,0,0.15789473684210525,0,0,0.0,-2.11,0.05555555555555555,1,0,0.0,-0.93,0,0.05555555555555555,0,-2.24,0.05555555555555555,0",-27.43,-7.41,-0.17,nan,31.6
CUAAGACAAACUGAUUGGA,UGGUCCCCAGCGCUCUCAGUCCAAUCAGUUUGUCUUAGCAUUAUUAGCAUGCUUUCC,0.6338553318419089,1,"-0.63,-2.08,-10.48,0,0,-173.29000000000002,0.21052631578947367,0,0.21052631578947367,0,0,0.05555555555555555,-1.33,0.05555555555555555,1,1,0.0,-2.35,0,0.0,0,-2.35,0.05555555555555555,1",-28.97,-6.05,-0.63,nan,36.8
AGACAAACUGAUUGGACUG,GACUGGUCCCCAGCGCUCUCAGUCCAAUCAGUUUGUCUUAGCAUUAUUAGCAUGCUU,0.9060402684563761,1,"0.93,-2.08,-10.48,0,0,-180.62,0.21052631578947367,0,0.2631578947368421,0,0,0.05555555555555555,-2.35,0.0,0,0,0.0,-2.11,0,0.0,0,-2.11,0.05555555555555555,0",-31.06,-6.71,0.93,nan,42.1
CUGAUUGGACUGAGAGCGC,AACAGAAGACUGGUCCCCAGCGCUCUCAGUCCAAUCAGUUUGUCUUAGCAUUAUUAG,0.8113348247576436,1,"0.89,-2.08,-10.48,0,0,-200.77999999999997,0.21052631578947367,0,0.3684210526315789,0,0,0.05555555555555555,-2.11,0.0,1,1,0.0,-3.42,0,0.1111111111111111,0,-2.08,0.05555555555555555,0",-36.69,-7.32,0.89,nan,57.9
GAGAGCGCUGGGGACCAGU,UUAUCCAUUCUAACAGAAGACUGGUCCCCAGCGCUCUCAGUCCAAUCAGUUUGUCUU,0.6942580164056674,1,"-1.01,-2.35,-12.44,0,1,-209.55,0.10526315789473684,0,0.47368421052631576,0,0,0.16666666666666666,-2.08,0.0,0,0,0.05555555555555555,-2.24,0,0.1111111111111111,0,-2.35,0.0,0",-41.77,-11.17,-1.01,nan,68.4
GCGCUGGGGACCAGUCUUC,CUGUUUAUCCAUUCUAACAGAAGACUGGUCCCCAGCGCUCUCAGUCCAAUCAGUUUG,0.6002982848620433,1,"-0.62,-3.42,-14.88,0,1,-209.60999999999999,0.21052631578947367,0,0.3684210526315789,0,1,0.16666666666666666,-2.36,0.0,0,0,0.05555555555555555,-2.35,0,0.1111111111111111,0,-2.08,0.05555555555555555,0",-41.07,-12.4,-0.62,nan,68.4
CGCUGGGGACCAGUCUUCU,UCUGUUUAUCCAUUCUAACAGAAGACUGGUCCCCAGCGCUCUCAGUCCAAUCAGUUU,0.6592095451155854,1,"-0.73,-2.36,-10.64,0,0,-201.48999999999998,0.2631578947368421,0,0.3157894736842105,0,0,0.16666666666666666,-3.42,0.0,0,1,0.05555555555555555,-2.08,0,0.05555555555555555,1,-2.24,0.05555555555555555,0",-39.28,-13.3,-0.73,nan,63.2
GGGGACCAGUCUUCUGUUA,CAUAUCUGUUUAUCCAUUCUAACAGAAGACUGGUCCCCAGCGCUCUCAGUCCAAUCA,0.482475764354959,0,"-1.93,-3.26,-13.39,0,1,-191.39999999999998,0.3157894736842105,0,0.3157894736842105,1,0,0.16666666666666666,-3.26,0.05555555555555555,0,0,0.05555555555555555,-1.33,0,0.0,0,-2.35,0.1111111111111111,1",-35.92,-11.94,-1.93,nan,52.6
GGACCAGUCUUCUGUUAGA,GUCAUAUCUGUUUAUCCAUUCUAACAGAAGACUGGUCCCCAGCGCUCUCAGUCCAAU,0.546607009694258,1,"-1.36,-3.26,-13.39,0,1,-187.53999999999996,0.3157894736842105,0,0.2631578947368421,1,0,0.05555555555555555,-2.35,0.05555555555555555,0,0,0.05555555555555555,-2.35,0,0.0,0,-2.11,0.1111111111111111,1",-33.83,-9.74,-1.36,nan,47.4
AGUCUUCUGUUAGAAUGGA,CAAUGGUCAUAUCUGUUUAUCCAUUCUAACAGAAGACUGGUCCCCAGCGCUCUCAGU,0.4780014914243102,0,"0.27,-2.08,-10.48,0,0,-175.23000000000002,0.3684210526315789,0,0.2631578947368421,0,0,0.05555555555555555,-2.24,0.05555555555555555,0,0,0.0,-2.35,0,0.0,0,-2.35,0.1111111111111111,1",-29.91,-7.49,0.27,nan,36.8
UCUUCUGUUAGAAUGGAUA,AGCAAUGGUCAUAUCUGUUUAUCCAUUCUAACAGAAGACUGGUCCCCAGCGCUCUCA,0.6256524981357195,1,"-0.57,-2.35,-12.44,1,0,-170.41999999999996,0.42105263157894735,0,0.21052631578947367,0,0,0.05555555555555555,-2.08,0.1111111111111111,0,0,0.0,-1.33,0,0.0,0,-1.1,0.1111111111111111,1",-28.02,-7.25,-0.57,nan,31.6
CUGUUAGAAUGGAUAAACA,UUAUAGCAAUGGUCAUAUCUGUUUAUCCAUUCUAACAGAAGACUGGUCCCCAGCGCU,0.4936614466815809,0,"-0.87,-2.08,-10.48,0,0,-167.44,0.2631578947368421,0,0.21052631578947367,0,0,0.05555555555555555,-2.11,0.1111111111111111,1,1,0.0,-2.11,0,0.0,0,-1.1,0.05555555555555555,1",-26.97,-6.05,-0.87,nan,31.6
UUAGAAUGGAUAAACAGAU,UGUUUAUAGCAAUGGUCAUAUCUGUUUAUCCAUUCUAACAGAAGACUGGUCCCCAGC,0.7203579418344519,1,"0.17,-0.93,-6.82,1,0,-163.69999999999996,0.2631578947368421,1,0.21052631578947367,0,0,0.05555555555555555,-1.33,0.1111111111111111,1,0,0.0,-1.1,0,0.0,0,-0.93,0.05555555555555555,0",-25.62,-5.36,0.17,nan,26.3
UAGAAUGGAUAAACAGAUA,AUGUUUAUAGCAAUGGUCAUAUCUGUUUAUCCAUUCUAACAGAAGACUGGUCCCCAG,0.6405667412378822,1,"0.0,-1.33,-7.69,1,0,-164.56999999999996,0.21052631578947367,0,0.21052631578947367,0,0,0.05555555555555555,-2.08,0.16666666666666666,0,0,0.0,-1.33,0,0.0,0,-2.24,0.0,1",-26.02,-7.29,0.0,nan,26.3
UGACCAUUGCUAUAAACAU,AAUAUUCCUGUUCAUCCUCAUGUUUAUAGCAAUGGUCAUAUCUGUUUAUCCAUUCUA,0.7173750932140194,1,"-0.56,-2.11,-10.44,1,0,-168.67999999999998,0.3157894736842105,0,0.10526315789473684,0,0,0.0,-2.35,0.1111111111111111,0,0,0.05555555555555555,-1.1,0,0.05555555555555555,0,-1.33,0.05555555555555555,0",-27.79,-7.45,-0.56,nan,31.6
UUGCUAUAAACAUGAGGAU,GGUGAAAAUAUUCCUGUUCAUCCUCAUGUUUAUAGCAAUGGUCAUAUCUGUUUAUCC,0.7777777777777777,1,"0.17,-0.93,-6.82,1,0,-169.76,0.3157894736842105,1,0.21052631578947367,0,0,0.05555555555555555,-2.11,0.1111111111111111,1,0,0.0,-1.1,0,0.05555555555555555,0,-2.11,0.05555555555555555,0",-27.87,-6.38,0.17,nan,31.6
GCUAUAAACAUGAGGAUGA,CUGGUGAAAAUAUUCCUGUUCAUCCUCAUGUUUAUAGCAAUGGUCAUAUCUGUUUAU,0.5876211782252051,1,"-1.52,-3.42,-14.88,0,1,-179.09999999999997,0.21052631578947367,0,0.2631578947368421,0,1,0.05555555555555555,-2.08,0.1111111111111111,0,0,0.0,-2.35,0,0.05555555555555555,0,-2.08,0.0,1",-29.74,-3.16,-1.52,nan,36.8
UAUAAACAUGAGGAUGAAC,UACUGGUGAAAAUAUUCCUGUUCAUCCUCAUGUUUAUAGCAAUGGUCAUAUCUGUUU,0.7859806114839673,1,"1.36,-1.33,-7.69,1,0,-171.96,0.21052631578947367,0,0.21052631578947367,0,0,0.05555555555555555,-1.1,0.1111111111111111,0,0,0.0,-2.24,0,0.0,0,-2.35,0.0,0",-27.41,-3.65,1.36,nan,31.6
UAAACAUGAGGAUGAACAG,UUUACUGGUGAAAAUAUUCCUGUUCAUCCUCAUGUUUAUAGCAAUGGUCAUAUCUGU,0.8396718866517523,1,"1.2,-1.33,-7.69,1,0,-175.80999999999997,0.15789473684210525,0,0.2631578947368421,0,0,0.05555555555555555,-0.93,0.05555555555555555,0,0,0.0,-2.08,0,0.0,0,-2.11,0.0,0",-29.17,-4.88,1.2,nan,36.8
AACAUGAGGAUGAACAGGA,UGUUUACUGGUGAAAAUAUUCCUGUUCAUCCUCAUGUUUAUAGCAAUGGUCAUAUCU,0.8076062639821029,1,"0.97,-0.93,-6.82,0,0,-183.40999999999997,0.10526315789473684,0,0.3157894736842105,0,0,0.1111111111111111,-2.24,0.0,0,0,0.0,-2.35,0,0.0,0,-0.93,0.0,1",-32.07,-7.45,0.97,nan,42.1
ACAUGAGGAUGAACAGGAA,AUGUUUACUGGUGAAAAUAUUCCUGUUCAUCCUCAUGUUUAUAGCAAUGGUCAUAUC,0.5443698732289336,1,"-0.86,-2.24,-11.4,0,0,-183.40999999999997,0.10526315789473684,0,0.3157894736842105,0,0,0.1111111111111111,-2.11,0.0,0,0,0.0,-0.93,0,0.0,0,-2.24,0.0,1",-32.07,-8.92,-0.86,nan,42.1
AUGAGGAUGAACAGGAAUA,UCAUGUUUACUGGUGAAAAUAUUCCUGUUCAUCCUCAUGUUUAUAGCAAUGGUCAUA,0.7755406413124535,1,"0.23,-1.1,-9.38,0,0,-178.64,0.15789473684210525,0,0.3157894736842105,0,0,0.1111111111111111,-2.11,0.05555555555555555,1,0,0.0,-1.33,0,0.0,0,-2.08,0.0,1",-30.15,-8.26,0.23,nan,36.8
GGAUGAACAGGAAUAUUUU,CAGGUCAUGUUUACUGGUGAAAAUAUUCCUGUUCAUCCUCAUGUUUAUAGCAAUGGU,0.3989560029828486,0,"-2.33,-3.26,-13.39,0,1,-169.45999999999998,0.3157894736842105,0,0.2631578947368421,1,0,0.1111111111111111,-2.35,0.05555555555555555,0,0,0.0,-0.93,0,0.0,0,-1.1,0.16666666666666666,0",-26.85,-6.99,-2.33,nan,31.6
UGAACAGGAAUAUUUUCAC,CCUCAGGUCAUGUUUACUGGUGAAAAUAUUCCUGUUCAUCCUCAUGUUUAUAGCAAU,0.6114839671886652,1,"1.03,-2.11,-10.44,1,0,-168.52999999999997,0.3157894736842105,0,0.15789473684210525,0,0,0.05555555555555555,-2.35,0.05555555555555555,0,0,0.0,-2.24,0,0.0,0,-0.93,0.16666666666666666,0",-26.84,-8.88,1.03,nan,31.6
AACAGGAAUAUUUUCACCA,CUCCUCAGGUCAUGUUUACUGGUGAAAAUAUUCCUGUUCAUCCUCAUGUUUAUAGCA,0.8583146905294556,1,"0.73,-0.93,-6.82,0,0,-165.76,0.2631578947368421,0,0.10526315789473684,0,0,0.05555555555555555,-2.24,0.05555555555555555,0,0,0.05555555555555555,-2.11,0,0.0,0,-0.93,0.16666666666666666,1",-27.3,-7.98,0.73,nan,31.6
ACAGGAAUAUUUUCACCAG,UCUCCUCAGGUCAUGUUUACUGGUGAAAAUAUUCCUGUUCAUCCUCAUGUUUAUAGC,0.8038777032065624,1,"0.74,-2.24,-11.4,0,0,-173.13999999999996,0.2631578947368421,0,0.15789473684210525,0,0,0.05555555555555555,-2.11,0.05555555555555555,0,0,0.05555555555555555,-2.08,0,0.0,0,-2.35,0.16666666666666666,0",-28.9,-7.29,0.74,nan,36.8
AGGAAUAUUUUCACCAGUA,ACUCUCCUCAGGUCAUGUUUACUGGUGAAAAUAUUCCUGUUCAUCCUCAUGUUUAUA,0.7039522744220731,1,"-0.3,-2.08,-10.48,0,0,-166.67,0.3157894736842105,0,0.15789473684210525,0,0,0.05555555555555555,-3.26,0.1111111111111111,0,0,0.05555555555555555,-1.33,0,0.0,0,-2.24,0.16666666666666666,1",-27.67,-5.53,-0.3,nan,31.6
GAAUAUUUUCACCAGUAAA,UGACUCUCCUCAGGUCAUGUUUACUGGUGAAAAUAUUCCUGUUCAUCCUCAUGUUUA,0.6800894854586129,1,"-1.87,-2.35,-12.44,0,1,-160.16,0.3157894736842105,0,0.10526315789473684,0,0,0.0,-0.93,0.1111111111111111,0,0,0.05555555555555555,-0.93,0,0.0,0,-2.11,0.16666666666666666,1",-24.64,-1.33,-1.87,nan,26.3
UUCACCAGUAAACAUGACC,AUCCUUUUGACUCUCCUCAGGUCAUGUUUACUGGUGAAAAUAUUCCUGUUCAUCCUC,0.7695749440715884,1,"2.33,-0.93,-6.82,1,0,-179.7,0.21052631578947367,1,0.10526315789473684,0,0,0.0,-2.35,0.05555555555555555,1,0,0.1111111111111111,-3.26,0,0.0,0,-2.11,0.05555555555555555,0",-31.38,-9.61,2.33,nan,42.1
GACCUGAGGAGAGUCAAAA,AAUUUAGUAGUCGAUAUCCUUUUGACUCUCCUCAGGUCAUGUUUACUGGUGAAAAUA,0.7084265473527218,1,"-1.87,-2.35,-12.44,0,1,-187.70999999999998,0.10526315789473684,0,0.3157894736842105,0,0,0.05555555555555555,-2.24,0.0,0,0,0.05555555555555555,-0.93,0,0.0,0,-2.24,0.0,1",-33.54,-9.58,-1.87,nan,47.4
CUGAGGAGAGUCAAAAGGA,UUAAAUUUAGUAGUCGAUAUCCUUUUGACUCUCCUCAGGUCAUGUUUACUGGUGAAA,0.5846383296047726,1,"-0.63,-2.08,-10.48,0,0,-186.78999999999996,0.10526315789473684,0,0.3684210526315789,0,0,0.1111111111111111,-2.11,0.0,1,1,0.0,-2.35,0,0.0,0,-0.93,0.0,1",-33.38,-9.69,-0.63,nan,47.4
GAGAGUCAAAAGGAUAUCG,UCUAUUUAAAUUUAGUAGUCGAUAUCCUUUUGACUCUCCUCAGGUCAUGUUUACUGG,0.639075316927666,1,"-0.44,-2.35,-12.44,0,1,-182.81,0.15789473684210525,0,0.3157894736842105,0,0,0.05555555555555555,-2.08,0.05555555555555555,0,0,0.0,-2.36,0,0.0,0,-2.35,0.0,0",-30.19,-8.22,-0.44,nan,42.1
AGAGUCAAAAGGAUAUCGA,UUCUAUUUAAAUUUAGUAGUCGAUAUCCUUUUGACUCUCCUCAGGUCAUGUUUACUG,0.5570469798657718,1,"0.27,-2.08,-10.48,0,0,-175.37,0.15789473684210525,0,0.2631578947368421,0,0,0.05555555555555555,-2.35,0.05555555555555555,0,0,0.0,-2.35,0,0.0,0,-1.1,0.0,1",-29.29,-7.52,0.27,nan,36.8
AGUCAAAAGGAUAUCGACU,ACUUCUAUUUAAAUUUAGUAGUCGAUAUCCUUUUGACUCUCCUCAGGUCAUGUUUAC,0.6070096942580163,1,"0.0,-2.08,-10.48,0,0,-174.32999999999998,0.21052631578947367,0,0.21052631578947367,0,0,0.05555555555555555,-2.24,0.05555555555555555,0,0,0.0,-2.08,0,0.0,0,-1.1,0.0,0",-29.18,-4.95,0.0,nan,36.8
CAAAAGGAUAUCGACUACU,UCAACUUCUAUUUAAAUUUAGUAGUCGAUAUCCUUUUGACUCUCCUCAGGUCAUGUU,0.9209545115585384,1,"-0.93,-2.11,-10.44,0,0,-173.29999999999995,0.21052631578947367,0,0.15789473684210525,0,0,0.05555555555555555,-0.93,0.1111111111111111,0,1,0.0,-2.08,0,0.0,0,-2.35,0.0,0",-28.61,-5.49,-0.93,nan,36.8
UAUCGACUACUAAAUUUAA,GAAAAAUUUCAACUUCUAUUUAAAUUUAGUAGUCGAUAUCCUUUUGACUCUCCUCAG,0.5958240119313946,1,"-0.4,-1.33,-7.69,1,0,-151.84999999999997,0.3684210526315789,0,0.05263157894736842,0,0,0.0,-1.1,0.2222222222222222,0,0,0.0,-0.93,0,0.0,0,-0.93,0.1111111111111111,1",-22.88,-7.49,-0.4,nan,21.1
AUCGACUACUAAAUUUAAA,GGAAAAAUUUCAACUUCUAUUUAAAUUUAGUAGUCGAUAUCCUUUUGACUCUCCUCA,0.6562266964951529,1,"-0.17,-1.1,-9.38,0,0,-150.97999999999996,0.3157894736842105,0,0.05263157894736842,0,0,0.0,-2.35,0.16666666666666666,1,0,0.0,-0.93,0,0.0,0,-1.1,0.1111111111111111,1",-22.48,-7.72,-0.17,nan,21.1
GACUACUAAAUUUAAAUAG,AGGGGAAAAAUUUCAACUUCUAUUUAAAUUUAGUAGUCGAUAUCCUUUUGACUCUCC,0.622669649515287,1,"-0.27,-2.35,-12.44,0,1,-153.50999999999993,0.3157894736842105,0,0.10526315789473684,0,0,0.0,-2.24,0.2222222222222222,0,0,0.0,-2.08,0,0.0,0,-1.33,0.1111111111111111,0",-22.08,-6.31,-0.27,nan,21.1
CUAAAUUUAAAUAGAAGUU,UAUGAAGGGGAAAAAUUUCAACUUCUAUUUAAAUUUAGUAGUCGAUAUCCUUUUGAC,0.7166293810589113,1,"-1.6,-2.08,-10.48,0,0,-144.33999999999997,0.3684210526315789,0,0.10526315789473684,0,0,0.0,-1.33,0.16666666666666666,1,1,0.0,-0.93,0,0.0,0,-2.08,0.16666666666666666,0",-19.92,-1.16,-1.6,nan,15.8
UUAAAUAGAAGUUGAAAUU,ACCUUAUAUGAAGGGGAAAAAUUUCAACUUCUAUUUAAAUUUAGUAGUCGAUAUCCU,0.727069351230425,1,"0.0,-0.93,-6.82,1,0,-145.32999999999998,0.3684210526315789,1,0.15789473684210525,0,0,0.0,-1.33,0.1111111111111111,1,0,0.0,-0.93,0,0.0,0,-2.11,0.16666666666666666,0",-20.52,-3.16,0.0,nan,15.8
UUCCCCUUCAUAUAAGGUA,ACAUGGAAGGUGCACCAGGUACCUUAUAUGAAGGGGAAAAAUUUCAACUUCUAUUUA,0.8284862043251305,1,"0.4,-0.93,-6.82,1,0,-172.48,0.3684210526315789,1,0.10526315789473684,0,0,0.05555555555555555,-2.35,0.16666666666666666,1,0,0.16666666666666666,-1.33,0,0.0,0,-1.33,0.1111111111111111,1",-30.24,-10.15,0.4,nan,36.8
AUAUAAGGUACCUGGUGCA,GGAUUGUAGACAUGGAAGGUGCACCAGGUACCUUAUAUGAAGGGGAAAAAUUUCAAC,0.5816554809843401,1,"0.56,-1.1,-9.38,0,0,-179.13000000000002,0.2631578947368421,0,0.2631578947368421,0,0,0.1111111111111111,-1.33,0.16666666666666666,1,0,0.05555555555555555,-2.11,0,0.05555555555555555,0,-2.11,0.0,1",-32.54,-5.49,0.56,nan,42.1
UAAGGUACCUGGUGCACCU,AGUGGAUUGUAGACAUGGAAGGUGCACCAGGUACCUUAUAUGAAGGGGAAAAAUUUC,0.6950037285607756,1,"0.3,-1.33,-7.69,1,0,-187.95000000000002,0.2631578947368421,0,0.2631578947368421,0,0,0.1111111111111111,-0.93,0.1111111111111111,0,0,0.1111111111111111,-2.08,0,0.05555555555555555,0,-2.11,0.0,0",-36.59,-7.54,0.3,nan,52.6
UACCUGGUGCACCUUCCAU,UACACAGUGGAUUGUAGACAUGGAAGGUGCACCAGGUACCUUAUAUGAAGGGGAAAA,0.6420581655480985,1,"-0.23,-1.33,-7.69,1,0,-190.64,0.3157894736842105,0,0.15789473684210525,0,0,0.05555555555555555,-2.24,0.05555555555555555,0,0,0.16666666666666666,-1.1,0,0.05555555555555555,0,-2.08,0.05555555555555555,0",-36.5,-10.2,-0.23,nan,52.6
CUGGUGCACCUUCCAUGUC,AAUUACACAGUGGAUUGUAGACAUGGAAGGUGCACCAGGUACCUUAUAUGAAGGGGA,0.7076808351976137,1,"0.27,-2.08,-10.48,0,0,-199.88000000000002,0.3157894736842105,0,0.21052631578947367,0,0,0.05555555555555555,-2.11,0.0,1,1,0.1111111111111111,-2.35,0,0.05555555555555555,0,-3.26,0.05555555555555555,0",-37.27,-10.26,0.27,nan,57.9
GGUGCACCUUCCAUGUCUA,UCAAUUACACAGUGGAUUGUAGACAUGGAAGGUGCACCAGGUACCUUAUAUGAAGGG,0.2900820283370619,0,"-1.93,-3.26,-13.39,0,1,-193.41,0.3157894736842105,0,0.21052631578947367,1,0,0.05555555555555555,-2.24,0.05555555555555555,0,0,0.1111111111111111,-1.33,0,0.05555555555555555,0,-1.1,0.05555555555555555,1",-36.04,-11.29,-1.93,nan,52.6
CAUGUCUACAAUCCACUGU,GUGUUCAAAAUUCAAUUACACAGUGGAUUGUAGACAUGGAAGGUGCACCAGGUACCU,0.8232662192393737,1,"-0.77,-2.11,-10.44,0,0,-182.97,0.3157894736842105,0,0.10526315789473684,0,0,0.0,-1.1,0.05555555555555555,0,1,0.05555555555555555,-2.24,0,0.0,0,-3.26,0.0,0",-31.55,-6.22,-0.77,nan,42.1
AUGUCUACAAUCCACUGUG,AGUGUUCAAAAUUCAAUUACACAGUGGAUUGUAGACAUGGAAGGUGCACCAGGUACC,0.8590604026845637,1,"1.46,-1.1,-9.38,0,0,-182.97,0.3157894736842105,0,0.15789473684210525,0,0,0.0,-2.11,0.05555555555555555,1,0,0.05555555555555555,-2.11,0,0.0,0,-2.11,0.0,0",-31.55,-7.81,1.46,nan,42.1
UGUCUACAAUCCACUGUGU,GAGUGUUCAAAAUUCAAUUACACAGUGGAUUGUAGACAUGGAAGGUGCACCAGGUAC,0.7404921700223713,1,"0.13,-2.11,-10.44,1,0,-181.26999999999998,0.3684210526315789,0,0.15789473684210525,0,0,0.0,-2.24,0.05555555555555555,0,0,0.05555555555555555,-2.24,0,0.0,0,-2.24,0.0,0",-32.24,-7.81,0.13,nan,42.1
UCUACAAUCCACUGUGUAA,AAGAGUGUUCAAAAUUCAAUUACACAGUGGAUUGUAGACAUGGAAGGUGCACCAGGU,0.6905294556301268,1,"-0.97,-2.35,-12.44,1,0,-173.94,0.3157894736842105,0,0.10526315789473684,0,0,0.0,-2.08,0.1111111111111111,0,0,0.05555555555555555,-0.93,0,0.0,0,-2.11,0.0,1",-30.15,-5.25,-0.97,nan,36.8
UACAAUCCACUGUGUAAUU,AGAAGAGUGUUCAAAAUUCAAUUACACAGUGGAUUGUAGACAUGGAAGGUGCACCAG,0.8337061894108875,1,"-0.4,-1.33,-7.69,1,0,-167.22,0.3684210526315789,0,0.10526315789473684,0,0,0.0,-2.24,0.1111111111111111,0,0,0.05555555555555555,-0.93,0,0.0,0,-2.11,0.05555555555555555,0",-27.75,-7.45,-0.4,nan,31.6
CACUGUGUAAUUGAAUUUU,UUAAAUGAGAAGAGUGUUCAAAAUUCAAUUACACAGUGGAUUGUAGACAUGGAAGGU,0.5727069351230425,1,"-1.63,-2.11,-10.44,0,0,-158.91999999999996,0.47368421052631576,0,0.15789473684210525,0,0,0.0,-2.24,0.05555555555555555,0,1,0.0,-0.93,0,0.0,0,-2.35,0.2222222222222222,0",-24.16,-8.03,-1.63,nan,26.3
GUGUAAUUGAAUUUUGAAC,GACCUUAAAUGAGAAGAGUGUUCAAAAUUCAAUUACACAGUGGAUUGUAGACAUGGA,0.5488441461595824,1,"0.0,-2.24,-11.4,0,1,-160.97999999999996,0.42105263157894735,0,0.21052631578947367,0,0,0.0,-2.11,0.05555555555555555,1,0,0.0,-2.24,0,0.0,0,-0.93,0.2222222222222222,0",-23.7,-3.65,0.0,nan,26.3
AUUGAAUUUUGAACACUCU,GGAAUGACCUUAAAUGAGAAGAGUGUUCAAAAUUCAAUUACACAGUGGAUUGUAGAC,0.8135719612229679,1,"0.53,-1.1,-9.38,0,0,-161.02999999999997,0.42105263157894735,0,0.10526315789473684,0,0,0.0,-0.93,0.0,1,0,0.0,-2.08,0,0.0,0,-2.24,0.2222222222222222,0",-24.81,-3.36,0.53,nan,26.3
UUGAAUUUUGAACACUCUU,UGGAAUGACCUUAAAUGAGAAGAGUGUUCAAAAUUCAAUUACACAGUGGAUUGUAGA,0.8463832960477256,1,"0.0,-0.93,-6.82,1,0,-158.46999999999997,0.47368421052631576,1,0.10526315789473684,0,0,0.0,-2.11,0.0,1,0,0.0,-0.93,0,0.0,0,-2.11,0.2777777777777778,0",-24.64,-3.36,0.0,nan,26.3
AAUUUUGAACACUCUUCUC,UCCUGGAAUGACCUUAAAUGAGAAGAGUGUUCAAAAUUCAAUUACACAGUGGAUUGU,0.8620432513049963,1,"1.87,-0.93,-6.82,0,0,-167.85,0.42105263157894735,0,0.05263157894736842,0,0,0.0,-1.1,0.0,0,0,0.0,-2.35,0,0.0,0,-2.35,0.2222222222222222,0",-26.48,-3.36,1.87,nan,31.6
CUCUUCUCAUUUAAGGUCA,XXUGACCCACCUCCUGGAAUGACCUUAAAUGAGAAGAGUGUUCAAAAUUCAAUUACA,0.5592841163310962,1,"-0.87,-2.08,-10.48,0,0,-174.36999999999998,0.42105263157894735,0,0.10526315789473684,0,0,0.05555555555555555,-2.35,0.05555555555555555,1,1,0.0,-2.11,0,0.0,0,-0.93,0.16666666666666666,1",-29.05,-7.6,-0.87,nan,36.8
UCUUCUCAUUUAAGGUCAU,XXXUGACCCACCUCCUGGAAUGACCUUAAAUGAGAAGAGUGUUCAAAAUUCAAUUAC,0.5137956748695003,0,"-0.8,-2.35,-12.44,1,0,-169.54999999999998,0.47368421052631576,0,0.10526315789473684,0,0,0.05555555555555555,-2.08,0.05555555555555555,0,0,0.0,-1.1,0,0.0,0,-2.08,0.16666666666666666,0",-27.62,-7.36,-0.8,nan,31.6
CUCAUUUAAGGUCAUUCCA,XXXXXXXUGACCCACCUCCUGGAAUGACCUUAAAUGAGAAGAGUGUUCAAAAUUCAA,0.7188665175242356,1,"-0.87,-2.08,-10.48,0,0,-174.18,0.3684210526315789,0,0.10526315789473684,0,0,0.05555555555555555,-2.35,0.05555555555555555,1,1,0.05555555555555555,-2.11,0,0.0,0,-2.11,0.16666666666666666,1",-29.01,-3.76,-0.87,nan,36.8
UUUAAGGUCAUUCCAGGAG,XXXXXXXXXXXUGACCCACCUCCUGGAAUGACCUUAAAUGAGAAGAGUGUUCAAAAU,0.7479492915734526,1,"1.6,-0.93,-6.82,1,0,-178.23,0.3157894736842105,1,0.2631578947368421,0,0,0.1111111111111111,-0.93,0.05555555555555555,1,0,0.05555555555555555,-2.08,0,0.0,0,-3.26,0.16666666666666666,0",-31.14,-5.78,1.6,nan,42.1
UUAAGGUCAUUCCAGGAGG,XXXXXXXXXXXXUGACCCACCUCCUGGAAUGACCUUAAAUGAGAAGAGUGUUCAAAA,0.7404921700223713,1,"2.33,-0.93,-6.82,1,0,-184.8,0.2631578947368421,1,0.3157894736842105,0,0,0.16666666666666666,-1.33,0.05555555555555555,1,0,0.05555555555555555,-3.26,0,0.0,0,-2.11,0.1111111111111111,0",-33.47,-7.65,2.33,nan,47.4
AAUAUGUAUUCGUUUGCCA,AUAUUCCGACGAAUAUAUCUGGCAAACGAAUACAUAUUUXXXXXXXXXXXXXXXXXX,0.8202833706189412,1,"0.73,-0.93,-6.82,0,0,-165.21999999999997,0.42105263157894735,0,0.15789473684210525,0,0,0.0,-1.1,0.1111111111111111,0,0,0.05555555555555555,-2.11,0,0.05555555555555555,0,-0.93,0.16666666666666666,1",-26.89,-4.22,0.73,nan,31.6
UGUAUUCGUUUGCCAGAUA,UCUUAUAUUCCGACGAAUAUAUCUGGCAAACGAAUACAUAUUUXXXXXXXXXXXXXX,0.6830723340790456,1,"-0.33,-2.11,-10.44,1,0,-171.93999999999997,0.42105263157894735,0,0.21052631578947367,0,0,0.0,-2.24,0.1111111111111111,0,0,0.05555555555555555,-1.33,0,0.05555555555555555,0,-3.26,0.16666666666666666,1",-29.29,-6.22,-0.33,nan,36.8
AUUCGUUUGCCAGAUAUAU,AGCUCUUAUAUUCCGACGAAUAUAUCUGGCAAACGAAUACAUAUUUXXXXXXXXXXX,0.715137956748695,1,"0.0,-1.1,-9.38,0,0,-168.85999999999999,0.42105263157894735,0,0.15789473684210525,0,0,0.0,-0.93,0.1111111111111111,1,0,0.05555555555555555,-1.1,0,0.05555555555555555,0,-2.35,0.16666666666666666,0",-27.14,-4.75,0.0,nan,31.6
AUUCGUCGGAAUAUAAGAG,CUGACUUUGGCAUUGGCAGCUCUUAUAUUCCGACGAAUAUAUCUGGCAAACGAAUAC,0.7367636092468307,1,"1.43,-1.1,-9.38,0,0,-173.43999999999997,0.2631578947368421,0,0.2631578947368421,0,0,0.05555555555555555,-0.93,0.1111111111111111,1,0,0.0,-2.08,0,0.0,0,-1.1,0.05555555555555555,0",-27.99,-8.05,1.43,nan,36.8
CUGCCAAUGCCAAAGUCAG,AGCUGUACUGAUUGUCAUCCUGACUUUGGCAUUGGCAGCUCUUAUAUUCCGACGAAU,0.56972408650261,1,"0.0,-2.08,-10.48,0,0,-190.24999999999997,0.15789473684210525,0,0.21052631578947367,0,0,0.0,-2.11,0.0,1,1,0.1111111111111111,-2.08,0,0.1111111111111111,0,-0.93,0.0,0",-34.54,-7.94,0.0,nan,52.6
GGAUGACAAUCAGUACAGC,CACUGAUCAUGGUGGGUCAGCUGUACUGAUUGUCAUCCUGACUUUGGCAUUGGCAGC,0.465324384787472,0,"0.16,-3.26,-13.39,0,1,-192.16999999999996,0.15789473684210525,0,0.2631578947368421,1,0,0.05555555555555555,-2.35,0.05555555555555555,0,0,0.0,-3.42,0,0.05555555555555555,0,-2.24,0.0,0",-33.42,-7.72,0.16,nan,47.4
CAGUACAGCUGACCCACCA,GAGACAACCACACUGAUCAUGGUGGGUCAGCUGUACUGAUUGUCAUCCUGACUUUGG,0.6219239373601789,1,"-0.9,-2.11,-10.44,0,0,-197.09000000000003,0.10526315789473684,0,0.15789473684210525,0,0,0.0,-2.08,0.05555555555555555,0,1,0.16666666666666666,-2.11,0,0.05555555555555555,0,-3.26,0.0,1",-38.09,-7.54,-0.9,nan,57.9
GGUUGUCUCUUGGCUGGUG,ACCAGAUGUAAUCCAGGGCCACCAGCCAAGAGACAACCACACUGAUCAUGGUGGGUC,0.4161073825503356,0,"-0.7,-3.26,-13.39,0,1,-197.35999999999999,0.42105263157894735,0,0.42105263157894735,1,0,0.16666666666666666,-2.24,0.0,0,0,0.0,-2.11,0,0.05555555555555555,0,-3.42,0.1111111111111111,0",-37.07,-7.41,-0.7,nan,57.9
UUGGCUGGUGGCCCUGGAU,GUCUACUUCACCAGAUGUAAUCCAGGGCCACCAGCCAAGAGACAACCACACUGAUCA,0.5667412378821775,1,"0.17,-0.93,-6.82,1,0,-201.81,0.3157894736842105,1,0.42105263157894735,0,0,0.2222222222222222,-2.11,0.0,1,0,0.1111111111111111,-1.1,0,0.1111111111111111,0,-3.26,0.05555555555555555,0",-40.63,-11.7,0.17,nan,63.2
ACAUCUGGUGAAGUAGACA,CAGCAGAGUCAGAGAAGGUUGUCUACUUCACCAGAUGUAAUCCAGGGCCACCAGCCA,0.5451155853840417,1,"-0.13,-2.24,-11.4,0,0,-182.35,0.21052631578947367,0,0.2631578947368421,0,0,0.05555555555555555,-2.11,0.05555555555555555,0,0,0.0,-2.11,0,0.0,0,-2.24,0.0,1",-32.32,-8.92,-0.13,nan,42.1
GAAGUAGACAACCUUCUCU,CGGGCCCAGCAGCAGAGUCAGAGAAGGUUGUCUACUUCACCAGAUGUAAUCCAGGGC,0.5876211782252051,1,"-1.17,-2.35,-12.44,0,1,-181.01,0.2631578947368421,0,0.15789473684210525,0,0,0.0,-0.93,0.05555555555555555,0,0,0.05555555555555555,-2.08,0,0.0,0,-2.08,0.05555555555555555,0",-31.47,-6.02,-1.17,nan,42.1
ACUCUGCUGCUGGGCCCGG,CCAUGAGCCCUCGACAGCGCCGGGCCCAGCAGCAGAGUCAGAGAAGGUUGUCUACUU,0.3534675615212528,0,"1.47,-2.24,-11.4,0,0,-211.9799999999999,0.21052631578947367,0,0.3684210526315789,0,0,0.16666666666666666,-2.08,0.0,0,0,0.1111111111111111,-3.26,0,0.16666666666666666,0,-3.26,0.0,0",-43.62,-9.58,1.47,nan,73.7
CUGCUGCUGGGCCCGGCGC,CCUCCAUGAGCCCUCGACAGCGCCGGGCCCAGCAGCAGAGUCAGAGAAGGUUGUCUA,0.2632363907531693,0,"0.89,-2.08,-10.48,0,0,-221.77999999999992,0.15789473684210525,0,0.42105263157894735,0,0,0.16666666666666666,-2.11,0.0,1,1,0.1111111111111111,-3.42,0,0.2777777777777778,0,-3.26,0.0,0",-46.6,-10.23,0.89,nan,84.2
UUCUUAGCUACAGGUUGGG,GCAUCCUUUCAUCAACCUACCCAACCUGUAGCUAAGAAUACCUCCAUGAGCCCUCGA,0.5853840417598807,1,"2.33,-0.93,-6.82,1,0,-181.59999999999997,0.3684210526315789,1,0.3157894736842105,0,0,0.16666666666666666,-2.35,0.1111111111111111,1,0,0.0,-3.26,0,0.05555555555555555,0,-3.26,0.16666666666666666,0",-33.48,-7.65,2.33,nan,47.4
AGGUUGGGUAGGUUGAUGA,AUUCCUCAGCAGCAUCCUUUCAUCAACCUACCCAACCUGUAGCUAAGAAUACCUCCA,0.3571961222967934,0,"0.27,-2.08,-10.48,0,0,-184.57999999999998,0.3157894736842105,0,0.47368421052631576,0,0,0.2222222222222222,-3.26,0.05555555555555555,0,0,0.0,-2.35,0,0.0,0,-0.93,0.1111111111111111,1",-34.25,-10.97,0.27,nan,47.4
UGGGUAGGUUGAUGAAAGG,CAGAAUUCCUCAGCAGCAUCCUUUCAUCAACCUACCCAACCUGUAGCUAAGAAUACC,0.4190902311707681,0,"1.6,-2.11,-10.44,1,0,-183.71999999999997,0.2631578947368421,0,0.47368421052631576,0,0,0.2222222222222222,-3.26,0.05555555555555555,0,0,0.0,-3.26,0,0.0,0,-2.11,0.05555555555555555,0",-33.39,-11.34,1.6,nan,47.4
UGGCCGUAGCACCCUGGAA,AGAUGAUAUACCUACAACAUUCCAGGGUGCUACGGCCAGUACAUCGUACGGACUCCA,0.5600298284862043,1,"-0.73,-2.11,-10.44,1,0,-198.32999999999998,0.15789473684210525,0,0.3157894736842105,0,0,0.1111111111111111,-3.26,0.05555555555555555,0,0,0.16666666666666666,-0.93,0,0.1111111111111111,0,-3.26,0.0,1",-40.09,-11.33,-0.73,nan,63.2
GGUAUAUCAUCUUGUAAAU,CACUCUUUUUCACUAACUGAUUUACAAGAUGAUAUACCUACAACAUUCCAGGGUGCU,0.354958985831469,0,"-2.16,-3.26,-13.39,0,1,-166.14999999999998,0.42105263157894735,0,0.15789473684210525,1,0,0.05555555555555555,-2.24,0.16666666666666666,0,0,0.0,-1.1,0,0.0,0,-2.11,0.05555555555555555,0",-25.38,-5.36,-2.16,nan,26.3
UUGUAAAUCAGUUAGUGAA,CAGACUUAAACCACUCUUUUUCACUAACUGAUUUACAAGAUGAUAUACCUACAACAU,0.5033557046979866,0,"0.0,-0.93,-6.82,1,0,-159.17,0.3684210526315789,1,0.21052631578947367,0,0,0.0,-2.11,0.1111111111111111,1,0,0.0,-0.93,0,0.0,0,-1.33,0.1111111111111111,1",-25.33,-3.65,0.0,nan,26.3
AGUGGUUUAAGUCUGACUC,AUCUGGAAAGACUAUCUCUGAGUCAGACUUAAACCACUCUUUUUCACUAACUGAUUU,0.6614466815809098,1,"1.17,-2.08,-10.48,0,0,-179.93,0.3684210526315789,0,0.2631578947368421,0,0,0.05555555555555555,-2.24,0.05555555555555555,0,0,0.0,-2.35,0,0.0,0,-2.08,0.1111111111111111,0",-31.39,-7.17,1.17,nan,42.1
UUCCAGAUGAAUUGACUUC,GCAAAUAAGCUUUAAGGCAGAAGUCAAUUCAUCUGGAAAGACUAUCUCUGAGUCAGA,0.5615212527964206,1,"1.87,-0.93,-6.82,1,0,-177.97999999999996,0.3684210526315789,1,0.15789473684210525,0,0,0.0,-2.35,0.0,1,0,0.05555555555555555,-2.35,0,0.0,0,-2.11,0.16666666666666666,0",-29.12,-8.26,1.87,nan,36.8
UCCAGAUGAAUUGACUUCU,GGCAAAUAAGCUUUAAGGCAGAAGUCAAUUCAUCUGGAAAGACUAUCUCUGAGUCAG,0.5935868754660701,1,"-0.27,-2.35,-12.44,1,0,-177.91999999999996,0.3684210526315789,0,0.15789473684210525,0,0,0.0,-3.26,0.0,0,0,0.05555555555555555,-2.08,0,0.0,0,-2.35,0.1111111111111111,0",-29.82,-8.92,-0.27,nan,36.8
CCAGAUGAAUUGACUUCUG,AGGCAAAUAAGCUUUAAGGCAGAAGUCAAUUCAUCUGGAAAGACUAUCUCUGAGUCA,0.4511558538404175,0,"-0.7,-3.26,-13.39,0,0,-183.35999999999996,0.3157894736842105,0,0.21052631578947367,0,0,0.0,-2.11,0.0,0,1,0.05555555555555555,-2.11,1,0.0,0,-2.24,0.1111111111111111,0",-30.48,-7.56,-0.7,nan,42.1
CAGAUGAAUUGACUUCUGC,UAGGCAAAUAAGCUUUAAGGCAGAAGUCAAUUCAUCUGGAAAGACUAUCUCUGAGUC,0.4056674123788218,0,"0.86,-2.11,-10.44,0,0,-184.84999999999997,0.3157894736842105,0,0.21052631578947367,0,0,0.0,-2.08,0.0,0,1,0.0,-3.42,0,0.05555555555555555,0,-2.08,0.1111111111111111,0",-30.64,-5.93,0.86,nan,42.1
CUGCCUUAAAGCUUAUUUG,AGCCAAAGAACUGGCUAGGCAAAUAAGCUUUAAGGCAGAAGUCAAUUCAUCUGGAAA,0.4175988068605519,0,"0.03,-2.08,-10.48,0,0,-168.01999999999998,0.42105263157894735,0,0.15789473684210525,0,0,0.0,-2.11,0.1111111111111111,1,1,0.05555555555555555,-2.11,0,0.1111111111111111,0,-0.93,0.2222222222222222,0",-27.89,-8.14,0.03,nan,36.8
GUUCUUUGGCUUCUUGGUC,AAGCGAUUCAAGCCAAGCUGACCAAGAAGCCAAAGAACUGGCUAGGCAAAUAAGCUU,0.4228187919463086,0,"0.11,-2.24,-11.4,0,1,-184.59,0.5263157894736842,0,0.2631578947368421,0,0,0.1111111111111111,-0.93,0.0,1,0,0.0,-2.35,0,0.05555555555555555,0,-2.08,0.2777777777777778,0",-32.49,-4.79,0.11,nan,47.4
UCUUUGGCUUCUUGGUCAG,GGAAGCGAUUCAAGCCAAGCUGACCAAGAAGCCAAAGAACUGGCUAGGCAAAUAAGC,0.5451155853840417,1,"0.63,-2.35,-12.44,1,0,-183.57,0.47368421052631576,0,0.2631578947368421,0,0,0.1111111111111111,-2.08,0.0,0,0,0.0,-2.08,0,0.05555555555555555,0,-2.11,0.2222222222222222,0",-33.06,-8.64,0.63,nan,47.4
GCUUCCAGAUUUUAAAGGC,CCAUGAAGGAUGUCCUGUUGCCUUUAAAAUCUGGAAGCGAUUCAAGCCAAGCUGACC,0.3758389261744966,0,"0.0,-3.42,-14.88,0,1,-177.67999999999995,0.3157894736842105,0,0.21052631578947367,0,1,0.05555555555555555,-2.08,0.05555555555555555,0,0,0.05555555555555555,-3.42,0,0.1111111111111111,0,-1.33,0.2222222222222222,0",-30.33,-8.72,0.0,nan,42.1
UUCCAGAUUUUAAAGGCAA,UGCCAUGAAGGAUGUCCUGUUGCCUUUAAAAUCUGGAAGCGAUUCAAGCCAAGCUGA,0.5257270693512304,1,"0.0,-0.93,-6.82,1,0,-162.13999999999996,0.3157894736842105,1,0.15789473684210525,0,0,0.05555555555555555,-2.35,0.05555555555555555,1,0,0.05555555555555555,-0.93,0,0.05555555555555555,0,-0.93,0.2222222222222222,1",-26.97,-8.26,0.0,nan,31.6
UCCAGAUUUUAAAGGCAAC,CUGCCAUGAAGGAUGUCCUGUUGCCUUUAAAAUCUGGAAGCGAUUCAAGCCAAGCUG,0.4116331096196868,0,"0.79,-2.35,-12.44,1,0,-170.43999999999997,0.2631578947368421,0,0.15789473684210525,0,0,0.05555555555555555,-3.26,0.05555555555555555,0,0,0.05555555555555555,-2.24,0,0.05555555555555555,0,-2.08,0.16666666666666666,0",-28.73,-7.29,0.79,nan,36.8
GCAAGUGCUCUUCUUUCCU,UCUCUAGAUUACACUCCUGAGGAAAGAAGAGCACUUGCCAAAAAAUCACAAGAUUUC,0.5272184936614467,1,"-1.79,-3.42,-14.88,0,1,-185.1,0.42105263157894735,0,0.15789473684210525,0,1,0.0,-2.11,0.0,0,0,0.05555555555555555,-2.08,0,0.1111111111111111,0,-2.08,0.16666666666666666,0",-33.19,-8.8,-1.79,nan,47.4
AACCUAUGGCUCCCUCUCC,UGGGUUUAUGCCAACAAAAGGAGAGGGAGCCAUAGGUUCUCUAGAUUACACUCCUGA,0.4548844146159582,0,"2.33,-0.93,-6.82,0,0,-199.46999999999997,0.2631578947368421,0,0.10526315789473684,0,0,0.05555555555555555,-2.24,0.05555555555555555,0,0,0.2222222222222222,-3.26,0,0.05555555555555555,0,-3.26,0.0,0",-38.26,-7.58,2.33,nan,57.9
UGGCUCCCUCUCCUUUUGU,CAUCAUUGGGUUUAUGCCAACAAAAGGAGAGGGAGCCAUAGGUUCUCUAGAUUACAC,0.3109619686800894,0,"0.13,-2.11,-10.44,1,0,-189.36999999999998,0.47368421052631576,0,0.15789473684210525,0,0,0.05555555555555555,-3.26,0.0,0,0,0.16666666666666666,-2.24,0,0.05555555555555555,0,-2.08,0.16666666666666666,0",-36.09,-13.54,0.13,nan,52.6
CCCUCUCCUUUUGUUGGCA,UUAGCCAUCAUUGGGUUUAUGCCAACAAAAGGAGAGGGAGCCAUAGGUUCUCUAGAU,0.2140193885160328,0,"-1.6,-3.26,-13.39,0,0,-187.43,0.42105263157894735,0,0.15789473684210525,0,0,0.05555555555555555,-3.26,0.0,0,1,0.16666666666666666,-2.11,1,0.05555555555555555,0,-2.24,0.2222222222222222,1",-35.15,-11.29,-1.6,nan,52.6
UGAUGGCUAAUAAUGCUGU,GCCUUCGUGGAGUAUAAGGACAGCAUUAUUAGCCAUCAUUGGGUUUAUGCCAACAAA,0.4079045488441462,0,"0.13,-2.11,-10.44,1,0,-175.81999999999996,0.3684210526315789,0,0.2631578947368421,0,0,0.05555555555555555,-2.35,0.1111111111111111,0,0,0.0,-2.24,0,0.1111111111111111,0,-1.1,0.0,0",-30.12,-9.78,0.13,nan,36.8
UGGCUAAUAAUGCUGUCCU,GCAGCCUUCGUGGAGUAUAAGGACAGCAUUAUUAGCCAUCAUUGGGUUUAUGCCAAC,0.55779269202088,1,"-0.03,-2.11,-10.44,1,0,-179.86999999999998,0.3684210526315789,0,0.21052631578947367,0,0,0.05555555555555555,-3.26,0.1111111111111111,0,0,0.05555555555555555,-2.08,0,0.1111111111111111,0,-2.08,0.0,0",-32.25,-7.58,-0.03,nan,42.1
UAAUGCUGUCCUUAUACUC,AAACUUGGCAGCCUUCGUGGAGUAUAAGGACAGCAUUAUUAGCCAUCAUUGGGUUUA,0.6815809097688292,1,"1.47,-1.33,-7.69,1,0,-176.41,0.42105263157894735,0,0.10526315789473684,0,0,0.0,-0.93,0.16666666666666666,0,0,0.05555555555555555,-2.35,0,0.05555555555555555,0,-1.33,0.05555555555555555,0",-29.83,-7.21,1.47,nan,36.8
AGGAUGAUGGCCUGAGAUG,GCAAGAAAAUCUGUUUGAGCAUCUCAGGCCAUCAUCCUGAAACUUGGCAGCCUUCGU,0.482475764354959,0,"0.93,-2.08,-10.48,0,0,-198.81999999999996,0.21052631578947367,0,0.42105263157894735,0,0,0.1111111111111111,-3.26,0.0,0,0,0.05555555555555555,-2.11,0,0.05555555555555555,0,-2.11,0.0,0",-36.04,-7.73,0.93,nan,52.6
AUGAUGGCCUGAGAUGCUC,UGGGCAAGAAAAUCUGUUUGAGCAUCUCAGGCCAUCAUCCUGAAACUUGGCAGCCUU,0.4780014914243102,0,"1.7,-1.1,-9.38,0,0,-200.30999999999997,0.2631578947368421,0,0.3157894736842105,0,0,0.05555555555555555,-2.11,0.0,1,0,0.05555555555555555,-2.35,0,0.1111111111111111,0,-2.35,0.0,0",-36.2,-9.81,1.7,nan,52.6
UGGCCUGAGAUGCUCAAAC,GAAGUGGGCAAGAAAAUCUGUUUGAGCAUCUCAGGCCAUCAUCCUGAAACUUGGCAG,0.5413870246085011,1,"1.03,-2.11,-10.44,1,0,-194.14999999999998,0.21052631578947367,0,0.2631578947368421,0,0,0.05555555555555555,-3.26,0.0,0,0,0.05555555555555555,-2.24,0,0.1111111111111111,0,-2.08,0.0,0",-35.75,-11.94,1.03,nan,52.6
CCUGAGAUGCUCAAACAGA,UUUGAAGUGGGCAAGAAAAUCUGUUUGAGCAUCUCAGGCCAUCAUCCUGAAACUUGG,0.4175988068605519,0,"-1.36,-3.26,-13.39,0,0,-188.79999999999995,0.15789473684210525,0,0.21052631578947367,0,0,0.0,-2.08,0.0,0,1,0.05555555555555555,-2.35,1,0.05555555555555555,0,-0.93,0.0,1",-33.5,-7.53,-1.36,nan,47.4
CCCACUUCAAAUCGACCAU,AUUAUUCUCCUAACGGCUAAUGGUCGAUUUGAAGUGGGCAAGAAAAUCUGUUUGAGC,0.4198359433258761,0,"-2.16,-3.26,-13.39,0,0,-184.62,0.21052631578947367,0,0.05263157894736842,0,0,0.0,-3.26,0.0,0,1,0.16666666666666666,-1.1,1,0.0,0,-2.36,0.05555555555555555,0",-32.53,-8.88,-2.16,nan,47.4
CACUUCAAAUCGACCAUUA,GCAUUAUUCUCCUAACGGCUAAUGGUCGAUUUGAAGUGGGCAAGAAAAUCUGUUUGA,0.3452647278150634,0,"-1.23,-2.11,-10.44,0,0,-172.34999999999997,0.2631578947368421,0,0.05263157894736842,0,0,0.0,-2.24,0.05555555555555555,0,1,0.05555555555555555,-1.33,0,0.0,0,-2.24,0.1111111111111111,1",-28.27,-5.65,-1.23,nan,36.8
AAUCGACCAUUAGCCGUUA,CCACCAAGCAUUAUUCUCCUAACGGCUAAUGGUCGAUUUGAAGUGGGCAAGAAAAUC,0.6263982102908278,1,"0.4,-0.93,-6.82,0,0,-175.09,0.2631578947368421,0,0.15789473684210525,0,0,0.0,-1.1,0.1111111111111111,0,0,0.1111111111111111,-1.33,0,0.05555555555555555,0,-3.42,0.1111111111111111,1",-30.69,-9.12,0.4,nan,42.1
UAAUGCUUGGUGGUUUCAU,ACUGCCACCAGAGUAUCCCAUGAAACCACCAAGCAUUAUUCUCCUAACGGCUAAUGG,0.5078299776286354,0,"-0.23,-1.33,-7.69,1,0,-171.82,0.47368421052631576,0,0.2631578947368421,0,0,0.1111111111111111,-0.93,0.05555555555555555,0,0,0.0,-1.1,0,0.05555555555555555,0,-2.24,0.16666666666666666,0",-29.55,-5.58,-0.23,nan,36.8
CAUGGGAUACUCUGGUGGC,AUCACGGGCGGAUAGUACUGCCACCAGAGUAUCCCAUGAAACCACCAAGCAUUAUUC,0.3997017151379567,0,"0.86,-2.11,-10.44,0,0,-201.68,0.2631578947368421,0,0.3684210526315789,0,0,0.2222222222222222,-1.1,0.05555555555555555,0,1,0.0,-3.42,0,0.05555555555555555,0,-2.11,0.0,0",-37.68,-8.19,0.86,nan,57.9
ACUAUCCGCCCGUGAUAAA,UCCGAUUUUGAUGGAGGAGUUUAUCACGGGCGGAUAGUACUGCCACCAGAGUAUCCC,0.3862788963460105,0,"-0.86,-2.24,-11.4,0,0,-181.65999999999997,0.21052631578947367,0,0.15789473684210525,0,0,0.0,-2.08,0.1111111111111111,0,0,0.16666666666666666,-0.93,0,0.05555555555555555,0,-2.11,0.0,1",-33.02,-8.39,-0.86,nan,47.4
ACUCCUCCAUCAAAAUCGG,GUUAGAGGGCCCCCAGACUCCGAUUUUGAUGGAGGAGUUUAUCACGGGCGGAUAGUA,0.3579418344519015,0,"1.47,-2.24,-11.4,0,0,-185.69999999999993,0.21052631578947367,0,0.10526315789473684,0,0,0.05555555555555555,-2.08,0.0,0,0,0.1111111111111111,-3.26,0,0.0,0,-0.93,0.0,0",-32.61,-11.29,1.47,nan,47.4
GGCUGCGCAUGGUAAUGAU,GAAUUGAAAGAUCCAACAGAUCAUUACCAUGCGCAGCCUUUAGAGGAUAACCUUUUU,0.4116331096196868,0,"-2.16,-3.26,-13.39,0,1,-193.45999999999995,0.2631578947368421,0,0.3684210526315789,1,0,0.1111111111111111,-3.42,0.05555555555555555,0,0,0.0,-1.1,0,0.16666666666666666,0,-1.33,0.0,0",-35.27,-12.72,-2.16,nan,52.6
GAGCUGUCUGUUUGAACAU,GUACAAACAAAAUCCCGAAAUGUUCAAACAGACAGCUCGACXXXXXXXXXXXXXXXX,0.4817300521998509,0,"-1.7,-2.35,-12.44,0,1,-182.10999999999999,0.3684210526315789,0,0.2631578947368421,0,0,0.0,-2.08,0.0,0,0,0.0,-1.1,0,0.05555555555555555,0,-2.11,0.1111111111111111,0",-31.22,-9.74,-1.7,nan,42.1
CUGUCUGUUUGAACAUUUC,UCAGUACAAACAAAAUCCCGAAAUGUUCAAACAGACAGCUCGACXXXXXXXXXXXXX,0.5712155108128263,1,"0.27,-2.08,-10.48,0,0,-174.10999999999996,0.47368421052631576,0,0.15789473684210525,0,0,0.0,-2.11,0.0,1,1,0.0,-2.35,0,0.0,0,-2.24,0.2222222222222222,0",-28.03,-8.14,0.27,nan,36.8
UCUGUUUGAACAUUUCGGG,AAAUCAGUACAAACAAAAUCCCGAAAUGUUCAAACAGACAGCUCGACXXXXXXXXXX,0.6912751677852349,1,"1.36,-2.35,-12.44,1,0,-175.48999999999995,0.42105263157894735,0,0.2631578947368421,0,0,0.1111111111111111,-2.08,0.0,0,0,0.0,-3.26,0,0.0,0,-0.93,0.2222222222222222,0",-30.03,-6.31,1.36,nan,42.1
UUUGAACAUUUCGGGAUUU,UAGCAAAUCAGUACAAACAAAAUCCCGAAAUGUUCAAACAGACAGCUCGACXXXXXX,0.5503355704697986,1,"0.0,-0.93,-6.82,1,0,-162.47,0.47368421052631576,1,0.21052631578947367,0,0,0.1111111111111111,-0.93,0.0,1,0,0.0,-0.93,0,0.0,0,-3.26,0.3333333333333333,0",-26.11,-5.68,0.0,nan,31.6
UUUCGGGAUUUUGUUUGUA,UGCUGUAGUAGCAAAUCAGUACAAACAAAAUCCCGAAAUGUUCAAACAGACAGCUCG,0.4929157345264728,0,"0.4,-0.93,-6.82,1,0,-159.73999999999998,0.5789473684210527,1,0.2631578947368421,0,0,0.1111111111111111,-0.93,0.05555555555555555,1,0,0.0,-1.33,0,0.0,0,-2.24,0.3888888888888889,1",-26.23,-9.52,0.4,nan,31.6
UUCGGGAUUUUGUUUGUAC,AUGCUGUAGUAGCAAAUCAGUACAAACAAAAUCCCGAAAUGUUCAAACAGACAGCUC,0.5510812826249067,1,"1.76,-0.93,-6.82,1,0,-168.04,0.5263157894736842,1,0.2631578947368421,0,0,0.1111111111111111,-2.35,0.05555555555555555,1,0,0.0,-2.24,0,0.0,0,-0.93,0.3333333333333333,0",-27.99,-9.69,1.76,nan,36.8
CGGGAUUUUGUUUGUACUG,GGAUGCUGUAGUAGCAAAUCAGUACAAACAAAAUCCCGAAAUGUUCAAACAGACAGC,0.5227442207307978,1,"0.2,-2.36,-10.64,0,0,-173.42,0.47368421052631576,0,0.3157894736842105,0,0,0.1111111111111111,-3.26,0.05555555555555555,0,1,0.0,-2.11,0,0.0,1,-2.11,0.2777777777777778,0",-29.35,-7.29,0.2,nan,42.1
UUGUUUGUACUGAUUUGCU,AUCCACAGGAUGCUGUAGUAGCAAAUCAGUACAAACAAAAUCCCGAAAUGUUCAAAC,0.5801640566741239,1,"0.7,-0.93,-6.82,1,0,-164.35999999999996,0.5789473684210527,1,0.21052631578947367,0,0,0.0,-2.11,0.05555555555555555,1,0,0.0,-2.08,0,0.05555555555555555,0,-1.1,0.2777777777777778,0",-27.18,-5.57,0.7,nan,31.6
UUGUACUGAUUUGCUACUA,GAUGAUCCACAGGAUGCUGUAGUAGCAAAUCAGUACAAACAAAAUCCCGAAAUGUUC,0.6554809843400448,1,"0.4,-0.93,-6.82,1,0,-166.13999999999996,0.47368421052631576,1,0.15789473684210525,0,0,0.0,-2.11,0.16666666666666666,1,0,0.0,-1.33,0,0.05555555555555555,0,-3.42,0.16666666666666666,1",-27.95,-7.57,0.4,nan,31.6
UGUACUGAUUUGCUACUAC,AGAUGAUCCACAGGAUGCUGUAGUAGCAAAUCAGUACAAACAAAAUCCCGAAAUGUU,0.6868008948545862,1,"1.03,-2.11,-10.44,1,0,-174.44,0.42105263157894735,0,0.15789473684210525,0,0,0.0,-2.24,0.16666666666666666,0,0,0.0,-2.24,0,0.05555555555555555,0,-2.08,0.1111111111111111,0",-29.71,-7.81,1.03,nan,36.8
ACUGAUUUGCUACUACAGC,GCCAGAUGAUCCACAGGAUGCUGUAGUAGCAAAUCAGUACAAACAAAAUCCCGAAAU,0.6517524235645041,1,"1.63,-2.24,-11.4,0,0,-180.71,0.3157894736842105,0,0.15789473684210525,0,0,0.0,-2.08,0.1111111111111111,0,0,0.0,-3.42,0,0.1111111111111111,0,-2.08,0.1111111111111111,0",-31.64,-4.96,1.63,nan,42.1
GAUUUGCUACUACAGCAUC,AGAGCCAGAUGAUCCACAGGAUGCUGUAGUAGCAAAUCAGUACAAACAAAAUCCCGA,0.48844146159582397,0,"0.0,-2.35,-12.44,0,1,-184.37,0.3157894736842105,0,0.15789473684210525,0,0,0.0,-1.1,0.1111111111111111,0,0,0.0,-2.35,0,0.1111111111111111,0,-2.11,0.1111111111111111,0",-31.22,-5.58,0.0,nan,42.1
UUUGCUACUACAGCAUCCU,GCAGAGCCAGAUGAUCCACAGGAUGCUGUAGUAGCAAAUCAGUACAAACAAAAUCCC,0.6868008948545862,1,"0.7,-0.93,-6.82,1,0,-178.98,0.3684210526315789,1,0.10526315789473684,0,0,0.0,-0.93,0.1111111111111111,1,0,0.05555555555555555,-2.08,0,0.1111111111111111,0,-3.42,0.1111111111111111,0",-32.21,-7.57,0.7,nan,42.1
UUGCUACUACAGCAUCCUG,UGCAGAGCCAGAUGAUCCACAGGAUGCUGUAGUAGCAAAUCAGUACAAACAAAAUCC,0.6935123042505593,1,"1.63,-0.93,-6.82,1,0,-186.31999999999996,0.3157894736842105,1,0.15789473684210525,0,0,0.0,-2.11,0.1111111111111111,1,0,0.05555555555555555,-2.11,0,0.1111111111111111,0,-2.11,0.05555555555555555,0",-33.84,-8.27,1.63,nan,47.4
UGCUACUACAGCAUCCUGU,CUGCAGAGCCAGAUGAUCCACAGGAUGCUGUAGUAGCAAAUCAGUACAAACAAAAUC,0.6703952274422074,1,"0.13,-2.11,-10.44,1,0,-187.18,0.3157894736842105,0,0.15789473684210525,0,0,0.0,-3.42,0.1111111111111111,0,0,0.05555555555555555,-2.24,0,0.1111111111111111,0,-1.1,0.0,0",-34.7,-7.94,0.13,nan,47.4
CUACAGCAUCCUGUGGAUC,GGCAGCUGCAGAGCCAGAUGAUCCACAGGAUGCUGUAGUAGCAAAUCAGUACAAACA,0.5041014168530947,0,"0.27,-2.08,-10.48,0,0,-197.82,0.2631578947368421,0,0.21052631578947367,0,0,0.05555555555555555,-1.33,0.05555555555555555,1,1,0.05555555555555555,-2.35,0,0.05555555555555555,0,-2.24,0.0,0",-35.59,-8.3,0.27,nan,52.6
AGCAUCCUGUGGAUCAUCU,UAUUGGCAGCUGCAGAGCCAGAUGAUCCACAGGAUGCUGUAGUAGCAAAUCAGUACA,0.5070842654735273,0,"0.0,-2.08,-10.48,0,0,-193.10999999999999,0.3157894736842105,0,0.21052631578947367,0,0,0.05555555555555555,-3.42,0.0,0,0,0.05555555555555555,-2.08,0,0.05555555555555555,0,-1.1,0.0,0",-34.57,-9.78,0.0,nan,47.4
CAUCCUGUGGAUCAUCUGG,ACUAUUGGCAGCUGCAGAGCCAGAUGAUCCACAGGAUGCUGUAGUAGCAAAUCAGUA,0.4973900074571216,0,"0.7,-2.11,-10.44,0,0,-199.01999999999998,0.3157894736842105,0,0.2631578947368421,0,0,0.1111111111111111,-1.1,0.0,0,1,0.05555555555555555,-3.26,0,0.0,0,-2.11,0.0,0",-35.34,-8.15,0.7,nan,52.6
AUCCUGUGGAUCAUCUGGC,CACUAUUGGCAGCUGCAGAGCCAGAUGAUCCACAGGAUGCUGUAGUAGCAAAUCAGU,0.5585384041759881,1,"2.32,-1.1,-9.38,0,0,-199.73999999999995,0.3157894736842105,0,0.2631578947368421,0,0,0.1111111111111111,-2.35,0.0,1,0,0.05555555555555555,-3.42,0,0.05555555555555555,0,-1.1,0.0,0",-36.2,-9.61,2.32,nan,52.6
UGUGGAUCAUCUGGCUCUG,CAAGCACUAUUGGCAGCUGCAGAGCCAGAUGAUCCACAGGAUGCUGUAGUAGCAAAU,0.6152125279642058,1,"0.9,-2.11,-10.44,1,0,-197.89,0.3684210526315789,0,0.3157894736842105,0,0,0.1111111111111111,-2.24,0.0,0,0,0.0,-2.11,0,0.05555555555555555,0,-3.26,0.0,0",-36.03,-9.32,0.9,nan,52.6
AUCUGGCUCUGCAGCUGCC,UGUCAUUGCAAGCACUAUUGGCAGCUGCAGAGCCAGAUGAUCCACAGGAUGCUGUAG,0.6099925428784488,1,"2.16,-1.1,-9.38,0,0,-207.39,0.2631578947368421,0,0.2631578947368421,0,0,0.05555555555555555,-2.35,0.0,1,0,0.05555555555555555,-3.26,0,0.2222222222222222,0,-2.08,0.0,0",-40.3,-10.31,2.16,nan,63.2
UGGCUCUGCAGCUGCCAAU,UAUUGUCAUUGCAAGCACUAUUGGCAGCUGCAGAGCCAGAUGAUCCACAGGAUGCUG,0.6338553318419089,1,"-0.56,-2.11,-10.44,1,0,-198.01,0.2631578947368421,0,0.2631578947368421,0,0,0.05555555555555555,-3.26,0.0,0,0,0.05555555555555555,-1.1,0,0.2222222222222222,0,-2.11,0.0,0",-38.46,-11.21,-0.56,nan,57.9
CUCUGCAGCUGCCAAUAGU,UAUUAUUGUCAUUGCAAGCACUAUUGGCAGCUGCAGAGCCAGAUGAUCCACAGGAUG,0.4623415361670395,0,"-0.74,-2.08,-10.48,0,0,-192.58999999999997,0.2631578947368421,0,0.21052631578947367,0,0,0.0,-2.35,0.05555555555555555,1,1,0.05555555555555555,-2.24,0,0.16666666666666666,0,-2.11,0.0,0",-35.77,-9.61,-0.74,nan,52.6
UAGUGCUUGCAAUGACAAU,UGACUCUCCGCACGGUAUUAUUGUCAUUGCAAGCACUAUUGGCAGCUGCAGAGCCAG,0.6368381804623415,1,"-0.23,-1.33,-7.69,1,0,-174.01999999999998,0.3157894736842105,0,0.21052631578947367,0,0,0.0,-2.08,0.05555555555555555,0,0,0.0,-1.1,0,0.1111111111111111,0,-2.11,0.05555555555555555,0",-29.71,-7.87,-0.23,nan,36.8
AGUGCUUGCAAUGACAAUA,AUGACUCUCCGCACGGUAUUAUUGUCAUUGCAAGCACUAUUGGCAGCUGCAGAGCCA,0.6651752423564504,1,"-0.3,-2.08,-10.48,0,0,-174.01999999999998,0.2631578947368421,0,0.21052631578947367,0,0,0.0,-2.24,0.05555555555555555,0,0,0.0,-1.33,0,0.1111111111111111,0,-2.35,0.05555555555555555,1",-29.71,-8.8,-0.3,nan,36.8
UGACAAUAAUACCGUGCGG,GGGCAGCUGCAAUGACUCUCCGCACGGUAUUAUUGUCAUUGCAAGCACUAUUGGCAG,0.4720357941834452,0,"1.6,-2.11,-10.44,1,0,-181.34999999999997,0.21052631578947367,0,0.2631578947368421,0,0,0.05555555555555555,-2.35,0.1111111111111111,0,0,0.05555555555555555,-3.26,0,0.05555555555555555,0,-2.36,0.0,0",-32.24,-5.52,1.6,nan,47.4
AUACCGUGCGGAGAGUCAU,AGAUCAAUGGGCAGCUGCAAUGACUCUCCGCACGGUAUUAUUGUCAUUGCAAGCACU,0.639075316927666,1,"0.0,-1.1,-9.38,0,0,-191.7,0.21052631578947367,0,0.3157894736842105,0,0,0.05555555555555555,-1.33,0.05555555555555555,1,0,0.05555555555555555,-1.1,0,0.05555555555555555,0,-2.35,0.0,0",-35.35,-9.0,0.0,nan,52.6
UGCGGAGAGUCAUUGCAGC,CCUGAAAGAUCAAUGGGCAGCUGCAAUGACUCUCCGCACGGUAUUAUUGUCAUUGCA,0.6495152870991797,1,"1.76,-2.11,-10.44,1,0,-199.45999999999998,0.21052631578947367,0,0.3684210526315789,0,0,0.05555555555555555,-3.42,0.0,0,0,0.0,-3.42,0,0.16666666666666666,0,-0.93,0.05555555555555555,0",-37.34,-11.28,1.76,nan,57.9
GGAGAGUCAUUGCAGCUGC,UAUCCUGAAAGAUCAAUGGGCAGCUGCAAUGACUCUCCGCACGGUAUUAUUGUCAUU,0.3534675615212528,0,"0.16,-3.26,-13.39,0,1,-203.01999999999995,0.21052631578947367,0,0.3684210526315789,1,0,0.05555555555555555,-2.35,0.0,0,0,0.0,-3.42,0,0.16666666666666666,0,-2.11,0.05555555555555555,0",-37.51,-9.36,0.16,nan,57.9
GAGAGUCAUUGCAGCUGCC,AUAUCCUGAAAGAUCAAUGGGCAGCUGCAAUGACUCUCCGCACGGUAUUAUUGUCAU,0.4295302013422818,0,"0.46,-2.35,-12.44,0,1,-203.01999999999998,0.21052631578947367,0,0.3157894736842105,0,0,0.0,-2.08,0.0,0,0,0.05555555555555555,-3.26,0,0.16666666666666666,0,-2.08,0.05555555555555555,0",-37.51,-8.22,0.46,nan,57.9
GAGUCAUUGCAGCUGCCCA,GGAUAUCCUGAAAGAUCAAUGGGCAGCUGCAAUGACUCUCCGCACGGUAUUAUUGUC,0.3296047725577927,0,"-1.14,-2.35,-12.44,0,1,-200.20999999999998,0.21052631578947367,0,0.2631578947368421,0,0,0.0,-2.08,0.0,0,0,0.1111111111111111,-2.11,0,0.16666666666666666,0,-2.08,0.05555555555555555,1",-38.0,-5.82,-1.14,nan,57.9
AUUGCAGCUGCCCAUUGAU,UGUUUGGAUAUCCUGAAAGAUCAAUGGGCAGCUGCAAUGACUCUCCGCACGGUAUUA,0.360924683072334,0,"0.0,-1.1,-9.38,0,0,-187.74999999999997,0.3157894736842105,0,0.21052631578947367,0,0,0.0,-0.93,0.0,1,0,0.1111111111111111,-1.1,0,0.16666666666666666,0,-2.11,0.1111111111111111,0",-34.01,-9.53,0.0,nan,47.4
GCUGCCCAUUGAUCUUUCA,GCUAUUUGUUUGGAUAUCCUGAAAGAUCAAUGGGCAGCUGCAAUGACUCUCCGCACG,0.4272930648769574,0,"-1.76,-3.42,-14.88,0,1,-188.46999999999994,0.3684210526315789,0,0.15789473684210525,0,1,0.0,-2.08,0.0,0,0,0.1111111111111111,-2.11,0,0.1111111111111111,0,-2.35,0.16666666666666666,1",-33.46,-11.7,-1.76,nan,47.4
CUGCCCAUUGAUCUUUCAG,GGCUAUUUGUUUGGAUAUCCUGAAAGAUCAAUGGGCAGCUGCAAUGACUCUCCGCAC,0.5906040268456376,1,"0.0,-2.08,-10.48,0,0,-187.78999999999996,0.3684210526315789,0,0.15789473684210525,0,0,0.0,-2.11,0.0,1,1,0.1111111111111111,-2.08,0,0.05555555555555555,0,-2.08,0.16666666666666666,0",-32.57,-10.27,0.0,nan,47.4
UCUUUCAGGAUAUCCAAAC,UCCGUCACAGGGGCUAUUUGUUUGGAUAUCCUGAAAGAUCAAUGGGCAGCUGCAAUG,0.6495152870991797,1,"0.79,-2.35,-12.44,1,0,-176.17999999999998,0.3157894736842105,0,0.10526315789473684,0,0,0.05555555555555555,-2.08,0.05555555555555555,0,0,0.05555555555555555,-2.24,0,0.0,0,-2.35,0.1111111111111111,0",-29.25,-6.39,0.79,nan,36.8
CUUUCAGGAUAUCCAAACA,UUCCGUCACAGGGGCUAUUUGUUUGGAUAUCCUGAAAGAUCAAUGGGCAGCUGCAAU,0.4377330350484713,0,"-0.87,-2.08,-10.48,0,0,-174.17999999999998,0.2631578947368421,0,0.10526315789473684,0,0,0.05555555555555555,-0.93,0.05555555555555555,1,1,0.05555555555555555,-2.11,0,0.0,0,-3.26,0.1111111111111111,1",-29.01,-7.12,-0.87,nan,36.8
UUCAGGAUAUCCAAACAAA,AGUUCCGUCACAGGGGCUAUUUGUUUGGAUAUCCUGAAAGAUCAAUGGGCAGCUGCA,0.5883668903803132,1,"0.0,-0.93,-6.82,1,0,-166.79999999999995,0.21052631578947367,1,0.10526315789473684,0,0,0.05555555555555555,-2.35,0.05555555555555555,1,0,0.05555555555555555,-0.93,0,0.0,0,-0.93,0.05555555555555555,1",-27.41,-8.26,0.0,nan,31.6
UAUCCAAACAAAUAGCCCC,UAAUAUUAGUUCCGUCACAGGGGCUAUUUGUUUGGAUAUCCUGAAAGAUCAAUGGGC,0.6055182699478002,1,"1.93,-1.33,-7.69,1,0,-177.72999999999996,0.15789473684210525,0,0.05263157894736842,0,0,0.0,-1.1,0.1111111111111111,0,0,0.2222222222222222,-3.26,0,0.05555555555555555,0,-1.33,0.0,0",-31.39,-5.69,1.93,nan,42.1
AUCCAAACAAAUAGCCCCU,CUAAUAUUAGUUCCGUCACAGGGGCUAUUUGUUUGGAUAUCCUGAAAGAUCAAUGGG,0.529455630126771,1,"0.53,-1.1,-9.38,0,0,-176.79999999999998,0.15789473684210525,0,0.05263157894736842,0,0,0.0,-2.35,0.05555555555555555,1,0,0.2222222222222222,-2.08,0,0.05555555555555555,0,-2.08,0.0,0",-31.69,-7.28,0.53,nan,42.1
AAUAGCCCCUGUGACGGAA,UAUGGCAUCCUAAUAUUAGUUCCGUCACAGGGGCUAUUUGUUUGGAUAUCCUGAAAG,0.4138702460850112,0,"0.0,-0.93,-6.82,0,0,-188.26,0.15789473684210525,0,0.2631578947368421,0,0,0.05555555555555555,-1.1,0.05555555555555555,0,0,0.16666666666666666,-0.93,0,0.05555555555555555,0,-2.35,0.0,1",-35.68,-9.91,0.0,nan,52.6
UGACGGAACUAAUAUUAGG,UAUCACUAAAAUAUGGCAUCCUAAUAUUAGUUCCGUCACAGGGGCUAUUUGUUUGGA,0.5585384041759881,1,"1.6,-2.11,-10.44,1,0,-171.45999999999998,0.2631578947368421,0,0.2631578947368421,0,0,0.1111111111111111,-2.35,0.16666666666666666,0,0,0.0,-3.26,0,0.0,0,-1.33,0.05555555555555555,0",-28.77,-8.95,1.6,nan,36.8
ACGGAACUAAUAUUAGGAU,UUUAUCACUAAAAUAUGGCAUCCUAAUAUUAGUUCCGUCACAGGGGCUAUUUGUUUG,0.3967188665175242,0,"-0.69,-2.24,-11.4,0,0,-166.67999999999995,0.2631578947368421,0,0.21052631578947367,0,0,0.1111111111111111,-2.36,0.16666666666666666,0,0,0.0,-1.1,0,0.0,0,-0.93,0.05555555555555555,0",-27.31,-8.68,-0.69,nan,31.6
AACUAAUAUUAGGAUGCCA,CCGGUUUAUCACUAAAAUAUGGCAUCCUAAUAUUAGUUCCGUCACAGGGGCUAUUUG,0.459358687546607,0,"0.73,-0.93,-6.82,0,0,-167.95999999999998,0.2631578947368421,0,0.15789473684210525,0,0,0.05555555555555555,-2.24,0.16666666666666666,0,0,0.05555555555555555,-2.11,0,0.05555555555555555,0,-2.35,0.05555555555555555,1",-28.0,-4.02,0.73,nan,31.6
UAUUAGGAUGCCAUAUUUU,UAAGGUCCGGUUUAUCACUAAAAUAUGGCAUCCUAAUAUUAGUUCCGUCACAGGGGC,0.5018642803877703,0,"-0.4,-1.33,-7.69,1,0,-162.27999999999997,0.47368421052631576,0,0.15789473684210525,0,0,0.05555555555555555,-1.1,0.16666666666666666,0,0,0.05555555555555555,-0.93,0,0.05555555555555555,0,-1.1,0.2222222222222222,0",-25.71,-6.06,-0.4,nan,26.3
UAGGAUGCCAUAUUUUAGU,CCCUAAGGUCCGGUUUAUCACUAAAAUAUGGCAUCCUAAUAUUAGUUCCGUCACAGG,0.5667412378821775,1,"0.46,-1.33,-7.69,1,0,-167.95999999999998,0.42105263157894735,0,0.21052631578947367,0,0,0.05555555555555555,-2.08,0.16666666666666666,0,0,0.05555555555555555,-2.24,0,0.05555555555555555,0,-0.93,0.16666666666666666,0",-28.0,-9.78,0.46,nan,31.6
CAUAUUUUAGUGAUAAACC,UUUAAUCCCCCUAAGGUCCGGUUUAUCACUAAAAUAUGGCAUCCUAAUAUUAGUUCC,0.6055182699478002,1,"0.7,-2.11,-10.44,0,0,-161.69,0.3684210526315789,0,0.10526315789473684,0,0,0.0,-1.1,0.16666666666666666,0,1,0.05555555555555555,-3.26,0,0.0,0,-1.1,0.16666666666666666,0",-24.24,-1.33,0.7,nan,26.3
UAUUUUAGUGAUAAACCGG,CAUUUAAUCCCCCUAAGGUCCGGUUUAUCACUAAAAUAUGGCAUCCUAAUAUUAGUU,0.6689038031319909,1,"1.93,-1.33,-7.69,1,0,-162.17999999999995,0.3684210526315789,0,0.21052631578947367,0,0,0.05555555555555555,-1.1,0.16666666666666666,0,0,0.05555555555555555,-3.26,0,0.0,0,-0.93,0.16666666666666666,0",-26.2,-2.76,1.93,nan,31.6
AUUUUAGUGAUAAACCGGA,CCAUUUAAUCCCCCUAAGGUCCGGUUUAUCACUAAAAUAUGGCAUCCUAAUAUUAGU,0.5443698732289336,1,"0.8,-1.1,-9.38,0,0,-163.20999999999998,0.3157894736842105,0,0.21052631578947367,0,0,0.05555555555555555,-0.93,0.1111111111111111,1,0,0.05555555555555555,-2.35,0,0.0,0,-0.93,0.16666666666666666,1",-26.77,-3.45,0.8,nan,31.6
AUUAAAUGGGUAUGUUUCU,AACUAGAGAUAAAAAUACCAGAAACAUACCCAUUUAAUCCCCCUAAGGUCCGGUUUA,0.5391498881431768,1,"0.53,-1.1,-9.38,0,0,-159.95,0.47368421052631576,0,0.21052631578947367,0,0,0.1111111111111111,-0.93,0.1111111111111111,1,0,0.0,-2.08,0,0.0,0,-2.11,0.16666666666666666,0",-25.27,-2.79,0.53,nan,26.3
UAAAUGGGUAUGUUUCUGG,CCAACUAGAGAUAAAAAUACCAGAAACAUACCCAUUUAAUCCCCCUAAGGUCCGGUU,0.5398956002982849,1,"1.93,-1.33,-7.69,1,0,-171.29999999999995,0.42105263157894735,0,0.3157894736842105,0,0,0.16666666666666666,-0.93,0.1111111111111111,0,0,0.0,-3.26,0,0.0,0,-0.93,0.1111111111111111,0",-29.06,-7.05,1.93,nan,36.8
AUGGGUAUGUUUCUGGUAU,AUACCAACUAGAGAUAAAAAUACCAGAAACAUACCCAUUUAAUCCCCCUAAGGUCCG,0.5689783743475019,1,"0.0,-1.1,-9.38,0,0,-174.72,0.47368421052631576,0,0.3157894736842105,0,0,0.16666666666666666,-2.11,0.1111111111111111,1,0,0.0,-1.1,0,0.0,0,-2.08,0.1111111111111111,0",-30.09,-8.31,0.0,nan,36.8
UUUUAUCUCUAGUUGGUAU,CACCAUAUGAAGGAGGAAGAUACCAACUAGAGAUAAAAAUACCAGAAACAUACCCAU,0.5853840417598807,1,"0.17,-0.93,-6.82,1,0,-161.01000000000002,0.5789473684210527,1,0.15789473684210525,0,0,0.05555555555555555,-0.93,0.16666666666666666,1,0,0.0,-1.1,0,0.0,0,-0.93,0.2222222222222222,0",-25.71,-3.73,0.17,nan,26.3
UCUAGUUGGUAUCUUCCUC,CCAGACACACCAUAUGAAGGAGGAAGAUACCAACUAGAGAUAAAAAUACCAGAAACA,0.5913497390007457,1,"0.9,-2.35,-12.44,1,0,-182.77,0.47368421052631576,0,0.15789473684210525,0,0,0.05555555555555555,-2.08,0.1111111111111111,0,0,0.05555555555555555,-2.35,0,0.0,0,-2.08,0.1111111111111111,0",-31.91,-6.68,0.9,nan,42.1
UAGUUGGUAUCUUCCUCCU,CUCCAGACACACCAUAUGAAGGAGGAAGAUACCAACUAGAGAUAAAAAUACCAGAAA,0.5622669649515287,1,"0.3,-1.33,-7.69,1,0,-179.99999999999997,0.47368421052631576,0,0.15789473684210525,0,0,0.05555555555555555,-2.08,0.1111111111111111,0,0,0.1111111111111111,-2.08,0,0.0,0,-2.35,0.1111111111111111,0",-32.37,-7.87,0.3,nan,42.1
AGUUGGUAUCUUCCUCCUU,CCUCCAGACACACCAUAUGAAGGAGGAAGAUACCAACUAGAGAUAAAAAUACCAGAA,0.5078299776286354,0,"-0.7,-2.08,-10.48,0,0,-179.12999999999997,0.47368421052631576,0,0.15789473684210525,0,0,0.05555555555555555,-2.24,0.05555555555555555,0,0,0.1111111111111111,-0.93,0,0.0,0,-3.26,0.16666666666666666,0",-31.97,-7.57,-0.7,nan,42.1
UUGGUAUCUUCCUCCUUCA,GACCUCCAGACACACCAUAUGAAGGAGGAAGAUACCAACUAGAGAUAAAAAUACCAG,0.6167039522744221,1,"0.73,-0.93,-6.82,1,0,-180.12999999999997,0.47368421052631576,1,0.10526315789473684,0,0,0.05555555555555555,-2.11,0.05555555555555555,1,0,0.1111111111111111,-2.11,0,0.0,0,-2.35,0.16666666666666666,1",-32.11,-7.85,0.73,nan,42.1
CUUCCUCCUUCAUAUGGUG,AUAGCAGGACCUCCAGACACACCAUAUGAAGGAGGAAGAUACCAACUAGAGAUAAAA,0.5182699478001491,0,"0.03,-2.08,-10.48,0,0,-188.12999999999997,0.42105263157894735,0,0.15789473684210525,0,0,0.05555555555555555,-0.93,0.05555555555555555,1,1,0.1111111111111111,-2.11,0,0.0,0,-1.33,0.1111111111111111,0",-32.94,-9.69,0.03,nan,47.4
CUCCUUCAUAUGGUGUGUC,AGAAAUAGCAGGACCUCCAGACACACCAUAUGAAGGAGGAAGAUACCAACUAGAGAU,0.4787472035794183,0,"0.27,-2.08,-10.48,0,0,-190.68,0.42105263157894735,0,0.21052631578947367,0,0,0.05555555555555555,-2.35,0.05555555555555555,1,1,0.05555555555555555,-2.35,0,0.0,0,-2.24,0.05555555555555555,0",-33.26,-8.09,0.27,nan,47.4
UCCUUCAUAUGGUGUGUCU,GAGAAAUAGCAGGACCUCCAGACACACCAUAUGAAGGAGGAAGAUACCAACUAGAGA,0.6040268456375839,1,"-0.27,-2.35,-12.44,1,0,-183.23999999999998,0.47368421052631576,0,0.21052631578947367,0,0,0.05555555555555555,-3.26,0.05555555555555555,0,0,0.05555555555555555,-2.08,0,0.0,0,-2.11,0.05555555555555555,0",-32.36,-7.29,-0.27,nan,42.1
CCUUCAUAUGGUGUGUCUG,GGAGAAAUAGCAGGACCUCCAGACACACCAUAUGAAGGAGGAAGAUACCAACUAGAG,0.5428784489187174,1,"-0.7,-3.26,-13.39,0,0,-188.67999999999998,0.42105263157894735,0,0.2631578947368421,0,0,0.05555555555555555,-2.08,0.05555555555555555,0,1,0.05555555555555555,-2.11,1,0.0,0,-2.24,0.05555555555555555,0",-33.02,-5.36,-0.7,nan,47.4
UUCAUAUGGUGUGUCUGGA,GAGGAGAAAUAGCAGGACCUCCAGACACACCAUAUGAAGGAGGAAGAUACCAACUAG,0.5510812826249067,1,"0.97,-0.93,-6.82,1,0,-183.2,0.42105263157894735,1,0.3157894736842105,0,0,0.1111111111111111,-2.35,0.05555555555555555,1,0,0.0,-2.35,0,0.0,0,-2.24,0.05555555555555555,1",-32.39,-5.56,0.97,nan,42.1
CAUAUGGUGUGUCUGGAGG,AAGAGGAGAAAUAGCAGGACCUCCAGACACACCAUAUGAAGGAGGAAGAUACCAACU,0.4988814317673378,0,"0.7,-2.11,-10.44,0,0,-195.25,0.3157894736842105,0,0.42105263157894735,0,0,0.16666666666666666,-1.1,0.05555555555555555,0,1,0.0,-3.26,0,0.0,0,-2.08,0.0,0",-35.35,-6.15,0.7,nan,52.6
UGGUGUGUCUGGAGGUCCU,AAUUAAGAGGAGAAAUAGCAGGACCUCCAGACACACCAUAUGAAGGAGGAAGAUACC,0.5563012677106637,1,"-0.03,-2.11,-10.44,1,0,-198.63000000000002,0.3684210526315789,0,0.42105263157894735,0,0,0.16666666666666666,-3.26,0.0,0,0,0.05555555555555555,-2.08,0,0.0,0,-2.08,0.0,0",-38.74,-9.66,-0.03,nan,57.9
UGUCUGGAGGUCCUGCUAU,UACAGAAUUAAGAGGAGAAAUAGCAGGACCUCCAGACACACCAUAUGAAGGAGGAAG,0.5205070842654735,0,"-0.56,-2.11,-10.44,1,0,-194.42999999999995,0.3684210526315789,0,0.3157894736842105,0,0,0.1111111111111111,-2.24,0.05555555555555555,0,0,0.05555555555555555,-1.1,0,0.05555555555555555,0,-2.08,0.0,0",-36.82,-9.85,-0.56,nan,52.6
GUCUGGAGGUCCUGCUAUU,UUACAGAAUUAAGAGGAGAAAUAGCAGGACCUCCAGACACACCAUAUGAAGGAGGAA,0.41834451901566,0,"-1.76,-2.24,-11.4,0,1,-194.52999999999997,0.3684210526315789,0,0.3157894736842105,0,0,0.1111111111111111,-2.35,0.05555555555555555,1,0,0.05555555555555555,-0.93,0,0.05555555555555555,0,-2.11,0.05555555555555555,0",-36.09,-9.69,-1.76,nan,52.6
UCUGGAGGUCCUGCUAUUU,UUUACAGAAUUAAGAGGAGAAAUAGCAGGACCUCCAGACACACCAUAUGAAGGAGGA,0.4876957494407159,0,"-0.97,-2.35,-12.44,1,0,-186.23,0.42105263157894735,0,0.2631578947368421,0,0,0.1111111111111111,-2.08,0.05555555555555555,0,0,0.05555555555555555,-0.93,0,0.05555555555555555,0,-3.42,0.1111111111111111,0",-34.33,-11.05,-0.97,nan,47.4
AGGUCCUGCUAUUUCUCCU,AGAAUUUUACAGAAUUAAGAGGAGAAAUAGCAGGACCUCCAGACACACCAUAUGAAG,0.517524235645041,0,"0.0,-2.08,-10.48,0,0,-186.26999999999995,0.42105263157894735,0,0.15789473684210525,0,0,0.05555555555555555,-3.26,0.05555555555555555,0,0,0.1111111111111111,-2.08,0,0.05555555555555555,0,-0.93,0.1111111111111111,0",-34.3,-11.21,0.0,nan,47.4
GGUCCUGCUAUUUCUCCUC,GAGAAUUUUACAGAAUUAAGAGGAGAAAUAGCAGGACCUCCAGACACACCAUAUGAA,0.4086502609992543,0,"-0.46,-3.26,-13.39,0,1,-195.66999999999993,0.42105263157894735,0,0.15789473684210525,1,0,0.05555555555555555,-2.24,0.05555555555555555,0,0,0.1111111111111111,-2.35,0,0.05555555555555555,0,-2.35,0.1111111111111111,0",-35.47,-11.37,-0.46,nan,52.6
CUAUUUCUCCUCUUAAUUC,UGUAGAUGAGAAUUUUACAGAAUUAAGAGGAGAAAUAGCAGGACCUCCAGACACACC,0.5533184190902312,1,"0.27,-2.08,-10.48,0,0,-169.7,0.5263157894736842,0,0.0,0,0,0.0,-1.33,0.1111111111111111,1,1,0.05555555555555555,-2.35,0,0.0,0,-0.93,0.2222222222222222,0",-26.4,-3.73,0.27,nan,31.6
UCCUCUUAAUUCUGUAAAA,UAGAUCUUGUAGAUGAGAAUUUUACAGAAUUAAGAGGAGAAAUAGCAGGACCUCCAG,0.354958985831469,0,"-0.97,-2.35,-12.44,1,0,-158.61999999999995,0.42105263157894735,0,0.05263157894736842,0,0,0.0,-3.26,0.1111111111111111,0,0,0.05555555555555555,-0.93,0,0.0,0,-2.11,0.1111111111111111,1",-25.25,-7.49,-0.97,nan,26.3
UGUAAAAUUCUCAUCUACA,AUCAAAUUAAAGUAGAUCUUGUAGAUGAGAAUUUUACAGAAUUAAGAGGAGAAAUAG,0.6674123788217748,1,"0.0,-2.11,-10.44,1,0,-162.77,0.3684210526315789,0,0.05263157894736842,0,0,0.0,-2.24,0.1111111111111111,0,0,0.0,-2.11,0,0.0,0,-1.1,0.05555555555555555,1",-25.61,-2.92,0.0,nan,26.3
GUAAAAUUCUCAUCUACAA,AAUCAAAUUAAAGUAGAUCUUGUAGAUGAGAAUUUUACAGAAUUAAGAGGAGAAAUA,0.4108873974645787,0,"-1.76,-2.24,-11.4,0,1,-162.87,0.3157894736842105,0,0.05263157894736842,0,0,0.0,-1.33,0.1111111111111111,1,0,0.0,-0.93,0,0.0,0,-2.35,0.05555555555555555,1",-24.88,-1.16,-1.76,nan,26.3
UAAAAUUCUCAUCUACAAG,AAAUCAAAUUAAAGUAGAUCUUGUAGAUGAGAAUUUUACAGAAUUAAGAGGAGAAAU,0.6808351976137211,1,"1.2,-1.33,-7.69,1,0,-161.94999999999996,0.3157894736842105,0,0.05263157894736842,0,0,0.0,-0.93,0.1111111111111111,0,0,0.0,-2.08,0,0.0,0,-2.08,0.05555555555555555,0",-24.72,-2.63,1.2,nan,26.3
AAAAUUCUCAUCUACAAGA,AAAAUCAAAUUAAAGUAGAUCUUGUAGAUGAGAAUUUUACAGAAUUAAGAGGAGAAA,0.6293810589112603,1,"0.97,-0.93,-6.82,0,0,-162.98,0.2631578947368421,0,0.05263157894736842,0,0,0.0,-0.93,0.05555555555555555,0,0,0.0,-2.35,0,0.0,0,-1.33,0.05555555555555555,1",-25.29,-3.33,0.97,nan,26.3
AAAUUCUCAUCUACAAGAU,AAAAAUCAAAUUAAAGUAGAUCUUGUAGAUGAGAAUUUUACAGAAUUAAGAGGAGAA,0.6062639821029082,1,"0.17,-0.93,-6.82,0,0,-165.53999999999996,0.3157894736842105,0,0.05263157894736842,0,0,0.0,-0.93,0.05555555555555555,0,0,0.0,-1.1,0,0.0,0,-2.24,0.05555555555555555,0",-25.46,-5.2,0.17,nan,26.3
UUCUCAUCUACAAGAUCUA,AGCAAAAAUCAAAUUAAAGUAGAUCUUGUAGAUGAGAAUUUUACAGAAUUAAGAGGA,0.639075316927666,1,"0.4,-0.93,-6.82,1,0,-173.13,0.3684210526315789,1,0.05263157894736842,0,0,0.0,-2.35,0.1111111111111111,1,0,0.0,-1.33,0,0.0,0,-2.08,0.05555555555555555,1",-28.26,-7.8,0.4,nan,31.6
CUCAUCUACAAGAUCUACU,CGAGCAAAAAUCAAAUUAAAGUAGAUCUUGUAGAUGAGAAUUUUACAGAAUUAAGAG,0.6577181208053692,1,"-0.9,-2.08,-10.48,0,0,-179.47,0.3157894736842105,0,0.05263157894736842,0,0,0.0,-2.35,0.1111111111111111,1,1,0.0,-2.08,0,0.0,0,-1.1,0.0,0",-29.75,-6.33,-0.9,nan,36.8
UCAUCUACAAGAUCUACUU,ACGAGCAAAAAUCAAAUUAAAGUAGAUCUUGUAGAUGAGAAUUUUACAGAAUUAAGA,0.6629381058911259,1,"-0.97,-2.35,-12.44,1,0,-172.08999999999997,0.3684210526315789,0,0.05263157894736842,0,0,0.0,-2.11,0.1111111111111111,0,0,0.0,-0.93,0,0.0,0,-2.35,0.05555555555555555,0",-28.15,-7.12,-0.97,nan,31.6
CUACAAGAUCUACUUUAAU,GGAGACGAGCAAAAAUCAAAUUAAAGUAGAUCUUGUAGAUGAGAAUUUUACAGAAUU,0.3415361670395228,0,"-1.43,-2.08,-10.48,0,0,-161.82,0.3684210526315789,0,0.05263157894736842,0,0,0.0,-1.33,0.16666666666666666,1,1,0.0,-1.1,0,0.0,0,-2.08,0.1111111111111111,0",-24.98,-6.05,-1.43,nan,26.3
GGUCUUUGUCCCAUAUGCU,GUGGUGGACACACUUGGCCAGCAUAUGGGACAAAGACCUCCUGUCCCUGAGCCUUXX,0.3959731543624161,0,"-1.63,-3.26,-13.39,0,1,-187.76999999999998,0.42105263157894735,0,0.21052631578947367,1,0,0.05555555555555555,-2.24,0.05555555555555555,0,0,0.1111111111111111,-2.08,0,0.05555555555555555,0,-1.1,0.1111111111111111,0",-33.72,-6.55,-1.63,nan,47.4
GUCUUUGUCCCAUAUGCUG,GGUGGUGGACACACUUGGCCAGCAUAUGGGACAAAGACCUCCUGUCCCUGAGCCUUX,0.3855331841909023,0,"-0.13,-2.24,-11.4,0,1,-188.53999999999996,0.42105263157894735,0,0.21052631578947367,0,0,0.0,-2.35,0.05555555555555555,1,0,0.1111111111111111,-2.11,0,0.05555555555555555,0,-1.33,0.1111111111111111,0",-33.02,-5.65,-0.13,nan,47.4
GUCCCAUAUGCUGGCCAAG,UGAGCAGGUGGUGGACACACUUGGCCAGCAUAUGGGACAAAGACCUCCUGUCCCUGA,0.3877703206562267,0,"-0.16,-2.24,-11.4,0,1,-199.53999999999994,0.21052631578947367,0,0.2631578947368421,0,0,0.05555555555555555,-2.35,0.05555555555555555,1,0,0.16666666666666666,-2.08,0,0.1111111111111111,0,-3.26,0.0,0",-37.44,-8.42,-0.16,nan,57.9
GCCAAGUGUGUCCACCACC,UCUCUGCUCUGACUGAGCAGGUGGUGGACACACUUGGCCAGCAUAUGGGACAAAGAC,0.3892617449664429,0,"-0.16,-3.42,-14.88,0,1,-203.77000000000004,0.15789473684210525,0,0.21052631578947367,0,1,0.0,-3.26,0.0,0,0,0.2222222222222222,-3.26,0,0.05555555555555555,0,-2.11,0.0,0",-39.48,-8.64,-0.16,nan,63.2
ACCACCUGCUCAGUCAGAG,CGGCCUUGCUCCAUCUCUGCUCUGACUGAGCAGGUGGUGGACACACUUGGCCAGCAU,0.3489932885906041,0,"0.74,-2.24,-11.4,0,0,-200.00999999999996,0.15789473684210525,0,0.21052631578947367,0,0,0.0,-3.26,0.0,0,0,0.1111111111111111,-2.08,0,0.05555555555555555,0,-2.24,0.0,0",-38.01,-10.97,0.74,nan,57.9
CUCAGUCAGAGCAGAGAUG,AGUCUCCUCGGCCUUGCUCCAUCUCUGCUCUGACUGAGCAGGUGGUGGACACACUUG,0.3184190902311707,0,"0.03,-2.08,-10.48,0,0,-198.89,0.15789473684210525,0,0.3157894736842105,0,0,0.0,-2.35,0.0,1,1,0.0,-2.11,0,0.05555555555555555,0,-2.08,0.0,0",-35.34,-8.25,0.03,nan,52.6
CGAGGAGACUGGACAGCCA,GAAGGGGCAGAGCUACCACUGGCUGUCCAGUCUCCUCGGCCUUGCUCCAUCUCUGCU,0.5026099925428785,0,"-0.7,-2.36,-10.64,0,0,-204.16000000000003,0.05263157894736842,0,0.3684210526315789,0,0,0.1111111111111111,-2.35,0.0,0,1,0.05555555555555555,-2.11,0,0.05555555555555555,1,-2.24,0.0,1",-39.55,-9.93,-0.7,nan,63.2
UGAUGGAGGGCUGGGUGGC,GUCACUACUCCCAGGAUCAGCCACCCAGCCCUCCAUCAGGUGAAGGACCAACUUUGG,0.45339299030574204,0,"1.76,-2.11,-10.44,1,0,-211.14999999999998,0.21052631578947367,0,0.5789473684210527,0,0,0.3333333333333333,-2.35,0.0,0,0,0.0,-3.42,0,0.1111111111111111,0,-3.26,0.0,0",-42.5,-9.16,1.76,nan,68.4
UGGAGGGCUGGGUGGCUGA,CUAGUCACUACUCCCAGGAUCAGCCACCCAGCCCUCCAUCAGGUGAAGGACCAACUU,0.3818046234153617,0,"0.24,-2.11,-10.44,1,0,-208.53,0.21052631578947367,0,0.5789473684210527,0,0,0.3333333333333333,-3.26,0.0,0,0,0.0,-2.35,0,0.1111111111111111,0,-2.11,0.0,1",-43.03,-13.54,0.24,nan,68.4
GGUGGCUGAUCCUGGGAGU,CCUCCCCCACCUAGUCACUACUCCCAGGAUCAGCCACCCAGCCCUCCAUCAGGUGAA,0.3333333333333333,0,"-1.47,-3.26,-13.39,0,1,-206.76,0.2631578947368421,0,0.47368421052631576,1,0,0.2222222222222222,-2.24,0.0,0,0,0.05555555555555555,-2.24,0,0.05555555555555555,0,-2.11,0.0,0",-40.38,-11.13,-1.47,nan,63.2
GCUGAUCCUGGGAGUAGUG,GAUCCCUCCCCCACCUAGUCACUACUCCCAGGAUCAGCCACCCAGCCCUCCAUCAGG,0.3460104399701715,0,"-0.86,-3.42,-14.88,0,1,-201.87,0.2631578947368421,0,0.42105263157894735,0,1,0.1111111111111111,-2.08,0.05555555555555555,0,0,0.05555555555555555,-2.11,0,0.05555555555555555,0,-2.08,0.0,0",-37.72,-9.16,-0.86,nan,57.9
GAUCCUGGGAGUAGUGACU,CCAGAUCCCUCCCCCACCUAGUCACUACUCCCAGGAUCAGCCACCCAGCCCUCCAUC,0.4817300521998509,0,"-1.17,-2.35,-12.44,0,1,-196.67,0.2631578947368421,0,0.3684210526315789,0,0,0.1111111111111111,-1.1,0.05555555555555555,0,0,0.05555555555555555,-2.08,0,0.0,0,-2.08,0.0,0",-36.33,-9.62,-1.17,nan,52.6
CUGGCCCAAGACAAGGGCA,GUAGAUGGCCUGUGACCCUUGCCCUUGUCUUGGGCCAGAUCCCUCCCCCACCUAGUC,0.2759134973900075,0,"-0.87,-2.08,-10.48,0,0,-200.06,0.05263157894736842,0,0.3157894736842105,0,0,0.16666666666666666,-2.11,0.0,1,1,0.1111111111111111,-2.11,0,0.1111111111111111,0,-0.93,0.0,1",-39.73,-12.43,-0.87,nan,63.2
AAGACAAGGGCAAGGGUCA,CCCUCAAGUAGAUGGCCUGUGACCCUUGCCCUUGUCUUGGGCCAGAUCCCUCCCCCA,0.4019388516032812,0,"0.73,-0.93,-6.82,0,0,-188.29,0.05263157894736842,0,0.3684210526315789,0,0,0.2222222222222222,-2.08,0.0,0,0,0.0,-2.11,0,0.05555555555555555,0,-2.08,0.0,1",-36.01,-7.25,0.73,nan,52.6
UCACAGGCCAUCUACUUGA,GCGUACUCCAAAGCAUCCCUCAAGUAGAUGGCCUGUGACCCUUGCCCUUGUCUUGGG,0.5003728560775541,0,"0.0,-2.35,-12.44,1,0,-187.81999999999996,0.2631578947368421,0,0.15789473684210525,0,0,0.05555555555555555,-2.11,0.05555555555555555,0,0,0.05555555555555555,-2.35,0,0.05555555555555555,0,-1.33,0.05555555555555555,1",-34.52,-11.13,0.0,nan,47.4
UUGUCGAACUUCUUAUGGC,AACAAAAACAAGCUCUACAGCCAUAAGAAGUUCGACAAGGUGCGUACUCCAAAGCAU,0.6607009694258017,1,"2.49,-0.93,-6.82,1,0,-177.89,0.42105263157894735,1,0.21052631578947367,0,0,0.05555555555555555,-2.11,0.05555555555555555,1,0,0.0,-3.42,0,0.05555555555555555,0,-0.93,0.16666666666666666,0",-30.56,-7.35,2.49,nan,42.1
UAUGGCUGUAGAGCUUGUU,GUUAACGUUCAUGAACAAAAACAAGCUCUACAGCCAUAAGAAGUUCGACAAGGUGCG,0.5712155108128263,1,"-0.4,-1.33,-7.69,1,0,-178.98,0.42105263157894735,0,0.3157894736842105,0,0,0.05555555555555555,-1.1,0.1111111111111111,0,0,0.0,-0.93,0,0.1111111111111111,0,-3.42,0.1111111111111111,0",-32.21,-9.54,-0.4,nan,42.1
CCAGUCACACAGGAAGGAG,UGACCUCCAUCGGGGUGGGCUCCUUCCUGUGUGACUGGAUUUUGUUAACGUUCAUGA,0.3542132736763609,0,"-0.73,-3.26,-13.39,0,0,-198.58,0.05263157894736842,0,0.3157894736842105,0,0,0.1111111111111111,-2.11,0.0,0,1,0.05555555555555555,-2.08,1,0.0,0,-2.35,0.0,0",-37.15,-9.04,-0.73,nan,57.9
GGAGCCCACCCCGAUGGAG,AUCUGGCCACUGCUCUGACCUCCAUCGGGGUGGGCUCCUUCCUGUGUGACUGGAUUU,0.2870991797166294,0,"-0.73,-3.26,-13.39,0,1,-215.57999999999996,0.05263157894736842,0,0.3684210526315789,1,0,0.1111111111111111,-2.35,0.0,0,0,0.2777777777777778,-2.08,0,0.05555555555555555,0,-2.35,0.0,0",-43.28,-11.94,-0.73,nan,73.7
GAGGUCAGAGCAGUGGCCA,AUUCCCACCAUCAUCAAUCUGGCCACUGCUCUGACCUCCAUCGGGGUGGGCUCCUUC,0.4250559284116331,0,"-1.14,-2.35,-12.44,0,1,-206.39999999999998,0.10526315789473684,0,0.42105263157894735,0,0,0.1111111111111111,-2.08,0.0,0,0,0.05555555555555555,-2.11,0,0.1111111111111111,0,-2.24,0.0,1",-40.37,-9.58,-1.14,nan,63.2
GCAGUGGCCAGAUUGAUGA,UUCAGUCUCAUUCCCACCAUCAUCAAUCUGGCCACUGCUCUGACCUCCAUCGGGGUG,0.3214019388516033,0,"-1.52,-3.42,-14.88,0,1,-196.67,0.21052631578947367,0,0.3684210526315789,0,1,0.05555555555555555,-2.11,0.0,0,0,0.05555555555555555,-2.35,0,0.1111111111111111,0,-0.93,0.05555555555555555,1",-35.95,-11.13,-1.52,nan,52.6
GGGAAUGAGACUGAAUUUC,UCGUGCAUGGACAGGCAGGGAAAUUCAGUCUCAUUCCCACCAUCAUCAAUCUGGCCA,0.2960477255779269,0,"-0.46,-3.26,-13.39,0,1,-184.64999999999998,0.2631578947368421,0,0.3157894736842105,1,0,0.1111111111111111,-3.26,0.0,0,0,0.0,-2.35,0,0.0,0,-2.35,0.1111111111111111,0",-30.72,-7.56,-0.46,nan,42.1
GAAUGAGACUGAAUUUCCC,UAUCGUGCAUGGACAGGCAGGGAAAUUCAGUCUCAUUCCCACCAUCAUCAAUCUGGC,0.5413870246085011,1,"0.46,-2.35,-12.44,0,1,-184.64999999999998,0.2631578947368421,0,0.21052631578947367,0,0,0.0,-0.93,0.0,0,0,0.1111111111111111,-3.26,0,0.0,0,-1.1,0.1111111111111111,0",-30.72,-5.93,0.46,nan,42.1
GAGACUGAAUUUCCCUGCC,AUGUUAUCGUGCAUGGACAGGCAGGGAAAUUCAGUCUCAUUCCCACCAUCAUCAAUC,0.384041759880686,0,"0.46,-2.35,-12.44,0,1,-194.75999999999993,0.2631578947368421,0,0.21052631578947367,0,0,0.0,-2.08,0.0,0,0,0.16666666666666666,-3.26,0,0.05555555555555555,0,-3.26,0.1111111111111111,0",-35.1,-8.22,0.46,nan,52.6
CCAUGCACGAUAACAUCGA,AAAGCCUAUGGGAUUCGAAUCGAUGUUAUCGUGCAUGGACAGGCAGGGAAAUUCAGU,0.4280387770320656,0,"-1.36,-3.26,-13.39,0,0,-186.75,0.15789473684210525,0,0.15789473684210525,0,0,0.0,-2.11,0.05555555555555555,0,1,0.05555555555555555,-2.35,1,0.05555555555555555,0,-2.24,0.0,1",-32.39,-9.0,-1.36,nan,47.4
AUUCGAAUCCCAUAGGCUU,ACCACUCGAACUCUCAUCAAAGCCUAUGGGAUUCGAAUCGAUGUUAUCGUGCAUGGA,0.5667412378821775,1,"-0.17,-1.1,-9.38,0,0,-179.64999999999995,0.3157894736842105,0,0.15789473684210525,0,0,0.05555555555555555,-0.93,0.05555555555555555,1,0,0.1111111111111111,-0.93,0,0.05555555555555555,0,-1.33,0.1111111111111111,0",-31.31,-5.03,-0.17,nan,42.1
GAUGAGAGUUCGAGUGGUG,ACAAGAUAAACGGCACUACCACCACUCGAACUCUCAUCAAAGCCUAUGGGAUUCGAA,0.482475764354959,0,"-0.24,-2.35,-12.44,0,1,-195.78,0.2631578947368421,0,0.47368421052631576,0,0,0.05555555555555555,-1.1,0.0,0,0,0.0,-2.11,0,0.0,0,-2.08,0.05555555555555555,0",-34.6,-7.53,-0.24,nan,52.6
GAGUUCGAGUGGUGGUAGU,GUAUUACAAGAUAAACGGCACUACCACCACUCGAACUCUCAUCAAAGCCUAUGGGAU,0.3251304996271439,0,"-1.01,-2.35,-12.44,0,1,-191.24000000000004,0.3157894736842105,0,0.47368421052631576,0,0,0.1111111111111111,-2.08,0.05555555555555555,0,0,0.0,-2.24,0,0.0,0,-2.11,0.05555555555555555,0",-35.31,-7.32,-1.01,nan,52.6
GUAGUGCCGUUUAUCUUGU,UUCAGGUUUGCCAAGUAUUACAAGAUAAACGGCACUACCACCACUCGAACUCUCAUC,0.3773303504847129,0,"-0.9,-2.24,-11.4,0,1,-176.67999999999998,0.47368421052631576,0,0.2631578947368421,0,0,0.0,-1.33,0.1111111111111111,1,0,0.05555555555555555,-2.24,0,0.05555555555555555,0,-1.1,0.16666666666666666,0",-30.74,-9.9,-0.9,nan,42.1
UAUCUUGUAAUACUUGGCA,CAGGCUACAACUUCAGGUUUGCCAAGUAUUACAAGAUAAACGGCACUACCACCACUC,0.5727069351230425,1,"0.33,-1.33,-7.69,1,0,-167.03000000000003,0.42105263157894735,0,0.15789473684210525,0,0,0.05555555555555555,-1.1,0.16666666666666666,0,0,0.0,-2.11,0,0.05555555555555555,0,-2.08,0.1111111111111111,1",-27.99,-5.82,0.33,nan,31.6
AUCUUGUAAUACUUGGCAA,UCAGGCUACAACUUCAGGUUUGCCAAGUAUUACAAGAUAAACGGCACUACCACCACU,0.4228187919463086,0,"-0.17,-1.1,-9.38,0,0,-166.15999999999997,0.3684210526315789,0,0.15789473684210525,0,0,0.05555555555555555,-2.35,0.1111111111111111,1,0,0.0,-0.93,0,0.05555555555555555,0,-0.93,0.1111111111111111,1",-27.59,-6.05,-0.17,nan,31.6
GGCAAACCUGAAGUUGUAG,AAAGCAGCGUGUCCCCAGGCUACAACUUCAGGUUUGCCAAGUACUACAAAAUGGAAA,0.4250559284116331,0,"-0.73,-3.26,-13.39,0,1,-182.42,0.21052631578947367,0,0.3157894736842105,1,0,0.05555555555555555,-3.42,0.05555555555555555,0,0,0.05555555555555555,-2.08,0,0.05555555555555555,0,-2.24,0.05555555555555555,0",-32.54,-8.8,-0.73,nan,47.4
AGCCUGAGGAGGCAGGGUC,GAGGCUCGACCCCAAGUAUGACCCUGCCUCCUCAGGCUACAACUUCAGGUUUGCCAA,0.4615958240119314,0,"1.17,-2.08,-10.48,0,0,-211.37999999999997,0.10526315789473684,0,0.47368421052631576,0,0,0.2222222222222222,-3.42,0.0,0,0,0.05555555555555555,-2.35,0,0.1111111111111111,0,-2.11,0.0,0",-42.51,-11.21,1.17,nan,68.4
UUGCACUCUGAUUCAGACA,UGGAACUGUGACCUGGACUUGUCUGAAUCAGAGUGCAACCCCAAAUAUUCUUUCCGG,0.6032811334824758,1,"0.73,-0.93,-6.82,1,0,-183.04999999999998,0.3157894736842105,1,0.15789473684210525,0,0,0.0,-2.11,0.0,1,0,0.0,-2.11,0,0.05555555555555555,0,-2.35,0.1111111111111111,1",-32.06,-9.77,0.73,nan,42.1
ACAAGUCCAGGUCACAGUU,UGGAGUCAUCAUCAACUGGAACUGUGACCUGGACUUGUCUGAAUCAGAGUGCAACCC,0.2878448918717375,0,"-0.86,-2.24,-11.4,0,0,-184.45,0.21052631578947367,0,0.21052631578947367,0,0,0.05555555555555555,-2.11,0.0,0,0,0.05555555555555555,-0.93,0,0.0,0,-2.11,0.05555555555555555,0",-33.97,-8.88,-0.86,nan,47.4
GUCCAGGUCACAGUUCCAG,UCAUUGGAGUCAUCAUCAACUGGAACUGUGACCUGGACUUGUCUGAAUCAGAGUGCA,0.5242356450410142,1,"-0.16,-2.24,-11.4,0,1,-199.49999999999997,0.21052631578947367,0,0.2631578947368421,0,0,0.05555555555555555,-2.35,0.0,1,0,0.1111111111111111,-2.08,0,0.0,0,-2.24,0.05555555555555555,0",-37.31,-10.31,-0.16,nan,57.9
GUUCCAGUUGAUGAUGACU,ACAAGGGCGGUGUCAUUGGAGUCAUCAUCAACUGGAACUGUGACCUGGACUUGUCUG,0.2513049962714392,0,"-1.06,-2.24,-11.4,0,1,-185.14,0.3684210526315789,0,0.2631578947368421,0,0,0.0,-0.93,0.0,1,0,0.05555555555555555,-2.08,0,0.0,0,-2.35,0.1111111111111111,0",-31.5,-7.98,-1.06,nan,42.1
AUGAUGACUCCAAUGACAC,GAACUGGCACACAAGGGCGGUGUCAUUGGAGUCAUCAUCAACUGGAACUGUGACCUG,0.4399701715137956,0,"1.59,-1.1,-9.38,0,0,-187.66,0.21052631578947367,0,0.15789473684210525,0,0,0.0,-2.11,0.0,1,0,0.05555555555555555,-2.24,0,0.0,0,-1.1,0.0,0",-31.7,-7.72,1.59,nan,42.1
GUUCUGUGAAGUUCUCUCC,UUUCAUUGUUGAGAAGGCAGGAGAGAACUUCACAGAACUGGCACACAAGGGCGGUGU,0.4601043997017151,0,"0.57,-2.24,-11.4,0,1,-189.44,0.42105263157894735,0,0.21052631578947367,0,0,0.0,-0.93,0.0,1,0,0.05555555555555555,-3.26,0,0.0,0,-2.35,0.1111111111111111,0",-32.97,-7.28,0.57,nan,47.4
GUUCUCUCCUGCCUUCUCA,UCAGGCUGGGUUUCAUUGUUGAGAAGGCAGGAGAGAACUUCACAGAACUGGCACACA,0.2408650260999254,0,"-1.03,-2.24,-11.4,0,1,-194.84999999999997,0.42105263157894735,0,0.10526315789473684,0,0,0.0,-0.93,0.0,1,0,0.1111111111111111,-2.11,0,0.05555555555555555,0,-2.08,0.1111111111111111,1",-35.87,-7.6,-1.03,nan,52.6
UCCUGCCUUCUCAACAAUG,CCAUCUUCAGGCUGGGUUUCAUUGUUGAGAAGGCAGGAGAGAACUUCACAGAACUGG,0.4578672632363907,0,"0.66,-2.35,-12.44,1,0,-186.09,0.3157894736842105,0,0.10526315789473684,0,0,0.0,-3.26,0.0,0,0,0.1111111111111111,-2.11,0,0.05555555555555555,0,-0.93,0.05555555555555555,0",-33.26,-11.67,0.66,nan,47.4
CAACAAUGAAACCCAGCCU,CCCAUACUGUCCCAUCUUCAGGCUGGGUUUCAUUGUUGAGAAGGCAGGAGAGAACUU,0.4839671886651752,0,"-0.93,-2.11,-10.44,0,0,-182.33999999999995,0.10526315789473684,0,0.10526315789473684,0,0,0.0,-0.93,0.0,0,1,0.16666666666666666,-2.08,0,0.05555555555555555,0,-3.26,0.0,0",-32.91,-4.88,-0.93,nan,47.4
AUGGGUCAGAGUCCUGAUC,CCUCAAGCAUUGCACAUUUGAUCAGGACUCUGACCCAUACUGUCCCAUCUUCAGGCU,0.6062639821029082,1,"1.7,-1.1,-9.38,0,0,-199.35999999999999,0.2631578947368421,0,0.3157894736842105,0,0,0.1111111111111111,-2.11,0.0,1,0,0.05555555555555555,-2.35,0,0.0,0,-3.26,0.0,0",-36.24,-10.34,1.7,nan,52.6
AUGUGCAAUGCUUGAGGUA,UGCAAGCCAGAAGAGUGACUACCUCAAGCAUUGCACAUUUGAUCAGGACUCUGACCC,0.5391498881431768,1,"0.23,-1.1,-9.38,0,0,-180.59,0.3157894736842105,0,0.3157894736842105,0,0,0.05555555555555555,-2.11,0.05555555555555555,1,0,0.0,-1.33,0,0.1111111111111111,0,-2.11,0.05555555555555555,1",-32.04,-7.93,0.23,nan,42.1
UCACUCUUCUGGCUUGCAA,AAGUUCUCAAAGGGCAACAUUGCAAGCCAGAAGAGUGACUACCUCAAGCAUUGCACA,0.5428784489187174,1,"-0.97,-2.35,-12.44,1,0,-184.95999999999998,0.3684210526315789,0,0.15789473684210525,0,0,0.05555555555555555,-2.11,0.0,0,0,0.0,-0.93,0,0.1111111111111111,0,-2.08,0.1111111111111111,1",-33.95,-7.25,-0.97,nan,47.4
GAACUUGAACUUGGGGUAG,UCAUCAAGAACAGCAUCCACUACCCCAAGUUCAAGUUCUCAAAGGGCAACAUUGCAA,0.4683072334079045,0,"-0.27,-2.35,-12.44,0,1,-182.93,0.2631578947368421,0,0.3684210526315789,0,0,0.16666666666666666,-0.93,0.05555555555555555,0,0,0.0,-2.08,0,0.0,0,-3.26,0.1111111111111111,0",-32.62,-5.65,-0.27,nan,47.4
UGGAUGCUGUUCUUGAUGA,GCCCCAAAUUUCACCAUCCUCAUCAAGAACAGCAUCCACUACCCCAAGUUCAAGUUC,0.4004474272930649,0,"0.24,-2.11,-10.44,1,0,-183.94,0.42105263157894735,0,0.3157894736842105,0,0,0.05555555555555555,-3.26,0.0,0,0,0.0,-2.35,0,0.05555555555555555,0,-0.93,0.1111111111111111,1",-32.1,-9.78,0.24,nan,42.1
GAUGAGGAUGGUGAAAUUU,UUCUGGGUAAAAUGGCCCCAAAUUUCACCAUCCUCAUCAAGAACAGCAUCCACUACC,0.1759880686055182,0,"-1.87,-2.35,-12.44,0,1,-177.82999999999996,0.3157894736842105,0,0.3684210526315789,0,0,0.1111111111111111,-1.1,0.0,0,0,0.0,-0.93,0,0.0,0,-2.35,0.1111111111111111,0",-29.05,-8.26,-1.87,nan,36.8
CCCAGAAAAUGGUUGUCAG,CCGGUGGAGGAUGGAACUUCUGACAACCAUUUUCUGGGUAAAAUGGCCCCAAAUUUC,0.3005219985085757,0,"-0.73,-3.26,-13.39,0,0,-183.62,0.21052631578947367,0,0.2631578947368421,0,0,0.05555555555555555,-3.26,0.0,0,1,0.1111111111111111,-2.08,1,0.0,0,-0.93,0.05555555555555555,0",-32.29,-7.12,-0.73,nan,47.4
GAAAAUGGUUGUCAGAAGU,GUGCCCGGUGGAGGAUGGAACUUCUGACAACCAUUUUCUGGGUAAAAUGGCCCCAAA,0.2498135719612229,0,"-1.01,-2.35,-12.44,0,1,-173.33999999999997,0.2631578947368421,0,0.3157894736842105,0,0,0.05555555555555555,-0.93,0.0,0,0,0.0,-2.24,0,0.0,0,-2.11,0.05555555555555555,0",-28.73,-4.72,-1.01,nan,36.8
GUUCCAUCCUCCACCGGGC,UGCGAGGUGUCAGCCUGGUGCCCGGUGGAGGAUGGAACUUCUGACAACCAUUUUCUG,0.360924683072334,0,"0.73,-2.24,-11.4,0,1,-209.92999999999995,0.21052631578947367,0,0.21052631578947367,0,0,0.1111111111111111,-0.93,0.0,1,0,0.2222222222222222,-3.42,0,0.05555555555555555,0,-2.24,0.05555555555555555,0",-41.11,-7.56,0.73,nan,68.4
GACACCUCGCAGGUCUUGG,CCCUAUUACCAUGGGGACUCCAAGACCUGCGAGGUGUCAGCCUGGUGCCCGGUGGAG,0.5123042505592842,0,"0.46,-2.35,-12.44,0,1,-203.17999999999995,0.21052631578947367,0,0.3157894736842105,0,0,0.1111111111111111,-2.24,0.0,0,0,0.05555555555555555,-3.26,0,0.05555555555555555,0,-2.24,0.05555555555555555,0",-38.74,-9.74,0.46,nan,63.2
AUAGGGUACACAGUGCCCU,AAGGCAAUGGGAUUCGCACAGGGCACUGUGUACCCUAUUACCAUGGGGACUCCAAGA,0.4101416853094706,0,"0.53,-1.1,-9.38,0,0,-190.50999999999996,0.21052631578947367,0,0.2631578947368421,0,0,0.1111111111111111,-1.33,0.1111111111111111,1,0,0.1111111111111111,-2.08,0,0.05555555555555555,0,-2.24,0.0,0",-36.76,-8.51,0.53,nan,52.6
AGUGCCCUGUGCGAAUCCC,GCUGGACAUGCAAGGCAAUGGGAUUCGCACAGGGCACUGUGUACCCUAUUACCAUGG,0.4921700223713647,0,"1.63,-2.08,-10.48,0,0,-202.78999999999996,0.21052631578947367,0,0.2631578947368421,0,0,0.0,-2.24,0.0,0,0,0.2222222222222222,-3.26,0,0.1111111111111111,0,-2.35,0.0,0",-39.4,-11.83,1.63,nan,63.2
UGCGAAUCCCAUUGCCUUG,UGCCGGACAGCUGGACAUGCAAGGCAAUGGGAUUCGCACAGGGCACUGUGUACCCUA,0.4802386278896346,0,"0.9,-2.11,-10.44,1,0,-189.57999999999996,0.3157894736842105,0,0.21052631578947367,0,0,0.0,-3.42,0.0,0,0,0.16666666666666666,-2.11,0,0.1111111111111111,0,-2.11,0.1111111111111111,0",-34.65,-8.42,0.9,nan,52.6
CAUUGCCUUGCAUGUCCAG,CGACUGUAUUGCCGGACAGCUGGACAUGCAAGGCAAUGGGAUUCGCACAGGGCACUG,0.4116331096196868,0,"-0.03,-2.11,-10.44,0,0,-192.76999999999995,0.3157894736842105,0,0.21052631578947367,0,0,0.0,-1.1,0.0,0,1,0.1111111111111111,-2.08,0,0.1111111111111111,0,-2.11,0.1111111111111111,0",-34.74,-7.91,-0.03,nan,52.6
CCUUGCAUGUCCAGCUGUC,GACGACGACUGUAUUGCCGGACAGCUGGACAUGCAAGGCAAUGGGAUUCGCACAGGG,0.2632363907531693,0,"-0.46,-3.26,-13.39,0,0,-200.45,0.3157894736842105,0,0.21052631578947367,0,0,0.0,-2.08,0.0,0,1,0.1111111111111111,-2.35,1,0.1111111111111111,0,-2.08,0.05555555555555555,0",-37.27,-7.21,-0.46,nan,57.9
UCUGAAUGGCAGGUAGAGC,GAGAGCAUGAGGGUUCACAGCUCUACCUGCCAUUCAGACGACGACUGUAUUGCCGGA,0.5920954511558538,1,"1.52,-2.35,-12.44,1,0,-195.05999999999997,0.21052631578947367,0,0.3684210526315789,0,0,0.1111111111111111,-2.08,0.05555555555555555,0,0,0.0,-3.42,0,0.1111111111111111,0,-2.24,0.0,0",-36.12,-6.59,1.52,nan,52.6
GAAUGGCAGGUAGAGCUGU,CCAGAGAGCAUGAGGGUUCACAGCUCUACCUGCCAUUCAGACGACGACUGUAUUGCC,0.3154362416107382,0,"-1.01,-2.35,-12.44,0,1,-194.02,0.21052631578947367,0,0.42105263157894735,0,0,0.1111111111111111,-0.93,0.05555555555555555,0,0,0.0,-2.24,0,0.1111111111111111,0,-2.35,0.0,0",-36.01,-7.94,-1.01,nan,52.6
UGGCAGGUAGAGCUGUGAA,UGCCCAGAGAGCAUGAGGGUUCACAGCUCUACCUGCCAUUCAGACGACGACUGUAUU,0.3855331841909023,0,"-0.73,-2.11,-10.44,1,0,-191.35999999999999,0.21052631578947367,0,0.42105263157894735,0,0,0.1111111111111111,-3.26,0.05555555555555555,0,0,0.0,-0.93,0,0.1111111111111111,0,-2.08,0.0,1",-36.57,-11.83,-0.73,nan,52.6
AUGUUCCCAAGGUCUGGGA,CAGGAUCGAGGUUACCCCUUCCCAGACCUUGGGAACAUGCCCAGAGAGCAUGAGGGU,0.3758389261744966,0,"0.8,-1.1,-9.38,0,0,-191.32,0.2631578947368421,0,0.3157894736842105,0,0,0.16666666666666666,-2.11,0.0,1,0,0.1111111111111111,-2.35,0,0.0,0,-2.35,0.05555555555555555,1",-36.29,-9.61,0.8,nan,52.6
AAGGGGUAACCUCGAUCCU,UGUAGUCAGCAUCAUCACCAGGAUCGAGGUUACCCCUUCCCAGACCUUGGGAACAUG,0.5727069351230425,1,"0.7,-0.93,-6.82,0,0,-188.80999999999997,0.21052631578947367,0,0.2631578947368421,0,0,0.16666666666666666,-2.08,0.05555555555555555,0,0,0.1111111111111111,-2.08,0,0.0,0,-2.36,0.0,0",-35.73,-10.44,0.7,nan,52.6
UCGAUCCUGGUGAUGAUGC,GAGGGGGGCAGUGUAGUCAGCAUCAUCACCAGGAUCGAGGUUACCCCUUCCCAGACC,0.5853840417598807,1,"1.52,-2.35,-12.44,1,0,-198.95,0.3157894736842105,0,0.3157894736842105,0,0,0.05555555555555555,-2.36,0.0,0,0,0.05555555555555555,-3.42,0,0.05555555555555555,0,-1.1,0.0,0",-35.57,-8.96,1.52,nan,52.6
GAUGAUGCUGACUACACUG,UAAAGCCCCCGGAGGGGGGCAGUGUAGUCAGCAUCAUCACCAGGAUCGAGGUUACCC,0.5846383296047726,1,"-0.24,-2.35,-12.44,0,1,-192.88,0.2631578947368421,0,0.2631578947368421,0,0,0.0,-1.1,0.05555555555555555,0,0,0.0,-2.11,0,0.05555555555555555,0,-1.33,0.0,0",-33.42,-7.65,-0.24,nan,47.4
GGGGCUUUACGUAUUCCUC,AGACAAAGUGUGGGACGUGGAGGAAUACGUAAAGCCCCCGGAGGGGGGCAGUGUAGU,0.2602535421327367,0,"-0.46,-3.26,-13.39,0,1,-189.33,0.3684210526315789,0,0.2631578947368421,1,0,0.16666666666666666,-3.26,0.1111111111111111,0,0,0.05555555555555555,-2.35,0,0.05555555555555555,0,-1.1,0.16666666666666666,0",-34.62,-9.34,-0.46,nan,52.6
GUCCCACACUUUGUCUUCC,UCAAGGGGAUCACCAUGUCGGAAGACAAAGUGUGGGACGUGGAGGAAUACGUAAAGC,0.5182699478001491,0,"0.57,-2.24,-11.4,0,1,-192.21999999999997,0.3684210526315789,0,0.10526315789473684,0,0,0.0,-2.35,0.0,1,0,0.16666666666666666,-3.26,0,0.0,0,-2.24,0.16666666666666666,0",-34.98,-10.34,0.57,nan,52.6
UCCCACACUUUGUCUUCCG,GUCAAGGGGAUCACCAUGUCGGAAGACAAAGUGUGGGACGUGGAGGAAUACGUAAAG,0.4817300521998509,0,"0.46,-2.35,-12.44,1,0,-187.73999999999995,0.3684210526315789,0,0.10526315789473684,0,0,0.0,-3.26,0.0,0,0,0.16666666666666666,-2.36,0,0.0,0,-2.35,0.16666666666666666,0",-34.65,-11.13,0.46,nan,52.6
UGGUGAUCCCCUUGACUUU,GGAGAGCUCCAUCAUCACCAAAGUCAAGGGGAUCACCAUGUCGGAAGACAAAGUGUG,0.4936614466815809,0,"-0.73,-2.11,-10.44,1,0,-184.74999999999997,0.42105263157894735,0,0.21052631578947367,0,0,0.05555555555555555,-3.26,0.0,0,0,0.16666666666666666,-0.93,0,0.0,0,-2.11,0.16666666666666666,0",-33.96,-9.32,-0.73,nan,47.4
CUUGACUUUGGUGAUGAUG,AGACCGGACCGGAGAGCUCCAUCAUCACCAAAGUCAAGGGGAUCACCAUGUCGGAAG,0.5331841909023117,1,"0.03,-2.08,-10.48,0,0,-182.28,0.42105263157894735,0,0.3157894736842105,0,0,0.05555555555555555,-0.93,0.0,1,1,0.0,-2.11,0,0.0,0,-2.35,0.16666666666666666,0",-30.4,-5.65,0.03,nan,42.1
UGAUGAUGGAGCUCUCCGG,CCAGGACAGCGAGACCGGACCGGAGAGCUCCAUCAUCACCAAAGUCAAGGGGAUCAC,0.4041759880686055,0,"1.6,-2.11,-10.44,1,0,-202.07999999999993,0.2631578947368421,0,0.3684210526315789,0,0,0.1111111111111111,-2.35,0.0,0,0,0.05555555555555555,-3.26,0,0.05555555555555555,0,-2.35,0.0,0",-37.54,-7.03,1.6,nan,57.9
CCGGUCUCGCUGUCCUGGU,UUCAUCGUGCAGAAAAGCUACCAGGACAGCGAGACCGGACCGGAGAGCUCCAUCAUC,0.3691275167785235,0,"-1.47,-3.26,-13.39,0,0,-206.23,0.3157894736842105,0,0.3157894736842105,0,0,0.1111111111111111,-2.36,0.0,0,1,0.1111111111111111,-2.24,1,0.05555555555555555,0,-2.35,0.0,0",-40.87,-10.55,-1.47,nan,68.4
GUCUCGCUGUCCUGGUAGC,GUCUUCAUCGUGCAGAAAAGCUACCAGGACAGCGAGACCGGACCGGAGAGCUCCAUC,0.4511558538404175,0,"0.73,-2.24,-11.4,0,1,-205.57999999999998,0.3157894736842105,0,0.3157894736842105,0,0,0.05555555555555555,-2.35,0.05555555555555555,1,0,0.05555555555555555,-3.42,0,0.1111111111111111,0,-2.11,0.0,0",-39.27,-9.65,0.73,nan,63.2
CUGGUAGCUUUUCUGCACG,UCGUGUGGUACGUCUUCAUCGUGCAGAAAAGCUACCAGGACAGCGAGACCGGACCGG,0.6002982848620433,1,"-0.17,-2.08,-10.48,0,0,-186.80999999999995,0.3684210526315789,0,0.2631578947368421,0,0,0.05555555555555555,-2.11,0.05555555555555555,1,1,0.0,-2.36,0,0.1111111111111111,0,-2.08,0.16666666666666666,0",-33.97,-9.9,-0.17,nan,52.6
UGGUAGCUUUUCUGCACGA,UUCGUGUGGUACGUCUUCAUCGUGCAGAAAAGCUACCAGGACAGCGAGACCGGACCG,0.5533184190902312,1,"0.24,-2.11,-10.44,1,0,-181.32999999999998,0.3684210526315789,0,0.2631578947368421,0,0,0.05555555555555555,-3.26,0.05555555555555555,0,0,0.0,-2.35,0,0.1111111111111111,0,-2.11,0.16666666666666666,1",-33.34,-9.87,0.24,nan,47.4
UUCUGCACGAUGAAGACGU,CUGCUUUACUUCGUGUGGUACGUCUUCAUCGUGCAGAAAAGCUACCAGGACAGCGAG,0.6353467561521253,1,"0.86,-0.93,-6.82,1,0,-184.36999999999998,0.2631578947368421,1,0.2631578947368421,0,0,0.0,-2.35,0.0,1,0,0.0,-2.24,0,0.05555555555555555,0,-0.93,0.05555555555555555,0",-32.72,-9.77,0.86,nan,47.4
GAAGUAAAGCAGGAUGAGA,UGCACCGCAUGGUGCAGCUUCUCAUCCUGCUUUACUUCGUGUGGUACGUCUUCAUCG,0.4571215510812826,0,"-0.9,-2.35,-12.44,0,1,-182.42999999999998,0.10526315789473684,0,0.3684210526315789,0,0,0.05555555555555555,-0.93,0.05555555555555555,0,0,0.0,-2.35,0,0.05555555555555555,0,-2.35,0.0,1",-31.54,-3.45,-0.9,nan,42.1
CAGGCGCCGAUUCCGCACC,XGACGCCUAAGGUGAUCGUGGUGCGGAAUCGGCGCCUGGGAUUCGUGCACCGCAUGG,0.5167785234899328,0,"0.7,-2.11,-10.44,0,0,-210.35000000000002,0.10526315789473684,0,0.2631578947368421,0,0,0.05555555555555555,-2.08,0.0,0,1,0.16666666666666666,-3.26,0,0.16666666666666666,0,-3.26,0.05555555555555555,0",-41.56,-13.26,0.7,nan,73.7
UAGCCUAGUCCAUGCUCUA,CCCAAGCCAUAGAAACAGCUAGAGCAUGGACUAGGCUAUAUGCCXXXXXXXXXXXXX,0.5503355704697986,1,"0.0,-1.33,-7.69,1,0,-187.49999999999997,0.3157894736842105,0,0.15789473684210525,0,0,0.0,-2.08,0.16666666666666666,0,0,0.1111111111111111,-1.33,0,0.1111111111111111,0,-2.11,0.0,1",-35.02,-9.71,0.0,nan,47.4
UCCAUGCUCUAGCUGUUUC,CAACGAAGCCCAAGCCAUAGAAACAGCUAGAGCAUGGACUAGGCUAUAUGCCXXXXX,0.7479492915734526,1,"0.9,-2.35,-12.44,1,0,-188.48999999999998,0.42105263157894735,0,0.15789473684210525,0,0,0.0,-3.26,0.05555555555555555,0,0,0.05555555555555555,-2.35,0,0.1111111111111111,0,-2.08,0.1111111111111111,0",-33.79,-9.54,0.9,nan,47.4
AUGCUCUAGCUGUUUCUAU,GACCAACGAAGCCCAAGCCAUAGAAACAGCUAGAGCAUGGACUAGGCUAUAUGCCXX,0.6845637583892618,1,"0.0,-1.1,-9.38,0,0,-176.04999999999998,0.47368421052631576,0,0.15789473684210525,0,0,0.0,-2.11,0.1111111111111111,1,0,0.0,-1.1,0,0.1111111111111111,0,-0.93,0.1111111111111111,0",-30.13,-8.38,0.0,nan,36.8
UGCUCUAGCUGUUUCUAUG,AGACCAACGAAGCCCAAGCCAUAGAAACAGCUAGAGCAUGGACUAGGCUAUAUGCCX,0.7106636838180462,1,"0.9,-2.11,-10.44,1,0,-180.82999999999998,0.47368421052631576,0,0.21052631578947367,0,0,0.0,-3.42,0.1111111111111111,0,0,0.0,-2.11,0,0.1111111111111111,0,-0.93,0.1111111111111111,0",-31.59,-9.25,0.9,nan,42.1
CUAGCUGUUUCUAUGGCUU,UGGAAGACCAACGAAGCCCAAGCCAUAGAAACAGCUAGAGCAUGGACUAGGCUAUAU,0.674123788217748,1,"-1.6,-2.08,-10.48,0,0,-178.16,0.47368421052631576,0,0.21052631578947367,0,0,0.05555555555555555,-1.33,0.1111111111111111,1,1,0.0,-0.93,0,0.1111111111111111,0,-1.1,0.16666666666666666,0",-31.32,-8.27,-1.6,nan,42.1
GCUGUUUCUAUGGCUUGGG,CAGUGGAAGACCAACGAAGCCCAAGCCAUAGAAACAGCUAGAGCAUGGACUAGGCUA,0.4489187173750932,0,"-0.16,-3.42,-14.88,0,1,-190.45,0.42105263157894735,0,0.3684210526315789,0,1,0.16666666666666666,-2.08,0.05555555555555555,0,0,0.0,-3.26,0,0.1111111111111111,0,-3.42,0.16666666666666666,0",-34.91,-6.55,-0.16,nan,52.6
UGUUUCUAUGGCUUGGGCU,AGCAGUGGAAGACCAACGAAGCCCAAGCCAUAGAAACAGCUAGAGCAUGGACUAGGC,0.6838180462341537,1,"-0.03,-2.11,-10.44,1,0,-183.00999999999996,0.47368421052631576,0,0.3157894736842105,0,0,0.16666666666666666,-2.24,0.05555555555555555,0,0,0.0,-2.08,0,0.1111111111111111,0,-0.93,0.16666666666666666,0",-34.01,-5.32,-0.03,nan,47.4
GUUUCUAUGGCUUGGGCUU,GAGCAGUGGAAGACCAACGAAGCCCAAGCCAUAGAAACAGCUAGAGCAUGGACUAGG,0.4556301267710663,0,"-1.76,-2.24,-11.4,0,1,-183.10999999999999,0.47368421052631576,0,0.3157894736842105,0,0,0.16666666666666666,-0.93,0.05555555555555555,1,0,0.0,-0.93,0,0.1111111111111111,0,-2.11,0.2222222222222222,0",-33.28,-3.73,-1.76,nan,47.4
UUUCUAUGGCUUGGGCUUC,GGAGCAGUGGAAGACCAACGAAGCCCAAGCCAUAGAAACAGCUAGAGCAUGGACUAG,0.6733780760626399,1,"1.87,-0.93,-6.82,1,0,-184.14999999999998,0.47368421052631576,1,0.2631578947368421,0,0,0.16666666666666666,-0.93,0.05555555555555555,1,0,0.0,-2.35,0,0.1111111111111111,0,-3.26,0.2222222222222222,0",-33.39,-5.36,1.87,nan,47.4
UUCUAUGGCUUGGGCUUCG,CGGAGCAGUGGAAGACCAACGAAGCCCAAGCCAUAGAAACAGCUAGAGCAUGGACUA,0.6271439224459359,1,"1.43,-0.93,-6.82,1,0,-187.96999999999997,0.42105263157894735,1,0.3157894736842105,0,0,0.16666666666666666,-2.35,0.05555555555555555,1,0,0.0,-2.36,0,0.1111111111111111,0,-3.26,0.16666666666666666,0",-34.82,-7.69,1.43,nan,52.6
UCUAUGGCUUGGGCUUCGU,GCGGAGCAGUGGAAGACCAACGAAGCCCAAGCCAUAGAAACAGCUAGAGCAUGGACU,0.5779269202087994,1,"-0.11,-2.35,-12.44,1,0,-188.82999999999996,0.42105263157894735,0,0.3157894736842105,0,0,0.16666666666666666,-2.08,0.05555555555555555,0,0,0.0,-2.24,0,0.1111111111111111,0,-3.42,0.1111111111111111,0",-35.68,-9.21,-0.11,nan,52.6
UAUGGCUUGGGCUUCGUUG,UAGCGGAGCAGUGGAAGACCAACGAAGCCCAAGCCAUAGAAACAGCUAGAGCAUGGA,0.7009694258016406,1,"1.23,-1.33,-7.69,1,0,-186.88999999999996,0.42105263157894735,0,0.3684210526315789,0,0,0.16666666666666666,-1.1,0.05555555555555555,0,0,0.0,-2.11,0,0.1111111111111111,0,-0.93,0.16666666666666666,0",-34.74,-7.91,1.23,nan,52.6
UUGGGCUUCGUUGGUCUUC,AUGAUGUAGCGGAGCAGUGGAAGACCAACGAAGCCCAAGCCAUAGAAACAGCUAGAG,0.6368381804623415,1,"1.87,-0.93,-6.82,1,0,-187.60000000000002,0.47368421052631576,1,0.3157894736842105,0,0,0.16666666666666666,-2.11,0.0,1,0,0.0,-2.35,0,0.05555555555555555,0,-3.26,0.2222222222222222,0",-34.65,-10.07,1.87,nan,52.6
CUUCGUUGGUCUUCCACUG,AGCAAAUGAUGUAGCGGAGCAGUGGAAGACCAACGAAGCCCAAGCCAUAGAAACAGC,0.5816554809843401,1,"0.03,-2.08,-10.48,0,0,-188.55,0.42105263157894735,0,0.21052631578947367,0,0,0.05555555555555555,-0.93,0.0,1,1,0.05555555555555555,-2.11,0,0.0,0,-2.35,0.16666666666666666,0",-33.92,-6.38,0.03,nan,52.6
GGUCUUCCACUGCUCCGCU,AUCCAUUAGCAAAUGAUGUAGCGGAGCAGUGGAAGACCAACGAAGCCCAAGCCAUAG,0.3273676360924683,0,"-1.63,-3.26,-13.39,0,1,-202.98,0.3157894736842105,0,0.21052631578947367,1,0,0.05555555555555555,-2.24,0.0,0,0,0.1111111111111111,-2.08,0,0.1111111111111111,0,-2.08,0.05555555555555555,0",-39.44,-9.12,-1.63,nan,63.2
GUCUUCCACUGCUCCGCUA,GAUCCAUUAGCAAAUGAUGUAGCGGAGCAGUGGAAGACCAACGAAGCCCAAGCCAUA,0.2997762863534676,0,"-1.36,-2.24,-11.4,0,1,-197.28,0.3157894736842105,0,0.15789473684210525,0,0,0.0,-2.35,0.05555555555555555,1,0,0.1111111111111111,-1.33,0,0.1111111111111111,0,-2.35,0.05555555555555555,1",-37.51,-8.09,-1.36,nan,57.9
CUGCUCCGCUACAUCAUUU,AUCCAGAUGAUCCAUUAGCAAAUGAUGUAGCGGAGCAGUGGAAGACCAACGAAGCCC,0.3221476510067114,0,"-1.6,-2.08,-10.48,0,0,-185.58999999999997,0.3684210526315789,0,0.10526315789473684,0,0,0.0,-2.11,0.05555555555555555,1,1,0.05555555555555555,-0.93,0,0.1111111111111111,0,-1.1,0.1111111111111111,0",-32.82,-11.04,-1.6,nan,47.4
UGCUCCGCUACAUCAUUUG,AAUCCAGAUGAUCCAUUAGCAAAUGAUGUAGCGGAGCAGUGGAAGACCAACGAAGCC,0.4787472035794183,0,"0.9,-2.11,-10.44,1,0,-185.54999999999998,0.3684210526315789,0,0.15789473684210525,0,0,0.0,-3.42,0.05555555555555555,0,0,0.05555555555555555,-2.11,0,0.1111111111111111,0,-2.35,0.1111111111111111,0",-32.85,-12.8,0.9,nan,47.4
GCUCCGCUACAUCAUUUGC,CAAUCCAGAUGAUCCAUUAGCAAAUGAUGUAGCGGAGCAGUGGAAGACCAACGAAGC,0.3713646532438479,0,"0.0,-3.42,-14.88,0,1,-193.70999999999998,0.3157894736842105,0,0.15789473684210525,0,1,0.0,-2.08,0.05555555555555555,0,0,0.05555555555555555,-3.42,0,0.16666666666666666,0,-2.11,0.1111111111111111,0",-34.61,-11.01,0.0,nan,52.6
CGCUACAUCAUUUGCUAAU,CUCCCAAUCCAGAUGAUCCAUUAGCAAAUGAUGUAGCGGAGCAGUGGAAGACCAACG,0.2550335570469799,0,"-1.26,-2.36,-10.64,0,0,-173.16999999999996,0.3684210526315789,0,0.10526315789473684,0,0,0.0,-3.42,0.1111111111111111,0,1,0.0,-1.1,0,0.1111111111111111,1,-2.11,0.1111111111111111,0",-28.49,-7.74,-1.26,nan,36.8
GCUACAUCAUUUGCUAAUG,GCUCCCAAUCCAGAUGAUCCAUUAGCAAAUGAUGUAGCGGAGCAGUGGAAGACCAAC,0.2252050708426547,0,"-0.86,-3.42,-14.88,0,1,-176.68999999999997,0.3684210526315789,0,0.15789473684210525,0,1,0.0,-2.08,0.1111111111111111,0,0,0.0,-2.11,0,0.1111111111111111,0,-3.42,0.1111111111111111,0",-28.69,-7.12,-0.86,nan,36.8
CUACAUCAUUUGCUAAUGG,UGCUCCCAAUCCAGAUGAUCCAUUAGCAAAUGAUGUAGCGGAGCAGUGGAAGACCAA,0.5809097688292321,1,"0.73,-2.08,-10.48,0,0,-175.2,0.3684210526315789,0,0.15789473684210525,0,0,0.05555555555555555,-1.33,0.1111111111111111,1,1,0.0,-3.26,0,0.05555555555555555,0,-2.08,0.1111111111111111,0",-28.53,-6.25,0.73,nan,36.8
CAUCAUUUGCUAAUGGAUC,AAGUGCUCCCAAUCCAGAUGAUCCAUUAGCAAAUGAUGUAGCGGAGCAGUGGAAGAC,0.4571215510812826,0,"0.24,-2.11,-10.44,0,0,-179.89,0.3684210526315789,0,0.15789473684210525,0,0,0.05555555555555555,-1.1,0.05555555555555555,0,1,0.0,-2.35,0,0.05555555555555555,0,-1.1,0.1111111111111111,0",-28.68,-3.53,0.24,nan,36.8
AUCAUUUGCUAAUGGAUCA,UAAGUGCUCCCAAUCCAGAUGAUCCAUUAGCAAAUGAUGUAGCGGAGCAGUGGAAGA,0.5234899328859061,1,"0.56,-1.1,-9.38,0,0,-172.45,0.3684210526315789,0,0.15789473684210525,0,0,0.05555555555555555,-2.35,0.05555555555555555,1,0,0.0,-2.11,0,0.05555555555555555,0,-2.11,0.1111111111111111,1",-27.78,-4.99,0.56,nan,31.6
UGCUAAUGGAUCAUCUGGA,CCUUGUUAAGUGCUCCCAAUCCAGAUGAUCCAUUAGCAAAUGAUGUAGCGGAGCAGU,0.6405667412378822,1,"0.24,-2.11,-10.44,1,0,-185.73999999999995,0.3157894736842105,0,0.2631578947368421,0,0,0.1111111111111111,-3.42,0.05555555555555555,0,0,0.0,-2.35,0,0.05555555555555555,0,-1.1,0.0,1",-32.51,-6.88,0.24,nan,42.1
UGGAUCAUCUGGAUUGGGA,UCCAGGCCUUGUUAAGUGCUCCCAAUCCAGAUGAUCCAUUAGCAAAUGAUGUAGCGG,0.5846383296047726,1,"0.24,-2.11,-10.44,1,0,-191.90999999999997,0.3157894736842105,0,0.3684210526315789,0,0,0.2222222222222222,-3.26,0.0,0,0,0.0,-2.35,0,0.0,0,-1.1,0.05555555555555555,1",-34.55,-7.73,0.24,nan,47.4
GGAUCAUCUGGAUUGGGAG,AUCCAGGCCUUGUUAAGUGCUCCCAAUCCAGAUGAUCCAUUAGCAAAUGAUGUAGCG,0.4377330350484713,0,"-0.73,-3.26,-13.39,0,1,-199.38999999999996,0.2631578947368421,0,0.42105263157894735,1,0,0.2222222222222222,-2.35,0.0,0,0,0.0,-2.08,0,0.0,0,-0.93,0.05555555555555555,0",-35.42,-7.27,-0.73,nan,52.6
GAUAGCAGAACUGUGCGGA,UGGUCCCCAGCACUGCAGAUCCGCACAGUUCUGCUAUCGAUCCAGGCCUUGUUAAGU,0.4735272184936615,0,"-0.9,-2.35,-12.44,0,1,-193.22999999999996,0.15789473684210525,0,0.3684210526315789,0,0,0.05555555555555555,-1.1,0.05555555555555555,0,0,0.0,-2.35,0,0.1111111111111111,0,-2.24,0.0,1",-35.38,-7.58,-0.9,nan,52.6
AUAGCAGAACUGUGCGGAU,GUGGUCCCCAGCACUGCAGAUCCGCACAGUUCUGCUAUCGAUCCAGGCCUUGUUAAG,0.4041759880686055,0,"0.0,-1.1,-9.38,0,0,-186.45,0.21052631578947367,0,0.3157894736842105,0,0,0.05555555555555555,-1.33,0.05555555555555555,1,0,0.0,-1.1,0,0.1111111111111111,0,-2.11,0.0,0",-33.68,-8.38,0.0,nan,47.4
CAGAACUGUGCGGAUCUGC,AUAAGUGGUCCCCAGCACUGCAGAUCCGCACAGUUCUGCUAUCGAUCCAGGCCUUGU,0.6435495898583147,1,"0.86,-2.11,-10.44,0,0,-199.69999999999996,0.21052631578947367,0,0.3157894736842105,0,0,0.05555555555555555,-2.08,0.0,0,1,0.0,-3.42,0,0.1111111111111111,0,-2.35,0.0,0",-36.61,-7.25,0.86,nan,57.9
AUCUGCAGUGCUGGGGACC,GAUAUUUUGAAAGAUAAGUGGUCCCCAGCACUGCAGAUCCGCACAGUUCUGCUAUCG,0.4638329604772558,0,"2.16,-1.1,-9.38,0,0,-206.25,0.21052631578947367,0,0.3684210526315789,0,0,0.16666666666666666,-2.35,0.0,1,0,0.05555555555555555,-3.26,0,0.1111111111111111,0,-3.26,0.0,0",-40.3,-9.61,2.16,nan,63.2
CUGCAGUGCUGGGGACCAC,UAGAUAUUUUGAAAGAUAAGUGGUCCCCAGCACUGCAGAUCCGCACAGUUCUGCUAU,0.4429530201342281,0,"0.16,-2.08,-10.48,0,0,-209.99000000000004,0.15789473684210525,0,0.3684210526315789,0,0,0.16666666666666666,-2.11,0.0,1,1,0.05555555555555555,-2.24,0,0.1111111111111111,0,-3.26,0.0,0",-41.65,-9.53,0.16,nan,68.4
GCAGUGCUGGGGACCACUU,UCUAGAUAUUUUGAAAGAUAAGUGGUCCCCAGCACUGCAGAUCCGCACAGUUCUGCU,0.3594332587621178,0,"-2.49,-3.42,-14.88,0,1,-202.64999999999998,0.21052631578947367,0,0.3684210526315789,0,1,0.16666666666666666,-2.11,0.0,0,0,0.05555555555555555,-0.93,0,0.1111111111111111,0,-2.24,0.05555555555555555,0",-40.02,-9.5,-2.49,nan,63.2
GGGGACCACUUAUCUUUCA,AGAAUAUGUCUAGAUAUUUUGAAAGAUAAGUGGUCCCCAGCACUGCAGAUCCGCACA,0.2572706935123042,0,"-1.6,-3.26,-13.39,0,1,-185.71999999999997,0.3157894736842105,0,0.21052631578947367,1,0,0.16666666666666666,-3.26,0.05555555555555555,0,0,0.05555555555555555,-2.11,0,0.0,0,-2.35,0.16666666666666666,1",-33.63,-11.94,-1.6,nan,47.4
GACCACUUAUCUUUCAAAA,GGAAGAAUAUGUCUAGAUAUUUUGAAAGAUAAGUGGUCCCCAGCACUGCAGAUCCGC,0.2647278150633855,0,"-1.87,-2.35,-12.44,0,1,-166.00999999999996,0.3157894736842105,0,0.05263157894736842,0,0,0.0,-2.24,0.05555555555555555,0,0,0.05555555555555555,-0.93,0,0.0,0,-0.93,0.16666666666666666,1",-26.64,-7.87,-1.87,nan,31.6
CUUAUCUUUCAAAAUAUCU,AGUUGGGAAGAAUAUGUCUAGAUAUUUUGAAAGAUAAGUGGUCCCCAGCACUGCAGA,0.4258016405667412,0,"-0.9,-2.08,-10.48,0,0,-156.30999999999995,0.47368421052631576,0,0.0,0,0,0.0,-0.93,0.1111111111111111,1,1,0.0,-2.08,0,0.0,0,-0.93,0.16666666666666666,0",-22.4,-3.73,-0.9,nan,21.1
UUAUCUUUCAAAAUAUCUA,AAGUUGGGAAGAAUAUGUCUAGAUAUUUUGAAAGAUAAGUGGUCCCCAGCACUGCAG,0.6010439970171514,1,"0.4,-0.93,-6.82,1,0,-149.79999999999995,0.47368421052631576,1,0.0,0,0,0.0,-1.33,0.16666666666666666,1,0,0.0,-1.33,0,0.0,0,-1.1,0.16666666666666666,1",-21.2,-3.73,0.4,nan,15.8
UAUCUUUCAAAAUAUCUAG,CAAGUUGGGAAGAAUAUGUCUAGAUAUUUUGAAAGAUAAGUGGUCCCCAGCACUGCA,0.6383296047725577,1,"1.2,-1.33,-7.69,1,0,-157.17999999999995,0.42105263157894735,0,0.05263157894736842,0,0,0.0,-1.1,0.16666666666666666,0,0,0.0,-2.08,0,0.0,0,-1.33,0.1111111111111111,0",-22.8,-5.2,1.2,nan,21.1
UUUCAAAAUAUCUAGACAU,UAGACAAGUUGGGAAGAAUAUGUCUAGAUAUUUUGAAAGAUAAGUGGUCCCCAGCAC,0.5659955257270693,1,"0.17,-0.93,-6.82,1,0,-157.13,0.3684210526315789,1,0.05263157894736842,0,0,0.0,-0.93,0.1111111111111111,1,0,0.0,-1.1,0,0.0,0,-1.33,0.1111111111111111,0",-23.29,-3.19,0.17,nan,21.1
CUAGACAUAUUCUUCCCAA,UCAUCCUAAUGUAGACAAGUUGGGAAGAAUAUGUCUAGAUAUUUUGAAAGAUAAGUG,0.3937360178970917,0,"-1.6,-2.08,-10.48,0,0,-175.08999999999997,0.3157894736842105,0,0.05263157894736842,0,0,0.0,-1.33,0.1111111111111111,1,1,0.1111111111111111,-0.93,0,0.0,0,-0.93,0.1111111111111111,1",-29.38,-6.22,-1.6,nan,36.8
UUCUUCCCAACUUGUCUAC,CAAAAUUUAUCAUCCUAAUGUAGACAAGUUGGGAAGAAUAUGUCUAGAUAUUUUGAA,0.7009694258016406,1,"1.76,-0.93,-6.82,1,0,-178.26000000000002,0.42105263157894735,1,0.05263157894736842,0,0,0.0,-2.35,0.05555555555555555,1,0,0.1111111111111111,-2.24,0,0.0,0,-2.11,0.16666666666666666,0",-31.26,-9.69,1.76,nan,42.1
UUCCCAACUUGUCUACAUU,GACCAAAAUUUAUCAUCCUAAUGUAGACAAGUUGGGAAGAAUAUGUCUAGAUAUUUU,0.6994780014914243,1,"0.0,-0.93,-6.82,1,0,-171.44,0.42105263157894735,1,0.05263157894736842,0,0,0.0,-2.35,0.05555555555555555,1,0,0.1111111111111111,-0.93,0,0.0,0,-2.08,0.16666666666666666,0",-29.59,-9.61,0.0,nan,36.8
CCAACUUGUCUACAUUAGG,CAUGACCAAAAUUUAUCAUCCUAAUGUAGACAAGUUGGGAAGAAUAUGUCUAGAUAU,0.517524235645041,0,"0.0,-3.26,-13.39,0,0,-177.79000000000002,0.3157894736842105,0,0.15789473684210525,0,0,0.05555555555555555,-2.11,0.1111111111111111,0,1,0.05555555555555555,-3.26,1,0.0,0,-2.11,0.1111111111111111,0",-30.62,-6.31,0.0,nan,42.1
UUGUCUACAUUAGGAUGAU,CGUUUCAUGACCAAAAUUUAUCAUCCUAAUGUAGACAAGUUGGGAAGAAUAUGUCUA,0.3460104399701715,0,"0.17,-0.93,-6.82,1,0,-171.89999999999998,0.42105263157894735,1,0.21052631578947367,0,0,0.05555555555555555,-2.11,0.1111111111111111,1,0,0.0,-1.1,0,0.0,0,-3.26,0.1111111111111111,0",-28.11,-7.81,0.17,nan,31.6
CUACAUUAGGAUGAUAAAU,AGUACGUUUCAUGACCAAAAUUUAUCAUCCUAAUGUAGACAAGUUGGGAAGAAUAUG,0.3668903803131991,0,"-1.43,-2.08,-10.48,0,0,-165.22999999999996,0.3157894736842105,0,0.15789473684210525,0,0,0.05555555555555555,-1.33,0.16666666666666666,1,1,0.0,-1.1,0,0.0,0,-2.35,0.05555555555555555,0",-25.22,-4.05,-1.43,nan,26.3
UAGGAUGAUAAAUUUUGGU,CCCUAAAGUACGUUUCAUGACCAAAAUUUAUCAUCCUAAUGUAGACAAGUUGGGAAG,0.6085011185682326,1,"0.46,-1.33,-7.69,1,0,-160.98999999999998,0.42105263157894735,0,0.2631578947368421,0,0,0.1111111111111111,-2.08,0.1111111111111111,0,0,0.0,-2.24,0,0.0,0,-0.93,0.16666666666666666,0",-25.38,-8.26,0.46,nan,26.3
AAAUUUUGGUCAUGAAACG,AAUGGCAGCCCCUAAAGUACGUUUCAUGACCAAAAUUUAUCAUCCUAAUGUAGACAA,0.7457121551081283,1,"1.43,-0.93,-6.82,0,0,-162.2,0.3157894736842105,0,0.21052631578947367,0,0,0.05555555555555555,-0.93,0.0,0,0,0.0,-2.36,0,0.0,0,-2.11,0.16666666666666666,0",-25.3,-2.39,1.43,nan,31.6
AAUUUUGGUCAUGAAACGU,CAAUGGCAGCCCCUAAAGUACGUUUCAUGACCAAAAUUUAUCAUCCUAAUGUAGACA,0.6868008948545862,1,"0.86,-0.93,-6.82,0,0,-163.05999999999997,0.3684210526315789,0,0.21052631578947367,0,0,0.05555555555555555,-1.1,0.0,0,0,0.0,-2.24,0,0.0,0,-2.35,0.16666666666666666,0",-26.16,-4.72,0.86,nan,31.6
GUCAUGAAACGUACUUUAG,GAAUACCCAAUGGCAGCCCCUAAAGUACGUUUCAUGACCAAAAUUUAUCAUCCUAAU,0.592841163310962,1,"-0.16,-2.24,-11.4,0,1,-171.38999999999996,0.3157894736842105,0,0.21052631578947367,0,0,0.0,-2.35,0.1111111111111111,1,0,0.0,-2.08,0,0.0,0,-2.24,0.1111111111111111,0",-27.79,-5.96,-0.16,nan,36.8
UUAGGGGCUGCCAUUGGGU,CUAUUCCUUCCAGAAGAAUACCCAAUGGCAGCCCCUAAAGUACGUUUCAUGACCAAA,0.4772557792692021,0,"0.86,-0.93,-6.82,1,0,-193.43999999999997,0.3157894736842105,1,0.42105263157894735,0,0,0.2777777777777778,-1.33,0.05555555555555555,1,0,0.05555555555555555,-2.24,0,0.1111111111111111,0,-1.1,0.1111111111111111,0",-38.43,-12.07,0.86,nan,57.9
GGCUGCCAUUGGGUAUUCU,UUGAACUAUUCCUUCCAGAAGAAUACCCAAUGGCAGCCCCUAAAGUACGUUUCAUGA,0.3333333333333333,0,"-1.63,-3.26,-13.39,0,1,-192.19999999999996,0.3684210526315789,0,0.3157894736842105,1,0,0.16666666666666666,-3.42,0.05555555555555555,0,0,0.05555555555555555,-2.08,0,0.1111111111111111,0,-2.24,0.1111111111111111,0",-35.81,-11.86,-1.63,nan,52.6
GGGUAUUCUUCUGGAAGGA,ACUUUUAAACUUGAACUAUUCCUUCCAGAAGAAUACCCAAUGGCAGCCCCUAAAGUA,0.2751677852348993,0,"-1.36,-3.26,-13.39,0,1,-186.8,0.3157894736842105,0,0.3684210526315789,1,0,0.2222222222222222,-3.26,0.05555555555555555,0,0,0.0,-2.35,0,0.0,0,-3.26,0.1111111111111111,1",-33.71,-7.12,-1.36,nan,47.4
UAUUCUUCUGGAAGGAAUA,GGGACUUUUAAACUUGAACUAUUCCUUCCAGAAGAAUACCCAAUGGCAGCCCCUAAA,0.6189410887397464,1,"0.0,-1.33,-7.69,1,0,-168.79,0.3684210526315789,0,0.21052631578947367,0,0,0.1111111111111111,-1.1,0.1111111111111111,0,0,0.0,-1.33,0,0.0,0,-2.08,0.1111111111111111,1",-27.86,-5.2,0.0,nan,31.6
CUUCUGGAAGGAAUAGUUC,GGGAGGGACUUUUAAACUUGAACUAUUCCUUCCAGAAGAAUACCCAAUGGCAGCCCC,0.6524981357196122,1,"0.27,-2.08,-10.48,0,0,-181.03999999999996,0.3157894736842105,0,0.2631578947368421,0,0,0.1111111111111111,-0.93,0.05555555555555555,1,1,0.0,-2.35,0,0.0,0,-1.1,0.1111111111111111,0",-30.65,-8.09,0.27,nan,42.1
CUGGAAGGAAUAGUUCAAG,UGAGGGAGGGACUUUUAAACUUGAACUAUUCCUUCCAGAAGAAUACCCAAUGGCAGC,0.6323639075316928,1,"0.0,-2.08,-10.48,0,0,-179.03999999999996,0.21052631578947367,0,0.3157894736842105,0,0,0.1111111111111111,-2.11,0.05555555555555555,1,1,0.0,-2.08,0,0.0,0,-2.24,0.05555555555555555,0",-30.41,-9.45,0.0,nan,42.1
UGGAAGGAAUAGUUCAAGU,UUGAGGGAGGGACUUUUAAACUUGAACUAUUCCUUCCAGAAGAAUACCCAAUGGCAG,0.7166293810589113,1,"0.13,-2.11,-10.44,1,0,-172.51999999999998,0.2631578947368421,0,0.3157894736842105,0,0,0.1111111111111111,-3.26,0.05555555555555555,0,0,0.0,-2.24,0,0.0,0,-0.93,0.05555555555555555,0",-29.67,-9.69,0.13,nan,36.8
GAAGGAAUAGUUCAAGUUU,CUUUGAGGGAGGGACUUUUAAACUUGAACUAUUCCUUCCAGAAGAAUACCCAAUGGC,0.3251304996271439,0,"-1.87,-2.35,-12.44,0,1,-166.04999999999998,0.3157894736842105,0,0.2631578947368421,0,0,0.05555555555555555,-0.93,0.05555555555555555,0,0,0.0,-0.93,0,0.0,0,-2.11,0.16666666666666666,0",-26.61,-5.66,-1.87,nan,31.6
GGAAUAGUUCAAGUUUAAA,CCCCUUUGAGGGAGGGACUUUUAAACUUGAACUAUUCCUUCCAGAAGAAUACCCAAU,0.2229679343773303,0,"-2.33,-3.26,-13.39,0,1,-157.64,0.3157894736842105,0,0.21052631578947367,1,0,0.05555555555555555,-2.35,0.1111111111111111,0,0,0.0,-0.93,0,0.0,0,-2.24,0.16666666666666666,1",-24.44,-5.49,-2.33,nan,26.3
AGUUCAAGUUUAAAAGUCC,GAUUCCCCCUUUGAGGGAGGGACUUUUAAACUUGAACUAUUCCUUCCAGAAGAAUAC,0.6502609992542878,1,"1.63,-2.08,-10.48,0,0,-162.45,0.3157894736842105,0,0.15789473684210525,0,0,0.0,-2.24,0.05555555555555555,0,0,0.05555555555555555,-3.26,0,0.0,0,-0.93,0.16666666666666666,0",-26.33,-6.55,1.63,nan,31.6
AAAAGUCCCUCCCUCAAAG,CUGGCCCUCAGGAUUCCCCCUUUGAGGGAGGGACUUUUAAACUUGAACUAUUCCUUC,0.5264727815063386,1,"1.6,-0.93,-6.82,0,0,-181.40999999999997,0.15789473684210525,0,0.10526315789473684,0,0,0.0,-0.93,0.0,0,0,0.2222222222222222,-2.08,0,0.0,0,-2.08,0.0,0",-32.87,-7.25,1.6,nan,47.4
GAAUCCUGAGGGCCAGCAA,CGUUAUUUUCAUGUGGUCAUUGCUGGCCCUCAGGAUUCCCCCUUUGAGGGAGGGACU,0.3743475018642804,0,"-1.87,-2.35,-12.44,0,1,-199.09,0.10526315789473684,0,0.3157894736842105,0,0,0.1111111111111111,-0.93,0.0,0,0,0.1111111111111111,-0.93,0,0.1111111111111111,0,-3.26,0.0,1",-37.92,-7.29,-1.87,nan,57.9
GAGGGCCAGCAAUGACCAC,CAACGCCCGUUAUUUUCAUGUGGUCAUUGCUGGCCCUCAGGAUUCCCCCUUUGAGGG,0.4034302759134974,0,"-0.11,-2.35,-12.44,0,1,-206.31000000000003,0.05263157894736842,0,0.3157894736842105,0,0,0.1111111111111111,-2.08,0.0,0,0,0.1111111111111111,-2.24,0,0.1111111111111111,0,-2.11,0.0,0",-39.6,-12.4,-0.11,nan,63.2
GGGCCAGCAAUGACCACAU,AGCAACGCCCGUUAUUUUCAUGUGGUCAUUGCUGGCCCUCAGGAUUCCCCCUUUGAG,0.3512304250559284,0,"-2.16,-3.26,-13.39,0,1,-199.48999999999998,0.10526315789473684,0,0.2631578947368421,1,0,0.1111111111111111,-3.26,0.0,0,0,0.1111111111111111,-1.1,0,0.1111111111111111,0,-2.24,0.0,0",-37.93,-13.46,-2.16,nan,57.9
GCCAGCAAUGACCACAUGA,AGAGCAACGCCCGUUAUUUUCAUGUGGUCAUUGCUGGCCCUCAGGAUUCCCCCUUUG,0.3773303504847129,0,"-1.52,-3.42,-14.88,0,1,-195.59,0.10526315789473684,0,0.21052631578947367,0,1,0.0,-3.26,0.0,0,0,0.1111111111111111,-2.35,0,0.1111111111111111,0,-2.11,0.0,1",-35.87,-9.37,-1.52,nan,52.6
CCAGCAAUGACCACAUGAA,GAGAGCAACGCCCGUUAUUUUCAUGUGGUCAUUGCUGGCCCUCAGGAUUCCCCCUUU,0.2945563012677107,0,"-2.33,-3.26,-13.39,0,0,-187.52999999999997,0.10526315789473684,0,0.15789473684210525,0,0,0.0,-2.11,0.0,0,1,0.1111111111111111,-0.93,1,0.05555555555555555,0,-2.24,0.0,1",-33.38,-7.21,-2.33,nan,47.4
CAGCAAUGACCACAUGAAA,UGAGAGCAACGCCCGUUAUUUUCAUGUGGUCAUUGCUGGCCCUCAGGAUUCCCCCUU,0.29679343773303496,0,"-1.63,-2.11,-10.44,0,0,-180.95999999999998,0.10526315789473684,0,0.15789473684210525,0,0,0.0,-2.08,0.0,0,1,0.05555555555555555,-0.93,0,0.05555555555555555,0,-2.11,0.0,1",-31.05,-7.21,-1.63,nan,42.1
GCAAUGACCACAUGAAAAU,GAUGAGAGCAACGCCCGUUAUUUUCAUGUGGUCAUUGCUGGCCCUCAGGAUUCCCCC,0.3512304250559284,0,"-2.32,-3.42,-14.88,0,1,-176.23999999999998,0.15789473684210525,0,0.15789473684210525,0,1,0.0,-2.11,0.0,0,0,0.05555555555555555,-1.1,0,0.05555555555555555,0,-2.11,0.0,0",-28.89,-6.75,-2.32,nan,36.8
ACAUGAAAAUAACGGGCGU,GCCGAACCAGAUGAGAGCAACGCCCGUUAUUUUCAUGUGGUCAUUGCUGGCCCUCAG,0.465324384787472,0,"0.0,-2.24,-11.4,0,0,-173.14000000000001,0.15789473684210525,0,0.2631578947368421,0,0,0.1111111111111111,-2.11,0.05555555555555555,0,0,0.0,-2.24,0,0.05555555555555555,0,-2.36,0.0,0",-30.21,-4.99,0.0,nan,42.1
AUGAAAAUAACGGGCGUUG,AAGCCGAACCAGAUGAGAGCAACGCCCGUUAUUUUCAUGUGGUCAUUGCUGGCCCUC,0.6495152870991797,1,"1.46,-1.1,-9.38,0,0,-172.28,0.21052631578947367,0,0.3157894736842105,0,0,0.1111111111111111,-2.11,0.05555555555555555,1,0,0.0,-2.11,0,0.05555555555555555,0,-3.26,0.05555555555555555,0",-29.35,-3.36,1.46,nan,42.1
GGGCGUUGCUCUCAUCUGG,UCCUGGCAUCAAAGCCGAACCAGAUGAGAGCAACGCCCGUUAUUUUCAUGUGGUCAU,0.4906785980611484,0,"0.0,-3.26,-13.39,0,1,-204.64,0.3157894736842105,0,0.3684210526315789,1,0,0.16666666666666666,-3.26,0.0,0,0,0.0,-3.26,0,0.1111111111111111,0,-2.11,0.05555555555555555,0",-38.78,-10.23,0.0,nan,63.2
UGCUCUCAUCUGGUUCGGC,ACCAGUUCCUGGCAUCAAAGCCGAACCAGAUGAGAGCAACGCCCGUUAUUUUCAUGU,0.6159582401193139,1,"1.76,-2.11,-10.44,1,0,-199.96999999999997,0.3684210526315789,0,0.2631578947368421,0,0,0.1111111111111111,-3.42,0.0,0,0,0.0,-3.42,0,0.1111111111111111,0,-2.24,0.05555555555555555,0",-37.42,-9.85,1.76,nan,57.9
CUCUCAUCUGGUUCGGCUU,GAACCAGUUCCUGGCAUCAAAGCCGAACCAGAUGAGAGCAACGCCCGUUAUUUUCAU,0.6584638329604773,1,"-1.6,-2.08,-10.48,0,0,-191.94999999999996,0.42105263157894735,0,0.21052631578947367,0,0,0.1111111111111111,-2.35,0.0,1,1,0.0,-0.93,0,0.05555555555555555,0,-2.35,0.1111111111111111,0",-34.9,-7.8,-1.6,nan,52.6
AUCUGGUUCGGCUUUGAUG,UGGCAGAACCAGUUCCUGGCAUCAAAGCCGAACCAGAUGAGAGCAACGCCCGUUAUU,0.6316181953765846,1,"1.46,-1.1,-9.38,0,0,-185.18999999999997,0.42105263157894735,0,0.3157894736842105,0,0,0.1111111111111111,-2.35,0.0,1,0,0.0,-2.11,0,0.05555555555555555,0,-0.93,0.16666666666666666,0",-32.53,-7.98,1.46,nan,47.4
UGGUUCGGCUUUGAUGCCA,XGCUGGCAGAACCAGUUCCUGGCAUCAAAGCCGAACCAGAUGAGAGCAACGCCCGUU,0.6085011185682326,1,"0.0,-2.11,-10.44,1,0,-187.88,0.3684210526315789,0,0.3157894736842105,0,0,0.1111111111111111,-3.26,0.0,0,0,0.05555555555555555,-2.11,0,0.1111111111111111,0,-2.35,0.16666666666666666,1",-35.34,-10.31,0.0,nan,52.6
CGGCUUUGAUGCCAGGAAC,XXXXXXGCUGGCAGAACCAGUUCCUGGCAUCAAAGCCGAACCAGAUGAGAGCAACGC,0.5831469052945564,1,"0.33,-2.36,-10.64,0,0,-195.35999999999999,0.21052631578947367,0,0.3157894736842105,0,0,0.1111111111111111,-3.26,0.0,0,1,0.05555555555555555,-2.24,0,0.1111111111111111,1,-2.11,0.1111111111111111,0",-36.21,-8.64,0.33,nan,57.9
GCUUUGAUGCCAGGAACUG,XXXXXXXXGCUGGCAGAACCAGUUCCUGGCAUCAAAGCCGAACCAGAUGAGAGCAAC,0.4578672632363907,0,"-0.86,-3.42,-14.88,0,1,-192.24999999999997,0.2631578947368421,0,0.3157894736842105,0,1,0.05555555555555555,-2.08,0.0,0,0,0.05555555555555555,-2.11,0,0.1111111111111111,0,-3.26,0.1111111111111111,0",-34.78,-4.96,-0.86,nan,52.6
UUUGAUGCCAGGAACUGGU,XXXXXXXXXXGCUGGCAGAACCAGUUCCUGGCAUCAAAGCCGAACCAGAUGAGAGCA,0.7263236390753169,1,"0.86,-0.93,-6.82,1,0,-184.23999999999998,0.3157894736842105,1,0.3157894736842105,0,0,0.1111111111111111,-0.93,0.0,1,0,0.05555555555555555,-2.24,0,0.05555555555555555,0,-0.93,0.1111111111111111,0",-33.88,-7.48,0.86,nan,47.4
UGAUGCCAGGAACUGGUUC,XXXXXXXXXXXXGCUGGCAGAACCAGUUCCUGGCAUCAAAGCCGAACCAGAUGAGAG,0.2684563758389262,0,"1.14,-2.11,-10.44,1,0,-193.58,0.2631578947368421,0,0.3157894736842105,0,0,0.1111111111111111,-2.35,0.0,0,0,0.05555555555555555,-2.35,0,0.05555555555555555,0,-2.08,0.05555555555555555,0",-35.75,-9.81,1.14,nan,52.6
GAUGCCAGGAACUGGUUCU,XXXXXXXXXXXXXGCUGGCAGAACCAGUUCCUGGCAUCAAAGCCGAACCAGAUGAGA,0.4526472781506338,0,"-1.17,-2.35,-12.44,0,1,-193.62,0.2631578947368421,0,0.3157894736842105,0,0,0.1111111111111111,-1.1,0.0,0,0,0.05555555555555555,-2.08,0,0.05555555555555555,0,-2.11,0.05555555555555555,0",-35.72,-9.54,-1.17,nan,52.6
UUUUCUUACACAGCGGGCA,GAGAAUUUAAAAGAAAAGUUGCCCGCUGUGUAAGAAAAAGCCAAGAGXXXXXXXXXX,0.7032065622669649,1,"0.73,-0.93,-6.82,1,0,-178.62,0.3157894736842105,1,0.21052631578947367,0,0,0.1111111111111111,-0.93,0.05555555555555555,1,0,0.0,-2.11,0,0.1111111111111111,0,-3.42,0.2222222222222222,1",-33.1,-3.56,0.73,nan,47.4
CUUACACAGCGGGCAACUU,AAUGGAGAAUUUAAAAGAAAAGUUGCCCGCUGUGUAAGAAAAAGCCAAGAGXXXXXX,0.5891126025354214,1,"-1.6,-2.08,-10.48,0,0,-184.95999999999998,0.21052631578947367,0,0.21052631578947367,0,0,0.1111111111111111,-0.93,0.05555555555555555,1,1,0.0,-0.93,0,0.1111111111111111,0,-3.42,0.1111111111111111,0",-34.59,-5.97,-1.6,nan,52.6
UUACACAGCGGGCAACUUU,AAAUGGAGAAUUUAAAAGAAAAGUUGCCCGCUGUGUAAGAAAAAGCCAAGAGXXXXX,0.7002237136465324,1,"0.0,-0.93,-6.82,1,0,-177.57999999999996,0.2631578947368421,1,0.21052631578947367,0,0,0.1111111111111111,-1.33,0.05555555555555555,1,0,0.0,-0.93,0,0.1111111111111111,0,-2.11,0.16666666666666666,0",-32.99,-7.57,0.0,nan,47.4
GGGCAACUUUUCUUUUAAA,GGAAGAUAGAAAUGGAGAAUUUAAAAGAAAAGUUGCCCGCUGUGUAAGAAAAAGCCA,0.3243847874720358,0,"-2.33,-3.26,-13.39,0,1,-158.63999999999996,0.42105263157894735,0,0.15789473684210525,1,0,0.1111111111111111,-3.26,0.05555555555555555,0,0,0.0,-0.93,0,0.05555555555555555,0,-0.93,0.3333333333333333,1",-25.96,-9.5,-2.33,nan,31.6
ACUUUUCUUUUAAAUUCUC,UGGAGGGAAGAUAGAAAUGGAGAAUUUAAAAGAAAAGUUGCCCGCUGUGUAAGAAAA,0.4205816554809843,0,"1.01,-2.24,-11.4,0,0,-151.27999999999994,0.5789473684210527,0,0.0,0,0,0.0,-2.08,0.05555555555555555,0,0,0.0,-2.35,0,0.0,0,-0.93,0.3888888888888889,0",-21.79,-4.76,1.01,nan,21.1
UUUUCUUUUAAAUUCUCCA,AAUGGAGGGAAGAUAGAAAUGGAGAAUUUAAAAGAAAAGUUGCCCGCUGUGUAAGAA,0.5533184190902312,1,"0.73,-0.93,-6.82,1,0,-149.51,0.5789473684210527,1,0.0,0,0,0.0,-0.93,0.05555555555555555,1,0,0.05555555555555555,-2.11,0,0.0,0,-0.93,0.3888888888888889,1",-22.39,-3.16,0.73,nan,21.1
AAAUUCUCCAUUUCUAUCU,CUGCGAAAGAAUGGAGGGAAGAUAGAAAUGGAGAAUUUAAAAGAAAAGUUGCCCGCU,0.7606263982102909,1,"0.7,-0.93,-6.82,0,0,-163.90999999999997,0.47368421052631576,0,0.0,0,0,0.0,-0.93,0.05555555555555555,0,0,0.05555555555555555,-2.08,0,0.0,0,-2.35,0.16666666666666666,0",-25.3,-5.2,0.7,nan,26.3
UUUCUAUCUUCCCUCCAUU,AAUGUUGAUGCUGCGAAAGAAUGGAGGGAAGAUAGAAAUGGAGAAUUUAAAAGAAAA,0.6405667412378822,1,"0.0,-0.93,-6.82,1,0,-174.49,0.5263157894736842,1,0.0,0,0,0.0,-0.93,0.05555555555555555,1,0,0.16666666666666666,-0.93,0,0.0,0,-2.08,0.2222222222222222,0",-29.79,-5.6,0.0,nan,36.8
UUCCCUCCAUUCUUUCGCA,CACCUGCUAAUGUUGAUGCUGCGAAAGAAUGGAGGGAAGAUAGAAAUGGAGAAUUUA,0.5421327367636093,1,"0.73,-0.93,-6.82,1,0,-182.89999999999998,0.42105263157894735,1,0.05263157894736842,0,0,0.0,-2.35,0.0,1,0,0.16666666666666666,-2.11,0,0.05555555555555555,0,-0.93,0.2222222222222222,1",-33.17,-12.02,0.73,nan,47.4
CCCUCCAUUCUUUCGCAGC,CUCACCUGCUAAUGUUGAUGCUGCGAAAGAAUGGAGGGAAGAUAGAAAUGGAGAAUU,0.4757643549589858,0,"0.16,-3.26,-13.39,0,0,-196.43999999999997,0.3157894736842105,0,0.10526315789473684,0,0,0.0,-3.26,0.0,0,1,0.16666666666666666,-3.42,1,0.1111111111111111,0,-2.35,0.16666666666666666,0",-36.29,-9.62,0.16,nan,57.9
CCUCCAUUCUUUCGCAGCA,ACUCACCUGCUAAUGUUGAUGCUGCGAAAGAAUGGAGGGAAGAUAGAAAUGGAGAAU,0.2565249813571961,0,"-1.6,-3.26,-13.39,0,0,-189.76999999999995,0.3157894736842105,0,0.10526315789473684,0,0,0.0,-2.08,0.0,0,1,0.1111111111111111,-2.11,1,0.1111111111111111,0,-2.36,0.16666666666666666,1",-34.69,-7.29,-1.6,nan,52.6
UCUUUCGCAGCAUCAACAU,AAUGGAGACUCACCUGCUAAUGUUGAUGCUGCGAAAGAAUGGAGGGAAGAUAGAAAU,0.7770320656226697,1,"-0.8,-2.35,-12.44,1,0,-180.01,0.3157894736842105,0,0.10526315789473684,0,0,0.0,-2.08,0.0,0,0,0.0,-1.1,0,0.1111111111111111,0,-2.35,0.1111111111111111,0",-31.09,-7.98,-0.8,nan,42.1
CUUUCGCAGCAUCAACAUU,UAAUGGAGACUCACCUGCUAAUGUUGAUGCUGCGAAAGAAUGGAGGGAAGAUAGAAA,0.6972408650260999,1,"-1.6,-2.08,-10.48,0,0,-178.10999999999999,0.3157894736842105,0,0.10526315789473684,0,0,0.0,-0.93,0.0,1,1,0.0,-0.93,0,0.1111111111111111,0,-2.11,0.16666666666666666,0",-30.12,-7.11,-1.6,nan,42.1
CAGCAUCAACAUUAGCAGG,AGACCCUAAUGGAGACUCACCUGCUAAUGUUGAUGCUGCGAAAGAAUGGAGGGAAGA,0.727069351230425,1,"0.7,-2.11,-10.44,0,0,-187.10999999999996,0.15789473684210525,0,0.21052631578947367,0,0,0.05555555555555555,-2.08,0.05555555555555555,0,1,0.0,-3.26,0,0.1111111111111111,0,-1.33,0.05555555555555555,0",-32.78,-8.18,0.7,nan,47.4
AGCAUCAACAUUAGCAGGU,CAGACCCUAAUGGAGACUCACCUGCUAAUGUUGAUGCUGCGAAAGAAUGGAGGGAAG,0.7002237136465324,1,"0.16,-2.08,-10.48,0,0,-180.63000000000002,0.21052631578947367,0,0.21052631578947367,0,0,0.05555555555555555,-3.42,0.05555555555555555,0,0,0.0,-2.24,0,0.1111111111111111,0,-2.08,0.05555555555555555,0",-32.01,-7.48,0.16,nan,42.1
AACAUUAGCAGGUGAGUCU,UGCUGGCAGACCCUAAUGGAGACUCACCUGCUAAUGUUGAUGCUGCGAAAGAAUGGA,0.6047725577926921,1,"0.7,-0.93,-6.82,0,0,-180.25,0.2631578947368421,0,0.2631578947368421,0,0,0.05555555555555555,-2.24,0.05555555555555555,0,0,0.0,-2.08,0,0.05555555555555555,0,-2.11,0.05555555555555555,0",-32.05,-5.25,0.7,nan,42.1
GCAGGUGAGUCUCCAUUAG,AUUUCUAUGCUGGCAGACCCUAAUGGAGACUCACCUGCUAAUGUUGAUGCUGCGAAA,0.5361670395227442,1,"-0.89,-3.42,-14.88,0,1,-195.29999999999998,0.2631578947368421,0,0.3157894736842105,0,1,0.05555555555555555,-2.11,0.05555555555555555,0,0,0.05555555555555555,-2.08,0,0.05555555555555555,0,-3.26,0.05555555555555555,0",-35.39,-9.61,-0.89,nan,52.6
UGAGUCUCCAUUAGGGUCU,GUGUCAUUUCUAUGCUGGCAGACCCUAAUGGAGACUCACCUGCUAAUGUUGAUGCUG,0.6696495152870992,1,"-0.03,-2.11,-10.44,1,0,-188.37,0.3684210526315789,0,0.2631578947368421,0,0,0.1111111111111111,-2.35,0.05555555555555555,0,0,0.05555555555555555,-2.08,0,0.0,0,-2.08,0.05555555555555555,0",-34.57,-9.36,-0.03,nan,47.4
AGGGUCUGCCAGCAUAGAA,CCAUCAUGAUUAGUGUCAUUUCUAUGCUGGCAGACCCUAAUGGAGACUCACCUGCUA,0.4548844146159582,0,"-0.7,-2.08,-10.48,0,0,-192.28999999999996,0.15789473684210525,0,0.3157894736842105,0,0,0.1111111111111111,-3.26,0.05555555555555555,0,0,0.05555555555555555,-0.93,0,0.1111111111111111,0,-2.11,0.0,1",-36.58,-11.21,-0.7,nan,52.6
CCAGCAUAGAAAUGACACU,UGUGGAAACCAUCAUGAUUAGUGUCAUUUCUAUGCUGGCAGACCCUAAUGGAGACUC,0.354958985831469,0,"-1.63,-3.26,-13.39,0,0,-181.91,0.15789473684210525,0,0.15789473684210525,0,0,0.0,-2.11,0.05555555555555555,0,1,0.05555555555555555,-2.08,1,0.05555555555555555,0,-2.11,0.0,0",-31.39,-7.61,-1.63,nan,42.1
AGCAUAGAAAUGACACUAA,ACUGUGGAAACCAUCAUGAUUAGUGUCAUUUCUAUGCUGGCAGACCCUAAUGGAGAC,0.4026845637583893,0,"-0.7,-2.08,-10.48,0,0,-168.86999999999998,0.15789473684210525,0,0.15789473684210525,0,0,0.0,-3.42,0.1111111111111111,0,0,0.0,-0.93,0,0.05555555555555555,0,-2.24,0.0,1",-27.83,-7.85,-0.7,nan,31.6
AUAGAAAUGACACUAAUCA,CACACUGUGGAAACCAUCAUGAUUAGUGUCAUUUCUAUGCUGGCAGACCCUAAUGGA,0.5853840417598807,1,"0.56,-1.1,-9.38,0,0,-165.33,0.21052631578947367,0,0.10526315789473684,0,0,0.0,-1.33,0.1111111111111111,1,0,0.0,-2.11,0,0.0,0,-2.08,0.0,1",-25.78,-3.73,0.56,nan,26.3
GACACUAAUCAUGAUGGUU,UCCCUAUCCACACUGUGGAAACCAUCAUGAUUAGUGUCAUUUCUAUGCUGGCAGACC,0.4876957494407159,0,"-1.87,-2.35,-12.44,0,1,-179.29,0.3157894736842105,0,0.21052631578947367,0,0,0.05555555555555555,-2.24,0.05555555555555555,0,0,0.0,-0.93,0,0.0,0,-2.35,0.05555555555555555,0",-29.5,-5.94,-1.87,nan,36.8
ACACUAAUCAUGAUGGUUU,CUCCCUAUCCACACUGUGGAAACCAUCAUGAUUAGUGUCAUUUCUAUGCUGGCAGAC,0.4988814317673378,0,"-0.86,-2.24,-11.4,0,0,-169.94999999999996,0.3684210526315789,0,0.15789473684210525,0,0,0.05555555555555555,-2.11,0.05555555555555555,0,0,0.0,-0.93,0,0.0,0,-1.1,0.1111111111111111,0",-27.63,-5.25,-0.86,nan,31.6
ACUAAUCAUGAUGGUUUCC,GGCUCCCUAUCCACACUGUGGAAACCAUCAUGAUUAGUGUCAUUUCUAUGCUGGCAG,0.4056674123788218,0,"1.47,-2.24,-11.4,0,0,-177.65999999999997,0.3684210526315789,0,0.15789473684210525,0,0,0.05555555555555555,-2.08,0.05555555555555555,0,0,0.05555555555555555,-3.26,0,0.0,0,-3.26,0.1111111111111111,0",-29.34,-5.36,1.47,nan,36.8
AUGAUGGUUUCCACAGUGU,GAACGCUGGCUCCCUAUCCACACUGUGGAAACCAUCAUGAUUAGUGUCAUUUCUAUG,0.6659209545115585,1,"0.69,-1.1,-9.38,0,0,-181.29000000000002,0.3684210526315789,0,0.2631578947368421,0,0,0.05555555555555555,-2.11,0.0,1,0,0.05555555555555555,-2.24,0,0.0,0,-2.24,0.1111111111111111,0",-31.88,-8.18,0.69,nan,42.1
GAUGGUUUCCACAGUGUGG,AGGAACGCUGGCUCCCUAUCCACACUGUGGAAACCAUCAUGAUUAGUGUCAUUUCUA,0.6420581655480985,1,"0.46,-2.35,-12.44,0,1,-192.74,0.3157894736842105,0,0.3684210526315789,0,0,0.1111111111111111,-1.1,0.0,0,0,0.05555555555555555,-3.26,0,0.0,0,-2.08,0.1111111111111111,0",-34.94,-5.58,0.46,nan,52.6
AUGGUUUCCACAGUGUGGA,GAGGAACGCUGGCUCCCUAUCCACACUGUGGAAACCAUCAUGAUUAGUGUCAUUUCU,0.6360924683072334,1,"0.8,-1.1,-9.38,0,0,-185.3,0.3157894736842105,0,0.3157894736842105,0,0,0.1111111111111111,-2.11,0.0,1,0,0.05555555555555555,-2.35,0,0.0,0,-2.24,0.1111111111111111,1",-34.04,-7.28,0.8,nan,47.4
GGUUUCCACAGUGUGGAUA,CAGAGGAACGCUGGCUCCCUAUCCACACUGUGGAAACCAUCAUGAUUAGUGUCAUUU,0.3072334079045488,0,"-1.93,-3.26,-13.39,0,1,-186.26999999999998,0.3157894736842105,0,0.3157894736842105,1,0,0.1111111111111111,-2.24,0.05555555555555555,0,0,0.05555555555555555,-1.33,0,0.0,0,-2.24,0.1111111111111111,1",-33.71,-7.28,-1.93,nan,47.4
UCCACAGUGUGGAUAGGGA,AAGCCAGAGGAACGCUGGCUCCCUAUCCACACUGUGGAAACCAUCAUGAUUAGUGUC,0.4630872483221476,0,"0.0,-2.35,-12.44,1,0,-193.82,0.21052631578947367,0,0.3684210526315789,0,0,0.16666666666666666,-3.26,0.05555555555555555,0,0,0.05555555555555555,-2.35,0,0.0,0,-1.1,0.0,1",-36.85,-9.5,0.0,nan,52.6
CCACAGUGUGGAUAGGGAG,AAAGCCAGAGGAACGCUGGCUCCCUAUCCACACUGUGGAAACCAUCAUGAUUAGUGU,0.4690529455630127,0,"-0.73,-3.26,-13.39,0,0,-199.29999999999998,0.15789473684210525,0,0.42105263157894735,0,0,0.16666666666666666,-2.11,0.05555555555555555,0,1,0.05555555555555555,-2.08,1,0.0,0,-1.33,0.0,0",-37.48,-8.8,-0.73,nan,57.9
GUGUGGAUAGGGAGCCAGC,UAUGAAAAGCCAGAGGAACGCUGGCUCCCUAUCCACACUGUGGAAACCAUCAUGAUU,0.4772557792692021,0,"0.73,-2.24,-11.4,0,1,-207.22,0.15789473684210525,0,0.47368421052631576,0,0,0.16666666666666666,-2.11,0.05555555555555555,1,0,0.05555555555555555,-3.42,0,0.1111111111111111,0,-2.08,0.0,0",-39.97,-8.18,0.73,nan,63.2
GGGAGCCAGCGUUCCUCUG,AAGUAUGGUUAUGAAAAGCCAGAGGAACGCUGGCUCCCUAUCCACACUGUGGAAACC,0.3169276659209545,0,"-0.7,-3.26,-13.39,0,1,-208.69,0.21052631578947367,0,0.3684210526315789,1,0,0.1111111111111111,-3.26,0.0,0,0,0.1111111111111111,-2.11,0,0.1111111111111111,0,-2.35,0.05555555555555555,0",-40.91,-11.94,-0.7,nan,68.4
AGCCAGCGUUCCUCUGGCU,GAUAAGUAUGGUUAUGAAAAGCCAGAGGAACGCUGGCUCCCUAUCCACACUGUGGAA,0.2818791946308724,0,"0.0,-2.08,-10.48,0,0,-200.78,0.2631578947368421,0,0.2631578947368421,0,0,0.05555555555555555,-3.42,0.0,0,0,0.1111111111111111,-2.08,0,0.16666666666666666,0,-2.35,0.05555555555555555,0",-39.9,-12.56,0.0,nan,63.2
GCCAGCGUUCCUCUGGCUU,AGAUAAGUAUGGUUAUGAAAAGCCAGAGGAACGCUGGCUCCCUAUCCACACUGUGGA,0.26771066368381796,0,"-2.49,-3.42,-14.88,0,1,-200.83999999999995,0.3157894736842105,0,0.2631578947368421,0,1,0.05555555555555555,-3.26,0.0,0,0,0.1111111111111111,-0.93,0,0.16666666666666666,0,-2.08,0.1111111111111111,0",-39.2,-10.93,-2.49,nan,63.2
CAGCGUUCCUCUGGCUUUU,GAAGAUAAGUAUGGUUAUGAAAAGCCAGAGGAACGCUGGCUCCCUAUCCACACUGUG,0.2431021625652498,0,"-1.63,-2.11,-10.44,0,0,-186.20999999999995,0.42105263157894735,0,0.21052631578947367,0,0,0.05555555555555555,-2.08,0.0,0,1,0.05555555555555555,-0.93,0,0.1111111111111111,0,-3.26,0.2222222222222222,0",-34.38,-8.84,-1.63,nan,52.6
GCGUUCCUCUGGCUUUUCA,GGGAAGAUAAGUAUGGUUAUGAAAAGCCAGAGGAACGCUGGCUCCCUAUCCACACUG,0.26771066368381796,0,"-1.76,-3.42,-14.88,0,1,-188.16999999999996,0.42105263157894735,0,0.21052631578947367,0,1,0.05555555555555555,-2.36,0.0,0,0,0.05555555555555555,-2.11,0,0.1111111111111111,0,-2.08,0.2222222222222222,1",-34.65,-8.68,-1.76,nan,52.6
UCCUCUGGCUUUUCAUAAC,CCUGGGGAAGAUAAGUAUGGUUAUGAAAAGCCAGAGGAACGCUGGCUCCCUAUCCAC,0.3676360924683072,0,"0.79,-2.35,-12.44,1,0,-179.71999999999997,0.42105263157894735,0,0.10526315789473684,0,0,0.05555555555555555,-3.26,0.05555555555555555,0,0,0.05555555555555555,-2.24,0,0.05555555555555555,0,-2.35,0.16666666666666666,0",-31.3,-11.05,0.79,nan,42.1
UCUGGCUUUUCAUAACCAU,GAGCCUGGGGAAGAUAAGUAUGGUUAUGAAAAGCCAGAGGAACGCUGGCUCCCUAUC,0.2923191648023863,0,"-0.8,-2.35,-12.44,1,0,-172.89999999999998,0.42105263157894735,0,0.10526315789473684,0,0,0.05555555555555555,-2.08,0.05555555555555555,0,0,0.05555555555555555,-1.1,0,0.05555555555555555,0,-1.33,0.16666666666666666,0",-29.63,-9.34,-0.8,nan,36.8
CUGGCUUUUCAUAACCAUA,UGAGCCUGGGGAAGAUAAGUAUGGUUAUGAAAAGCCAGAGGAACGCUGGCUCCCUAU,0.2371364653243848,0,"-1.2,-2.08,-10.48,0,0,-171.87,0.3684210526315789,0,0.10526315789473684,0,0,0.05555555555555555,-2.11,0.1111111111111111,1,1,0.05555555555555555,-1.33,0,0.05555555555555555,0,-0.93,0.16666666666666666,1",-29.06,-7.74,-1.2,nan,36.8
UUUUCAUAACCAUACUUAU,CUUCAUGAGCCUGGGGAAGAUAAGUAUGGUUAUGAAAAGCCAGAGGAACGCUGGCUC,0.5167785234899328,0,"0.17,-0.93,-6.82,1,0,-154.24999999999997,0.47368421052631576,1,0.0,0,0,0.0,-0.93,0.16666666666666666,1,0,0.05555555555555555,-1.1,0,0.0,0,-1.33,0.2222222222222222,0",-23.34,-3.76,0.17,nan,21.1
UUUCAUAACCAUACUUAUC,UCUUCAUGAGCCUGGGGAAGAUAAGUAUGGUUAUGAAAAGCCAGAGGAACGCUGGCU,0.6539895600298284,1,"1.87,-0.93,-6.82,1,0,-163.59,0.42105263157894735,1,0.0,0,0,0.0,-0.93,0.16666666666666666,1,0,0.05555555555555555,-2.35,0,0.0,0,-2.24,0.16666666666666666,0",-25.21,-3.76,1.87,nan,26.3
CCAUACUUAUCUUCCCCAG,AUUUCUAUUCUUCAUGAGCCUGGGGAAGAUAAGUAUGGUUAUGAAAAGCCAGAGGAA,0.4101416853094706,0,"-0.73,-3.26,-13.39,0,0,-186.32999999999996,0.3157894736842105,0,0.05263157894736842,0,0,0.0,-2.11,0.1111111111111111,0,1,0.2222222222222222,-2.08,1,0.0,0,-2.35,0.1111111111111111,0",-33.07,-5.25,-0.73,nan,47.4
UACUUAUCUUCCCCAGGCU,UGCAUUUCUAUUCUUCAUGAGCCUGGGGAAGAUAAGUAUGGUUAUGAAAAGCCAGAG,0.5861297539149889,1,"0.3,-1.33,-7.69,1,0,-184.42999999999998,0.3684210526315789,0,0.10526315789473684,0,0,0.05555555555555555,-2.24,0.1111111111111111,0,0,0.16666666666666666,-2.08,0,0.05555555555555555,0,-3.26,0.1111111111111111,0",-34.46,-5.49,0.3,nan,47.4
UAUCUUCCCCAGGCUCAUG,UGUGUGCAUUUCUAUUCUUCAUGAGCCUGGGGAAGAUAAGUAUGGUUAUGAAAAGCC,0.5667412378821775,1,"1.23,-1.33,-7.69,1,0,-194.45999999999998,0.3157894736842105,0,0.15789473684210525,0,0,0.05555555555555555,-1.1,0.05555555555555555,0,0,0.16666666666666666,-2.11,0,0.05555555555555555,0,-3.42,0.05555555555555555,0",-36.0,-7.53,1.23,nan,52.6
AUCUUCCCCAGGCUCAUGA,AUGUGUGCAUUUCUAUUCUUCAUGAGCCUGGGGAAGAUAAGUAUGGUUAUGAAAAGC,0.56972408650261,1,"0.8,-1.1,-9.38,0,0,-195.48999999999998,0.2631578947368421,0,0.15789473684210525,0,0,0.05555555555555555,-2.35,0.0,1,0,0.16666666666666666,-2.35,0,0.05555555555555555,0,-2.08,0.05555555555555555,1",-36.57,-9.69,0.8,nan,52.6
GGCUCAUGAAGAAUAGAAA,AAAAAUGGUGAUGUGUGCAUUUCUAUUCUUCAUGAGCCUGGGGAAGAUAAGUAUGGU,0.2199850857568978,0,"-2.33,-3.26,-13.39,0,1,-176.74999999999997,0.15789473684210525,0,0.2631578947368421,1,0,0.05555555555555555,-3.42,0.05555555555555555,0,0,0.0,-0.93,0,0.05555555555555555,0,-1.1,0.0,1",-29.25,-9.08,-2.33,nan,36.8
AAUAGAAAUGCACACAUCA,CAAAUGUUGAUAAAAAUGGUGAUGUGUGCAUUUCUAUUCUUCAUGAGCCUGGGGAAG,0.55779269202088,1,"0.73,-0.93,-6.82,0,0,-170.48,0.15789473684210525,0,0.10526315789473684,0,0,0.0,-1.1,0.05555555555555555,0,0,0.0,-2.11,0,0.05555555555555555,0,-2.11,0.0,1",-27.66,-3.73,0.73,nan,31.6
UAGAAAUGCACACAUCACC,CCCAAAUGUUGAUAAAAAUGGUGAUGUGUGCAUUUCUAUUCUUCAUGAGCCUGGGGA,0.7061894108873974,1,"1.93,-1.33,-7.69,1,0,-182.79000000000002,0.15789473684210525,0,0.10526315789473684,0,0,0.0,-2.08,0.05555555555555555,0,0,0.05555555555555555,-3.26,0,0.05555555555555555,0,-2.11,0.0,0",-31.58,-4.96,1.93,nan,42.1
AGAAAUGCACACAUCACCA,ACCCAAAUGUUGAUAAAAAUGGUGAUGUGUGCAUUUCUAUUCUUCAUGAGCCUGGGG,0.6338553318419089,1,"0.03,-2.08,-10.48,0,0,-181.82,0.10526315789473684,0,0.10526315789473684,0,0,0.0,-2.35,0.0,0,0,0.05555555555555555,-2.11,0,0.05555555555555555,0,-1.1,0.0,1",-31.91,-6.75,0.03,nan,42.1
UUUUAUCAACAUUUGGGUG,AUUCAUUACAGAAAUCUGGCACCCAAAUGUUGAUAAAAAUGGUGAUGUGUGCAUUUC,0.5451155853840417,1,"1.63,-0.93,-6.82,1,0,-163.81999999999996,0.47368421052631576,1,0.21052631578947367,0,0,0.1111111111111111,-0.93,0.05555555555555555,1,0,0.0,-2.11,0,0.0,0,-0.93,0.2777777777777778,0",-26.36,-3.76,1.63,nan,31.6
UCAACAUUUGGGUGCCAGA,AUGAAAUUCAUUACAGAAAUCUGGCACCCAAAUGUUGAUAAAAAUGGUGAUGUGUGC,0.5473527218493661,1,"0.0,-2.35,-12.44,1,0,-184.20000000000002,0.2631578947368421,0,0.2631578947368421,0,0,0.1111111111111111,-2.11,0.0,0,0,0.05555555555555555,-2.35,0,0.05555555555555555,0,-2.11,0.1111111111111111,1",-33.91,-4.88,0.0,nan,47.4
AACAUUUGGGUGCCAGAUU,AAAUGAAAUUCAUUACAGAAAUCUGGCACCCAAAUGUUGAUAAAAAUGGUGAUGUGU,0.5473527218493661,1,"0.0,-0.93,-6.82,0,0,-177.51999999999998,0.3157894736842105,0,0.2631578947368421,0,0,0.1111111111111111,-2.24,0.0,0,0,0.05555555555555555,-0.93,0,0.05555555555555555,0,-3.26,0.16666666666666666,0",-31.48,-4.88,0.0,nan,42.1
GUGCCAGAUUUCUGUAAUG,GACCUCCUAAAAUGAAAUUCAUUACAGAAAUCUGGCACCCAAAUGUUGAUAAAAAUG,0.3736017897091722,0,"-0.13,-2.24,-11.4,0,1,-181.97,0.3684210526315789,0,0.2631578947368421,0,0,0.0,-2.11,0.05555555555555555,1,0,0.05555555555555555,-2.11,0,0.05555555555555555,0,-2.11,0.1111111111111111,0",-30.69,-10.34,-0.13,nan,42.1
AUUUCUGUAAUGAAUUUCA,CCCCUCCGACCUCCUAAAAUGAAAUUCAUUACAGAAAUCUGGCACCCAAAUGUUGAU,0.459358687546607,0,"0.56,-1.1,-9.38,0,0,-156.21999999999997,0.47368421052631576,0,0.10526315789473684,0,0,0.0,-0.93,0.05555555555555555,1,0,0.0,-2.11,0,0.0,0,-0.93,0.2222222222222222,1",-22.92,-5.65,0.56,nan,21.1
UAAUGAAUUUCAUUUUAGG,AGAUUAUCCCCUCCGACCUCCUAAAAUGAAAUUCAUUACAGAAAUCUGGCACCCAAA,0.5190156599552572,0,"1.93,-1.33,-7.69,1,0,-153.55999999999995,0.47368421052631576,0,0.15789473684210525,0,0,0.05555555555555555,-0.93,0.1111111111111111,0,0,0.0,-3.26,0,0.0,0,-0.93,0.2777777777777778,0",-22.19,-3.53,1.93,nan,21.1
AUGAAUUUCAUUUUAGGAG,AAAGAUUAUCCCCUCCGACCUCCUAAAAUGAAAUUCAUUACAGAAAUCUGGCACCCA,0.6554809843400448,1,"1.43,-1.1,-9.38,0,0,-161.96999999999997,0.42105263157894735,0,0.21052631578947367,0,0,0.05555555555555555,-2.11,0.05555555555555555,1,0,0.0,-2.08,0,0.0,0,-0.93,0.2777777777777778,0",-24.36,-3.36,1.43,nan,26.3
GAAUUUCAUUUUAGGAGGU,CAAAAGAUUAUCCCCUCCGACCUCCUAAAAUGAAAUUCAUUACAGAAAUCUGGCACC,0.2945563012677107,0,"-1.01,-2.35,-12.44,0,1,-166.93999999999997,0.42105263157894735,0,0.2631578947368421,0,0,0.1111111111111111,-0.93,0.05555555555555555,0,0,0.0,-2.24,0,0.0,0,-2.08,0.2777777777777778,0",-26.65,-3.36,-1.01,nan,31.6
AUUUUAGGAGGUCGGAGGG,ACUUUCCCAAAAGAUUAUCCCCUCCGACCUCCUAAAAUGAAAUUCAUUACAGAAAUC,0.465324384787472,0,"2.16,-1.1,-9.38,0,0,-187.95,0.2631578947368421,0,0.47368421052631576,0,0,0.2777777777777778,-0.93,0.05555555555555555,1,0,0.0,-3.26,0,0.0,0,-2.36,0.16666666666666666,0",-34.87,-4.92,2.16,nan,52.6
GAGGUCGGAGGGGAUAAUC,UCAUCUUACUUUCCCAAAAGAUUAUCCCCUCCGACCUCCUAAAAUGAAAUUCAUUAC,0.6316181953765846,1,"0.0,-2.35,-12.44,0,1,-201.81,0.15789473684210525,0,0.47368421052631576,0,0,0.2777777777777778,-2.08,0.05555555555555555,0,0,0.0,-2.35,0,0.0,0,-2.35,0.0,0",-37.18,-11.01,0.0,nan,57.9
AGGUCGGAGGGGAUAAUCU,CUCAUCUUACUUUCCCAAAAGAUUAUCCCCUCCGACCUCCUAAAAUGAAAUUCAUUA,0.6278896346010439,1,"0.0,-2.08,-10.48,0,0,-192.40999999999997,0.21052631578947367,0,0.42105263157894735,0,0,0.2777777777777778,-3.26,0.05555555555555555,0,0,0.0,-2.08,0,0.0,0,-1.1,0.0,0",-36.01,-11.28,0.0,nan,52.6
CACCUUCAUAAAGUGUAUC,CCUUAUUAUUGGCCCUCCAGAUACACUUUAUGAAGGUGGUGUUUUUAAGGCUCAUCU,0.4921700223713647,0,"0.24,-2.11,-10.44,0,0,-175.74,0.3157894736842105,0,0.10526315789473684,0,0,0.0,-2.24,0.1111111111111111,0,1,0.05555555555555555,-2.35,0,0.0,0,-2.24,0.05555555555555555,0",-28.73,-7.98,0.24,nan,36.8
ACCUUCAUAAAGUGUAUCU,UCCUUAUUAUUGGCCCUCCAGAUACACUUUAUGAAGGUGGUGUUUUUAAGGCUCAUC,0.586875466070097,1,"-0.16,-2.24,-11.4,0,0,-168.33999999999997,0.3684210526315789,0,0.10526315789473684,0,0,0.0,-3.26,0.1111111111111111,0,0,0.05555555555555555,-2.08,0,0.0,0,-2.11,0.05555555555555555,0",-27.8,-7.29,-0.16,nan,31.6
UAAAGUGUAUCUGGAGGGC,UGGGAAGUCCUUAUUAUUGGCCCUCCAGAUACACUUUAUGAAGGUGGUGUUUUUAAG,0.5607755406413124,1,"2.09,-1.33,-7.69,1,0,-186.11999999999995,0.2631578947368421,0,0.3684210526315789,0,0,0.16666666666666666,-0.93,0.1111111111111111,0,0,0.0,-3.42,0,0.05555555555555555,0,-3.26,0.0,0",-33.92,-5.54,2.09,nan,47.4
GUGUAUCUGGAGGGCCAAU,CCGAUGGGAAGUCCUUAUUAUUGGCCCUCCAGAUACACUUUAUGAAGGUGGUGUUUU,0.2692020879940343,0,"-1.59,-2.24,-11.4,0,1,-194.33999999999997,0.2631578947368421,0,0.3684210526315789,0,0,0.16666666666666666,-2.11,0.05555555555555555,1,0,0.05555555555555555,-1.1,0,0.05555555555555555,0,-3.26,0.0,0",-36.05,-6.22,-1.59,nan,52.6
GGAGGGCCAAUAAUAAGGA,GAUCUCUACCGAUGGGAAGUCCUUAUUAUUGGCCCUCCAGAUACACUUUAUGAAGGU,0.3333333333333333,0,"-1.36,-3.26,-13.39,0,1,-185.37999999999994,0.10526315789473684,0,0.3684210526315789,1,0,0.2222222222222222,-2.35,0.1111111111111111,0,0,0.05555555555555555,-2.35,0,0.05555555555555555,0,-1.1,0.0,1",-33.8,-13.54,-1.36,nan,47.4
GGCCAAUAAUAAGGACUUC,CAAUGAUCUCUACCGAUGGGAAGUCCUUAUUAUUGGCCCUCCAGAUACACUUUAUGA,0.6532438478747203,1,"-0.46,-3.26,-13.39,0,1,-180.53999999999996,0.21052631578947367,0,0.21052631578947367,1,0,0.1111111111111111,-3.42,0.1111111111111111,0,0,0.05555555555555555,-2.35,0,0.05555555555555555,0,-3.26,0.05555555555555555,0",-30.9,-7.61,-0.46,nan,42.1
GCCAAUAAUAAGGACUUCC,ACAAUGAUCUCUACCGAUGGGAAGUCCUUAUUAUUGGCCCUCCAGAUACACUUUAUG,0.529455630126771,1,"-0.16,-3.42,-14.88,0,1,-180.53999999999996,0.21052631578947367,0,0.15789473684210525,0,1,0.05555555555555555,-3.26,0.1111111111111111,0,0,0.1111111111111111,-3.26,0,0.05555555555555555,0,-2.35,0.05555555555555555,0",-30.9,-5.12,-0.16,nan,42.1
UAAGGACUUCCCAUCGGUA,AAUAGAUGACAAUGAUCUCUACCGAUGGGAAGUCCUUAUUAUUGGCCCUCCAGAUAC,0.6942580164056674,1,"0.0,-1.33,-7.69,1,0,-183.06999999999996,0.2631578947368421,0,0.21052631578947367,0,0,0.1111111111111111,-0.93,0.1111111111111111,0,0,0.1111111111111111,-1.33,0,0.0,0,-1.1,0.05555555555555555,1",-33.83,-7.95,0.0,nan,47.4
GGACUUCCCAUCGGUAGAG,UUUAAUAGAUGACAAUGAUCUCUACCGAUGGGAAGUCCUUAUUAUUGGCCCUCCAGA,0.5093214019388517,0,"-0.73,-3.26,-13.39,0,1,-198.92,0.21052631578947367,0,0.3157894736842105,1,0,0.1111111111111111,-2.35,0.05555555555555555,0,0,0.1111111111111111,-2.08,0,0.0,0,-3.26,0.05555555555555555,0",-36.9,-9.12,-0.73,nan,57.9
ACUUCCCAUCGGUAGAGAU,GGUUUAAUAGAUGACAAUGAUCUCUACCGAUGGGAAGUCCUUAUUAUUGGCCCUCCA,0.5048471290082028,0,"-0.69,-2.24,-11.4,0,0,-187.46999999999997,0.2631578947368421,0,0.21052631578947367,0,0,0.05555555555555555,-2.08,0.05555555555555555,0,0,0.1111111111111111,-1.1,0,0.0,0,-1.33,0.05555555555555555,0",-33.84,-9.45,-0.69,nan,47.4
CCAUCGGUAGAGAUCAUUG,CUGCAGGUUUAAUAGAUGACAAUGAUCUCUACCGAUGGGAAGUCCUUAUUAUUGGCC,0.6465324384787472,1,"-0.7,-3.26,-13.39,0,0,-189.89999999999998,0.2631578947368421,0,0.2631578947368421,0,0,0.05555555555555555,-2.11,0.05555555555555555,0,1,0.05555555555555555,-2.11,1,0.0,0,-1.1,0.05555555555555555,0",-32.48,-8.88,-0.7,nan,47.4
AUCGGUAGAGAUCAUUGUC,UUCUGCAGGUUUAAUAGAUGACAAUGAUCUCUACCGAUGGGAAGUCCUUAUUAUUGG,0.7695749440715884,1,"1.7,-1.1,-9.38,0,0,-186.19,0.3157894736842105,0,0.2631578947368421,0,0,0.05555555555555555,-2.35,0.05555555555555555,1,0,0.0,-2.35,0,0.0,0,-2.11,0.05555555555555555,0",-31.25,-9.08,1.7,nan,42.1
CGGUAGAGAUCAUUGUCAU,UUUUCUGCAGGUUUAAUAGAUGACAAUGAUCUCUACCGAUGGGAAGUCCUUAUUAUU,0.3020134228187919,0,"-1.26,-2.36,-10.64,0,0,-184.18999999999997,0.3157894736842105,0,0.2631578947368421,0,0,0.05555555555555555,-3.26,0.05555555555555555,0,1,0.0,-1.1,0,0.0,1,-0.93,0.05555555555555555,0",-31.01,-9.25,-1.26,nan,42.1
UUGUCAUCUAUUAAACCUG,CCAGUGGAAGGCUUUUCUGCAGGUUUAAUAGAUGACAAUGAUCUCUACCGAUGGGAA,0.727069351230425,1,"1.63,-0.93,-6.82,1,0,-167.43999999999997,0.42105263157894735,1,0.10526315789473684,0,0,0.0,-2.11,0.1111111111111111,1,0,0.05555555555555555,-2.11,0,0.0,0,-0.93,0.1111111111111111,0",-26.97,-7.72,1.63,nan,31.6
CAUCUAUUAAACCUGCAGA,AAAUCCAGUGGAAGGCUUUUCUGCAGGUUUAAUAGAUGACAAUGAUCUCUACCGAUG,0.4519015659955257,0,"-0.66,-2.11,-10.44,0,0,-174.57999999999998,0.2631578947368421,0,0.10526315789473684,0,0,0.0,-1.1,0.1111111111111111,0,1,0.05555555555555555,-2.35,0,0.05555555555555555,0,-2.08,0.05555555555555555,1",-29.3,-3.9,-0.66,nan,36.8
UCUAUUAAACCUGCAGAAA,AAAAAUCCAGUGGAAGGCUUUUCUGCAGGUUUAAUAGAUGACAAUGAUCUCUACCGA,0.3855331841909023,0,"-0.97,-2.35,-12.44,1,0,-164.67999999999998,0.2631578947368421,0,0.10526315789473684,0,0,0.0,-2.08,0.1111111111111111,0,0,0.05555555555555555,-0.93,0,0.05555555555555555,0,-3.42,0.05555555555555555,1",-27.5,-3.16,-0.97,nan,31.6
UUAAACCUGCAGAAAAGCC,CAACAAAAAUCCAGUGGAAGGCUUUUCUGCAGGUUUAAUAGAUGACAAUGAUCUCUA,0.6211782252050708,1,"2.33,-0.93,-6.82,1,0,-173.97999999999996,0.15789473684210525,1,0.15789473684210525,0,0,0.0,-1.33,0.05555555555555555,1,0,0.1111111111111111,-3.26,0,0.1111111111111111,0,-0.93,0.05555555555555555,0",-30.78,-5.78,2.33,nan,42.1
GAAAAGCCUUCCACUGGAU,XXXXXAGAACUCAACAAAAAUCCAGUGGAAGGCUUUUCUGCAGGUUUAAUAGAUGAC,0.4876957494407159,0,"-1.7,-2.35,-12.44,0,1,-185.41999999999996,0.21052631578947367,0,0.21052631578947367,0,0,0.05555555555555555,-0.93,0.0,0,0,0.1111111111111111,-1.1,0,0.05555555555555555,0,-2.24,0.05555555555555555,0",-33.23,-7.01,-1.7,nan,47.4
CACUGUCUGGCUAUCCUGU,ACCAACAGAGCAGAACACGACAGGAUAGCCAGACAGUGGACCAAXXXXXXXXXXXXX,0.4116331096196868,0,"-0.77,-2.11,-10.44,0,0,-194.15999999999997,0.3684210526315789,0,0.21052631578947367,0,0,0.05555555555555555,-2.24,0.05555555555555555,0,1,0.05555555555555555,-2.24,0,0.05555555555555555,0,-1.1,0.0,0",-36.01,-8.11,-0.77,nan,52.6
CUGUCUGGCUAUCCUGUCG,UGACCAACAGAGCAGAACACGACAGGAUAGCCAGACAGUGGACCAAXXXXXXXXXXX,0.5816554809843401,1,"-0.17,-2.08,-10.48,0,0,-199.11999999999995,0.3684210526315789,0,0.2631578947368421,0,0,0.05555555555555555,-2.11,0.05555555555555555,1,1,0.05555555555555555,-2.36,0,0.05555555555555555,0,-3.26,0.0,0",-36.82,-9.61,-0.17,nan,57.9
UGUCGUGUUCUGCUCUGUU,AGCCACUCAGUAUUUGACCAACAGAGCAGAACACGACAGGAUAGCCAGACAGUGGAC,0.5734526472781507,1,"-0.73,-2.11,-10.44,1,0,-184.23,0.5263157894736842,0,0.2631578947368421,0,0,0.0,-2.24,0.0,0,0,0.0,-0.93,0,0.05555555555555555,0,-2.08,0.1111111111111111,0",-33.34,-9.0,-0.73,nan,47.4
UCGUGUUCUGCUCUGUUGG,AUAGCCACUCAGUAUUUGACCAACAGAGCAGAACACGACAGGAUAGCCAGACAGUGG,0.6621923937360179,1,"1.36,-2.35,-12.44,1,0,-189.94,0.47368421052631576,0,0.3157894736842105,0,0,0.05555555555555555,-2.36,0.0,0,0,0.0,-3.26,0,0.05555555555555555,0,-2.08,0.1111111111111111,0",-34.81,-8.14,1.36,nan,52.6
GUUGGUCAAAUACUGAGUG,CUCUGGUUGGAAGCAUAGCCACUCAGUAUUUGACCAACAGAGCAGAACACGACAGGA,0.6495152870991797,1,"-0.13,-2.24,-11.4,0,1,-180.51,0.3157894736842105,0,0.3157894736842105,0,0,0.05555555555555555,-0.93,0.05555555555555555,1,0,0.0,-2.11,0,0.0,0,-2.08,0.05555555555555555,0",-30.65,-8.01,-0.13,nan,42.1
UGGUCAAAUACUGAGUGGC,UCCUCUGGUUGGAAGCAUAGCCACUCAGUAUUUGACCAACAGAGCAGAACACGACAG,0.6778523489932886,1,"1.76,-2.11,-10.44,1,0,-186.83999999999997,0.2631578947368421,0,0.3157894736842105,0,0,0.1111111111111111,-3.26,0.05555555555555555,0,0,0.0,-3.42,0,0.05555555555555555,0,-2.35,0.0,0",-33.71,-7.28,1.76,nan,47.4
UCAAAUACUGAGUGGCUAU,GGAUCCUCUGGUUGGAAGCAUAGCCACUCAGUAUUUGACCAACAGAGCAGAACACGA,0.6614466815809098,1,"-0.8,-2.35,-12.44,1,0,-175.43999999999997,0.3157894736842105,0,0.21052631578947367,0,0,0.05555555555555555,-2.11,0.1111111111111111,0,0,0.0,-1.1,0,0.05555555555555555,0,-2.11,0.0,0",-30.16,-4.55,-0.8,nan,36.8
GCUUCCAACCAGAGGAUCC,UGACAGACUGCAACCCUGCGGAUCCUCUGGUUGGAAGCAUAGCCACUCAGUAUUUGA,0.4459358687546607,0,"-0.16,-3.42,-14.88,0,1,-201.32999999999998,0.15789473684210525,0,0.21052631578947367,0,1,0.05555555555555555,-2.08,0.0,0,0,0.16666666666666666,-3.26,0,0.05555555555555555,0,-2.08,0.05555555555555555,0",-37.43,-7.12,-0.16,nan,57.9
UCCAACCAGAGGAUCCGCA,UUUUGACAGACUGCAACCCUGCGGAUCCUCUGGUUGGAAGCAUAGCCACUCAGUAUU,0.5652498135719612,1,"-0.24,-2.35,-12.44,1,0,-197.66999999999996,0.10526315789473684,0,0.21052631578947367,0,0,0.05555555555555555,-3.26,0.0,0,0,0.16666666666666666,-2.11,0,0.05555555555555555,0,-1.1,0.0,1",-37.99,-9.37,-0.24,nan,57.9
CAGAGGAUCCGCAGGGUUG,GUUCCCUUUUGACAGACUGCAACCCUGCGGAUCCUCUGGUUGGAAGCAUAGCCACUC,0.4198359433258761,0,"0.0,-2.11,-10.44,0,0,-203.14999999999995,0.15789473684210525,0,0.42105263157894735,0,0,0.16666666666666666,-2.08,0.0,0,1,0.05555555555555555,-2.11,0,0.05555555555555555,0,-2.08,0.05555555555555555,0",-38.62,-8.23,0.0,nan,63.2
GGAUCCGCAGGGUUGCAGU,AUUUGUUCCCUUUUGACAGACUGCAACCCUGCGGAUCCUCUGGUUGGAAGCAUAGCC,0.5302013422818792,1,"-1.47,-3.26,-13.39,0,1,-202.78999999999996,0.21052631578947367,0,0.42105263157894735,1,0,0.16666666666666666,-2.35,0.0,0,0,0.05555555555555555,-2.24,0,0.1111111111111111,0,-0.93,0.05555555555555555,0",-39.4,-10.75,-1.47,nan,63.2
GGGUUGCAGUCUGUCAAAA,UUGCUGUCUAUUUGUUCCCUUUUGACAGACUGCAACCCUGCGGAUCCUCUGGUUGGA,0.3750932140193885,0,"-2.33,-3.26,-13.39,0,1,-183.41,0.2631578947368421,0,0.3157894736842105,1,0,0.1111111111111111,-3.26,0.0,0,0,0.0,-0.93,0,0.05555555555555555,0,-2.24,0.05555555555555555,1",-33.14,-9.53,-2.33,nan,47.4
CUGUCAAAAGGGAACAAAU,UUCAAAGGUUUUGCUGUCUAUUUGUUCCCUUUUGACAGACUGCAACCCUGCGGAUCC,0.3564504101416853,0,"-1.43,-2.08,-10.48,0,0,-169.70999999999998,0.15789473684210525,0,0.21052631578947367,0,0,0.1111111111111111,-2.11,0.0,1,1,0.0,-1.1,0,0.0,0,-0.93,0.0,0",-28.33,-5.68,-1.43,nan,36.8
UGUCAAAAGGGAACAAAUA,UUUCAAAGGUUUUGCUGUCUAUUUGUUCCCUUUUGACAGACUGCAACCCUGCGGAUC,0.337061894108874,0,"-0.33,-2.11,-10.44,1,0,-163.2,0.15789473684210525,0,0.21052631578947367,0,0,0.1111111111111111,-2.24,0.05555555555555555,0,0,0.0,-1.33,0,0.0,0,-2.24,0.0,1",-27.13,-4.95,-0.33,nan,31.6
AAAAGGGAACAAAUAGACA,ACUAUUUCAAAGGUUUUGCUGUCUAUUUGUUCCCUUUUGACAGACUGCAACCCUGCG,0.6413124533929903,1,"0.73,-0.93,-6.82,0,0,-163.23999999999998,0.05263157894736842,0,0.21052631578947367,0,0,0.1111111111111111,-0.93,0.05555555555555555,0,0,0.0,-2.11,0,0.0,0,-1.1,0.0,1",-27.1,-7.82,0.73,nan,31.6
AGGGAACAAAUAGACAGCA,UUGACUAUUUCAAAGGUUUUGCUGUCUAUUUGUUCCCUUUUGACAGACUGCAACCCU,0.5473527218493661,1,"0.03,-2.08,-10.48,0,0,-178.57999999999996,0.05263157894736842,0,0.2631578947368421,0,0,0.1111111111111111,-3.26,0.05555555555555555,0,0,0.0,-2.11,0,0.05555555555555555,0,-2.35,0.0,1",-31.92,-9.61,0.03,nan,42.1
ACAAAUAGACAGCAAAACC,CCGCUUUGACUAUUUCAAAGGUUUUGCUGUCUAUUUGUUCCCUUUUGACAGACUGCA,0.7069351230425056,1,"1.47,-2.24,-11.4,0,0,-171.02999999999997,0.05263157894736842,0,0.10526315789473684,0,0,0.0,-2.11,0.05555555555555555,0,0,0.05555555555555555,-3.26,0,0.05555555555555555,0,-2.11,0.0,0",-28.78,-4.39,1.47,nan,36.8
AUAGACAGCAAAACCUUUG,AGUCCCGCUUUGACUAUUUCAAAGGUUUUGCUGUCUAUUUGUUCCCUUUUGACAGAC,0.6890380313199106,1,"1.46,-1.1,-9.38,0,0,-170.10999999999999,0.21052631578947367,0,0.15789473684210525,0,0,0.0,-1.33,0.05555555555555555,1,0,0.05555555555555555,-2.11,0,0.05555555555555555,0,-2.24,0.1111111111111111,0",-28.62,-7.65,1.46,nan,36.8
GCAAAACCUUUGAAAUAGU,CAACUGGAGUCCCGCUUUGACUAUUUCAAAGGUUUUGCUGUCUAUUUGUUCCCUUUU,0.255779269202088,0,"-1.63,-3.42,-14.88,0,1,-162.82999999999996,0.2631578947368421,0,0.15789473684210525,0,1,0.0,-2.11,0.05555555555555555,0,0,0.05555555555555555,-2.24,0,0.05555555555555555,0,-0.93,0.1111111111111111,0",-26.29,-6.31,-1.63,nan,31.6
AAAUAGUCAAAGCGGGACU,CAUCCUUAAAGACAACUGGAGUCCCGCUUUGACUAUUUCAAAGGUUUUGCUGUCUAU,0.4228187919463086,0,"0.7,-0.93,-6.82,0,0,-175.16,0.15789473684210525,0,0.2631578947368421,0,0,0.1111111111111111,-0.93,0.05555555555555555,0,0,0.0,-2.08,0,0.05555555555555555,0,-2.36,0.0,0",-30.99,-5.49,0.7,nan,42.1
AUAGUCAAAGCGGGACUCC,GACAUCCUUAAAGACAACUGGAGUCCCGCUUUGACUAUUUCAAAGGUUUUGCUGUCU,0.5160328113348247,0,"2.16,-1.1,-9.38,0,0,-191.07,0.15789473684210525,0,0.2631578947368421,0,0,0.1111111111111111,-1.33,0.05555555555555555,1,0,0.05555555555555555,-3.26,0,0.05555555555555555,0,-3.26,0.0,0",-35.19,-6.05,2.16,nan,52.6
AGUCAAAGCGGGACUCCAG,UGGACAUCCUUAAAGACAACUGGAGUCCCGCUUUGACUAUUUCAAAGGUUUUGCUGU,0.5369127516778524,1,"0.9,-2.08,-10.48,0,0,-194.92,0.10526315789473684,0,0.3157894736842105,0,0,0.1111111111111111,-2.24,0.0,0,0,0.05555555555555555,-2.08,0,0.05555555555555555,0,-2.24,0.0,0",-36.95,-6.55,0.9,nan,57.9
GGGACUCCAGUUGUCUUUA,UCAUCUGUCUGGACAUCCUUAAAGACAACUGGAGUCCCGCUUUGACUAUUUCAAAGG,0.3266219239373601,0,"-1.93,-3.26,-13.39,0,1,-184.82999999999998,0.3684210526315789,0,0.2631578947368421,1,0,0.1111111111111111,-3.26,0.05555555555555555,0,0,0.05555555555555555,-1.33,0,0.0,0,-2.24,0.16666666666666666,1",-33.59,-11.45,-1.93,nan,47.4
ACUCCAGUUGUCUUUAAGG,GAGUCAUCUGUCUGGACAUCCUUAAAGACAACUGGAGUCCCGCUUUGACUAUUUCAA,0.4392244593586875,0,"1.47,-2.24,-11.4,0,0,-176.3,0.3684210526315789,0,0.21052631578947367,0,0,0.05555555555555555,-2.08,0.05555555555555555,0,0,0.05555555555555555,-3.26,0,0.0,0,-0.93,0.16666666666666666,0",-30.99,-9.58,1.47,nan,42.1
GGAUGUCCAGACAGAUGAC,CAACAUCAACAGUCAGGGAGUCAUCUGUCUGGACAUCCUUAAAGACAACUGGAGUCC,0.3266219239373601,0,"-0.57,-3.26,-13.39,0,1,-201.04999999999998,0.15789473684210525,0,0.3157894736842105,1,0,0.05555555555555555,-2.35,0.0,0,0,0.05555555555555555,-2.24,0,0.0,0,-2.08,0.0,0",-35.7,-9.32,-0.57,nan,52.6
UGUCCAGACAGAUGACUCC,CUGCAACAUCAACAGUCAGGGAGUCAUCUGUCUGGACAUCCUUAAAGACAACUGGAG,0.5637583892617449,1,"1.6,-2.11,-10.44,1,0,-198.43,0.21052631578947367,0,0.21052631578947367,0,0,0.0,-2.24,0.0,0,0,0.1111111111111111,-3.26,0,0.0,0,-2.11,0.0,0",-36.23,-9.85,1.6,nan,52.6
CAGACAGAUGACUCCCUGA,AUCACUGCAACAUCAACAGUCAGGGAGUCAUCUGUCUGGACAUCCUUAAAGACAACU,0.3653989560029828,0,"-0.66,-2.11,-10.44,0,0,-197.50999999999996,0.15789473684210525,0,0.21052631578947367,0,0,0.0,-2.08,0.0,0,1,0.1111111111111111,-2.35,0,0.0,0,-2.35,0.0,1",-36.07,-8.22,-0.66,nan,52.6
AGACAGAUGACUCCCUGAC,UAUCACUGCAACAUCAACAGUCAGGGAGUCAUCUGUCUGGACAUCCUUAAAGACAAC,0.6219239373601789,1,"1.06,-2.08,-10.48,0,0,-198.46999999999997,0.15789473684210525,0,0.21052631578947367,0,0,0.0,-2.35,0.0,0,0,0.1111111111111111,-2.24,0,0.0,0,-3.26,0.0,0",-36.2,-7.69,1.06,nan,52.6
AGAUGACUCCCUGACUGUU,AAUCUAUCACUGCAACAUCAACAGUCAGGGAGUCAUCUGUCUGGACAUCCUUAAAGA,0.436241610738255,0,"-0.7,-2.08,-10.48,0,0,-189.13,0.3157894736842105,0,0.21052631578947367,0,0,0.0,-2.35,0.0,0,0,0.1111111111111111,-0.93,0,0.0,0,-2.35,0.05555555555555555,0",-34.33,-7.69,-0.7,nan,47.4
AUGACUCCCUGACUGUUGA,AGAAUCUAUCACUGCAACAUCAACAGUCAGGGAGUCAUCUGUCUGGACAUCCUUAAA,0.5570469798657718,1,"0.8,-1.1,-9.38,0,0,-189.09,0.3157894736842105,0,0.21052631578947367,0,0,0.0,-2.11,0.0,1,0,0.1111111111111111,-2.35,0,0.0,0,-2.08,0.05555555555555555,1",-34.36,-9.85,0.8,nan,47.4
UGACUCCCUGACUGUUGAU,CAGAAUCUAUCACUGCAACAUCAACAGUCAGGGAGUCAUCUGUCUGGACAUCCUUAA,0.5257270693512304,1,"-0.56,-2.11,-10.44,1,0,-189.08999999999997,0.3684210526315789,0,0.21052631578947367,0,0,0.0,-2.35,0.0,0,0,0.1111111111111111,-1.1,0,0.0,0,-2.11,0.05555555555555555,0",-34.36,-11.45,-0.56,nan,47.4
ACUCCCUGACUGUUGAUGU,ACCAGAAUCUAUCACUGCAACAUCAACAGUCAGGGAGUCAUCUGUCUGGACAUCCUU,0.5212527964205816,0,"0.0,-2.24,-11.4,0,0,-188.05,0.3684210526315789,0,0.21052631578947367,0,0,0.0,-2.08,0.0,0,0,0.1111111111111111,-2.24,0,0.0,0,-0.93,0.05555555555555555,0",-34.25,-11.05,0.0,nan,47.4
CCCUGACUGUUGAUGUUGC,CGCACCAGAAUCUAUCACUGCAACAUCAACAGUCAGGGAGUCAUCUGUCUGGACAUC,0.4929157345264728,0,"0.16,-3.26,-13.39,0,0,-193.31,0.3684210526315789,0,0.2631578947368421,0,0,0.0,-3.26,0.0,0,1,0.1111111111111111,-3.42,1,0.05555555555555555,0,-1.1,0.1111111111111111,0",-34.94,-9.58,0.16,nan,52.6
CUGUUGAUGUUGCAGUGAU,ACUUUCCGCACCAGAAUCUAUCACUGCAACAUCAACAGUCAGGGAGUCAUCUGUCUG,0.5197613721103653,0,"-1.43,-2.08,-10.48,0,0,-182.62999999999997,0.42105263157894735,0,0.3157894736842105,0,0,0.0,-2.11,0.0,1,1,0.0,-1.1,0,0.05555555555555555,0,-2.11,0.1111111111111111,0",-31.18,-5.85,-1.43,nan,42.1
AGUGAUAGAUUCUGGUGCG,GCCACCAAAGGUUACUUUCCGCACCAGAAUCUAUCACUGCAACAUCAACAGUCAGGG,0.5473527218493661,1,"0.73,-2.08,-10.48,0,0,-187.73000000000002,0.3157894736842105,0,0.3684210526315789,0,0,0.05555555555555555,-2.24,0.05555555555555555,0,0,0.0,-2.36,0,0.05555555555555555,0,-2.11,0.05555555555555555,0",-33.06,-7.12,0.73,nan,47.4
GAUAGAUUCUGGUGCGGAA,UAAGCCACCAAAGGUUACUUUCCGCACCAGAAUCUAUCACUGCAACAUCAACAGUCA,0.3169276659209545,0,"-1.87,-2.35,-12.44,0,1,-188.06,0.2631578947368421,0,0.3684210526315789,0,0,0.1111111111111111,-1.1,0.05555555555555555,0,0,0.0,-0.93,0,0.05555555555555555,0,-2.11,0.05555555555555555,1",-33.17,-3.9,-1.87,nan,47.4
GAUUCUGGUGCGGAAAGUA,CAUUUAAGCCACCAAAGGUUACUUUCCGCACCAGAAUCUAUCACUGCAACAUCAACA,0.3668903803131991,0,"-1.47,-2.35,-12.44,0,1,-184.45999999999998,0.2631578947368421,0,0.3684210526315789,0,0,0.1111111111111111,-1.1,0.05555555555555555,0,0,0.0,-1.33,0,0.05555555555555555,0,-2.35,0.05555555555555555,1",-32.89,-7.29,-1.47,nan,47.4
UCUGGUGCGGAAAGUAACC,AUCCAUUUAAGCCACCAAAGGUUACUUUCCGCACCAGAAUCUAUCACUGCAACAUCA,0.6815809097688292,1,"1.36,-2.35,-12.44,1,0,-187.43,0.21052631578947367,0,0.3157894736842105,0,0,0.1111111111111111,-2.08,0.05555555555555555,0,0,0.05555555555555555,-3.26,0,0.05555555555555555,0,-2.08,0.0,0",-34.94,-11.13,1.36,nan,52.6
GGUGCGGAAAGUAACCUUU,AUUAUCCAUUUAAGCCACCAAAGGUUACUUUCCGCACCAGAAUCUAUCACUGCAACA,0.378076062639821,0,"-2.33,-3.26,-13.39,0,1,-178.18999999999997,0.2631578947368421,0,0.3157894736842105,1,0,0.1111111111111111,-2.24,0.05555555555555555,0,0,0.05555555555555555,-0.93,0,0.05555555555555555,0,-0.93,0.1111111111111111,0",-32.34,-11.2,-2.33,nan,47.4
CGGAAAGUAACCUUUGGUG,UCAGAUUAUCCAUUUAAGCCACCAAAGGUUACUUUCCGCACCAGAAUCUAUCACUGC,0.4384787472035794,0,"0.2,-2.36,-10.64,0,0,-177.47,0.2631578947368421,0,0.3157894736842105,0,0,0.1111111111111111,-3.26,0.05555555555555555,0,1,0.05555555555555555,-2.11,0,0.0,1,-0.93,0.1111111111111111,0",-31.48,-7.25,0.2,nan,47.4
AACCUUUGGUGGCUUAAAU,CAUUUUCAUCAGAUUAUCCAUUUAAGCCACCAAAGGUUACUUUCCGCACCAGAAUCU,0.4787472035794183,0,"0.17,-0.93,-6.82,0,0,-166.62999999999997,0.3684210526315789,0,0.21052631578947367,0,0,0.1111111111111111,-2.24,0.05555555555555555,0,0,0.05555555555555555,-1.1,0,0.05555555555555555,0,-2.08,0.16666666666666666,0",-29.08,-7.01,0.17,nan,36.8
UGGUGGCUUAAAUGGAUAA,AUAUCACAUUUUCAUCAGAUUAUCCAUUUAAGCCACCAAAGGUUACUUUCCGCACCA,0.2140193885160328,0,"-0.73,-2.11,-10.44,1,0,-171.05999999999995,0.3157894736842105,0,0.3157894736842105,0,0,0.16666666666666666,-3.26,0.1111111111111111,0,0,0.0,-0.93,0,0.05555555555555555,0,-2.11,0.05555555555555555,1",-29.79,-11.83,-0.73,nan,36.8
GCUUAAAUGGAUAAUCUGA,UCUGGAUAUCACAUUUUCAUCAGAUUAUCCAUUUAAGCCACCAAAGGUUACUUUCCG,0.284862043251305,0,"-1.52,-3.42,-14.88,0,1,-170.89999999999998,0.3157894736842105,0,0.21052631578947367,0,1,0.05555555555555555,-2.08,0.1111111111111111,0,0,0.0,-2.35,0,0.05555555555555555,0,-0.93,0.05555555555555555,1",-27.25,-2.76,-1.52,nan,31.6
CUGAUGAAAAUGUGAUAUC,AGGUGGUGUGUUUUUUCUGGAUAUCACAUUUUCAUCAGAUUAUCCAUUUAAGCCACC,0.4295302013422818,0,"0.27,-2.08,-10.48,0,0,-175.45999999999998,0.3157894736842105,0,0.21052631578947367,0,0,0.0,-2.11,0.05555555555555555,1,1,0.0,-2.35,0,0.0,0,-2.11,0.0,0",-26.59,-5.96,0.27,nan,31.6
UGAAAAUGUGAUAUCCAGA,AUGAAGGUGGUGUGUUUUUUCUGGAUAUCACAUUUUCAUCAGAUUAUCCAUUUAAGC,0.5130499627143922,0,"0.24,-2.11,-10.44,1,0,-172.02999999999997,0.2631578947368421,0,0.21052631578947367,0,0,0.0,-2.35,0.05555555555555555,0,0,0.05555555555555555,-2.35,0,0.0,0,-1.1,0.0,1",-27.85,-4.26,0.24,nan,31.6
AAAACACACCACCUUCAUA,UGGUCCACCGGGUUCUGUAUAUGAAGGUGGUGUGUUUUUUCUGGAUAUCACAUUUUC,0.3736017897091722,0,"0.4,-0.93,-6.82,0,0,-170.35999999999999,0.15789473684210525,0,0.0,0,0,0.0,-0.93,0.05555555555555555,0,0,0.1111111111111111,-1.33,0,0.0,0,-2.08,0.05555555555555555,1",-29.51,-5.57,0.4,nan,36.8
ACACCACCUUCAUAUACAG,AUACUUGGUCCACCGGGUUCUGUAUAUGAAGGUGGUGUGUUUUUUCUGGAUAUCACA,0.2744220730797912,0,"0.74,-2.24,-11.4,0,0,-181.17,0.21052631578947367,0,0.05263157894736842,0,0,0.0,-2.11,0.1111111111111111,0,0,0.1111111111111111,-2.08,0,0.0,0,-1.33,0.05555555555555555,0",-31.68,-11.13,0.74,nan,42.1
CAGAACCCGGUGGACCAAG,UGAAUGGAGAUCAACUAUACUUGGUCCACCGGGUUCUGUAUAUGAAGGUGGUGUGUU,0.5100671140939598,0,"-0.03,-2.11,-10.44,0,0,-198.98,0.05263157894736842,0,0.3157894736842105,0,0,0.1111111111111111,-2.08,0.0,0,1,0.16666666666666666,-2.08,0,0.0,0,-2.35,0.0,0",-38.34,-9.58,-0.03,nan,63.2
UGGACCAAGUAUAGUUGAU,AUAACAUUUAUGAAUGGAGAUCAACUAUACUUGGUCCACCGGGUUCUGUAUAUGAAG,0.4436987322893363,0,"-0.56,-2.11,-10.44,1,0,-174.86999999999998,0.3157894736842105,0,0.2631578947368421,0,0,0.05555555555555555,-3.26,0.1111111111111111,0,0,0.05555555555555555,-1.1,0,0.0,0,-2.08,0.05555555555555555,0",-30.16,-9.61,-0.56,nan,36.8
GACCAAGUAUAGUUGAUCU,AGAUAACAUUUAUGAAUGGAGAUCAACUAUACUUGGUCCACCGGGUUCUGUAUAUGA,0.3937360178970917,0,"-1.17,-2.35,-12.44,0,1,-177.67999999999998,0.3157894736842105,0,0.21052631578947367,0,0,0.0,-2.24,0.1111111111111111,0,0,0.05555555555555555,-2.08,0,0.0,0,-0.93,0.05555555555555555,0",-29.67,-7.87,-1.17,nan,36.8
UAUAGUUGAUCUCCAUUCA,CUAAAGGAGAUAACAUUUAUGAAUGGAGAUCAACUAUACUUGGUCCACCGGGUUCUG,0.6748695003728561,1,"0.33,-1.33,-7.69,1,0,-172.94,0.42105263157894735,0,0.10526315789473684,0,0,0.0,-1.1,0.1111111111111111,0,0,0.05555555555555555,-2.11,0,0.0,0,-3.26,0.1111111111111111,1",-28.22,-5.25,0.33,nan,31.6
AUUCAUAAAUGUUAUCUCC,UUGCAGUGCUGGGCCUAAAGGAGAUAACAUUUAUGAAUGGAGAUCAACUAUACUUGG,0.5652498135719612,1,"2.16,-1.1,-9.38,0,0,-166.32,0.42105263157894735,0,0.05263157894736842,0,0,0.0,-0.93,0.1111111111111111,1,0,0.05555555555555555,-3.26,0,0.0,0,-1.33,0.1111111111111111,0",-25.09,-3.76,2.16,nan,26.3
UCAUAAAUGUUAUCUCCUU,AAUUGCAGUGCUGGGCCUAAAGGAGAUAACAUUUAUGAAUGGAGAUCAACUAUACUU,0.3877703206562267,0,"-0.97,-2.35,-12.44,1,0,-163.70000000000002,0.47368421052631576,0,0.05263157894736842,0,0,0.0,-2.11,0.1111111111111111,0,0,0.05555555555555555,-0.93,0,0.0,0,-2.35,0.1111111111111111,0",-25.62,-2.96,-0.97,nan,26.3
UAUCUCCUUUAGGCCCAGC,UCCUCCUCCUAAUUGCAGUGCUGGGCCUAAAGGAGAUAACAUUUAUGAAUGGAGAUC,0.5011185682326622,0,"2.09,-1.33,-7.69,1,0,-191.62999999999997,0.3157894736842105,0,0.15789473684210525,0,0,0.05555555555555555,-1.1,0.1111111111111111,0,0,0.16666666666666666,-3.42,0,0.1111111111111111,0,-3.42,0.1111111111111111,0",-36.09,-8.23,2.09,nan,52.6
UCCUUUAGGCCCAGCACUG,UUGAUCCUCCUCCUAAUUGCAGUGCUGGGCCUAAAGGAGAUAACAUUUAUGAAUGGA,0.5458612975391499,1,"0.66,-2.35,-12.44,1,0,-194.39999999999998,0.2631578947368421,0,0.21052631578947367,0,0,0.05555555555555555,-3.26,0.05555555555555555,0,0,0.16666666666666666,-2.11,0,0.1111111111111111,0,-2.08,0.1111111111111111,0",-37.77,-6.52,0.66,nan,57.9
AGGCCCAGCACUGCAAUUA,UAACCCUUGAUCCUCCUCCUAAUUGCAGUGCUGGGCCUAAAGGAGAUAACAUUUAUG,0.3527218493661446,0,"-0.3,-2.08,-10.48,0,0,-189.07,0.15789473684210525,0,0.21052631578947367,0,0,0.05555555555555555,-3.26,0.05555555555555555,0,0,0.1111111111111111,-1.33,0,0.16666666666666666,0,-3.42,0.05555555555555555,1",-36.26,-13.3,-0.3,nan,52.6
CCAGCACUGCAAUUAGGAG,GAAAUAACCCUUGAUCCUCCUCCUAAUUGCAGUGCUGGGCCUAAAGGAGAUAACAUU,0.3810589112602535,0,"-0.73,-3.26,-13.39,0,0,-191.15999999999994,0.15789473684210525,0,0.2631578947368421,0,0,0.05555555555555555,-2.11,0.05555555555555555,0,1,0.05555555555555555,-2.08,1,0.1111111111111111,0,-0.93,0.05555555555555555,0",-34.91,-9.5,-0.73,nan,52.6
GCACUGCAAUUAGGAGGAG,GCUGAAAUAACCCUUGAUCCUCCUCCUAAUUGCAGUGCUGGGCCUAAAGGAGAUAAC,0.255779269202088,0,"-0.89,-3.42,-14.88,0,1,-193.15999999999994,0.15789473684210525,0,0.3684210526315789,0,1,0.1111111111111111,-2.11,0.05555555555555555,0,0,0.0,-2.08,0,0.1111111111111111,0,-3.26,0.05555555555555555,0",-35.15,-9.53,-0.89,nan,52.6
CACUGCAAUUAGGAGGAGG,AGCUGAAAUAACCCUUGAUCCUCCUCCUAAUUGCAGUGCUGGGCCUAAAGGAGAUAA,0.4668158090976883,0,"0.7,-2.11,-10.44,0,0,-191.66999999999996,0.15789473684210525,0,0.3684210526315789,0,0,0.16666666666666666,-2.24,0.05555555555555555,0,1,0.0,-3.26,0,0.05555555555555555,0,-2.35,0.05555555555555555,0",-34.99,-7.9,0.7,nan,52.6
AUUAGGAGGAGGAUCAAGG,AGGAGCUAGCUGAAAUAACCCUUGAUCCUCCUCCUAAUUGCAGUGCUGGGCCUAAAG,0.6085011185682326,1,"2.16,-1.1,-9.38,0,0,-188.44,0.15789473684210525,0,0.42105263157894735,0,0,0.2222222222222222,-0.93,0.05555555555555555,1,0,0.0,-3.26,0,0.0,0,-1.1,0.05555555555555555,0",-33.72,-7.49,2.16,nan,47.4
AUCAAGGGUUAUUUCAGCU,AAAGAAUUCAGAAGGAGCUAGCUGAAAUAACCCUUGAUCCUCCUCCUAAUUGCAGUG,0.6114839671886652,1,"0.53,-1.1,-9.38,0,0,-172.93999999999997,0.3684210526315789,0,0.21052631578947367,0,0,0.1111111111111111,-2.35,0.05555555555555555,1,0,0.0,-2.08,0,0.05555555555555555,0,-0.93,0.16666666666666666,0",-29.6,-9.45,0.53,nan,36.8
GGUUAUUUCAGCUAGCUCC,GUGCUAAAAGAAUUCAGAAGGAGCUAGCUGAAAUAACCCUUGAUCCUCCUCCUAAUU,0.6002982848620433,1,"0.0,-3.26,-13.39,0,1,-186.78999999999996,0.3684210526315789,0,0.21052631578947367,1,0,0.05555555555555555,-2.24,0.1111111111111111,0,0,0.05555555555555555,-3.26,0,0.1111111111111111,0,-1.33,0.16666666666666666,0",-33.19,-2.92,0.0,nan,47.4
UAUUUCAGCUAGCUCCUUC,CUAGUGCUAAAAGAAUUCAGAAGGAGCUAGCUGAAAUAACCCUUGAUCCUCCUCCUA,0.6599552572706935,1,"1.47,-1.33,-7.69,1,0,-181.19999999999996,0.42105263157894735,0,0.10526315789473684,0,0,0.0,-1.1,0.1111111111111111,0,0,0.05555555555555555,-2.35,0,0.1111111111111111,0,-2.08,0.16666666666666666,0",-31.67,-4.96,1.47,nan,42.1
UUCAGCUAGCUCCUUCUGA,CCACUAGUGCUAAAAGAAUUCAGAAGGAGCUAGCUGAAAUAACCCUUGAUCCUCCUC,0.6517524235645041,1,"0.97,-0.93,-6.82,1,0,-186.94999999999996,0.3684210526315789,1,0.15789473684210525,0,0,0.0,-2.35,0.05555555555555555,1,0,0.05555555555555555,-2.35,0,0.1111111111111111,0,-2.08,0.1111111111111111,1",-34.4,-8.38,0.97,nan,47.4
CAGCUAGCUCCUUCUGAAU,AUCCACUAGUGCUAAAAGAAUUCAGAAGGAGCUAGCUGAAAUAACCCUUGAUCCUCC,0.3154362416107382,0,"-1.46,-2.11,-10.44,0,0,-187.60999999999999,0.3157894736842105,0,0.15789473684210525,0,0,0.0,-2.08,0.05555555555555555,0,1,0.05555555555555555,-1.1,0,0.1111111111111111,0,-2.35,0.05555555555555555,0",-33.6,-9.87,-1.46,nan,47.4
AGCUAGCUCCUUCUGAAUU,UAUCCACUAGUGCUAAAAGAAUUCAGAAGGAGCUAGCUGAAAUAACCCUUGAUCCUC,0.5309470544369873,1,"-0.7,-2.08,-10.48,0,0,-180.26999999999995,0.3684210526315789,0,0.15789473684210525,0,0,0.0,-3.42,0.05555555555555555,0,0,0.05555555555555555,-0.93,0,0.1111111111111111,0,-2.08,0.1111111111111111,0",-31.97,-9.87,-0.7,nan,42.1
UUCUGAAUUCUUUUAGCAC,ACUGCUAAGUUAUCCACUAGUGCUAAAAGAAUUCAGAAGGAGCUAGCUGAAAUAACC,0.6077554064131245,1,"1.76,-0.93,-6.82,1,0,-166.57999999999998,0.47368421052631576,1,0.10526315789473684,0,0,0.0,-2.35,0.05555555555555555,1,0,0.0,-2.24,0,0.05555555555555555,0,-0.93,0.2777777777777778,0",-26.64,-5.93,1.76,nan,31.6
ACUAGUGGAUAACUUAGCA,AACUCUCUAGCAAAACCACUGCUAAGUUAUCCACUAGUGCUAAAAGAAUUCAGAAGG,0.6174496644295302,1,"-0.13,-2.24,-11.4,0,0,-172.74999999999997,0.2631578947368421,0,0.21052631578947367,0,0,0.05555555555555555,-2.08,0.16666666666666666,0,0,0.0,-2.11,0,0.05555555555555555,0,-2.08,0.05555555555555555,1",-30.25,-9.01,-0.13,nan,36.8
GCAGUGGUUUUGCUAGAGA,CAGAAGAAAAACACCAAACUCUCUAGCAAAACCACUGCUAAGUUAUCCACUAGUGCU,0.26771066368381796,0,"-1.52,-3.42,-14.88,0,1,-184.88999999999996,0.3157894736842105,0,0.3684210526315789,0,1,0.05555555555555555,-2.11,0.05555555555555555,0,0,0.0,-2.35,0,0.1111111111111111,0,-2.08,0.16666666666666666,1",-33.51,-9.5,-1.52,nan,47.4
GUGGUUUUGCUAGAGAGUU,CAGCAGAAGAAAAACACCAAACUCUCUAGCAAAACCACUGCUAAGUUAUCCACUAGU,0.3907531692766592,0,"-1.76,-2.24,-11.4,0,1,-177.79,0.42105263157894735,0,0.3684210526315789,0,0,0.05555555555555555,-2.11,0.05555555555555555,1,0,0.0,-0.93,0,0.05555555555555555,0,-2.35,0.2222222222222222,0",-31.15,-5.41,-1.76,nan,42.1
GUUUUGCUAGAGAGUUUGG,ACCCAGCAGAAGAAAAACACCAAACUCUCUAGCAAAACCACUGCUAAGUUAUCCACU,0.5205070842654735,0,"0.57,-2.24,-11.4,0,1,-176.93,0.42105263157894735,0,0.3684210526315789,0,0,0.05555555555555555,-0.93,0.05555555555555555,1,0,0.0,-3.26,0,0.05555555555555555,0,-2.08,0.2777777777777778,0",-30.29,-5.41,0.57,nan,42.1
UUUGCUAGAGAGUUUGGUG,CCACCCAGCAGAAGAAAAACACCAAACUCUCUAGCAAAACCACUGCUAAGUUAUCCA,0.6278896346010439,1,"1.63,-0.93,-6.82,1,0,-176.83,0.42105263157894735,1,0.3684210526315789,0,0,0.05555555555555555,-0.93,0.05555555555555555,1,0,0.0,-2.11,0,0.05555555555555555,0,-0.93,0.2222222222222222,0",-31.02,-7.41,1.63,nan,42.1
UUGCUAGAGAGUUUGGUGU,GCCACCCAGCAGAAGAAAAACACCAAACUCUCUAGCAAAACCACUGCUAAGUUAUCC,0.6718866517524236,1,"0.86,-0.93,-6.82,1,0,-177.69,0.42105263157894735,1,0.3684210526315789,0,0,0.05555555555555555,-2.11,0.05555555555555555,1,0,0.0,-2.24,0,0.05555555555555555,0,-0.93,0.16666666666666666,0",-31.88,-8.38,0.86,nan,42.1
CUGGGUGGCAGAAGGUUUU,CUGAAGAACAAGAGGAAAGAAAACCUUCUGCCACCCAGCAGAAGAAAAACACCAAAC,0.2393736017897091,0,"-1.6,-2.08,-10.48,0,0,-186.38999999999996,0.3157894736842105,0,0.42105263157894735,0,0,0.2222222222222222,-2.11,0.0,1,1,0.0,-0.93,0,0.05555555555555555,0,-2.08,0.16666666666666666,0",-35.04,-11.7,-1.6,nan,52.6
UCUUUCCUCUUGUUCUUCA,ACCCAGCCGCUCCAGAGCCUGAAGAACAAGAGGAAAGAAAACCUUCUGCCACCCAGC,0.6659209545115585,1,"-0.24,-2.35,-12.44,1,0,-172.83999999999997,0.5789473684210527,0,0.05263157894736842,0,0,0.0,-2.08,0.0,0,0,0.05555555555555555,-2.11,0,0.0,0,-0.93,0.2777777777777778,1",-29.45,-7.09,-0.24,nan,36.8
UCCUCUUGUUCUUCAGGCU,CGAGACCCAGCCGCUCCAGAGCCUGAAGAACAAGAGGAAAGAAAACCUUCUGCCACC,0.6636838180462342,1,"-0.27,-2.35,-12.44,1,0,-185.50999999999996,0.47368421052631576,0,0.15789473684210525,0,0,0.05555555555555555,-3.26,0.0,0,0,0.05555555555555555,-2.08,0,0.05555555555555555,0,-2.35,0.16666666666666666,0",-34.0,-8.72,-0.27,nan,47.4
UGGAGCGGCUGGGUCUCGC,GCAGUUCAGAUGCGGACCAGCGAGACCCAGCCGCUCCAGAGCCUGAAGAACAAGAGG,0.5160328113348247,0,"1.76,-2.11,-10.44,1,0,-213.19,0.21052631578947367,0,0.47368421052631576,0,0,0.2222222222222222,-3.26,0.0,0,0,0.0,-3.42,0,0.16666666666666666,0,-2.24,0.0,0",-43.23,-12.64,1.76,nan,73.7
CGGCUGGGUCUCGCUGGUC,CAGUGGCAGUUCAGAUGCGGACCAGCGAGACCCAGCCGCUCCAGAGCCUGAAGAACA,0.4079045488441462,0,"0.44,-2.36,-10.64,0,0,-213.43000000000004,0.2631578947368421,0,0.42105263157894735,0,0,0.2222222222222222,-3.26,0.0,0,1,0.0,-2.35,0,0.1111111111111111,1,-3.42,0.0,0",-42.5,-13.3,0.44,nan,73.7
CGCAUCUGAACUGCCACUG,XXXXXXXXXXXXXXXXCAGCAGUGGCAGUUCAGAUGCGGACCAGCGAGACCCAGCCG,0.395227442207308,0,"0.2,-2.36,-10.64,0,0,-197.7,0.21052631578947367,0,0.21052631578947367,0,0,0.0,-3.42,0.0,0,1,0.05555555555555555,-2.11,0,0.1111111111111111,1,-3.42,0.0,0",-36.37,-9.08,0.2,nan,57.9
GUCCUUCGGGCGGCUGAGG,UAAAGAAAAUAUGAAACUCCCUCAGCCGCCCGAAGGACAGXXXXXXXXXXXXXXXXX,0.4116331096196868,0,"0.57,-2.24,-11.4,0,1,-211.79999999999995,0.21052631578947367,0,0.47368421052631576,0,0,0.2222222222222222,-2.35,0.0,1,0,0.05555555555555555,-3.26,0,0.1111111111111111,0,-3.42,0.05555555555555555,0",-42.34,-8.79,0.57,nan,73.7
CCUUCGGGCGGCUGAGGGA,UCUAAAGAAAAUAUGAAACUCCCUCAGCCGCCCGAAGGACAGXXXXXXXXXXXXXXX,0.3475018642803878,0,"-1.36,-3.26,-13.39,0,0,-210.06999999999994,0.15789473684210525,0,0.47368421052631576,0,0,0.2777777777777778,-2.08,0.0,0,1,0.05555555555555555,-2.35,1,0.1111111111111111,0,-2.11,0.05555555555555555,1",-42.91,-10.15,-1.36,nan,73.7
UUUCAUAUUUUCUUUAGAC,AGCUUCGGCGCCUAAUGAUGUCUAAAGAAAAUAUGAAACUCCCUCAGCCGCCCGAAG,0.5615212527964206,1,"1.76,-0.93,-6.82,1,0,-154.67,0.5789473684210527,1,0.05263157894736842,0,0,0.0,-0.93,0.1111111111111111,1,0,0.0,-2.24,0,0.0,0,-0.93,0.3888888888888889,0",-22.39,-3.93,1.76,nan,21.1
UUCUUUAGACAUCAUUAGG,UCCUGCAAGAGCUUCGGCGCCUAAUGAUGUCUAAAGAAAAUAUGAAACUCCCUCAGC,0.7091722595078299,1,"2.33,-0.93,-6.82,1,0,-168.51999999999998,0.42105263157894735,1,0.15789473684210525,0,0,0.05555555555555555,-2.35,0.1111111111111111,1,0,0.0,-3.26,0,0.0,0,-2.11,0.2222222222222222,0",-27.05,-5.16,2.33,nan,31.6
UCUUUAGACAUCAUUAGGC,GUCCUGCAAGAGCUUCGGCGCCUAAUGAUGUCUAAAGAAAAUAUGAAACUCCCUCAG,0.7046979865771812,1,"1.52,-2.35,-12.44,1,0,-176.57999999999998,0.3684210526315789,0,0.15789473684210525,0,0,0.05555555555555555,-2.08,0.1111111111111111,0,0,0.0,-3.42,0,0.05555555555555555,0,-1.1,0.16666666666666666,0",-29.54,-5.16,1.52,nan,36.8
AGACAUCAUUAGGCGCCGA,AAGUUGUCCUGCAAGAGCUUCGGCGCCUAAUGAUGUCUAAAGAAAAUAUGAAACUCC,0.5876211782252051,1,"0.27,-2.08,-10.48,0,0,-190.59999999999997,0.15789473684210525,0,0.2631578947368421,0,0,0.05555555555555555,-2.35,0.05555555555555555,0,0,0.05555555555555555,-2.35,0,0.1111111111111111,0,-3.42,0.05555555555555555,1",-35.22,-7.72,0.27,nan,52.6
UUAGGCGCCGAAGCUCUUG,UAGCAUCAAAGUUGUCCUGCAAGAGCUUCGGCGCCUAAUGAUGUCUAAAGAAAAUAU,0.6271439224459359,1,"1.63,-0.93,-6.82,1,0,-190.76,0.2631578947368421,1,0.3157894736842105,0,0,0.05555555555555555,-1.33,0.05555555555555555,1,0,0.05555555555555555,-2.11,0,0.16666666666666666,0,-3.42,0.1111111111111111,0",-36.21,-11.33,1.63,nan,57.9
UAGGCGCCGAAGCUCUUGC,AUAGCAUCAAAGUUGUCCUGCAAGAGCUUCGGCGCCUAAUGAUGUCUAAAGAAAAUA,0.6159582401193139,1,"2.09,-1.33,-7.69,1,0,-198.81999999999996,0.21052631578947367,0,0.3157894736842105,0,0,0.05555555555555555,-2.08,0.05555555555555555,0,0,0.05555555555555555,-3.42,0,0.2222222222222222,0,-2.08,0.05555555555555555,0",-38.7,-13.26,2.09,nan,63.2
CGAAGCUCUUGCAGGACAA,AAUUCAUAUAGCAUCAAAGUUGUCCUGCAAGAGCUUCGGCGCCUAAUGAUGUCUAAA,0.3870246085011186,0,"-1.43,-2.36,-10.64,0,0,-188.87999999999997,0.15789473684210525,0,0.2631578947368421,0,0,0.05555555555555555,-2.35,0.0,0,1,0.0,-0.93,0,0.1111111111111111,1,-2.08,0.05555555555555555,1",-34.65,-9.12,-1.43,nan,52.6
CUCUUGCAGGACAACUUUG,GGCAGAAUUCAUAUAGCAUCAAAGUUGUCCUGCAAGAGCUUCGGCGCCUAAUGAUGU,0.5331841909023117,1,"0.03,-2.08,-10.48,0,0,-183.29999999999998,0.3157894736842105,0,0.21052631578947367,0,0,0.05555555555555555,-2.35,0.0,1,1,0.0,-2.11,0,0.05555555555555555,0,-0.93,0.16666666666666666,0",-32.25,-8.01,0.03,nan,47.4
UCUUGCAGGACAACUUUGA,UGGCAGAAUUCAUAUAGCAUCAAAGUUGUCCUGCAAGAGCUUCGGCGCCUAAUGAUG,0.6696495152870992,1,"0.0,-2.35,-12.44,1,0,-177.81999999999996,0.3157894736842105,0,0.21052631578947367,0,0,0.05555555555555555,-2.08,0.0,0,0,0.0,-2.35,0,0.05555555555555555,0,-2.24,0.16666666666666666,1",-31.62,-8.64,0.0,nan,42.1
GGACAACUUUGAUGCUAUA,AGCAAAAUGGCAGAAUUCAUAUAGCAUCAAAGUUGUCCUGCAAGAGCUUCGGCGCCU,0.3504847129008203,0,"-1.93,-3.26,-13.39,0,1,-175.49999999999994,0.3157894736842105,0,0.21052631578947367,1,0,0.05555555555555555,-2.35,0.1111111111111111,0,0,0.0,-1.33,0,0.05555555555555555,0,-2.11,0.1111111111111111,1",-29.46,-7.41,-1.93,nan,36.8
ACAACUUUGAUGCUAUAUG,CUAGCAAAAUGGCAGAAUUCAUAUAGCAUCAAAGUUGUCCUGCAAGAGCUUCGGCGC,0.5794183445190156,1,"0.77,-2.24,-11.4,0,0,-169.48999999999998,0.3684210526315789,0,0.15789473684210525,0,0,0.0,-2.11,0.1111111111111111,0,0,0.0,-2.11,0,0.05555555555555555,0,-2.08,0.1111111111111111,0",-27.06,-4.68,0.77,nan,31.6
CAACUUUGAUGCUAUAUGA,GCUAGCAAAAUGGCAGAAUUCAUAUAGCAUCAAAGUUGUCCUGCAAGAGCUUCGGCG,0.3653989560029828,0,"-0.66,-2.11,-10.44,0,0,-170.52999999999997,0.3684210526315789,0,0.15789473684210525,0,0,0.0,-0.93,0.1111111111111111,0,1,0.0,-2.35,0,0.05555555555555555,0,-1.33,0.1111111111111111,1",-27.17,-4.68,-0.66,nan,31.6
CUUUGAUGCUAUAUGAAUU,AGUGCUAGCAAAAUGGCAGAAUUCAUAUAGCAUCAAAGUUGUCCUGCAAGAGCUUCG,0.5219985085756897,1,"-1.6,-2.08,-10.48,0,0,-164.88999999999996,0.47368421052631576,0,0.15789473684210525,0,0,0.0,-0.93,0.1111111111111111,1,1,0.0,-0.93,0,0.05555555555555555,0,-1.1,0.16666666666666666,0",-24.85,-4.99,-1.6,nan,26.3
UGAUGCUAUAUGAAUUCUG,AUCAGUGCUAGCAAAAUGGCAGAAUUCAUAUAGCAUCAAAGUUGUCCUGCAAGAGCU,0.6711409395973155,1,"0.9,-2.11,-10.44,1,0,-174.12999999999997,0.42105263157894735,0,0.21052631578947367,0,0,0.0,-2.35,0.1111111111111111,0,0,0.0,-2.11,0,0.05555555555555555,0,-0.93,0.05555555555555555,0",-27.45,-7.85,0.9,nan,31.6
GAUGCUAUAUGAAUUCUGC,UAUCAGUGCUAGCAAAAUGGCAGAAUUCAUAUAGCAUCAAAGUUGUCCUGCAAGAGC,0.6114839671886652,1,"0.62,-2.35,-12.44,0,1,-182.28999999999996,0.3684210526315789,0,0.21052631578947367,0,0,0.0,-1.1,0.1111111111111111,0,0,0.0,-3.42,0,0.1111111111111111,0,-1.1,0.05555555555555555,0",-29.21,-6.15,0.62,nan,36.8
UGCUAUAUGAAUUCUGCCA,CAUAUCAGUGCUAGCAAAAUGGCAGAAUUCAUAUAGCAUCAAAGUUGUCCUGCAAGA,0.6689038031319909,1,"0.0,-2.11,-10.44,1,0,-176.86,0.3684210526315789,0,0.15789473684210525,0,0,0.0,-3.42,0.1111111111111111,0,0,0.05555555555555555,-2.11,0,0.1111111111111111,0,-2.35,0.05555555555555555,1",-30.23,-5.82,0.0,nan,36.8
GAAUUCUGCCAUUUUGCUA,CCAAGAGCCAUAUCAGUGCUAGCAAAAUGGCAGAAUUCAUAUAGCAUCAAAGUUGUC,0.4697986577181208,0,"-1.47,-2.35,-12.44,0,1,-173.52999999999994,0.42105263157894735,0,0.15789473684210525,0,0,0.0,-0.93,0.05555555555555555,0,0,0.05555555555555555,-1.33,0,0.1111111111111111,0,-0.93,0.2222222222222222,1",-28.93,-4.96,-1.47,nan,36.8
UUCUGCCAUUUUGCUAGCA,GACCCAAGAGCCAUAUCAGUGCUAGCAAAAUGGCAGAAUUCAUAUAGCAUCAAAGUU,0.5324384787472035,1,"0.73,-0.93,-6.82,1,0,-176.96999999999994,0.42105263157894735,1,0.15789473684210525,0,0,0.0,-2.35,0.05555555555555555,1,0,0.05555555555555555,-2.11,0,0.16666666666666666,0,-3.42,0.2222222222222222,1",-31.71,-10.34,0.73,nan,42.1
UGCCAUUUUGCUAGCACUG,GUGGACCCAAGAGCCAUAUCAGUGCUAGCAAAAUGGCAGAAUUCAUAUAGCAUCAAA,0.6524981357196122,1,"0.9,-2.11,-10.44,1,0,-183.26999999999998,0.3684210526315789,0,0.21052631578947367,0,0,0.0,-3.42,0.05555555555555555,0,0,0.05555555555555555,-2.11,0,0.16666666666666666,0,-2.08,0.16666666666666666,0",-33.23,-7.21,0.9,nan,47.4
UUGCUAGCACUGAUAUGGC,UGGAGUGGUGGACCCAAGAGCCAUAUCAGUGCUAGCAAAAUGGCAGAAUUCAUAUAG,0.6868008948545862,1,"2.49,-0.93,-6.82,1,0,-188.7,0.3157894736842105,1,0.2631578947368421,0,0,0.05555555555555555,-2.11,0.1111111111111111,1,0,0.0,-3.42,0,0.16666666666666666,0,-1.1,0.05555555555555555,0",-34.04,-9.9,2.49,nan,47.4
GCUAGCACUGAUAUGGCUC,AAUGGAGUGGUGGACCCAAGAGCCAUAUCAGUGCUAGCAAAAUGGCAGAAUUCAUAU,0.6778523489932886,1,"-0.62,-3.42,-14.88,0,1,-198.08,0.2631578947368421,0,0.2631578947368421,0,1,0.05555555555555555,-2.08,0.1111111111111111,0,0,0.0,-2.35,0,0.16666666666666666,0,-1.1,0.0,0",-35.88,-9.17,-0.62,nan,52.6
CUAGCACUGAUAUGGCUCU,UAAUGGAGUGGUGGACCCAAGAGCCAUAUCAGUGCUAGCAAAAUGGCAGAAUUCAUA,0.6733780760626399,1,"-0.9,-2.08,-10.48,0,0,-189.95999999999998,0.3157894736842105,0,0.21052631578947367,0,0,0.05555555555555555,-1.33,0.1111111111111111,1,1,0.0,-2.08,0,0.1111111111111111,0,-2.11,0.0,0",-34.09,-8.27,-0.9,nan,47.4
UAGCACUGAUAUGGCUCUU,CUAAUGGAGUGGUGGACCCAAGAGCCAUAUCAGUGCUAGCAAAAUGGCAGAAUUCAU,0.6293810589112603,1,"-0.4,-1.33,-7.69,1,0,-182.57999999999996,0.3684210526315789,0,0.21052631578947367,0,0,0.05555555555555555,-2.08,0.1111111111111111,0,0,0.0,-0.93,0,0.1111111111111111,0,-3.26,0.05555555555555555,0",-32.49,-9.5,-0.4,nan,42.1
UAUGGCUCUUGGGUCCACC,UAAAUAGUUCUAAUGGAGUGGUGGACCCAAGAGCCAUAUCAGUGCUAGCAAAAUGGC,0.6271439224459359,1,"1.93,-1.33,-7.69,1,0,-198.35000000000002,0.3157894736842105,0,0.2631578947368421,0,0,0.16666666666666666,-1.1,0.05555555555555555,0,0,0.1111111111111111,-3.26,0,0.05555555555555555,0,-2.24,0.05555555555555555,0",-38.21,-9.78,1.93,nan,57.9
UUGGGUCCACCACUCCAUU,GAAUGGAGUAAAUAGUUCUAAUGGAGUGGUGGACCCAAGAGCCAUAUCAGUGCUAGC,0.622669649515287,1,"0.0,-0.93,-6.82,1,0,-190.24,0.3157894736842105,1,0.15789473684210525,0,0,0.1111111111111111,-2.11,0.0,1,0,0.16666666666666666,-0.93,0,0.0,0,-2.08,0.1111111111111111,0",-36.21,-11.94,0.0,nan,52.6
CCACCACUCCAUUAGAACU,UAAUAUGAAUGGAGUAAAUAGUUCUAAUGGAGUGGUGGACCCAAGAGCCAUAUCAGU,0.4235645041014168,0,"-1.63,-3.26,-13.39,0,0,-185.38999999999996,0.21052631578947367,0,0.05263157894736842,0,0,0.0,-2.11,0.05555555555555555,0,1,0.16666666666666666,-2.08,1,0.0,0,-1.33,0.05555555555555555,0",-33.52,-9.5,-1.63,nan,47.4
GUUACAAAUCUUACAAAGG,AAAUACCCAGAAGCACCCCCCUUUGUAAGAUUUGUAACAAAAAUUAAUAUGAAUGGA,0.4757643549589858,0,"0.57,-2.24,-11.4,0,1,-163.94,0.2631578947368421,0,0.15789473684210525,0,0,0.05555555555555555,-0.93,0.1111111111111111,1,0,0.0,-3.26,0,0.0,0,-2.24,0.1111111111111111,0",-25.96,-3.48,0.57,nan,31.6
GGUCCACAUUCUAUUUUAA,GAAAACCGAAUAUACAGCCUUAAAAUAGAAUGUGGACCUAAAUACCCAGAAGCACCC,0.2893363161819537,0,"-2.33,-3.26,-13.39,0,1,-166.72999999999996,0.42105263157894735,0,0.10526315789473684,1,0,0.05555555555555555,-2.24,0.1111111111111111,0,0,0.05555555555555555,-0.93,0,0.0,0,-1.1,0.2222222222222222,1",-26.97,-9.77,-2.33,nan,31.6
UAUUUUAAGGCUGUAUAUU,GAACAAUUUAUGAAAACCGAAUAUACAGCCUUAAAAUAGAAUGUGGACCUAAAUACC,0.6181953765846383,1,"-0.4,-1.33,-7.69,1,0,-153.01999999999998,0.5263157894736842,0,0.15789473684210525,0,0,0.05555555555555555,-1.1,0.2222222222222222,0,0,0.0,-0.93,0,0.05555555555555555,0,-2.24,0.2222222222222222,0",-23.47,-1.16,-0.4,nan,21.1
UUUUAAGGCUGUAUAUUCG,AAGAACAAUUUAUGAAAACCGAAUAUACAGCCUUAAAAUAGAAUGUGGACCUAAAUA,0.6666666666666667,1,"1.43,-0.93,-6.82,1,0,-162.75,0.47368421052631576,1,0.21052631578947367,0,0,0.05555555555555555,-0.93,0.16666666666666666,1,0,0.0,-2.36,0,0.05555555555555555,0,-1.1,0.2222222222222222,0",-26.2,-4.92,1.43,nan,31.6
UAAGGCUGUAUAUUCGGUU,UCCAAGAACAAUUUAUGAAAACCGAAUAUACAGCCUUAAAAUAGAAUGUGGACCUAA,0.7166293810589113,1,"-0.4,-1.33,-7.69,1,0,-170.17999999999998,0.42105263157894735,0,0.2631578947368421,0,0,0.1111111111111111,-0.93,0.16666666666666666,0,0,0.0,-0.93,0,0.05555555555555555,0,-0.93,0.1111111111111111,0",-29.39,-9.34,-0.4,nan,36.8
CAUAAAUUGUUCUUGGAGG,GACAGGGAUGAUAAUUGGGCCUCCAAGAACAAUUUAUGAAAACCGAAUAUACAGCCU,0.4705443698732289,0,"0.7,-2.11,-10.44,0,0,-172.28000000000003,0.3684210526315789,0,0.2631578947368421,0,0,0.1111111111111111,-1.1,0.05555555555555555,0,1,0.0,-3.26,0,0.0,0,-0.93,0.16666666666666666,0",-28.04,-1.33,0.7,nan,36.8
AUAAAUUGUUCUUGGAGGC,GGACAGGGAUGAUAAUUGGGCCUCCAAGAACAAUUUAUGAAAACCGAAUAUACAGCC,0.5704697986577182,1,"2.32,-1.1,-9.38,0,0,-173.0,0.3684210526315789,0,0.2631578947368421,0,0,0.1111111111111111,-1.33,0.05555555555555555,1,0,0.0,-3.42,0,0.05555555555555555,0,-2.11,0.16666666666666666,0",-28.9,-2.79,2.32,nan,36.8
AAUUGUUCUUGGAGGCCCA,GAUGGACAGGGAUGAUAAUUGGGCCUCCAAGAACAAUUUAUGAAAACCGAAUAUACA,0.4258016405667412,0,"0.73,-0.93,-6.82,0,0,-182.60999999999996,0.3157894736842105,0,0.2631578947368421,0,0,0.1111111111111111,-1.1,0.0,0,0,0.1111111111111111,-2.11,0,0.05555555555555555,0,-2.08,0.16666666666666666,1",-33.72,-5.12,0.73,nan,47.4
GGAGGCCCAAUUAUCAUCC,ACACUUACAAGAUGGACAGGGAUGAUAAUUGGGCCUCCAAGAACAAUUUAUGAAAAC,0.5257270693512304,1,"0.0,-3.26,-13.39,0,1,-196.37,0.21052631578947367,0,0.21052631578947367,1,0,0.1111111111111111,-2.35,0.05555555555555555,0,0,0.16666666666666666,-3.26,0,0.05555555555555555,0,-1.1,0.05555555555555555,0",-35.47,-13.54,0.0,nan,52.6
UUAUCAUCCCUGUCCAUCU,CGAAGACAUGACACUUACAAGAUGGACAGGGAUGAUAAUUGGGCCUCCAAGAACAAU,0.6711409395973155,1,"0.7,-0.93,-6.82,1,0,-185.21,0.42105263157894735,1,0.05263157894736842,0,0,0.0,-1.33,0.05555555555555555,1,0,0.16666666666666666,-2.08,0,0.0,0,-2.35,0.05555555555555555,0",-32.48,-5.8,0.7,nan,42.1
CAUCCCUGUCCAUCUUGUA,AUGACGAAGACAUGACACUUACAAGAUGGACAGGGAUGAUAAUUGGGCCUCCAAGAA,0.3929903057419836,0,"-1.23,-2.11,-10.44,0,0,-188.95,0.3684210526315789,0,0.10526315789473684,0,0,0.0,-1.1,0.05555555555555555,0,1,0.16666666666666666,-1.33,0,0.0,0,-2.35,0.05555555555555555,1",-33.83,-9.62,-1.23,nan,47.4
UCAUGUCUUCGUCAUCUUC,CACAGUUAGCUGGGGUCUAGAAGAUGACGAAGACAUGACACUUACAAGAUGGACAGG,0.7084265473527218,1,"0.9,-2.35,-12.44,1,0,-185.42999999999998,0.47368421052631576,0,0.10526315789473684,0,0,0.0,-2.11,0.0,0,0,0.0,-2.35,0,0.0,0,-2.11,0.1111111111111111,0",-30.95,-7.45,0.9,nan,42.1
UGUCUUCGUCAUCUUCUAG,UGGCACAGUUAGCUGGGGUCUAGAAGAUGACGAAGACAUGACACUUACAAGAUGGAC,0.6621923937360179,1,"0.87,-2.11,-10.44,1,0,-181.81999999999996,0.47368421052631576,0,0.15789473684210525,0,0,0.0,-2.24,0.05555555555555555,0,0,0.0,-2.08,0,0.0,0,-2.08,0.1111111111111111,0",-30.88,-8.22,0.87,nan,42.1
GUCUUCGUCAUCUUCUAGA,AUGGCACAGUUAGCUGGGGUCUAGAAGAUGACGAAGACAUGACACUUACAAGAUGGA,0.4325130499627144,0,"-0.79,-2.24,-11.4,0,1,-183.81999999999996,0.42105263157894735,0,0.15789473684210525,0,0,0.0,-2.35,0.05555555555555555,1,0,0.0,-2.35,0,0.0,0,-0.93,0.1111111111111111,1",-31.12,-7.32,-0.79,nan,42.1
UCUUCGUCAUCUUCUAGAC,GAUGGCACAGUUAGCUGGGGUCUAGAAGAUGACGAAGACAUGACACUUACAAGAUGG,0.6860551826994781,1,"0.79,-2.35,-12.44,1,0,-183.81999999999996,0.42105263157894735,0,0.10526315789473684,0,0,0.0,-2.08,0.05555555555555555,0,0,0.0,-2.24,0,0.0,0,-2.35,0.1111111111111111,0",-31.12,-8.22,0.79,nan,42.1
UUCGUCAUCUUCUAGACCC,GAGAUGGCACAGUUAGCUGGGGUCUAGAAGAUGACGAAGACAUGACACUUACAAGAU,0.7181208053691275,1,"2.33,-0.93,-6.82,1,0,-187.68,0.3684210526315789,1,0.10526315789473684,0,0,0.0,-2.35,0.05555555555555555,1,0,0.1111111111111111,-3.26,0,0.0,0,-1.33,0.1111111111111111,0",-33.21,-7.52,2.33,nan,47.4
CGUCAUCUUCUAGACCCCA,AGGAGAUGGCACAGUUAGCUGGGGUCUAGAAGAUGACGAAGACAUGACACUUACAAG,0.2893363161819537,0,"-0.7,-2.36,-10.64,0,0,-192.25,0.2631578947368421,0,0.10526315789473684,0,0,0.0,-2.24,0.05555555555555555,0,1,0.16666666666666666,-2.11,0,0.0,1,-2.35,0.05555555555555555,1",-35.3,-7.69,-0.7,nan,52.6
CAUCUUCUAGACCCCAGCU,AGUAGGAGAUGGCACAGUUAGCUGGGGUCUAGAAGAUGACGAAGACAUGACACUUAC,0.5443698732289336,1,"-0.93,-2.11,-10.44,0,0,-193.60999999999996,0.2631578947368421,0,0.10526315789473684,0,0,0.0,-1.1,0.05555555555555555,0,1,0.16666666666666666,-2.08,0,0.05555555555555555,0,-3.26,0.05555555555555555,0",-35.93,-5.9,-0.93,nan,52.6
AUCUUCUAGACCCCAGCUA,GAGUAGGAGAUGGCACAGUUAGCUGGGGUCUAGAAGAUGACGAAGACAUGACACUUA,0.6174496644295302,1,"0.23,-1.1,-9.38,0,0,-187.14,0.2631578947368421,0,0.10526315789473684,0,0,0.0,-2.35,0.1111111111111111,1,0,0.16666666666666666,-1.33,0,0.05555555555555555,0,-3.26,0.05555555555555555,1",-34.7,-6.13,0.23,nan,47.4
GCUAACUGUGCCAUCUCCU,AAGAAGGCCAGAAAGGAGUAGGAGAUGGCACAGUUAGCUGGGGUCUAGAAGAUGACG,0.4541387024608501,0,"-1.79,-3.42,-14.88,0,1,-194.01999999999995,0.3157894736842105,0,0.15789473684210525,0,1,0.0,-2.08,0.05555555555555555,0,0,0.1111111111111111,-2.08,0,0.1111111111111111,0,-1.1,0.0,0",-36.01,-6.68,-1.79,nan,52.6
UAACUGUGCCAUCUCCUAC,CGAAGAAGGCCAGAAAGGAGUAGGAGAUGGCACAGUUAGCUGGGGUCUAGAAGAUGA,0.6621923937360179,1,"1.36,-1.33,-7.69,1,0,-187.75,0.3157894736842105,0,0.10526315789473684,0,0,0.0,-0.93,0.1111111111111111,0,0,0.1111111111111111,-2.24,0,0.05555555555555555,0,-2.08,0.0,0",-34.08,-7.17,1.36,nan,47.4
UGUGCCAUCUCCUACUCCU,AACUCGAAGAAGGCCAGAAAGGAGUAGGAGAUGGCACAGUUAGCUGGGGUCUAGAAG,0.6882923191648024,1,"-0.03,-2.11,-10.44,1,0,-194.42999999999998,0.3684210526315789,0,0.10526315789473684,0,0,0.0,-2.24,0.05555555555555555,0,0,0.16666666666666666,-2.08,0,0.05555555555555555,0,-1.33,0.0,0",-36.82,-9.7,-0.03,nan,52.6
CCAUCUCCUACUCCUUUCU,GAAGAACUCGAAGAAGGCCAGAAAGGAGUAGGAGAUGGCACAGUUAGCUGGGGUCUA,0.4369873228933631,0,"-1.63,-3.26,-13.39,0,0,-187.54999999999995,0.42105263157894735,0,0.0,0,0,0.0,-2.11,0.05555555555555555,0,1,0.16666666666666666,-2.08,1,0.0,0,-3.26,0.1111111111111111,0",-33.68,-9.16,-1.63,nan,47.4
UACUCCUUUCUGGCCUUCU,GACUGUUGGAAGAACUCGAAGAAGGCCAGAAAGGAGUAGGAGAUGGCACAGUUAGCU,0.6420581655480985,1,"0.3,-1.33,-7.69,1,0,-183.70999999999998,0.47368421052631576,0,0.10526315789473684,0,0,0.05555555555555555,-2.24,0.05555555555555555,0,0,0.1111111111111111,-2.08,0,0.05555555555555555,0,-3.42,0.16666666666666666,0",-34.13,-7.95,0.3,nan,47.4
GGCCUUCUUCGAGUUCUUC,UCGCAAUUUCCGACUGUUGGAAGAACUCGAAGAAGGCCAGAAAGGAGUAGGAGAUGG,0.401193139448173,0,"-0.46,-3.26,-13.39,0,1,-191.48999999999998,0.42105263157894735,0,0.21052631578947367,1,0,0.05555555555555555,-3.42,0.0,0,0,0.05555555555555555,-2.35,0,0.05555555555555555,0,-2.24,0.2222222222222222,0",-34.24,-9.58,-0.46,nan,52.6
CCUUCUUCGAGUUCUUCCA,CCUCGCAAUUUCCGACUGUUGGAAGAACUCGAAGAAGGCCAGAAAGGAGUAGGAGAU,0.4466815809097688,0,"-1.6,-3.26,-13.39,0,0,-183.32999999999998,0.42105263157894735,0,0.10526315789473684,0,0,0.0,-2.08,0.0,0,1,0.1111111111111111,-2.11,1,0.0,0,-2.35,0.2222222222222222,1",-32.48,-6.63,-1.6,nan,47.4
GUUCUUCCAACAGUCGGAA,AGUAAAAGUCCCUCGCAAUUUCCGACUGUUGGAAGAACUCGAAGAAGGCCAGAAAGG,0.3900074571215511,0,"-1.76,-2.24,-11.4,0,1,-183.17000000000002,0.2631578947368421,0,0.21052631578947367,0,0,0.05555555555555555,-0.93,0.0,1,0,0.05555555555555555,-0.93,0,0.0,0,-2.24,0.1111111111111111,1",-32.56,-7.36,-1.76,nan,47.4
UUCCAACAGUCGGAAAUUG,AAGGAGUAAAAGUCCCUCGCAAUUUCCGACUGUUGGAAGAACUCGAAGAAGGCCAGA,0.7106636838180462,1,"1.63,-0.93,-6.82,1,0,-175.48999999999998,0.2631578947368421,1,0.21052631578947367,0,0,0.05555555555555555,-2.35,0.0,1,0,0.05555555555555555,-2.11,0,0.0,0,-2.35,0.1111111111111111,0",-30.03,-8.01,1.63,nan,42.1
CAACAGUCGGAAAUUGCGA,GCAAAGGAGUAAAAGUCCCUCGCAAUUUCCGACUGUUGGAAGAACUCGAAGAAGGCC,0.6383296047725577,1,"-0.66,-2.11,-10.44,0,0,-180.79999999999995,0.15789473684210525,0,0.2631578947368421,0,0,0.05555555555555555,-0.93,0.0,0,1,0.0,-2.35,0,0.05555555555555555,0,-1.1,0.05555555555555555,1",-31.62,-7.41,-0.66,nan,47.4
CAGUCGGAAAUUGCGAGGG,ACUGCAAAGGAGUAAAAGUCCCUCGCAAUUUCCGACUGUUGGAAGAACUCGAAGAAG,0.6301267710663684,1,"0.7,-2.11,-10.44,0,0,-193.11999999999995,0.15789473684210525,0,0.42105263157894735,0,0,0.16666666666666666,-2.08,0.0,0,1,0.0,-3.26,0,0.05555555555555555,0,-3.42,0.05555555555555555,0",-35.39,-9.65,0.7,nan,57.9
UCGGAAAUUGCGAGGGACU,UUCACUGCAAAGGAGUAAAAGUCCCUCGCAAUUUCCGACUGUUGGAAGAACUCGAAG,0.7158836689038031,1,"-0.27,-2.35,-12.44,1,0,-187.68,0.21052631578947367,0,0.3684210526315789,0,0,0.16666666666666666,-2.36,0.0,0,0,0.0,-2.08,0,0.05555555555555555,0,-2.08,0.05555555555555555,0",-34.73,-6.39,-0.27,nan,52.6
AUUGCGAGGGACUUUUACU,GAAAAUUUCACUGCAAAGGAGUAAAAGUCCCUCGCAAUUUCCGACUGUUGGAAGAAC,0.6785980611483967,1,"0.53,-1.1,-9.38,0,0,-175.16,0.3684210526315789,0,0.2631578947368421,0,0,0.1111111111111111,-0.93,0.05555555555555555,1,0,0.0,-2.08,0,0.05555555555555555,0,-0.93,0.2222222222222222,0",-30.99,-8.71,0.53,nan,42.1
UGCGAGGGACUUUUACUCC,UAGAAAAUUUCACUGCAAAGGAGUAAAAGUCCCUCGCAAUUUCCGACUGUUGGAAGA,0.6614466815809098,1,"1.6,-2.11,-10.44,1,0,-188.51,0.3157894736842105,0,0.2631578947368421,0,0,0.1111111111111111,-3.42,0.05555555555555555,0,0,0.05555555555555555,-3.26,0,0.05555555555555555,0,-0.93,0.16666666666666666,0",-35.02,-12.64,1.6,nan,52.6
GAGGGACUUUUACUCCUUU,ACCUAGAAAAUUUCACUGCAAAGGAGUAAAAGUCCCUCGCAAUUUCCGACUGUUGGA,0.4891871737509322,0,"-1.87,-2.35,-12.44,0,1,-176.67,0.42105263157894735,0,0.21052631578947367,0,0,0.1111111111111111,-2.08,0.05555555555555555,0,0,0.05555555555555555,-0.93,0,0.0,0,-2.08,0.2777777777777778,0",-31.07,-10.28,-1.87,nan,42.1
UUUACUCCUUUGCAGUGAA,AGACUUGAACCUAGAAAAUUUCACUGCAAAGGAGUAAAAGUCCCUCGCAAUUUCCGA,0.6070096942580163,1,"0.0,-0.93,-6.82,1,0,-169.44999999999996,0.42105263157894735,1,0.15789473684210525,0,0,0.0,-0.93,0.05555555555555555,1,0,0.05555555555555555,-0.93,0,0.05555555555555555,0,-2.11,0.2222222222222222,1",-29.42,-7.65,0.0,nan,36.8
UACUCCUUUGCAGUGAAAU,GAAGACUUGAACCUAGAAAAUUUCACUGCAAAGGAGUAAAAGUCCCUCGCAAUUUCC,0.7084265473527218,1,"-0.23,-1.33,-7.69,1,0,-172.01,0.3684210526315789,0,0.15789473684210525,0,0,0.0,-2.24,0.05555555555555555,0,0,0.05555555555555555,-1.1,0,0.05555555555555555,0,-2.24,0.1111111111111111,0",-29.59,-7.95,-0.23,nan,36.8
CUCCUUUGCAGUGAAAUUU,AGGAAGACUUGAACCUAGAAAAUUUCACUGCAAAGGAGUAAAAGUCCCUCGCAAUUU,0.3415361670395228,0,"-1.6,-2.08,-10.48,0,0,-170.27999999999997,0.42105263157894735,0,0.15789473684210525,0,0,0.0,-2.35,0.0,1,1,0.05555555555555555,-0.93,0,0.05555555555555555,0,-2.35,0.2222222222222222,0",-28.33,-7.12,-1.6,nan,36.8
CCUUUGCAGUGAAAUUUUC,GAAGGAAGACUUGAACCUAGAAAAUUUCACUGCAAAGGAGUAAAAGUCCCUCGCAAU,0.6241610738255033,1,"-0.46,-3.26,-13.39,0,0,-170.33999999999997,0.42105263157894735,0,0.15789473684210525,0,0,0.0,-2.08,0.0,0,1,0.05555555555555555,-2.35,1,0.05555555555555555,0,-0.93,0.2777777777777778,0",-27.63,-7.04,-0.46,nan,36.8
UUGCAGUGAAAUUUUCUAG,GAUGAAGGAAGACUUGAACCUAGAAAAUUUCACUGCAAAGGAGUAAAAGUCCCUCGC,0.7158836689038031,1,"1.6,-0.93,-6.82,1,0,-164.57999999999996,0.42105263157894735,1,0.21052631578947367,0,0,0.0,-2.11,0.05555555555555555,1,0,0.0,-2.08,0,0.05555555555555555,0,-0.93,0.2222222222222222,0",-26.4,-9.53,1.6,nan,31.6
GCAGUGAAAUUUUCUAGGU,GUGAUGAAGGAAGACUUGAACCUAGAAAAUUUCACUGCAAAGGAGUAAAAGUCCCUC,0.2721849366144668,0,"-1.63,-3.42,-14.88,0,1,-172.10999999999993,0.3684210526315789,0,0.2631578947368421,0,1,0.05555555555555555,-2.11,0.05555555555555555,0,0,0.0,-2.24,0,0.05555555555555555,0,-2.35,0.16666666666666666,0",-28.86,-7.28,-1.63,nan,36.8
CAGUGAAAUUUUCUAGGUU,AGUGAUGAAGGAAGACUUGAACCUAGAAAAUUUCACUGCAAAGGAGUAAAAGUCCCU,0.3683818046234153,0,"-1.63,-2.11,-10.44,0,0,-164.04999999999998,0.42105263157894735,0,0.21052631578947367,0,0,0.05555555555555555,-2.08,0.05555555555555555,0,1,0.0,-0.93,0,0.0,0,-2.08,0.2222222222222222,0",-26.37,-5.65,-1.63,nan,31.6
GUGAAAUUUUCUAGGUUCA,UGAGUGAUGAAGGAAGACUUGAACCUAGAAAAUUUCACUGCAAAGGAGUAAAAGUCC,0.3206562266964951,0,"-1.03,-2.24,-11.4,0,1,-166.01,0.42105263157894735,0,0.21052631578947367,0,0,0.05555555555555555,-2.11,0.05555555555555555,1,0,0.0,-2.11,0,0.0,0,-2.08,0.2222222222222222,1",-26.64,-3.36,-1.03,nan,31.6
GAAAUUUUCUAGGUUCAAG,ACUGAGUGAUGAAGGAAGACUUGAACCUAGAAAAUUUCACUGCAAAGGAGUAAAAGU,0.3989560029828486,0,"-0.27,-2.35,-12.44,0,1,-165.19,0.3684210526315789,0,0.21052631578947367,0,0,0.05555555555555555,-0.93,0.05555555555555555,0,0,0.0,-2.08,0,0.0,0,-2.24,0.2222222222222222,0",-25.75,-0.76,-0.27,nan,31.6
AUUUUCUAGGUUCAAGUCU,XXXACUGAGUGAUGAAGGAAGACUUGAACCUAGAAAAUUUCACUGCAAAGGAGUAAA,0.5324384787472035,1,"0.53,-1.1,-9.38,0,0,-165.98999999999998,0.47368421052631576,0,0.15789473684210525,0,0,0.05555555555555555,-0.93,0.05555555555555555,1,0,0.0,-2.08,0,0.0,0,-2.11,0.2222222222222222,0",-27.31,-3.56,0.53,nan,31.6
UCUAGGUUCAAGUCUUCCU,XXXXXXXACUGAGUGAUGAAGGAAGACUUGAACCUAGAAAAUUUCACUGCAAAGGAG,0.5816554809843401,1,"-0.27,-2.35,-12.44,1,0,-179.28,0.42105263157894735,0,0.15789473684210525,0,0,0.05555555555555555,-2.08,0.05555555555555555,0,0,0.05555555555555555,-2.08,0,0.0,0,-2.35,0.1111111111111111,0",-32.04,-7.38,-0.27,nan,42.1
AGUCUUCCUUCAUCACUCA,XXXXXXXXXXXXXXXXXACUGAGUGAUGAAGGAAGACUUGAACCUAGAAAAUUUCAC,0.4645786726323639,0,"0.03,-2.08,-10.48,0,0,-183.6,0.3684210526315789,0,0.05263157894736842,0,0,0.0,-2.24,0.0,0,0,0.05555555555555555,-2.11,0,0.0,0,-2.35,0.1111111111111111,1",-32.11,-9.12,0.03,nan,42.1
GCUUGGUUCGUUUCCAAGG,CCACCUGCCCAUUGUGUUCCCUUGGAAACGAACCAAGCCAXXXXXXXXXXXXXXXXX,0.6398210290827739,1,"-0.16,-3.42,-14.88,0,1,-185.7,0.3684210526315789,0,0.3157894736842105,0,1,0.1111111111111111,-2.08,0.0,0,0,0.05555555555555555,-3.26,0,0.05555555555555555,0,-2.35,0.2222222222222222,0",-33.68,-7.01,-0.16,nan,52.6
CAAGGGAACACAAUGGGCA,CACCAGAGCCUGCCCCACCUGCCCAUUGUGUUCCCUUGGAAACGAACCAAGCCAXXX,0.7114093959731543,1,"-0.9,-2.11,-10.44,0,0,-188.86999999999995,0.05263157894736842,0,0.3157894736842105,0,0,0.2222222222222222,-0.93,0.0,0,1,0.0,-2.11,0,0.05555555555555555,0,-1.1,0.0,1",-35.27,-7.82,-0.9,nan,52.6
GGUGGGGCAGGCUCUGGUG,UCACCAGAGUGGAAACUCACACCAGAGCCUGCCCCACCUGCCCAUUGUGUUCCCUUG,0.674123788217748,1,"-0.7,-3.26,-13.39,0,1,-214.92999999999998,0.21052631578947367,0,0.5789473684210527,1,0,0.3333333333333333,-2.24,0.0,0,0,0.0,-2.11,0,0.1111111111111111,0,-2.35,0.0,0",-43.82,-13.46,-0.7,nan,73.7
GUGGGGCAGGCUCUGGUGU,GUCACCAGAGUGGAAACUCACACCAGAGCCUGCCCCACCUGCCCAUUGUGUUCCCUU,0.5428784489187174,1,"-0.9,-2.24,-11.4,0,1,-209.21999999999997,0.2631578947368421,0,0.5263157894736842,0,0,0.2777777777777778,-2.11,0.0,1,0,0.0,-2.24,0,0.1111111111111111,0,-2.08,0.0,0",-42.35,-12.43,-0.9,nan,68.4
GUGUGAGUUUCCACUCUGG,CUACGGGAGUCAAAGGUCACCAGAGUGGAAACUCACACCAGAGCCUGCCCCACCUGC,0.7106636838180462,1,"0.57,-2.24,-11.4,0,1,-192.92999999999995,0.3684210526315789,0,0.3157894736842105,0,0,0.05555555555555555,-2.11,0.0,1,0,0.05555555555555555,-3.26,0,0.0,0,-2.24,0.1111111111111111,0",-34.98,-8.14,0.57,nan,52.6
GUGAGUUUCCACUCUGGUG,GCCUACGGGAGUCAAAGGUCACCAGAGUGGAAACUCACACCAGAGCCUGCCCCACCU,0.6920208799403431,1,"-0.13,-2.24,-11.4,0,1,-192.92999999999998,0.3684210526315789,0,0.3157894736842105,0,0,0.05555555555555555,-2.11,0.0,1,0,0.05555555555555555,-2.11,0,0.0,0,-2.35,0.1111111111111111,0",-34.98,-5.65,-0.13,nan,52.6
GUUUCCACUCUGGUGACCU,AAACGCCUACGGGAGUCAAAGGUCACCAGAGUGGAAACUCACACCAGAGCCUGCCCC,0.7032065622669649,1,"-1.06,-2.24,-11.4,0,1,-192.16,0.3684210526315789,0,0.21052631578947367,0,0,0.05555555555555555,-0.93,0.0,1,0,0.1111111111111111,-2.08,0,0.0,0,-2.24,0.1111111111111111,0",-35.68,-7.28,-1.06,nan,52.6
CUCUGGUGACCUUUGACUC,UGGAUGCAAACGCCUACGGGAGUCAAAGGUCACCAGAGUGGAAACUCACACCAGAGC,0.6405667412378822,1,"0.27,-2.08,-10.48,0,0,-194.01,0.3684210526315789,0,0.21052631578947367,0,0,0.05555555555555555,-2.35,0.0,1,1,0.05555555555555555,-2.35,0,0.0,0,-0.93,0.1111111111111111,0",-35.06,-9.61,0.27,nan,52.6
ACCUUUGACUCCCGUAGGC,CACACCCGUGGAUGCAAACGCCUACGGGAGUCAAAGGUCACCAGAGUGGAAACUCAC,0.6823266219239374,1,"1.63,-2.24,-11.4,0,0,-194.04000000000002,0.2631578947368421,0,0.21052631578947367,0,0,0.05555555555555555,-3.26,0.05555555555555555,0,0,0.16666666666666666,-3.42,0,0.05555555555555555,0,-2.36,0.1111111111111111,0",-37.24,-7.12,1.63,nan,57.9
UUGACUCCCGUAGGCGUUU,UAUGCACACCCGUGGAUGCAAACGCCUACGGGAGUCAAAGGUCACCAGAGUGGAAAC,0.6979865771812082,1,"0.0,-0.93,-6.82,1,0,-183.91,0.3684210526315789,1,0.2631578947368421,0,0,0.05555555555555555,-2.11,0.05555555555555555,1,0,0.1111111111111111,-0.93,0,0.05555555555555555,0,-3.26,0.16666666666666666,0",-34.74,-9.85,0.0,nan,52.6
CACGGGUGUGCAUACCCUG,GGGCAGCGGGAGAGAGCAACAGGGUAUGCACACCCGUGGAUGCAAACGCCUACGGGA,0.5264727815063386,1,"0.0,-2.11,-10.44,0,0,-200.81999999999996,0.21052631578947367,0,0.3157894736842105,0,0,0.1111111111111111,-2.24,0.05555555555555555,0,1,0.1111111111111111,-2.11,0,0.05555555555555555,0,-1.33,0.0,0",-38.75,-10.93,0.0,nan,63.2
GGUGUGCAUACCCUGUUGC,UCAGGGGCAGCGGGAGAGAGCAACAGGGUAUGCACACCCGUGGAUGCAAACGCCUAC,0.540641312453393,1,"0.16,-3.26,-13.39,0,1,-198.48999999999995,0.3157894736842105,0,0.3157894736842105,1,0,0.05555555555555555,-2.24,0.05555555555555555,0,0,0.1111111111111111,-3.42,0,0.1111111111111111,0,-2.08,0.05555555555555555,0",-37.48,-9.69,0.16,nan,57.9
CAUACCCUGUUGCUCUCUC,AAXGGUUCAGGGGCAGCGGGAGAGAGCAACAGGGUAUGCACACCCGUGGAUGCAAAC,0.6375838926174496,1,"0.24,-2.11,-10.44,0,0,-195.29999999999995,0.3684210526315789,0,0.10526315789473684,0,0,0.0,-1.1,0.05555555555555555,0,1,0.1111111111111111,-2.35,0,0.05555555555555555,0,-2.08,0.05555555555555555,0",-35.39,-8.28,0.24,nan,52.6
CCUGUUGCUCUCUCCCGCU,GCUGGAAXGGUUCAGGGGCAGCGGGAGAGAGCAACAGGGUAUGCACACCCGUGGAUG,0.3243847874720358,0,"-1.63,-3.26,-13.39,0,0,-202.05999999999997,0.3684210526315789,0,0.15789473684210525,0,0,0.0,-2.08,0.0,0,1,0.16666666666666666,-2.08,1,0.1111111111111111,0,-2.35,0.05555555555555555,0",-39.28,-8.8,-1.63,nan,63.2
GUUGCUCUCUCCCGCUGCC,AGGGCUGGAAXGGUUCAGGGGCAGCGGGAGAGAGCAACAGGGUAUGCACACCCGUGG,0.4615958240119314,0,"0.57,-2.24,-11.4,0,1,-210.18,0.3157894736842105,0,0.21052631578947367,0,0,0.0,-0.93,0.0,1,0,0.16666666666666666,-3.26,0,0.16666666666666666,0,-2.36,0.05555555555555555,0",-41.07,-7.98,0.57,nan,68.4
CUCUCUCCCGCUGCCCCUG,GGAGAGGGCUGGAAXGGUUCAGGGGCAGCGGGAGAGAGCAACAGGGUAUGCACACCC,0.4936614466815809,0,"0.03,-2.08,-10.48,0,0,-214.33999999999995,0.2631578947368421,0,0.15789473684210525,0,0,0.0,-2.35,0.0,1,1,0.2777777777777778,-2.11,0,0.1111111111111111,0,-3.42,0.0,0",-43.08,-9.93,0.03,nan,73.7
CACUCCGACCCCUGACAGG,CUACAGUUUCUUUCCCCUGCCUGUCAGGGGUCGGAGUGGAGAGGGCUGGAAXGGUUC,0.540641312453393,1,"0.7,-2.11,-10.44,0,0,-208.26,0.10526315789473684,0,0.21052631578947367,0,0,0.05555555555555555,-2.24,0.0,0,1,0.2222222222222222,-3.26,0,0.0,0,-2.11,0.0,0",-40.91,-9.65,0.7,nan,68.4
ACCCCUGACAGGCAGGGGA,UGGCAGACUACAGUUUCUUUCCCCUGCCUGUCAGGGGUCGGAGUGGAGAGGGCUGGA,0.3146905294556301,0,"0.11,-2.24,-11.4,0,0,-207.99999999999994,0.05263157894736842,0,0.3684210526315789,0,0,0.2222222222222222,-3.26,0.0,0,0,0.16666666666666666,-2.35,0,0.05555555555555555,0,-2.11,0.0,1",-43.0,-11.78,0.11,nan,68.4
GGGAAAGAAACUGUAGUCU,ACAUGGUGUGGAAUCUGGCAGACUACAGUUUCUUUCCCCUGCCUGUCAGGGGUCGGA,0.4146159582401194,0,"-1.63,-3.26,-13.39,0,1,-178.3,0.21052631578947367,0,0.3157894736842105,1,0,0.1111111111111111,-3.26,0.05555555555555555,0,0,0.0,-2.08,0,0.0,0,-2.24,0.0,0",-31.23,-7.36,-1.63,nan,42.1
AAAGAAACUGUAGUCUGCC,GCCACAUGGUGUGGAAUCUGGCAGACUACAGUUUCUUUCCCCUGCCUGUCAGGGGUC,0.6413124533929903,1,"2.33,-0.93,-6.82,0,0,-177.79000000000002,0.21052631578947367,0,0.21052631578947367,0,0,0.0,-0.93,0.05555555555555555,0,0,0.05555555555555555,-3.26,0,0.05555555555555555,0,-2.24,0.0,0",-31.15,-4.92,2.33,nan,42.1
AACUGUAGUCUGCCAGAUU,UCUCUGCCACAUGGUGUGGAAUCUGGCAGACUACAGUUUCUUUCCCCUGCCUGUCAG,0.6092468307233407,1,"0.0,-0.93,-6.82,0,0,-180.24999999999997,0.3157894736842105,0,0.21052631578947367,0,0,0.0,-2.24,0.05555555555555555,0,0,0.05555555555555555,-0.93,0,0.05555555555555555,0,-3.26,0.05555555555555555,0",-32.05,-7.54,0.0,nan,42.1
CAGAUUCCACACCAUGUGG,CGGUGGCUCUGUCUCUCUGCCACAUGGUGUGGAAUCUGGCAGACUACAGUUUCUUUC,0.2997762863534676,0,"0.7,-2.11,-10.44,0,0,-194.34000000000003,0.21052631578947367,0,0.21052631578947367,0,0,0.05555555555555555,-2.08,0.0,0,1,0.1111111111111111,-3.26,0,0.0,0,-2.11,0.05555555555555555,0",-34.98,-7.53,0.7,nan,52.6
CACACCAUGUGGCAGAGAG,AGGGUGCCGGUGGCUCUGUCUCUCUGCCACAUGGUGUGGAAUCUGGCAGACUACAGU,0.3482475764354959,0,"-0.03,-2.11,-10.44,0,0,-200.58999999999997,0.10526315789473684,0,0.3157894736842105,0,0,0.05555555555555555,-2.24,0.0,0,1,0.05555555555555555,-2.08,0,0.05555555555555555,0,-2.11,0.0,0",-37.27,-8.07,-0.03,nan,57.9
AUGUGGCAGAGAGACAGAG,GCAGGCAGGGUGCCGGUGGCUCUGUCUCUCUGCCACAUGGUGUGGAAUCUGGCAGAC,0.4645786726323639,0,"1.43,-1.1,-9.38,0,0,-197.04,0.10526315789473684,0,0.42105263157894735,0,0,0.05555555555555555,-2.11,0.0,1,0,0.0,-2.08,0,0.05555555555555555,0,-2.35,0.0,0",-35.96,-10.26,1.43,nan,52.6
GUGGCAGAGAGACAGAGCC,CAGCAGGCAGGGUGCCGGUGGCUCUGUCUCUCUGCCACAUGGUGUGGAAUCUGGCAG,0.3415361670395228,0,"0.57,-2.24,-11.4,0,1,-209.20999999999998,0.05263157894736842,0,0.42105263157894735,0,0,0.05555555555555555,-2.11,0.0,1,0,0.05555555555555555,-3.26,0,0.1111111111111111,0,-2.11,0.0,0",-39.88,-10.34,0.57,nan,63.2
UGGCAGAGAGACAGAGCCA,GCAGCAGGCAGGGUGCCGGUGGCUCUGUCUCUCUGCCACAUGGUGUGGAAUCUGGCA,0.5704697986577182,1,"0.0,-2.11,-10.44,1,0,-200.81,0.05263157894736842,0,0.3684210526315789,0,0,0.05555555555555555,-3.26,0.0,0,0,0.05555555555555555,-2.11,0,0.1111111111111111,0,-2.08,0.0,1",-38.85,-11.21,0.0,nan,57.9
GCAGAGAGACAGAGCCACC,AGGCAGCAGGCAGGGUGCCGGUGGCUCUGUCUCUCUGCCACAUGGUGUGGAAUCUGG,0.5331841909023117,1,"-0.16,-3.42,-14.88,0,1,-209.21000000000004,0.0,0,0.3157894736842105,0,1,0.0,-2.11,0.0,0,0,0.1111111111111111,-3.26,0,0.1111111111111111,0,-2.08,0.0,0",-39.88,-8.96,-0.16,nan,63.2
CCUGCUGCCUGUCCCCUGG,GUCUGUGGCAGGAGAUAGCCCAGGGGACAGGCAGCAGGCAGGGUGCCGGUGGCUCUG,0.3400447427293065,0,"0.0,-3.26,-13.39,0,0,-214.01,0.2631578947368421,0,0.2631578947368421,0,0,0.05555555555555555,-2.08,0.0,0,1,0.2777777777777778,-3.26,1,0.1111111111111111,0,-3.26,0.0,0",-43.66,-11.13,0.0,nan,73.7
CCCUGGGCUAUCUCCUGCC,UUCUCUGAAGCUGGUCUGUGGCAGGAGAUAGCCCAGGGGACAGGCAGCAGGCAGGGU,0.5048471290082028,0,"0.0,-3.26,-13.39,0,0,-211.24,0.2631578947368421,0,0.21052631578947367,0,0,0.1111111111111111,-3.26,0.05555555555555555,0,1,0.2222222222222222,-3.26,1,0.1111111111111111,0,-2.35,0.0,0",-41.98,-13.3,0.0,nan,68.4
CUGCCACAGACCAGCUUCA,AGAGGACUCCUUCCUUCUCUGAAGCUGGUCUGUGGCAGGAGAUAGCCCAGGGGACAG,0.3310961968680089,0,"-0.87,-2.08,-10.48,0,0,-197.82999999999998,0.15789473684210525,0,0.15789473684210525,0,0,0.0,-2.11,0.0,1,1,0.1111111111111111,-2.11,0,0.1111111111111111,0,-2.08,0.05555555555555555,1",-37.8,-10.26,-0.87,nan,57.9
CUUCAGAGAAGGAAGGAGU,CCAAUUCAUCUGACAGAGGACUCCUUCCUUCUCUGAAGCUGGUCUGUGGCAGGAGAU,0.378076062639821,0,"-0.74,-2.08,-10.48,0,0,-186.82999999999998,0.15789473684210525,0,0.3684210526315789,0,0,0.1111111111111111,-0.93,0.0,1,1,0.0,-2.24,0,0.0,0,-0.93,0.05555555555555555,0",-33.35,-7.36,-0.74,nan,47.4
AGAGAAGGAAGGAGUCCUC,UAGCCCAAUUCAUCUGACAGAGGACUCCUUCCUUCUCUGAAGCUGGUCUGUGGCAGG,0.6055182699478002,1,"1.17,-2.08,-10.48,0,0,-195.4,0.10526315789473684,0,0.3684210526315789,0,0,0.1111111111111111,-2.35,0.0,0,0,0.05555555555555555,-2.35,0,0.0,0,-2.08,0.0,0",-35.92,-8.96,1.17,nan,52.6
GCUAGAGAUGGAAGUCUCA,CAUCCACCUUCCCUGCUUCUGAGACUUCCAUCUCUAGCCCAAUUCAUCUGACAGAGG,0.2453392990305742,0,"-1.76,-3.42,-14.88,0,1,-191.70999999999998,0.21052631578947367,0,0.3157894736842105,0,1,0.05555555555555555,-2.08,0.05555555555555555,0,0,0.0,-2.11,0,0.05555555555555555,0,-2.08,0.0,1",-34.11,-7.73,-1.76,nan,47.4
GAAGUCUCAGAAGCAGGGA,CUUCUGCCUUCAUCCACCUUCCCUGCUUCUGAGACUUCCAUCUCUAGCCCAAUUCAU,0.5063385533184191,0,"-0.9,-2.35,-12.44,0,1,-194.84999999999997,0.10526315789473684,0,0.3684210526315789,0,0,0.1111111111111111,-0.93,0.0,0,0,0.0,-2.35,0,0.05555555555555555,0,-3.42,0.0,1",-35.87,-7.49,-0.9,nan,52.6
AGGGAAGGUGGAUGAAGGC,UAGGCUUUGGAGCCCUUCUGCCUUCAUCCACCUUCCCUGCUUCUGAGACUUCCAUCU,0.639075316927666,1,"1.79,-2.08,-10.48,0,0,-198.56,0.10526315789473684,0,0.5263157894736842,0,0,0.2777777777777778,-3.26,0.0,0,0,0.0,-3.42,0,0.05555555555555555,0,-2.11,0.0,0",-37.89,-11.05,1.79,nan,57.9
GCAGAAGGGCUCCAAAGCC,UCUGAGCAAUAUCCCCAUAGGCUUUGGAGCCCUUCUGCCUUCAUCCACCUUCCCUGC,0.5495898583146905,1,"-0.16,-3.42,-14.88,0,1,-202.72999999999996,0.05263157894736842,0,0.3157894736842105,0,1,0.1111111111111111,-2.11,0.0,0,0,0.1111111111111111,-3.26,0,0.16666666666666666,0,-2.11,0.0,0",-39.24,-8.72,-0.16,nan,63.2
GCUCCAAAGCCUAUGGGGA,ACUUAACUUCUGAGCAAUAUCCCCAUAGGCUUUGGAGCCCUUCUGCCUUCAUCCACC,0.2669649515287099,0,"-1.52,-3.42,-14.88,0,1,-197.28999999999996,0.15789473684210525,0,0.3157894736842105,0,1,0.16666666666666666,-2.08,0.05555555555555555,0,0,0.1111111111111111,-2.35,0,0.1111111111111111,0,-1.1,0.0,1",-38.05,-7.12,-1.52,nan,57.9
UGGGGAUAUUGCUCAGAAG,GAAUGAGCUCCUUACUUAACUUCUGAGCAAUAUCCCCAUAGGCUUUGGAGCCCUUCU,0.6935123042505593,1,"0.87,-2.11,-10.44,1,0,-187.88999999999996,0.2631578947368421,0,0.3684210526315789,0,0,0.16666666666666666,-3.26,0.05555555555555555,0,0,0.0,-2.08,0,0.05555555555555555,0,-2.35,0.05555555555555555,0",-33.67,-10.02,0.87,nan,47.4
UAUUGCUCAGAAGUUAAGU,UCUGAGGAAUGAGCUCCUUACUUAACUUCUGAGCAAUAUCCCCAUAGGCUUUGGAGC,0.6763609246830724,1,"0.46,-1.33,-7.69,1,0,-166.35,0.3684210526315789,0,0.21052631578947367,0,0,0.0,-1.1,0.1111111111111111,0,0,0.0,-2.24,0,0.05555555555555555,0,-2.24,0.1111111111111111,0",-27.63,-7.45,0.46,nan,31.6
GUUAAGUAAGGAGCUCAUU,GGAAUUCUUGCCUCUGAGGAAUGAGCUCCUUACUUAACUUCUGAGCAAUAUCCCCAU,0.5279642058165548,1,"-1.76,-2.24,-11.4,0,1,-173.01999999999998,0.3157894736842105,0,0.2631578947368421,0,0,0.05555555555555555,-0.93,0.1111111111111111,1,0,0.0,-0.93,0,0.05555555555555555,0,-3.42,0.1111111111111111,0",-29.23,-3.85,-1.76,nan,36.8
CUCAUUCCUCAGAGGCAAG,UACAGAACACCCAGGAAUUCUUGCCUCUGAGGAAUGAGCUCCUUACUUAACUUCUGA,0.4459358687546607,0,"0.0,-2.08,-10.48,0,0,-194.54999999999998,0.21052631578947367,0,0.21052631578947367,0,0,0.05555555555555555,-2.35,0.0,1,1,0.05555555555555555,-2.08,0,0.05555555555555555,0,-2.08,0.05555555555555555,0",-34.94,-7.56,0.0,nan,52.6
AAGAAUUCCUGGGUGUUCU,AAUCCGCCCCACCCUUUACAGAACACCCAGGAAUUCUUGCCUCUGAGGAAUGAGCUC,0.6301267710663684,1,"0.7,-0.93,-6.82,0,0,-178.22,0.3684210526315789,0,0.2631578947368421,0,0,0.1111111111111111,-2.08,0.0,0,0,0.05555555555555555,-2.08,0,0.0,0,-2.24,0.1111111111111111,0",-31.6,-5.2,0.7,nan,42.1
UGGGUGUUCUGUAAAGGGU,AGGAGUCCCAAUCCGCCCCACCCUUUACAGAACACCCAGGAAUUCUUGCCUCUGAGG,0.645041014168531,1,"0.13,-2.11,-10.44,1,0,-180.98,0.3684210526315789,0,0.42105263157894735,0,0,0.2222222222222222,-3.26,0.05555555555555555,0,0,0.0,-2.24,0,0.0,0,-0.93,0.05555555555555555,0",-33.97,-9.5,0.13,nan,47.4
UAAAGGGUGGGGCGGAUUG,GGUGCCCACUUAGGAGUCCCAAUCCGCCCCACCCUUUACAGAACACCCAGGAAUUCU,0.5980611483967189,1,"1.23,-1.33,-7.69,1,0,-191.26,0.21052631578947367,0,0.5263157894736842,0,0,0.3333333333333333,-0.93,0.05555555555555555,0,0,0.0,-2.11,0,0.05555555555555555,0,-2.36,0.05555555555555555,0",-36.91,-7.71,1.23,nan,57.9
CCUAAGUGGGCACCCUAAA,CUCCAGGCCUCCUUUUUCUUUUAGGGUGCCCACUUAGGAGUCCCAAUCCGCCCCACC,0.3639075316927666,0,"-2.33,-3.26,-13.39,0,0,-185.45999999999995,0.15789473684210525,0,0.21052631578947367,0,0,0.1111111111111111,-2.08,0.1111111111111111,0,1,0.16666666666666666,-0.93,1,0.05555555555555555,0,-3.26,0.0,1",-35.57,-6.68,-2.33,nan,52.6
AGACGCCUCAAGGGAGGCA,UGCAGUUGGAGAUUCAGAUUGCCUCCCUUGAGGCGUCUGCCCUCCAGGCCUCCUUUU,0.2542878448918718,0,"0.03,-2.08,-10.48,0,0,-201.25,0.05263157894736842,0,0.3684210526315789,0,0,0.16666666666666666,-2.35,0.0,0,0,0.05555555555555555,-2.11,0,0.1111111111111111,0,-3.26,0.0,1",-40.01,-11.17,0.03,nan,63.2
GACGCCUCAAGGGAGGCAA,UUGCAGUUGGAGAUUCAGAUUGCCUCCCUUGAGGCGUCUGCCCUCCAGGCCUCCUUU,0.2781506338553318,0,"-1.87,-2.35,-12.44,0,1,-201.31,0.05263157894736842,0,0.3684210526315789,0,0,0.16666666666666666,-2.24,0.0,0,0,0.05555555555555555,-0.93,0,0.1111111111111111,0,-2.35,0.0,1",-39.31,-11.17,-1.87,nan,63.2
CUGAAUCUCCAACUGCAAA,CACCAGUUUAGAAGGUCCGUUUGCAGUUGGAGAUUCAGAUUGCCUCCCUUGAGGCGU,0.3624161073825503,0,"-1.6,-2.08,-10.48,0,0,-179.51999999999998,0.21052631578947367,0,0.10526315789473684,0,0,0.0,-2.11,0.0,1,1,0.05555555555555555,-0.93,0,0.05555555555555555,0,-2.08,0.0,1",-30.93,-5.93,-1.6,nan,42.1
CUUCUAAACUGGUGGAAUC,UGAGAAGAAACUUGCUCCAGAUUCCACCAGUUUAGAAGGUCCGUUUGCAGUUGGAGA,0.6263982102908278,1,"0.27,-2.08,-10.48,0,0,-179.95999999999998,0.3157894736842105,0,0.21052631578947367,0,0,0.1111111111111111,-0.93,0.05555555555555555,1,1,0.0,-2.35,0,0.0,0,-2.11,0.05555555555555555,0",-30.57,-3.56,0.27,nan,42.1
AAUCUGGAGCAAGUUUCUU,GUUCCUUGUGGACUCUGAGAAGAAACUUGCUCCAGAUUCCACCAGUUUAGAAGGUCC,0.5891126025354214,1,"0.0,-0.93,-6.82,0,0,-172.21999999999997,0.3684210526315789,0,0.21052631578947367,0,0,0.05555555555555555,-1.1,0.0,0,0,0.0,-0.93,0,0.05555555555555555,0,-2.24,0.16666666666666666,0",-29.27,-8.26,0.0,nan,36.8
UCUGGAGCAAGUUUCUUCU,AUGUUCCUUGUGGACUCUGAGAAGAAACUUGCUCCAGAUUCCACCAGUUUAGAAGGU,0.6711409395973155,1,"-0.27,-2.35,-12.44,1,0,-178.93999999999997,0.42105263157894735,0,0.21052631578947367,0,0,0.05555555555555555,-2.08,0.0,0,0,0.0,-2.08,0,0.05555555555555555,0,-0.93,0.16666666666666666,0",-31.67,-11.21,-0.27,nan,42.1
UUUCUUCUCAGAGUCCACA,CCUCUUCACUGAUGUUCCUUGUGGACUCUGAGAAGAAACUUGCUCCAGAUUCCACCA,0.6375838926174496,1,"0.73,-0.93,-6.82,1,0,-181.04,0.3684210526315789,1,0.10526315789473684,0,0,0.0,-0.93,0.0,1,0,0.05555555555555555,-2.11,0,0.0,0,-2.24,0.16666666666666666,1",-31.94,-5.73,0.73,nan,42.1
UCAGAGUCCACAAGGAACA,UUCGUACCCUCUUCACUGAUGUUCCUUGUGGACUCUGAGAAGAAACUUGCUCCAGAU,0.7032065622669649,1,"-0.24,-2.35,-12.44,1,0,-186.53,0.10526315789473684,0,0.21052631578947367,0,0,0.05555555555555555,-2.11,0.0,0,0,0.05555555555555555,-2.11,0,0.0,0,-2.08,0.0,1",-34.19,-9.12,-0.24,nan,47.4
GUCCACAAGGAACAUCAGU,GAAAGUUCGUACCCUCUUCACUGAUGUUCCUUGUGGACUCUGAGAAGAAACUUGCUC,0.4116331096196868,0,"-0.9,-2.24,-11.4,0,1,-188.10999999999999,0.15789473684210525,0,0.21052631578947367,0,0,0.05555555555555555,-2.35,0.0,1,0,0.05555555555555555,-2.24,0,0.0,0,-2.11,0.0,0",-33.55,-8.01,-0.9,nan,47.4
ACGAACUUUCUCAGCCCCG,CAGGAGUCCCCAGUGAUCCCGGGGCUGAGAAAGUUCGUACCCUCUUCACUGAUGUUC,0.7099179716629381,1,"0.57,-2.24,-11.4,0,0,-191.45999999999998,0.21052631578947367,0,0.15789473684210525,0,0,0.0,-2.36,0.0,0,0,0.16666666666666666,-2.36,0,0.05555555555555555,0,-2.08,0.1111111111111111,0",-36.05,-6.35,0.57,nan,57.9
GAACUUUCUCAGCCCCGGG,GGCAGGAGUCCCCAGUGAUCCCGGGGCUGAGAAAGUUCGUACCCUCUUCACUGAUGU,0.6368381804623415,1,"0.46,-2.35,-12.44,0,1,-199.91999999999996,0.21052631578947367,0,0.2631578947368421,0,0,0.1111111111111111,-0.93,0.0,0,0,0.16666666666666666,-3.26,0,0.05555555555555555,0,-3.26,0.1111111111111111,0",-38.42,-4.92,0.46,nan,63.2
UCUCAGCCCCGGGAUCACU,ACCGAGGGCAGGAGUCCCCAGUGAUCCCGGGGCUGAGAAAGUUCGUACCCUCUUCAC,0.7076808351976137,1,"-0.27,-2.35,-12.44,1,0,-204.27999999999997,0.21052631578947367,0,0.21052631578947367,0,0,0.1111111111111111,-2.08,0.0,0,0,0.16666666666666666,-2.08,0,0.05555555555555555,0,-2.35,0.0,0",-40.29,-11.21,-0.27,nan,63.2
GGUACAACUCUCCCUCAAG,CCCUCUUUCUGGAUUUAGGCUUGAGGGAGAGUUGUACCGAGGGCAGGAGUCCCCAGU,0.4727815063385533,0,"-0.73,-3.26,-13.39,0,1,-192.20999999999998,0.21052631578947367,0,0.15789473684210525,1,0,0.05555555555555555,-2.24,0.05555555555555555,0,0,0.1111111111111111,-2.08,0,0.0,0,-3.26,0.0,0",-35.19,-7.0,-0.73,nan,52.6
CAACUCUCCCUCAAGCCUA,AGUCCCCUCUUUCUGGAUUUAGGCUUGAGGGAGAGUUGUACCGAGGGCAGGAGUCCC,0.5719612229679344,1,"-1.23,-2.11,-10.44,0,0,-191.04999999999998,0.21052631578947367,0,0.05263157894736842,0,0,0.0,-0.93,0.05555555555555555,0,1,0.16666666666666666,-1.33,0,0.05555555555555555,0,-0.93,0.0,1",-35.76,-7.49,-1.23,nan,52.6
UCUCCCUCAAGCCUAAAUC,CCUUAGUCCCCUCUUUCUGGAUUUAGGCUUGAGGGAGAGUUGUACCGAGGGCAGGAG,0.6771066368381805,1,"0.9,-2.35,-12.44,1,0,-187.36999999999998,0.2631578947368421,0,0.05263157894736842,0,0,0.0,-2.08,0.05555555555555555,0,0,0.16666666666666666,-2.35,0,0.05555555555555555,0,-2.08,0.0,0",-33.71,-11.29,0.9,nan,47.4
UCCCUCAAGCCUAAAUCCA,GCCCUUAGUCCCCUCUUUCUGGAUUUAGGCUUGAGGGAGAGUUGUACCGAGGGCAGG,0.6070096942580163,1,"-0.24,-2.35,-12.44,1,0,-184.56,0.21052631578947367,0,0.05263157894736842,0,0,0.0,-3.26,0.05555555555555555,0,0,0.2222222222222222,-2.11,0,0.05555555555555555,0,-0.93,0.0,1",-34.2,-9.45,-0.24,nan,47.4
CCAGAAAGAGGGGACUAAG,UCCCCGUCCCUGAGGAGCCCUUAGUCCCCUCUUUCUGGAUUUAGGCUUGAGGGAGAG,0.6524981357196122,1,"-0.73,-3.26,-13.39,0,0,-189.66,0.05263157894736842,0,0.3684210526315789,0,0,0.16666666666666666,-2.11,0.05555555555555555,0,1,0.05555555555555555,-2.08,1,0.0,0,-2.35,0.0,0",-34.87,-6.39,-0.73,nan,52.6
CUAAGGGCUCCUCAGGGAC,UGCUCUCUGGAGUCUCCCCGUCCCUGAGGAGCCCUUAGUCCCCUCUUUCUGGAUUUA,0.6398210290827739,1,"0.16,-2.08,-10.48,0,0,-204.29,0.15789473684210525,0,0.3157894736842105,0,0,0.2222222222222222,-1.33,0.05555555555555555,1,1,0.05555555555555555,-2.24,0,0.05555555555555555,0,-2.11,0.0,0",-39.69,-9.74,0.16,nan,63.2
GGGAGACUCCAGAGAGCAA,CUGUGACCUCCAUCUACUCUUGCUCUCUGGAGUCUCCCCGUCCCUGAGGAGCCCUUA,0.4354958985831468,0,"-2.33,-3.26,-13.39,0,1,-201.42,0.05263157894736842,0,0.3684210526315789,1,0,0.1111111111111111,-3.26,0.0,0,0,0.05555555555555555,-0.93,0,0.05555555555555555,0,-2.08,0.0,1",-38.2,-9.82,-2.33,nan,57.9
ACUCCAGAGAGCAAGAGUA,CCCUCCUGUGACCUCCAUCUACUCUUGCUCUCUGGAGUCUCCCCGUCCCUGAGGAGC,0.4317673378076062,0,"-0.46,-2.24,-11.4,0,0,-188.04999999999998,0.10526315789473684,0,0.2631578947368421,0,0,0.0,-2.08,0.05555555555555555,0,0,0.05555555555555555,-1.33,0,0.05555555555555555,0,-0.93,0.0,1",-34.53,-9.69,-0.46,nan,47.4
AGAGUAGAUGGAGGUCACA,UCAGCACCUUGUGCCCUCCUGUGACCUCCAUCUACUCUUGCUCUCUGGAGUCUCCCC,0.7218493661446681,1,"0.03,-2.08,-10.48,0,0,-190.0,0.15789473684210525,0,0.3684210526315789,0,0,0.1111111111111111,-2.35,0.05555555555555555,0,0,0.0,-2.11,0,0.0,0,-3.26,0.0,1",-34.73,-7.89,0.03,nan,47.4
AUGGAGGUCACAGGAGGGC,GCCACCGUCAGCACCUUGUGCCCUCCUGUGACCUCCAUCUACUCUUGCUCUCUGGAG,0.6636838180462342,1,"2.32,-1.1,-9.38,0,0,-206.76,0.10526315789473684,0,0.47368421052631576,0,0,0.2777777777777778,-2.11,0.0,1,0,0.0,-3.42,0,0.05555555555555555,0,-3.26,0.0,0",-40.38,-10.31,2.32,nan,63.2
AUGGGAGAGGAAGCACACA,UUUCAUUGUUCCUGUGAACUGUGUGCUUCCUCUCCCAUGCCACCGUCAGCACCUUGU,0.7770320656226697,1,"0.56,-1.1,-9.38,0,0,-193.52,0.05263157894736842,0,0.3684210526315789,0,0,0.16666666666666666,-2.11,0.0,1,0,0.0,-2.11,0,0.05555555555555555,0,-3.42,0.0,1",-36.45,-10.42,0.56,nan,52.6
CACAGUUCACAGGAACAAU,GGUCGUUCGUGGUCGUUUCAUUGUUCCUGUGAACUGUGUGCUUCCUCUCCCAUGCCA,0.5734526472781507,1,"-1.46,-2.11,-10.44,0,0,-179.54,0.15789473684210525,0,0.15789473684210525,0,0,0.05555555555555555,-2.24,0.0,0,1,0.0,-1.1,0,0.0,0,-2.35,0.05555555555555555,0",-30.98,-7.41,-1.46,nan,42.1
CAGUUCACAGGAACAAUGA,XUGGUCGUUCGUGGUCGUUUCAUUGUUCCUGUGAACUGUGUGCUUCCUCUCCCAUGC,0.4973900074571216,0,"-0.66,-2.11,-10.44,0,0,-180.57999999999998,0.15789473684210525,0,0.21052631578947367,0,0,0.05555555555555555,-2.08,0.0,0,1,0.0,-2.35,0,0.0,0,-2.24,0.05555555555555555,1",-31.09,-7.41,-0.66,nan,42.1
UCACAGGAACAAUGAAACG,XXXXXUGGUCGUUCGUGGUCGUUUCAUUGUUCCUGUGAACUGUGUGCUUCCUCUCCC,0.4041759880686055,0,"0.46,-2.35,-12.44,1,0,-177.12,0.10526315789473684,0,0.21052631578947367,0,0,0.05555555555555555,-2.11,0.0,0,0,0.0,-2.36,0,0.0,0,-2.11,0.0,0",-30.19,-9.61,0.46,nan,42.1
UGAAACGACCACGAACGAC,XXXXXXXXXXXXXXXXXUGGUCGUUCGUGGUCGUUUCAUUGUUCCUGUGAACUGUGU,0.2930648769574944,0,"1.03,-2.11,-10.44,1,0,-186.08,0.05263157894736842,0,0.21052631578947367,0,0,0.0,-2.35,0.0,0,0,0.05555555555555555,-2.24,0,0.0,0,-2.35,0.0,0",-33.41,-6.62,1.03,nan,52.6
UUUGUUUUCAACAUGGUAA,GCAUUUGAGGUCAAAACCCUUACCAUGUUGAAAACAAAAUCUUACAUGUUAAUAAAA,0.6808351976137211,1,"0.0,-0.93,-6.82,1,0,-155.54999999999998,0.47368421052631576,1,0.15789473684210525,0,0,0.05555555555555555,-0.93,0.05555555555555555,1,0,0.0,-0.93,0,0.0,0,-1.1,0.2777777777777778,1",-24.72,-3.08,0.0,nan,26.3
CAACAUGGUAAGGGUUUUG,CCUGAUAAGCAUUUGAGGUCAAAACCCUUACCAUGUUGAAAACAAAAUCUUACAUGU,0.5242356450410142,1,"0.0,-2.11,-10.44,0,0,-174.17,0.3157894736842105,0,0.3157894736842105,0,0,0.16666666666666666,-0.93,0.05555555555555555,0,1,0.0,-2.11,0,0.0,0,-3.26,0.16666666666666666,0",-30.01,-7.21,0.0,nan,42.1
CAUGGUAAGGGUUUUGACC,AGACCUGAUAAGCAUUUGAGGUCAAAACCCUUACCAUGUUGAAAACAAAAUCUUACA,0.6301267710663684,1,"0.7,-2.11,-10.44,0,0,-182.74,0.3157894736842105,0,0.3157894736842105,0,0,0.16666666666666666,-1.1,0.05555555555555555,0,1,0.05555555555555555,-3.26,0,0.0,0,-0.93,0.16666666666666666,0",-32.58,-5.98,0.7,nan,47.4
AUGGUAAGGGUUUUGACCU,CAGACCUGAUAAGCAUUUGAGGUCAAAACCCUUACCAUGUUGAAAACAAAAUCUUAC,0.639075316927666,1,"0.53,-1.1,-9.38,0,0,-175.34,0.3684210526315789,0,0.3157894736842105,0,0,0.16666666666666666,-2.11,0.05555555555555555,1,0,0.05555555555555555,-2.08,0,0.0,0,-0.93,0.16666666666666666,0",-31.65,-7.41,0.53,nan,42.1
CCUCAAAUGCUUAUCAGGU,AGCUAUAAAUGUGUGGCAGACCUGAUAAGCAUUUGAGGUCAAAACCCUUACCAUGUU,0.3489932885906041,0,"-1.47,-3.26,-13.39,0,0,-180.28,0.3157894736842105,0,0.15789473684210525,0,0,0.05555555555555555,-2.08,0.05555555555555555,0,1,0.05555555555555555,-2.24,1,0.05555555555555555,0,-1.1,0.05555555555555555,0",-31.23,-4.96,-1.47,nan,42.1
CGCCUCUUCCUUGAAGUUU,AAAACCUGCAAUGGACCCAAAACUUCAAGGAAGAGGCGUCUUCAAGGUUCAUAUGUA,0.494407158836689,0,"-1.43,-2.36,-10.64,0,0,-180.14999999999998,0.42105263157894735,0,0.15789473684210525,0,0,0.0,-3.42,0.0,0,1,0.1111111111111111,-0.93,0,0.05555555555555555,1,-2.35,0.2222222222222222,0",-32.13,-9.58,-1.43,nan,47.4
AUUGCAGGUUUUCCUUCUC,GCAAUACCCUUUGUGUACUGAGAAGGAAAACCUGCAAUGGACCCAAAACUUCAAGGA,0.5898583146905295,1,"1.7,-1.1,-9.38,0,0,-178.84999999999997,0.47368421052631576,0,0.15789473684210525,0,0,0.05555555555555555,-0.93,0.0,1,0,0.05555555555555555,-2.35,0,0.05555555555555555,0,-3.26,0.2777777777777778,0",-30.9,-9.37,1.7,nan,42.1
ACACAAAGGGUAUUGCAAG,GGGCGUAAAAUGAAAGAUCCUUGCAAUACCCUUUGUGUACUGAGAAGGAAAACCUGC,0.5525727069351231,1,"0.74,-2.24,-11.4,0,0,-175.59999999999997,0.15789473684210525,0,0.2631578947368421,0,0,0.1111111111111111,-2.11,0.05555555555555555,0,0,0.0,-2.08,0,0.05555555555555555,0,-0.93,0.05555555555555555,0",-30.87,-6.31,0.74,nan,42.1
CAAAGGGUAUUGCAAGGAU,CCUGGGCGUAAAAUGAAAGAUCCUUGCAAUACCCUUUGUGUACUGAGAAGGAAAACC,0.494407158836689,0,"-1.46,-2.11,-10.44,0,0,-177.57,0.21052631578947367,0,0.3157894736842105,0,0,0.16666666666666666,-0.93,0.05555555555555555,0,1,0.0,-1.1,0,0.05555555555555555,0,-2.11,0.05555555555555555,0",-30.99,-7.71,-1.46,nan,42.1
CCUCAAAUAUAUGGGGAUA,GUUCGUCUGUACAAGUUGGUAUCCCCAUAUAUUUGAGGAGAUCCUGGGCGUAAAAUG,0.3624161073825503,0,"-1.93,-3.26,-13.39,0,0,-176.7,0.2631578947368421,0,0.21052631578947367,0,0,0.16666666666666666,-2.08,0.16666666666666666,0,1,0.05555555555555555,-1.33,1,0.0,0,-3.26,0.0,1",-29.75,-4.96,-1.93,nan,36.8
UCAAAUAUAUGGGGAUACC,UUGUUCGUCUGUACAAGUUGGUAUCCCCAUAUAUUUGAGGAGAUCCUGGGCGUAAAA,0.5689783743475019,1,"1.36,-2.35,-12.44,1,0,-177.62,0.2631578947368421,0,0.21052631578947367,0,0,0.16666666666666666,-2.11,0.16666666666666666,0,0,0.05555555555555555,-3.26,0,0.0,0,-3.26,0.0,0",-29.91,-2.96,1.36,nan,36.8
CAACUUGUACAGACGAACA,GGUAUGGGAGAUGAGGUCUUGUUCGUCUGUACAAGUUGGUAUCCCCAUAUAUUUGAG,0.6323639075316928,1,"-0.9,-2.11,-10.44,0,0,-176.06,0.15789473684210525,0,0.15789473684210525,0,0,0.0,-0.93,0.05555555555555555,0,1,0.0,-2.11,0,0.0,0,-2.24,0.05555555555555555,1",-30.44,-5.54,-0.9,nan,42.1
AACUUGUACAGACGAACAA,CGGUAUGGGAGAUGAGGUCUUGUUCGUCUGUACAAGUUGGUAUCCCCAUAUAUUUGA,0.4138702460850112,0,"0.0,-0.93,-6.82,0,0,-168.72,0.15789473684210525,0,0.15789473684210525,0,0,0.0,-2.24,0.05555555555555555,0,0,0.0,-0.93,0,0.0,0,-2.36,0.05555555555555555,1",-28.81,-5.94,0.0,nan,36.8
ACUUGUACAGACGAACAAG,CCGGUAUGGGAGAUGAGGUCUUGUUCGUCUGUACAAGUUGGUAUCCCCAUAUAUUUG,0.4049217002237136,0,"0.74,-2.24,-11.4,0,0,-176.1,0.15789473684210525,0,0.21052631578947367,0,0,0.0,-2.08,0.05555555555555555,0,0,0.0,-2.08,0,0.0,0,-2.35,0.05555555555555555,0",-30.41,-6.84,0.74,nan,42.1
UACAGACGAACAAGACCUC,GGAACCCGGUAUGGGAGAUGAGGUCUUGUUCGUCUGUACAAGUUGGUAUCCCCAUAU,0.5421327367636093,1,"1.47,-1.33,-7.69,1,0,-185.71,0.10526315789473684,0,0.15789473684210525,0,0,0.0,-2.24,0.05555555555555555,0,0,0.05555555555555555,-2.35,0,0.0,0,-2.08,0.0,0",-33.09,-8.84,1.47,nan,47.4
GACCUCAUCUCCCAUACCG,UUUUAAAUGAAACGGAACCCGGUAUGGGAGAUGAGGUCUUGUUCGUCUGUACAAGUU,0.6323639075316928,1,"-0.44,-2.35,-12.44,0,1,-201.44,0.21052631578947367,0,0.10526315789473684,0,0,0.0,-2.24,0.05555555555555555,0,0,0.2222222222222222,-2.36,0,0.0,0,-2.11,0.0,0",-37.1,-8.15,-0.44,nan,57.9
UCUCCCAUACCGGGUUCCG,AACUCAUUUUUAAAUGAAACGGAACCCGGUAUGGGAGAUGAGGUCUUGUUCGUCUGU,0.3713646532438479,0,"0.46,-2.35,-12.44,1,0,-199.21999999999997,0.2631578947368421,0,0.21052631578947367,0,0,0.1111111111111111,-2.08,0.05555555555555555,0,0,0.2222222222222222,-2.36,0,0.0,0,-3.26,0.05555555555555555,0",-38.82,-9.62,0.46,nan,63.2
AAAAUGAGUUAGGCUGUCC,CUGCCUGAUGAGUUUGUUGGGACAGCCUAACUCAUUUUUAAAUGAAACGGAACCCGG,0.4683072334079045,0,"2.33,-0.93,-6.82,0,0,-178.68,0.2631578947368421,0,0.2631578947368421,0,0,0.05555555555555555,-0.93,0.05555555555555555,0,0,0.05555555555555555,-3.26,0,0.05555555555555555,0,-3.42,0.05555555555555555,0",-31.19,-4.96,2.33,nan,42.1
CAAACUCAUCAGGCAGGUU,GUGCUACACUAUCUAUUAUAACCUGCCUGAUGAGUUUGUUGGGACAGCCUAACUCAU,0.3877703206562267,0,"-1.63,-2.11,-10.44,0,0,-185.04999999999998,0.21052631578947367,0,0.21052631578947367,0,0,0.1111111111111111,-0.93,0.0,0,1,0.0,-0.93,0,0.05555555555555555,0,-3.42,0.05555555555555555,0",-33.15,-5.65,-1.63,nan,47.4
GCAGGUUAUAAUAGAUAGU,UUUAAAUUUUAUGUGCUACACUAUCUAUUAUAACCUGCCUGAUGAGUUUGUUGGGAC,0.3146905294556301,0,"-1.63,-3.42,-14.88,0,1,-170.6,0.3157894736842105,0,0.2631578947368421,0,1,0.05555555555555555,-2.11,0.2222222222222222,0,0,0.0,-2.24,0,0.05555555555555555,0,-2.08,0.05555555555555555,0",-27.8,-7.41,-1.63,nan,31.6
AGUGUAGCACAUAAAAUUU,UGUAUUUUGUGCAAAUUUUAAAUUUUAUGUGCUACACUAUCUAUUAUAACCUGCCUG,0.3489932885906041,0,"-0.7,-2.08,-10.48,0,0,-158.54999999999995,0.3157894736842105,0,0.15789473684210525,0,0,0.0,-2.24,0.1111111111111111,0,0,0.0,-0.93,0,0.05555555555555555,0,-0.93,0.1111111111111111,0",-25.15,-9.33,-0.7,nan,26.3
AUACAUCUCUCCUCCUUUG,UUUAAUUUCUGUGUGAGACCAAAGGAGGAGAGAUGUAUUUUGUGCAAAUUUUAAAUU,0.7397464578672632,1,"1.46,-1.1,-9.38,0,0,-183.49999999999997,0.42105263157894735,0,0.05263157894736842,0,0,0.0,-1.33,0.05555555555555555,1,0,0.1111111111111111,-2.11,0,0.0,0,-2.35,0.1111111111111111,0",-31.55,-6.22,1.46,nan,42.1
UCCUCCUUUGGUCUCACAC,UGGGGGGACUUUAAUUUCUGUGUGAGACCAAAGGAGGAGAGAUGUAUUUUGUGCAAA,0.7307979120059657,1,"0.79,-2.35,-12.44,1,0,-193.20000000000002,0.3684210526315789,0,0.10526315789473684,0,0,0.05555555555555555,-3.26,0.0,0,0,0.1111111111111111,-2.24,0,0.0,0,-2.08,0.1111111111111111,0",-35.79,-9.42,0.79,nan,52.6
AGAAACAAUACAAUCCUCC,AUGACCUGGGAGAAGGGUCGGAGGAUUGUAUUGUUUCUAUGGGGGGACUUUAAUUUC,0.7807606263982102,1,"1.63,-2.08,-10.48,0,0,-175.14,0.15789473684210525,0,0.05263157894736842,0,0,0.0,-2.35,0.05555555555555555,0,0,0.1111111111111111,-3.26,0,0.0,0,-1.1,0.0,0",-29.14,-4.95,1.63,nan,36.8
AAACAAUACAAUCCUCCGA,UGAUGACCUGGGAGAAGGGUCGGAGGAUUGUAUUGUUUCUAUGGGGGGACUUUAAUU,0.4079045488441462,0,"0.97,-0.93,-6.82,0,0,-171.57999999999998,0.15789473684210525,0,0.05263157894736842,0,0,0.0,-0.93,0.05555555555555555,0,0,0.1111111111111111,-2.35,0,0.0,0,-3.26,0.0,1",-28.97,-3.65,0.97,nan,36.8
UCCGACCCUUCUCCCAGGU,UACACGGCUAGGACUGAUGACCUGGGAGAAGGGUCGGAGGAUUGUAUUGUUUCUAUG,0.5786726323639075,1,"-0.11,-2.35,-12.44,1,0,-201.19000000000003,0.2631578947368421,0,0.15789473684210525,0,0,0.05555555555555555,-3.26,0.0,0,0,0.2777777777777778,-2.24,0,0.0,0,-3.26,0.05555555555555555,0",-40.09,-12.64,-0.11,nan,63.2
CCCUUCUCCCAGGUCAUCA,GGCCUUACACGGCUAGGACUGAUGACCUGGGAGAAGGGUCGGAGGAUUGUAUUGUUU,0.2475764354958986,0,"-1.6,-3.26,-13.39,0,0,-199.73999999999998,0.2631578947368421,0,0.10526315789473684,0,0,0.05555555555555555,-3.26,0.0,0,1,0.2222222222222222,-2.11,1,0.0,0,-2.24,0.05555555555555555,1",-38.0,-8.96,-1.6,nan,57.9
GUCCUAGCCGUGUAAGGCC,UCAUCUGGGACUGUGGAUGGGCCUUACACGGCUAGGACUGAUGACCUGGGAGAAGGG,0.4474272930648769,0,"0.57,-2.24,-11.4,0,1,-201.07,0.21052631578947367,0,0.3157894736842105,0,0,0.05555555555555555,-2.35,0.1111111111111111,1,0,0.16666666666666666,-3.26,0,0.1111111111111111,0,-1.33,0.0,0",-39.16,-9.98,0.57,nan,63.2
AUUGCUGCAUGGAGUCCUC,AGCUGCGUUAAUUCUAGAAGAGGACUCCAUGCAGCAAUGGCAGAAGAAGGGCCCAGA,0.3340790454884415,0,"1.7,-1.1,-9.38,0,0,-196.70999999999995,0.3157894736842105,0,0.2631578947368421,0,0,0.05555555555555555,-0.93,0.0,1,0,0.05555555555555555,-2.35,0,0.1111111111111111,0,-2.08,0.05555555555555555,0",-35.92,-9.53,1.7,nan,52.6
GGUGAGCUCCAACUCCAAG,GGUCCCUGUGACACUGAGACUUGGAGUUGGAGCUCACCGCCUCUGAAAGUUCUGAAG,0.4116331096196868,0,"-0.73,-3.26,-13.39,0,1,-198.43999999999997,0.15789473684210525,0,0.2631578947368421,1,0,0.05555555555555555,-2.24,0.0,0,0,0.1111111111111111,-2.08,0,0.05555555555555555,0,-2.08,0.0,0",-37.15,-9.74,-0.73,nan,57.9
UCCAACUCCAAGUCUCAGU,AACUUUGGGUCCCUGUGACACUGAGACUUGGAGUUGGAGCUCACCGCCUCUGAAAGU,0.6614466815809098,1,"-0.11,-2.35,-12.44,1,0,-186.57,0.2631578947368421,0,0.10526315789473684,0,0,0.0,-3.26,0.0,0,0,0.1111111111111111,-2.24,0,0.0,0,-2.35,0.0,0",-34.16,-8.88,-0.11,nan,47.4
AAGUCUCAGUGUCACAGGG,AGCUCCCUGAACUUUGGGUCCCUGUGACACUGAGACUUGGAGUUGGAGCUCACCGCC,0.4914243102162565,0,"2.33,-0.93,-6.82,0,0,-192.87,0.21052631578947367,0,0.3157894736842105,0,0,0.1111111111111111,-2.08,0.0,0,0,0.0,-3.26,0,0.0,0,-2.11,0.0,0",-35.68,-8.22,2.33,nan,52.6
GUCUCAGUGUCACAGGGAC,AUAGCUCCCUGAACUUUGGGUCCCUGUGACACUGAGACUUGGAGUUGGAGCUCACCG,0.3206562266964951,0,"0.0,-2.24,-11.4,0,1,-203.12999999999997,0.21052631578947367,0,0.3157894736842105,0,0,0.1111111111111111,-2.35,0.0,1,0,0.0,-2.24,0,0.0,0,-2.11,0.0,0",-37.71,-8.22,0.0,nan,57.9
AGUGUCACAGGGACCCAAA,ACCUGAUAGCUCCCUGAACUUUGGGUCCCUGUGACACUGAGACUUGGAGUUGGAGCU,0.3788217747949292,0,"-0.7,-2.08,-10.48,0,0,-189.34999999999997,0.10526315789473684,0,0.2631578947368421,0,0,0.1111111111111111,-2.24,0.0,0,0,0.1111111111111111,-0.93,0,0.0,0,-2.24,0.0,1",-36.17,-9.2,-0.7,nan,52.6
GUCACAGGGACCCAAAGUU,GUGACCUGAUAGCUCCCUGAACUUUGGGUCCCUGUGACACUGAGACUUGGAGUUGGA,0.1998508575689783,0,"-1.76,-2.24,-11.4,0,1,-189.45,0.15789473684210525,0,0.2631578947368421,0,0,0.1111111111111111,-2.35,0.0,1,0,0.1111111111111111,-0.93,0,0.0,0,-2.11,0.05555555555555555,0",-35.44,-9.61,-1.76,nan,52.6
GCACCUCAAAUUCAGGAAC,UCAUUCCUGGCUUUGGUGUGUUCCUGAAUUUGAGGUGCUUUGCUCUUUCUUGGGUGA,0.1722595078299776,0,"-0.73,-3.42,-14.88,0,1,-187.10999999999999,0.15789473684210525,0,0.15789473684210525,0,1,0.05555555555555555,-2.11,0.0,0,0,0.05555555555555555,-2.24,0,0.05555555555555555,0,-2.11,0.05555555555555555,0",-32.69,-9.61,-0.73,nan,47.4
CUCAAAUUCAGGAACACAC,ACGUUCAUUCCUGGCUUUGGUGUGUUCCUGAAUUUGAGGUGCUUUGCUCUUUCUUGG,0.2438478747203579,0,"0.16,-2.08,-10.48,0,0,-180.68,0.15789473684210525,0,0.10526315789473684,0,0,0.05555555555555555,-2.35,0.0,1,1,0.0,-2.24,0,0.0,0,-0.93,0.05555555555555555,0",-30.36,-3.36,0.16,nan,42.1
CCAGGAAUGAACGUUAUUC,AUUGUAAGCCUGUGCCAGUGAAUAACGUUCAUUCCUGGCUUUGGUGUGUUCCUGAAU,0.4981357196122297,0,"-0.46,-3.26,-13.39,0,0,-179.01999999999998,0.2631578947368421,0,0.21052631578947367,0,0,0.05555555555555555,-2.11,0.05555555555555555,0,1,0.05555555555555555,-2.35,1,0.0,0,-2.24,0.1111111111111111,0",-29.87,-7.29,-0.46,nan,42.1
AUGUGAGCGCAUUUUCCAA,UGGGGAAAAUAACUUUGAUUUGGAAAAUGCGCUCACAUACGGGAAUUAAGGCCUAGA,0.2885906040268456,0,"-0.17,-1.1,-9.38,0,0,-177.29999999999995,0.3157894736842105,0,0.21052631578947367,0,0,0.0,-2.11,0.0,1,0,0.05555555555555555,-0.93,0,0.1111111111111111,0,-0.93,0.16666666666666666,1",-30.85,-9.77,-0.17,nan,42.1
UGUGAGCGCAUUUUCCAAA,UUGGGGAAAAUAACUUUGAUUUGGAAAAUGCGCUCACAUACGGGAAUUAAGGCCUAG,0.354958985831469,0,"-0.73,-2.11,-10.44,1,0,-174.73999999999995,0.3157894736842105,0,0.21052631578947367,0,0,0.0,-2.24,0.0,0,0,0.05555555555555555,-0.93,0,0.1111111111111111,0,-0.93,0.16666666666666666,1",-30.68,-10.47,-0.73,nan,42.1
CAUUUUCCAAAUCAAAGUU,UUGUUUGXUUGGGGAAAAUAACUUUGAUUUGGAAAAUGCGCUCACAUACGGGAAUUA,0.3750932140193885,0,"-1.63,-2.11,-10.44,0,0,-157.45999999999995,0.3684210526315789,0,0.05263157894736842,0,0,0.0,-1.1,0.0,0,1,0.05555555555555555,-0.93,0,0.0,0,-2.11,0.2222222222222222,0",-23.71,-4.96,-1.63,nan,26.3
UUCCAAAUCAAAGUUAUUU,UUUUUUGUUUGXUUGGGGAAAAUAACUUUGAUUUGGAAAAUGCGCUCACAUACGGGA,0.5234899328859061,1,"0.0,-0.93,-6.82,1,0,-150.98999999999998,0.42105263157894735,1,0.05263157894736842,0,0,0.0,-2.35,0.05555555555555555,1,0,0.05555555555555555,-0.93,0,0.0,0,-2.24,0.2222222222222222,0",-22.48,-5.69,0.0,nan,21.1
UCCAAAUCAAAGUUAUUUU,UUUUUUUGUUUGXUUGGGGAAAAUAACUUUGAUUUGGAAAAUGCGCUCACAUACGGG,0.5212527964205816,0,"-0.97,-2.35,-12.44,1,0,-150.98999999999998,0.42105263157894735,0,0.05263157894736842,0,0,0.0,-3.26,0.05555555555555555,0,0,0.05555555555555555,-0.93,0,0.0,0,-0.93,0.2222222222222222,0",-22.48,-6.59,-0.97,nan,21.1
AAACUCAUAUCGAGGUCGU,CUGCUAUGGUCUGCGGXUGACGACCUCGAUAUGAGUUUUUGAUUAUUCAGUGGUUCC,0.5219985085756897,1,"0.86,-0.93,-6.82,0,0,-179.07000000000002,0.2631578947368421,0,0.21052631578947367,0,0,0.05555555555555555,-0.93,0.05555555555555555,0,0,0.0,-2.24,0,0.0,0,-2.08,0.0,0",-30.77,-5.82,0.86,nan,42.1
AGACCAUAGCAGAAACGUA,ACUCUGUUCUCACUGACACUACGUUUCUGCUAUGGUCUGCGGXUGACGACCUCGAUA,0.4675615212527964,0,"-0.3,-2.08,-10.48,0,0,-177.66,0.10526315789473684,0,0.21052631578947367,0,0,0.0,-2.35,0.1111111111111111,0,0,0.05555555555555555,-1.33,0,0.05555555555555555,0,-0.93,0.0,1",-31.55,-7.85,-0.3,nan,42.1
GAAGACAGAGGGGAAAAGA,UUCUUUCUUUAUUUUUUUUUCUUUUCCCCUCUGUCUUCACUCUGUUCUCACUGACAC,0.2632363907531693,0,"-0.9,-2.35,-12.44,0,1,-186.07999999999996,0.0,0,0.42105263157894735,0,0,0.16666666666666666,-0.93,0.0,0,0,0.0,-2.35,0,0.0,0,-2.35,0.0,1",-33.38,-7.25,-0.9,nan,47.4
GAAAACAAAGGCUCUCUGG,CACCCUGGAGAAGCUGAAACCAGAGAGCCUUUGUUUUCCUUUUUUCUUUCUUUAUUU,0.668158090976883,1,"0.46,-2.35,-12.44,0,1,-183.66999999999996,0.15789473684210525,0,0.2631578947368421,0,0,0.1111111111111111,-0.93,0.0,0,0,0.0,-3.26,0,0.05555555555555555,0,-2.35,0.0,0",-32.33,-3.08,0.46,nan,47.4
AAGGCUCUCUGGUUUCAGC,GACAUGACACCCUGGAGAAGCUGAAACCAGAGAGCCUUUGUUUUCCUUUUUUCUUUC,0.7606263982102909,1,"2.49,-0.93,-6.82,0,0,-191.66999999999996,0.3157894736842105,0,0.2631578947368421,0,0,0.1111111111111111,-2.08,0.0,0,0,0.0,-3.42,0,0.1111111111111111,0,-0.93,0.1111111111111111,0",-35.52,-10.28,2.49,nan,52.6
UUUCAGCUUCUCCAGGGUG,UGGCGAUUGGCUGACAUGACACCCUGGAGAAGCUGAAACCAGAGAGCCUUUGUUUUC,0.4973900074571216,0,"1.63,-0.93,-6.82,1,0,-190.13999999999996,0.3684210526315789,1,0.2631578947368421,0,0,0.1111111111111111,-0.93,0.0,1,0,0.05555555555555555,-2.11,0,0.05555555555555555,0,-2.11,0.16666666666666666,0",-35.39,-7.98,1.63,nan,52.6
AGGGUGUCAUGUCAGCCAA,UCUGGUUGAGUGAUGGCGAUUGGCUGACAUGACACCCUGGAGAAGCUGAAACCAGAG,0.4876957494407159,0,"-0.7,-2.08,-10.48,0,0,-192.44,0.21052631578947367,0,0.3157894736842105,0,0,0.1111111111111111,-3.26,0.0,0,0,0.05555555555555555,-0.93,0,0.05555555555555555,0,-2.11,0.0,1",-36.37,-11.37,-0.7,nan,52.6
UCGCCAUCACUCAACCAGA,CGGUUUCCAGCCAAUGGAUUCUGGUUGAGUGAUGGCGAUUGGCUGACAUGACACCCU,0.5645041014168531,1,"0.0,-2.35,-12.44,1,0,-192.73,0.15789473684210525,0,0.10526315789473684,0,0,0.0,-2.36,0.0,0,0,0.1111111111111111,-2.35,0,0.05555555555555555,0,-0.93,0.0,1",-35.82,-10.51,0.0,nan,52.6
UGGAAACCGCGGACGGCUC,GAGAAGAGCGAGUCUUCGUGAGCCGUCCGCGGUUUCCAGCCAAUGGAUUCUGGUUGA,0.5227442207307978,1,"1.14,-2.11,-10.44,1,0,-202.59,0.10526315789473684,0,0.3684210526315789,0,0,0.16666666666666666,-3.26,0.0,0,0,0.05555555555555555,-2.35,0,0.1111111111111111,0,-2.24,0.0,0",-40.0,-8.88,1.14,nan,68.4
GAAACCGCGGACGGCUCAC,UAGAGAAGAGCGAGUCUUCGUGAGCCGUCCGCGGUUUCCAGCCAAUGGAUUCUGGUU,0.5384041759880686,1,"-0.11,-2.35,-12.44,0,1,-204.32,0.05263157894736842,0,0.3157894736842105,0,0,0.1111111111111111,-0.93,0.0,0,0,0.05555555555555555,-2.24,0,0.1111111111111111,0,-3.26,0.0,0",-39.43,-8.6,-0.11,nan,68.4
CGCGGACGGCUCACGAAGA,GCGGAUAGAGAAGAGCGAGUCUUCGUGAGCCGUCCGCGGUUUCCAGCCAAUGGAUUC,0.2639821029082774,0,"-0.46,-2.36,-10.64,0,0,-202.54999999999998,0.05263157894736842,0,0.3684210526315789,0,0,0.1111111111111111,-3.42,0.0,0,1,0.0,-2.35,0,0.1111111111111111,1,-2.24,0.0,1",-39.34,-11.9,-0.46,nan,68.4
AUCCGCCGCACGAGCUGCA,AAGAUGGCCGAGAUGCUGGUGCAGCUCGUGCGGCGGAUAGAGAAGAGCGAGUCUUCG,0.2513049962714392,0,"0.56,-1.1,-9.38,0,0,-205.10999999999999,0.10526315789473684,0,0.2631578947368421,0,0,0.0,-2.35,0.0,1,0,0.1111111111111111,-2.11,0,0.2222222222222222,0,-2.08,0.0,1",-40.82,-12.47,0.56,nan,68.4
CGAGCUGCACCAGCAUCUC,GGAGAUGGCGAAGAUGGCCGAGAUGCUGGUGCAGCUCGUGCGGCGGAUAGAGAAGAG,0.2401193139448173,0,"0.44,-2.36,-10.64,0,0,-206.83999999999997,0.15789473684210525,0,0.21052631578947367,0,0,0.0,-2.35,0.0,0,1,0.05555555555555555,-2.35,0,0.16666666666666666,1,-3.42,0.0,0",-38.94,-11.37,0.44,nan,63.2
CCAGCAUCUCGGCCAUCUU,GAAGGCGCAGGAGAUGGCGAAGAUGGCCGAGAUGCUGGUGCAGCUCGUGCGGCGGAU,0.2468307233407904,0,"-2.33,-3.26,-13.39,0,0,-198.9,0.2631578947368421,0,0.15789473684210525,0,0,0.05555555555555555,-2.11,0.0,0,1,0.1111111111111111,-0.93,1,0.1111111111111111,0,-3.26,0.05555555555555555,0",-37.19,-9.08,-2.33,nan,57.9
GGCCAUCUUCGCCAUCUCC,AGGCCGACGAGAAGGCGCAGGAGAUGGCGAAGAUGGCCGAGAUGCUGGUGCAGCUCG,0.5398956002982849,1,"0.0,-3.26,-13.39,0,1,-207.52999999999997,0.2631578947368421,0,0.15789473684210525,1,0,0.05555555555555555,-3.42,0.0,0,0,0.16666666666666666,-3.26,0,0.1111111111111111,0,-2.11,0.05555555555555555,0",-39.06,-9.78,0.0,nan,63.2
CCAUCUUCGCCAUCUCCUG,GAAGGCCGACGAGAAGGCGCAGGAGAUGGCGAAGAUGGCCGAGAUGCUGGUGCAGCU,0.610738255033557,1,"-0.7,-3.26,-13.39,0,0,-200.17999999999998,0.3157894736842105,0,0.10526315789473684,0,0,0.0,-2.11,0.0,0,1,0.16666666666666666,-2.11,1,0.05555555555555555,0,-2.35,0.05555555555555555,0",-36.57,-6.83,-0.7,nan,57.9
CGCCCUGCAGGUGGUUGAG,GGCCUCUGAGGAGAGCGCUCUCAACCACCUGCAGGGCGCGGGCGGCGCCGAGCCCCG,0.3221476510067114,0,"0.17,-2.36,-10.64,0,0,-205.60999999999996,0.21052631578947367,0,0.42105263157894735,0,0,0.1111111111111111,-3.42,0.0,0,1,0.1111111111111111,-2.08,0,0.1111111111111111,1,-3.26,0.05555555555555555,0",-40.59,-13.46,0.17,nan,68.4
GAGAGCGCUCUCCUCAGAG,UCAAGACGCAGGUAGAGGCCUCUGAGGAGAGCGCUCUCAACCACCUGCAGGGCGCGG,0.3639075316927666,0,"-0.27,-2.35,-12.44,0,1,-208.61999999999998,0.15789473684210525,0,0.3157894736842105,0,0,0.0,-2.08,0.0,0,0,0.05555555555555555,-2.08,0,0.1111111111111111,0,-2.08,0.0,0",-39.14,-11.17,-0.27,nan,63.2
GCUCUCCUCAGAGGCCUCU,UCCAGAUCAAGACGCAGGUAGAGGCCUCUGAGGAGAGCGCUCUCAACCACCUGCAGG,0.5167785234899328,0,"-1.79,-3.42,-14.88,0,1,-208.59999999999997,0.2631578947368421,0,0.21052631578947367,0,1,0.05555555555555555,-2.08,0.0,0,0,0.1111111111111111,-2.08,0,0.1111111111111111,0,-3.26,0.0,0",-40.5,-9.66,-1.79,nan,63.2
ACCUGCGUCUUGAUCUGGA,GAGAUGGACAAUAUGCUGAUCCAGAUCAAGACGCAGGUAGAGGCCUCUGAGGAGAGC,0.4071588366890381,0,"0.11,-2.24,-11.4,0,0,-192.76999999999998,0.3157894736842105,0,0.2631578947368421,0,0,0.05555555555555555,-3.26,0.0,0,0,0.05555555555555555,-2.35,0,0.05555555555555555,0,-1.1,0.05555555555555555,1",-35.79,-10.93,0.11,nan,52.6
CAUAUUGUCCAUCUCCCAC,UGCGCAACCGGGGCAAGCUGUGGGAGAUGGACAAUAUGCUGAUCCAGAUCAAGACGC,0.5943325876211782,1,"0.13,-2.11,-10.44,0,0,-191.56999999999996,0.3157894736842105,0,0.05263157894736842,0,0,0.0,-1.1,0.05555555555555555,0,1,0.16666666666666666,-2.24,0,0.0,0,-2.08,0.05555555555555555,0",-33.3,-3.82,0.13,nan,47.4
UCUCCCACAGCUUGCCCCG,ACGCGCGCCCGUGCGCAACCGGGGCAAGCUGUGGGAGAUGGACAAUAUGCUGAUCCA,0.5190156599552572,0,"0.46,-2.35,-12.44,1,0,-205.87999999999994,0.21052631578947367,0,0.15789473684210525,0,0,0.0,-2.08,0.0,0,0,0.2777777777777778,-2.36,0,0.1111111111111111,0,-2.11,0.05555555555555555,0",-41.4,-11.21,0.46,nan,68.4
CUCCCACAGCUUGCCCCGG,GACGCGCGCCCGUGCGCAACCGGGGCAAGCUGUGGGAGAUGGACAAUAUGCUGAUCC,0.3348247576435496,0,"0.73,-2.08,-10.48,0,0,-210.54999999999995,0.15789473684210525,0,0.21052631578947367,0,0,0.05555555555555555,-2.35,0.0,1,1,0.2777777777777778,-3.26,0,0.1111111111111111,0,-3.42,0.05555555555555555,0",-42.76,-10.34,0.73,nan,73.7
GCGCACGGGCGCGCGUCCG,CGUCGCUGACGCGCGAGCGCGGACGCGCGCCCGUGCGCAACCGGGGCAAGCUGUGGG,0.1469052945563012,0,"-1.06,-3.42,-14.88,0,1,-220.48000000000002,0.05263157894736842,0,0.47368421052631576,0,1,0.1111111111111111,-2.36,0.0,0,0,0.05555555555555555,-2.36,0,0.2777777777777778,0,-3.42,0.0,0",-45.89,-11.66,-1.06,nan,89.5
CGCGCUCGCGCGUCAGCGA,GAUGCGCGAGGACAUCGCGUCGCUGACGCGCGAGCGCGGACGCGCGCCCGUGCGCAA,0.1043997017151379,0,"-0.46,-2.36,-10.64,0,0,-211.02999999999997,0.10526315789473684,0,0.3684210526315789,0,0,0.0,-3.42,0.0,0,1,0.0,-2.35,0,0.2777777777777778,1,-2.35,0.0,1",-42.28,-11.9,-0.46,nan,78.9
UCUCGUGGAUGACGGGCAG,GGACUUCGAGCAGUUUCUGCUGCCCGUCAUCCACGAGAUGCGCGAGGACAUCGCGUC,0.5279642058165548,1,"0.63,-2.35,-12.44,1,0,-203.21999999999994,0.21052631578947367,0,0.42105263157894735,0,0,0.16666666666666666,-2.08,0.0,0,0,0.0,-2.08,0,0.05555555555555555,0,-2.36,0.0,0",-38.85,-10.31,0.63,nan,63.2
AUGACGGGCAGCAGAAACU,CCGGAGGAGGACUUCGAGCAGUUUCUGCUGCCCGUCAUCCACGAGAUGCGCGAGGAC,0.4936614466815809,0,"0.53,-1.1,-9.38,0,0,-189.58999999999997,0.10526315789473684,0,0.3157894736842105,0,0,0.1111111111111111,-2.11,0.0,1,0,0.0,-2.08,0,0.1111111111111111,0,-2.08,0.0,0",-35.44,-11.04,0.53,nan,52.6
AGCAGAAACUGCUCGAAGU,GUGCUGGAGCCGGAGGAGGACUUCGAGCAGUUUCUGCUGCCCGUCAUCCACGAGAUG,0.3832960477255779,0,"0.16,-2.08,-10.48,0,0,-183.20999999999998,0.15789473684210525,0,0.2631578947368421,0,0,0.0,-3.42,0.0,0,0,0.0,-2.24,0,0.1111111111111111,0,-2.35,0.0,0",-33.15,-7.28,0.16,nan,47.4
AGCACCUCCACCUCCUCGG,GCAGUGGAGCUGGCGGAGCCCGAGGAGGUGGAGGUGCUGGAGCCGGAGGAGGACUUC,0.4392244593586875,0,"1.63,-2.08,-10.48,0,0,-208.06,0.15789473684210525,0,0.15789473684210525,0,0,0.05555555555555555,-3.42,0.0,0,0,0.2222222222222222,-3.26,0,0.05555555555555555,0,-2.35,0.0,0",-41.61,-11.37,1.63,nan,68.4
GCCGCAUCUCCGCUGCUUU,GAGUGUCGUGCAGACAAGCAAAGCAGCGGAGAUGCGGCCCCUGGACGCAGUGGAGCU,0.2654735272184936,0,"-2.49,-3.42,-14.88,0,1,-200.46999999999997,0.3157894736842105,0,0.21052631578947367,0,1,0.0,-3.26,0.0,0,0,0.1111111111111111,-0.93,0,0.2222222222222222,0,-2.08,0.1111111111111111,0",-38.5,-10.51,-2.49,nan,63.2
CGCAUCUCCGCUGCUUUGC,CUGAGUGUCGUGCAGACAAGCAAAGCAGCGGAGAUGCGGCCCCUGGACGCAGUGGAG,0.55779269202088,1,"1.06,-2.36,-10.64,0,0,-201.23999999999998,0.3157894736842105,0,0.21052631578947367,0,0,0.0,-3.42,0.0,0,1,0.05555555555555555,-3.42,0,0.2222222222222222,1,-3.42,0.1111111111111111,0",-37.8,-9.32,1.06,nan,63.2
UCUCCGCUGCUUUGCUUGU,GUCACUGAGUGUCGUGCAGACAAGCAAAGCAGCGGAGAUGCGGCCCCUGGACGCAGU,0.4668158090976883,0,"-0.11,-2.35,-12.44,1,0,-187.59999999999997,0.47368421052631576,0,0.21052631578947367,0,0,0.0,-2.08,0.0,0,0,0.05555555555555555,-2.24,0,0.16666666666666666,0,-2.11,0.16666666666666666,0",-35.27,-11.01,-0.11,nan,52.6
UAUUAACAUGUAAGAUUUU,CCCUUACCAUGUUGAAAACAAAAUCUUACAUGUUAAUAAAAGUAUCGUUUGXXXXXX,0.5704697986577182,1,"-0.4,-1.33,-7.69,1,0,-147.68,0.47368421052631576,0,0.10526315789473684,0,0,0.0,-1.1,0.16666666666666666,0,0,0.0,-0.93,0,0.0,0,-2.08,0.2222222222222222,0",-21.01,-3.65,-0.4,nan,15.8
UAAGGGUUUUGACCUCAAA,GUGGCAGACCUGAUAAGCAUUUGAGGUCAAAACCCUUACCAUGUUGAAAACAAAAUC,0.6159582401193139,1,"-0.4,-1.33,-7.69,1,0,-167.24999999999997,0.3157894736842105,0,0.21052631578947367,0,0,0.1111111111111111,-0.93,0.05555555555555555,0,0,0.05555555555555555,-0.93,0,0.0,0,-3.26,0.16666666666666666,1",-29.26,-7.71,-0.4,nan,36.8
ACAUUUAUAGCUUGACUAC,GCGUCUUCAAGGUUCAUAUGUAGUCAAGCUAUAAAUGUGUGGCAGACCUGAUAAGCA,0.6584638329604773,1,"0.9,-2.24,-11.4,0,0,-168.79999999999998,0.3684210526315789,0,0.10526315789473684,0,0,0.0,-2.11,0.16666666666666666,0,0,0.0,-2.24,0,0.05555555555555555,0,-2.11,0.16666666666666666,0",-27.39,-2.96,0.9,nan,31.6
UAUAGCUUGACUACAUAUG,AAGAGGCGUCUUCAAGGUUCAUAUGUAGUCAAGCUAUAAAUGUGUGGCAGACCUGAU,0.7554064131245338,1,"1.23,-1.33,-7.69,1,0,-171.27,0.3684210526315789,0,0.15789473684210525,0,0,0.0,-1.1,0.2222222222222222,0,0,0.0,-2.11,0,0.05555555555555555,0,-2.24,0.05555555555555555,0",-27.83,-5.95,1.23,nan,31.6
UUGACUACAUAUGAACCUU,UCAAGGAAGAGGCGUCUUCAAGGUUCAUAUGUAGUCAAGCUAUAAAUGUGUGGCAGA,0.6368381804623415,1,"0.0,-0.93,-6.82,1,0,-168.29999999999998,0.3684210526315789,1,0.10526315789473684,0,0,0.0,-2.11,0.1111111111111111,1,0,0.05555555555555555,-0.93,0,0.0,0,-2.35,0.1111111111111111,0",-27.83,-7.81,0.0,nan,31.6
GACGCCUCUUCCUUGAAGU,AACCUGCAAUGGACCCAAAACUUCAAGGAAGAGGCGUCUUCAAGGUUCAUAUGUAGU,0.6152125279642058,1,"-1.01,-2.35,-12.44,0,1,-190.35,0.3157894736842105,0,0.21052631578947367,0,0,0.0,-2.24,0.0,0,0,0.1111111111111111,-2.24,0,0.05555555555555555,0,-0.93,0.1111111111111111,0",-34.86,-11.17,-1.01,nan,52.6
GUUUUGGGUCCAUUGCAGG,UGUGUACUGAGAAGGAAAACCUGCAAUGGACCCAAAACUUCAAGGAAGAGGCGUCUU,0.6428038777032066,1,"0.57,-2.24,-11.4,0,1,-188.96999999999997,0.3684210526315789,0,0.3684210526315789,0,0,0.16666666666666666,-0.93,0.0,1,0,0.05555555555555555,-3.26,0,0.05555555555555555,0,-0.93,0.2222222222222222,0",-34.54,-6.88,0.57,nan,52.6
GGUAUUGCAAGGAUCUUUC,GAGAUCCUGGGCGUAAAAUGAAAGAUCCUUGCAAUACCCUUUGUGUACUGAGAAGGA,0.6159582401193139,1,"-0.46,-3.26,-13.39,0,1,-182.33999999999997,0.3684210526315789,0,0.2631578947368421,1,0,0.1111111111111111,-2.24,0.05555555555555555,0,0,0.0,-2.35,0,0.05555555555555555,0,-1.1,0.16666666666666666,0",-30.77,-7.04,-0.46,nan,42.1
AUAUGGGGAUACCAACUUG,GAGGUCUUGUUCGUCUGUACAAGUUGGUAUCCCCAUAUAUUUGAGGAGAUCCUGGGC,0.4660700969425801,0,"1.46,-1.1,-9.38,0,0,-180.42999999999998,0.2631578947368421,0,0.2631578947368421,0,0,0.16666666666666666,-1.33,0.1111111111111111,1,0,0.05555555555555555,-2.11,0,0.0,0,-2.11,0.05555555555555555,0",-31.56,-9.78,1.46,nan,42.1
GAGUUAGGCUGUCCCAACA,AUAACCUGCCUGAUGAGUUUGUUGGGACAGCCUAACUCAUUUUUAAAUGAAACGGAA,0.6383296047725577,1,"-1.14,-2.35,-12.44,0,1,-190.89000000000001,0.21052631578947367,0,0.2631578947368421,0,0,0.05555555555555555,-2.08,0.05555555555555555,0,0,0.1111111111111111,-2.11,0,0.05555555555555555,0,-3.26,0.05555555555555555,1",-35.84,-7.38,-1.14,nan,52.6
AUCAGGCAGGUUAUAAUAG,AUUUUAUGUGCUACACUAUCUAUUAUAACCUGCCUGAUGAGUUUGUUGGGACAGCCU,0.6562266964951529,1,"1.43,-1.1,-9.38,0,0,-175.33999999999997,0.2631578947368421,0,0.2631578947368421,0,0,0.1111111111111111,-2.35,0.16666666666666666,1,0,0.0,-2.08,0,0.05555555555555555,0,-1.1,0.05555555555555555,0",-29.6,-10.34,1.43,nan,36.8
GGCAGGUUAUAAUAGAUAG,UUAAAUUUUAUGUGCUACACUAUCUAUUAUAACCUGCCUGAUGAGUUUGUUGGGACA,0.674123788217748,1,"-0.73,-3.26,-13.39,0,1,-176.30999999999995,0.2631578947368421,0,0.3157894736842105,1,0,0.1111111111111111,-3.42,0.2222222222222222,0,0,0.0,-2.08,0,0.05555555555555555,0,-1.33,0.05555555555555555,0",-29.27,-9.5,-0.73,nan,36.8
CAUAGAAACAAUACAAUCC,ACCUGGGAGAAGGGUCGGAGGAUUGUAUUGUUUCUAUGGGGGGACUUUAAUUUCUGU,0.6957494407158837,1,"0.7,-2.11,-10.44,0,0,-170.06,0.15789473684210525,0,0.05263157894736842,0,0,0.0,-1.1,0.1111111111111111,0,1,0.05555555555555555,-3.26,0,0.0,0,-2.24,0.0,0",-26.44,-3.73,0.7,nan,31.6
UCCCAGGUCAUCAGUCCUA,UGGAUGGGCCUUACACGGCUAGGACUGAUGACCUGGGAGAAGGGUCGGAGGAUUGUA,0.5249813571961223,1,"-0.57,-2.35,-12.44,1,0,-194.9,0.2631578947368421,0,0.15789473684210525,0,0,0.05555555555555555,-3.26,0.05555555555555555,0,0,0.16666666666666666,-1.33,0,0.0,0,-2.08,0.0,1",-36.93,-11.67,-0.57,nan,52.6
CCCAGGUCAUCAGUCCUAG,GUGGAUGGGCCUUACACGGCUAGGACUGAUGACCUGGGAGAAGGGUCGGAGGAUUGU,0.4705443698732289,0,"-0.73,-3.26,-13.39,0,0,-200.38,0.21052631578947367,0,0.21052631578947367,0,0,0.05555555555555555,-3.26,0.05555555555555555,0,1,0.16666666666666666,-2.08,1,0.0,0,-2.24,0.0,0",-37.56,-11.21,-0.73,nan,57.9
CAUCAGUCCUAGCCGUGUA,UGGGACUGUGGAUGGGCCUUACACGGCUAGGACUGAUGACCUGGGAGAAGGGUCGGA,0.4608501118568233,0,"-1.23,-2.11,-10.44,0,0,-191.57,0.2631578947368421,0,0.21052631578947367,0,0,0.0,-1.1,0.1111111111111111,0,1,0.1111111111111111,-1.33,0,0.05555555555555555,0,-3.26,0.0,1",-35.51,-7.69,-1.23,nan,52.6
CACAGUCCCAGAUGAAGUC,AUGGCAGAAGAAGGGCCCAGACUUCAUCUGGGACUGUGGAUGGGCCUUACACGGCUA,0.6144668158090977,1,"0.24,-2.11,-10.44,0,0,-196.52999999999997,0.15789473684210525,0,0.21052631578947367,0,0,0.0,-2.24,0.0,0,1,0.1111111111111111,-2.35,0,0.0,0,-2.11,0.0,0",-35.26,-9.74,0.24,nan,52.6
UUCUUCUGCCAUUGCUGCA,AUUCUAGAAGAGGACUCCAUGCAGCAAUGGCAGAAGAAGGGCCCAGACUUCAUCUGG,0.5436241610738255,1,"0.73,-0.93,-6.82,1,0,-185.33999999999995,0.42105263157894735,1,0.15789473684210525,0,0,0.0,-2.35,0.0,1,0,0.05555555555555555,-2.11,0,0.16666666666666666,0,-2.11,0.16666666666666666,1",-33.91,-7.36,0.73,nan,47.4
CUUCUGCCAUUGCUGCAUG,UAAUUCUAGAAGAGGACUCCAUGCAGCAAUGGCAGAAGAAGGGCCCAGACUUCAUCU,0.5898583146905295,1,"0.03,-2.08,-10.48,0,0,-193.33999999999995,0.3684210526315789,0,0.21052631578947367,0,0,0.0,-0.93,0.0,1,1,0.05555555555555555,-2.11,0,0.16666666666666666,0,-2.08,0.1111111111111111,0",-34.74,-9.61,0.03,nan,52.6
UGCAUGGAGUCCUCUUCUA,GAAGAAGCUGCGUUAAUUCUAGAAGAGGACUCCAUGCAGCAAUGGCAGAAGAAGGGC,0.5115585384041761,0,"-0.33,-2.11,-10.44,1,0,-188.89999999999998,0.3684210526315789,0,0.21052631578947367,0,0,0.05555555555555555,-3.42,0.05555555555555555,0,0,0.05555555555555555,-1.33,0,0.05555555555555555,0,-2.35,0.05555555555555555,1",-34.6,-9.81,-0.33,nan,47.4
GAACUUUCAGAGGCGGUGA,UGAGACUUGGAGUUGGAGCUCACCGCCUCUGAAAGUUCUGAAGAAGCUGCGUUAAUU,0.3392990305741983,0,"-0.9,-2.35,-12.44,0,1,-190.30999999999997,0.21052631578947367,0,0.3684210526315789,0,0,0.1111111111111111,-0.93,0.0,0,0,0.0,-2.35,0,0.05555555555555555,0,-3.42,0.1111111111111111,1",-34.89,-4.92,-0.9,nan,52.6
GGCGGUGAGCUCCAACUCC,CCCUGUGACACUGAGACUUGGAGUUGGAGCUCACCGCCUCUGAAAGUUCUGAAGAAG,0.3728560775540641,0,"0.0,-3.26,-13.39,0,1,-209.60999999999996,0.15789473684210525,0,0.3157894736842105,1,0,0.1111111111111111,-3.42,0.0,0,0,0.1111111111111111,-3.26,0,0.1111111111111111,0,-2.11,0.0,0",-41.07,-11.2,0.0,nan,68.4
CUCCAACUCCAAGUCUCAG,ACUUUGGGUCCCUGUGACACUGAGACUUGGAGUUGGAGCUCACCGCCUCUGAAAGUU,0.6077554064131245,1,"0.0,-2.08,-10.48,0,0,-193.08999999999997,0.21052631578947367,0,0.10526315789473684,0,0,0.0,-2.35,0.0,1,1,0.1111111111111111,-2.08,0,0.0,0,-2.24,0.0,0",-34.9,-7.98,0.0,nan,52.6
CCAACUCCAAGUCUCAGUG,GAACUUUGGGUCCCUGUGACACUGAGACUUGGAGUUGGAGCUCACCGCCUCUGAAAG,0.5786726323639075,1,"-0.7,-3.26,-13.39,0,0,-192.01,0.21052631578947367,0,0.15789473684210525,0,0,0.0,-2.11,0.0,0,1,0.1111111111111111,-2.11,1,0.0,0,-2.08,0.0,0",-34.82,-8.88,-0.7,nan,52.6
GGGACCCAAAGUUCAGGGA,UCUUGGGUGACCUGAUAGCUCCCUGAACUUUGGGUCCCUGUGACACUGAGACUUGGA,0.3974645786726324,0,"-1.36,-3.26,-13.39,0,1,-195.42999999999995,0.10526315789473684,0,0.3684210526315789,1,0,0.2222222222222222,-3.26,0.0,0,0,0.1111111111111111,-2.35,0,0.0,0,-2.35,0.05555555555555555,1",-37.72,-11.94,-1.36,nan,57.9
GUUCAGGGAGCUAUCAGGU,CUUUGCUCUUUCUUGGGUGACCUGAUAGCUCCCUGAACUUUGGGUCCCUGUGACACU,0.5108128262490679,0,"-0.9,-2.24,-11.4,0,1,-194.53,0.2631578947368421,0,0.3684210526315789,0,0,0.16666666666666666,-0.93,0.05555555555555555,1,0,0.0,-2.24,0,0.05555555555555555,0,-1.1,0.05555555555555555,0",-36.09,-9.45,-0.9,nan,52.6
GGGAGCUAUCAGGUCACCC,AGGUGCUUUGCUCUUUCUUGGGUGACCUGAUAGCUCCCUGAACUUUGGGUCCCUGUG,0.6495152870991797,1,"0.0,-3.26,-13.39,0,1,-207.72999999999996,0.15789473684210525,0,0.3157894736842105,1,0,0.16666666666666666,-3.26,0.05555555555555555,0,0,0.1111111111111111,-3.26,0,0.05555555555555555,0,-2.24,0.0,0",-40.05,-9.98,0.0,nan,63.2
GCUAUCAGGUCACCCAAGA,UUUGAGGUGCUUUGCUCUUUCUUGGGUGACCUGAUAGCUCCCUGAACUUUGGGUCCC,0.3400447427293065,0,"-1.52,-3.42,-14.88,0,1,-194.48999999999998,0.15789473684210525,0,0.21052631578947367,0,1,0.05555555555555555,-2.08,0.05555555555555555,0,0,0.1111111111111111,-2.35,0,0.05555555555555555,0,-3.26,0.0,1",-36.12,-6.96,-1.52,nan,52.6
AGGUCACCCAAGAAAGAGC,CCUGAAUUUGAGGUGCUUUGCUCUUUCUUGGGUGACCUGAUAGCUCCCUGAACUUUG,0.7143922445935869,1,"1.79,-2.08,-10.48,0,0,-191.09999999999997,0.05263157894736842,0,0.2631578947368421,0,0,0.05555555555555555,-3.26,0.0,0,0,0.1111111111111111,-3.42,0,0.05555555555555555,0,-0.93,0.0,0",-35.52,-11.37,1.79,nan,52.6
GAACACACCAAAGCCAGGA,GCCAGUGAAUAACGUUCAUUCCUGGCUUUGGUGUGUUCCUGAAUUUGAGGUGCUUUG,0.4988814317673378,0,"-0.9,-2.35,-12.44,0,1,-189.98000000000002,0.0,0,0.21052631578947367,0,0,0.05555555555555555,-0.93,0.0,0,0,0.1111111111111111,-2.35,0,0.05555555555555555,0,-3.42,0.0,1",-35.47,-7.33,-0.9,nan,52.6
ACACCAAAGCCAGGAAUGA,CUGUGCCAGUGAAUAACGUUCAUUCCUGGCUUUGGUGUGUUCCUGAAUUUGAGGUGC,0.3922445935868754,0,"0.11,-2.24,-11.4,0,0,-184.23999999999998,0.05263157894736842,0,0.21052631578947367,0,0,0.05555555555555555,-2.11,0.0,0,0,0.1111111111111111,-2.35,0,0.05555555555555555,0,-3.26,0.0,1",-33.88,-7.04,0.11,nan,47.4
GUAUGUGAGCGCAUUUUCC,GGGAAAAUAACUUUGAUUUGGAAAAUGCGCUCACAUACGGGAAUUAAGGCCUAGAUU,0.6465324384787472,1,"0.57,-2.24,-11.4,0,1,-186.57,0.3684210526315789,0,0.2631578947368421,0,0,0.0,-1.33,0.05555555555555555,1,0,0.05555555555555555,-3.26,0,0.1111111111111111,0,-1.1,0.16666666666666666,0",-32.28,-6.25,0.57,nan,47.4
AGCGCAUUUUCCAAAUCAA,UUGXUUGGGGAAAAUAACUUUGAUUUGGAAAAUGCGCUCACAUACGGGAAUUAAGGC,0.5078299776286354,0,"-0.7,-2.08,-10.48,0,0,-169.09999999999997,0.2631578947368421,0,0.10526315789473684,0,0,0.0,-3.42,0.0,0,0,0.05555555555555555,-0.93,0,0.1111111111111111,0,-0.93,0.16666666666666666,1",-28.36,-8.8,-0.7,nan,36.8
CCAUAGCAGAAACGUAGUG,UUCACUCUGUUCUCACUGACACUACGUUUCUGCUAUGGUCUGCGGXUGACGACCUCG,0.4325130499627144,0,"-0.7,-3.26,-13.39,0,0,-183.1,0.15789473684210525,0,0.2631578947368421,0,0,0.0,-2.11,0.1111111111111111,0,1,0.05555555555555555,-2.11,1,0.05555555555555555,0,-2.36,0.0,0",-32.21,-7.61,-0.7,nan,47.4
AGCAGAAACGUAGUGUCAG,UGUCUUCACUCUGUUCUCACUGACACUACGUUUCUGCUAUGGUCUGCGGXUGACGAC,0.7404921700223713,1,"0.9,-2.08,-10.48,0,0,-183.24,0.15789473684210525,0,0.3157894736842105,0,0,0.0,-3.42,0.05555555555555555,0,0,0.0,-2.08,0,0.05555555555555555,0,-2.24,0.0,0",-32.74,-7.28,0.9,nan,47.4
AACGUAGUGUCAGUGAGAA,CCCCUCUGUCUUCACUCUGUUCUCACUGACACUACGUUUCUGCUAUGGUCUGCGGXU,0.5384041759880686,1,"0.0,-0.93,-6.82,0,0,-178.0,0.21052631578947367,0,0.3157894736842105,0,0,0.0,-2.24,0.05555555555555555,0,0,0.0,-0.93,0,0.0,0,-2.24,0.0,1",-31.38,-7.5,0.0,nan,42.1
CGUAGUGUCAGUGAGAACA,UUCCCCUCUGUCUUCACUCUGUUCUCACUGACACUACGUUUCUGCUAUGGUCUGCGG,0.5137956748695003,0,"-0.7,-2.36,-10.64,0,0,-185.34,0.21052631578947367,0,0.3157894736842105,0,0,0.0,-2.24,0.05555555555555555,0,1,0.0,-2.11,0,0.0,1,-2.35,0.0,1",-33.01,-7.7,-0.7,nan,47.4
CAGAGUGAAGACAGAGGGG,CUUUAUUUUUUUUUCUUUUCCCCUCUGUCUUCACUCUGUUCUCACUGACACUACGUU,0.6524981357196122,1,"0.7,-2.11,-10.44,0,0,-199.65999999999997,0.05263157894736842,0,0.47368421052631576,0,0,0.16666666666666666,-2.08,0.0,0,1,0.0,-3.26,0,0.0,0,-2.08,0.0,0",-37.23,-8.22,0.7,nan,57.9
AAGGAAAACAAAGGCUCUC,CCUGGAGAAGCUGAAACCAGAGAGCCUUUGUUUUCCUUUUUUCUUUCUUUAUUUUUU,0.7934377330350485,1,"1.87,-0.93,-6.82,0,0,-176.32999999999996,0.10526315789473684,0,0.21052631578947367,0,0,0.1111111111111111,-2.08,0.0,0,0,0.0,-2.35,0,0.05555555555555555,0,-3.26,0.0,0",-30.7,-5.49,1.87,nan,42.1
ACAAAGGCUCUCUGGUUUC,AUGACACCCUGGAGAAGCUGAAACCAGAGAGCCUUUGUUUUCCUUUUUUCUUUCUUU,0.6413124533929903,1,"1.01,-2.24,-11.4,0,0,-184.53,0.3157894736842105,0,0.21052631578947367,0,0,0.1111111111111111,-2.11,0.0,0,0,0.0,-2.35,0,0.05555555555555555,0,-2.11,0.1111111111111111,0",-33.19,-8.64,1.01,nan,47.4
UCAGCCAAUCGCCAUCACU,AGCCAAUGGAUUCUGGUUGAGUGAUGGCGAUUGGCUGACAUGACACCCUGGAGAAGC,0.6398210290827739,1,"-0.27,-2.35,-12.44,1,0,-193.14999999999998,0.21052631578947367,0,0.10526315789473684,0,0,0.0,-2.11,0.0,0,0,0.1111111111111111,-2.08,0,0.1111111111111111,0,-2.11,0.0,0",-35.75,-9.37,-0.27,nan,52.6
UUCUCUAUCCGCCGCACGA,GCCGAGAUGCUGGUGCAGCUCGUGCGGCGGAUAGAGAAGAGCGAGUCUUCGUGAGCC,0.6502609992542878,1,"0.97,-0.93,-6.82,1,0,-193.86,0.2631578947368421,1,0.15789473684210525,0,0,0.0,-2.35,0.05555555555555555,1,0,0.1111111111111111,-2.35,0,0.1111111111111111,0,-2.36,0.05555555555555555,1",-36.72,-6.3,0.97,nan,57.9
UCUAUCCGCCGCACGAGCU,AUGGCCGAGAUGCUGGUGCAGCUCGUGCGGCGGAUAGAGAAGAGCGAGUCUUCGUGA,0.5943325876211782,1,"-0.27,-2.35,-12.44,1,0,-199.95999999999998,0.21052631578947367,0,0.21052631578947367,0,0,0.0,-2.08,0.05555555555555555,0,0,0.1111111111111111,-2.08,0,0.16666666666666666,0,-2.24,0.0,0",-38.94,-8.39,-0.27,nan,63.2
CCGCCGCACGAGCUGCACC,CGAAGAUGGCCGAGAUGCUGGUGCAGCUCGUGCGGCGGAUAGAGAAGAGCGAGUCUU,0.6592095451155854,1,"0.0,-3.26,-13.39,0,0,-215.51999999999998,0.05263157894736842,0,0.2631578947368421,0,0,0.0,-2.36,0.0,0,1,0.16666666666666666,-3.26,1,0.2222222222222222,0,-2.08,0.0,0",-43.77,-12.39,0.0,nan,78.9
UCUCGGCCAUCUUCGCCAU,CGACGAGAAGGCGCAGGAGAUGGCGAAGAUGGCCGAGAUGCUGGUGCAGCUCGUGCG,0.586875466070097,1,"-0.8,-2.35,-12.44,1,0,-197.33999999999997,0.3157894736842105,0,0.15789473684210525,0,0,0.05555555555555555,-2.08,0.0,0,0,0.1111111111111111,-1.1,0,0.1111111111111111,0,-2.35,0.05555555555555555,0",-37.26,-12.64,-0.8,nan,57.9
GCGCCUUCUCGUCGGCCUU,CCGCGGCCCCAGGGCGGAGAAGGCCGACGAGAAGGCGCAGGAGAUGGCGAAGAUGGC,0.4705443698732289,0,"-2.49,-3.42,-14.88,0,1,-203.19999999999996,0.3157894736842105,0,0.2631578947368421,0,1,0.05555555555555555,-2.36,0.0,0,0,0.1111111111111111,-0.93,0,0.16666666666666666,0,-2.36,0.1111111111111111,0",-39.97,-10.31,-2.49,nan,68.4
CGUCGGCCUUCUCCGCCCU,CGCCGAGCCCCGCGGCCCCAGGGCGGAGAAGGCCGACGAGAAGGCGCAGGAGAUGGC,0.1782252050708426,0,"-0.73,-2.36,-10.64,0,0,-208.27999999999994,0.2631578947368421,0,0.21052631578947367,0,0,0.05555555555555555,-2.24,0.0,0,1,0.2222222222222222,-2.08,0,0.1111111111111111,1,-3.26,0.05555555555555555,0",-42.14,-12.8,-0.73,nan,73.7
CGGCCUUCUCCGCCCUGGG,CGGCGCCGAGCCCCGCGGCCCCAGGGCGGAGAAGGCCGACGAGAAGGCGCAGGAGAU,0.4891871737509322,0,"0.9,-2.36,-10.64,0,0,-214.74,0.21052631578947367,0,0.3157894736842105,0,0,0.16666666666666666,-3.26,0.0,0,1,0.2222222222222222,-3.26,0,0.1111111111111111,1,-3.26,0.05555555555555555,0",-44.27,-11.21,0.9,nan,78.9
GCGGGGCUCGGCGCCGCCC,UCAACCACCUGCAGGGCGCGGGCGGCGCCGAGCCCCGCGGCCCCAGGGCGGAGAAGG,0.5585384041759881,1,"-0.16,-3.42,-14.88,0,1,-229.99999999999994,0.05263157894736842,0,0.47368421052631576,0,1,0.2222222222222222,-2.36,0.0,0,0,0.16666666666666666,-3.26,0,0.2777777777777778,0,-3.42,0.0,0",-49.7,-13.1,-0.16,nan,94.7
GCCGCCCGCGCCCUGCAGG,AGGAGAGCGCUCUCAACCACCUGCAGGGCGCGGGCGGCGCCGAGCCCCGCGGCCCCA,0.4541387024608501,0,"-0.16,-3.42,-14.88,0,1,-224.88999999999993,0.05263157894736842,0,0.3684210526315789,0,1,0.05555555555555555,-3.26,0.0,0,0,0.2777777777777778,-3.26,0,0.2777777777777778,0,-2.08,0.0,0",-48.03,-13.83,-0.16,nan,89.5
GGCCUCUACCUGCGUCUUG,ACAAUAUGCUGAUCCAGAUCAAGACGCAGGUAGAGGCCUCUGAGGAGAGCGCUCUCA,0.5458612975391499,1,"-0.7,-3.26,-13.39,0,1,-201.95,0.3157894736842105,0,0.2631578947368421,1,0,0.05555555555555555,-3.42,0.05555555555555555,0,0,0.1111111111111111,-2.11,0,0.1111111111111111,0,-2.36,0.05555555555555555,0",-38.87,-9.98,-0.7,nan,63.2
CUCUACCUGCGUCUUGAUC,UGGACAAUAUGCUGAUCCAGAUCAAGACGCAGGUAGAGGCCUCUGAGGAGAGCGCUC,0.5369127516778524,1,"0.27,-2.08,-10.48,0,0,-194.54999999999998,0.3684210526315789,0,0.15789473684210525,0,0,0.0,-2.35,0.05555555555555555,1,1,0.05555555555555555,-2.35,0,0.05555555555555555,0,-2.08,0.05555555555555555,0",-34.73,-8.35,0.27,nan,52.6
UGGAUCAGCAUAUUGUCCA,CGGGGCAAGCUGUGGGAGAUGGACAAUAUGCUGAUCCAGAUCAAGACGCAGGUAGAG,0.6823266219239374,1,"0.0,-2.11,-10.44,1,0,-184.65999999999997,0.3157894736842105,0,0.21052631578947367,0,0,0.05555555555555555,-3.26,0.05555555555555555,0,0,0.05555555555555555,-2.11,0,0.05555555555555555,0,-0.93,0.05555555555555555,1",-32.43,-9.16,0.0,nan,42.1
UAUUGUCCAUCUCCCACAG,CGUGCGCAACCGGGGCAAGCUGUGGGAGAUGGACAAUAUGCUGAUCCAGAUCAAGAC,0.6181953765846383,1,"1.2,-1.33,-7.69,1,0,-188.95,0.3157894736842105,0,0.10526315789473684,0,0,0.0,-1.1,0.05555555555555555,0,0,0.16666666666666666,-2.08,0,0.0,0,-3.26,0.05555555555555555,0",-33.83,-7.45,1.2,nan,47.4
CCAUCUCCCACAGCUUGCC,CGCGCCCGUGCGCAACCGGGGCAAGCUGUGGGAGAUGGACAAUAUGCUGAUCCAGAU,0.6040268456375839,1,"0.0,-3.26,-13.39,0,0,-205.39,0.21052631578947367,0,0.10526315789473684,0,0,0.0,-2.11,0.0,0,1,0.2222222222222222,-3.26,1,0.1111111111111111,0,-3.42,0.05555555555555555,0",-39.44,-9.16,0.0,nan,63.2
CCCGGUUGCGCACGGGCGC,GACGCGCGAGCGCGGACGCGCGCCCGUGCGCAACCGGGGCAAGCUGUGGGAGAUGGA,0.4123788217747949,0,"0.16,-3.26,-13.39,0,0,-215.91999999999996,0.10526315789473684,0,0.42105263157894735,0,0,0.16666666666666666,-3.26,0.0,0,1,0.1111111111111111,-3.42,1,0.2222222222222222,0,-2.36,0.05555555555555555,0",-44.96,-10.07,0.16,nan,84.2
UCAGCGACGCGAUGUCCUC,CGUCAUCCACGAGAUGCGCGAGGACAUCGCGUCGCUGACGCGCGAGCGCGGACGCGC,0.5809097688292321,1,"0.9,-2.35,-12.44,1,0,-203.96,0.21052631578947367,0,0.2631578947368421,0,0,0.0,-2.11,0.0,0,0,0.05555555555555555,-2.35,0,0.1111111111111111,0,-2.11,0.0,0",-38.35,-10.47,0.9,nan,63.2
CGUGGAUGACGGGCAGCAG,GGAGGACUUCGAGCAGUUUCUGCUGCCCGUCAUCCACGAGAUGCGCGAGGACAUCGC,0.2945563012677107,0,"0.17,-2.36,-10.64,0,0,-207.37999999999997,0.10526315789473684,0,0.47368421052631576,0,0,0.16666666666666666,-2.24,0.0,0,1,0.0,-2.08,0,0.1111111111111111,1,-3.42,0.0,0",-40.13,-9.08,0.17,nan,68.4
GUGGAUGACGGGCAGCAGA,AGGAGGACUUCGAGCAGUUUCUGCUGCCCGUCAUCCACGAGAUGCGCGAGGACAUCG,0.2632363907531693,0,"-0.79,-2.24,-11.4,0,1,-205.45999999999998,0.10526315789473684,0,0.47368421052631576,0,0,0.16666666666666666,-2.11,0.0,1,0,0.0,-2.35,0,0.1111111111111111,0,-2.11,0.0,1",-39.67,-8.29,-0.79,nan,63.2
CAGCAGAAACUGCUCGAAG,UGCUGGAGCCGGAGGAGGACUUCGAGCAGUUUCUGCUGCCCGUCAUCCACGAGAUGC,0.4466815809097688,0,"-0.03,-2.11,-10.44,0,0,-189.68999999999997,0.10526315789473684,0,0.2631578947368421,0,0,0.0,-2.08,0.0,0,1,0.0,-2.08,0,0.1111111111111111,0,-2.08,0.0,0",-33.92,-7.98,-0.03,nan,52.6
UCCGGCUCCAGCACCUCCA,CUGGCGGAGCCCGAGGAGGUGGAGGUGCUGGAGCCGGAGGAGGACUUCGAGCAGUUU,0.5152870991797166,0,"-0.24,-2.35,-12.44,1,0,-207.78000000000003,0.15789473684210525,0,0.15789473684210525,0,0,0.05555555555555555,-3.26,0.0,0,0,0.2222222222222222,-2.11,0,0.1111111111111111,0,-2.24,0.0,1",-42.37,-12.64,-0.24,nan,68.4
UCCGCCAGCUCCACUGCGU,GCGGAGAUGCGGCCCCUGGACGCAGUGGAGCUGGCGGAGCCCGAGGAGGUGGAGGUG,0.56972408650261,1,"-0.11,-2.35,-12.44,1,0,-205.48,0.21052631578947367,0,0.21052631578947367,0,0,0.0,-3.26,0.0,0,0,0.16666666666666666,-2.24,0,0.16666666666666666,0,-2.24,0.0,0",-41.52,-12.4,-0.11,nan,68.4
CCGCCAGCUCCACUGCGUC,AGCGGAGAUGCGGCCCCUGGACGCAGUGGAGCUGGCGGAGCCCGAGGAGGUGGAGGU,0.48844146159582397,0,"-0.46,-3.26,-13.39,0,0,-212.92,0.15789473684210525,0,0.21052631578947367,0,0,0.0,-2.36,0.0,0,1,0.16666666666666666,-2.35,1,0.16666666666666666,0,-2.08,0.0,0",-42.42,-12.56,-0.46,nan,73.7
GGCCGCAUCUCCGCUGCUU,AGUGUCGUGCAGACAAGCAAAGCAGCGGAGAUGCGGCCCCUGGACGCAGUGGAGCUG,0.3191648023862788,0,"-2.33,-3.26,-13.39,0,1,-207.03999999999996,0.2631578947368421,0,0.2631578947368421,1,0,0.05555555555555555,-3.42,0.0,0,0,0.1111111111111111,-0.93,0,0.2222222222222222,0,-3.42,0.05555555555555555,0",-40.83,-11.13,-2.33,nan,68.4
GCUUUGCUUGUCUGCACGA,CGAGCUCGGUCACUGAGUGUCGUGCAGACAAGCAAAGCAGCGGAGAUGCGGCCCCUG,0.5041014168530947,0,"-1.52,-3.42,-14.88,0,1,-189.29000000000002,0.3684210526315789,0,0.2631578947368421,0,1,0.0,-2.08,0.0,0,0,0.0,-2.35,0,0.16666666666666666,0,-2.11,0.16666666666666666,1",-34.73,-7.01,-1.52,nan,52.6
GCUUGUCUGCACGACACUC,CGGCCCGAGCUCGGUCACUGAGUGUCGUGCAGACAAGCAAAGCAGCGGAGAUGCGGC,0.4832214765100671,0,"-0.62,-3.42,-14.88,0,1,-199.73,0.2631578947368421,0,0.21052631578947367,0,1,0.0,-2.08,0.0,0,0,0.0,-2.35,0,0.1111111111111111,0,-2.35,0.05555555555555555,0",-36.73,-7.25,-0.62,nan,57.9
GACCGAGCUCGGGCCGAGU,AGCGGCGGAAGUUUUGAAGACUCGGCCCGAGCUCGGUCACUGAGUGUCGUGCAGACA,0.4586129753914988,0,"-1.01,-2.35,-12.44,0,1,-211.90999999999997,0.10526315789473684,0,0.42105263157894735,0,0,0.1111111111111111,-2.24,0.0,0,0,0.1111111111111111,-2.24,0,0.1111111111111111,0,-3.42,0.0,0",-42.54,-11.17,-1.01,nan,73.7
GUCUUCAAAACUUCCGCCG,AGGCAGAAAGUUGGAACAGCGGCGGAAGUUUUGAAGACUCGGCCCGAGCUCGGUCAC,0.7069351230425056,1,"-0.33,-2.24,-11.4,0,1,-184.94999999999993,0.2631578947368421,0,0.15789473684210525,0,0,0.0,-2.35,0.0,1,0,0.1111111111111111,-2.36,0,0.05555555555555555,0,-2.35,0.1111111111111111,0",-33.02,-5.76,-0.33,nan,52.6
AAAACUUCCGCCGCUGUUC,XXUCCGAGGCAGAAAGUUGGAACAGCGGCGGAAGUUUUGAAGACUCGGCCCGAGCUC,0.6286353467561521,1,"1.87,-0.93,-6.82,0,0,-183.67,0.2631578947368421,0,0.15789473684210525,0,0,0.0,-0.93,0.0,0,0,0.1111111111111111,-2.35,0,0.1111111111111111,0,-3.42,0.1111111111111111,0",-33.64,-4.92,1.87,nan,52.6
CUGCCUCUCAGCGGAUGUA,GGGCUGGGGACAAGGCGUCUACAUCCGCUGAGAGGCAGGGGCAGUUCUGGGAGAGAA,0.2945563012677107,0,"-1.2,-2.08,-10.48,0,0,-198.87999999999997,0.2631578947368421,0,0.2631578947368421,0,0,0.05555555555555555,-2.11,0.05555555555555555,1,1,0.05555555555555555,-1.33,0,0.1111111111111111,0,-3.26,0.0,1",-37.55,-10.31,-1.2,nan,57.9
CAGCCCUCCAGCUCAUUCU,CCGGUUCUGGGGCGCAAUAAGAAUGAGCUGGAGGGCUGGGGACAAGGCGUCUACAUC,0.5615212527964206,1,"-0.93,-2.11,-10.44,0,0,-199.83999999999997,0.2631578947368421,0,0.10526315789473684,0,0,0.0,-2.08,0.0,0,1,0.16666666666666666,-2.08,0,0.1111111111111111,0,-2.35,0.05555555555555555,0",-37.89,-11.91,-0.93,nan,57.9
AGCCCUCCAGCUCAUUCUU,GCCGGUUCUGGGGCGCAAUAAGAAUGAGCUGGAGGGCUGGGGACAAGGCGUCUACAU,0.4041759880686055,0,"-0.7,-2.08,-10.48,0,0,-192.49999999999997,0.3157894736842105,0,0.10526315789473684,0,0,0.0,-3.42,0.0,0,0,0.16666666666666666,-0.93,0,0.1111111111111111,0,-2.11,0.1111111111111111,0",-36.26,-13.54,-0.7,nan,52.6
UUGCGCCCCAGAACCGGCC,UACUGUGCGGAGGGUGGUGGGCCGGUUCUGGGGCGCAAUAAGAAUGAGCUGGAGGGC,0.5935868754660701,1,"2.33,-0.93,-6.82,1,0,-207.76999999999998,0.10526315789473684,1,0.2631578947368421,0,0,0.05555555555555555,-2.11,0.0,1,0,0.2777777777777778,-3.26,0,0.16666666666666666,0,-2.24,0.05555555555555555,0",-42.75,-13.29,2.33,nan,73.7
GGCCCACCACCCUCCGCAC,CGGAAUAAGGCCCGCUACUGUGCGGAGGGUGGUGGGCCGGUUCUGGGGCGCAAUAAG,0.3907531692766592,0,"-0.57,-3.26,-13.39,0,1,-218.96,0.05263157894736842,0,0.15789473684210525,1,0,0.05555555555555555,-3.42,0.0,0,0,0.3333333333333333,-2.24,0,0.1111111111111111,0,-2.35,0.0,0",-45.41,-13.46,-0.57,nan,78.9
CCUCCUCUUCCCAGGAGCC,UACACCACCAGCUCGGCAGGGCUCCUGGGAAGAGGAGGAAGAUUAUGAGGAGGAGAU,0.3482475764354959,0,"0.0,-3.26,-13.39,0,0,-211.02999999999997,0.21052631578947367,0,0.15789473684210525,0,0,0.05555555555555555,-2.08,0.0,0,1,0.2777777777777778,-3.26,1,0.05555555555555555,0,-2.08,0.05555555555555555,0",-41.73,-9.66,0.0,nan,68.4
GAGUCUCCUGGCUCCGUGU,GGGAGCCGAAACUCUGUCUACACGGAGCCAGGAGACUCGUGUGUGGACAUGGAGACA,0.3639075316927666,0,"-1.01,-2.35,-12.44,0,1,-205.12,0.3157894736842105,0,0.3157894736842105,0,0,0.05555555555555555,-2.08,0.0,0,0,0.1111111111111111,-2.24,0,0.05555555555555555,0,-2.35,0.0,0",-39.68,-9.82,-1.01,nan,63.2
AGUCUCCUGGCUCCGUGUA,CGGGAGCCGAAACUCUGUCUACACGGAGCCAGGAGACUCGUGUGUGGACAUGGAGAC,0.4093959731543624,0,"-0.3,-2.08,-10.48,0,0,-196.64999999999998,0.3157894736842105,0,0.2631578947368421,0,0,0.05555555555555555,-2.24,0.05555555555555555,0,0,0.1111111111111111,-1.33,0,0.05555555555555555,0,-3.26,0.0,1",-38.21,-9.82,-0.3,nan,57.9
CCGUGUAGACAGAGUUUCG,UGCUGACACCCCCGGGAGCCGAAACUCUGUCUACACGGAGCCAGGAGACUCGUGUGU,0.3281133482475764,0,"-0.9,-3.26,-13.39,0,0,-187.63,0.2631578947368421,0,0.3157894736842105,0,0,0.0,-2.36,0.05555555555555555,0,1,0.05555555555555555,-2.36,1,0.0,0,-2.08,0.1111111111111111,0",-33.55,-8.27,-0.9,nan,52.6
UCAAAGGUGUCUUGGCGGG,GGCACCCUGUGGGCGCUAUCCCGCCAAGACACCUUUGAUGCUGACACCCCCGGGAGC,0.4295302013422818,0,"1.36,-2.35,-12.44,1,0,-192.16999999999996,0.2631578947368421,0,0.42105263157894735,0,0,0.2222222222222222,-2.11,0.0,0,0,0.0,-3.26,0,0.05555555555555555,0,-2.11,0.05555555555555555,0",-36.74,-7.01,1.36,nan,57.9
AGGUGUCUUGGCGGGAUAG,GGCAGGCACCCUGUGGGCGCUAUCCCGCCAAGACACCUUUGAUGCUGACACCCCCGG,0.5272184936614467,1,"0.9,-2.08,-10.48,0,0,-195.63999999999996,0.2631578947368421,0,0.47368421052631576,0,0,0.2222222222222222,-3.26,0.05555555555555555,0,0,0.0,-2.08,0,0.05555555555555555,0,-3.26,0.05555555555555555,0",-37.28,-9.74,0.9,nan,57.9
GGCCAGGUGGGUGGUUGCU,GCCCCCAGGCCUUUACCCCAGCAACCACCCACCUGGCCGGGCAGGCACCCUGUGGGC,0.2356450410141685,0,"-1.63,-3.26,-13.39,0,1,-206.51,0.2631578947368421,0,0.5263157894736842,1,0,0.2777777777777778,-3.42,0.0,0,0,0.05555555555555555,-2.08,0,0.1111111111111111,0,-3.26,0.05555555555555555,0",-42.11,-11.83,-1.63,nan,68.4
GGGGCUGGCCCAGCUCCCC,CAGUGUGCACGAGUACCCCGGGGAGCUGGGCCAGCCCCCAGGCCUUUACCCCAGCAA,0.1431767337807606,0,"0.0,-3.26,-13.39,0,1,-226.29999999999995,0.10526315789473684,0,0.3684210526315789,1,0,0.2222222222222222,-3.26,0.0,0,0,0.2777777777777778,-3.26,0,0.16666666666666666,0,-3.42,0.0,0",-48.32,-13.3,0.0,nan,84.2
GGUAGCCAUGGUGCGGUUC,CGCCACCCAAUCCGCUGCUGAACCGCACCAUGGCUACCGCCGCUCUGGCUGUCAGCC,0.3653989560029828,0,"-0.46,-3.26,-13.39,0,1,-202.67999999999998,0.2631578947368421,0,0.42105263157894735,1,0,0.16666666666666666,-2.24,0.05555555555555555,0,0,0.05555555555555555,-2.35,0,0.1111111111111111,0,-3.42,0.05555555555555555,0",-38.99,-9.9,-0.46,nan,63.2
UCAGCAGCGGAUUGGGUGG,ACACCCGCCUAGCAGGACGCCACCCAAUCCGCUGCUGAACCGCACCAUGGCUACCGC,0.6077554064131245,1,"1.36,-2.35,-12.44,1,0,-201.82999999999998,0.21052631578947367,0,0.47368421052631576,0,0,0.2222222222222222,-2.11,0.0,0,0,0.0,-3.26,0,0.1111111111111111,0,-2.11,0.05555555555555555,0",-39.27,-11.13,1.36,nan,63.2
CUUCCAGUAGGCUUCCAAG,GCGAGCACCUGGCGGAGUACUUGGAAGCCUACUGGAAGGCCACACACCCGCCUAGCA,0.4541387024608501,0,"0.0,-2.08,-10.48,0,0,-189.14999999999995,0.2631578947368421,0,0.21052631578947367,0,0,0.05555555555555555,-0.93,0.05555555555555555,1,1,0.1111111111111111,-2.08,0,0.05555555555555555,0,-0.93,0.1111111111111111,0",-34.79,-7.98,0.0,nan,52.6
AGGCAUCUUCCAAUUGGUU,UGACAUAAUCCUGGACGAGAACCAAUUGGAAGAUGCCUGCGAGCACCUGGCGGAGUA,0.3728560775540641,0,"-0.7,-2.08,-10.48,0,0,-178.6,0.3684210526315789,0,0.21052631578947367,0,0,0.1111111111111111,-3.26,0.0,0,0,0.05555555555555555,-0.93,0,0.05555555555555555,0,-1.1,0.16666666666666666,0",-31.56,-9.78,-0.7,nan,42.1
CAAUUGGUUCUCGUCCAGG,CCGAAAUGUUUGACAUAAUCCUGGACGAGAACCAAUUGGAAGAUGCCUGCGAGCACC,0.5980611483967189,1,"0.7,-2.11,-10.44,0,0,-189.44,0.3157894736842105,0,0.2631578947368421,0,0,0.1111111111111111,-0.93,0.0,0,1,0.05555555555555555,-3.26,0,0.0,0,-2.24,0.1111111111111111,0",-33.96,-5.58,0.7,nan,52.6
UGAUGAGCCUCUGCAGUAC,CAAGAUCACAUCCCCCAAGGUACUGCAGAGGCUCAUCAAAUCCCGAGGGAAGUCUCA,0.5488441461595824,1,"1.03,-2.11,-10.44,1,0,-196.69,0.2631578947368421,0,0.2631578947368421,0,0,0.0,-2.35,0.05555555555555555,0,0,0.05555555555555555,-2.24,0,0.1111111111111111,0,-3.42,0.0,0",-36.28,-9.32,1.03,nan,52.6
AGCGAGGUUUUAGAGAGCU,ACCAUCAACCACCCAGCCCAGCUCUCUAAAACCUCGCUGGCCCCCAUCAUUGUUUAC,0.41834451901566,0,"0.0,-2.08,-10.48,0,0,-182.48999999999998,0.2631578947368421,0,0.3684210526315789,0,0,0.05555555555555555,-3.42,0.05555555555555555,0,0,0.0,-2.08,0,0.1111111111111111,0,-2.35,0.16666666666666666,0",-33.36,-11.17,0.0,nan,47.4
GAUCCGCUCGAUUUCACUC,CCAGCCUGGCUGAGGUACAGAGUGAAAUCGAGCGGAUCUUCGAGCUGGCCCGGACCU,0.6331096196868009,1,"0.0,-2.35,-12.44,0,1,-195.77999999999997,0.3157894736842105,0,0.15789473684210525,0,0,0.0,-1.1,0.0,0,0,0.05555555555555555,-2.35,0,0.05555555555555555,0,-0.93,0.1111111111111111,0",-33.98,-9.58,0.0,nan,52.6
AUUUCACUCUGUACCUCAG,AACACUCGCUCCAGCCUGGCUGAGGUACAGAGUGAAAUCGAGCGGAUCUUCGAGCUG,0.4407158836689038,0,"1.43,-1.1,-9.38,0,0,-181.52999999999997,0.3684210526315789,0,0.10526315789473684,0,0,0.0,-0.93,0.05555555555555555,1,0,0.05555555555555555,-2.08,0,0.0,0,-2.24,0.1111111111111111,0",-31.43,-5.65,1.43,nan,42.1
CACUCUGUACCUCAGCCAG,CUCCAACACUCGCUCCAGCCUGGCUGAGGUACAGAGUGAAAUCGAGCGGAUCUUCGA,0.2595078299776286,0,"-0.03,-2.11,-10.44,0,0,-198.98,0.21052631578947367,0,0.15789473684210525,0,0,0.0,-2.24,0.05555555555555555,0,1,0.1111111111111111,-2.08,0,0.05555555555555555,0,-2.11,0.0,0",-37.44,-8.11,-0.03,nan,57.9
GCGAGUGUUGGAGCGCUCG,CCAGCAAACACAUUAUCAUCGAGCGCUCCAACACUCGCUCCAGCCUGGCUGAGGUAC,0.1133482475764355,0,"-1.06,-3.42,-14.88,0,1,-205.60000000000002,0.21052631578947367,0,0.47368421052631576,0,1,0.05555555555555555,-2.36,0.0,0,0,0.0,-2.36,0,0.16666666666666666,0,-3.42,0.05555555555555555,0",-39.43,-8.84,-1.06,nan,68.4
AUAAUGUGUUUGCUGGGGU,AAGCGCUCGGUCCUCAACAACCCCAGCAAACACAUUAUCAUCGAGCGCUCCAACACU,0.4727815063385533,0,"0.69,-1.1,-9.38,0,0,-177.35,0.42105263157894735,0,0.3684210526315789,0,0,0.16666666666666666,-1.33,0.05555555555555555,1,0,0.0,-2.24,0,0.05555555555555555,0,-2.08,0.1111111111111111,0",-31.77,-5.28,0.69,nan,42.1
UUGAGCGAUGGUCCCACCA,UCCAUGAGGCCCAUCAUCCUGGUGGGACCAUCGCUCAAGGGCUAUGAGGUAACUGAC,0.5309470544369873,1,"0.73,-0.93,-6.82,1,0,-196.59000000000003,0.21052631578947367,1,0.2631578947368421,0,0,0.05555555555555555,-2.11,0.0,1,0,0.16666666666666666,-2.11,0,0.05555555555555555,0,-3.26,0.05555555555555555,1",-37.91,-9.68,0.73,nan,57.9
GGGGCACGUGCUCUGUCGA,UGCCAAACAGAAGCAGAAGUCGACAGAGCACGUGCCCCCCUAUGACGUGGUGCCUUC,0.2975391498881432,0,"-1.36,-3.26,-13.39,0,1,-207.68,0.21052631578947367,0,0.42105263157894735,1,0,0.16666666666666666,-3.26,0.0,0,0,0.0,-2.35,0,0.1111111111111111,0,-2.08,0.0,1",-41.06,-12.56,-1.36,nan,68.4
UUCUGCUUCUGUUUGGCAC,CGCCCCACACCCCCCGCCAGUGCCAAACAGAAGCAGAAGUCGACAGAGCACGUGCCC,0.6122296793437733,1,"1.76,-0.93,-6.82,1,0,-183.98,0.47368421052631576,1,0.21052631578947367,0,0,0.05555555555555555,-2.35,0.0,1,0,0.0,-2.24,0,0.1111111111111111,0,-0.93,0.2222222222222222,0",-33.14,-7.98,1.76,nan,47.4
UGCUGGAGCUGAGGCGGUU,GGAACAGACGCUGCGCCAAAACCGCCUCAGCUCCAGCAAGUCAGGUGACAACUCCAG,0.3445190156599553,0,"-0.73,-2.11,-10.44,1,0,-200.73999999999998,0.2631578947368421,0,0.47368421052631576,0,0,0.16666666666666666,-3.42,0.0,0,0,0.0,-0.93,0,0.16666666666666666,0,-3.26,0.05555555555555555,0",-39.93,-11.21,-0.73,nan,63.2
GAGCUGAGGCGGUUUUGGC,CUGCAGGAACAGACGCUGCGCCAAAACCGCCUCAGCUCCAGCAAGUCAGGUGACAAC,0.4034302759134974,0,"0.62,-2.35,-12.44,0,1,-200.89999999999998,0.2631578947368421,0,0.47368421052631576,0,0,0.16666666666666666,-2.08,0.0,0,0,0.0,-3.42,0,0.16666666666666666,0,-0.93,0.16666666666666666,0",-38.5,-9.58,0.62,nan,63.2
AGCAGGCGAAGGCUGUCCA,AUCCCCAGCCCUGUCAAACUGGACAGCCUUCGCCUGCUGCAGGAACAGACGCUGCGC,0.2945563012677107,0,"0.03,-2.08,-10.48,0,0,-200.74,0.10526315789473684,0,0.3684210526315789,0,0,0.1111111111111111,-3.42,0.0,0,0,0.05555555555555555,-2.11,0,0.16666666666666666,0,-2.08,0.0,1",-39.93,-12.56,0.03,nan,63.2
GACAGGGCUGGGGAUGAAA,AGGAAGGCUGUGAGGUUGGUUUCAUCCCCAGCCCUGUCAAACUGGACAGCCUUCGCC,0.122296793437733,0,"-1.87,-2.35,-12.44,0,1,-198.51999999999998,0.10526315789473684,0,0.47368421052631576,0,0,0.2777777777777778,-2.24,0.0,0,0,0.0,-0.93,0,0.05555555555555555,0,-2.35,0.0,1",-37.92,-11.83,-1.87,nan,57.9
UCCUUCACCAGCCUCCCGA,UACAAUAAUGACUGGUGGAUCGGGAGGCUGGUGAAGGAAGGCUGUGAGGUUGGUUUC,0.5495898583146905,1,"0.0,-2.35,-12.44,1,0,-201.71999999999997,0.21052631578947367,0,0.10526315789473684,0,0,0.0,-3.26,0.0,0,0,0.2777777777777778,-2.35,0,0.05555555555555555,0,-2.08,0.05555555555555555,1",-40.12,-8.88,0.0,nan,63.2
CAGCCUCCCGAUCCACCAG,AGGAGAAAUACAAUAAUGACUGGUGGAUCGGGAGGCUGGUGAAGGAAGGCUGUGAGG,0.3035048471290081,0,"-0.03,-2.11,-10.44,0,0,-209.72,0.10526315789473684,0,0.15789473684210525,0,0,0.0,-2.08,0.0,0,1,0.2777777777777778,-2.08,0,0.05555555555555555,0,-3.26,0.0,0",-40.95,-11.91,-0.03,nan,68.4
UUCUCCUUGAUGUGCAGGA,ACCUUUGAGCCCAAGGACUUCCUGCACAUCAAGGAGAAAUACAAUAAUGACUGGUGG,0.7009694258016406,1,"0.97,-0.93,-6.82,1,0,-187.99,0.3684210526315789,1,0.2631578947368421,0,0,0.05555555555555555,-2.35,0.0,1,0,0.05555555555555555,-2.35,0,0.05555555555555555,0,-2.11,0.1111111111111111,1",-34.23,-8.06,0.97,nan,47.4
AUGUGCAGGAAGUCCUUGG,GUGGCCAUCACCUUUGAGCCCAAGGACUUCCUGCACAUCAAGGAGAAAUACAAUAAU,0.47129008202833705,0,"2.16,-1.1,-9.38,0,0,-191.62,0.2631578947368421,0,0.3684210526315789,0,0,0.1111111111111111,-2.11,0.0,1,0,0.05555555555555555,-3.26,0,0.05555555555555555,0,-2.35,0.05555555555555555,0",-35.48,-9.53,2.16,nan,52.6
ACUGGCACCUCAUCUCCUG,GUUGGCUACAAUCCGUCUCCAGGAGAUGAGGUGCCAGUGCAGGGAGUGGCCAUCACC,0.6219239373601789,1,"0.77,-2.24,-11.4,0,0,-200.9,0.2631578947368421,0,0.15789473684210525,0,0,0.05555555555555555,-2.08,0.0,0,0,0.1111111111111111,-2.11,0,0.05555555555555555,0,-2.35,0.0,0",-38.05,-11.13,0.77,nan,57.9
ACGGAUUGUAGCCAACAUU,GGCCUUUGCUGUUCGGACAAAUGUUGGCUACAAUCCGUCUCCAGGAGAUGAGGUGCC,0.6778523489932886,1,"-0.86,-2.24,-11.4,0,0,-176.6,0.2631578947368421,0,0.21052631578947367,0,0,0.05555555555555555,-2.36,0.05555555555555555,0,0,0.05555555555555555,-0.93,0,0.05555555555555555,0,-2.11,0.1111111111111111,0",-31.11,-8.02,-0.86,nan,42.1
CUUUCUCGAGCUGGGCUAA,GGAGGCAGAGCGCCAGGCCUUAGCCCAGCUCGAGAAAGCCAAGACCAAACCAGUGGC,0.4750186428038777,0,"-1.6,-2.08,-10.48,0,0,-188.15999999999994,0.3157894736842105,0,0.2631578947368421,0,0,0.1111111111111111,-0.93,0.05555555555555555,1,1,0.0,-0.93,0,0.1111111111111111,0,-3.26,0.1111111111111111,1",-34.86,-6.46,-1.6,nan,52.6
UUCUCGAGCUGGGCUAAGG,AAGGAGGCAGAGCGCCAGGCCUUAGCCCAGCUCGAGAAAGCCAAGACCAAACCAGUG,0.5727069351230425,1,"2.33,-0.93,-6.82,1,0,-194.72999999999996,0.2631578947368421,1,0.3684210526315789,0,0,0.16666666666666666,-2.35,0.05555555555555555,1,0,0.0,-3.26,0,0.1111111111111111,0,-3.42,0.05555555555555555,0",-37.19,-9.03,2.33,nan,57.9
GACACGUCGGAGUCUGACG,GAGUCCUACACGAGCCGGCCGUCAGACUCCGACGUGUCCCUGGAGGAGGACCGGGAA,0.5741983594332588,1,"-0.44,-2.35,-12.44,0,1,-202.74,0.15789473684210525,0,0.3684210526315789,0,0,0.05555555555555555,-2.24,0.0,0,0,0.0,-2.36,0,0.0,0,-2.35,0.0,0",-37.58,-9.0,-0.44,nan,63.2
CGGAGUCUGACGGCCGGCU,CUCAGCAGAGUCCUACACGAGCCGGCCGUCAGACUCCGACGUGUCCCUGGAGGAGGA,0.3296047725577927,0,"-0.73,-2.36,-10.64,0,0,-209.90999999999994,0.15789473684210525,0,0.42105263157894735,0,0,0.16666666666666666,-3.26,0.0,0,1,0.05555555555555555,-2.08,0,0.1111111111111111,1,-3.42,0.0,0",-42.3,-9.82,-0.73,nan,73.7
GGCUCGUGUAGGACUCUGC,CUUUGUCCGUCAGGGCUCAGCAGAGUCCUACACGAGCCGGCCGUCAGACUCCGACGU,0.5920954511558538,1,"0.16,-3.26,-13.39,0,1,-205.57999999999998,0.2631578947368421,0,0.3684210526315789,1,0,0.1111111111111111,-3.42,0.05555555555555555,0,0,0.0,-3.42,0,0.1111111111111111,0,-2.24,0.0,0",-39.27,-10.47,0.16,nan,63.2
GACCUUUUGAACCGCCCUU,GGCAAAUACAGCAAGAGGAAAGGGCGGUUCAAAAGGUCAGAUGGGAGCACCUCCUCA,0.43027591349739003,0,"-1.87,-2.35,-12.44,0,1,-184.92999999999998,0.3157894736842105,0,0.15789473684210525,0,0,0.0,-2.24,0.0,0,0,0.2222222222222222,-0.93,0,0.05555555555555555,0,-2.36,0.2222222222222222,0",-34.38,-5.38,-1.87,nan,52.6
CUGUAUUUGCCCUGUGGGC,AUGGAGGUCUUCGACCCCAGCCCACAGGGCAAAUACAGCAAGAGGAAAGGGCGGUUC,0.5652498135719612,1,"0.89,-2.08,-10.48,0,0,-195.94,0.3684210526315789,0,0.3157894736842105,0,0,0.1111111111111111,-2.11,0.05555555555555555,1,1,0.1111111111111111,-3.42,0,0.1111111111111111,0,-2.11,0.1111111111111111,0",-37.16,-3.65,0.89,nan,57.9
AGACCUCCAUAGGGAUCUC,XXXXXXXXCACCUUCCCAAGAGAUCCCUAUGGAGGUCUUCGACCCCAGCCCACAGGG,0.5331841909023117,1,"1.17,-2.08,-10.48,0,0,-198.63999999999996,0.21052631578947367,0,0.21052631578947367,0,0,0.1111111111111111,-2.35,0.05555555555555555,0,0,0.1111111111111111,-2.35,0,0.0,0,-3.26,0.0,0",-36.45,-11.45,1.17,nan,52.6
UGUCGUCCUUUGUAAGACU,AGAUCAUUCAGAAGACUUCAGUCUUACAAAGGACGACAXXXXXXXXXXXXXXXXXXX,0.7360178970917226,1,"-0.03,-2.11,-10.44,1,0,-176.36999999999998,0.42105263157894735,0,0.21052631578947367,0,0,0.0,-2.24,0.05555555555555555,0,0,0.05555555555555555,-2.08,0,0.0,0,-1.33,0.1111111111111111,0",-31.22,-10.71,-0.03,nan,42.1
UCCUUUGUAAGACUGAAGU,CAAGGAGAUCAUUCAGAAGACUUCAGUCUUACAAAGGACGACAXXXXXXXXXXXXXX,0.8344519015659956,1,"-0.11,-2.35,-12.44,1,0,-171.63,0.3684210526315789,0,0.21052631578947367,0,0,0.0,-3.26,0.05555555555555555,0,0,0.05555555555555555,-2.24,0,0.0,0,-2.08,0.1111111111111111,0",-29.63,-7.01,-0.11,nan,36.8
CCUUUGUAAGACUGAAGUC,UCAAGGAGAUCAUUCAGAAGACUUCAGUCUUACAAAGGACGACAXXXXXXXXXXXXX,0.6927665920954512,1,"-0.46,-3.26,-13.39,0,0,-179.07,0.3157894736842105,0,0.21052631578947367,0,0,0.0,-2.08,0.05555555555555555,0,1,0.05555555555555555,-2.35,1,0.0,0,-2.11,0.1111111111111111,0",-30.53,-5.08,-0.46,nan,42.1
AAGACUGAAGUCUUCUGAA,CUACCUAUCAAGGAGAUCAUUCAGAAGACUUCAGUCUUACAAAGGACGACAXXXXXX,0.6897837434750187,1,"0.0,-0.93,-6.82,0,0,-174.50999999999996,0.2631578947368421,0,0.21052631578947367,0,0,0.0,-2.08,0.0,0,0,0.0,-0.93,0,0.0,0,-0.93,0.05555555555555555,1",-29.58,-8.22,0.0,nan,36.8
ACUGAAGUCUUCUGAAUGA,ACCCUACCUAUCAAGGAGAUCAUUCAGAAGACUUCAGUCUUACAAAGGACGACAXXX,0.4079045488441462,0,"0.11,-2.24,-11.4,0,0,-177.03,0.3157894736842105,0,0.21052631578947367,0,0,0.0,-2.08,0.0,0,0,0.0,-2.35,0,0.0,0,-2.11,0.05555555555555555,1",-29.78,-7.25,0.11,nan,36.8
UGAAUGAUCUCCUUGAUAG,GUUCUGUGAUGUACCCUACCUAUCAAGGAGAUCAUUCAGAAGACUUCAGUCUUACAA,0.859806114839672,1,"0.87,-2.11,-10.44,1,0,-180.48999999999998,0.3684210526315789,0,0.21052631578947367,0,0,0.0,-2.35,0.05555555555555555,0,0,0.05555555555555555,-2.08,0,0.0,0,-0.93,0.05555555555555555,0",-29.53,-5.4,0.87,nan,36.8
UGAUCUCCUUGAUAGGUAG,CCCAGUUCUGUGAUGUACCCUACCUAUCAAGGAGAUCAUUCAGAAGACUUCAGUCUU,0.8530947054436987,1,"0.87,-2.11,-10.44,1,0,-184.36999999999995,0.3684210526315789,0,0.2631578947368421,0,0,0.05555555555555555,-2.35,0.1111111111111111,0,0,0.05555555555555555,-2.08,0,0.0,0,-1.33,0.05555555555555555,0",-31.95,-9.4,0.87,nan,42.1
AUCUCCUUGAUAGGUAGGG,UUCCCAGUUCUGUGAUGUACCCUACCUAUCAAGGAGAUCAUUCAGAAGACUUCAGUC,0.7643549589858314,1,"2.16,-1.1,-9.38,0,0,-188.26999999999998,0.3157894736842105,0,0.3157894736842105,0,0,0.16666666666666666,-2.35,0.1111111111111111,1,0,0.05555555555555555,-3.26,0,0.0,0,-3.26,0.05555555555555555,0",-34.01,-8.06,2.16,nan,47.4
AUAGGUAGGGUACAUCACA,ACUCUUCUGUUCCCAGUUCUGUGAUGUACCCUACCUAUCAAGGAGAUCAUUCAGAAG,0.8008948545861299,1,"0.56,-1.1,-9.38,0,0,-181.27,0.21052631578947367,0,0.2631578947368421,0,0,0.16666666666666666,-1.33,0.16666666666666666,1,0,0.0,-2.11,0,0.0,0,-2.11,0.0,1",-32.78,-7.78,0.56,nan,42.1
AGGUAGGGUACAUCACAGA,UCACUCUUCUGUUCCCAGUUCUGUGAUGUACCCUACCUAUCAAGGAGAUCAUUCAGA,0.4116331096196868,0,"0.27,-2.08,-10.48,0,0,-187.12,0.15789473684210525,0,0.3157894736842105,0,0,0.16666666666666666,-3.26,0.1111111111111111,0,0,0.0,-2.35,0,0.0,0,-2.35,0.0,1",-34.78,-11.34,0.27,nan,47.4
GUAGGGUACAUCACAGAAC,GGUCACUCUUCUGUUCCCAGUUCUGUGAUGUACCCUACCUAUCAAGGAGAUCAUUCA,0.7815063385533184,1,"0.0,-2.24,-11.4,0,1,-188.90999999999997,0.15789473684210525,0,0.2631578947368421,0,0,0.1111111111111111,-1.33,0.1111111111111111,1,0,0.0,-2.24,0,0.0,0,-2.24,0.0,0",-33.51,-8.51,0.0,nan,47.4
UAGGGUACAUCACAGAACU,GGGUCACUCUUCUGUUCCCAGUUCUGUGAUGUACCCUACCUAUCAAGGAGAUCAUUC,0.8680089485458613,1,"0.3,-1.33,-7.69,1,0,-180.54999999999998,0.21052631578947367,0,0.21052631578947367,0,0,0.1111111111111111,-2.08,0.1111111111111111,0,0,0.0,-2.08,0,0.0,0,-2.11,0.0,0",-32.45,-9.87,0.3,nan,42.1
UCACAGAACUGGGAACAGA,UCUGGGUCUGGGUCACUCUUCUGUUCCCAGUUCUGUGAUGUACCCUACCUAUCAAGG,0.7427293064876958,1,"0.0,-2.35,-12.44,1,0,-186.52999999999997,0.10526315789473684,0,0.2631578947368421,0,0,0.1111111111111111,-2.11,0.0,0,0,0.0,-2.35,0,0.0,0,-2.35,0.0,1",-34.19,-7.28,0.0,nan,47.4
GAACUGGGAACAGAAGAGU,CACUCUCUGGGUCUGGGUCACUCUUCUGUUCCCAGUUCUGUGAUGUACCCUACCUAU,0.6070096942580163,1,"-1.01,-2.35,-12.44,0,1,-186.67,0.10526315789473684,0,0.3684210526315789,0,0,0.1111111111111111,-0.93,0.0,0,0,0.0,-2.24,0,0.0,0,-2.35,0.0,0",-33.43,-9.34,-1.01,nan,47.4
CAGAAGAGUGACCCAGACC,UGAACUUGGCCACUCUCUGGGUCUGGGUCACUCUUCUGUUCCCAGUUCUGUGAUGUA,0.5503355704697986,1,"0.7,-2.11,-10.44,0,0,-200.57999999999998,0.05263157894736842,0,0.2631578947368421,0,0,0.0,-2.08,0.0,0,1,0.16666666666666666,-3.26,0,0.0,0,-3.26,0.0,0",-37.39,-7.33,0.7,nan,57.9
AAGAGUGACCCAGACCCAG,UCAUGAACUUGGCCACUCUCUGGGUCUGGGUCACUCUUCUGUUCCCAGUUCUGUGAU,0.6532438478747203,1,"1.6,-0.93,-6.82,0,0,-197.80999999999997,0.05263157894736842,0,0.2631578947368421,0,0,0.0,-2.08,0.0,0,0,0.2222222222222222,-2.08,0,0.0,0,-2.35,0.0,0",-37.85,-8.22,1.6,nan,57.9
GUGACCCAGACCCAGAGAG,CCACUCAUGAACUUGGCCACUCUCUGGGUCUGGGUCACUCUUCUGUUCCCAGUUCUG,0.5451155853840417,1,"-0.16,-2.24,-11.4,0,1,-207.14999999999995,0.05263157894736842,0,0.3157894736842105,0,0,0.0,-2.11,0.0,1,0,0.2222222222222222,-2.08,0,0.0,0,-2.11,0.0,0",-39.72,-10.34,-0.16,nan,63.2
UGACCCAGACCCAGAGAGU,GCCACUCAUGAACUUGGCCACUCUCUGGGUCUGGGUCACUCUUCUGUUCCCAGUUCU,0.4608501118568233,0,"0.13,-2.11,-10.44,1,0,-199.70999999999998,0.10526315789473684,0,0.2631578947368421,0,0,0.0,-2.35,0.0,0,0,0.2222222222222222,-2.24,0,0.0,0,-2.08,0.0,0",-38.82,-11.21,0.13,nan,57.9
CCCAGACCCAGAGAGUGGC,GUUGCCACUCAUGAACUUGGCCACUCUCUGGGUCUGGGUCACUCUUCUGUUCCCAGU,0.4720357941834452,0,"0.16,-3.26,-13.39,0,0,-211.57999999999998,0.05263157894736842,0,0.3157894736842105,0,0,0.05555555555555555,-3.26,0.0,0,1,0.2222222222222222,-3.42,1,0.05555555555555555,0,-2.35,0.0,0",-41.81,-11.21,0.16,nan,68.4
CCAGACCCAGAGAGUGGCC,UGUUGCCACUCAUGAACUUGGCCACUCUCUGGGUCUGGGUCACUCUUCUGUUCCCAG,0.3087248322147651,0,"0.0,-3.26,-13.39,0,0,-211.57999999999998,0.05263157894736842,0,0.3157894736842105,0,0,0.05555555555555555,-2.11,0.0,0,1,0.2222222222222222,-3.26,1,0.05555555555555555,0,-2.08,0.0,0",-41.81,-11.21,0.0,nan,68.4
GGCCAAGUUCAUGAGUGGC,CGUGAACUUCCUGUUUGUUGCCACUCAUGAACUUGGCCACUCUCUGGGUCUGGGUCA,0.4638329604772558,0,"0.16,-3.26,-13.39,0,1,-199.74,0.21052631578947367,0,0.3684210526315789,1,0,0.1111111111111111,-3.42,0.0,0,0,0.05555555555555555,-3.42,0,0.1111111111111111,0,-2.35,0.05555555555555555,0",-37.27,-9.5,0.16,nan,57.9
UCAUGAGUGGCAACAAACA,GACUCAGGCGUGAACUUCCUGUUUGUUGCCACUCAUGAACUUGGCCACUCUCUGGGU,0.7815063385533184,1,"-0.24,-2.35,-12.44,1,0,-179.26,0.15789473684210525,0,0.21052631578947367,0,0,0.05555555555555555,-2.11,0.0,0,0,0.0,-2.11,0,0.05555555555555555,0,-2.24,0.0,1",-31.74,-7.45,-0.24,nan,42.1
GAGUGGCAACAAACAGGAA,UGAGGACUCAGGCGUGAACUUCCUGUUUGUUGCCACUCAUGAACUUGGCCACUCUCU,0.2803877703206562,0,"-1.87,-2.35,-12.44,0,1,-183.40999999999997,0.05263157894736842,0,0.3157894736842105,0,0,0.1111111111111111,-2.08,0.0,0,0,0.0,-0.93,0,0.05555555555555555,0,-2.24,0.0,1",-33.14,-10.23,-1.87,nan,47.4
GGCAACAAACAGGAAGUUC,AUGGUGAGGACUCAGGCGUGAACUUCCUGUUUGUUGCCACUCAUGAACUUGGCCACU,0.3997017151379567,0,"-0.46,-3.26,-13.39,0,1,-183.51,0.10526315789473684,0,0.2631578947368421,1,0,0.1111111111111111,-3.42,0.0,0,0,0.0,-2.35,0,0.05555555555555555,0,-2.35,0.05555555555555555,0",-32.41,-7.2,-0.46,nan,47.4
GCAACAAACAGGAAGUUCA,GAUGGUGAGGACUCAGGCGUGAACUUCCUGUUUGUUGCCACUCAUGAACUUGGCCAC,0.2513049962714392,0,"-1.76,-3.42,-14.88,0,1,-176.83999999999997,0.10526315789473684,0,0.21052631578947367,0,1,0.05555555555555555,-2.11,0.0,0,0,0.0,-2.11,0,0.05555555555555555,0,-0.93,0.05555555555555555,1",-30.81,-4.71,-1.76,nan,42.1
AAACAGGAAGUUCACGCCU,GGACGGAUGGUGAGGACUCAGGCGUGAACUUCCUGUUUGUUGCCACUCAUGAACUUG,0.6793437733035049,1,"0.7,-0.93,-6.82,0,0,-179.92999999999998,0.15789473684210525,0,0.21052631578947367,0,0,0.05555555555555555,-0.93,0.0,0,0,0.05555555555555555,-2.08,0,0.05555555555555555,0,-2.11,0.05555555555555555,0",-32.91,-7.98,0.7,nan,47.4
AGGAAGUUCACGCCUGAGU,UACUGGACGGAUGGUGAGGACUCAGGCGUGAACUUCCUGUUUGUUGCCACUCAUGAA,0.5451155853840417,1,"0.16,-2.08,-10.48,0,0,-189.20999999999998,0.21052631578947367,0,0.3157894736842105,0,0,0.05555555555555555,-3.26,0.0,0,0,0.05555555555555555,-2.24,0,0.05555555555555555,0,-3.26,0.05555555555555555,0",-35.48,-7.25,0.16,nan,52.6
GAAGUUCACGCCUGAGUCC,AGUACUGGACGGAUGGUGAGGACUCAGGCGUGAACUUCCUGUUUGUUGCCACUCAUG,0.5249813571961223,1,"0.46,-2.35,-12.44,0,1,-198.61,0.21052631578947367,0,0.2631578947368421,0,0,0.0,-0.93,0.0,0,0,0.1111111111111111,-3.26,0,0.05555555555555555,0,-2.11,0.05555555555555555,0",-36.65,-5.65,0.46,nan,57.9
UUCACGCCUGAGUCCUCAC,GAUGAGUACUGGACGGAUGGUGAGGACUCAGGCGUGAACUUCCUGUUUGUUGCCACU,0.6666666666666667,1,"1.76,-0.93,-6.82,1,0,-198.51,0.2631578947368421,1,0.15789473684210525,0,0,0.0,-2.35,0.0,1,0,0.1111111111111111,-2.24,0,0.05555555555555555,0,-2.35,0.05555555555555555,0",-37.38,-11.2,1.76,nan,57.9
UCACGCCUGAGUCCUCACC,GGAUGAGUACUGGACGGAUGGUGAGGACUCAGGCGUGAACUUCCUGUUUGUUGCCAC,0.7054436987322893,1,"1.36,-2.35,-12.44,1,0,-205.07999999999998,0.21052631578947367,0,0.15789473684210525,0,0,0.0,-2.11,0.0,0,0,0.16666666666666666,-3.26,0,0.05555555555555555,0,-3.26,0.0,0",-39.71,-10.93,1.36,nan,63.2
CACGCCUGAGUCCUCACCA,AGGAUGAGUACUGGACGGAUGGUGAGGACUCAGGCGUGAACUUCCUGUUUGUUGCCA,0.5205070842654735,0,"-0.9,-2.11,-10.44,0,0,-203.07999999999998,0.15789473684210525,0,0.15789473684210525,0,0,0.0,-2.24,0.0,0,1,0.16666666666666666,-2.11,0,0.05555555555555555,0,-2.08,0.0,1",-39.47,-10.93,-0.9,nan,63.2
ACGCCUGAGUCCUCACCAU,AAGGAUGAGUACUGGACGGAUGGUGAGGACUCAGGCGUGAACUUCCUGUUUGUUGCC,0.4899328859060403,0,"-0.69,-2.24,-11.4,0,0,-198.3,0.21052631578947367,0,0.15789473684210525,0,0,0.0,-2.36,0.0,0,0,0.16666666666666666,-1.1,0,0.05555555555555555,0,-2.35,0.0,0",-38.01,-11.04,-0.69,nan,57.9
CGCCUGAGUCCUCACCAUC,CAAGGAUGAGUACUGGACGGAUGGUGAGGACUCAGGCGUGAACUUCCUGUUUGUUGC,0.4608501118568233,0,"0.44,-2.36,-10.64,0,0,-206.78000000000003,0.21052631578947367,0,0.15789473684210525,0,0,0.0,-3.42,0.0,0,1,0.16666666666666666,-2.35,0,0.05555555555555555,1,-2.11,0.0,0",-39.02,-11.21,0.44,nan,63.2
GAGUCCUCACCAUCCGUCC,UUUGACAAGGAUGAGUACUGGACGGAUGGUGAGGACUCAGGCGUGAACUUCCUGUUU,0.6047725577926921,1,"0.46,-2.35,-12.44,0,1,-208.20999999999998,0.21052631578947367,0,0.15789473684210525,0,0,0.0,-2.08,0.0,0,0,0.2222222222222222,-3.26,0,0.0,0,-2.35,0.0,0",-39.26,-9.82,0.46,nan,63.2
AGUCCUCACCAUCCGUCCA,CUUUGACAAGGAUGAGUACUGGACGGAUGGUGAGGACUCAGGCGUGAACUUCCUGUU,0.3914988814317673,0,"0.03,-2.08,-10.48,0,0,-198.76999999999998,0.21052631578947367,0,0.10526315789473684,0,0,0.0,-2.24,0.0,0,0,0.2222222222222222,-2.11,0,0.0,0,-3.26,0.0,1",-38.12,-9.85,0.03,nan,57.9
UCCUCACCAUCCGUCCAGU,CACUUUGACAAGGAUGAGUACUGGACGGAUGGUGAGGACUCAGGCGUGAACUUCCUG,0.3467561521252796,0,"-0.11,-2.35,-12.44,1,0,-198.76999999999998,0.2631578947368421,0,0.10526315789473684,0,0,0.0,-3.26,0.0,0,0,0.2222222222222222,-2.24,0,0.0,0,-2.24,0.0,0",-38.12,-11.21,-0.11,nan,57.9
CCUCACCAUCCGUCCAGUA,UCACUUUGACAAGGAUGAGUACUGGACGGAUGGUGAGGACUCAGGCGUGAACUUCCU,0.2431021625652498,0,"-1.93,-3.26,-13.39,0,0,-197.73999999999995,0.21052631578947367,0,0.10526315789473684,0,0,0.0,-2.08,0.05555555555555555,0,1,0.2222222222222222,-1.33,1,0.0,0,-2.35,0.0,1",-37.55,-9.61,-1.93,nan,57.9
UCACCAUCCGUCCAGUACU,GCUCACUUUGACAAGGAUGAGUACUGGACGGAUGGUGAGGACUCAGGCGUGAACUUC,0.6748695003728561,1,"-0.27,-2.35,-12.44,1,0,-192.02999999999997,0.2631578947368421,0,0.10526315789473684,0,0,0.0,-2.11,0.05555555555555555,0,0,0.16666666666666666,-2.08,0,0.0,0,-2.11,0.0,0",-36.08,-9.08,-0.27,nan,52.6
ACCAUCCGUCCAGUACUCA,AUGCUCACUUUGACAAGGAUGAGUACUGGACGGAUGGUGAGGACUCAGGCGUGAACU,0.4705443698732289,0,"-0.13,-2.24,-11.4,0,0,-192.03,0.21052631578947367,0,0.10526315789473684,0,0,0.0,-3.26,0.05555555555555555,0,0,0.16666666666666666,-2.11,0,0.0,0,-2.24,0.0,1",-36.08,-10.35,-0.13,nan,52.6
CCAUCCGUCCAGUACUCAU,GAUGCUCACUUUGACAAGGAUGAGUACUGGACGGAUGGUGAGGACUCAGGCGUGAAC,0.3124533929903057,0,"-2.16,-3.26,-13.39,0,0,-193.73,0.2631578947368421,0,0.10526315789473684,0,0,0.0,-2.11,0.05555555555555555,0,1,0.16666666666666666,-1.1,1,0.0,0,-1.33,0.0,0",-35.39,-8.88,-2.16,nan,52.6
CAUCCGUCCAGUACUCAUC,AGAUGCUCACUUUGACAAGGAUGAGUACUGGACGGAUGGUGAGGACUCAGGCGUGAA,0.6517524235645041,1,"0.24,-2.11,-10.44,0,0,-196.5,0.2631578947368421,0,0.10526315789473684,0,0,0.0,-1.1,0.05555555555555555,0,1,0.1111111111111111,-2.35,0,0.0,0,-2.24,0.0,0",-34.93,-9.12,0.24,nan,52.6
CCGUCCAGUACUCAUCCUU,CGGAGAUGCUCACUUUGACAAGGAUGAGUACUGGACGGAUGGUGAGGACUCAGGCGU,0.5652498135719612,1,"-2.33,-3.26,-13.39,0,0,-191.21,0.3157894736842105,0,0.10526315789473684,0,0,0.0,-2.36,0.05555555555555555,0,1,0.16666666666666666,-0.93,1,0.0,0,-2.11,0.05555555555555555,0",-35.19,-10.31,-2.33,nan,52.6
CAUCCUUGUCAAAGUGAGC,GCCAGGCCUCGGCGGAGAUGCUCACUUUGACAAGGAUGAGUACUGGACGGAUGGUGA,0.7583892617449663,1,"0.86,-2.11,-10.44,0,0,-187.81999999999996,0.2631578947368421,0,0.21052631578947367,0,0,0.0,-1.1,0.0,0,1,0.05555555555555555,-3.42,0,0.05555555555555555,0,-2.08,0.05555555555555555,0",-32.69,-7.29,0.86,nan,47.4
UCAAAGUGAGCAUCUCCGC,GCACCGGGGCCAGGCCUCGGCGGAGAUGCUCACUUUGACAAGGAUGAGUACUGGACG,0.8090976882923191,1,"1.52,-2.35,-12.44,1,0,-193.39999999999998,0.21052631578947367,0,0.21052631578947367,0,0,0.0,-2.11,0.0,0,0,0.05555555555555555,-3.42,0,0.1111111111111111,0,-2.35,0.0,0",-35.09,-6.31,1.52,nan,52.6
AAAGUGAGCAUCUCCGCCG,UUGCACCGGGGCCAGGCCUCGGCGGAGAUGCUCACUUUGACAAGGAUGAGUACUGGA,0.8829231916480238,1,"1.43,-0.93,-6.82,0,0,-194.54999999999995,0.15789473684210525,0,0.2631578947368421,0,0,0.0,-0.93,0.0,0,0,0.1111111111111111,-2.36,0,0.1111111111111111,0,-2.35,0.0,0",-36.25,-7.25,1.43,nan,57.9
GUGAGCAUCUCCGCCGAGG,CCUUUGCACCGGGGCCAGGCCUCGGCGGAGAUGCUCACUUUGACAAGGAUGAGUACU,0.5376584638329605,1,"0.57,-2.24,-11.4,0,1,-210.45999999999998,0.15789473684210525,0,0.3684210526315789,0,0,0.05555555555555555,-2.11,0.0,1,0,0.1111111111111111,-3.26,0,0.1111111111111111,0,-3.42,0.0,0",-40.45,-8.18,0.57,nan,68.4
UGAGCAUCUCCGCCGAGGC,GCCUUUGCACCGGGGCCAGGCCUCGGCGGAGAUGCUCACUUUGACAAGGAUGAGUAC,0.6726323639075317,1,"1.76,-2.11,-10.44,1,0,-210.21999999999997,0.15789473684210525,0,0.3157894736842105,0,0,0.05555555555555555,-2.35,0.0,0,0,0.1111111111111111,-3.42,0,0.16666666666666666,0,-3.26,0.0,0",-41.18,-9.32,1.76,nan,68.4
AGCAUCUCCGCCGAGGCCU,AUGCCUUUGCACCGGGGCCAGGCCUCGGCGGAGAUGCUCACUUUGACAAGGAUGAGU,0.5108128262490679,0,"0.0,-2.08,-10.48,0,0,-207.48999999999998,0.15789473684210525,0,0.2631578947368421,0,0,0.05555555555555555,-3.42,0.0,0,0,0.16666666666666666,-2.08,0,0.16666666666666666,0,-2.35,0.0,0",-41.61,-9.32,0.0,nan,68.4
AUCUCCGCCGAGGCCUGGC,GCCAUGCCUUUGCACCGGGGCCAGGCCUCGGCGGAGAUGCUCACUUUGACAAGGAUG,0.2692020879940343,0,"2.32,-1.1,-9.38,0,0,-214.12,0.15789473684210525,0,0.3157894736842105,0,0,0.1111111111111111,-2.35,0.0,1,0,0.16666666666666666,-3.42,0,0.16666666666666666,0,-3.42,0.0,0",-43.24,-11.28,2.32,nan,73.7
UCCGCCGAGGCCUGGCCCC,UAGGCCAUGCCUUUGCACCGGGGCCAGGCCUCGGCGGAGAUGCUCACUUUGACAAGG,0.3788217747949292,0,"1.36,-2.35,-12.44,1,0,-221.98999999999995,0.10526315789473684,0,0.3157894736842105,0,0,0.1111111111111111,-3.26,0.0,0,0,0.3333333333333333,-3.26,0,0.16666666666666666,0,-2.11,0.0,0",-47.49,-12.47,1.36,nan,84.2
GCCGAGGCCUGGCCCCGGU,CUCUAGGCCAUGCCUUUGCACCGGGGCCAGGCCUCGGCGGAGAUGCUCACUUUGACA,0.0820283370618941,0,"-1.63,-3.42,-14.88,0,1,-220.94999999999996,0.10526315789473684,0,0.42105263157894735,0,1,0.16666666666666666,-3.26,0.0,0,0,0.2777777777777778,-2.24,0,0.16666666666666666,0,-3.26,0.0,0",-47.38,-12.64,-1.63,nan,84.2
CUGGCCCCGGUGCAAAGGC,AGGAAACACUCUAGGCCAUGCCUUUGCACCGGGGCCAGGCCUCGGCGGAGAUGCUCA,0.2431021625652498,0,"0.89,-2.08,-10.48,0,0,-209.32999999999998,0.10526315789473684,0,0.3684210526315789,0,0,0.16666666666666666,-2.11,0.0,1,1,0.16666666666666666,-3.42,0,0.16666666666666666,0,-2.11,0.0,0",-42.68,-14.03,0.89,nan,73.7
UGGCCCCGGUGCAAAGGCA,CAGGAAACACUCUAGGCCAUGCCUUUGCACCGGGGCCAGGCCUCGGCGGAGAUGCUC,0.4407158836689038,0,"0.0,-2.11,-10.44,1,0,-201.84999999999997,0.10526315789473684,0,0.3684210526315789,0,0,0.16666666666666666,-3.26,0.0,0,0,0.16666666666666666,-2.11,0,0.16666666666666666,0,-0.93,0.0,1",-41.81,-14.73,0.0,nan,68.4
AAAGGCAUGGCCUAGAGUG,CAUUUGAUGGGCCAGGAAACACUCUAGGCCAUGCCUUUGCACCGGGGCCAGGCCUCG,0.7516778523489933,1,"1.63,-0.93,-6.82,0,0,-190.39,0.15789473684210525,0,0.3684210526315789,0,0,0.1111111111111111,-0.93,0.05555555555555555,0,0,0.05555555555555555,-2.11,0,0.1111111111111111,0,-1.33,0.0,0",-35.61,-7.91,1.63,nan,52.6
GCAUGGCCUAGAGUGUUUC,UUCCCAUUUGAUGGGCCAGGAAACACUCUAGGCCAUGCCUUUGCACCGGGGCCAGGC,0.4004474272930649,0,"-0.62,-3.42,-14.88,0,1,-194.07999999999998,0.3157894736842105,0,0.3157894736842105,0,1,0.05555555555555555,-2.11,0.05555555555555555,0,0,0.05555555555555555,-2.35,0,0.1111111111111111,0,-2.24,0.1111111111111111,0",-35.31,-11.17,-0.62,nan,52.6
CAUGGCCUAGAGUGUUUCC,CUUCCCAUUUGAUGGGCCAGGAAACACUCUAGGCCAUGCCUUUGCACCGGGGCCAGG,0.6689038031319909,1,"0.7,-2.11,-10.44,0,0,-192.58999999999997,0.3157894736842105,0,0.2631578947368421,0,0,0.05555555555555555,-1.1,0.05555555555555555,0,1,0.1111111111111111,-3.26,0,0.05555555555555555,0,-2.11,0.1111111111111111,0",-35.15,-10.24,0.7,nan,52.6
GGCCUAGAGUGUUUCCUGG,CAACUUCCCAUUUGAUGGGCCAGGAAACACUCUAGGCCAUGCCUUUGCACCGGGGCC,0.2520507084265473,0,"0.0,-3.26,-13.39,0,1,-196.64,0.3157894736842105,0,0.3684210526315789,1,0,0.1111111111111111,-3.42,0.05555555555555555,0,0,0.1111111111111111,-3.26,0,0.05555555555555555,0,-0.93,0.1111111111111111,0",-37.28,-9.98,0.0,nan,57.9
CCUAGAGUGUUUCCUGGCC,GACAACUUCCCAUUUGAUGGGCCAGGAAACACUCUAGGCCAUGCCUUUGCACCGGGG,0.4064131245339299,0,"0.0,-3.26,-13.39,0,0,-196.64,0.3157894736842105,0,0.2631578947368421,0,0,0.05555555555555555,-2.08,0.05555555555555555,0,1,0.16666666666666666,-3.26,1,0.05555555555555555,0,-3.26,0.1111111111111111,0",-37.28,-7.62,0.0,nan,57.9
CUAGAGUGUUUCCUGGCCC,AGACAACUUCCCAUUUGAUGGGCCAGGAAACACUCUAGGCCAUGCCUUUGCACCGGG,0.622669649515287,1,"0.73,-2.08,-10.48,0,0,-196.64,0.3157894736842105,0,0.2631578947368421,0,0,0.05555555555555555,-1.33,0.05555555555555555,1,1,0.16666666666666666,-3.26,0,0.05555555555555555,0,-2.08,0.1111111111111111,0",-37.28,-7.65,0.73,nan,57.9
GUUUCCUGGCCCAUCAAAU,AUCACGGAGACAACUUCCCAUUUGAUGGGCCAGGAAACACUCUAGGCCAUGCCUUUG,0.0782997762863534,0,"-1.59,-2.24,-11.4,0,1,-185.22999999999996,0.3157894736842105,0,0.15789473684210525,0,0,0.05555555555555555,-0.93,0.0,1,0,0.16666666666666666,-1.1,0,0.05555555555555555,0,-1.1,0.1111111111111111,0",-33.19,-7.12,-1.59,nan,47.4
UGGCCCAUCAAAUGGGAAG,GGGGAGAUCACGGAGACAACUUCCCAUUUGAUGGGCCAGGAAACACUCUAGGCCAUG,0.6338553318419089,1,"0.87,-2.11,-10.44,1,0,-190.83999999999995,0.15789473684210525,0,0.3157894736842105,0,0,0.16666666666666666,-3.26,0.0,0,0,0.1111111111111111,-2.08,0,0.05555555555555555,0,-2.11,0.0,0",-35.39,-11.87,0.87,nan,52.6
GCCCAUCAAAUGGGAAGUU,AAGGGGAGAUCACGGAGACAACUUCCCAUUUGAUGGGCCAGGAAACACUCUAGGCCA,0.0014914243102162,0,"-2.49,-3.42,-14.88,0,1,-185.22999999999996,0.21052631578947367,0,0.2631578947368421,0,1,0.1111111111111111,-3.26,0.0,0,0,0.1111111111111111,-0.93,0,0.05555555555555555,0,-3.26,0.05555555555555555,0",-33.19,-9.65,-2.49,nan,47.4
GUUGUCUCCGUGAUCUCCC,UCAUAAUUGGCUUCGCAAGGGGAGAUCACGGAGACAACUUCCCAUUUGAUGGGCCAG,0.7024608501118568,1,"0.57,-2.24,-11.4,0,1,-201.64,0.3684210526315789,0,0.21052631578947367,0,0,0.0,-0.93,0.0,1,0,0.16666666666666666,-3.26,0,0.0,0,-1.1,0.05555555555555555,0",-36.93,-7.52,0.57,nan,57.9
UGUCUCCGUGAUCUCCCCU,CAUCAUAAUUGGCUUCGCAAGGGGAGAUCACGGAGACAACUUCCCAUUUGAUGGGCC,0.7591349739000746,1,"-0.03,-2.11,-10.44,1,0,-199.84999999999994,0.3684210526315789,0,0.15789473684210525,0,0,0.0,-2.24,0.0,0,0,0.2222222222222222,-2.08,0,0.0,0,-2.08,0.0,0",-38.2,-10.55,-0.03,nan,57.9
CUCCGUGAUCUCCCCUUGC,AGACAUCAUAAUUGGCUUCGCAAGGGGAGAUCACGGAGACAACUUCCCAUUUGAUGG,0.6748695003728561,1,"0.89,-2.08,-10.48,0,0,-205.14999999999995,0.3157894736842105,0,0.15789473684210525,0,0,0.0,-2.35,0.0,1,1,0.2222222222222222,-3.42,0,0.05555555555555555,0,-3.26,0.05555555555555555,0",-38.86,-9.68,0.89,nan,63.2
UCCGUGAUCUCCCCUUGCG,CAGACAUCAUAAUUGGCUUCGCAAGGGGAGAUCACGGAGACAACUUCCCAUUUGAUG,0.7255779269202088,1,"0.46,-2.35,-12.44,1,0,-201.58999999999997,0.3157894736842105,0,0.21052631578947367,0,0,0.0,-3.26,0.0,0,0,0.2222222222222222,-2.36,0,0.05555555555555555,0,-3.26,0.05555555555555555,0",-38.69,-8.88,0.46,nan,63.2
CGUGAUCUCCCCUUGCGAA,UGCAGACAUCAUAAUUGGCUUCGCAAGGGGAGAUCACGGAGACAACUUCCCAUUUGA,0.1998508575689783,0,"-1.43,-2.36,-10.64,0,0,-195.01999999999998,0.2631578947368421,0,0.21052631578947367,0,0,0.0,-2.24,0.0,0,1,0.16666666666666666,-0.93,0,0.05555555555555555,1,-0.93,0.05555555555555555,1",-36.36,-7.69,-1.43,nan,57.9
UGAUCUCCCCUUGCGAAGC,ACUGCAGACAUCAUAAUUGGCUUCGCAAGGGGAGAUCACGGAGACAACUUCCCAUUU,0.785234899328859,1,"1.76,-2.11,-10.44,1,0,-198.33999999999995,0.2631578947368421,0,0.21052631578947367,0,0,0.0,-2.35,0.0,0,0,0.16666666666666666,-3.42,0,0.1111111111111111,0,-3.42,0.05555555555555555,0",-37.26,-9.4,1.76,nan,57.9
CCUUGCGAAGCCAAUUAUG,GUUGGGGGACUGCAGACAUCAUAAUUGGCUUCGCAAGGGGAGAUCACGGAGACAACU,0.4705443698732289,0,"-0.7,-3.26,-13.39,0,0,-182.01999999999998,0.2631578947368421,0,0.21052631578947367,0,0,0.0,-2.08,0.05555555555555555,0,1,0.1111111111111111,-2.11,1,0.1111111111111111,0,-0.93,0.1111111111111111,0",-31.72,-8.71,-0.7,nan,47.4
CUUGCGAAGCCAAUUAUGA,AGUUGGGGGACUGCAGACAUCAUAAUUGGCUUCGCAAGGGGAGAUCACGGAGACAAC,0.5630126771066368,1,"-0.63,-2.08,-10.48,0,0,-177.34999999999997,0.2631578947368421,0,0.21052631578947367,0,0,0.0,-0.93,0.05555555555555555,1,1,0.05555555555555555,-2.35,0,0.1111111111111111,0,-1.1,0.1111111111111111,1",-30.36,-7.11,-0.63,nan,42.1
GAAGCCAAUUAUGAUGUCU,GGGUUAGUUGGGGGACUGCAGACAUCAUAAUUGGCUUCGCAAGGGGAGAUCACGGAG,0.7412378821774795,1,"-1.17,-2.35,-12.44,0,1,-178.22999999999996,0.3157894736842105,0,0.21052631578947367,0,0,0.0,-0.93,0.05555555555555555,0,0,0.05555555555555555,-2.08,0,0.05555555555555555,0,-2.35,0.05555555555555555,0",-29.34,-7.74,-1.17,nan,36.8
AAGCCAAUUAUGAUGUCUG,AGGGUUAGUUGGGGGACUGCAGACAUCAUAAUUGGCUUCGCAAGGGGAGAUCACGGA,0.7658463832960477,1,"1.63,-0.93,-6.82,0,0,-176.22999999999996,0.3157894736842105,0,0.21052631578947367,0,0,0.0,-2.08,0.05555555555555555,0,0,0.05555555555555555,-2.11,0,0.05555555555555555,0,-1.1,0.05555555555555555,0",-29.1,-7.91,1.63,nan,36.8
AGCCAAUUAUGAUGUCUGC,GAGGGUUAGUUGGGGGACUGCAGACAUCAUAAUUGGCUUCGCAAGGGGAGAUCACGG,0.715137956748695,1,"1.79,-2.08,-10.48,0,0,-184.28999999999996,0.3157894736842105,0,0.21052631578947367,0,0,0.0,-3.42,0.05555555555555555,0,0,0.05555555555555555,-3.42,0,0.1111111111111111,0,-2.11,0.05555555555555555,0",-31.59,-7.21,1.79,nan,42.1
CCCCAACUAACCCUCUUGA,UGCAAAUCCCACUGXAACUUCAAGAGGGUUAGUUGGGGGACUGCAGACAUCAUAAUU,0.3042505592841163,0,"-1.36,-3.26,-13.39,0,0,-187.76999999999998,0.21052631578947367,0,0.05263157894736842,0,0,0.0,-3.26,0.05555555555555555,0,1,0.2777777777777778,-2.35,1,0.0,0,-2.08,0.05555555555555555,1",-35.52,-9.34,-1.36,nan,52.6
AGUGGGAUUUGCAUACUCC,XXXXXXXXXXXXXXAAUGUGGAGUAUGCAAAUCCCACUGXAACUUCAAGAGGGUUAG,0.72110365398956,1,"1.63,-2.08,-10.48,0,0,-187.76999999999998,0.3157894736842105,0,0.2631578947368421,0,0,0.1111111111111111,-2.24,0.05555555555555555,0,0,0.05555555555555555,-3.26,0,0.05555555555555555,0,-1.1,0.1111111111111111,0",-33.72,-9.78,1.63,nan,47.4
CUGGAAUGCCACUUAGGAC,UUCUCACUAAUGCCAAACAGUCCUAAGUGGCAUUCCAGAACXXXXXXXXXXXXXXXX,0.8165548098434005,1,"0.16,-2.08,-10.48,0,0,-192.59,0.21052631578947367,0,0.2631578947368421,0,0,0.1111111111111111,-2.11,0.05555555555555555,1,1,0.05555555555555555,-2.24,0,0.05555555555555555,0,-0.93,0.05555555555555555,0",-35.15,-7.32,0.16,nan,52.6
GAAUGCCACUUAGGACUGU,GAAUUCUCACUAAUGCCAAACAGUCCUAAGUGGCAUUCCAGAACXXXXXXXXXXXXX,0.4899328859060403,0,"-1.01,-2.35,-12.44,0,1,-186.88000000000002,0.2631578947368421,0,0.2631578947368421,0,0,0.05555555555555555,-0.93,0.05555555555555555,0,0,0.05555555555555555,-2.24,0,0.05555555555555555,0,-3.26,0.05555555555555555,0",-33.68,-7.94,-1.01,nan,47.4
UGCCACUUAGGACUGUUUG,GCAGAAUUCUCACUAAUGCCAAACAGUCCUAAGUGGCAUUCCAGAACXXXXXXXXXX,0.6055182699478002,1,"0.9,-2.11,-10.44,1,0,-182.32,0.3684210526315789,0,0.2631578947368421,0,0,0.05555555555555555,-3.42,0.05555555555555555,0,0,0.05555555555555555,-2.11,0,0.05555555555555555,0,-2.08,0.16666666666666666,0",-33.27,-9.5,0.9,nan,47.4
UUAGGACUGUUUGGCAUUA,GAUGUUGCAGAAUUCUCACUAAUGCCAAACAGUCCUAAGUGGCAUUCCAGAACXXXX,0.7829977628635347,1,"0.4,-0.93,-6.82,1,0,-170.17,0.42105263157894735,1,0.2631578947368421,0,0,0.1111111111111111,-1.33,0.1111111111111111,1,0,0.0,-1.33,0,0.05555555555555555,0,-3.26,0.2222222222222222,1",-29.75,-8.35,0.4,nan,36.8
UGGCAUUAGUGAGAAUUCU,GUGGAGUGCCAGAUGUUGCAGAAUUCUCACUAAUGCCAAACAGUCCUAAGUGGCAUU,0.7971662938105891,1,"-0.03,-2.11,-10.44,1,0,-175.60999999999999,0.3684210526315789,0,0.2631578947368421,0,0,0.05555555555555555,-3.26,0.05555555555555555,0,0,0.0,-2.08,0,0.05555555555555555,0,-2.35,0.1111111111111111,0",-29.87,-7.61,-0.03,nan,36.8
GCAUUAGUGAGAAUUCUGC,GUGUGGAGUGCCAGAUGUUGCAGAAUUCUCACUAAUGCCAAACAGUCCUAAGUGGCA,0.7032065622669649,1,"0.0,-3.42,-14.88,0,1,-184.53999999999996,0.3157894736842105,0,0.2631578947368421,0,1,0.0,-2.11,0.05555555555555555,0,0,0.0,-3.42,0,0.1111111111111111,0,-1.1,0.1111111111111111,0",-30.93,-5.25,0.0,nan,42.1
CAUUAGUGAGAAUUCUGCA,GGUGUGGAGUGCCAGAUGUUGCAGAAUUCUCACUAAUGCCAAACAGUCCUAAGUGGC,0.5436241610738255,1,"-0.9,-2.11,-10.44,0,0,-176.37999999999997,0.3157894736842105,0,0.21052631578947367,0,0,0.0,-1.1,0.05555555555555555,0,1,0.0,-2.11,0,0.05555555555555555,0,-0.93,0.1111111111111111,1",-29.17,-5.25,-0.9,nan,36.8
UUAGUGAGAAUUCUGCAAC,CAGGUGUGGAGUGCCAGAUGUUGCAGAAUUCUCACUAAUGCCAAACAGUCCUAAGUG,0.9105145413870248,1,"1.76,-0.93,-6.82,1,0,-174.78,0.3157894736842105,1,0.21052631578947367,0,0,0.0,-1.33,0.05555555555555555,1,0,0.0,-2.24,0,0.05555555555555555,0,-2.08,0.1111111111111111,0",-29.13,-7.65,1.76,nan,36.8
AGUGAGAAUUCUGCAACAU,CCCAGGUGUGGAGUGCCAGAUGUUGCAGAAUUCUCACUAAUGCCAAACAGUCCUAAG,0.5980611483967189,1,"-0.53,-2.08,-10.48,0,0,-176.37,0.2631578947368421,0,0.21052631578947367,0,0,0.0,-2.24,0.0,0,0,0.0,-1.1,0,0.05555555555555555,0,-3.42,0.05555555555555555,0",-29.63,-7.52,-0.53,nan,36.8
GUGAGAAUUCUGCAACAUC,GCCCAGGUGUGGAGUGCCAGAUGUUGCAGAAUUCUCACUAAUGCCAAACAGUCCUAA,0.8903803131991052,1,"0.11,-2.24,-11.4,0,1,-185.77,0.2631578947368421,0,0.21052631578947367,0,0,0.0,-2.11,0.0,1,0,0.0,-2.35,0,0.05555555555555555,0,-2.11,0.05555555555555555,0",-30.8,-5.93,0.11,nan,42.1
GAAUUCUGCAACAUCUGGC,AGAAGCCCAGGUGUGGAGUGCCAGAUGUUGCAGAAUUCUCACUAAUGCCAAACAGUC,0.7464578672632363,1,"0.62,-2.35,-12.44,0,1,-190.2,0.2631578947368421,0,0.21052631578947367,0,0,0.05555555555555555,-0.93,0.0,0,0,0.0,-3.42,0,0.1111111111111111,0,-1.1,0.05555555555555555,0",-32.89,-4.96,0.62,nan,47.4
UUCUGCAACAUCUGGCACU,UGCAGAAGCCCAGGUGUGGAGUGCCAGAUGUUGCAGAAUUCUCACUAAUGCCAAACA,0.8575689783743474,1,"0.7,-0.93,-6.82,1,0,-186.44,0.3157894736842105,1,0.15789473684210525,0,0,0.05555555555555555,-2.35,0.0,1,0,0.0,-2.08,0,0.1111111111111111,0,-2.11,0.05555555555555555,0",-34.04,-8.01,0.7,nan,47.4
UCUGCAACAUCUGGCACUC,AUGCAGAAGCCCAGGUGUGGAGUGCCAGAUGUUGCAGAAUUCUCACUAAUGCCAAAC,0.7755406413124535,1,"0.9,-2.35,-12.44,1,0,-195.77999999999997,0.2631578947368421,0,0.15789473684210525,0,0,0.05555555555555555,-2.08,0.0,0,0,0.0,-2.35,0,0.1111111111111111,0,-3.26,0.0,0",-35.91,-8.8,0.9,nan,52.6
UGCAACAUCUGGCACUCCA,UAAUGCAGAAGCCCAGGUGUGGAGUGCCAGAUGUUGCAGAAUUCUCACUAAUGCCAA,0.6808351976137211,1,"0.0,-2.11,-10.44,1,0,-192.96999999999997,0.21052631578947367,0,0.15789473684210525,0,0,0.05555555555555555,-3.42,0.0,0,0,0.05555555555555555,-2.11,0,0.1111111111111111,0,-2.11,0.0,1",-36.4,-7.37,0.0,nan,52.6
AACAUCUGGCACUCCACAC,AGAUAAUGCAGAAGCCCAGGUGUGGAGUGCCAGAUGUUGCAGAAUUCUCACUAAUGC,0.7002237136465324,1,"1.76,-0.93,-6.82,0,0,-194.17000000000002,0.15789473684210525,0,0.10526315789473684,0,0,0.05555555555555555,-2.24,0.0,0,0,0.05555555555555555,-2.24,0,0.05555555555555555,0,-2.35,0.0,0",-35.8,-7.45,1.76,nan,52.6
UCUGGCACUCCACACCUGG,AUGGAGAUAAUGCAGAAGCCCAGGUGUGGAGUGCCAGAUGUUGCAGAAUUCUCACUA,0.6383296047725577,1,"1.36,-2.35,-12.44,1,0,-203.83000000000004,0.21052631578947367,0,0.21052631578947367,0,0,0.1111111111111111,-2.08,0.0,0,0,0.1111111111111111,-3.26,0,0.05555555555555555,0,-2.11,0.0,0",-40.13,-11.13,1.36,nan,63.2
CUGGCACUCCACACCUGGG,CAUGGAGAUAAUGCAGAAGCCCAGGUGUGGAGUGCCAGAUGUUGCAGAAUUCUCACU,0.4526472781506338,0,"0.73,-2.08,-10.48,0,0,-208.5,0.15789473684210525,0,0.2631578947368421,0,0,0.16666666666666666,-2.11,0.0,1,1,0.1111111111111111,-3.26,0,0.05555555555555555,0,-2.24,0.0,0",-41.49,-10.23,0.73,nan,68.4
GCACUCCACACCUGGGCUU,UGUCAUGGAGAUAAUGCAGAAGCCCAGGUGUGGAGUGCCAGAUGUUGCAGAAUUCUC,0.3542132736763609,0,"-2.49,-3.42,-14.88,0,1,-202.64999999999995,0.21052631578947367,0,0.21052631578947367,0,1,0.1111111111111111,-2.11,0.0,0,0,0.1111111111111111,-0.93,0,0.1111111111111111,0,-2.11,0.05555555555555555,0",-40.02,-9.61,-2.49,nan,63.2
CACUCCACACCUGGGCUUC,GUGUCAUGGAGAUAAUGCAGAAGCCCAGGUGUGGAGUGCCAGAUGUUGCAGAAUUCU,0.7009694258016406,1,"0.24,-2.11,-10.44,0,0,-203.92999999999998,0.21052631578947367,0,0.15789473684210525,0,0,0.1111111111111111,-2.24,0.0,0,1,0.1111111111111111,-2.35,0,0.05555555555555555,0,-3.26,0.05555555555555555,0",-39.4,-9.74,0.24,nan,63.2
CCACACCUGGGCUUCUGCA,CCCCGUGUCAUGGAGAUAAUGCAGAAGCCCAGGUGUGGAGUGCCAGAUGUUGCAGAA,0.4571215510812826,0,"-1.6,-3.26,-13.39,0,0,-201.68999999999997,0.21052631578947367,0,0.21052631578947367,0,0,0.1111111111111111,-2.11,0.0,0,1,0.1111111111111111,-2.11,1,0.1111111111111111,0,-0.93,0.05555555555555555,1",-39.89,-9.5,-1.6,nan,63.2
ACACCUGGGCUUCUGCAUU,CCCCCCGUGUCAUGGAGAUAAUGCAGAAGCCCAGGUGUGGAGUGCCAGAUGUUGCAG,0.6420581655480985,1,"-0.86,-2.24,-11.4,0,0,-190.33999999999997,0.3157894736842105,0,0.21052631578947367,0,0,0.1111111111111111,-2.11,0.0,0,0,0.05555555555555555,-0.93,0,0.1111111111111111,0,-2.08,0.1111111111111111,0",-36.1,-10.97,-0.86,nan,52.6
CUUCUGCAUUAUCUCCAUG,GAAAGCUGUCCCCCCGUGUCAUGGAGAUAAUGCAGAAGCCCAGGUGUGGAGUGCCAG,0.727069351230425,1,"0.03,-2.08,-10.48,0,0,-184.64999999999998,0.42105263157894735,0,0.10526315789473684,0,0,0.0,-0.93,0.05555555555555555,1,1,0.05555555555555555,-2.11,0,0.05555555555555555,0,-2.08,0.1111111111111111,0",-30.81,-8.01,0.03,nan,42.1
UCUGCAUUAUCUCCAUGAC,UGGAAAGCUGUCCCCCCGUGUCAUGGAGAUAAUGCAGAAGCCCAGGUGUGGAGUGCC,0.8575689783743474,1,"0.79,-2.35,-12.44,1,0,-187.47,0.3684210526315789,0,0.10526315789473684,0,0,0.0,-2.08,0.05555555555555555,0,0,0.05555555555555555,-2.24,0,0.05555555555555555,0,-3.26,0.05555555555555555,0",-31.94,-7.21,0.79,nan,42.1
UGCAUUAUCUCCAUGACAC,ACUGGAAAGCUGUCCCCCCGUGUCAUGGAGAUAAUGCAGAAGCCCAGGUGUGGAGUG,0.83668903803132,1,"1.03,-2.11,-10.44,1,0,-186.39000000000001,0.3157894736842105,0,0.10526315789473684,0,0,0.0,-3.42,0.05555555555555555,0,0,0.05555555555555555,-2.24,0,0.05555555555555555,0,-1.1,0.05555555555555555,0",-31.86,-5.45,1.03,nan,42.1
GGACAGCUUUCCAGUCUCC,AGAAGUUCUUCGGUUUGCCGGAGACUGGAAAGCUGUCCCCCCGUGUCAUGGAGAUAA,0.6614466815809098,1,"0.0,-3.26,-13.39,0,1,-200.44,0.2631578947368421,0,0.21052631578947367,1,0,0.05555555555555555,-2.35,0.0,0,0,0.1111111111111111,-3.26,0,0.05555555555555555,0,-2.08,0.1111111111111111,0",-37.39,-9.74,0.0,nan,57.9
GCUUUCCAGUCUCCGGCAA,AAUGCAGAAGUUCUUCGGUUUGCCGGAGACUGGAAAGCUGUCCCCCCGUGUCAUGGA,0.0141685309470544,0,"-2.49,-3.42,-14.88,0,1,-194.73999999999995,0.2631578947368421,0,0.21052631578947367,0,1,0.05555555555555555,-2.08,0.0,0,0,0.1111111111111111,-0.93,0,0.1111111111111111,0,-3.26,0.1111111111111111,1",-36.98,-7.12,-2.49,nan,57.9
UUCCAGUCUCCGGCAAACC,GGAAAUGCAGAAGUUCUUCGGUUUGCCGGAGACUGGAAAGCUGUCCCCCCGUGUCAU,0.7665920954511559,1,"2.33,-0.93,-6.82,1,0,-194.17000000000002,0.21052631578947367,1,0.15789473684210525,0,0,0.05555555555555555,-2.35,0.0,1,0,0.16666666666666666,-3.26,0,0.05555555555555555,0,-3.42,0.05555555555555555,0",-36.98,-9.85,2.33,nan,57.9
UCCGGCAAACCGAAGAACU,AAACUGAGGGAAAUGCAGAAGUUCUUCGGUUUGCCGGAGACUGGAAAGCUGUCCCCC,0.401193139448173,0,"-0.27,-2.35,-12.44,1,0,-184.07999999999998,0.10526315789473684,0,0.21052631578947367,0,0,0.05555555555555555,-3.26,0.0,0,0,0.1111111111111111,-2.08,0,0.05555555555555555,0,-0.93,0.0,0",-34.45,-10.8,-0.27,nan,52.6
CCGGCAAACCGAAGAACUU,CAAACUGAGGGAAAUGCAGAAGUUCUUCGGUUUGCCGGAGACUGGAAAGCUGUCCCC,0.0134228187919463,0,"-2.33,-3.26,-13.39,0,0,-182.17999999999998,0.10526315789473684,0,0.21052631578947367,0,0,0.05555555555555555,-2.36,0.0,0,1,0.1111111111111111,-0.93,1,0.05555555555555555,0,-2.08,0.05555555555555555,0",-33.48,-8.47,-2.33,nan,52.6
GAACUUCUGCAUUUCCCUC,CCAGUGCAGUGGACAAACUGAGGGAAAUGCAGAAGUUCUUCGGUUUGCCGGAGACUG,0.727069351230425,1,"0.0,-2.35,-12.44,0,1,-188.18999999999997,0.3684210526315789,0,0.10526315789473684,0,0,0.0,-0.93,0.0,0,0,0.1111111111111111,-2.35,0,0.05555555555555555,0,-0.93,0.16666666666666666,0",-32.77,-5.62,0.0,nan,47.4
AACUUCUGCAUUUCCCUCA,ACCAGUGCAGUGGACAAACUGAGGGAAAUGCAGAAGUUCUUCGGUUUGCCGGAGACU,0.773303504847129,1,"0.73,-0.93,-6.82,0,0,-178.74999999999997,0.3684210526315789,0,0.05263157894736842,0,0,0.0,-2.24,0.0,0,0,0.1111111111111111,-2.11,0,0.05555555555555555,0,-2.35,0.16666666666666666,1",-31.63,-7.25,0.73,nan,42.1
ACUUCUGCAUUUCCCUCAG,CACCAGUGCAGUGGACAAACUGAGGGAAAUGCAGAAGUUCUUCGGUUUGCCGGAGAC,0.6219239373601789,1,"0.74,-2.24,-11.4,0,0,-186.12999999999994,0.3684210526315789,0,0.10526315789473684,0,0,0.0,-2.08,0.0,0,0,0.1111111111111111,-2.08,0,0.05555555555555555,0,-3.26,0.16666666666666666,0",-33.23,-8.88,0.74,nan,47.4
UCUGCAUUUCCCUCAGUUU,GGCCACCAGUGCAGUGGACAAACUGAGGGAAAUGCAGAAGUUCUUCGGUUUGCCGGA,0.8657718120805369,1,"-0.97,-2.35,-12.44,1,0,-178.75,0.47368421052631576,0,0.10526315789473684,0,0,0.0,-2.08,0.0,0,0,0.1111111111111111,-0.93,0,0.05555555555555555,0,-2.35,0.2222222222222222,0",-31.63,-7.21,-0.97,nan,42.1
CAUUUCCCUCAGUUUGUCC,AGAAGGCCACCAGUGCAGUGGACAAACUGAGGGAAAUGCAGAAGUUCUUCGGUUUGC,0.6189410887397464,1,"0.7,-2.11,-10.44,0,0,-185.62,0.42105263157894735,0,0.10526315789473684,0,0,0.0,-1.1,0.0,0,1,0.16666666666666666,-3.26,0,0.0,0,-0.93,0.2222222222222222,0",-32.53,-7.29,0.7,nan,47.4
CCCUCAGUUUGUCCACUGC,AACAAAGAAGGCCACCAGUGCAGUGGACAAACUGAGGGAAAUGCAGAAGUUCUUCGG,0.2408650260999254,0,"0.16,-3.26,-13.39,0,0,-197.36,0.3157894736842105,0,0.15789473684210525,0,0,0.0,-3.26,0.0,0,1,0.16666666666666666,-3.42,1,0.05555555555555555,0,-3.26,0.1111111111111111,0",-37.07,-9.58,0.16,nan,57.9
UCAGUUUGUCCACUGCACU,UAAAACAAAGAAGGCCACCAGUGCAGUGGACAAACUGAGGGAAAUGCAGAAGUUCUU,0.8210290827740492,1,"-0.27,-2.35,-12.44,1,0,-184.98,0.3684210526315789,0,0.15789473684210525,0,0,0.0,-2.11,0.0,0,0,0.05555555555555555,-2.08,0,0.05555555555555555,0,-2.08,0.1111111111111111,0",-34.0,-6.31,-0.27,nan,47.4
CAGUUUGUCCACUGCACUG,CUAAAACAAAGAAGGCCACCAGUGCAGUGGACAAACUGAGGGAAAUGCAGAAGUUCU,0.7457121551081283,1,"0.0,-2.11,-10.44,0,0,-190.42,0.3157894736842105,0,0.21052631578947367,0,0,0.0,-2.08,0.0,0,1,0.05555555555555555,-2.11,0,0.05555555555555555,0,-2.11,0.1111111111111111,0",-34.66,-5.54,0.0,nan,52.6
CCACUGCACUGGUGGCCUU,UCACGACUCUAAAACAAAGAAGGCCACCAGUGCAGUGGACAAACUGAGGGAAAUGCA,0.1662938105891126,0,"-2.33,-3.26,-13.39,0,0,-200.64999999999995,0.2631578947368421,0,0.2631578947368421,0,0,0.1111111111111111,-2.11,0.0,0,1,0.1111111111111111,-0.93,1,0.1111111111111111,0,-2.11,0.05555555555555555,0",-39.78,-9.53,-2.33,nan,63.2
GCACUGGUGGCCUUCUUUG,UACCUUCACGACUCUAAAACAAAGAAGGCCACCAGUGCAGUGGACAAACUGAGGGAA,0.284862043251305,0,"-0.86,-3.42,-14.88,0,1,-195.21999999999997,0.3684210526315789,0,0.3157894736842105,0,1,0.1111111111111111,-2.11,0.0,0,0,0.05555555555555555,-2.11,0,0.1111111111111111,0,-0.93,0.16666666666666666,0",-36.83,-9.5,-0.86,nan,57.9
ACUGGUGGCCUUCUUUGUU,UUUACCUUCACGACUCUAAAACAAAGAAGGCCACCAGUGCAGUGGACAAACUGAGGG,0.6495152870991797,1,"-0.86,-2.24,-11.4,0,0,-180.67999999999995,0.47368421052631576,0,0.2631578947368421,0,0,0.1111111111111111,-2.08,0.0,0,0,0.05555555555555555,-0.93,0,0.05555555555555555,0,-2.08,0.2222222222222222,0",-33.57,-10.97,-0.86,nan,47.4
UGGUGGCCUUCUUUGUUUU,AUUUUACCUUCACGACUCUAAAACAAAGAAGGCCACCAGUGCAGUGGACAAACUGAG,0.3407904548844146,0,"-0.73,-2.11,-10.44,1,0,-172.44,0.5789473684210527,0,0.2631578947368421,0,0,0.1111111111111111,-3.26,0.0,0,0,0.05555555555555555,-0.93,0,0.05555555555555555,0,-0.93,0.3333333333333333,0",-31.11,-13.46,-0.73,nan,42.1
UGGCCUUCUUUGUUUUAGA,GAAAUUUUACCUUCACGACUCUAAAACAAAGAAGGCCACCAGUGCAGUGGACAAACU,0.7136465324384788,1,"0.24,-2.11,-10.44,1,0,-167.81999999999996,0.5263157894736842,0,0.21052631578947367,0,0,0.05555555555555555,-3.26,0.05555555555555555,0,0,0.05555555555555555,-2.35,0,0.05555555555555555,0,-0.93,0.3333333333333333,1",-29.26,-11.21,0.24,nan,36.8
CUUCUUUGUUUUAGAGUCG,UUAGGAAAUUUUACCUUCACGACUCUAAAACAAAGAAGGCCACCAGUGCAGUGGACA,0.8448918717375093,1,"-0.17,-2.08,-10.48,0,0,-168.12,0.5263157894736842,0,0.21052631578947367,0,0,0.0,-0.93,0.05555555555555555,1,1,0.0,-2.36,0,0.0,0,-2.08,0.3333333333333333,0",-27.14,-4.79,-0.17,nan,36.8
CUUUGUUUUAGAGUCGUGA,AUCUUAGGAAAUUUUACCUUCACGACUCUAAAACAAAGAAGGCCACCAGUGCAGUGG,0.8053691275167786,1,"-0.63,-2.08,-10.48,0,0,-168.94000000000003,0.47368421052631576,0,0.2631578947368421,0,0,0.0,-0.93,0.05555555555555555,1,1,0.0,-2.35,0,0.0,0,-2.24,0.2777777777777778,1",-28.03,-3.08,-0.63,nan,36.8
UGUUUUAGAGUCGUGAAGG,AUUAUCUUAGGAAAUUUUACCUUCACGACUCUAAAACAAAGAAGGCCACCAGUGCAG,0.9410887397464579,1,"1.6,-2.11,-10.44,1,0,-175.51,0.3684210526315789,0,0.3684210526315789,0,0,0.05555555555555555,-2.24,0.05555555555555555,0,0,0.0,-3.26,0,0.0,0,-2.24,0.16666666666666666,0",-30.36,-4.35,1.6,nan,42.1
UUUUAGAGUCGUGAAGGUA,GAAUUAUCUUAGGAAAUUUUACCUUCACGACUCUAAAACAAAGAAGGCCACCAGUGC,0.8202833706189412,1,"0.4,-0.93,-6.82,1,0,-169.04,0.3684210526315789,1,0.3157894736842105,0,0,0.05555555555555555,-0.93,0.1111111111111111,1,0,0.0,-1.33,0,0.0,0,-2.35,0.16666666666666666,1",-29.13,-5.16,0.4,nan,36.8
UUUAGAGUCGUGAAGGUAA,AGAAUUAUCUUAGGAAAUUUUACCUUCACGACUCUAAAACAAAGAAGGCCACCAGUG,0.9753914988814318,1,"0.0,-0.93,-6.82,1,0,-169.04,0.3157894736842105,1,0.3157894736842105,0,0,0.05555555555555555,-0.93,0.1111111111111111,1,0,0.0,-0.93,0,0.0,0,-0.93,0.1111111111111111,1",-29.13,-6.02,0.0,nan,36.8
UUAGAGUCGUGAAGGUAAA,CAGAAUUAUCUUAGGAAAUUUUACCUUCACGACUCUAAAACAAAGAAGGCCACCAGU,0.8202833706189412,1,"0.0,-0.93,-6.82,1,0,-169.04,0.2631578947368421,1,0.3157894736842105,0,0,0.05555555555555555,-1.33,0.1111111111111111,1,0,0.0,-0.93,0,0.0,0,-2.08,0.05555555555555555,1",-29.13,-7.89,0.0,nan,36.8
GAGUCGUGAAGGUAAAAUU,GCGCAGAAUUAUCUUAGGAAAUUUUACCUUCACGACUCUAAAACAAAGAAGGCCACC,0.5674869500372857,1,"-1.87,-2.35,-12.44,0,1,-170.78999999999996,0.2631578947368421,0,0.3157894736842105,0,0,0.05555555555555555,-2.08,0.05555555555555555,0,0,0.0,-0.93,0,0.0,0,-1.33,0.05555555555555555,0",-28.2,-8.84,-1.87,nan,36.8
AGUCGUGAAGGUAAAAUUU,GGCGCAGAAUUAUCUUAGGAAAUUUUACCUUCACGACUCUAAAACAAAGAAGGCCAC,0.5548098434004475,1,"-0.7,-2.08,-10.48,0,0,-161.44999999999996,0.3157894736842105,0,0.2631578947368421,0,0,0.05555555555555555,-2.24,0.05555555555555555,0,0,0.0,-0.93,0,0.0,0,-0.93,0.1111111111111111,0",-26.33,-9.11,-0.7,nan,31.6
UCGUGAAGGUAAAAUUUCC,CAGGCGCAGAAUUAUCUUAGGAAAUUUUACCUUCACGACUCUAAAACAAAGAAGGCC,0.9463087248322148,1,"1.36,-2.35,-12.44,1,0,-169.11999999999995,0.3157894736842105,0,0.21052631578947367,0,0,0.05555555555555555,-2.36,0.05555555555555555,0,0,0.05555555555555555,-3.26,0,0.0,0,-0.93,0.1111111111111111,0",-28.07,-7.98,1.36,nan,36.8
GUGAAGGUAAAAUUUCCUA,AACAGGCGCAGAAUUAUCUUAGGAAAUUUUACCUUCACGACUCUAAAACAAAGAAGG,0.6428038777032066,1,"-1.36,-2.24,-11.4,0,1,-164.20999999999995,0.3157894736842105,0,0.21052631578947367,0,0,0.05555555555555555,-2.11,0.1111111111111111,1,0,0.05555555555555555,-1.33,0,0.0,0,-0.93,0.1111111111111111,1",-26.77,-7.98,-1.36,nan,31.6
AGGUAAAAUUUCCUAAGAU,UGGGAACAGGCGCAGAAUUAUCUUAGGAAAUUUUACCUUCACGACUCUAAAACAAAG,0.5935868754660701,1,"-0.53,-2.08,-10.48,0,0,-158.51,0.3157894736842105,0,0.15789473684210525,0,0,0.05555555555555555,-3.26,0.1111111111111111,0,0,0.05555555555555555,-1.1,0,0.0,0,-2.08,0.1111111111111111,0",-25.15,-5.08,-0.53,nan,26.3
GGUAAAAUUUCCUAAGAUA,GUGGGAACAGGCGCAGAAUUAUCUUAGGAAAUUUUACCUUCACGACUCUAAAACAAA,0.2117822520507084,0,"-1.93,-3.26,-13.39,0,1,-159.44,0.3157894736842105,0,0.15789473684210525,1,0,0.05555555555555555,-2.24,0.16666666666666666,0,0,0.05555555555555555,-1.33,0,0.0,0,-1.33,0.1111111111111111,1",-24.85,-2.92,-1.93,nan,26.3
AAAUUUCCUAAGAUAAUUC,UUCAGUGGGAACAGGCGCAGAAUUAUCUUAGGAAAUUUUACCUUCACGACUCUAAAA,0.8665175242356451,1,"1.87,-0.93,-6.82,0,0,-155.6,0.3684210526315789,0,0.05263157894736842,0,0,0.0,-0.93,0.1111111111111111,0,0,0.05555555555555555,-2.35,0,0.0,0,-1.1,0.16666666666666666,0",-22.4,-4.96,1.87,nan,21.1
UUUCCUAAGAUAAUUCUGC,CACUUCAGUGGGAACAGGCGCAGAAUUAUCUUAGGAAAUUUUACCUUCACGACUCUA,0.9813571961222968,1,"2.49,-0.93,-6.82,1,0,-168.37999999999997,0.42105263157894735,1,0.10526315789473684,0,0,0.0,-0.93,0.1111111111111111,1,0,0.05555555555555555,-3.42,0,0.05555555555555555,0,-1.1,0.16666666666666666,0",-27.05,-5.89,2.49,nan,31.6
CCUAAGAUAAUUCUGCGCC,CCGCACUUCAGUGGGAACAGGCGCAGAAUUAUCUUAGGAAAUUUUACCUUCACGACU,1,1,"0.0,-3.26,-13.39,0,0,-184.92999999999995,0.2631578947368421,0,0.15789473684210525,0,0,0.0,-2.08,0.1111111111111111,0,1,0.1111111111111111,-3.26,1,0.1111111111111111,0,-2.08,0.05555555555555555,0",-32.33,-5.33,0.0,nan,47.4
CUAAGAUAAUUCUGCGCCU,ACCGCACUUCAGUGGGAACAGGCGCAGAAUUAUCUUAGGAAAUUUUACCUUCACGAC,0.4921700223713647,0,"-0.9,-2.08,-10.48,0,0,-178.29999999999998,0.3157894736842105,0,0.15789473684210525,0,0,0.0,-1.33,0.1111111111111111,1,1,0.05555555555555555,-2.08,0,0.1111111111111111,0,-2.11,0.05555555555555555,0",-30.7,-4.13,-0.9,nan,42.1
AAGAUAAUUCUGCGCCUGU,UGACCGCACUUCAGUGGGAACAGGCGCAGAAUUAUCUUAGGAAAUUUUACCUUCACG,0.5637583892617449,1,"0.86,-0.93,-6.82,0,0,-178.25,0.3157894736842105,0,0.21052631578947367,0,0,0.0,-2.08,0.05555555555555555,0,0,0.05555555555555555,-2.24,0,0.1111111111111111,0,-2.36,0.05555555555555555,0",-31.19,-3.9,0.86,nan,42.1
AUAAUUCUGCGCCUGUUCC,AAGUGACCGCACUUCAGUGGGAACAGGCGCAGAAUUAUCUUAGGAAAUUUUACCUUC,0.7762863534675615,1,"2.16,-1.1,-9.38,0,0,-184.88,0.3684210526315789,0,0.15789473684210525,0,0,0.0,-1.33,0.05555555555555555,1,0,0.1111111111111111,-3.26,0,0.1111111111111111,0,-2.08,0.1111111111111111,0",-32.82,-3.73,2.16,nan,47.4
UAAUUCUGCGCCUGUUCCC,GAAGUGACCGCACUUCAGUGGGAACAGGCGCAGAAUUAUCUUAGGAAAUUUUACCUU,0.6979865771812082,1,"1.93,-1.33,-7.69,1,0,-188.89,0.3684210526315789,0,0.15789473684210525,0,0,0.0,-0.93,0.05555555555555555,0,0,0.16666666666666666,-3.26,0,0.1111111111111111,0,-2.11,0.1111111111111111,0",-34.98,-4.96,1.93,nan,52.6
AAUUCUGCGCCUGUUCCCA,AGAAGUGACCGCACUUCAGUGGGAACAGGCGCAGAAUUAUCUUAGGAAAUUUUACCU,0.3489932885906041,0,"0.73,-0.93,-6.82,0,0,-187.91999999999996,0.3157894736842105,0,0.15789473684210525,0,0,0.0,-1.1,0.0,0,0,0.16666666666666666,-2.11,0,0.1111111111111111,0,-2.24,0.1111111111111111,1",-35.31,-7.45,0.73,nan,52.6
CUGUUCCCACUGAAGUGCG,AGGAAGCCGGAGAAGUGACCGCACUUCAGUGGGAACAGGCGCAGAAUUAUCUUAGGA,0.6793437733035049,1,"-0.17,-2.08,-10.48,0,0,-194.61,0.2631578947368421,0,0.2631578947368421,0,0,0.0,-2.11,0.0,1,1,0.1111111111111111,-2.36,0,0.05555555555555555,0,-0.93,0.05555555555555555,0",-36.17,-9.61,-0.17,nan,57.9
UGUUCCCACUGAAGUGCGG,CAGGAAGCCGGAGAAGUGACCGCACUUCAGUGGGAACAGGCGCAGAAUUAUCUUAGG,0.6830723340790456,1,"1.6,-2.11,-10.44,1,0,-193.79999999999995,0.2631578947368421,0,0.3157894736842105,0,0,0.05555555555555555,-2.24,0.0,0,0,0.1111111111111111,-3.26,0,0.05555555555555555,0,-2.08,0.05555555555555555,0",-36.9,-9.61,1.6,nan,57.9
CACUGAAGUGCGGUCACUU,CUGUCCCAGGAAGCCGGAGAAGUGACCGCACUUCAGUGGGAACAGGCGCAGAAUUAU,0.5943325876211782,1,"-1.63,-2.11,-10.44,0,0,-188.89999999999998,0.2631578947368421,0,0.2631578947368421,0,0,0.05555555555555555,-2.24,0.0,0,1,0.0,-0.93,0,0.05555555555555555,0,-2.24,0.05555555555555555,0",-34.7,-7.25,-1.63,nan,52.6
ACUGAAGUGCGGUCACUUC,ACUGUCCCAGGAAGCCGGAGAAGUGACCGCACUUCAGUGGGAACAGGCGCAGAAUUA,0.3020134228187919,0,"1.01,-2.24,-11.4,0,0,-190.9,0.2631578947368421,0,0.2631578947368421,0,0,0.05555555555555555,-2.08,0.0,0,0,0.0,-2.35,0,0.05555555555555555,0,-2.35,0.05555555555555555,0",-34.94,-7.25,1.01,nan,52.6
CUGAAGUGCGGUCACUUCU,CACUGUCCCAGGAAGCCGGAGAAGUGACCGCACUUCAGUGGGAACAGGCGCAGAAUU,0.2453392990305742,0,"-0.9,-2.08,-10.48,0,0,-189.98,0.3157894736842105,0,0.2631578947368421,0,0,0.05555555555555555,-2.11,0.0,1,1,0.0,-2.08,0,0.05555555555555555,0,-2.11,0.05555555555555555,0",-34.78,-7.28,-0.9,nan,52.6
AGUGCGGUCACUUCUCCGG,CUGCCACUGUCCCAGGAAGCCGGAGAAGUGACCGCACUUCAGUGGGAACAGGCGCAG,0.7039522744220731,1,"1.63,-2.08,-10.48,0,0,-199.65999999999997,0.2631578947368421,0,0.3157894736842105,0,0,0.1111111111111111,-2.24,0.0,0,0,0.05555555555555555,-3.26,0,0.05555555555555555,0,-2.35,0.05555555555555555,0",-38.54,-11.09,1.63,nan,63.2
GGUCACUUCUCCGGCUUCC,UGGCCCUGCCACUGUCCCAGGAAGCCGGAGAAGUGACCGCACUUCAGUGGGAACAGG,0.6189410887397464,1,"0.0,-3.26,-13.39,0,1,-203.54999999999995,0.3157894736842105,0,0.21052631578947367,1,0,0.1111111111111111,-2.24,0.0,0,0,0.1111111111111111,-3.26,0,0.05555555555555555,0,-3.26,0.1111111111111111,0",-38.82,-7.41,0.0,nan,63.2
CACUUCUCCGGCUUCCUGG,GCCUGGCCCUGCCACUGUCCCAGGAAGCCGGAGAAGUGACCGCACUUCAGUGGGAAC,0.5384041759880686,1,"0.7,-2.11,-10.44,0,0,-200.63,0.3157894736842105,0,0.21052631578947367,0,0,0.1111111111111111,-2.24,0.0,0,1,0.1111111111111111,-3.26,0,0.05555555555555555,0,-0.93,0.1111111111111111,0",-38.42,-7.49,0.7,nan,63.2
ACUUCUCCGGCUUCCUGGG,UGCCUGGCCCUGCCACUGUCCCAGGAAGCCGGAGAAGUGACCGCACUUCAGUGGGAA,0.4787472035794183,0,"1.47,-2.24,-11.4,0,0,-199.86,0.3157894736842105,0,0.2631578947368421,0,0,0.16666666666666666,-2.08,0.0,0,0,0.1111111111111111,-3.26,0,0.05555555555555555,0,-2.35,0.1111111111111111,0",-39.12,-8.96,1.47,nan,63.2
GGCUUCCUGGGACAGUGGC,XXXCAGGCUGCCUGGCCCUGCCACUGUCCCAGGAAGCCGGAGAAGUGACCGCACUUC,0.4921700223713647,0,"0.16,-3.26,-13.39,0,1,-210.35999999999996,0.21052631578947367,0,0.42105263157894735,1,0,0.2222222222222222,-3.42,0.0,0,0,0.05555555555555555,-3.42,0,0.1111111111111111,0,-2.11,0.05555555555555555,0",-41.73,-9.58,0.16,nan,68.4
UUCCUGGGACAGUGGCAGG,XXXXXXCAGGCUGCCUGGCCCUGCCACUGUCCCAGGAAGCCGGAGAAGUGACCGCAC,0.5063385533184191,0,"2.33,-0.93,-6.82,1,0,-202.2,0.21052631578947367,1,0.42105263157894735,0,0,0.2222222222222222,-2.35,0.0,1,0,0.05555555555555555,-3.26,0,0.05555555555555555,0,-2.11,0.05555555555555555,0",-39.97,-11.78,2.33,nan,63.2
UGGGACAGUGGCAGGGCCA,XXXXXXXXXXCAGGCUGCCUGGCCCUGCCACUGUCCCAGGAAGCCGGAGAAGUGACC,0.6979865771812082,1,"0.0,-2.11,-10.44,1,0,-207.44999999999993,0.10526315789473684,0,0.47368421052631576,0,0,0.2777777777777778,-3.26,0.0,0,0,0.05555555555555555,-2.11,0,0.1111111111111111,0,-2.08,0.0,1",-42.95,-11.21,0.0,nan,68.4
AGUGGCAGGGCCAGGCAGC,XXXXXXXXXXXXXXXXCAGGCUGCCUGGCCCUGCCACUGUCCCAGGAAGCCGGAGAA,0.4794929157345265,0,"1.79,-2.08,-10.48,0,0,-214.22,0.05263157894736842,0,0.47368421052631576,0,0,0.2222222222222222,-2.24,0.0,0,0,0.05555555555555555,-3.42,0,0.2222222222222222,0,-2.08,0.0,0",-44.44,-11.13,1.79,nan,73.7
GGCCGAGCGGCCUCGGUCC,UCGGAGCUCAAGGACUUCGGGACCGAGGCCGCUCGGCCGCAGAAGGGCCGGAAGCCG,0.378076062639821,0,"0.0,-3.26,-13.39,0,1,-222.96999999999997,0.10526315789473684,0,0.42105263157894735,1,0,0.16666666666666666,-3.42,0.0,0,0,0.16666666666666666,-3.26,0,0.16666666666666666,0,-2.35,0.0,0",-46.26,-12.8,0.0,nan,84.2
GGCCUCGGUCCCGAAGUCC,ACAACCAGUCGGAGCUCAAGGACUUCGGGACCGAGGCCGCUCGGCCGCAGAAGGGCC,0.401193139448173,0,"0.0,-3.26,-13.39,0,1,-213.22999999999996,0.15789473684210525,0,0.3157894736842105,1,0,0.1111111111111111,-3.42,0.0,0,0,0.2222222222222222,-3.26,0,0.05555555555555555,0,-2.35,0.0,0",-42.58,-12.64,0.0,nan,73.7
CCUCGGUCCCGAAGUCCUU,CCACAACCAGUCGGAGCUCAAGGACUUCGGGACCGAGGCCGCUCGGCCGCAGAAGGG,0.4377330350484713,0,"-2.33,-3.26,-13.39,0,0,-198.54,0.2631578947368421,0,0.21052631578947367,0,0,0.05555555555555555,-2.08,0.0,0,1,0.2222222222222222,-0.93,1,0.0,0,-2.08,0.05555555555555555,0",-38.46,-10.55,-2.33,nan,63.2
UCGGUCCCGAAGUCCUUGA,UUCCACAACCAGUCGGAGCUCAAGGACUUCGGGACCGAGGCCGCUCGGCCGCAGAAG,0.4571215510812826,0,"0.0,-2.35,-12.44,1,0,-193.83,0.2631578947368421,0,0.2631578947368421,0,0,0.05555555555555555,-2.36,0.0,0,0,0.16666666666666666,-2.35,0,0.0,0,-2.35,0.05555555555555555,1",-37.13,-12.64,0.0,nan,57.9
CGGUCCCGAAGUCCUUGAG,CUUCCACAACCAGUCGGAGCUCAAGGACUUCGGGACCGAGGCCGCUCGGCCGCAGAA,0.4668158090976883,0,"0.17,-2.36,-10.64,0,0,-199.31,0.21052631578947367,0,0.3157894736842105,0,0,0.05555555555555555,-3.26,0.0,0,1,0.16666666666666666,-2.08,0,0.0,1,-3.26,0.05555555555555555,0",-37.76,-12.64,0.17,nan,63.2
GUCCCGAAGUCCUUGAGCU,CGCUUCCACAACCAGUCGGAGCUCAAGGACUUCGGGACCGAGGCCGCUCGGCCGCAG,0.482475764354959,0,"-1.06,-2.24,-11.4,0,1,-196.91999999999996,0.2631578947368421,0,0.2631578947368421,0,0,0.0,-2.35,0.0,1,0,0.16666666666666666,-2.08,0,0.05555555555555555,0,-0.93,0.05555555555555555,0",-37.19,-9.52,-1.06,nan,57.9
CCCGAAGUCCUUGAGCUCC,CCCGCUUCCACAACCAGUCGGAGCUCAAGGACUUCGGGACCGAGGCCGCUCGGCCGC,0.5592841163310962,1,"0.0,-3.26,-13.39,0,0,-202.63,0.21052631578947367,0,0.21052631578947367,0,0,0.0,-3.26,0.0,0,1,0.2222222222222222,-3.26,1,0.05555555555555555,0,-2.35,0.05555555555555555,0",-38.66,-8.68,0.0,nan,63.2
CGAAGUCCUUGAGCUCCGA,CACCCGCUUCCACAACCAGUCGGAGCUCAAGGACUUCGGGACCGAGGCCGCUCGGCC,0.4608501118568233,0,"-0.46,-2.36,-10.64,0,0,-195.20999999999998,0.21052631578947367,0,0.2631578947368421,0,0,0.0,-2.35,0.0,0,1,0.1111111111111111,-2.35,0,0.05555555555555555,1,-3.42,0.05555555555555555,1",-36.4,-9.12,-0.46,nan,57.9
GAGCUCCGACUGGUUGUGG,GCAAGCGCCUCACCCGCUUCCACAACCAGUCGGAGCUCAAGGACUUCGGGACCGAGG,0.6025354213273677,1,"0.46,-2.35,-12.44,0,1,-203.18,0.2631578947368421,0,0.42105263157894735,0,0,0.1111111111111111,-2.08,0.0,0,0,0.05555555555555555,-3.26,0,0.05555555555555555,0,-2.24,0.05555555555555555,0",-38.74,-11.01,0.46,nan,63.2
AGCGGGUGAGGCGCUUGCA,CCUGGUGGCCUCGUGCAAGUGCAAGCGCCUCACCCGCUUCCACAACCAGUCGGAGCU,0.4936614466815809,0,"0.03,-2.08,-10.48,0,0,-203.33999999999997,0.15789473684210525,0,0.47368421052631576,0,0,0.16666666666666666,-3.42,0.0,0,0,0.0,-2.11,0,0.2222222222222222,0,-3.42,0.05555555555555555,1",-41.28,-12.56,0.03,nan,68.4
GGUGAGGCGCUUGCACUUG,UGCGCCUGGUGGCCUCGUGCAAGUGCAAGCGCCUCACCCGCUUCCACAACCAGUCGG,0.5130499627143922,0,"-0.7,-3.26,-13.39,0,1,-200.52999999999997,0.2631578947368421,0,0.42105263157894735,1,0,0.1111111111111111,-2.24,0.0,0,0,0.0,-2.11,0,0.16666666666666666,0,-3.42,0.1111111111111111,0",-38.42,-11.37,-0.7,nan,63.2
ACUUGCACGAGGCCACCAG,GCGCGCGCGCAAGGUGCGCCUGGUGGCCUCGUGCAAGUGCAAGCGCCUCACCCGCUU,0.3914988814317673,0,"0.74,-2.24,-11.4,0,0,-199.9,0.10526315789473684,0,0.2631578947368421,0,0,0.05555555555555555,-2.08,0.0,0,0,0.1111111111111111,-2.08,0,0.1111111111111111,0,-3.26,0.05555555555555555,0",-39.12,-8.8,0.74,nan,63.2
GAGGCCACCAGGCGCACCU,GAGGCGCCGCGCGCGCGCAAGGUGCGCCUGGUGGCCUCGUGCAAGUGCAAGCGCCUC,0.5309470544369873,1,"-1.17,-2.35,-12.44,0,1,-212.9,0.05263157894736842,0,0.3157894736842105,0,0,0.1111111111111111,-2.08,0.0,0,0,0.16666666666666666,-2.08,0,0.16666666666666666,0,-2.36,0.0,0",-43.78,-11.83,-1.17,nan,73.7
CCAGGCGCACCUUGCGCGC,CGGUGGUGAGGCGCCGCGCGCGCGCAAGGUGCGCCUGGUGGCCUCGUGCAAGUGCAA,0.3079791200596569,0,"0.16,-3.26,-13.39,0,0,-213.38,0.10526315789473684,0,0.3157894736842105,0,0,0.05555555555555555,-2.11,0.0,0,1,0.1111111111111111,-3.42,1,0.2777777777777778,0,-2.11,0.05555555555555555,0",-43.53,-12.56,0.16,nan,78.9
CGCACCUUGCGCGCGCGCG,UGUCCCGGUGGUGAGGCGCCGCGCGCGCGCAAGGUGCGCCUGGUGGCCUCGUGCAAG,0.4519015659955257,0,"0.0,-2.36,-10.64,0,0,-212.47999999999996,0.10526315789473684,0,0.3684210526315789,0,0,0.0,-3.42,0.0,0,1,0.05555555555555555,-2.36,0,0.3333333333333333,1,-3.42,0.05555555555555555,0",-43.32,-9.5,0.0,nan,84.2
CACCUUGCGCGCGCGCGGC,UGUGUCCCGGUGGUGAGGCGCCGCGCGCGCGCAAGGUGCGCCUGGUGGCCUCGUGCA,0.4258016405667412,0,"0.86,-2.11,-10.44,0,0,-215.22999999999996,0.10526315789473684,0,0.3684210526315789,0,0,0.05555555555555555,-2.24,0.0,0,1,0.05555555555555555,-3.42,0,0.3333333333333333,0,-3.42,0.05555555555555555,0",-44.22,-9.5,0.86,nan,84.2
GCGCGCGCGGCGCCUCACC,GCAGCUGCUGUGUCCCGGUGGUGAGGCGCCGCGCGCGCGCAAGGUGCGCCUGGUGGC,0.1938851603281133,0,"-0.16,-3.42,-14.88,0,1,-223.79999999999995,0.05263157894736842,0,0.3684210526315789,0,1,0.05555555555555555,-2.36,0.0,0,0,0.1111111111111111,-3.26,0,0.3333333333333333,0,-3.26,0.0,0",-46.79,-13.25,-0.16,nan,89.5
GCGCGCGGCGCCUCACCAC,GUGCAGCUGCUGUGUCCCGGUGGUGAGGCGCCGCGCGCGCGCAAGGUGCGCCUGGUG,0.4862043251304996,0,"-0.73,-3.42,-14.88,0,1,-220.11999999999998,0.05263157894736842,0,0.3157894736842105,0,1,0.05555555555555555,-2.36,0.0,0,0,0.1111111111111111,-2.24,0,0.2777777777777778,0,-2.35,0.0,0",-45.36,-13.09,-0.73,nan,84.2
CGCGGCGCCUCACCACCGG,CGCGUGCAGCUGCUGUGUCCCGGUGGUGAGGCGCCGCGCGCGCGCAAGGUGCGCCUG,0.2669649515287099,0,"0.9,-2.36,-10.64,0,0,-217.14,0.05263157894736842,0,0.3157894736842105,0,0,0.1111111111111111,-3.42,0.0,0,1,0.16666666666666666,-3.26,0,0.16666666666666666,1,-3.26,0.0,0",-45.04,-14.15,0.9,nan,84.2
CGCCUCACCACCGGGACAC,CGCAGCGCGUGCAGCUGCUGUGUCCCGGUGGUGAGGCGCCGCGCGCGCGCAAGGUGC,0.4690529455630127,0,"0.33,-2.36,-10.64,0,0,-211.77999999999997,0.05263157894736842,0,0.21052631578947367,0,0,0.1111111111111111,-3.42,0.0,0,1,0.16666666666666666,-2.24,0,0.05555555555555555,1,-3.26,0.0,0",-42.42,-11.37,0.33,nan,73.7
CCACCGGGACACAGCAGCU,UACCGCGCGCAGCGCGUGCAGCUGCUGUGUCCCGGUGGUGAGGCGCCGCGCGCGCGC,0.4921700223713647,0,"-1.63,-3.26,-13.39,0,0,-206.46999999999997,0.05263157894736842,0,0.2631578947368421,0,0,0.1111111111111111,-2.11,0.0,0,1,0.1111111111111111,-2.08,1,0.1111111111111111,0,-2.08,0.0,0",-41.45,-12.4,-1.63,nan,68.4
CACGCGCUGCGCGCGGUAG,UCCGCUGCAUCCCCGACCGCUACCGCGCGCAGCGCGUGCAGCUGCUGUGUCCCGGUG,0.3765846383296047,0,"-0.03,-2.11,-10.44,0,0,-209.70999999999998,0.10526315789473684,0,0.42105263157894735,0,0,0.05555555555555555,-2.24,0.05555555555555555,0,1,0.0,-2.08,0,0.2777777777777778,0,-3.42,0.0,0",-42.26,-10.89,-0.03,nan,78.9
ACGCGCUGCGCGCGGUAGC,UUCCGCUGCAUCCCCGACCGCUACCGCGCGCAGCGCGUGCAGCUGCUGUGUCCCGGU,0.3862788963460105,0,"1.63,-2.24,-11.4,0,0,-210.42999999999995,0.10526315789473684,0,0.42105263157894735,0,0,0.05555555555555555,-2.36,0.05555555555555555,0,0,0.0,-3.42,0,0.3333333333333333,0,-2.36,0.0,0",-43.12,-11.66,1.63,nan,78.9
GUCGGGCCCACUAGGUCGC,UCGGCCGCGGCAAGUGGUGGCGACCUAGUGGGCCCGACUUCCGCUGCAUCCCCGACC,0.4921700223713647,0,"0.73,-2.24,-11.4,0,1,-212.55,0.15789473684210525,0,0.3684210526315789,0,0,0.16666666666666666,-2.35,0.05555555555555555,1,0,0.1111111111111111,-3.42,0,0.1111111111111111,0,-2.08,0.0,0",-42.79,-13.37,0.73,nan,73.7
CCACUAGGUCGCCACCACU,AACGCCAUCGGCCGCGGCAAGUGGUGGCGACCUAGUGGGCCCGACUUCCGCUGCAUC,0.5883668903803132,1,"-1.63,-3.26,-13.39,0,0,-200.24,0.15789473684210525,0,0.15789473684210525,0,0,0.05555555555555555,-2.11,0.05555555555555555,0,1,0.16666666666666666,-2.08,1,0.05555555555555555,0,-2.11,0.0,0",-39.49,-9.01,-1.63,nan,63.2
ACUAGGUCGCCACCACUUG,CCAACGCCAUCGGCCGCGGCAAGUGGUGGCGACCUAGUGGGCCCGACUUCCGCUGCA,0.4809843400447428,0,"0.77,-2.24,-11.4,0,0,-193.66999999999996,0.21052631578947367,0,0.21052631578947367,0,0,0.05555555555555555,-2.08,0.05555555555555555,0,0,0.1111111111111111,-2.11,0,0.05555555555555555,0,-3.26,0.05555555555555555,0",-37.16,-9.25,0.77,nan,57.9
CACCACUUGCCGCGGCCGA,CGCCUGCUGCCCAACGCCAUCGGCCGCGGCAAGUGGUGGCGACCUAGUGGGCCCGAC,0.4921700223713647,0,"-0.66,-2.11,-10.44,0,0,-206.64999999999992,0.10526315789473684,0,0.2631578947368421,0,0,0.05555555555555555,-2.24,0.0,0,1,0.16666666666666666,-2.35,0,0.16666666666666666,0,-2.36,0.05555555555555555,1",-42.01,-7.87,-0.66,nan,73.7
GCGGCCGAUGGCGUUGGGC,GCGGCCCGGCGCGCCUGCUGCCCAACGCCAUCGGCCGCGGCAAGUGGUGGCGACCUA,0.4794929157345265,0,"0.0,-3.42,-14.88,0,1,-215.7,0.15789473684210525,0,0.5263157894736842,0,1,0.2222222222222222,-2.36,0.0,0,0,0.05555555555555555,-3.42,0,0.2222222222222222,0,-2.24,0.05555555555555555,0",-43.81,-12.47,0.0,nan,78.9
UGGCGUUGGGCAGCAGGCG,CGGCCAGUGCGGCCCGGCGCGCCUGCUGCCCAACGCCAUCGGCCGCGGCAAGUGGUG,0.4817300521998509,0,"0.7,-2.11,-10.44,1,0,-207.96999999999997,0.15789473684210525,0,0.5263157894736842,0,0,0.2222222222222222,-3.26,0.0,0,0,0.0,-2.36,0,0.2222222222222222,0,-3.42,0.05555555555555555,0",-42.67,-10.23,0.7,nan,73.7
UUGGGCAGCAGGCGCGCCG,UGCUCCGGCCAGUGCGGCCCGGCGCGCCUGCUGCCCAACGCCAUCGGCCGCGGCAAG,0.6308724832214765,1,"1.43,-0.93,-6.82,1,0,-211.64999999999998,0.10526315789473684,1,0.47368421052631576,0,0,0.16666666666666666,-2.11,0.0,1,0,0.05555555555555555,-2.36,0,0.2777777777777778,0,-2.36,0.05555555555555555,0",-44.1,-11.7,1.43,nan,78.9
GCAGGCGCGCCGGGCCGCA,GCUGGUGUGCUCCGGCCAGUGCGGCCCGGCGCGCCUGCUGCCCAACGCCAUCGGCCG,0.3885160328113348,0,"-1.76,-3.42,-14.88,0,1,-222.81999999999994,0.0,0,0.47368421052631576,0,1,0.16666666666666666,-2.11,0.0,0,0,0.1111111111111111,-2.11,0,0.3333333333333333,0,-3.26,0.0,1",-48.02,-12.56,-1.76,nan,89.5
GGGCCGCACUGGCCGGAGC,CCGGUCACCGAGCUGGUGUGCUCCGGCCAGUGCGGCCCGGCGCGCCUGCUGCCCAAC,0.395227442207308,0,"0.16,-3.26,-13.39,0,1,-223.20999999999995,0.05263157894736842,0,0.47368421052631576,1,0,0.2222222222222222,-3.26,0.0,0,0,0.1111111111111111,-3.42,0,0.2222222222222222,0,-3.26,0.0,0",-46.84,-13.29,0.16,nan,84.2
CACACCAGCUCGGUGACCG,CCGUGCCGCAGCGCCAAGCCGGUCACCGAGCUGGUGUGCUCCGGCCAGUGCGGCCCG,0.3892617449664429,0,"-0.2,-2.11,-10.44,0,0,-205.91999999999996,0.10526315789473684,0,0.2631578947368421,0,0,0.05555555555555555,-2.24,0.0,0,1,0.1111111111111111,-2.36,0,0.05555555555555555,0,-2.24,0.0,0",-40.09,-9.5,-0.2,nan,68.4
CUCGGUGACCGGCUUGGCG,CCGAUGGGCCGUGCCGCAGCGCCAAGCCGGUCACCGAGCUGGUGUGCUCCGGCCAGU,0.4407158836689038,0,"-0.17,-2.08,-10.48,0,0,-207.96999999999997,0.21052631578947367,0,0.42105263157894735,0,0,0.16666666666666666,-2.35,0.0,1,1,0.05555555555555555,-2.36,0,0.1111111111111111,0,-2.08,0.05555555555555555,0",-41.36,-9.68,-0.17,nan,73.7
GGUGACCGGCUUGGCGCUG,UGACCGAUGGGCCGUGCCGCAGCGCCAAGCCGGUCACCGAGCUGGUGUGCUCCGGCC,0.3765846383296047,0,"-0.7,-3.26,-13.39,0,1,-210.20999999999995,0.21052631578947367,0,0.47368421052631576,1,0,0.16666666666666666,-2.24,0.0,0,0,0.05555555555555555,-2.11,0,0.16666666666666666,0,-3.26,0.05555555555555555,0",-42.18,-10.47,-0.7,nan,73.7
GACCGGCUUGGCGCUGCGG,ACGUGACCGAUGGGCCGUGCCGCAGCGCCAAGCCGGUCACCGAGCUGGUGUGCUCCG,0.3825503355704698,0,"0.46,-2.35,-12.44,0,1,-213.89,0.15789473684210525,0,0.47368421052631576,0,0,0.16666666666666666,-2.24,0.0,0,0,0.05555555555555555,-3.26,0,0.2222222222222222,0,-3.42,0.05555555555555555,0",-43.61,-11.63,0.46,nan,78.9
CGGCUUGGCGCUGCGGCAC,GCUACGUGACCGAUGGGCCGUGCCGCAGCGCCAAGCCGGUCACCGAGCUGGUGUGCU,0.3698732289336316,0,"0.33,-2.36,-10.64,0,0,-213.37999999999997,0.15789473684210525,0,0.42105263157894735,0,0,0.16666666666666666,-3.26,0.0,0,1,0.0,-2.24,0,0.2777777777777778,1,-3.42,0.05555555555555555,0",-43.53,-10.97,0.33,nan,78.9
GCUUGGCGCUGCGGCACGG,CCGCUACGUGACCGAUGGGCCGUGCCGCAGCGCCAAGCCGGUCACCGAGCUGGUGUG,0.3765846383296047,0,"-0.16,-3.42,-14.88,0,1,-213.38,0.15789473684210525,0,0.47368421052631576,0,1,0.16666666666666666,-2.08,0.0,0,0,0.0,-3.26,0,0.2777777777777778,0,-3.26,0.05555555555555555,0",-43.53,-10.07,-0.16,nan,78.9
GCUGCGGCACGGCCCAUCG,ACUUCACCCGCUACGUGACCGAUGGGCCGUGCCGCAGCGCCAAGCCGGUCACCGAGC,0.3803131991051454,0,"-1.06,-3.42,-14.88,0,1,-216.40999999999997,0.10526315789473684,0,0.3684210526315789,0,1,0.1111111111111111,-2.08,0.0,0,0,0.1111111111111111,-2.36,0,0.2222222222222222,0,-3.26,0.0,0",-43.81,-12.56,-1.06,nan,78.9
CUGCGGCACGGCCCAUCGG,CACUUCACCCGCUACGUGACCGAUGGGCCGUGCCGCAGCGCCAAGCCGGUCACCGAG,0.4049217002237136,0,"0.73,-2.08,-10.48,0,0,-214.91999999999996,0.10526315789473684,0,0.3684210526315789,0,0,0.16666666666666666,-2.11,0.0,1,1,0.1111111111111111,-3.26,0,0.16666666666666666,0,-3.26,0.0,0",-43.65,-11.69,0.73,nan,78.9
CCCAUCGGUCACGUAGCGG,GCCGCGAGCUGCACUUCACCCGCUACGUGACCGAUGGGCCGUGCCGCAGCGCCAAGC,0.482475764354959,0,"0.0,-3.26,-13.39,0,0,-204.26,0.15789473684210525,0,0.3157894736842105,0,0,0.1111111111111111,-3.26,0.05555555555555555,0,1,0.1111111111111111,-3.26,1,0.05555555555555555,0,-2.24,0.0,0",-39.6,-10.35,0.0,nan,68.4
CCAUCGGUCACGUAGCGGG,UGCCGCGAGCUGCACUUCACCCGCUACGUGACCGAUGGGCCGUGCCGCAGCGCCAAG,0.5786726323639075,1,"0.0,-3.26,-13.39,0,0,-204.25999999999993,0.15789473684210525,0,0.3684210526315789,0,0,0.16666666666666666,-2.11,0.05555555555555555,0,1,0.05555555555555555,-3.26,1,0.05555555555555555,0,-1.33,0.0,0",-39.6,-8.88,0.0,nan,68.4
CGGUCACGUAGCGGGUGAA,CAGCUGCCGCGAGCUGCACUUCACCCGCUACGUGACCGAUGGGCCGUGCCGCAGCGC,0.4287844891871737,0,"-1.43,-2.36,-10.64,0,0,-195.98999999999998,0.15789473684210525,0,0.42105263157894735,0,0,0.16666666666666666,-3.26,0.05555555555555555,0,1,0.0,-0.93,0,0.05555555555555555,1,-3.26,0.0,1",-37.96,-10.47,-1.43,nan,63.2
GGUCACGUAGCGGGUGAAG,ACAGCUGCCGCGAGCUGCACUUCACCCGCUACGUGACCGAUGGGCCGUGCCGCAGCG,0.4429530201342281,0,"-0.73,-3.26,-13.39,0,1,-199.54999999999995,0.15789473684210525,0,0.47368421052631576,1,0,0.16666666666666666,-2.24,0.05555555555555555,0,0,0.0,-2.08,0,0.05555555555555555,0,-3.26,0.0,0",-38.13,-9.0,-0.73,nan,63.2
GUAGCGGGUGAAGUGCAGC,CCGAGUACAGCUGCCGCGAGCUGCACUUCACCCGCUACGUGACCGAUGGGCCGUGCC,0.5622669649515287,1,"0.73,-2.24,-11.4,0,1,-202.35999999999999,0.15789473684210525,0,0.47368421052631576,0,0,0.1111111111111111,-1.33,0.05555555555555555,1,0,0.0,-3.42,0,0.16666666666666666,0,-2.24,0.0,0",-38.95,-11.17,0.73,nan,63.2
GGGUGAAGUGCAGCUCGCG,CGUGUCCGAGUACAGCUGCCGCGAGCUGCACUUCACCCGCUACGUGACCGAUGGGCC,0.4086502609992543,0,"-0.9,-3.26,-13.39,0,1,-206.34999999999997,0.15789473684210525,0,0.47368421052631576,1,0,0.1111111111111111,-3.26,0.0,0,0,0.0,-2.36,0,0.16666666666666666,0,-3.42,0.0,0",-40.09,-8.88,-0.9,nan,68.4
GGUGAAGUGCAGCUCGCGG,ACGUGUCCGAGUACAGCUGCCGCGAGCUGCACUUCACCCGCUACGUGACCGAUGGGC,0.4981357196122297,0,"0.0,-3.26,-13.39,0,1,-206.34999999999997,0.15789473684210525,0,0.47368421052631576,1,0,0.1111111111111111,-2.24,0.0,0,0,0.0,-3.26,0,0.16666666666666666,0,-2.08,0.0,0",-40.09,-7.41,0.0,nan,68.4
GCAGCUGUACUCGGACACG,ACCCCUUUGAGACCAAAGACGUGUCCGAGUACAGCUGCCGCGAGCUGCACUUCACCC,0.4086502609992543,0,"-1.06,-3.42,-14.88,0,1,-201.75,0.15789473684210525,0,0.3157894736842105,0,1,0.05555555555555555,-2.11,0.05555555555555555,0,0,0.0,-2.36,0,0.1111111111111111,0,-3.26,0.0,0",-38.29,-9.5,-1.06,nan,63.2
CAGCUGUACUCGGACACGU,CACCCCUUUGAGACCAAAGACGUGUCCGAGUACAGCUGCCGCGAGCUGCACUUCACC,0.5585384041759881,1,"-0.77,-2.11,-10.44,0,0,-194.55000000000004,0.21052631578947367,0,0.2631578947368421,0,0,0.05555555555555555,-2.08,0.05555555555555555,0,1,0.0,-2.24,0,0.05555555555555555,0,-2.35,0.0,0",-36.66,-8.27,-0.77,nan,57.9
AGCUGUACUCGGACACGUC,CCACCCCUUUGAGACCAAAGACGUGUCCGAGUACAGCUGCCGCGAGCUGCACUUCAC,0.5652498135719612,1,"1.17,-2.08,-10.48,0,0,-196.55000000000004,0.21052631578947367,0,0.2631578947368421,0,0,0.05555555555555555,-3.42,0.05555555555555555,0,0,0.0,-2.35,0,0.05555555555555555,0,-2.24,0.0,0",-36.9,-9.33,1.17,nan,57.9
CUGUACUCGGACACGUCUU,CACCACCCCUUUGAGACCAAAGACGUGUCCGAGUACAGCUGCCGCGAGCUGCACUUC,0.6495152870991797,1,"-1.6,-2.08,-10.48,0,0,-188.49,0.3157894736842105,0,0.21052631578947367,0,0,0.05555555555555555,-2.11,0.05555555555555555,1,1,0.0,-0.93,0,0.0,0,-2.24,0.05555555555555555,0",-34.41,-7.81,-1.6,nan,52.6
CUUUGGUCUCAAAGGGGUG,CGGAGGGCGGCCUCCCCACCACCCCUUUGAGACCAAAGACGUGUCCGAGUACAGCUG,0.5384041759880686,1,"0.03,-2.08,-10.48,0,0,-187.67,0.3157894736842105,0,0.3684210526315789,0,0,0.2222222222222222,-0.93,0.0,1,1,0.0,-2.11,0,0.0,0,-2.08,0.1111111111111111,0",-34.42,-7.28,0.03,nan,52.6
GGUGGUGGGGAGGCCGCCC,GAACCGGGCGGAGAACGGAGGGCGGCCUCCCCACCACCCCUUUGAGACCAAAGACGU,0.4794929157345265,0,"0.0,-3.26,-13.39,0,1,-223.89999999999992,0.10526315789473684,0,0.5789473684210527,1,0,0.3333333333333333,-2.24,0.0,0,0,0.16666666666666666,-3.26,0,0.1111111111111111,0,-3.42,0.0,0",-47.58,-11.13,0.0,nan,84.2
GGGAGGCCGCCCUCCGUUC,AGACCAUGAACCGGGCGGAGAACGGAGGGCGGCCUCCCCACCACCCCUUUGAGACCA,0.3922445935868754,0,"-0.46,-3.26,-13.39,0,1,-217.66,0.15789473684210525,0,0.3684210526315789,1,0,0.16666666666666666,-3.26,0.0,0,0,0.2222222222222222,-2.35,0,0.1111111111111111,0,-2.35,0.05555555555555555,0",-44.67,-13.54,-0.46,nan,78.9
UCUCCGCCCGGUUCAUGGU,GGAGCUGGAGAACAACAAGACCAUGAACCGGGCGGAGAACGGAGGGCGGCCUCCCCA,0.5182699478001491,0,"-0.11,-2.35,-12.44,1,0,-199.74000000000004,0.3157894736842105,0,0.2631578947368421,0,0,0.1111111111111111,-2.08,0.0,0,0,0.16666666666666666,-2.24,0,0.05555555555555555,0,-2.35,0.05555555555555555,0",-39.31,-12.64,-0.11,nan,63.2
UCCGCCCGGUUCAUGGUCU,CCGGAGCUGGAGAACAACAAGACCAUGAACCGGGCGGAGAACGGAGGGCGGCCUCCC,0.5876211782252051,1,"-0.27,-2.35,-12.44,1,0,-199.74,0.3157894736842105,0,0.2631578947368421,0,0,0.1111111111111111,-3.26,0.0,0,0,0.16666666666666666,-2.08,0,0.05555555555555555,0,-1.1,0.05555555555555555,0",-39.31,-13.83,-0.27,nan,63.2
CCCGGUUCAUGGUCUUGUU,UCCACCGGAGCUGGAGAACAACAAGACCAUGAACCGGGCGGAGAACGGAGGGCGGCC,0.5197613721103653,0,"-2.33,-3.26,-13.39,0,0,-187.58999999999997,0.42105263157894735,0,0.2631578947368421,0,0,0.1111111111111111,-3.26,0.0,0,1,0.1111111111111111,-0.93,1,0.0,0,-2.35,0.16666666666666666,0",-34.58,-10.31,-2.33,nan,52.6
CGGUUCAUGGUCUUGUUGU,CCUCCACCGGAGCUGGAGAACAACAAGACCAUGAACCGGGCGGAGAACGGAGGGCGG,0.3892617449664429,0,"-0.57,-2.36,-10.64,0,0,-182.65,0.47368421052631576,0,0.3157894736842105,0,0,0.1111111111111111,-3.26,0.0,0,1,0.0,-2.24,0,0.0,1,-0.93,0.16666666666666666,0",-32.41,-7.45,-0.57,nan,47.4
GUUGUUCUCCAGCUCCGGU,GAGAGUACCCCGAGCCUCCACCGGAGCUGGAGAACAACAAGACCAUGAACCGGGCGG,0.6211782252050708,1,"-0.9,-2.24,-11.4,0,1,-195.83999999999995,0.3684210526315789,0,0.2631578947368421,0,0,0.05555555555555555,-0.93,0.0,1,0,0.1111111111111111,-2.24,0,0.05555555555555555,0,-2.08,0.1111111111111111,0",-37.11,-5.65,-0.9,nan,57.9
UGUUCUCCAGCUCCGGUGG,CGGAGAGUACCCCGAGCCUCCACCGGAGCUGGAGAACAACAAGACCAUGAACCGGGC,0.6465324384787472,1,"1.6,-2.11,-10.44,1,0,-201.45,0.3157894736842105,0,0.3157894736842105,0,0,0.1111111111111111,-2.24,0.0,0,0,0.1111111111111111,-3.26,0,0.05555555555555555,0,-3.26,0.05555555555555555,0",-39.31,-9.12,1.6,nan,63.2
UCUCCAGCUCCGGUGGAGG,GCUCGGAGAGUACCCCGAGCCUCCACCGGAGCUGGAGAACAACAAGACCAUGAACCG,0.5130499627143922,0,"1.36,-2.35,-12.44,1,0,-209.10000000000002,0.21052631578947367,0,0.3684210526315789,0,0,0.16666666666666666,-2.08,0.0,0,0,0.1111111111111111,-3.26,0,0.05555555555555555,0,-2.24,0.0,0",-41.72,-11.21,1.36,nan,68.4
GCUCGGGGUACUCUCCGAG,CACGGAAAUCAUCCCCGAGCUCGGAGAGUACCCCGAGCCUCCACCGGAGCUGGAGAA,0.3310961968680089,0,"-0.89,-3.42,-14.88,0,1,-208.28,0.21052631578947367,0,0.3684210526315789,0,1,0.16666666666666666,-2.08,0.05555555555555555,0,0,0.05555555555555555,-2.08,0,0.05555555555555555,0,-2.08,0.0,0",-40.62,-12.48,-0.89,nan,68.4
CUCUCCGAGCUCGGGGAUG,AGAAUGAUGCCACGGAAAUCAUCCCCGAGCUCGGAGAGUACCCCGAGCCUCCACCGG,0.3795674869500373,0,"0.03,-2.08,-10.48,0,0,-210.04999999999995,0.21052631578947367,0,0.3684210526315789,0,0,0.16666666666666666,-2.35,0.0,1,1,0.05555555555555555,-2.11,0,0.05555555555555555,0,-3.26,0.0,0",-40.37,-9.76,0.03,nan,68.4
CCGAGCUCGGGGAUGAUUU,UUCAAGAAUGAUGCCACGGAAAUCAUCCCCGAGCUCGGAGAGUACCCCGAGCCUCCA,0.3713646532438479,0,"-2.33,-3.26,-13.39,0,0,-195.95,0.2631578947368421,0,0.3684210526315789,0,0,0.16666666666666666,-2.36,0.0,0,1,0.05555555555555555,-0.93,1,0.05555555555555555,0,-1.1,0.1111111111111111,0",-36.37,-10.55,-2.33,nan,57.9
UCCGUGGCAUCAUUCUUGA,GGCCAGGGGUGGCAGGCGUUCAAGAAUGAUGCCACGGAAAUCAUCCCCGAGCUCGGA,0.5123042505592842,0,"0.0,-2.35,-12.44,1,0,-187.04999999999995,0.3684210526315789,0,0.21052631578947367,0,0,0.05555555555555555,-3.26,0.0,0,0,0.05555555555555555,-2.35,0,0.05555555555555555,0,-0.93,0.1111111111111111,1",-33.53,-12.56,0.0,nan,47.4
UGGCAUCAUUCUUGAACGC,GGAGGGCCAGGGGUGGCAGGCGUUCAAGAAUGAUGCCACGGAAAUCAUCCCCGAGCU,0.6964951528709918,1,"1.76,-2.11,-10.44,1,0,-186.64,0.3157894736842105,0,0.21052631578947367,0,0,0.05555555555555555,-3.26,0.0,0,0,0.0,-3.42,0,0.1111111111111111,0,-2.11,0.1111111111111111,0",-32.72,-9.81,1.76,nan,47.4
CAUCAUUCUUGAACGCCUG,AGUGGAGGGCCAGGGGUGGCAGGCGUUCAAGAAUGAUGCCACGGAAAUCAUCCCCGA,0.6144668158090977,1,"0.0,-2.11,-10.44,0,0,-185.95999999999995,0.3157894736842105,0,0.15789473684210525,0,0,0.0,-1.1,0.0,0,1,0.05555555555555555,-2.11,0,0.05555555555555555,0,-2.24,0.1111111111111111,0",-31.83,-5.4,0.0,nan,47.4
CUUGAACGCCUGCCACCCC,UCCGUGUAGUGGAGGGCCAGGGGUGGCAGGCGUUCAAGAAUGAUGCCACGGAAAUCA,0.3631618195376584,0,"0.73,-2.08,-10.48,0,0,-204.89999999999998,0.15789473684210525,0,0.15789473684210525,0,0,0.0,-0.93,0.0,1,1,0.2777777777777778,-3.26,0,0.1111111111111111,0,-3.26,0.05555555555555555,0",-40.59,-6.38,0.73,nan,68.4
AACGCCUGCCACCCCUGGC,XXCUUCCGUGUAGUGGAGGGCCAGGGGUGGCAGGCGUUCAAGAAUGAUGCCACGGAA,0.5794183445190156,1,"2.49,-0.93,-6.82,0,0,-210.19,0.10526315789473684,0,0.21052631578947367,0,0,0.05555555555555555,-2.24,0.0,0,0,0.2777777777777778,-3.42,0,0.16666666666666666,0,-3.26,0.0,0",-43.54,-10.93,2.49,nan,73.7
CCUGCCACCCCUGGCCCUC,XXXXXXCUUCCGUGUAGUGGAGGGCCAGGGGUGGCAGGCGUUCAAGAAUGAUGCCAC,0.5302013422818792,1,"-0.46,-3.26,-13.39,0,0,-219.86999999999998,0.15789473684210525,0,0.15789473684210525,0,0,0.05555555555555555,-2.08,0.0,0,1,0.3888888888888889,-2.35,1,0.1111111111111111,0,-3.26,0.0,0",-45.99,-11.13,-0.46,nan,78.9
GCCACCCCUGGCCCUCCAC,XXXXXXXXXCUUCCGUGUAGUGGAGGGCCAGGGGUGGCAGGCGUUCAAGAAUGAUGC,0.3937360178970917,0,"-0.73,-3.42,-14.88,0,1,-220.79,0.10526315789473684,0,0.15789473684210525,0,1,0.05555555555555555,-3.26,0.0,0,0,0.3888888888888889,-2.24,0,0.1111111111111111,0,-3.26,0.0,0",-46.15,-13.3,-0.73,nan,78.9
CACCCCUGGCCCUCCACUA,XXXXXXXXXXXCUUCCGUGUAGUGGAGGGCCAGGGGUGGCAGGCGUUCAAGAAUGAU,0.5369127516778524,1,"-1.23,-2.11,-10.44,0,0,-206.96999999999997,0.15789473684210525,0,0.10526315789473684,0,0,0.05555555555555555,-2.24,0.05555555555555555,0,1,0.3333333333333333,-1.33,0,0.05555555555555555,0,-2.35,0.0,1",-42.43,-11.67,-1.23,nan,68.4
ACCCCUGGCCCUCCACUAC,XXXXXXXXXXXXCUUCCGUGUAGUGGAGGGCCAGGGGUGGCAGGCGUUCAAGAAUGA,0.4735272184936615,0,"0.9,-2.24,-11.4,0,0,-207.92999999999998,0.15789473684210525,0,0.10526315789473684,0,0,0.05555555555555555,-3.26,0.05555555555555555,0,0,0.3333333333333333,-2.24,0,0.05555555555555555,0,-3.26,0.0,0",-42.56,-13.14,0.9,nan,68.4
CCUGGCCCUCCACUACACG,XXXXXXXXXXXXXXXCUUCCGUGUAGUGGAGGGCCAGGGGUGGCAGGCGUUCAAGAA,0.4526472781506338,0,"-0.9,-3.26,-13.39,0,0,-205.95000000000005,0.15789473684210525,0,0.15789473684210525,0,0,0.05555555555555555,-2.08,0.05555555555555555,0,1,0.2222222222222222,-2.36,1,0.05555555555555555,0,-2.08,0.0,0",-40.96,-13.3,-0.9,nan,68.4
CUGGCCCUCCACUACACGG,XXXXXXXXXXXXXXXXCUUCCGUGUAGUGGAGGGCCAGGGGUGGCAGGCGUUCAAGA,0.4116331096196868,0,"0.73,-2.08,-10.48,0,0,-205.95,0.15789473684210525,0,0.21052631578947367,0,0,0.1111111111111111,-2.11,0.05555555555555555,1,1,0.16666666666666666,-3.26,0,0.05555555555555555,0,-1.33,0.0,0",-40.96,-12.4,0.73,nan,68.4
CUGACAGCGCCACCGCAGC,AGUCCGUGCACCUCACGGUGCUGCGGUGGCGCUGUCAGCGGCGCGGGGGCCAGCGCU,0.6002982848620433,1,"0.89,-2.08,-10.48,0,0,-212.40999999999994,0.05263157894736842,0,0.2631578947368421,0,0,0.0,-2.11,0.0,1,1,0.1111111111111111,-3.42,0,0.2222222222222222,0,-3.26,0.0,0",-42.34,-9.77,0.89,nan,73.7
CCACCGCAGCACCGUGAGG,AGCCGUCCAAGUCCGUGCACCUCACGGUGCUGCGGUGGCGCUGUCAGCGGCGCGGGG,0.5227442207307978,1,"0.0,-3.26,-13.39,0,0,-210.34999999999997,0.05263157894736842,0,0.3157894736842105,0,0,0.05555555555555555,-2.11,0.0,0,1,0.16666666666666666,-3.26,1,0.1111111111111111,0,-2.36,0.0,0",-42.18,-10.96,0.0,nan,73.7
ACCGCAGCACCGUGAGGUG,CAAGCCGUCCAAGUCCGUGCACCUCACGGUGCUGCGGUGGCGCUGUCAGCGGCGCGG,0.4198359433258761,0,"0.77,-2.24,-11.4,0,0,-204.64000000000001,0.10526315789473684,0,0.3684210526315789,0,0,0.05555555555555555,-3.26,0.0,0,0,0.1111111111111111,-2.11,0,0.1111111111111111,0,-2.11,0.0,0",-40.71,-12.56,0.77,nan,68.4
GAGGUGCACGGACUUGGAC,AGGGCAUGGUGUGCAAGCCGUCCAAGUCCGUGCACCUCACGGUGCUGCGGUGGCGCU,0.4153616703952275,0,"-0.11,-2.35,-12.44,0,1,-204.1,0.15789473684210525,0,0.42105263157894735,0,0,0.16666666666666666,-2.08,0.0,0,0,0.0,-2.24,0,0.05555555555555555,0,-2.08,0.05555555555555555,0",-38.9,-10.23,-0.11,nan,63.2
GUGCACGGACUUGGACGGC,CCGAGGGCAUGGUGUGCAAGCCGUCCAAGUCCGUGCACCUCACGGUGCUGCGGUGGC,0.4929157345264728,0,"0.73,-2.24,-11.4,0,1,-206.7,0.15789473684210525,0,0.42105263157894735,0,0,0.16666666666666666,-2.11,0.0,1,0,0.0,-3.42,0,0.1111111111111111,0,-3.26,0.05555555555555555,0",-40.25,-10.96,0.73,nan,68.4
GGACUUGGACGGCUUGCAC,CCGUGCCCGAGGGCAUGGUGUGCAAGCCGUCCAAGUCCGUGCACCUCACGGUGCUGC,0.5622669649515287,1,"-0.57,-3.26,-13.39,0,1,-201.95999999999998,0.21052631578947367,0,0.3684210526315789,1,0,0.16666666666666666,-2.35,0.0,0,0,0.0,-2.24,0,0.1111111111111111,0,-2.08,0.1111111111111111,0",-38.66,-8.88,-0.57,nan,63.2
UGGACGGCUUGCACACCAU,GUGCUCCGUGCCCGAGGGCAUGGUGUGCAAGCCGUCCAAGUCCGUGCACCUCACGGU,0.6428038777032066,1,"-0.56,-2.11,-10.44,1,0,-195.04000000000002,0.21052631578947367,0,0.2631578947368421,0,0,0.1111111111111111,-3.26,0.0,0,0,0.05555555555555555,-1.1,0,0.1111111111111111,0,-2.24,0.05555555555555555,0",-37.72,-12.8,-0.56,nan,57.9
ACGGCUUGCACACCAUGCC,CUCGUGCUCCGUGCCCGAGGGCAUGGUGUGCAAGCCGUCCAAGUCCGUGCACCUCAC,0.5898583146905295,1,"1.47,-2.24,-11.4,0,0,-201.2,0.15789473684210525,0,0.21052631578947367,0,0,0.05555555555555555,-2.36,0.0,0,0,0.1111111111111111,-3.26,0,0.16666666666666666,0,-3.26,0.05555555555555555,0",-39.24,-10.07,1.47,nan,63.2
GGCUUGCACACCAUGCCCU,CGCUCGUGCUCCGUGCCCGAGGGCAUGGUGUGCAAGCCGUCCAAGUCCGUGCACCUC,0.5645041014168531,1,"-1.63,-3.26,-13.39,0,1,-203.03,0.21052631578947367,0,0.21052631578947367,1,0,0.05555555555555555,-3.42,0.0,0,0,0.16666666666666666,-2.08,0,0.16666666666666666,0,-1.1,0.05555555555555555,0",-39.98,-9.53,-1.63,nan,63.2
CGGAGCACGAGCGCUUACU,GAAGGUGGGCAGCUGCUUCAGUAAGCGCUCGUGCUCCGUGCCCGAGGGCAUGGUGUG,0.3803131991051454,0,"-0.73,-2.36,-10.64,0,0,-197.17,0.15789473684210525,0,0.3157894736842105,0,0,0.05555555555555555,-3.26,0.05555555555555555,0,1,0.0,-2.08,0,0.16666666666666666,1,-3.42,0.05555555555555555,0",-37.93,-11.37,-0.73,nan,63.2
CACGAGCGCUUACUGAAGC,UACGUGAAGGUGGGCAGCUGCUUCAGUAAGCGCUCGUGCUCCGUGCCCGAGGGCAUG,0.6316181953765846,1,"0.86,-2.11,-10.44,0,0,-194.11999999999998,0.15789473684210525,0,0.2631578947368421,0,0,0.0,-2.24,0.05555555555555555,0,1,0.0,-3.42,0,0.16666666666666666,0,-2.08,0.05555555555555555,0",-35.8,-10.27,0.86,nan,57.9
GCGCUUACUGAAGCAGCUG,CGCGCUACGUGAAGGUGGGCAGCUGCUUCAGUAAGCGCUCGUGCUCCGUGCCCGAGG,0.4213273676360924,0,"-0.86,-3.42,-14.88,0,1,-195.44,0.21052631578947367,0,0.3157894736842105,0,1,0.0,-2.36,0.05555555555555555,0,0,0.0,-2.11,0,0.2222222222222222,0,-3.42,0.05555555555555555,0",-36.46,-8.27,-0.86,nan,57.9
CGCUUACUGAAGCAGCUGC,CCGCGCUACGUGAAGGUGGGCAGCUGCUUCAGUAAGCGCUCGUGCUCCGUGCCCGAG,0.4705443698732289,0,"1.06,-2.36,-10.64,0,0,-195.43999999999997,0.21052631578947367,0,0.2631578947368421,0,0,0.0,-3.42,0.05555555555555555,0,1,0.0,-3.42,0,0.2222222222222222,1,-2.11,0.05555555555555555,0",-36.46,-7.54,1.06,nan,57.9
CGCGGCCAAAAGCGGCUGC,UACGCGUGGAACGACCUGGGCAGCCGCUUUUGGCCGCGCUACGUGAAGGUGGGCAGC,0.3460104399701715,0,"1.06,-2.36,-10.64,0,0,-205.17999999999998,0.05263157894736842,0,0.3684210526315789,0,0,0.1111111111111111,-3.42,0.0,0,1,0.05555555555555555,-3.42,0,0.2777777777777778,1,-2.36,0.0,0",-41.04,-13.29,1.06,nan,73.7
AAAAGCGGCUGCCCAGGUC,CGUGCUGUACGCGUGGAACGACCUGGGCAGCCGCUUUUGGCCGCGCUACGUGAAGGU,0.5749440715883669,1,"1.87,-0.93,-6.82,0,0,-198.13000000000002,0.10526315789473684,0,0.3157894736842105,0,0,0.1111111111111111,-0.93,0.0,0,0,0.1111111111111111,-2.35,0,0.16666666666666666,0,-3.26,0.0,0",-38.96,-8.44,1.87,nan,63.2
AAGCGGCUGCCCAGGUCGU,CCCGUGCUGUACGCGUGGAACGACCUGGGCAGCCGCUUUUGGCCGCGCUACGUGAAG,0.3810589112602535,0,"0.86,-0.93,-6.82,0,0,-202.81000000000003,0.15789473684210525,0,0.3684210526315789,0,0,0.1111111111111111,-2.08,0.0,0,0,0.1111111111111111,-2.24,0,0.16666666666666666,0,-2.08,0.0,0",-41.25,-11.63,0.86,nan,68.4
GCGGCUGCCCAGGUCGUUC,GCCCCGUGCUGUACGCGUGGAACGACCUGGGCAGCCGCUUUUGGCCGCGCUACGUGA,0.4407158836689038,0,"-0.62,-3.42,-14.88,0,1,-212.21,0.21052631578947367,0,0.3684210526315789,0,1,0.1111111111111111,-2.36,0.0,0,0,0.1111111111111111,-2.35,0,0.16666666666666666,0,-2.24,0.05555555555555555,0",-42.42,-12.56,-0.62,nan,73.7
CGGCUGCCCAGGUCGUUCC,UGCCCCGUGCUGUACGCGUGGAACGACCUGGGCAGCCGCUUUUGGCCGCGCUACGUG,0.384041759880686,0,"0.9,-2.36,-10.64,0,0,-210.72000000000003,0.21052631578947367,0,0.3157894736842105,0,0,0.1111111111111111,-3.26,0.0,0,1,0.16666666666666666,-3.26,0,0.1111111111111111,1,-2.35,0.05555555555555555,0",-42.26,-13.46,0.9,nan,73.7
CCAGGUCGUUCCACGCGUA,GACAUUCUGCCCCGUGCUGUACGCGUGGAACGACCUGGGCAGCCGCUUUUGGCCGCG,0.3862788963460105,0,"-1.93,-3.26,-13.39,0,0,-195.99000000000004,0.21052631578947367,0,0.2631578947368421,0,0,0.05555555555555555,-2.11,0.05555555555555555,0,1,0.1111111111111111,-1.33,1,0.05555555555555555,0,-2.24,0.05555555555555555,1",-37.96,-10.31,-1.93,nan,63.2
UCGUUCCACGCGUACAGCA,UCGCAGACAUUCUGCCCCGUGCUGUACGCGUGGAACGACCUGGGCAGCCGCUUUUGG,0.6353467561521253,1,"-0.24,-2.35,-12.44,1,0,-190.81,0.21052631578947367,0,0.21052631578947367,0,0,0.0,-2.36,0.05555555555555555,0,0,0.05555555555555555,-2.11,0,0.1111111111111111,0,-1.33,0.05555555555555555,1",-36.52,-8.71,-0.24,nan,57.9
UCCACGCGUACAGCACGGG,GUGGUCGCAGACAUUCUGCCCCGUGCUGUACGCGUGGAACGACCUGGGCAGCCGCUU,0.4496644295302013,0,"1.36,-2.35,-12.44,1,0,-202.05,0.10526315789473684,0,0.3157894736842105,0,0,0.1111111111111111,-3.26,0.05555555555555555,0,0,0.05555555555555555,-3.26,0,0.1111111111111111,0,-3.42,0.0,0",-40.21,-11.66,1.36,nan,68.4
GCGUACAGCACGGGGCAGA,UGGCUGUGGUCGCAGACAUUCUGCCCCGUGCUGUACGCGUGGAACGACCUGGGCAGC,0.4548844146159582,0,"-1.52,-3.42,-14.88,0,1,-205.36999999999998,0.05263157894736842,0,0.42105263157894735,0,1,0.16666666666666666,-2.36,0.05555555555555555,0,0,0.0,-2.35,0,0.16666666666666666,0,-3.26,0.0,1",-41.11,-8.27,-1.52,nan,68.4
GUACAGCACGGGGCAGAAU,UGUGGCUGUGGUCGCAGACAUUCUGCCCCGUGCUGUACGCGUGGAACGACCUGGGCA,0.3803131991051454,0,"-1.59,-2.24,-11.4,0,1,-196.04999999999998,0.10526315789473684,0,0.3684210526315789,0,0,0.16666666666666666,-1.33,0.05555555555555555,1,0,0.0,-1.1,0,0.1111111111111111,0,-3.42,0.0,0",-37.36,-8.3,-1.59,nan,57.9
ACAGCACGGGGCAGAAUGU,GAUGUGGCUGUGGUCGCAGACAUUCUGCCCCGUGCUGUACGCGUGGAACGACCUGGG,0.4474272930648769,0,"0.0,-2.24,-11.4,0,0,-195.07999999999998,0.10526315789473684,0,0.3684210526315789,0,0,0.16666666666666666,-2.11,0.0,0,0,0.0,-2.24,0,0.1111111111111111,0,-2.08,0.0,0",-37.69,-10.23,0.0,nan,57.9
ACGGGGCAGAAUGUCUGCG,UUACAGAUGUGGCUGUGGUCGCAGACAUUCUGCCCCGUGCUGUACGCGUGGAACGAC,0.395227442207308,0,"0.57,-2.24,-11.4,0,0,-200.03999999999996,0.15789473684210525,0,0.42105263157894735,0,0,0.16666666666666666,-2.36,0.0,0,0,0.0,-2.36,0,0.1111111111111111,0,-2.24,0.0,0",-38.5,-13.13,0.57,nan,63.2
CGGGGCAGAAUGUCUGCGA,GUUACAGAUGUGGCUGUGGUCGCAGACAUUCUGCCCCGUGCUGUACGCGUGGAACGA,0.354958985831469,0,"-0.46,-2.36,-10.64,0,0,-201.07999999999998,0.15789473684210525,0,0.42105263157894735,0,0,0.16666666666666666,-3.26,0.0,0,1,0.0,-2.35,0,0.1111111111111111,1,-2.35,0.0,1",-38.61,-13.3,-0.46,nan,63.2
GGCAGAAUGUCUGCGACCA,GAAGUUACAGAUGUGGCUGUGGUCGCAGACAUUCUGCCCCGUGCUGUACGCGUGGAA,0.3020134228187919,0,"-1.6,-3.26,-13.39,0,1,-198.89000000000004,0.15789473684210525,0,0.3157894736842105,1,0,0.05555555555555555,-3.42,0.0,0,0,0.05555555555555555,-2.11,0,0.1111111111111111,0,-3.42,0.0,1",-37.34,-7.45,-1.6,nan,57.9
CAGAAUGUCUGCGACCACA,AGGAAGUUACAGAUGUGGCUGUGGUCGCAGACAUUCUGCCCCGUGCUGUACGCGUGG,0.4287844891871737,0,"-0.9,-2.11,-10.44,0,0,-192.46,0.15789473684210525,0,0.21052631578947367,0,0,0.0,-2.08,0.0,0,1,0.05555555555555555,-2.11,0,0.05555555555555555,0,-2.35,0.0,1",-35.01,-5.82,-0.9,nan,52.6
UGUCUGCGACCACAGCCAC,UGCGGAGGAAGUUACAGAUGUGGCUGUGGUCGCAGACAUUCUGCCCCGUGCUGUACG,0.6211782252050708,1,"1.03,-2.11,-10.44,1,0,-203.48999999999998,0.15789473684210525,0,0.21052631578947367,0,0,0.0,-2.24,0.0,0,0,0.1111111111111111,-2.24,0,0.1111111111111111,0,-2.11,0.0,0",-39.55,-10.47,1.03,nan,63.2
CUGCGACCACAGCCACAUC,AGCUGCGGAGGAAGUUACAGAUGUGGCUGUGGUCGCAGACAUUCUGCCCCGUGCUGU,0.6092468307233407,1,"0.27,-2.08,-10.48,0,0,-205.19000000000003,0.10526315789473684,0,0.15789473684210525,0,0,0.0,-2.11,0.0,1,1,0.1111111111111111,-2.35,0,0.1111111111111111,0,-3.26,0.0,0",-38.86,-11.2,0.27,nan,63.2
UAACUUCCUCCGCAGCUUC,AGAAGCAGCGCCUAAGCAAGAAGCUGCGGAGGAAGUUACAGAUGUGGCUGUGGUCGC,0.7606263982102909,1,"1.47,-1.33,-7.69,1,0,-189.07999999999996,0.3157894736842105,0,0.10526315789473684,0,0,0.0,-0.93,0.05555555555555555,0,0,0.1111111111111111,-2.35,0,0.1111111111111111,0,-2.11,0.1111111111111111,0",-35.02,-7.25,1.47,nan,52.6
UCCUCCGCAGCUUCUUGCU,GGGCAAGAAGCAGCGCCUAAGCAAGAAGCUGCGGAGGAAGUUACAGAUGUGGCUGUG,0.7285607755406414,1,"-0.27,-2.35,-12.44,1,0,-195.24999999999997,0.3684210526315789,0,0.15789473684210525,0,0,0.0,-3.26,0.0,0,0,0.1111111111111111,-2.08,0,0.16666666666666666,0,-2.35,0.1111111111111111,0",-37.68,-12.64,-0.27,nan,57.9
CGCAGCUUCUUGCUUAGGC,GCCCAGGGCAAGAAGCAGCGCCUAAGCAAGAAGCUGCGGAGGAAGUUACAGAUGUGG,0.639075316927666,1,"1.06,-2.36,-10.64,0,0,-193.80999999999995,0.3157894736842105,0,0.2631578947368421,0,0,0.05555555555555555,-3.42,0.05555555555555555,0,1,0.0,-3.42,0,0.2222222222222222,1,-2.08,0.16666666666666666,0",-36.3,-9.5,1.06,nan,57.9
GCUUCUUGCUUAGGCGCUG,CUUGGCCCAGGGCAAGAAGCAGCGCCUAAGCAAGAAGCUGCGGAGGAAGUUACAGAU,0.4668158090976883,0,"-0.86,-3.42,-14.88,0,1,-193.80999999999997,0.3684210526315789,0,0.3157894736842105,0,1,0.05555555555555555,-2.08,0.05555555555555555,0,0,0.0,-2.11,0,0.2222222222222222,0,-3.26,0.16666666666666666,0",-36.3,-6.39,-0.86,nan,57.9
CUUGCUUAGGCGCUGCUUC,AGGGCUUGGCCCAGGGCAAGAAGCAGCGCCUAAGCAAGAAGCUGCGGAGGAAGUUAC,0.6189410887397464,1,"0.27,-2.08,-10.48,0,0,-193.80999999999997,0.3684210526315789,0,0.2631578947368421,0,0,0.05555555555555555,-0.93,0.05555555555555555,1,1,0.0,-2.35,0,0.2222222222222222,0,-2.08,0.16666666666666666,0",-36.3,-5.81,0.27,nan,57.9
UUAGGCGCUGCUUCUUGCC,CUCCGAGGGCUUGGCCCAGGGCAAGAAGCAGCGCCUAAGCAAGAAGCUGCGGAGGAA,0.6808351976137211,1,"2.33,-0.93,-6.82,1,0,-193.0,0.3684210526315789,1,0.2631578947368421,0,0,0.05555555555555555,-1.33,0.05555555555555555,1,0,0.05555555555555555,-3.26,0,0.2222222222222222,0,-2.35,0.16666666666666666,0",-37.03,-11.33,2.33,nan,57.9
UAGGCGCUGCUUCUUGCCC,UCUCCGAGGGCUUGGCCCAGGGCAAGAAGCAGCGCCUAAGCAAGAAGCUGCGGAGGA,0.6957494407158837,1,"1.93,-1.33,-7.69,1,0,-199.56999999999994,0.3157894736842105,0,0.2631578947368421,0,0,0.05555555555555555,-2.08,0.05555555555555555,0,0,0.1111111111111111,-3.26,0,0.2222222222222222,0,-2.08,0.1111111111111111,0",-39.36,-11.63,1.93,nan,63.2
GCUUCUUGCCCUGGGCCAA,GCUAGAGUUCUCCGAGGGCUUGGCCCAGGGCAAGAAGCAGCGCCUAAGCAAGAAGCU,0.3064876957494407,0,"-2.49,-3.42,-14.88,0,1,-199.91999999999996,0.2631578947368421,0,0.2631578947368421,0,1,0.1111111111111111,-2.08,0.0,0,0,0.16666666666666666,-0.93,0,0.16666666666666666,0,-3.26,0.1111111111111111,1",-39.73,-6.39,-2.49,nan,63.2
CAAGCCCUCGGAGAACUCU,CGAGCGAGAUCAAAGGGCUAGAGUUCUCCGAGGGCUUGGCCCAGGGCAAGAAGCAGC,0.4108873974645787,0,"-0.93,-2.11,-10.44,0,0,-195.99999999999997,0.15789473684210525,0,0.21052631578947367,0,0,0.05555555555555555,-0.93,0.0,0,1,0.1111111111111111,-2.08,0,0.05555555555555555,0,-2.35,0.0,0",-37.03,-10.04,-0.93,nan,57.9
GAACUCUAGCCCUUUGAUC,CGGGGGCCAUGCCGAGCGAGAUCAAAGGGCUAGAGUUCUCCGAGGGCUUGGCCCAGG,0.5838926174496645,1,"0.0,-2.35,-12.44,0,1,-189.09999999999997,0.3157894736842105,0,0.15789473684210525,0,0,0.0,-0.93,0.05555555555555555,0,0,0.1111111111111111,-2.35,0,0.05555555555555555,0,-0.93,0.1111111111111111,0",-33.14,-6.02,0.0,nan,47.4
UCUAGCCCUUUGAUCUCGC,CCGUCGGGGGCCAUGCCGAGCGAGAUCAAAGGGCUAGAGUUCUCCGAGGGCUUGGCC,0.72110365398956,1,"1.52,-2.35,-12.44,1,0,-192.68,0.3684210526315789,0,0.15789473684210525,0,0,0.0,-2.08,0.05555555555555555,0,0,0.1111111111111111,-3.42,0,0.1111111111111111,0,-1.1,0.1111111111111111,0",-35.3,-11.34,1.52,nan,52.6
CCCCGACGGCCGCUGCCGC,CGGAGCUGGACCAGCUGCUGCGGCAGCGGCCGUCGGGGGCCAUGCCGAGCGAGAUCA,0.5257270693512304,1,"0.16,-3.26,-13.39,0,0,-223.57,0.05263157894736842,0,0.3157894736842105,0,0,0.05555555555555555,-3.26,0.0,0,1,0.2777777777777778,-3.42,1,0.2222222222222222,0,-2.08,0.0,0",-47.37,-11.74,0.16,nan,89.5
CCGCUGCCGCAGCAGCUGG,AGGACCUGGCGGAGCUGGACCAGCUGCUGCGGCAGCGGCCGUCGGGGGCCAUGCCGA,0.5838926174496645,1,"0.0,-3.26,-13.39,0,0,-215.91999999999996,0.10526315789473684,0,0.3684210526315789,0,0,0.05555555555555555,-2.36,0.0,0,1,0.1111111111111111,-3.26,1,0.2777777777777778,0,-2.11,0.0,0",-44.27,-12.56,0.0,nan,78.9
GCUGCCGCAGCAGCUGGUC,GGAGGACCUGGCGGAGCUGGACCAGCUGCUGCGGCAGCGGCCGUCGGGGGCCAUGCC,0.4116331096196868,0,"-0.62,-3.42,-14.88,0,1,-215.73,0.15789473684210525,0,0.3684210526315789,0,1,0.05555555555555555,-2.08,0.0,0,0,0.05555555555555555,-2.35,0,0.2777777777777778,0,-3.42,0.0,0",-43.24,-12.56,-0.62,nan,73.7
GCAGCAGCUGGUCCAGCUC,GGGCGCGGAGGACCUGGCGGAGCUGGACCAGCUGCUGCGGCAGCGGCCGUCGGGGGC,0.5354213273676359,1,"-0.62,-3.42,-14.88,0,1,-213.12999999999994,0.15789473684210525,0,0.3157894736842105,0,1,0.05555555555555555,-2.11,0.0,0,0,0.05555555555555555,-2.35,0,0.2222222222222222,0,-3.26,0.0,0",-41.89,-11.13,-0.62,nan,68.4
GCUGGUCCAGCUCCGCCAG,AGCUGGGGGCGCGGAGGACCUGGCGGAGCUGGACCAGCUGCUGCGGCAGCGGCCGUC,0.4377330350484713,0,"-0.89,-3.42,-14.88,0,1,-214.74999999999997,0.15789473684210525,0,0.3157894736842105,0,1,0.05555555555555555,-2.08,0.0,0,0,0.16666666666666666,-2.08,0,0.16666666666666666,0,-3.26,0.0,0",-43.16,-11.21,-0.89,nan,73.7
GCGAGGUGGCCAUGAAGCC,CGGGGGCCACUACGACCCAGGCUUCAUGGCCACCUCGCCCCCCGAGGACCGGCCCGG,0.4817300521998509,0,"-0.16,-3.42,-14.88,0,1,-209.98999999999995,0.10526315789473684,0,0.42105263157894735,0,1,0.1111111111111111,-2.36,0.0,0,0,0.1111111111111111,-3.26,0,0.16666666666666666,0,-2.11,0.0,0",-41.03,-10.31,-0.16,nan,68.4
UGGCCAUGAAGCCUGGGUC,GCUGCUCGGGGGCCACUACGACCCAGGCUUCAUGGCCACCUCGCCCCCCGAGGACCG,0.6159582401193139,1,"1.14,-2.11,-10.44,1,0,-204.57999999999996,0.21052631578947367,0,0.3684210526315789,0,0,0.16666666666666666,-3.26,0.0,0,0,0.1111111111111111,-2.35,0,0.1111111111111111,0,-2.08,0.0,0",-40.17,-11.17,1.14,nan,63.2
CCCGAGCAGCGAGCGCAGC,AGGAUCUGAACGAGACGCUGCUGCGCUCGCUGCUCGGGGGCCACUACGACCCAGGCU,0.5003728560775541,0,"0.16,-3.26,-13.39,0,0,-217.17,0.0,0,0.3684210526315789,0,0,0.0,-3.26,0.0,0,1,0.1111111111111111,-3.42,1,0.2777777777777778,0,-3.42,0.0,0",-43.85,-11.04,0.16,nan,78.9
GAGCAGCGAGCGCAGCAGC,AAAAGGAUCUGAACGAGACGCUGCUGCGCUCGCUGCUCGGGGGCCACUACGACCCAG,0.5876211782252051,1,"0.62,-2.35,-12.44,0,1,-215.54999999999995,0.0,0,0.42105263157894735,0,0,0.0,-2.08,0.0,0,0,0.0,-3.42,0,0.3333333333333333,0,-2.11,0.0,0",-42.58,-10.93,0.62,nan,73.7
AGCAGCGAGCGCAGCAGCG,GAAAAGGAUCUGAACGAGACGCUGCUGCGCUCGCUGCUCGGGGGCCACUACGACCCA,0.5473527218493661,1,"0.73,-2.08,-10.48,0,0,-210.02999999999997,0.0,0,0.42105263157894735,0,0,0.0,-3.42,0.0,0,0,0.0,-2.36,0,0.3333333333333333,0,-2.08,0.0,0",-42.14,-11.2,0.73,nan,73.7
CAGCGAGCGCAGCAGCGUC,AGGAAAAGGAUCUGAACGAGACGCUGCUGCGCUCGCUGCUCGGGGGCCACUACGACC,0.5287099179716629,1,"0.24,-2.11,-10.44,0,0,-212.23,0.05263157894736842,0,0.3684210526315789,0,0,0.0,-2.08,0.0,0,1,0.0,-2.35,0,0.2777777777777778,0,-2.11,0.0,0",-41.68,-11.17,0.24,nan,73.7
GCGCAGCAGCGUCUCGUUC,ACCCCAAGGAAAAGGAUCUGAACGAGACGCUGCUGCGCUCGCUGCUCGGGGGCCACU,0.5525727069351231,1,"-0.62,-3.42,-14.88,0,1,-207.09,0.21052631578947367,0,0.3157894736842105,0,1,0.0,-2.36,0.0,0,0,0.0,-2.35,0,0.2222222222222222,0,-2.08,0.05555555555555555,0",-39.59,-10.96,-0.62,nan,68.4
GCAGCAGCGUCUCGUUCAG,UGACCCCAAGGAAAAGGAUCUGAACGAGACGCUGCUGCGCUCGCUGCUCGGGGGCCA,0.3497390007457121,0,"-0.89,-3.42,-14.88,0,1,-202.49,0.21052631578947367,0,0.3157894736842105,0,1,0.0,-2.11,0.0,0,0,0.0,-2.08,0,0.16666666666666666,0,-2.36,0.05555555555555555,0",-38.0,-11.13,-0.89,nan,63.2
GUUCAGAUCCUUUUCCUUG,CAGACCCUAUCUUUGACCCCAAGGAAAAGGAUCUGAACGAGACGCUGCUGCGCUCGC,0.7091722595078299,1,"-0.13,-2.24,-11.4,0,1,-180.12999999999997,0.47368421052631576,0,0.15789473684210525,0,0,0.0,-0.93,0.0,1,0,0.1111111111111111,-2.11,0,0.0,0,-0.93,0.2777777777777778,0",-30.28,-5.93,-0.13,nan,42.1
CCUUGGGGUCAAAGAUAGG,CCUCAUCGAACACCCAGACCCUAUCUUUGACCCCAAGGAAAAGGAUCUGAACGAGAC,0.6644295302013423,1,"0.0,-3.26,-13.39,0,0,-189.46999999999997,0.21052631578947367,0,0.3684210526315789,0,0,0.2222222222222222,-2.08,0.05555555555555555,0,1,0.05555555555555555,-3.26,1,0.0,0,-2.08,0.05555555555555555,0",-34.83,-10.81,0.0,nan,52.6
GGGUCAAAGAUAGGGUCUG,GUGGACCUCAUCGAACACCCAGACCCUAUCUUUGACCCCAAGGAAAAGGAUCUGAAC,0.6621923937360179,1,"-0.7,-3.26,-13.39,0,1,-193.09999999999997,0.21052631578947367,0,0.42105263157894735,1,0,0.2222222222222222,-3.26,0.05555555555555555,0,0,0.0,-2.11,0,0.0,0,-3.26,0.0,0",-35.23,-7.28,-0.7,nan,52.6
GGGUCUGGGUGUUCGAUGA,AACCUGCCCCUGGUGGACCUCAUCGAACACCCAGACCCUAUCUUUGACCCCAAGGAA,0.505592841163311,0,"-1.36,-3.26,-13.39,0,1,-198.82999999999998,0.3157894736842105,0,0.47368421052631576,1,0,0.2222222222222222,-3.26,0.0,0,0,0.0,-2.35,0,0.0,0,-2.35,0.05555555555555555,1",-37.42,-11.21,-1.36,nan,57.9
GUCUGGGUGUUCGAUGAGG,ACAACCUGCCCCUGGUGGACCUCAUCGAACACCCAGACCCUAUCUUUGACCCCAAGG,0.5913497390007457,1,"0.57,-2.24,-11.4,0,1,-199.64,0.3157894736842105,0,0.47368421052631576,0,0,0.16666666666666666,-2.35,0.0,1,0,0.0,-3.26,0,0.0,0,-2.35,0.05555555555555555,0",-36.69,-10.31,0.57,nan,57.9
UCUGGGUGUUCGAUGAGGU,GACAACCUGCCCCUGGUGGACCUCAUCGAACACCCAGACCCUAUCUUUGACCCCAAG,0.7591349739000746,1,"-0.11,-2.35,-12.44,1,0,-192.20000000000002,0.3684210526315789,0,0.42105263157894735,0,0,0.16666666666666666,-2.08,0.0,0,0,0.0,-2.24,0,0.0,0,-1.1,0.05555555555555555,0",-35.79,-10.97,-0.11,nan,52.6
UGUUCGAUGAGGUCCACCA,CCCAGCGACAACCUGCCCCUGGUGGACCUCAUCGAACACCCAGACCCUAUCUUUGAC,0.7188665175242356,1,"0.0,-2.11,-10.44,1,0,-192.16000000000003,0.2631578947368421,0,0.2631578947368421,0,0,0.05555555555555555,-2.24,0.0,0,0,0.1111111111111111,-2.11,0,0.0,0,-2.35,0.05555555555555555,1",-35.82,-6.79,0.0,nan,52.6
UUCGAUGAGGUCCACCAGG,CACCCAGCGACAACCUGCCCCUGGUGGACCUCAUCGAACACCCAGACCCUAUCUUUG,0.6092468307233407,1,"2.33,-0.93,-6.82,1,0,-197.91000000000003,0.21052631578947367,1,0.3157894736842105,0,0,0.1111111111111111,-2.35,0.0,1,0,0.1111111111111111,-3.26,0,0.0,0,-2.11,0.05555555555555555,0",-37.26,-7.63,2.33,nan,57.9
GGGGCAGGUUGUCGCUGGG,UCUCCACAUCCGCCCGGCACCCAGCGACAACCUGCCCCUGGUGGACCUCAUCGAACA,0.5078299776286354,0,"0.0,-3.26,-13.39,0,1,-211.46999999999997,0.21052631578947367,0,0.5789473684210527,1,0,0.3333333333333333,-3.26,0.0,0,0,0.0,-3.26,0,0.1111111111111111,0,-2.36,0.05555555555555555,0",-42.92,-13.3,0.0,nan,73.7
UUGUCGCUGGGUGCCGGGC,CAGCACUAUCUCCACAUCCGCCCGGCACCCAGCGACAACCUGCCCCUGGUGGACCUC,0.6592095451155854,1,"2.49,-0.93,-6.82,1,0,-209.39999999999998,0.2631578947368421,1,0.47368421052631576,0,0,0.2222222222222222,-2.11,0.0,1,0,0.05555555555555555,-3.42,0,0.16666666666666666,0,-3.42,0.05555555555555555,0",-42.91,-9.57,2.49,nan,73.7
UCGCUGGGUGCCGGGCGGA,GGCCAGCACUAUCUCCACAUCCGCCCGGCACCCAGCGACAACCUGCCCCUGGUGGAC,0.5369127516778524,1,"0.0,-2.35,-12.44,1,0,-213.48999999999995,0.15789473684210525,0,0.5263157894736842,0,0,0.2777777777777778,-2.36,0.0,0,0,0.05555555555555555,-2.35,0,0.16666666666666666,0,-3.26,0.0,1",-45.15,-12.4,0.0,nan,78.9
CGCUGGGUGCCGGGCGGAU,CGGCCAGCACUAUCUCCACAUCCGCCCGGCACCCAGCGACAACCUGCCCCUGGUGGA,0.3184190902311707,0,"-1.26,-2.36,-10.64,0,0,-214.14999999999998,0.15789473684210525,0,0.5263157894736842,0,0,0.2777777777777778,-3.42,0.0,0,1,0.05555555555555555,-1.1,0,0.16666666666666666,1,-3.26,0.0,0",-44.35,-11.83,-1.26,nan,78.9
GGGUGCCGGGCGGAUGUGG,CCGGCGGCCAGCACUAUCUCCACAUCCGCCCGGCACCCAGCGACAACCUGCCCCUGG,0.3832960477255779,0,"0.0,-3.26,-13.39,0,1,-217.10000000000002,0.15789473684210525,0,0.631578947368421,1,0,0.3333333333333333,-3.26,0.0,0,0,0.05555555555555555,-3.26,0,0.1111111111111111,0,-2.35,0.0,0",-44.55,-12.56,0.0,nan,78.9
GCCGGGCGGAUGUGGAGAU,XCGGCCGGCGGCCAGCACUAUCUCCACAUCCGCCCGGCACCCAGCGACAACCUGCCC,0.4489187173750932,0,"-2.32,-3.42,-14.88,0,1,-209.49999999999997,0.15789473684210525,0,0.5263157894736842,0,1,0.2222222222222222,-3.26,0.0,0,0,0.05555555555555555,-1.1,0,0.1111111111111111,0,-2.11,0.0,0",-41.11,-13.83,-2.32,nan,68.4
GGGCGGAUGUGGAGAUAGU,XXXXCGGCCGGCGGCCAGCACUAUCUCCACAUCCGCCCGGCACCCAGCGACAACCUG,0.3937360178970917,0,"-1.47,-3.26,-13.39,0,1,-200.16,0.21052631578947367,0,0.5263157894736842,1,0,0.2222222222222222,-3.26,0.05555555555555555,0,0,0.0,-2.24,0,0.05555555555555555,0,-2.08,0.0,0",-37.72,-11.21,-1.47,nan,57.9
GGAGAUAGUGCUGGCCGCC,XXXXXXXXXXXXXXCGGCCGGCGGCCAGCACUAUCUCCACAUCCGCCCGGCACCCAG,0.6517524235645041,1,"0.0,-3.26,-13.39,0,1,-210.89999999999998,0.15789473684210525,0,0.42105263157894735,1,0,0.1111111111111111,-2.35,0.05555555555555555,0,0,0.1111111111111111,-3.26,0,0.16666666666666666,0,-3.26,0.0,0",-41.4,-7.2,0.0,nan,68.4
GAUAGUGCUGGCCGCCGGC,XXXXXXXXXXXXXXXXXCGGCCGGCGGCCAGCACUAUCUCCACAUCCGCCCGGCACC,0.6129753914988814,1,"0.62,-2.35,-12.44,0,1,-213.49999999999994,0.15789473684210525,0,0.42105263157894735,0,0,0.1111111111111111,-1.1,0.05555555555555555,0,0,0.1111111111111111,-3.42,0,0.2222222222222222,0,-2.36,0.0,0",-42.75,-7.74,0.62,nan,73.7
UUCCAGAGCUCGGCAGCAU,GAUAGUCCCUUGAACACACAUGCUGCCGAGCUCUGGAAAAACCCCACAGCUUUUAAG,0.6301267710663684,1,"0.17,-0.93,-6.82,1,0,-197.76999999999998,0.21052631578947367,1,0.2631578947368421,0,0,0.05555555555555555,-2.35,0.0,1,0,0.05555555555555555,-1.1,0,0.16666666666666666,0,-3.42,0.05555555555555555,0",-37.88,-9.69,0.17,nan,57.9
UCCAGAGCUCGGCAGCAUG,UGAUAGUCCCUUGAACACACAUGCUGCCGAGCUCUGGAAAAACCCCACAGCUUUUAA,0.6748695003728561,1,"0.66,-2.35,-12.44,1,0,-205.10999999999999,0.15789473684210525,0,0.3157894736842105,0,0,0.05555555555555555,-3.26,0.0,0,0,0.05555555555555555,-2.11,0,0.16666666666666666,0,-2.11,0.0,0",-39.51,-11.21,0.66,nan,63.2
AGCUCGGCAGCAUGUGUGU,AACAUUGAUAGUCCCUUGAACACACAUGCUGCCGAGCUCUGGAAAAACCCCACAGCU,0.5816554809843401,1,"0.16,-2.08,-10.48,0,0,-197.28,0.2631578947368421,0,0.3684210526315789,0,0,0.05555555555555555,-3.42,0.0,0,0,0.0,-2.24,0,0.16666666666666666,0,-2.11,0.0,0",-37.85,-12.8,0.16,nan,57.9
CUCGGCAGCAUGUGUGUUC,CCAACAUUGAUAGUCCCUUGAACACACAUGCUGCCGAGCUCUGGAAAAACCCCACAG,0.668158090976883,1,"0.27,-2.08,-10.48,0,0,-198.62,0.3157894736842105,0,0.3157894736842105,0,0,0.05555555555555555,-2.35,0.0,1,1,0.0,-2.35,0,0.1111111111111111,0,-2.11,0.05555555555555555,0",-36.53,-11.04,0.27,nan,57.9
UCGGCAGCAUGUGUGUUCA,CCCAACAUUGAUAGUCCCUUGAACACACAUGCUGCCGAGCUCUGGAAAAACCCCACA,0.645041014168531,1,"-0.24,-2.35,-12.44,1,0,-191.14,0.3157894736842105,0,0.3157894736842105,0,0,0.05555555555555555,-2.36,0.0,0,0,0.0,-2.11,0,0.1111111111111111,0,-2.24,0.05555555555555555,1",-35.66,-12.56,-0.24,nan,52.6
AUGUGUGUUCAAGGGACUA,UAGGAGAACCCAACAUUGAUAGUCCCUUGAACACACAUGCUGCCGAGCUCUGGAAAA,0.5674869500372857,1,"0.23,-1.1,-9.38,0,0,-179.64,0.3157894736842105,0,0.3157894736842105,0,0,0.1111111111111111,-2.11,0.05555555555555555,1,0,0.0,-1.33,0,0.0,0,-3.26,0.05555555555555555,1",-32.08,-8.06,0.23,nan,42.1
UUCAAGGGACUAUCAAUGU,AGCCUUCUAGGAGAACCCAACAUUGAUAGUCCCUUGAACACACAUGCUGCCGAGCUC,0.6771066368381805,1,"0.86,-0.93,-6.82,1,0,-175.04,0.3157894736842105,1,0.21052631578947367,0,0,0.1111111111111111,-2.35,0.05555555555555555,1,0,0.0,-2.24,0,0.0,0,-2.35,0.05555555555555555,0",-29.87,-9.45,0.86,nan,36.8
UCAAGGGACUAUCAAUGUU,GAGCCUUCUAGGAGAACCCAACAUUGAUAGUCCCUUGAACACACAUGCUGCCGAGCU,0.6942580164056674,1,"-0.97,-2.35,-12.44,1,0,-175.04,0.3157894736842105,0,0.21052631578947367,0,0,0.1111111111111111,-2.11,0.05555555555555555,0,0,0.0,-0.93,0,0.0,0,-2.11,0.05555555555555555,0",-29.87,-9.45,-0.97,nan,36.8
CUAUCAAUGUUGGGUUCUC,UCCAUCCAGAGCCUUCUAGGAGAACCCAACAUUGAUAGUCCCUUGAACACACAUGCU,0.494407158836689,0,"0.27,-2.08,-10.48,0,0,-182.48,0.42105263157894735,0,0.21052631578947367,0,0,0.1111111111111111,-1.33,0.05555555555555555,1,1,0.0,-2.35,0,0.0,0,-3.26,0.1111111111111111,0",-30.77,-3.93,0.27,nan,42.1
AUCAAUGUUGGGUUCUCCU,UCUCCAUCCAGAGCCUUCUAGGAGAACCCAACAUUGAUAGUCCCUUGAACACACAUG,0.7024608501118568,1,"0.53,-1.1,-9.38,0,0,-180.73999999999998,0.42105263157894735,0,0.21052631578947367,0,0,0.1111111111111111,-2.35,0.0,1,0,0.05555555555555555,-2.08,0,0.0,0,-0.93,0.1111111111111111,0",-31.8,-5.85,0.53,nan,42.1
AAUGUUGGGUUCUCCUAGA,UGCUCUCCAUCCAGAGCCUUCUAGGAGAACCCAACAUUGAUAGUCCCUUGAACACAC,0.6621923937360179,1,"0.97,-0.93,-6.82,0,0,-179.08999999999997,0.3684210526315789,0,0.2631578947368421,0,0,0.1111111111111111,-1.1,0.05555555555555555,0,0,0.05555555555555555,-2.35,0,0.0,0,-2.35,0.1111111111111111,1",-32.0,-7.21,0.97,nan,42.1
UGUUGGGUUCUCCUAGAAG,UCUGCUCUCCAUCCAGAGCCUUCUAGGAGAACCCAACAUUGAUAGUCCCUUGAACAC,0.6420581655480985,1,"0.87,-2.11,-10.44,1,0,-183.90999999999997,0.3684210526315789,0,0.3157894736842105,0,0,0.1111111111111111,-2.24,0.05555555555555555,0,0,0.05555555555555555,-2.08,0,0.0,0,-2.08,0.1111111111111111,0",-33.43,-9.5,0.87,nan,47.4
UUGGGUUCUCCUAGAAGGC,AUUCUGCUCUCCAUCCAGAGCCUUCUAGGAGAACCCAACAUUGAUAGUCCCUUGAAC,0.6920208799403431,1,"2.49,-0.93,-6.82,1,0,-190.33999999999997,0.3157894736842105,1,0.3157894736842105,0,0,0.16666666666666666,-2.11,0.05555555555555555,1,0,0.05555555555555555,-3.42,0,0.05555555555555555,0,-2.08,0.1111111111111111,0",-35.76,-9.61,2.49,nan,52.6
GUUCUCCUAGAAGGCUCUG,GACCAUUCUGCUCUCCAUCCAGAGCCUUCUAGGAGAACCCAACAUUGAUAGUCCCUU,0.5630126771066368,1,"-0.13,-2.24,-11.4,0,1,-193.85999999999999,0.3157894736842105,0,0.2631578947368421,0,0,0.05555555555555555,-0.93,0.05555555555555555,1,0,0.05555555555555555,-2.11,0,0.05555555555555555,0,-3.26,0.05555555555555555,0",-35.27,-8.06,-0.13,nan,52.6
UCCUAGAAGGCUCUGGAUG,UCAGGACCAUUCUGCUCUCCAUCCAGAGCCUUCUAGGAGAACCCAACAUUGAUAGUC,0.5861297539149889,1,"0.66,-2.35,-12.44,1,0,-194.64999999999998,0.2631578947368421,0,0.3157894736842105,0,0,0.1111111111111111,-3.26,0.05555555555555555,0,0,0.05555555555555555,-2.11,0,0.05555555555555555,0,-2.08,0.0,0",-36.04,-7.49,0.66,nan,52.6
UAGAAGGCUCUGGAUGGAG,AUGUCAGGACCAUUCUGCUCUCCAUCCAGAGCCUUCUAGGAGAACCCAACAUUGAUA,0.610738255033557,1,"1.2,-1.33,-7.69,1,0,-194.65,0.21052631578947367,0,0.42105263157894735,0,0,0.16666666666666666,-2.08,0.05555555555555555,0,0,0.0,-2.08,0,0.05555555555555555,0,-2.35,0.0,0",-36.04,-9.58,1.2,nan,52.6
CUGGAUGGAGAGCAGAAUG,CCCUGUAUGAUGUCAGGACCAUUCUGCUCUCCAUCCAGAGCCUUCUAGGAGAACCCA,0.5943325876211782,1,"0.03,-2.08,-10.48,0,0,-197.06999999999996,0.15789473684210525,0,0.42105263157894735,0,0,0.1111111111111111,-2.11,0.0,1,1,0.0,-2.11,0,0.05555555555555555,0,-2.11,0.0,0",-35.14,-9.65,0.03,nan,52.6
GGAGAGCAGAAUGGUCCUG,GGUCUGCCCUGUAUGAUGUCAGGACCAUUCUGCUCUCCAUCCAGAGCCUUCUAGGAG,0.3385533184190902,0,"-0.7,-3.26,-13.39,0,1,-202.04,0.15789473684210525,0,0.42105263157894735,1,0,0.1111111111111111,-2.35,0.0,0,0,0.05555555555555555,-2.11,0,0.05555555555555555,0,-3.26,0.0,0",-37.43,-9.85,-0.7,nan,57.9
AGCAGAAUGGUCCUGACAU,AAGUGGUCUGCCCUGUAUGAUGUCAGGACCAUUCUGCUCUCCAUCCAGAGCCUUCUA,0.4213273676360924,0,"-0.53,-2.08,-10.48,0,0,-189.51,0.21052631578947367,0,0.2631578947368421,0,0,0.05555555555555555,-3.42,0.0,0,0,0.05555555555555555,-1.1,0,0.05555555555555555,0,-2.08,0.0,0",-34.29,-7.45,-0.53,nan,47.4
GCAGAAUGGUCCUGACAUC,AAAGUGGUCUGCCCUGUAUGAUGUCAGGACCAUUCUGCUCUCCAUCCAGAGCCUUCU,0.3639075316927666,0,"-0.62,-3.42,-14.88,0,1,-198.91,0.21052631578947367,0,0.2631578947368421,0,1,0.05555555555555555,-2.11,0.0,0,0,0.05555555555555555,-2.35,0,0.05555555555555555,0,-2.11,0.0,0",-35.46,-6.59,-0.62,nan,52.6
GAAUGGUCCUGACAUCAUA,GGAAAAGUGGUCUGCCCUGUAUGAUGUCAGGACCAUUCUGCUCUCCAUCCAGAGCCU,0.2393736017897091,0,"-1.47,-2.35,-12.44,0,1,-186.9,0.2631578947368421,0,0.21052631578947367,0,0,0.05555555555555555,-0.93,0.05555555555555555,0,0,0.05555555555555555,-1.33,0,0.0,0,-2.11,0.0,1",-31.94,-7.45,-1.47,nan,42.1
GGUCCUGACAUCAUACAGG,UGAAGGAAAAGUGGUCUGCCCUGUAUGAUGUCAGGACCAUUCUGCUCUCCAUCCAGA,0.3131991051454139,0,"0.0,-3.26,-13.39,0,1,-197.25,0.21052631578947367,0,0.2631578947368421,1,0,0.1111111111111111,-2.24,0.05555555555555555,0,0,0.05555555555555555,-3.26,0,0.0,0,-1.1,0.0,0",-35.59,-9.85,0.0,nan,52.6
CCUGACAUCAUACAGGGCA,UCCUGAAGGAAAAGUGGUCUGCCCUGUAUGAUGUCAGGACCAUUCUGCUCUCCAUCC,0.3788217747949292,0,"-1.6,-3.26,-13.39,0,0,-195.00999999999993,0.15789473684210525,0,0.21052631578947367,0,0,0.1111111111111111,-2.08,0.05555555555555555,0,1,0.05555555555555555,-2.11,1,0.05555555555555555,0,-2.11,0.0,1",-36.08,-7.45,-1.6,nan,52.6
ACAUCAUACAGGGCAGACC,GACAUCCUGAAGGAAAAGUGGUCUGCCCUGUAUGAUGUCAGGACCAUUCUGCUCUCC,0.4138702460850112,0,"1.47,-2.24,-11.4,0,0,-195.96999999999997,0.10526315789473684,0,0.21052631578947367,0,0,0.1111111111111111,-2.11,0.05555555555555555,0,0,0.05555555555555555,-3.26,0,0.05555555555555555,0,-3.42,0.0,0",-36.21,-5.56,1.47,nan,52.6
CAUCAUACAGGGCAGACCA,GGACAUCCUGAAGGAAAAGUGGUCUGCCCUGUAUGAUGUCAGGACCAUUCUGCUCUC,0.2132736763609246,0,"-0.9,-2.11,-10.44,0,0,-195.01,0.10526315789473684,0,0.21052631578947367,0,0,0.1111111111111111,-1.1,0.05555555555555555,0,1,0.05555555555555555,-2.11,0,0.05555555555555555,0,-2.11,0.0,1",-36.08,-5.69,-0.9,nan,52.6
UCAUACAGGGCAGACCACU,CUGGACAUCCUGAAGGAAAAGUGGUCUGCCCUGUAUGAUGUCAGGACCAUUCUGCUC,0.4556301267710663,0,"-0.27,-2.35,-12.44,1,0,-193.35000000000002,0.15789473684210525,0,0.21052631578947367,0,0,0.1111111111111111,-2.11,0.05555555555555555,0,0,0.05555555555555555,-2.08,0,0.05555555555555555,0,-2.35,0.0,0",-36.74,-6.88,-0.27,nan,52.6
GGCAGACCACUUUUCCUUC,ACAUAUGCCUGGACAUCCUGAAGGAAAAGUGGUCUGCCCUGUAUGAUGUCAGGACCA,0.4720357941834452,0,"-0.46,-3.26,-13.39,0,1,-191.16,0.3157894736842105,0,0.15789473684210525,1,0,0.05555555555555555,-3.42,0.0,0,0,0.1111111111111111,-2.35,0,0.05555555555555555,0,-0.93,0.2222222222222222,0",-34.82,-11.37,-0.46,nan,52.6
GACCACUUUUCCUUCAGGA,GGUAACAUAUGCCUGGACAUCCUGAAGGAAAAGUGGUCUGCCCUGUAUGAUGUCAGG,0.5354213273676359,1,"-0.9,-2.35,-12.44,0,1,-184.99999999999994,0.3157894736842105,0,0.15789473684210525,0,0,0.05555555555555555,-2.24,0.0,0,0,0.1111111111111111,-2.35,0,0.0,0,-0.93,0.2222222222222222,1",-33.3,-7.87,-0.9,nan,47.4
CACUUUUCCUUCAGGAUGU,CAGGGUAACAUAUGCCUGGACAUCCUGAAGGAAAAGUGGUCUGCCCUGUAUGAUGUC,0.3445190156599553,0,"-0.77,-2.11,-10.44,0,0,-178.99,0.42105263157894735,0,0.15789473684210525,0,0,0.05555555555555555,-2.24,0.0,0,1,0.05555555555555555,-2.24,0,0.0,0,-2.08,0.2222222222222222,0",-30.9,-4.92,-0.77,nan,42.1
UUCCUUCAGGAUGUCCAGG,ACACCCAGGGUAACAUAUGCCUGGACAUCCUGAAGGAAAAGUGGUCUGCCCUGUAUG,0.5533184190902312,1,"2.33,-0.93,-6.82,1,0,-193.17000000000002,0.3157894736842105,1,0.2631578947368421,0,0,0.1111111111111111,-2.35,0.0,1,0,0.1111111111111111,-3.26,0,0.0,0,-2.24,0.1111111111111111,0",-35.67,-8.09,2.33,nan,52.6
UCCUUCAGGAUGUCCAGGC,GACACCCAGGGUAACAUAUGCCUGGACAUCCUGAAGGAAAAGUGGUCUGCCCUGUAU,0.6398210290827739,1,"1.52,-2.35,-12.44,1,0,-201.23000000000002,0.2631578947368421,0,0.2631578947368421,0,0,0.1111111111111111,-3.26,0.0,0,0,0.1111111111111111,-3.42,0,0.05555555555555555,0,-2.35,0.05555555555555555,0",-38.16,-8.72,1.52,nan,57.9
CCUUCAGGAUGUCCAGGCA,GGACACCCAGGGUAACAUAUGCCUGGACAUCCUGAAGGAAAAGUGGUCUGCCCUGUA,0.3668903803131991,0,"-1.6,-3.26,-13.39,0,0,-199.22999999999996,0.21052631578947367,0,0.2631578947368421,0,0,0.1111111111111111,-2.08,0.0,0,1,0.1111111111111111,-2.11,1,0.05555555555555555,0,-3.26,0.05555555555555555,1",-37.92,-8.72,-1.6,nan,57.9
AGGAUGUCCAGGCAUAUGU,AACGUGGACACCCAGGGUAACAUAUGCCUGGACAUCCUGAAGGAAAAGUGGUCUGCC,0.5645041014168531,1,"0.16,-2.08,-10.48,0,0,-190.23,0.2631578947368421,0,0.3157894736842105,0,0,0.1111111111111111,-3.26,0.05555555555555555,0,0,0.05555555555555555,-2.24,0,0.05555555555555555,0,-2.11,0.0,0",-34.62,-9.32,0.16,nan,47.4
GGCAUAUGUUACCCUGGGU,CUAUCACCCCAACGUGGACACCCAGGGUAACAUAUGCCUGGACAUCCUGAAGGAAAA,0.2953020134228188,0,"-1.47,-3.26,-13.39,0,1,-191.46,0.3157894736842105,0,0.3157894736842105,1,0,0.16666666666666666,-3.42,0.1111111111111111,0,0,0.1111111111111111,-2.24,0,0.05555555555555555,0,-3.26,0.05555555555555555,0",-36.1,-7.08,-1.47,nan,52.6
UUACCCUGGGUGUCCACGU,ACGCCCUGCUAUCACCCCAACGUGGACACCCAGGGUAACAUAUGCCUGGACAUCCUG,0.6189410887397464,1,"0.86,-0.93,-6.82,1,0,-192.29000000000005,0.3157894736842105,1,0.2631578947368421,0,0,0.1111111111111111,-1.33,0.05555555555555555,1,0,0.16666666666666666,-2.24,0,0.0,0,-2.35,0.05555555555555555,0",-37.89,-9.74,0.86,nan,57.9
GGGUGUCCACGUUGGGGUG,GUUCCUCACGCCCUGCUAUCACCCCAACGUGGACACCCAGGGUAACAUAUGCCUGGA,0.0865026099925428,0,"-0.7,-3.26,-13.39,0,1,-205.38999999999996,0.2631578947368421,0,0.5263157894736842,1,0,0.2777777777777778,-3.26,0.0,0,0,0.05555555555555555,-2.11,0,0.0,0,-2.11,0.05555555555555555,0",-40.75,-11.37,-0.7,nan,68.4
GUCCACGUUGGGGUGAUAG,UGAAGUUCCUCACGCCCUGCUAUCACCCCAACGUGGACACCCAGGGUAACAUAUGCC,0.575689783743475,1,"-0.16,-2.24,-11.4,0,1,-196.76,0.2631578947368421,0,0.42105263157894735,0,0,0.16666666666666666,-2.35,0.05555555555555555,1,0,0.05555555555555555,-2.08,0,0.0,0,-2.24,0.05555555555555555,0",-36.74,-9.57,-0.16,nan,57.9
UCCACGUUGGGGUGAUAGC,GUGAAGUUCCUCACGCCCUGCUAUCACCCCAACGUGGACACCCAGGGUAACAUAUGC,0.6666666666666667,1,"1.52,-2.35,-12.44,1,0,-196.51999999999995,0.2631578947368421,0,0.3684210526315789,0,0,0.16666666666666666,-3.26,0.05555555555555555,0,0,0.05555555555555555,-3.42,0,0.05555555555555555,0,-2.11,0.05555555555555555,0",-37.47,-8.6,1.52,nan,57.9
CGUUGGGGUGAUAGCAGGG,CACAGUGAAGUUCCUCACGCCCUGCUAUCACCCCAACGUGGACACCCAGGGUAACAU,0.3959731543624161,0,"0.9,-2.36,-10.64,0,0,-200.26999999999998,0.21052631578947367,0,0.5263157894736842,0,0,0.2777777777777778,-2.24,0.05555555555555555,0,1,0.0,-3.26,0,0.05555555555555555,1,-2.08,0.05555555555555555,0",-38.67,-10.97,0.9,nan,63.2
GUUGGGGUGAUAGCAGGGC,CCACAGUGAAGUUCCUCACGCCCUGCUAUCACCCCAACGUGGACACCCAGGGUAACA,0.4727815063385533,0,"0.73,-2.24,-11.4,0,1,-204.51,0.21052631578947367,0,0.5263157894736842,0,0,0.2777777777777778,-0.93,0.05555555555555555,1,0,0.0,-3.42,0,0.1111111111111111,0,-3.42,0.05555555555555555,0",-39.73,-10.07,0.73,nan,63.2
UAGCAGGGCGUGAGGAACU,UACAAUGCGCCCACAGUGAAGUUCCUCACGCCCUGCUAUCACCCCAACGUGGACACC,0.6293810589112603,1,"0.3,-1.33,-7.69,1,0,-194.51,0.15789473684210525,0,0.42105263157894735,0,0,0.16666666666666666,-2.08,0.05555555555555555,0,0,0.0,-2.08,0,0.1111111111111111,0,-2.08,0.0,0",-37.97,-11.67,0.3,nan,57.9
AGCAGGGCGUGAGGAACUU,UUACAAUGCGCCCACAGUGAAGUUCCUCACGCCCUGCUAUCACCCCAACGUGGACAC,0.3803131991051454,0,"-0.7,-2.08,-10.48,0,0,-193.64,0.15789473684210525,0,0.42105263157894735,0,0,0.16666666666666666,-3.42,0.0,0,0,0.0,-0.93,0,0.1111111111111111,0,-3.26,0.05555555555555555,0",-37.57,-13.46,-0.7,nan,57.9
GCAGGGCGUGAGGAACUUC,CUUACAAUGCGCCCACAGUGAAGUUCCUCACGCCCUGCUAUCACCCCAACGUGGACA,0.3049962714392244,0,"-0.62,-3.42,-14.88,0,1,-203.03999999999996,0.15789473684210525,0,0.42105263157894735,0,1,0.16666666666666666,-2.11,0.0,0,0,0.0,-2.35,0,0.1111111111111111,0,-2.35,0.05555555555555555,0",-38.74,-12.4,-0.62,nan,63.2
GUGAGGAACUUCACUGUGG,GGCUACCCUUACAAUGCGCCCACAGUGAAGUUCCUCACGCCCUGCUAUCACCCCAAC,0.5540641312453393,1,"0.57,-2.24,-11.4,0,1,-192.93,0.2631578947368421,0,0.3684210526315789,0,0,0.1111111111111111,-2.11,0.0,1,0,0.0,-3.26,0,0.0,0,-2.24,0.05555555555555555,0",-34.98,-8.09,0.57,nan,52.6
GAGGAACUUCACUGUGGGC,GUGGCUACCCUUACAAUGCGCCCACAGUGAAGUUCCUCACGCCCUGCUAUCACCCCA,0.3482475764354959,0,"0.62,-2.35,-12.44,0,1,-199.36,0.21052631578947367,0,0.3684210526315789,0,0,0.16666666666666666,-2.08,0.0,0,0,0.0,-3.42,0,0.05555555555555555,0,-2.11,0.05555555555555555,0",-37.31,-7.95,0.62,nan,57.9
GGAACUUCACUGUGGGCGC,CAGUGGCUACCCUUACAAUGCGCCCACAGUGAAGUUCCUCACGCCCUGCUAUCACCC,0.5287099179716629,1,"0.16,-3.26,-13.39,0,1,-201.95999999999998,0.21052631578947367,0,0.3684210526315789,1,0,0.16666666666666666,-2.35,0.0,0,0,0.0,-3.42,0,0.1111111111111111,0,-2.11,0.05555555555555555,0",-38.66,-6.79,0.16,nan,63.2
ACUUCACUGUGGGCGCAUU,CCCCAGUGGCUACCCUUACAAUGCGCCCACAGUGAAGUUCCUCACGCCCUGCUAUCA,0.4295302013422818,0,"-0.86,-2.24,-11.4,0,0,-188.51,0.3157894736842105,0,0.2631578947368421,0,0,0.1111111111111111,-2.08,0.0,0,0,0.0,-0.93,0,0.1111111111111111,0,-3.42,0.1111111111111111,0",-35.36,-7.25,-0.86,nan,52.6
UUCACUGUGGGCGCAUUGU,UUCCCCAGUGGCUACCCUUACAAUGCGCCCACAGUGAAGUUCCUCACGCCCUGCUAU,0.6987322893363163,1,"0.86,-0.93,-6.82,1,0,-188.47,0.3684210526315789,1,0.3157894736842105,0,0,0.1111111111111111,-2.35,0.0,1,0,0.0,-2.24,0,0.1111111111111111,0,-3.42,0.1111111111111111,0",-35.39,-8.14,0.86,nan,52.6
GUGGGCGCAUUGUAAGGGU,CUAGAGUUCCCCAGUGGCUACCCUUACAAUGCGCCCACAGUGAAGUUCCUCACGCCC,0.3534675615212528,0,"-0.9,-2.24,-11.4,0,1,-193.33999999999995,0.2631578947368421,0,0.47368421052631576,0,0,0.2222222222222222,-2.11,0.05555555555555555,1,0,0.0,-2.24,0,0.1111111111111111,0,-1.33,0.05555555555555555,0",-37.12,-13.29,-0.9,nan,57.9
CGCAUUGUAAGGGUAGCCA,UCUCGCUAGAGUUCCCCAGUGGCUACCCUUACAAUGCGCCCACAGUGAAGUUCCUCA,0.4571215510812826,0,"-0.7,-2.36,-10.64,0,0,-186.71999999999997,0.21052631578947367,0,0.3157894736842105,0,0,0.1111111111111111,-3.42,0.1111111111111111,0,1,0.05555555555555555,-2.11,0,0.1111111111111111,1,-2.24,0.05555555555555555,1",-35.03,-7.37,-0.7,nan,52.6
GCAUUGUAAGGGUAGCCAC,CUCUCGCUAGAGUUCCCCAGUGGCUACCCUUACAAUGCGCCCACAGUGAAGUUCCUC,0.6547352721849367,1,"-0.73,-3.42,-14.88,0,1,-191.20000000000002,0.21052631578947367,0,0.3157894736842105,0,1,0.1111111111111111,-2.11,0.1111111111111111,0,0,0.05555555555555555,-2.24,0,0.1111111111111111,0,-1.33,0.05555555555555555,0",-35.36,-5.28,-0.73,nan,52.6
CAUUGUAAGGGUAGCCACU,GCUCUCGCUAGAGUUCCCCAGUGGCUACCCUUACAAUGCGCCCACAGUGAAGUUCCU,0.5734526472781507,1,"-0.93,-2.11,-10.44,0,0,-183.07999999999998,0.2631578947368421,0,0.2631578947368421,0,0,0.1111111111111111,-1.1,0.1111111111111111,0,1,0.05555555555555555,-2.08,0,0.05555555555555555,0,-2.08,0.05555555555555555,0",-33.57,-3.65,-0.93,nan,47.4
UGUAAGGGUAGCCACUGGG,UAAGCUCUCGCUAGAGUUCCCCAGUGGCUACCCUUACAAUGCGCCCACAGUGAAGUU,0.639075316927666,1,"1.6,-2.11,-10.44,1,0,-193.65999999999997,0.21052631578947367,0,0.42105263157894735,0,0,0.2222222222222222,-2.24,0.1111111111111111,0,0,0.05555555555555555,-3.26,0,0.05555555555555555,0,-2.11,0.0,0",-38.06,-9.01,1.6,nan,57.9
GUAAGGGUAGCCACUGGGG,AUAAGCUCUCGCUAGAGUUCCCCAGUGGCUACCCUUACAAUGCGCCCACAGUGAAGU,0.5048471290082028,0,"0.57,-2.24,-11.4,0,1,-200.32999999999998,0.15789473684210525,0,0.47368421052631576,0,0,0.2777777777777778,-1.33,0.1111111111111111,1,0,0.05555555555555555,-3.26,0,0.05555555555555555,0,-2.24,0.0,0",-39.66,-8.11,0.57,nan,63.2
GUAGCCACUGGGGAACUCU,UGAGGUAUAAGCUCUCGCUAGAGUUCCCCAGUGGCUACCCUUACAAUGCGCCCACAG,0.6487695749440716,1,"-1.06,-2.24,-11.4,0,1,-197.49999999999997,0.21052631578947367,0,0.3157894736842105,0,0,0.16666666666666666,-1.33,0.05555555555555555,1,0,0.05555555555555555,-2.08,0,0.05555555555555555,0,-2.35,0.0,0",-38.14,-9.9,-1.06,nan,57.9
UAGCCACUGGGGAACUCUA,CUGAGGUAUAAGCUCUCGCUAGAGUUCCCCAGUGGCUACCCUUACAAUGCGCCCACA,0.5011185682326622,0,"0.0,-1.33,-7.69,1,0,-190.06999999999996,0.21052631578947367,0,0.2631578947368421,0,0,0.16666666666666666,-2.08,0.1111111111111111,0,0,0.05555555555555555,-1.33,0,0.05555555555555555,0,-0.93,0.0,1",-36.78,-10.2,0.0,nan,52.6
GCCACUGGGGAACUCUAGC,ACCUGAGGUAUAAGCUCUCGCUAGAGUUCCCCAGUGGCUACCCUUACAAUGCGCCCA,0.5145413870246085,0,"0.0,-3.42,-14.88,0,1,-204.69999999999996,0.15789473684210525,0,0.3157894736842105,0,1,0.16666666666666666,-3.26,0.05555555555555555,0,0,0.05555555555555555,-3.42,0,0.1111111111111111,0,-2.08,0.0,0",-39.77,-10.97,0.0,nan,63.2
CCACUGGGGAACUCUAGCG,GACCUGAGGUAUAAGCUCUCGCUAGAGUUCCCCAGUGGCUACCCUUACAAUGCGCCC,0.6480238627889635,1,"-0.9,-3.26,-13.39,0,0,-200.45999999999998,0.15789473684210525,0,0.3157894736842105,0,0,0.16666666666666666,-2.11,0.05555555555555555,0,1,0.05555555555555555,-2.36,1,0.05555555555555555,0,-2.35,0.0,0",-38.71,-10.97,-0.9,nan,63.2
GAACUCUAGCGAGAGCUUA,UAUAUGAAGACCUGAGGUAUAAGCUCUCGCUAGAGUUCCCCAGUGGCUACCCUUACA,0.4489187173750932,0,"-1.47,-2.35,-12.44,0,1,-186.12999999999997,0.21052631578947367,0,0.2631578947368421,0,0,0.0,-0.93,0.1111111111111111,0,0,0.0,-1.33,0,0.1111111111111111,0,-2.35,0.05555555555555555,1",-33.3,-6.02,-1.47,nan,47.4
UCUAGCGAGAGCUUAUACC,ACAGUAUAUGAAGACCUGAGGUAUAAGCUCUCGCUAGAGUUCCCCAGUGGCUACCCU,0.6808351976137211,1,"1.36,-2.35,-12.44,1,0,-186.85000000000002,0.2631578947368421,0,0.21052631578947367,0,0,0.0,-2.08,0.16666666666666666,0,0,0.05555555555555555,-3.26,0,0.1111111111111111,0,-0.93,0.05555555555555555,0",-33.63,-9.08,1.36,nan,47.4
CUAGCGAGAGCUUAUACCU,AACAGUAUAUGAAGACCUGAGGUAUAAGCUCUCGCUAGAGUUCCCCAGUGGCUACCC,0.6890380313199106,1,"-0.9,-2.08,-10.48,0,0,-184.89000000000001,0.2631578947368421,0,0.21052631578947367,0,0,0.0,-1.33,0.16666666666666666,1,1,0.05555555555555555,-2.08,0,0.1111111111111111,0,-1.33,0.05555555555555555,0",-33.36,-9.08,-0.9,nan,47.4
AGCGAGAGCUUAUACCUCA,GGAACAGUAUAUGAAGACCUGAGGUAUAAGCUCUCGCUAGAGUUCCCCAGUGGCUAC,0.6010439970171514,1,"0.03,-2.08,-10.48,0,0,-185.87999999999997,0.21052631578947367,0,0.21052631578947367,0,0,0.0,-3.42,0.1111111111111111,0,0,0.05555555555555555,-2.11,0,0.1111111111111111,0,-1.33,0.05555555555555555,1",-33.96,-10.55,0.03,nan,47.4
GCGAGAGCUUAUACCUCAG,UGGAACAGUAUAUGAAGACCUGAGGUAUAAGCUCUCGCUAGAGUUCCCCAGUGGCUA,0.5652498135719612,1,"-0.89,-3.42,-14.88,0,1,-193.32,0.21052631578947367,0,0.2631578947368421,0,1,0.0,-2.36,0.1111111111111111,0,0,0.05555555555555555,-2.08,0,0.1111111111111111,0,-2.24,0.05555555555555555,0",-34.86,-10.55,-0.89,nan,52.6
GAGAGCUUAUACCUCAGGU,GCUGGAACAGUAUAUGAAGACCUGAGGUAUAAGCUCUCGCUAGAGUUCCCCAGUGGC,0.6032811334824758,1,"-1.01,-2.35,-12.44,0,1,-188.86999999999998,0.2631578947368421,0,0.2631578947368421,0,0,0.05555555555555555,-2.08,0.1111111111111111,0,0,0.05555555555555555,-2.24,0,0.05555555555555555,0,-2.08,0.05555555555555555,0",-34.13,-7.95,-1.01,nan,47.4
GAGCUUAUACCUCAGGUCU,CAGCUGGAACAGUAUAUGAAGACCUGAGGUAUAAGCUCUCGCUAGAGUUCCCCAGUG,0.5346756152125279,1,"-1.17,-2.35,-12.44,0,1,-188.87,0.3157894736842105,0,0.21052631578947367,0,0,0.05555555555555555,-2.08,0.1111111111111111,0,0,0.05555555555555555,-2.08,0,0.05555555555555555,0,-2.11,0.05555555555555555,0",-34.13,-5.95,-1.17,nan,47.4
AGCUUAUACCUCAGGUCUU,GCAGCUGGAACAGUAUAUGAAGACCUGAGGUAUAAGCUCUCGCUAGAGUUCCCCAGU,0.3460104399701715,0,"-0.7,-2.08,-10.48,0,0,-179.52999999999997,0.3684210526315789,0,0.15789473684210525,0,0,0.05555555555555555,-3.42,0.1111111111111111,0,0,0.05555555555555555,-0.93,0,0.05555555555555555,0,-2.08,0.1111111111111111,0",-32.26,-5.65,-0.7,nan,42.1
CCUCAGGUCUUCAUAUACU,UCCAUGGAGCAGCUGGAACAGUAUAUGAAGACCUGAGGUAUAAGCUCUCGCUAGAGU,0.575689783743475,1,"-1.63,-3.26,-13.39,0,0,-183.32999999999998,0.3684210526315789,0,0.10526315789473684,0,0,0.05555555555555555,-2.08,0.1111111111111111,0,1,0.05555555555555555,-2.08,1,0.0,0,-1.1,0.05555555555555555,0",-31.84,-9.58,-1.63,nan,42.1
CUCAGGUCUUCAUAUACUG,AUCCAUGGAGCAGCUGGAACAGUAUAUGAAGACCUGAGGUAUAAGCUCUCGCUAGAG,0.6129753914988814,1,"0.03,-2.08,-10.48,0,0,-184.1,0.3684210526315789,0,0.15789473684210525,0,0,0.05555555555555555,-2.35,0.1111111111111111,1,1,0.0,-2.11,0,0.0,0,-1.33,0.05555555555555555,0",-31.14,-9.85,0.03,nan,42.1
UCAGGUCUUCAUAUACUGU,CAUCCAUGGAGCAGCUGGAACAGUAUAUGAAGACCUGAGGUAUAAGCUCUCGCUAGA,0.656972408650261,1,"-0.11,-2.35,-12.44,1,0,-177.57999999999998,0.42105263157894735,0,0.15789473684210525,0,0,0.05555555555555555,-2.11,0.1111111111111111,0,0,0.0,-2.24,0,0.0,0,-1.1,0.05555555555555555,0",-30.4,-9.58,-0.11,nan,36.8
AGGUCUUCAUAUACUGUUC,ACCAUCCAUGGAGCAGCUGGAACAGUAUAUGAAGACCUGAGGUAUAAGCUCUCGCUA,0.6480238627889635,1,"1.17,-2.08,-10.48,0,0,-177.67999999999998,0.42105263157894735,0,0.15789473684210525,0,0,0.05555555555555555,-3.26,0.1111111111111111,0,0,0.0,-2.35,0,0.0,0,-2.24,0.1111111111111111,0",-29.67,-9.12,1.17,nan,36.8
CUUCAUAUACUGUUCCAGC,XGGGACCAUCCAUGGAGCAGCUGGAACAGUAUAUGAAGACCUGAGGUAUAAGCUCUC,0.674123788217748,1,"0.89,-2.08,-10.48,0,0,-182.88000000000002,0.3684210526315789,0,0.10526315789473684,0,0,0.0,-0.93,0.1111111111111111,1,1,0.05555555555555555,-3.42,0,0.05555555555555555,0,-0.93,0.1111111111111111,0",-31.06,-3.93,0.89,nan,42.1
UUCAUAUACUGUUCCAGCU,XXGGGACCAUCCAUGGAGCAGCUGGAACAGUAUAUGAAGACCUGAGGUAUAAGCUCU,0.727069351230425,1,"0.7,-0.93,-6.82,1,0,-175.44,0.42105263157894735,1,0.10526315789473684,0,0,0.0,-2.35,0.1111111111111111,1,0,0.05555555555555555,-2.08,0,0.05555555555555555,0,-2.35,0.1111111111111111,0",-30.16,-4.33,0.7,nan,36.8
UAUACUGUUCCAGCUGCUC,XXXXXXGGGACCAUCCAUGGAGCAGCUGGAACAGUAUAUGAAGACCUGAGGUAUAAG,0.6353467561521253,1,"1.47,-1.33,-7.69,1,0,-188.31999999999996,0.3684210526315789,0,0.15789473684210525,0,0,0.0,-1.1,0.1111111111111111,0,0,0.05555555555555555,-2.35,0,0.1111111111111111,0,-3.42,0.05555555555555555,0",-34.08,-6.11,1.47,nan,47.4
ACUGUUCCAGCUGCUCCAU,XXXXXXXXXGGGACCAUCCAUGGAGCAGCUGGAACAGUAUAUGAAGACCUGAGGUAU,0.6301267710663684,1,"-0.69,-2.24,-11.4,0,0,-193.04999999999995,0.3157894736842105,0,0.15789473684210525,0,0,0.0,-2.08,0.0,0,0,0.1111111111111111,-1.1,0,0.1111111111111111,0,-3.42,0.05555555555555555,0",-36.34,-8.88,-0.69,nan,52.6
CCAGCUGCUCCAUGGAUGG,XXXXXXXXXXXXXXXGGGACCAUCCAUGGAGCAGCUGGAACAGUAUAUGAAGACCUG,0.6017897091722596,1,"0.0,-3.26,-13.39,0,0,-206.98999999999995,0.21052631578947367,0,0.3157894736842105,0,0,0.1111111111111111,-2.11,0.0,0,1,0.1111111111111111,-3.26,1,0.1111111111111111,0,-2.11,0.0,0",-39.48,-11.13,0.0,nan,63.2
CAGCUGCUCCAUGGAUGGU,XXXXXXXXXXXXXXXXGGGACCAUCCAUGGAGCAGCUGGAACAGUAUAUGAAGACCU,0.4630872483221476,0,"-0.77,-2.11,-10.44,0,0,-201.28,0.2631578947368421,0,0.3157894736842105,0,0,0.1111111111111111,-2.08,0.0,0,1,0.05555555555555555,-2.24,0,0.1111111111111111,0,-3.26,0.0,0",-38.01,-10.2,-0.77,nan,57.9
UGGGUUGGUCAAAGCCGCG,AUGAGACUACGCUGAAAAUCGCGGCUUUGACCAACCCAGUGUACCCCAGCGACCAGA,0.6293810589112603,1,"0.7,-2.11,-10.44,1,0,-194.76999999999992,0.21052631578947367,0,0.42105263157894735,0,0,0.16666666666666666,-3.26,0.0,0,0,0.05555555555555555,-2.36,0,0.1111111111111111,0,-2.08,0.05555555555555555,0",-38.09,-10.97,0.7,nan,63.2
CACUCCCACAGAAGUAAAG,UCAUCAGCUCUGUGGCGGCCUUUACUUCUGUGGGAGUGGGAACUGUUCUCUGUGACA,0.5048471290082028,0,"-0.03,-2.11,-10.44,0,0,-183.64,0.10526315789473684,0,0.15789473684210525,0,0,0.0,-2.24,0.05555555555555555,0,1,0.1111111111111111,-2.08,0,0.0,0,-2.08,0.0,0",-32.62,-10.31,-0.03,nan,47.4
AAGCCUUCAGGAGGGUGCG,GGAAAAUGGCAGUGAGUACCGCACCCUCCUGAAGGCUUUUGGCAUCCGCUUCGACGU,0.5063385533184191,0,"1.43,-0.93,-6.82,0,0,-199.35000000000002,0.15789473684210525,0,0.42105263157894735,0,0,0.16666666666666666,-2.08,0.0,0,0,0.05555555555555555,-2.36,0,0.1111111111111111,0,-3.26,0.05555555555555555,0",-39.04,-9.58,1.43,nan,63.2
AACCUGAAGUUGUAGCCUG,GAGAAAAGCAGCGUGUCCCCAGGCUACAACUUCAGGUUUGCCAAGUACUACAAAAUG,0.7121551081282624,1,"1.63,-0.93,-6.82,0,0,-182.35999999999999,0.2631578947368421,0,0.2631578947368421,0,0,0.0,-2.24,0.05555555555555555,0,0,0.1111111111111111,-2.11,0,0.05555555555555555,0,-1.33,0.05555555555555555,0",-33.24,-7.98,1.63,nan,47.4
AAACGCUGUCGAGCCGGGU,CAUCCCCAAAUACUCCUUCACCCGGCUCGACAGCGUUUCUGAGAAAAGCAGCGUGUC,0.7017151379567487,1,"0.86,-0.93,-6.82,0,0,-194.92,0.15789473684210525,0,0.3684210526315789,0,0,0.1111111111111111,-0.93,0.0,0,0,0.05555555555555555,-2.24,0,0.1111111111111111,0,-3.42,0.0,0",-38.26,-8.6,0.86,nan,63.2
UCGAGCCGGGUGAAGGAGU,GACCAGUGCAUCCCCAAAUACUCCUUCACCCGGCUCGACAGCGUUUCUGAGAAAAGC,0.5980611483967189,1,"-0.11,-2.35,-12.44,1,0,-199.93,0.15789473684210525,0,0.47368421052631576,0,0,0.16666666666666666,-2.36,0.0,0,0,0.05555555555555555,-2.24,0,0.05555555555555555,0,-0.93,0.0,0",-39.35,-11.74,-0.11,nan,63.2
CCCAGGCCUUGUCCAAGUC,UAAGAUCGGCUGGGUGUGCGACUUGGACAAGGCCUGGGACCAGUGCAUCCCCAAAUA,0.6935123042505593,1,"-0.46,-3.26,-13.39,0,0,-202.3,0.21052631578947367,0,0.21052631578947367,0,0,0.05555555555555555,-3.26,0.0,0,1,0.2222222222222222,-2.35,1,0.05555555555555555,0,-3.26,0.05555555555555555,0",-39.24,-13.3,-0.46,nan,63.2
UUGACCACGUCCCCUACCC,CCUUUCUGCCCCAUCUUGCGGGUAGGGGACGUGGUCAAGUUUGCGGGGCAGGAUUUU,0.7076808351976137,1,"2.33,-0.93,-6.82,1,0,-199.99999999999994,0.21052631578947367,1,0.10526315789473684,0,0,0.0,-2.11,0.05555555555555555,1,0,0.3333333333333333,-3.26,0,0.0,0,-3.26,0.05555555555555555,0",-39.6,-9.77,2.33,nan,63.2
AGAUGGGGCAGAAAGGGUC,CCGCUUCCACCCGGACAAGGACCCUUUCUGCCCCAUCUUGCGGGUAGGGGACGUGGU,0.4906785980611484,0,"1.17,-2.08,-10.48,0,0,-198.55999999999997,0.10526315789473684,0,0.47368421052631576,0,0,0.2777777777777778,-2.35,0.0,0,0,0.0,-2.35,0,0.05555555555555555,0,-0.93,0.0,0",-37.89,-11.25,1.17,nan,57.9
UGUCCGGGUGGAAGCGGCA,AGCCAGGGACAUGAAGACCUGCCGCUUCCACCCGGACAAGGACCCUUUCUGCCCCAU,0.6987322893363163,1,"0.0,-2.11,-10.44,1,0,-203.23999999999995,0.15789473684210525,0,0.47368421052631576,0,0,0.2222222222222222,-2.24,0.0,0,0,0.05555555555555555,-2.11,0,0.1111111111111111,0,-2.08,0.0,1",-41.39,-12.64,0.0,nan,68.4
AACGGAUGCUGUUCUUGAU,UGAGAACUUCACUAUUUUCAUCAAGAACAGCAUCCGUUUCCCCCUCUUCAACUUUGA,0.5264727815063386,1,"0.17,-0.93,-6.82,0,0,-179.48,0.3684210526315789,0,0.2631578947368421,0,0,0.05555555555555555,-2.24,0.0,0,0,0.0,-1.1,0,0.05555555555555555,0,-2.35,0.1111111111111111,0",-31.06,-8.88,0.17,nan,42.1
UUGAUGAAAAUAGUGAAGU,AUCAUGAUGGAAGCUGAGAACUUCACUAUUUUCAUCAAGAACAGCAUCCGUUUCCCC,0.6927665920954512,1,"0.86,-0.93,-6.82,1,0,-161.9,0.3157894736842105,1,0.2631578947368421,0,0,0.0,-2.11,0.05555555555555555,1,0,0.0,-2.24,0,0.0,0,-2.24,0.05555555555555555,0",-25.21,-5.96,0.86,nan,26.3
CAUCAUGAUGGGCGUUUCC,CCACGGAGGUGGACACAGUGGAAACGCCCAUCAUGAUGGAAGCUGAGAACUUCACUA,0.55779269202088,1,"0.7,-2.11,-10.44,0,0,-194.33999999999997,0.3157894736842105,0,0.2631578947368421,0,0,0.1111111111111111,-1.1,0.0,0,1,0.05555555555555555,-3.26,0,0.05555555555555555,0,-2.36,0.1111111111111111,0",-34.36,-6.13,0.7,nan,52.6
GUUUCCACUGUGUCCACCU,CAGGGCUGGUGCCCCACGGAGGUGGACACAGUGGAAACGCCCAUCAUGAUGGAAGCU,0.6815809097688292,1,"-1.06,-2.24,-11.4,0,1,-191.08,0.3684210526315789,0,0.15789473684210525,0,0,0.0,-0.93,0.0,1,0,0.16666666666666666,-2.08,0,0.0,0,-2.35,0.1111111111111111,0",-35.6,-7.28,-1.06,nan,52.6
CCACCUCCGUGGGGCACCA,GACCUGUGAGAUCCAGGGCUGGUGCCCCACGGAGGUGGACACAGUGGAAACGCCCAU,0.1006711409395973,0,"-1.6,-3.26,-13.39,0,0,-210.8,0.10526315789473684,0,0.2631578947368421,0,0,0.16666666666666666,-2.11,0.0,0,1,0.2222222222222222,-2.11,1,0.05555555555555555,0,-3.26,0.0,1",-43.65,-11.21,-1.6,nan,73.7
GCCCGCACUGGCUGUCUGA,GGAGAAAUACCGCUGUGUAUCAGACAGCCAGUGCGGGCCUGAGCGCUUGCCAGGUGG,0.1774794929157345,0,"-1.52,-3.42,-14.88,0,1,-209.0,0.21052631578947367,0,0.3157894736842105,0,1,0.05555555555555555,-3.26,0.0,0,0,0.1111111111111111,-2.35,0,0.16666666666666666,0,-2.11,0.0,1",-41.72,-12.56,-1.52,nan,68.4
ACACAGCGGUAUUUCUCCU,GGAUUCUGCCCAGAGAGUGAGGAGAAAUACCGCUGUGUAUCAGACAGCCAGUGCGGG,0.5354213273676359,1,"-0.16,-2.24,-11.4,0,0,-183.35999999999999,0.3157894736842105,0,0.15789473684210525,0,0,0.05555555555555555,-2.11,0.05555555555555555,0,0,0.05555555555555555,-2.08,0,0.05555555555555555,0,-0.93,0.1111111111111111,0",-33.48,-10.23,-0.16,nan,47.4
CACAGCGGUAUUUCUCCUC,AGGAUUCUGCCCAGAGAGUGAGGAGAAAUACCGCUGUGUAUCAGACAGCCAGUGCGG,0.5026099925428785,0,"0.24,-2.11,-10.44,0,0,-191.84,0.3157894736842105,0,0.15789473684210525,0,0,0.05555555555555555,-2.24,0.05555555555555555,0,1,0.05555555555555555,-2.35,0,0.05555555555555555,0,-2.35,0.1111111111111111,0",-34.49,-10.93,0.24,nan,52.6
CCUCACUCUCUGGGCAGAA,UGAAAAUCAGAUGCAAGGAUUCUGCCCAGAGAGUGAGGAGAAAUACCGCUGUGUAUC,0.3303504847129008,0,"-2.33,-3.26,-13.39,0,0,-199.42,0.21052631578947367,0,0.21052631578947367,0,0,0.1111111111111111,-2.08,0.0,0,1,0.05555555555555555,-0.93,1,0.05555555555555555,0,-3.26,0.0,1",-37.96,-9.12,-2.33,nan,57.9
UCACUCUCUGGGCAGAAUC,ACUGAAAAUCAGAUGCAAGGAUUCUGCCCAGAGAGUGAGGAGAAAUACCGCUGUGUA,0.7225950782997763,1,"0.9,-2.35,-12.44,1,0,-197.36999999999998,0.2631578947368421,0,0.21052631578947367,0,0,0.1111111111111111,-2.11,0.0,0,0,0.0,-2.35,0,0.05555555555555555,0,-2.11,0.0,0",-36.07,-9.12,0.9,nan,52.6
UCUCUGGGCAGAAUCCUUG,UGUUACUGAAAAUCAGAUGCAAGGAUUCUGCCCAGAGAGUGAGGAGAAAUACCGCUG,0.7591349739000746,1,"0.66,-2.35,-12.44,1,0,-193.73999999999998,0.3157894736842105,0,0.2631578947368421,0,0,0.1111111111111111,-2.08,0.0,0,0,0.05555555555555555,-2.11,0,0.05555555555555555,0,-1.1,0.05555555555555555,0",-35.67,-11.05,0.66,nan,52.6
AGAAUCCUUGCAUCUGAUU,CAAGAUGAUUGUUACUGAAAAUCAGAUGCAAGGAUUCUGCCCAGAGAGUGAGGAGAA,0.5906040268456376,1,"-0.7,-2.08,-10.48,0,0,-178.33999999999995,0.3684210526315789,0,0.15789473684210525,0,0,0.0,-2.35,0.0,0,0,0.05555555555555555,-0.93,0,0.05555555555555555,0,-2.35,0.1111111111111111,0",-29.75,-7.53,-0.7,nan,36.8
UCAGUAACAAUCAUCUUGG,UCGGUCUUUGUCAUCAUCACCAAGAUGAUUGUUACUGAAAAUCAGAUGCAAGGAUUC,0.7375093214019388,1,"1.36,-2.35,-12.44,1,0,-175.80999999999995,0.3157894736842105,0,0.15789473684210525,0,0,0.05555555555555555,-2.11,0.05555555555555555,0,0,0.0,-3.26,0,0.0,0,-1.1,0.05555555555555555,0",-29.17,-6.84,1.36,nan,36.8
AUGACAAAGACCGAGGUGC,UACGUGACGCCACCUCAGGGCACCUCGGUCUUUGUCAUCAUCACCAAGAUGAUUGUU,0.6405667412378822,1,"2.32,-1.1,-9.38,0,0,-191.79,0.10526315789473684,0,0.3157894736842105,0,0,0.05555555555555555,-2.11,0.0,1,0,0.05555555555555555,-3.42,0,0.05555555555555555,0,-2.35,0.0,0",-34.98,-5.68,2.32,nan,52.6
GAGGUGCCCUGAGGUGGCG,GAUGUGUCUGAUUACGUGACGCCACCUCAGGGCACCUCGGUCUUUGUCAUCAUCACC,0.0969425801640566,0,"-0.44,-2.35,-12.44,0,1,-214.18,0.15789473684210525,0,0.5263157894736842,0,0,0.16666666666666666,-2.08,0.0,0,0,0.1111111111111111,-2.36,0,0.1111111111111111,0,-3.26,0.0,0",-43.16,-11.83,-0.44,nan,73.7
GGCGUCACGUAAUCAGACA,GCCAACAGAGUCAUGGAUGUGUCUGAUUACGUGACGCCACCUCAGGGCACCUCGGUC,0.3214019388516033,0,"-1.6,-3.26,-13.39,0,1,-190.82999999999998,0.15789473684210525,0,0.2631578947368421,1,0,0.05555555555555555,-3.42,0.05555555555555555,0,0,0.0,-2.11,0,0.05555555555555555,0,-2.35,0.0,1",-34.64,-10.63,-1.6,nan,52.6
GUCACGUAAUCAGACACAU,UACGCCAACAGAGUCAUGGAUGUGUCUGAUUACGUGACGCCACCUCAGGGCACCUCG,0.2527964205816555,0,"-1.59,-2.24,-11.4,0,1,-183.14000000000001,0.21052631578947367,0,0.15789473684210525,0,0,0.0,-2.35,0.05555555555555555,1,0,0.0,-1.1,0,0.0,0,-2.35,0.0,0",-31.05,-7.64,-1.59,nan,42.1
CAUGACUCUGUUGGCGUAG,AGGUGAAGGGCUCCGGACUCUACGCCAACAGAGUCAUGGAUGUGUCUGAUUACGUGA,0.3982102908277405,0,"-0.03,-2.11,-10.44,0,0,-191.46999999999997,0.3157894736842105,0,0.3157894736842105,0,0,0.05555555555555555,-1.1,0.05555555555555555,0,1,0.0,-2.08,0,0.05555555555555555,0,-3.26,0.05555555555555555,0",-34.41,-7.69,-0.03,nan,52.6
AAUGGCUGUGUCCCGUACC,UGCACGAGAAGGCUUACCAGGUACGGGACACAGCCAUUGAGUCCUCGGUGGUAACCA,0.4563758389261745,0,"2.33,-0.93,-6.82,0,0,-195.48000000000002,0.2631578947368421,0,0.2631578947368421,0,0,0.05555555555555555,-1.1,0.05555555555555555,0,0,0.16666666666666666,-3.26,0,0.05555555555555555,0,-3.26,0.0,0",-37.36,-9.54,2.33,nan,57.9
UGCAAGAAAACCCACCCUA,CUGAUCAUCUCCUACUUUGUAGGGUGGGUUUUCUUGCACGAGAAGGCUUACCAGGUA,0.6129753914988814,1,"-0.33,-2.11,-10.44,1,0,-179.87999999999997,0.10526315789473684,0,0.10526315789473684,0,0,0.0,-3.42,0.05555555555555555,0,0,0.2222222222222222,-1.33,0,0.05555555555555555,0,-2.11,0.0,1",-33.84,-7.28,-0.33,nan,47.4
GAGAUGAUCAGAAGCUGAA,GGGAUCAUCAACCGAGUAGUUCAGCUUCUGAUCAUCUCCUACUUUGUAGGGUGGGUU,0.3489932885906041,0,"-1.87,-2.35,-12.44,0,1,-187.82999999999996,0.15789473684210525,0,0.3157894736842105,0,0,0.0,-2.08,0.0,0,0,0.0,-0.93,0,0.05555555555555555,0,-2.08,0.0,1",-31.69,-6.1,-1.87,nan,42.1
CUGAACUACUCGGUUGAUG,AGAGCUGGACCAUCGGGAUCAUCAACCGAGUAGUUCAGCUUCUGAUCAUCUCCUACU,0.5570469798657718,1,"0.03,-2.08,-10.48,0,0,-185.41,0.3157894736842105,0,0.2631578947368421,0,0,0.05555555555555555,-2.11,0.05555555555555555,1,1,0.0,-2.11,0,0.0,0,-2.24,0.05555555555555555,0",-32.16,-6.05,0.03,nan,47.4
CUCGGUUGAUGAUCCCGAU,GGUUGUGAAGAGCUGGACCAUCGGGAUCAUCAACCGAGUAGUUCAGCUUCUGAUCAU,0.2930648769574944,0,"-1.43,-2.08,-10.48,0,0,-194.03999999999996,0.3157894736842105,0,0.2631578947368421,0,0,0.05555555555555555,-2.35,0.0,1,1,0.1111111111111111,-1.1,0,0.0,0,-2.35,0.05555555555555555,0",-34.48,-8.71,-1.43,nan,52.6
GGUUGAUGAUCCCGAUGGU,GGUGGUUGUGAAGAGCUGGACCAUCGGGAUCAUCAACCGAGUAGUUCAGCUUCUGAU,0.1871737509321402,0,"-1.47,-3.26,-13.39,0,1,-195.70999999999995,0.3157894736842105,0,0.3684210526315789,1,0,0.1111111111111111,-2.24,0.0,0,0,0.1111111111111111,-2.24,0,0.0,0,-2.36,0.05555555555555555,0",-35.3,-6.75,-1.47,nan,52.6
CUCUUCACAACCACCGACU,XXXXXXXXXXXXACCACCAAGUCGGUGGUUGUGAAGAGCUGGACCAUCGGGAUCAUC,0.4839671886651752,0,"-0.9,-2.08,-10.48,0,0,-189.40999999999997,0.21052631578947367,0,0.05263157894736842,0,0,0.0,-2.35,0.0,1,1,0.1111111111111111,-2.08,0,0.0,0,-2.24,0.05555555555555555,0",-34.78,-7.52,-0.9,nan,52.6
CGGUGGACUGCUUCUCCGC,CCCCAGCGACCAGACCACAGCGGAGAAGCAGUCCACCGXXXXXXXXXXXXXXXXXXX,0.6099925428784488,1,"1.06,-2.36,-10.64,0,0,-206.85999999999996,0.2631578947368421,0,0.3157894736842105,0,0,0.1111111111111111,-3.26,0.0,0,1,0.05555555555555555,-3.42,0,0.1111111111111111,1,-2.35,0.05555555555555555,0",-40.17,-11.37,1.06,nan,68.4
GACUGCUUCUCCGCUGUGG,GUGUACCCCAGCGACCAGACCACAGCGGAGAAGCAGUCCACCGXXXXXXXXXXXXXX,0.4675615212527964,0,"0.46,-2.35,-12.44,0,1,-203.75,0.3157894736842105,0,0.3157894736842105,0,0,0.05555555555555555,-2.24,0.0,0,0,0.05555555555555555,-3.26,0,0.1111111111111111,0,-3.42,0.05555555555555555,0",-38.74,-7.87,0.46,nan,63.2
GCGAUUUUCAGCGUAGUCU,AAGUUUGAGGAGGUGAAUGAGACUACGCUGAAAAUCGCGGCUUUGACCAACCCAGUG,0.5749440715883669,1,"-1.79,-3.42,-14.88,0,1,-183.23999999999998,0.3684210526315789,0,0.2631578947368421,0,1,0.0,-2.36,0.05555555555555555,0,0,0.0,-2.08,0,0.1111111111111111,0,-2.24,0.16666666666666666,0",-32.12,-4.06,-1.79,nan,47.4
CAGCGUAGUCUCAUUCACC,AAGCCAAGAAGUUUGAGGAGGUGAAUGAGACUACGCUGAAAAUCGCGGCUUUGACCA,0.651006711409396,1,"0.7,-2.11,-10.44,0,0,-193.47000000000003,0.2631578947368421,0,0.15789473684210525,0,0,0.0,-2.08,0.05555555555555555,0,1,0.05555555555555555,-3.26,0,0.05555555555555555,0,-1.1,0.05555555555555555,0",-34.65,-8.97,0.7,nan,52.6
AACUUCUUGGCUUUGUACU,UUCCUCAAGGGGGCCGACCAGUACAAAGCCAAGAAGUUUGAGGAGGUGAAUGAGACU,0.7419835943325876,1,"0.7,-0.93,-6.82,0,0,-168.45,0.47368421052631576,0,0.15789473684210525,0,0,0.05555555555555555,-2.24,0.05555555555555555,0,0,0.0,-2.08,0,0.05555555555555555,0,-0.93,0.2222222222222222,0",-29.28,-5.62,0.7,nan,36.8
UUCUUGGCUUUGUACUGGU,AACUUCCUCAAGGGGGCCGACCAGUACAAAGCCAAGAAGUUUGAGGAGGUGAAUGAG,0.6181953765846383,1,"0.86,-0.93,-6.82,1,0,-174.98,0.5263157894736842,1,0.2631578947368421,0,0,0.1111111111111111,-2.35,0.05555555555555555,1,0,0.0,-2.24,0,0.05555555555555555,0,-1.33,0.2222222222222222,0",-31.64,-9.61,0.86,nan,42.1
GGCUUUGUACUGGUCGGCC,UGCUCAACUUCCUCAAGGGGGCCGACCAGUACAAAGCCAAGAAGUUUGAGGAGGUGA,0.5070842654735273,0,"0.0,-3.26,-13.39,0,1,-200.15999999999997,0.3157894736842105,0,0.3684210526315789,1,0,0.16666666666666666,-3.42,0.05555555555555555,0,0,0.05555555555555555,-3.26,0,0.1111111111111111,0,-2.24,0.1111111111111111,0",-38.79,-7.17,0.0,nan,63.2
UUGAGGAAGUUGAGCAGGA,ACUGUUCUCUGUGACAUCAUCCUGCUCAACUUCCUCAAGGGGGCCGACCAGUACAAA,0.6733780760626399,1,"0.97,-0.93,-6.82,1,0,-185.46999999999997,0.21052631578947367,1,0.42105263157894735,0,0,0.1111111111111111,-2.11,0.0,1,0,0.0,-2.35,0,0.05555555555555555,0,-2.08,0.1111111111111111,1",-34.03,-8.09,0.97,nan,47.4
UCCCACAGAAGUAAAGGCC,CCAUCAUCAGCUCUGUGGCGGCCUUUACUUCUGUGGGAGUGGGAACUGUUCUCUGUG,0.5980611483967189,1,"1.36,-2.35,-12.44,1,0,-189.26,0.10526315789473684,0,0.21052631578947367,0,0,0.05555555555555555,-3.26,0.05555555555555555,0,0,0.16666666666666666,-3.26,0,0.05555555555555555,0,-0.93,0.0,0",-35.68,-10.97,1.36,nan,52.6
CCACAGAAGUAAAGGCCGC,CACCAUCAUCAGCUCUGUGGCGGCCUUUACUUCUGUGGGAGUGGGAACUGUUCUCUG,0.4578672632363907,0,"0.16,-3.26,-13.39,0,0,-192.66999999999996,0.05263157894736842,0,0.2631578947368421,0,0,0.05555555555555555,-2.11,0.05555555555555555,0,1,0.1111111111111111,-3.42,1,0.1111111111111111,0,-2.08,0.0,0",-36.3,-7.28,0.16,nan,57.9
GAUGAUGGUGGGGAUGAUG,GGAAUGCUGGCAAGUUCAACAUCAUCCCCACCAUCAUCAGCUCUGUGGCGGCCUUUA,0.2870991797166294,0,"-0.24,-2.35,-12.44,0,1,-200.82999999999998,0.2631578947368421,0,0.5263157894736842,0,0,0.2222222222222222,-1.1,0.0,0,0,0.0,-2.11,0,0.0,0,-2.35,0.0,0",-35.54,-7.49,-0.24,nan,52.6
CUUCAGGAGGGUGCGGUAC,AAAUGGAAAAUGGCAGUGAGUACCGCACCCUCCUGAAGGCUUUUGGCAUCCGCUUCG,0.2766592095451156,0,"0.16,-2.08,-10.48,0,0,-201.38,0.21052631578947367,0,0.42105263157894735,0,0,0.2222222222222222,-0.93,0.05555555555555555,1,1,0.0,-2.24,0,0.05555555555555555,0,-3.42,0.05555555555555555,0",-38.87,-8.09,0.16,nan,63.2
GGGACACGCUGCUUUUCUC,CCGGCUCGACAGCGUUUCUGAGAAAAGCAGCGUGUCCCCAGGCUACAACUUCAGGUU,0.5093214019388517,0,"-0.46,-3.26,-13.39,0,1,-196.46999999999994,0.3157894736842105,0,0.2631578947368421,1,0,0.1111111111111111,-3.26,0.0,0,0,0.0,-2.35,0,0.1111111111111111,0,-0.93,0.16666666666666666,0",-36.41,-10.47,-0.46,nan,57.9
UCUCAGAAACGCUGUCGAG,CAAAUACUCCUUCACCCGGCUCGACAGCGUUUCUGAGAAAAGCAGCGUGUCCCCAGG,0.4787472035794183,0,"0.63,-2.35,-12.44,1,0,-190.27,0.21052631578947367,0,0.2631578947368421,0,0,0.0,-2.08,0.0,0,0,0.0,-2.08,0,0.05555555555555555,0,-2.11,0.0,0",-34.23,-7.36,0.63,nan,52.6
CAGAAACGCUGUCGAGCCG,CCCCAAAUACUCCUUCACCCGGCUCGACAGCGUUUCUGAGAAAAGCAGCGUGUCCCC,0.6413124533929903,1,"-0.2,-2.11,-10.44,0,0,-197.53999999999996,0.10526315789473684,0,0.3157894736842105,0,0,0.0,-2.08,0.0,0,1,0.05555555555555555,-2.36,0,0.1111111111111111,0,-2.36,0.0,0",-36.94,-6.35,-0.2,nan,63.2
AGAAACGCUGUCGAGCCGG,UCCCCAAAUACUCCUUCACCCGGCUCGACAGCGUUUCUGAGAAAAGCAGCGUGUCCC,0.7307979120059657,1,"1.63,-2.08,-10.48,0,0,-196.76999999999998,0.10526315789473684,0,0.3684210526315789,0,0,0.05555555555555555,-2.35,0.0,0,0,0.05555555555555555,-3.26,0,0.1111111111111111,0,-2.35,0.0,0",-37.64,-8.14,1.63,nan,63.2
AGGAGUAUUUGGGGAUGCA,GGACAAGGCCUGGGACCAGUGCAUCCCCAAAUACUCCUUCACCCGGCUCGACAGCGU,0.4198359433258761,0,"0.03,-2.08,-10.48,0,0,-186.03999999999996,0.2631578947368421,0,0.42105263157894735,0,0,0.2222222222222222,-3.26,0.05555555555555555,0,0,0.0,-2.11,0,0.05555555555555555,0,-3.26,0.1111111111111111,1",-34.29,-7.82,0.03,nan,47.4
AAGUCGCACACCCAGCCGA,GGAGUUCUGGGCAUUAAGAUCGGCUGGGUGUGCGACUUGGACAAGGCCUGGGACCAG,0.5749440715883669,1,"0.97,-0.93,-6.82,0,0,-198.33999999999997,0.05263157894736842,0,0.21052631578947367,0,0,0.0,-2.08,0.0,0,0,0.16666666666666666,-2.35,0,0.1111111111111111,0,-2.11,0.0,1",-39.19,-9.57,0.97,nan,63.2
CACACCCAGCCGAUCUUAA,ACGGGGGGAGUUCUGGGCAUUAAGAUCGGCUGGGUGUGCGACUUGGACAAGGCCUGG,0.4131245339299031,0,"-1.63,-2.11,-10.44,0,0,-189.02999999999997,0.15789473684210525,0,0.10526315789473684,0,0,0.0,-2.24,0.05555555555555555,0,1,0.16666666666666666,-0.93,0,0.05555555555555555,0,-1.1,0.05555555555555555,1",-34.98,-10.23,-1.63,nan,52.6
CCAGCCGAUCUUAAUGCCC,CGCGCACGGGGGGAGUUCUGGGCAUUAAGAUCGGCUGGGUGUGCGACUUGGACAAGG,0.4451901565995526,0,"0.0,-3.26,-13.39,0,0,-197.15999999999997,0.21052631578947367,0,0.15789473684210525,0,0,0.0,-2.11,0.05555555555555555,0,1,0.2222222222222222,-3.26,1,0.1111111111111111,0,-0.93,0.05555555555555555,0",-36.62,-11.04,0.0,nan,57.9
UGCGCGCCAGUUUGGCAAA,CAAGUUUGCGGGGCAGGAUUUUGCCAAACUGGCGCGCACGGGGGGAGUUCUGGGCAU,0.2781506338553318,0,"-0.73,-2.11,-10.44,1,0,-187.45,0.21052631578947367,0,0.3157894736842105,0,0,0.05555555555555555,-3.42,0.0,0,0,0.05555555555555555,-0.93,0,0.2222222222222222,0,-2.11,0.1111111111111111,1",-36.41,-14.15,-0.73,nan,57.9
UGGCAAAAUCCUGCCCCGC,AGGGGACGUGGUCAAGUUUGCGGGGCAGGAUUUUGCCAAACUGGCGCGCACGGGGGG,0.505592841163311,0,"1.76,-2.11,-10.44,1,0,-198.97999999999996,0.15789473684210525,0,0.21052631578947367,0,0,0.05555555555555555,-3.26,0.0,0,0,0.2222222222222222,-3.42,0,0.16666666666666666,0,-3.42,0.0,0",-39.03,-7.04,1.76,nan,63.2
GCAAAAUCCUGCCCCGCAA,GUAGGGGACGUGGUCAAGUUUGCGGGGCAGGAUUUUGCCAAACUGGCGCGCACGGGG,0.2490678598061148,0,"-2.49,-3.42,-14.88,0,1,-192.40999999999997,0.10526315789473684,0,0.15789473684210525,0,1,0.0,-2.11,0.0,0,0,0.2222222222222222,-0.93,0,0.16666666666666666,0,-3.26,0.0,1",-36.7,-4.26,-2.49,nan,57.9
GACCACGUCCCCUACCCGC,ACCCUUUCUGCCCCAUCUUGCGGGUAGGGGACGUGGUCAAGUUUGCGGGGCAGGAUU,0.2774049217002237,0,"0.62,-2.35,-12.44,0,1,-211.97999999999996,0.10526315789473684,0,0.15789473684210525,0,0,0.0,-2.24,0.05555555555555555,0,0,0.3333333333333333,-3.42,0,0.05555555555555555,0,-1.33,0.0,0",-42.79,-9.46,0.62,nan,73.7
ACGUCCCCUACCCGCAAGA,AAGGACCCUUUCUGCCCCAUCUUGCGGGUAGGGGACGUGGUCAAGUUUGCGGGGCAG,0.5659955257270693,1,"0.11,-2.24,-11.4,0,0,-197.04999999999998,0.10526315789473684,0,0.15789473684210525,0,0,0.0,-2.36,0.05555555555555555,0,0,0.2777777777777778,-2.35,0,0.05555555555555555,0,-2.36,0.0,1",-39.4,-12.64,0.11,nan,63.2
CCGCAAGAUGGGGCAGAAA,UCCACCCGGACAAGGACCCUUUCUGCCCCAUCUUGCGGGUAGGGGACGUGGUCAAGU,0.2624906785980611,0,"-2.33,-3.26,-13.39,0,0,-193.62999999999997,0.05263157894736842,0,0.3684210526315789,0,0,0.16666666666666666,-2.36,0.0,0,1,0.05555555555555555,-0.93,1,0.1111111111111111,0,-3.42,0.0,1",-36.78,-8.71,-2.33,nan,57.9
GGUGGAAGCGGCAGGUCUU,CCUGACAGCCAGGGACAUGAAGACCUGCCGCUUCCACCCGGACAAGGACCCUUUCUG,0.2975391498881432,0,"-2.33,-3.26,-13.39,0,1,-200.26999999999998,0.21052631578947367,0,0.47368421052631576,1,0,0.2222222222222222,-2.24,0.0,0,0,0.0,-0.93,0,0.1111111111111111,0,-2.08,0.05555555555555555,0",-39.2,-8.88,-2.33,nan,63.2
UCUUCAUGUCCCUGGCUGU,AAACCUCCUUCCCAACCUGACAGCCAGGGACAUGAAGACCUGCCGCUUCCACCCGGA,0.5824011931394482,1,"-0.11,-2.35,-12.44,1,0,-193.51999999999998,0.42105263157894735,0,0.21052631578947367,0,0,0.05555555555555555,-2.08,0.0,0,0,0.1111111111111111,-2.24,0,0.05555555555555555,0,-2.11,0.05555555555555555,0",-36.45,-6.59,-0.11,nan,52.6
UUCAUGUCCCUGGCUGUCA,GGAAACCUCCUUCCCAACCUGACAGCCAGGGACAUGAAGACCUGCCGCUUCCACCCG,0.6748695003728561,1,"0.73,-0.93,-6.82,1,0,-193.48,0.3684210526315789,1,0.21052631578947367,0,0,0.05555555555555555,-2.35,0.0,1,0,0.1111111111111111,-2.11,0,0.05555555555555555,0,-3.42,0.05555555555555555,1",-36.48,-7.72,0.73,nan,52.6
CAUGUCCCUGGCUGUCAGG,AGGGAAACCUCCUUCCCAACCUGACAGCCAGGGACAUGAAGACCUGCCGCUUCCACC,0.2490678598061148,0,"0.7,-2.11,-10.44,0,0,-205.52999999999997,0.2631578947368421,0,0.3157894736842105,0,0,0.1111111111111111,-1.1,0.0,0,1,0.1111111111111111,-3.26,0,0.05555555555555555,0,-2.11,0.0,0",-39.44,-9.78,0.7,nan,63.2
UGGCUGUCAGGUUGGGAAG,CUUUGAGAAGGGAAACCUCCUUCCCAACCUGACAGCCAGGGACAUGAAGACCUGCCG,0.494407158836689,0,"0.87,-2.11,-10.44,1,0,-195.62999999999997,0.2631578947368421,0,0.47368421052631576,0,0,0.2222222222222222,-3.26,0.0,0,0,0.0,-2.08,0,0.05555555555555555,0,-2.11,0.05555555555555555,0",-37.64,-11.37,0.87,nan,57.9
UUCUUGAUGAAAAUAGUGA,AUGAUGGAAGCUGAGAACUUCACUAUUUUCAUCAAGAACAGCAUCCGUUUCCCCCUC,0.5935868754660701,1,"0.97,-0.93,-6.82,1,0,-162.93999999999997,0.3684210526315789,1,0.21052631578947367,0,0,0.0,-2.35,0.05555555555555555,1,0,0.0,-2.35,0,0.0,0,-1.1,0.1111111111111111,1",-25.32,-5.93,0.97,nan,26.3
UAGUGAAGUUCUCAGCUUC,GGAAACGCCCAUCAUGAUGGAAGCUGAGAACUUCACUAUUUUCAUCAAGAACAGCAU,0.6621923937360179,1,"1.47,-1.33,-7.69,1,0,-181.54,0.3684210526315789,0,0.21052631578947367,0,0,0.0,-2.08,0.05555555555555555,0,0,0.0,-2.35,0,0.05555555555555555,0,-2.11,0.1111111111111111,0",-31.5,-7.25,1.47,nan,42.1
CCAUCAUGAUGGGCGUUUC,CACGGAGGUGGACACAGUGGAAACGCCCAUCAUGAUGGAAGCUGAGAACUUCACUAU,0.3631618195376584,0,"-0.46,-3.26,-13.39,0,0,-194.33999999999995,0.3157894736842105,0,0.2631578947368421,0,0,0.1111111111111111,-2.11,0.0,0,1,0.05555555555555555,-2.35,1,0.05555555555555555,0,-3.42,0.1111111111111111,0",-34.36,-6.79,-0.46,nan,52.6
AGCCCUGGAUCUCACAGGU,CUACAGCUCUGUGCUCCGGACCUGUGAGAUCCAGGGCUGGUGCCCCACGGAGGUGGA,0.3743475018642804,0,"0.16,-2.08,-10.48,0,0,-200.13000000000002,0.21052631578947367,0,0.2631578947368421,0,0,0.1111111111111111,-3.42,0.0,0,0,0.1111111111111111,-2.24,0,0.05555555555555555,0,-2.11,0.0,0",-38.75,-13.3,0.16,nan,57.9
ACAGGUCCGGAGCACAGAG,GCCGCUGCGUGAACUACAGCUCUGUGCUCCGGACCUGUGAGAUCCAGGGCUGGUGCC,0.3124533929903057,0,"0.74,-2.24,-11.4,0,0,-203.11999999999998,0.05263157894736842,0,0.3684210526315789,0,0,0.1111111111111111,-2.11,0.0,0,0,0.05555555555555555,-2.08,0,0.05555555555555555,0,-2.11,0.0,0",-39.44,-11.21,0.74,nan,63.2
GUCCGGAGCACAGAGCUGU,ACUGGCCGCUGCGUGAACUACAGCUCUGUGCUCCGGACCUGUGAGAUCCAGGGCUGG,0.4414615958240119,0,"-0.9,-2.24,-11.4,0,1,-204.60999999999999,0.15789473684210525,0,0.3684210526315789,0,0,0.05555555555555555,-2.35,0.0,1,0,0.05555555555555555,-2.24,0,0.1111111111111111,0,-2.35,0.0,0",-39.6,-11.12,-0.9,nan,63.2
CACAGAGCUGUAGUUCACG,GGAUCCUCACUGGCCGCUGCGUGAACUACAGCUCUGUGCUCCGGACCUGUGAGAUCC,0.3131991051454139,0,"-0.2,-2.11,-10.44,0,0,-190.57999999999998,0.21052631578947367,0,0.2631578947368421,0,0,0.0,-2.24,0.05555555555555555,0,1,0.0,-2.36,0,0.05555555555555555,0,-2.24,0.05555555555555555,0",-34.37,-9.74,-0.2,nan,52.6
UGUAGUUCACGCAGCGGCC,AGGUGGGGGGAUCCUCACUGGCCGCUGCGUGAACUACAGCUCUGUGCUCCGGACCUG,0.5391498881431768,1,"1.6,-2.11,-10.44,1,0,-198.79999999999995,0.21052631578947367,0,0.3157894736842105,0,0,0.05555555555555555,-2.24,0.05555555555555555,0,0,0.05555555555555555,-3.26,0,0.16666666666666666,0,-2.08,0.05555555555555555,0",-38.78,-7.08,1.6,nan,63.2
ACGCAGCGGCCAGUGAGGA,CGCUUGCCAGGUGGGGGGAUCCUCACUGGCCGCUGCGUGAACUACAGCUCUGUGCUC,0.122296793437733,0,"0.11,-2.24,-11.4,0,0,-205.47999999999996,0.05263157894736842,0,0.42105263157894735,0,0,0.1111111111111111,-2.36,0.0,0,0,0.05555555555555555,-2.35,0,0.16666666666666666,0,-2.24,0.0,1",-41.52,-11.66,0.11,nan,68.4
CCUUGCAUCUGAUUUUCAG,AUCACCAAGAUGAUUGUUACUGAAAAUCAGAUGCAAGGAUUCUGCCCAGAGAGUGAG,0.6375838926174496,1,"-0.73,-3.26,-13.39,0,0,-181.21999999999997,0.42105263157894735,0,0.15789473684210525,0,0,0.0,-2.08,0.0,0,1,0.05555555555555555,-2.08,1,0.05555555555555555,0,-0.93,0.2222222222222222,0",-30.24,-7.21,-0.73,nan,42.1
AUCUGAUUUUCAGUAACAA,GUCAUCAUCACCAAGAUGAUUGUUACUGAAAAUCAGAUGCAAGGAUUCUGCCCAGAG,0.4034302759134974,0,"-0.17,-1.1,-9.38,0,0,-161.9,0.3684210526315789,0,0.10526315789473684,0,0,0.0,-2.35,0.05555555555555555,1,0,0.0,-0.93,0,0.0,0,-2.24,0.16666666666666666,1",-25.21,-5.93,-0.17,nan,26.3
UCUGAUUUUCAGUAACAAU,UGUCAUCAUCACCAAGAUGAUUGUUACUGAAAAUCAGAUGCAAGGAUUCUGCCCAGA,0.5563012677106637,1,"-0.8,-2.35,-12.44,1,0,-161.9,0.42105263157894735,0,0.10526315789473684,0,0,0.0,-2.08,0.05555555555555555,0,0,0.0,-1.1,0,0.0,0,-1.33,0.16666666666666666,0",-25.21,-4.96,-0.8,nan,26.3
UGAUGAUGACAAAGACCGA,GACGCCACCUCAGGGCACCUCGGUCUUUGUCAUCAUCACCAAGAUGAUUGUUACUGA,0.5428784489187174,1,"0.24,-2.11,-10.44,1,0,-182.62,0.15789473684210525,0,0.2631578947368421,0,0,0.0,-2.35,0.0,0,0,0.05555555555555555,-2.35,0,0.0,0,-2.08,0.0,1",-31.44,-7.03,0.24,nan,42.1
CCGAGGUGCCCUGAGGUGG,UGUGUCUGAUUACGUGACGCCACCUCAGGGCACCUCGGUCUUUGUCAUCAUCACCAA,0.5234899328859061,1,"0.0,-3.26,-13.39,0,0,-212.69,0.15789473684210525,0,0.47368421052631576,0,0,0.16666666666666666,-2.36,0.0,0,1,0.16666666666666666,-3.26,1,0.05555555555555555,0,-2.35,0.0,0",-43.0,-10.31,0.0,nan,73.7
AGGUGCCCUGAGGUGGCGU,GGAUGUGUCUGAUUACGUGACGCCACCUCAGGGCACCUCGGUCUUUGUCAUCAUCAC,0.06413124533929901,0,"0.16,-2.08,-10.48,0,0,-205.70000000000002,0.21052631578947367,0,0.47368421052631576,0,0,0.16666666666666666,-3.26,0.0,0,0,0.1111111111111111,-2.24,0,0.1111111111111111,0,-2.24,0.0,0",-42.15,-13.46,0.16,nan,68.4
GGUGGCGUCACGUAAUCAG,AACAGAGUCAUGGAUGUGUCUGAUUACGUGACGCCACCUCAGGGCACCUCGGUCUUU,0.3728560775540641,0,"-0.73,-3.26,-13.39,0,1,-195.49999999999997,0.21052631578947367,0,0.3684210526315789,1,0,0.1111111111111111,-2.24,0.05555555555555555,0,0,0.0,-2.08,0,0.05555555555555555,0,-1.33,0.0,0",-36.0,-11.09,-0.73,nan,57.9
UCCAUGACUCUGUUGGCGU,GUGAAGGGCUCCGGACUCUACGCCAACAGAGUCAUGGAUGUGUCUGAUUACGUGACG,0.6651752423564504,1,"-0.11,-2.35,-12.44,1,0,-191.68999999999997,0.3684210526315789,0,0.2631578947368421,0,0,0.05555555555555555,-3.26,0.0,0,0,0.05555555555555555,-2.24,0,0.05555555555555555,0,-0.93,0.05555555555555555,0",-35.71,-9.08,-0.11,nan,52.6
UUGGCGUAGAGUCCGGAGC,GUGGUAACCAAGGUGAAGGGCUCCGGACUCUACGCCAACAGAGUCAUGGAUGUGUCU,0.651006711409396,1,"2.49,-0.93,-6.82,1,0,-200.38999999999996,0.21052631578947367,1,0.42105263157894735,0,0,0.1111111111111111,-2.11,0.05555555555555555,1,0,0.05555555555555555,-3.42,0,0.1111111111111111,0,-3.26,0.05555555555555555,0",-38.94,-9.73,2.49,nan,63.2
GAGCCCUUCACCUUGGUUA,GCCAUUGAGUCCUCGGUGGUAACCAAGGUGAAGGGCUCCGGACUCUACGCCAACAGA,0.1208053691275167,0,"-1.47,-2.35,-12.44,0,1,-189.26000000000002,0.3157894736842105,0,0.21052631578947367,0,0,0.05555555555555555,-2.08,0.05555555555555555,0,0,0.16666666666666666,-1.33,0,0.05555555555555555,0,-0.93,0.16666666666666666,1",-35.68,-10.04,-1.47,nan,52.6
AAAACCCACCCUACAAAGU,CAGCUUCUGAUCAUCUCCUACUUUGUAGGGUGGGUUUUCUUGCACGAGAAGGCUUAC,0.6666666666666667,1,"0.86,-0.93,-6.82,0,0,-171.74,0.10526315789473684,0,0.05263157894736842,0,0,0.0,-0.93,0.05555555555555555,0,0,0.2222222222222222,-2.24,0,0.0,0,-2.24,0.0,0",-31.37,-7.74,0.86,nan,42.1
GAUGAUCAGAAGCUGAACU,UCGGGAUCAUCAACCGAGUAGUUCAGCUUCUGAUCAUCUCCUACUUUGUAGGGUGGG,0.5391498881431768,1,"-1.17,-2.35,-12.44,0,1,-186.79,0.21052631578947367,0,0.2631578947368421,0,0,0.0,-1.1,0.0,0,0,0.0,-2.08,0,0.05555555555555555,0,-2.08,0.0,0",-31.58,-6.13,-1.17,nan,42.1
AUCAGAAGCUGAACUACUC,ACCAUCGGGAUCAUCAACCGAGUAGUUCAGCUUCUGAUCAUCUCCUACUUUGUAGGG,0.6845637583892618,1,"1.7,-1.1,-9.38,0,0,-184.09999999999997,0.21052631578947367,0,0.15789473684210525,0,0,0.0,-2.35,0.05555555555555555,1,0,0.0,-2.35,0,0.05555555555555555,0,-2.24,0.0,0",-31.67,-7.36,1.7,nan,42.1
GAAGCUGAACUACUCGGUU,CUGGACCAUCGGGAUCAUCAACCGAGUAGUUCAGCUUCUGAUCAUCUCCUACUUUGU,0.4623415361670395,0,"-1.87,-2.35,-12.44,0,1,-183.60999999999999,0.2631578947368421,0,0.2631578947368421,0,0,0.05555555555555555,-0.93,0.05555555555555555,0,0,0.0,-0.93,0,0.05555555555555555,0,-2.08,0.05555555555555555,0",-32.82,-7.98,-1.87,nan,47.4
GAUGAUCCCGAUGGUCCAG,AGUCGGUGGUUGUGAAGAGCUGGACCAUCGGGAUCAUCAACCGAGUAGUUCAGCUUC,0.4526472781506338,0,"-0.27,-2.35,-12.44,0,1,-204.13000000000002,0.21052631578947367,0,0.3157894736842105,0,0,0.05555555555555555,-1.1,0.0,0,0,0.16666666666666666,-2.08,0,0.0,0,-3.26,0.0,0",-37.01,-7.73,-0.27,nan,57.9
