siRNA,mRNA,label,td,y,dG_total,dG_seed,delta_deltaG_ends,MFE_guide,GC_content
AAAACAACAACGGCGGCGG,GAUGACGCCGGUGAACUUCCCGCCGCCGUUGUUGUUUUGGAGCACGGAAAGACGAUG,0.6682552504038772,"2.33,-0.93,-6.82,0,0,-183.69999999999993,0.0,0,0.3157894736842105,0,0,0.16666666666666666,-0.93,0.0,0,0,0.0,-3.26,0,0.1111111111111111,0,-3.42,0.0,0",0,-34.75,-4.84,2.33,nan,57.9
AAAAGUUUGGAAGAGGCAG,CGAGGAGAGCAGGAUUUCUCUGCCUCUUCCAAACUUUUCCUCCCUGAACCUGAGGGA,0.85,"1.6,-0.93,-6.82,0,0,-174.32999999999996,0.15789473684210525,0,0.3684210526315789,0,0,0.1111111111111111,-0.93,0.0,0,0,0.0,-2.08,0,0.05555555555555555,0,-2.35,0.1111111111111111,0",1,-30.46,-3.05,1.6,nan,42.1
AAAAUGGAACAACUUUACC,UGAUAAACCGGGCGCGGUCGGUAAAGUUGUUCCAUUUUUUGAAGCGAAGGUUGUGGA,0.95,"2.33,-0.93,-6.82,0,0,-162.26,0.21052631578947367,0,0.10526315789473684,0,0,0.05555555555555555,-0.93,0.05555555555555555,0,0,0.05555555555555555,-3.26,0,0.0,0,-2.08,0.1111111111111111,0",1,-26.29,-5.69,2.33,nan,31.6
AAACAACAACGGCGGCGGG,CGAUGACGCCGGUGAACUUCCCGCCGCCGUUGUUGUUUUGGAGCACGGAAAGACGAU,0.45,"2.33,-0.93,-6.82,0,0,-190.26999999999998,0.0,0,0.3684210526315789,0,0,0.2222222222222222,-0.93,0.0,0,0,0.0,-3.26,0,0.1111111111111111,0,-2.36,0.0,0",0,-37.08,-5.57,2.33,nan,63.2
AAACACAACUCCUCCGCGC,UAACAACCGCGAAAAAGUUGCGCGGAGGAGUUGUGUUUGUGGACGAAGUACCGAAAG,0.9256865912762522,"2.49,-0.93,-6.82,0,0,-191.86999999999995,0.10526315789473684,0,0.10526315789473684,0,0,0.0,-0.93,0.0,0,0,0.1111111111111111,-3.42,0,0.1111111111111111,0,-2.35,0.0,0",1,-36.13,-5.57,2.49,nan,57.9
AAACUCUAAGAAGGCGAGU,GCUUCCCUGGCCUCCCGCCACUCGCCUUCUUAGAGUUUUAUUCCUUUCCUUUUUUGA,0.85,"0.86,-0.93,-6.82,0,0,-175.34999999999997,0.15789473684210525,0,0.2631578947368421,0,0,0.05555555555555555,-0.93,0.05555555555555555,0,0,0.0,-2.24,0,0.05555555555555555,0,-3.26,0.0,0",1,-31.03,-6.02,0.86,nan,42.1
AAACUUGGCCCUGUACUUA,CACGCAGGGCCAGGGUAGCUAAGUACAGGGCCAAGUUUGACCCACGUGUUACAGCUA,0.25,"0.4,-0.93,-6.82,0,0,-173.17999999999998,0.3157894736842105,0,0.15789473684210525,0,0,0.05555555555555555,-0.93,0.1111111111111111,0,0,0.1111111111111111,-1.33,0,0.05555555555555555,0,-2.24,0.1111111111111111,1",0,-31.77,-7.01,0.4,nan,42.1
AAAGGCAGGUUGGCCAAUG,AAAUGGGGCUGGGACUUCUCAUUGGCCAACCUGCCUUUCCCCAGAAGGAGUGAUUUU,0.5052631578947369,"1.63,-0.93,-6.82,0,0,-186.76999999999998,0.15789473684210525,0,0.3684210526315789,0,0,0.16666666666666666,-0.93,0.0,0,0,0.05555555555555555,-2.11,0,0.1111111111111111,0,-3.42,0.05555555555555555,0",0,-35.0,-9.34,1.63,nan,52.6
AAAUUAAACGCUUUCUCUG,ACCGCGGGUGCAGGCAUUCCAGAGAAAGCGUUUAAUUUAACUUGGAUAUCAACUGAU,0.85,"1.63,-0.93,-6.82,0,0,-161.16,0.3684210526315789,0,0.10526315789473684,0,0,0.0,-0.93,0.05555555555555555,0,0,0.0,-2.11,0,0.05555555555555555,0,-0.93,0.16666666666666666,0",1,-25.47,-1.16,1.63,nan,31.6
AAAUUAUCCACUGUUUUUG,CUCUUCGGAAAGACUGUUCCAAAAACAGUGGAUAAUUUUGUGGCCUUAGCUACAGGA,0.9531502423263328,"1.63,-0.93,-6.82,0,0,-157.29,0.47368421052631576,0,0.10526315789473684,0,0,0.0,-0.93,0.05555555555555555,0,0,0.05555555555555555,-2.11,0,0.0,0,-2.24,0.2777777777777778,0",1,-24.0,-3.2,1.63,nan,26.3
AAAUUAUUUCCUUUCUGAG,UAGGGGAAUGGAGGGAAUGCUCAGAAAGGAAAUAAUUUUAUGCUGGACUCUGGACCA,0.5263157894736843,"1.6,-0.93,-6.82,0,0,-159.45000000000002,0.47368421052631576,0,0.10526315789473684,0,0,0.0,-0.93,0.05555555555555555,0,0,0.05555555555555555,-2.08,0,0.0,0,-0.93,0.2777777777777778,0",0,-24.16,-1.33,1.6,nan,26.3
AACAACAACGGCGGCGGGA,ACGAUGACGCCGGUGAACUUCCCGCCGCCGUUGUUGUUUUGGAGCACGGAAAGACGA,0.5783521809369953,"0.97,-0.93,-6.82,0,0,-192.16999999999996,0.0,0,0.3684210526315789,0,0,0.2222222222222222,-2.24,0.0,0,0,0.0,-2.35,0,0.1111111111111111,0,-3.26,0.0,1",0,-38.05,-5.57,0.97,nan,63.2
AACAAGGCAUUGUCUCAGU,UGCCAUGUGUUUAUCCUAAACUGAGACAAUGCCUUGUUUUUUUCUAAUACCGUGGAU,0.2731017770597739,"0.86,-0.93,-6.82,0,0,-179.33999999999997,0.2631578947368421,0,0.21052631578947367,0,0,0.05555555555555555,-2.24,0.0,0,0,0.0,-2.24,0,0.05555555555555555,0,-2.35,0.05555555555555555,0",0,-31.68,-9.5,0.86,nan,42.1
AACAUCCGGCCGGGCGCCG,CAGGCUAUGUGCUCAAGGACGGCGCCCGGCCGGAUGUUACGGAGAGCGAGAGCGGGA,0.7142857142857142,"1.43,-0.93,-6.82,0,0,-210.68999999999994,0.05263157894736842,0,0.3684210526315789,0,0,0.16666666666666666,-2.24,0.0,0,0,0.16666666666666666,-2.36,0,0.16666666666666666,0,-3.26,0.0,0",1,-43.45,-8.88,1.43,nan,78.9
AACCACUGUAGAAAAUAAC,UUUUUUUUUUCUAAGAGAAGUUAUUUUCUACAGUGGUUUUAUACUGAAGGAAAAACA,0.98,"1.76,-0.93,-6.82,0,0,-164.79999999999998,0.15789473684210525,0,0.10526315789473684,0,0,0.0,-2.24,0.1111111111111111,0,0,0.05555555555555555,-2.24,0,0.0,0,-0.93,0.0,0",1,-26.82,-9.5,1.76,nan,31.6
AACGCUUUCUCUGGAAUGC,CAGGUGACCGCGGGUGCAGGCAUUCCAGAGAAAGCGUUUAAUUUAACUUGGAUAUCA,0.85,"2.49,-0.93,-6.82,0,0,-184.15999999999997,0.3157894736842105,0,0.21052631578947367,0,0,0.05555555555555555,-2.24,0.0,0,0,0.0,-3.42,0,0.1111111111111111,0,-3.26,0.1111111111111111,0",1,-32.49,-6.97,2.49,nan,47.4
AACGGCGGCGGGAAGUUCA,UUCCCGACGAUGACGCCGGUGAACUUCCCGCCGCCGUUGUUGUUUUGGAGCACGGAA,0.7358642972536349,"0.73,-0.93,-6.82,0,0,-193.25,0.10526315789473684,0,0.42105263157894735,0,0,0.2222222222222222,-2.24,0.0,0,0,0.0,-2.11,0,0.1111111111111111,0,-0.93,0.05555555555555555,1",1,-38.13,-12.36,0.73,nan,63.2
AACUCCUCCGCGCAACUUU,GUCAAGUAACAACCGCGAAAAAGUUGCGCGGAGGAGUUGUGUUUGUGGACGAAGUAC,0.9959612277867528,"0.0,-0.93,-6.82,0,0,-183.60999999999996,0.2631578947368421,0,0.10526315789473684,0,0,0.0,-2.24,0.0,0,0,0.1111111111111111,-0.93,0,0.1111111111111111,0,-2.11,0.1111111111111111,0",1,-34.34,-9.82,0.0,nan,52.6
AACUGGAAUAAAACGGGAA,GAUUAAUAAAGAUGGCACUUUCCCGUUUUAUUCCAGUUUUAUAAAAAGUGGAGACAG,0.6105263157894736,"0.0,-0.93,-6.82,0,0,-166.34999999999997,0.10526315789473684,0,0.2631578947368421,0,0,0.16666666666666666,-2.24,0.05555555555555555,0,0,0.0,-0.93,0,0.0,0,-2.24,0.0,1",0,-28.53,-7.98,0.0,nan,36.8
AACUUUACCGACCGCGCCC,CCGAGGGGGAUGAUAAACCGGGCGCGGUCGGUAAAGUUGUUCCAUUUUUUGAAGCGA,0.92,"2.33,-0.93,-6.82,0,0,-193.18,0.15789473684210525,0,0.15789473684210525,0,0,0.0,-2.24,0.05555555555555555,0,0,0.2222222222222222,-3.26,0,0.1111111111111111,0,-2.36,0.1111111111111111,0",1,-37.69,-5.21,2.33,nan,63.2
AAGACCUUUCGGUACUUCG,GAGGAGUUGUGUUUGUGGACGAAGUACCGAAAGGUCUUACCGGAAAACUCGACGCAA,0.9765751211631664,"1.43,-0.93,-6.82,0,0,-178.65999999999997,0.3157894736842105,0,0.21052631578947367,0,0,0.05555555555555555,-2.08,0.05555555555555555,0,0,0.05555555555555555,-2.36,0,0.0,0,-1.33,0.16666666666666666,0",1,-31.76,-7.95,1.43,nan,47.4
AAGAUUGCAGGGUGUUUUC,GCUUCAGAGAGGGGAAGCCGAAAACACCCUGCAAUCUUUCAGACAGGAUGUUGACAA,0.85,"1.87,-0.93,-6.82,0,0,-177.77,0.3684210526315789,0,0.3157894736842105,0,0,0.1111111111111111,-2.08,0.0,0,0,0.0,-2.35,0,0.05555555555555555,0,-2.11,0.2222222222222222,0",1,-30.82,-7.45,1.87,nan,42.1
AAGGUCUGGAGCUGGUAGG,UUUGAGAACACCUCGGCCCCCUACCAGCUCCAGACCUUUGUCCUGCCAGCGACUCCC,0.6842105263157894,"2.33,-0.93,-6.82,0,0,-196.57999999999998,0.21052631578947367,0,0.47368421052631576,0,0,0.2222222222222222,-2.08,0.05555555555555555,0,0,0.0,-3.26,0,0.05555555555555555,0,-2.11,0.0,0",0,-37.98,-9.58,2.33,nan,57.9
AAGUCCUUGAUUACACGAU,UACAAAAACAGCAAAUUCCAUCGUGUAAUCAAGGACUUCAUGAUCCAGGGCGGAGAC,0.9248788368336028,"0.17,-0.93,-6.82,0,0,-173.25,0.3157894736842105,0,0.15789473684210525,0,0,0.0,-2.08,0.05555555555555555,0,0,0.05555555555555555,-1.1,0,0.0,0,-2.24,0.1111111111111111,0",1,-29.1,-7.95,0.17,nan,36.8
AAGUCUUCUCCAGCUCCUU,CCAGGUGGAGCAGUAUAAGAAGGAGCUGGAGAAGACUUAUUCUGCCAAGCUGGACAA,0.91,"0.0,-0.93,-6.82,0,0,-185.54999999999998,0.3684210526315789,0,0.10526315789473684,0,0,0.0,-2.08,0.0,0,0,0.1111111111111111,-0.93,0,0.05555555555555555,0,-3.42,0.1111111111111111,0",1,-33.97,-7.49,0.0,nan,47.4
AAGUUCUCAUCGGGGAAGC,AAGAGCAUCUACGGUGAGCGCUUCCCCGAUGAGAACUUCAAACUGAAGCACUACGGG,0.7722132471728596,"2.49,-0.93,-6.82,0,0,-191.23999999999998,0.21052631578947367,0,0.3157894736842105,0,0,0.16666666666666666,-2.08,0.0,0,0,0.0,-3.42,0,0.05555555555555555,0,-3.26,0.05555555555555555,0",1,-34.9,-7.49,2.49,nan,52.6
AAUAAGUCUUCUCCAGCUC,GGUGGAGCAGUAUAAGAAGGAGCUGGAGAAGACUUAUUCUGCCAAGCUGGACAAUGC,0.96,"1.87,-0.93,-6.82,0,0,-182.46999999999997,0.3157894736842105,0,0.10526315789473684,0,0,0.0,-1.1,0.05555555555555555,0,0,0.05555555555555555,-2.35,0,0.05555555555555555,0,-3.26,0.05555555555555555,0",1,-31.51,-5.49,1.87,nan,42.1
AAUAGGAUCUCUGGCAUGC,CUGCCUGCGUGAGAUUCUCGCAUGCCAGAGAUCCUAUUUUUGGCAAUCAAAUCAUUC,0.92,"2.49,-0.93,-6.82,0,0,-191.94,0.2631578947368421,0,0.2631578947368421,0,0,0.1111111111111111,-1.1,0.05555555555555555,0,0,0.0,-3.42,0,0.1111111111111111,0,-3.26,0.0,0",1,-34.0,-6.23,2.49,nan,47.4
AAUCAUCUUGAUGGCAUAC,ACCGGGCAACCCGGCAGCCGUAUGCCAUCAAGAUGAUUGAGACCAAGUACCGGGAGG,0.85,"1.76,-0.93,-6.82,0,0,-180.75,0.3157894736842105,0,0.15789473684210525,0,0,0.05555555555555555,-1.1,0.05555555555555555,0,0,0.0,-2.24,0,0.05555555555555555,0,-3.26,0.05555555555555555,0",1,-29.54,-6.1,1.76,nan,36.8
AAUCCUUUCUCUCCUGUAG,GAUAAUUUUGUGGCCUUAGCUACAGGAGAGAAAGGAUUUGGCUACAAAAACAGCAAA,0.983037156704362,"1.6,-0.93,-6.82,0,0,-180.98,0.42105263157894735,0,0.10526315789473684,0,0,0.0,-1.1,0.05555555555555555,0,0,0.1111111111111111,-2.08,0,0.0,0,-3.26,0.1111111111111111,0",1,-31.35,-5.66,1.6,nan,42.1
AAUGCUAGUUCGCUUUCUC,CCCUGGUGCAGGCCCGGAAGAGAAAGCGAACUAGCAUUGAGAACCGUGUGAGGUGGA,0.85,"1.87,-0.93,-6.82,0,0,-178.49999999999997,0.42105263157894735,0,0.15789473684210525,0,0,0.0,-1.1,0.05555555555555555,0,0,0.0,-2.35,0,0.1111111111111111,0,-2.08,0.16666666666666666,0",1,-30.53,-7.58,1.87,nan,42.1
ACAAACACAACUCCUCCGC,ACAACCGCGAAAAAGUUGCGCGGAGGAGUUGUGUUUGUGGACGAAGUACCGAAAGGU,0.9701130856219712,"1.63,-2.24,-11.4,0,0,-188.19,0.10526315789473684,0,0.05263157894736842,0,0,0.0,-2.11,0.0,0,0,0.1111111111111111,-3.42,0,0.05555555555555555,0,-3.26,0.0,0",1,-34.7,-6.47,1.63,nan,52.6
ACAACGGCGGCGGGAAGUU,CCCGACGAUGACGCCGGUGAACUUCCCGCCGCCGUUGUUGUUUUGGAGCACGGAAAG,0.3731825525040388,"-0.86,-2.24,-11.4,0,0,-192.20999999999998,0.10526315789473684,0,0.42105263157894735,0,0,0.2222222222222222,-2.11,0.0,0,0,0.0,-0.93,0,0.1111111111111111,0,-3.26,0.05555555555555555,0",0,-38.02,-10.23,-0.86,nan,63.2
ACAACUCCUCCGCGCAACU,CAAGUAACAACCGCGAAAAAGUUGCGCGGAGGAGUUGUGUUUGUGGACGAAGUACCG,0.9806138933764136,"-0.16,-2.24,-11.4,0,0,-191.80999999999997,0.15789473684210525,0,0.10526315789473684,0,0,0.0,-2.11,0.0,0,0,0.1111111111111111,-2.08,0,0.1111111111111111,0,-2.36,0.0,0",1,-36.83,-8.88,-0.16,nan,57.9
ACACAACUCCUCCGCGCAA,AGUAACAACCGCGAAAAAGUUGCGCGGAGGAGUUGUGUUUGUGGACGAAGUACCGAA,0.4256865912762522,"-0.86,-2.24,-11.4,0,0,-191.76999999999998,0.10526315789473684,0,0.10526315789473684,0,0,0.0,-2.11,0.0,0,0,0.1111111111111111,-0.93,0,0.1111111111111111,0,-2.36,0.0,1",0,-36.86,-7.17,-0.86,nan,57.9
ACACAUACACACACACACA,UGGAAGGGUCAUCCGCGUGUGUGUGUGUGUGUAUGUGUAGACAAGCUCUCGCUCUGU,0.2842105263157894,"-0.13,-2.24,-11.4,0,0,-180.74,0.05263157894736842,0,0.0,0,0,0.0,-2.11,0.05555555555555555,0,0,0.0,-2.11,0,0.0,0,-2.24,0.0,1",0,-32.24,-7.04,-0.13,nan,42.1
ACACGAUGGAAUUUGCUGU,AAAGGAUUUGGCUACAAAAACAGCAAAUUCCAUCGUGUAAUCAAGGACUUCAUGAUC,0.9668820678513734,"0.0,-2.24,-11.4,0,0,-178.39999999999998,0.3157894736842105,0,0.2631578947368421,0,0,0.05555555555555555,-2.11,0.0,0,0,0.0,-2.24,0,0.05555555555555555,0,-0.93,0.1111111111111111,0",1,-30.98,-8.18,0.0,nan,42.1
ACAGUAUUUGUAGUGCCUG,GCCCAGGUGGCCGGCGCUUCAGGCACUACAAAUACUGUGGCAGCAUAUAAUUUAACU,0.85,"0.77,-2.24,-11.4,0,0,-178.14000000000001,0.3684210526315789,0,0.2631578947368421,0,0,0.0,-2.11,0.1111111111111111,0,0,0.05555555555555555,-2.11,0,0.05555555555555555,0,-2.24,0.1111111111111111,0",1,-31.4,-5.25,0.77,nan,42.1
ACAUAGCCUGGACCGUUUC,UACACGGUCCUCCUAUACGGAAACGGUCCAGGCUAUGUGCUCAAGGACGGCGCCCGG,0.2726978998384491,"1.01,-2.24,-11.4,0,0,-189.98999999999998,0.2631578947368421,0,0.21052631578947367,0,0,0.05555555555555555,-2.11,0.05555555555555555,0,0,0.1111111111111111,-2.35,0,0.05555555555555555,0,-3.26,0.1111111111111111,0",0,-35.11,-9.21,1.01,nan,52.6
ACCCCAAUACAGAUUCACU,AGAAAAGGCAGCUAAAGGAAGUGAAUCUGUAUUGGGGUACAGGAAUGAACCUUCUGC,0.6210526315789473,"-0.16,-2.24,-11.4,0,0,-180.57,0.21052631578947367,0,0.05263157894736842,0,0,0.0,-3.26,0.05555555555555555,0,0,0.16666666666666666,-2.08,0,0.0,0,-1.1,0.05555555555555555,0",0,-32.09,-9.38,-0.16,nan,42.1
ACCUUUGGUUUAAUGAGGC,GCAGAUGGACUCUGUACGCGCCUCAUUAAACCAAAGGUCAUGGAGGGCACAGUGGCG,0.85,"1.63,-2.24,-11.4,0,0,-175.96999999999997,0.3684210526315789,0,0.2631578947368421,0,0,0.1111111111111111,-3.26,0.05555555555555555,0,0,0.05555555555555555,-3.42,0,0.05555555555555555,0,-1.1,0.2222222222222222,0",1,-30.95,-8.48,1.63,nan,42.1
ACGAUCUCUUUUUCCGUCA,UUGGAGCACGGAAAGACGAUGACGGAAAAAGAGAUCGUGGAUUACGUCGCCAGUCAA,0.9418416801292409,"-0.13,-2.24,-11.4,0,0,-176.67999999999998,0.42105263157894735,0,0.10526315789473684,0,0,0.0,-2.36,0.0,0,0,0.05555555555555555,-2.11,0,0.0,0,-2.35,0.2222222222222222,1",1,-30.31,-8.5,-0.13,nan,42.1
ACGAUGGAAUUUGCUGUUU,AGAAAGGAUUUGGCUACAAAAACAGCAAAUUCCAUCGUGUAAUCAAGGACUUCAUGA,0.2835218093699515,"-0.86,-2.24,-11.4,0,0,-170.19999999999996,0.42105263157894735,0,0.2631578947368421,0,0,0.05555555555555555,-2.36,0.0,0,0,0.0,-0.93,0,0.05555555555555555,0,-3.42,0.2222222222222222,0",0,-28.49,-8.99,-0.86,nan,36.8
ACUCAAGGAAAGUCAGUAA,AGAUUAGGGGCUAAAACGAUUACUGACUUUCCUUGAGUAGUUUUUAUCUGAAAUCAA,0.1571082390953151,"-0.86,-2.24,-11.4,0,0,-171.63,0.15789473684210525,0,0.21052631578947367,0,0,0.05555555555555555,-2.08,0.05555555555555555,0,0,0.0,-0.93,0,0.0,0,-2.35,0.0,1",0,-29.63,-8.72,-0.86,nan,36.8
ACUCUUAGUGCCACUGAAG,UGGUCAAGAAGGUGGAGCCCUUCAGUGGCACUAAGAGUGACGUGUACAAGCACUUCA,0.85,"0.74,-2.24,-11.4,0,0,-185.06999999999996,0.2631578947368421,0,0.21052631578947367,0,0,0.0,-2.08,0.05555555555555555,0,0,0.05555555555555555,-2.08,0,0.05555555555555555,0,-2.24,0.05555555555555555,0",1,-33.48,-6.76,0.74,nan,47.4
ACUGGCGACGUAAUCCACG,CGAUGACGGAAAAAGAGAUCGUGGAUUACGUCGCCAGUCAAGUAACAACCGCGAAAA,0.9281098546042004,"0.57,-2.24,-11.4,0,0,-191.98000000000002,0.15789473684210525,0,0.2631578947368421,0,0,0.05555555555555555,-2.08,0.05555555555555555,0,0,0.05555555555555555,-2.36,0,0.05555555555555555,0,-1.1,0.0,0",1,-35.8,-11.04,0.57,nan,57.9
ACUGUCUGGCACAUGUUUG,CCAAGACAUACAAUGUAGACAAACAUGUGCCAGACAGUGGAGCCACAGCCACGGCCU,0.9999999999999998,"0.77,-2.24,-11.4,0,0,-185.6,0.3684210526315789,0,0.2631578947368421,0,0,0.05555555555555555,-2.08,0.0,0,0,0.0,-2.11,0,0.05555555555555555,0,-1.1,0.1111111111111111,0",1,-33.23,-8.88,0.77,nan,47.4
ACUGUGGUCAUGAGUCCUU,GACAACUUUGGUAUCGUGGAAGGACUCAUGACCACAGUCCAUGCCAUCACUGCCACC,0.0841680129240711,"-0.86,-2.24,-11.4,0,0,-188.04999999999998,0.3684210526315789,0,0.2631578947368421,0,0,0.05555555555555555,-2.08,0.0,0,0,0.05555555555555555,-0.93,0,0.0,0,-2.08,0.05555555555555555,0",0,-34.25,-9.5,-0.86,nan,47.4
ACUUUUUCGCGGUUGUUAC,GGAUUACGUCGCCAGUCAAGUAACAACCGCGAAAAAGUUGCGCGGAGGAGUUGUGUU,0.9151857835218092,"0.9,-2.24,-11.4,0,0,-169.79,0.47368421052631576,0,0.21052631578947367,0,0,0.05555555555555555,-2.08,0.05555555555555555,0,0,0.0,-2.24,0,0.05555555555555555,0,-0.93,0.3333333333333333,0",1,-29.27,-4.06,0.9,nan,42.1
AGAAUAAGUCUUCUCCAGC,UGGAGCAGUAUAAGAAGGAGCUGGAGAAGACUUAUUCUGCCAAGCUGGACAAUGCCA,0.96,"1.79,-2.08,-10.48,0,0,-182.47,0.2631578947368421,0,0.15789473684210525,0,0,0.0,-2.35,0.05555555555555555,0,0,0.05555555555555555,-3.42,0,0.05555555555555555,0,-2.08,0.05555555555555555,0",1,-31.51,-4.63,1.79,nan,42.1
AGAGACUUAGGCACAAUCU,AAGGAGGUGUUCGCGGGCAAGAUUGUGCCUAAGUCUCUGCUGCUCAAGCCGCACCAG,0.7777059773828758,"0.0,-2.08,-10.48,0,0,-181.32999999999998,0.21052631578947367,0,0.21052631578947367,0,0,0.05555555555555555,-2.35,0.05555555555555555,0,0,0.0,-2.08,0,0.05555555555555555,0,-2.24,0.05555555555555555,0",1,-32.13,-7.49,0.0,nan,42.1
AGAUGAUGAGGUUCUUGGC,GCAGCCUGCACAGACAGCCGCCAAGAACCUCAUCAUCUUCCUGGGUGACGGGAUGGG,0.9581583198707596,"1.79,-2.08,-10.48,0,0,-190.64999999999998,0.3157894736842105,0,0.3684210526315789,0,0,0.1111111111111111,-2.35,0.0,0,0,0.0,-3.42,0,0.05555555555555555,0,-2.35,0.1111111111111111,0",1,-33.67,-7.03,1.79,nan,47.4
AGAUGCUCUUUCCUCCUGU,CUUCACCAGGGGAGAUGGCACAGGAGGAAAGAGCAUCUACGGUGAGCGCUUCCCCGA,0.8263327948303716,"0.16,-2.08,-10.48,0,0,-188.07,0.42105263157894735,0,0.15789473684210525,0,0,0.0,-2.35,0.0,0,0,0.1111111111111111,-2.24,0,0.05555555555555555,0,-2.08,0.1111111111111111,0",1,-34.17,-9.32,0.16,nan,47.4
AGCCCAGAUCGUCACCACC,UCACCCUGAAGGCUGGGCAGGUGGUGACGAUCUGGGCUGCAGGAGCUGGGGCCACCC,0.92,"1.63,-2.08,-10.48,0,0,-204.93,0.10526315789473684,0,0.15789473684210525,0,0,0.0,-3.42,0.0,0,0,0.2222222222222222,-3.26,0,0.05555555555555555,0,-2.11,0.0,0",1,-39.64,-11.94,1.63,nan,63.2
AGCGAGAACUUGAGGAGAC,UCAGUGCUGGGCGGAGACUGUCUCCUCAAGUUCUCGCUAGAUGUCUGCGAGGCCAUG,0.85,"1.06,-2.08,-10.48,0,0,-193.06,0.10526315789473684,0,0.3684210526315789,0,0,0.05555555555555555,-3.42,0.0,0,0,0.0,-2.24,0,0.05555555555555555,0,-2.08,0.05555555555555555,0",1,-35.1,-8.95,1.06,nan,52.6
AGCGCUCACCGUAGAUGCU,AGAUGGCACAGGAGGAAAGAGCAUCUACGGUGAGCGCUUCCCCGAUGAGAACUUCAA,0.7423263327948304,"0.0,-2.08,-10.48,0,0,-195.80999999999997,0.21052631578947367,0,0.2631578947368421,0,0,0.0,-3.42,0.05555555555555555,0,0,0.05555555555555555,-2.08,0,0.16666666666666666,0,-2.08,0.0,0",1,-37.4,-11.2,0.0,nan,57.9
AGCGGAUAGAAUGGCGCCG,AAAAACAUAAAGAAAGGCCCGGCGCCAUUCUAUCCGCUGGAAGAUGGAACCGCUGGA,0.53,"0.73,-2.08,-10.48,0,0,-198.94999999999993,0.10526315789473684,0,0.42105263157894735,0,0,0.1111111111111111,-3.42,0.05555555555555555,0,0,0.05555555555555555,-2.36,0,0.16666666666666666,0,-3.26,0.0,0",0,-38.01,-9.28,0.73,nan,63.2
AGCUCCUUCUUAUACUGCU,CAGCAUGAGGACCAGGUGGAGCAGUAUAAGAAGGAGCUGGAGAAGACUUAUUCUGCC,0.84,"0.0,-2.08,-10.48,0,0,-180.09999999999997,0.42105263157894735,0,0.10526315789473684,0,0,0.0,-3.42,0.1111111111111111,0,0,0.05555555555555555,-2.08,0,0.1111111111111111,0,-1.33,0.1111111111111111,0",1,-32.26,-9.58,0.0,nan,42.1
AGGAUCUCUCUGAUUUUUC,ACCGGAAAACUCGACGCAAGAAAAAUCAGAGAGAUCCUCAUAAAGGCCAAGAAGGGC,0.9256865912762522,"1.17,-2.08,-10.48,0,0,-179.09999999999997,0.47368421052631576,0,0.15789473684210525,0,0,0.05555555555555555,-3.26,0.0,0,0,0.0,-2.35,0,0.0,0,-1.1,0.2222222222222222,0",1,-29.17,-9.4,1.17,nan,36.8
AGGCACUCUCCUGCAGUGU,GUACAGUUGUACAGGUUGUACACUGCAGGAGAGUGCCUGGCAAAAAGAUCAAAUGGG,0.2105263157894736,"0.16,-2.08,-10.48,0,0,-198.73,0.2631578947368421,0,0.2631578947368421,0,0,0.05555555555555555,-3.26,0.0,0,0,0.05555555555555555,-2.24,0,0.1111111111111111,0,-3.42,0.0,0",0,-38.63,-11.37,0.16,nan,57.9
AGGCCACAAAAUUAUCCAC,AAAGACUGUUCCAAAAACAGUGGAUAAUUUUGUGGCCUUAGCUACAGGAGAGAAAGG,0.668820678513732,"1.06,-2.08,-10.48,0,0,-178.48999999999998,0.15789473684210525,0,0.10526315789473684,0,0,0.05555555555555555,-3.26,0.05555555555555555,0,0,0.1111111111111111,-2.24,0,0.05555555555555555,0,-1.33,0.05555555555555555,0",0,-31.15,-11.86,1.06,nan,42.1
AGGGGGCAGAGAUGAUGAC,GCAGGGGGGAGCCAAAAGGGUCAUCAUCUCUGCCCCCUCUGCUGAUGCCCCCAUGUU,0.788529886914378,"1.06,-2.08,-10.48,0,0,-203.79,0.10526315789473684,0,0.47368421052631576,0,0,0.2222222222222222,-3.26,0.0,0,0,0.0,-2.24,0,0.05555555555555555,0,-2.11,0.0,0",1,-38.33,-14.03,1.06,nan,57.9
AGGGUUAUUUUUCUUUGGC,UCAUGGGAGGGGGCUUGAAGCCAAAGAAAAAUAACCCUUUGGUUUUUUUCUUCUGUA,0.96,"1.79,-2.08,-10.48,0,0,-167.76999999999998,0.5263157894736842,0,0.2631578947368421,0,0,0.16666666666666666,-3.26,0.05555555555555555,0,0,0.0,-3.42,0,0.05555555555555555,0,-2.08,0.3888888888888889,0",1,-28.46,-7.58,1.79,nan,36.8
AGGUGUGAACUCUGGGGAG,GGGAGCCUCUGUAUGAGAACUCCCCAGAGUUCACACCUUACCUGGAGACAAACCUCG,0.25,"0.9,-2.08,-10.48,0,0,-197.80999999999997,0.21052631578947367,0,0.47368421052631576,0,0,0.2222222222222222,-3.26,0.0,0,0,0.0,-2.08,0,0.0,0,-2.11,0.0,0",0,-37.85,-9.77,0.9,nan,57.9
AGGUGUGCAGGUACCAUGG,GAUACAACAGCAUUUGGGGCCAUGGUACCUGCACACCUAAAACACUAGGCCACGCAU,1.0,"1.63,-2.08,-10.48,0,0,-196.94,0.21052631578947367,0,0.42105263157894735,0,0,0.16666666666666666,-3.26,0.05555555555555555,0,0,0.05555555555555555,-3.26,0,0.05555555555555555,0,-2.24,0.0,0",1,-38.02,-11.29,1.63,nan,57.9
AGUCUCCGCCCUGGAUCAU,UCGUGUAAUCAAGGACUUCAUGAUCCAGGGCGGAGACUUCACCAGGGGAGAUGGCAC,0.6163166397415186,"-0.53,-2.08,-10.48,0,0,-200.26999999999998,0.2631578947368421,0,0.21052631578947367,0,0,0.05555555555555555,-2.24,0.0,0,0,0.16666666666666666,-1.1,0,0.05555555555555555,0,-3.26,0.0,0",0,-38.13,-10.55,-0.53,nan,57.9
AGUCUUCUCCAGCUCCUUC,ACCAGGUGGAGCAGUAUAAGAAGGAGCUGGAGAAGACUUAUUCUGCCAAGCUGGACA,0.93,"1.17,-2.08,-10.48,0,0,-194.88999999999996,0.3684210526315789,0,0.10526315789473684,0,0,0.0,-2.24,0.0,0,0,0.1111111111111111,-2.35,0,0.05555555555555555,0,-2.08,0.1111111111111111,0",1,-35.84,-7.49,1.17,nan,52.6
AGUGCCCAAGCUGGCAUCC,AAGGCCCACACUUCCUGACGGAUGCCAGCUUGGGCACUGCUGUCUACUGACCCCAAC,0.631578947368421,"1.63,-2.08,-10.48,0,0,-204.10999999999996,0.15789473684210525,0,0.2631578947368421,0,0,0.05555555555555555,-2.24,0.0,0,0,0.16666666666666666,-3.26,0,0.16666666666666666,0,-3.26,0.0,0",0,-40.06,-11.86,1.63,nan,63.2
AGUGCUUCAGUUUGAAGUU,UGAGCGCUUCCCCGAUGAGAACUUCAAACUGAAGCACUACGGGCCUGGCUGGGUCAG,0.7835218093699516,"-0.7,-2.08,-10.48,0,0,-170.24999999999997,0.42105263157894735,0,0.2631578947368421,0,0,0.0,-2.24,0.0,0,0,0.0,-0.93,0,0.05555555555555555,0,-2.11,0.2222222222222222,0",1,-29.15,-9.04,-0.7,nan,36.8
AGUGUCAAAACCCUGUGGA,UCUUGUUUUACCCUAUACAUCCACAGGGUUUUGACACUUGUUGUCCAGUUGAAAAAA,0.6842105263157894,"0.27,-2.08,-10.48,0,0,-182.78000000000003,0.21052631578947367,0,0.2631578947368421,0,0,0.05555555555555555,-2.24,0.0,0,0,0.1111111111111111,-2.35,0,0.0,0,-2.08,0.0,1",0,-33.84,-7.44,0.27,nan,47.4
AGUUGAUAUCCAAGUUAAA,UUCCAGAGAAAGCGUUUAAUUUAACUUGGAUAUCAACUGAUUUCAAGACAAUUUUGG,0.25,"-0.7,-2.08,-10.48,0,0,-160.09999999999997,0.3157894736842105,0,0.15789473684210525,0,0,0.0,-2.24,0.1111111111111111,0,0,0.05555555555555555,-0.93,0,0.0,0,-2.08,0.1111111111111111,1",0,-25.34,-5.52,-0.7,nan,26.3
AGUUUGAAGUUCUCAUCGG,AUCUACGGUGAGCGCUUCCCCGAUGAGAACUUCAAACUGAAGCACUACGGGCCUGGC,0.9119547657512116,"1.63,-2.08,-10.48,0,0,-178.24,0.3684210526315789,0,0.2631578947368421,0,0,0.05555555555555555,-2.24,0.0,0,0,0.0,-3.26,0,0.0,0,-2.35,0.16666666666666666,0",1,-30.24,-4.95,1.63,nan,42.1
AUAAGUCUUCUCCAGCUCC,AGGUGGAGCAGUAUAAGAAGGAGCUGGAGAAGACUUAUUCUGCCAAGCUGGACAAUG,0.95,"2.16,-1.1,-9.38,0,0,-189.03999999999996,0.3157894736842105,0,0.10526315789473684,0,0,0.0,-1.33,0.05555555555555555,1,0,0.1111111111111111,-3.26,0,0.05555555555555555,0,-2.11,0.05555555555555555,0",1,-33.84,-6.02,2.16,nan,47.4
AUACAGGACACGAAGCUCC,UACACAAGAACCAGACCCGGGAGCUUCGUGUCCUGUAUGGCCCCCGACUGGACGAGA,0.8210526315789474,"2.16,-1.1,-9.38,0,0,-192.7,0.10526315789473684,0,0.21052631578947367,0,0,0.05555555555555555,-1.33,0.05555555555555555,1,0,0.05555555555555555,-3.26,0,0.05555555555555555,0,-0.93,0.0,0",1,-35.35,-8.38,2.16,nan,52.6
AUAGCCUGGACCGUUUCCG,CCUACACGGUCCUCCUAUACGGAAACGGUCCAGGCUAUGUGCUCAAGGACGGCGCCC,0.8724555735056545,"1.26,-1.1,-9.38,0,0,-192.18,0.2631578947368421,0,0.2631578947368421,0,0,0.05555555555555555,-1.33,0.05555555555555555,1,0,0.16666666666666666,-2.36,0,0.05555555555555555,0,-2.24,0.1111111111111111,0",1,-36.38,-9.74,1.26,nan,57.9
AUCAAUAUUGUUCCUGUAU,CAGAAAGACUUGAAGGCGUAUACAGGAACAAUAUUGAUGAUGUAGUAAGGUUUUUGG,0.7263157894736841,"0.0,-1.1,-9.38,0,0,-165.18,0.47368421052631576,0,0.10526315789473684,0,0,0.0,-2.35,0.1111111111111111,1,0,0.05555555555555555,-1.1,0,0.0,0,-3.26,0.1111111111111111,0",1,-25.71,-3.93,0.0,nan,26.3
AUCAUGAAGUCCUUGAUUA,AACAGCAAAUUCCAUCGUGUAAUCAAGGACUUCAUGAUCCAGGGCGGAGACUUCACC,0.934571890145396,"0.23,-1.1,-9.38,0,0,-172.07,0.3684210526315789,0,0.15789473684210525,0,0,0.0,-2.35,0.05555555555555555,1,0,0.05555555555555555,-1.33,0,0.0,0,-0.93,0.1111111111111111,1",1,-27.82,-5.96,0.23,nan,31.6
AUCCACGAUCUCUUUUUCC,AGCACGGAAAGACGAUGACGGAAAAAGAGAUCGUGGAUUACGUCGCCAGUCAAGUAA,0.9620355411954766,"2.16,-1.1,-9.38,0,0,-181.12999999999994,0.42105263157894735,0,0.05263157894736842,0,0,0.0,-2.35,0.0,1,0,0.1111111111111111,-3.26,0,0.0,0,-0.93,0.2222222222222222,0",1,-30.52,-9.68,2.16,nan,42.1
AUCCUUUAGACACUUGAGC,GGGGGAACCCAUUGCCCGAGCUCAAGUGUCUAAAGGAUGGCACUUUCCCACUGCCCA,0.631578947368421,"2.32,-1.1,-9.38,0,0,-181.39,0.3157894736842105,0,0.15789473684210525,0,0,0.0,-2.35,0.05555555555555555,1,0,0.05555555555555555,-3.42,0,0.05555555555555555,0,-2.08,0.16666666666666666,0",0,-31.43,-5.89,2.32,nan,42.1
AUCGGGGAAGCGCUCACCG,CAGGAGGAAAGAGCAUCUACGGUGAGCGCUUCCCCGAUGAGAACUUCAAACUGAAGC,0.8723747980613894,"1.26,-1.1,-9.38,0,0,-204.22999999999996,0.10526315789473684,0,0.3684210526315789,0,0,0.16666666666666666,-2.35,0.0,1,0,0.05555555555555555,-2.36,0,0.1111111111111111,0,-2.08,0.0,0",1,-40.01,-11.85,1.26,nan,68.4
AUCGUCUUUCCGUGCUCCA,CCCGCCGCCGUUGUUGUUUUGGAGCACGGAAAGACGAUGACGGAAAAAGAGAUCGUG,0.6462035541195478,"0.56,-1.1,-9.38,0,0,-189.31,0.3684210526315789,0,0.15789473684210525,0,0,0.0,-2.35,0.0,1,0,0.1111111111111111,-2.11,0,0.05555555555555555,0,-2.11,0.1111111111111111,1",0,-34.89,-7.32,0.56,nan,52.6
AUCUCCCCUGGUGAAGUCU,ACUUCAUGAUCCAGGGCGGAGACUUCACCAGGGGAGAUGGCACAGGAGGAAAGAGCA,0.9321486268174476,"0.53,-1.1,-9.38,0,0,-194.07,0.3157894736842105,0,0.21052631578947367,0,0,0.05555555555555555,-2.35,0.0,1,0,0.16666666666666666,-2.08,0,0.0,0,-2.35,0.0,0",1,-36.5,-12.02,0.53,nan,52.6
AUCUUGAGGCUGUUGUCAU,GGUGUGAACCAUGAGAAGUAUGACAACAGCCUCAAGAUCAUCAGCAAUGCCUCCUGC,0.6953957996768982,"0.0,-1.1,-9.38,0,0,-182.94,0.42105263157894735,0,0.2631578947368421,0,0,0.05555555555555555,-2.35,0.0,1,0,0.0,-1.1,0,0.05555555555555555,0,-0.93,0.1111111111111111,0",0,-31.96,-7.36,0.0,nan,42.1
AUCUUUUGCCCUUCUGGCG,AGUAUGGUUCUGUAACCGGCGCCAGAAGGGCAAAAGAUCAAGUAUUGAGUAUUCCCA,0.85,"1.26,-1.1,-9.38,0,0,-187.09999999999997,0.42105263157894735,0,0.21052631578947367,0,0,0.05555555555555555,-2.35,0.0,1,0,0.1111111111111111,-2.36,0,0.1111111111111111,0,-2.35,0.2222222222222222,0",1,-34.42,-4.79,1.26,nan,52.6
AUGAAGAAUGUAUUUACCC,GACAAAAUGUUUCACUUUUGGGUAAAUACAUUCUUCAUACCAGGACCAGAGGAAACC,0.9473684210526316,"2.16,-1.1,-9.38,0,0,-169.28999999999996,0.3157894736842105,0,0.15789473684210525,0,0,0.0,-2.11,0.1111111111111111,1,0,0.1111111111111111,-3.26,0,0.0,0,-0.93,0.1111111111111111,0",1,-27.14,-5.76,2.16,nan,31.6
AUGAGAGCCGUACGCAGGC,ACCUGGGGCUGCGGGAACAGCCUGCGUACGGCUCUCAUCAACUCCACUGGGGAAGAG,0.97,"2.32,-1.1,-9.38,0,0,-202.44,0.10526315789473684,0,0.3684210526315789,0,0,0.05555555555555555,-2.11,0.05555555555555555,1,0,0.05555555555555555,-3.42,0,0.16666666666666666,0,-2.36,0.0,0",1,-39.03,-9.85,2.32,nan,63.2
AUGAGGCGUGUUGAGUCAU,AGCGUGGGGGUGCUCUUCAAUGACUCAACACGCCUCAUCCUCUACAAUGAUGGUGAC,0.6960420032310178,"0.0,-1.1,-9.38,0,0,-187.67999999999998,0.3157894736842105,0,0.3684210526315789,0,0,0.05555555555555555,-2.11,0.0,1,0,0.0,-1.1,0,0.05555555555555555,0,-2.35,0.05555555555555555,0",0,-33.55,-11.04,0.0,nan,47.4
AUGCUCUUUCCUCCUGUGC,GACUUCACCAGGGGAGAUGGCACAGGAGGAAAGAGCAUCUACGGUGAGCGCUUCCCC,0.9579967689822296,"2.32,-1.1,-9.38,0,0,-194.19,0.42105263157894735,0,0.15789473684210525,0,0,0.0,-2.11,0.0,1,0,0.1111111111111111,-3.42,0,0.1111111111111111,0,-3.26,0.1111111111111111,0",1,-35.72,-7.98,2.32,nan,52.6
AUGGCUGCAGCUUCCGAGA,XXXXXXXXXXGUUCUCUCCUCUCGGAAGCUGCAGCCAUGAUGGAAGUUUGAGAGUUG,0.631578947368421,"0.8,-1.1,-9.38,0,0,-197.76999999999995,0.21052631578947367,0,0.3157894736842105,0,0,0.05555555555555555,-2.11,0.0,1,0,0.05555555555555555,-2.35,0,0.16666666666666666,0,-2.35,0.05555555555555555,1",0,-37.88,-11.86,0.8,nan,57.9
AUGUCAUACUUAGCUGUAA,GCCAAGUUUGACCCACGUGUUACAGCUAAGUAUGACAUCAAGGCCCUAAUUGGCCGA,0.25,"-0.17,-1.1,-9.38,0,0,-168.7,0.3684210526315789,0,0.15789473684210525,0,0,0.0,-2.11,0.16666666666666666,1,0,0.0,-0.93,0,0.05555555555555555,0,-3.42,0.05555555555555555,1",0,-28.12,-6.25,-0.17,nan,31.6
AUGUUUCAAGCCCAUUCUU,AAUGUGGAGGCUAUCAACAAAGAAUGGGCUUGAAACAUUAUAAAAAUUGACAAUGAU,0.631578947368421,"-0.17,-1.1,-9.38,0,0,-172.02999999999997,0.42105263157894735,0,0.10526315789473684,0,0,0.0,-2.11,0.0,1,0,0.1111111111111111,-0.93,0,0.05555555555555555,0,-2.11,0.2222222222222222,0",0,-29.23,-5.68,-0.17,nan,36.8
AUUAAAUUUGGCGGUGUCA,UUUGUGCUGAAAGACAUUAUGACACCGCCAAAUUUAAUUGCAGAGUUGCACAAUAUC,0.8947368421052632,"0.56,-1.1,-9.38,0,0,-168.36,0.3684210526315789,0,0.2631578947368421,0,0,0.1111111111111111,-0.93,0.05555555555555555,1,0,0.0,-2.11,0,0.05555555555555555,0,-3.26,0.16666666666666666,1",1,-28.65,-1.16,0.56,nan,36.8
AUUAAGACGACUCGAAAUC,CUCGGAUAUUUGAUAUGUGGAUUUCGAGUCGUCUUAAUGUAUAGAUUUGAAGAAGAG,0.99,"1.7,-1.1,-9.38,0,0,-173.64,0.21052631578947367,0,0.15789473684210525,0,0,0.0,-0.93,0.05555555555555555,1,0,0.0,-2.35,0,0.0,0,-2.36,0.05555555555555555,0",1,-27.82,-5.32,1.7,nan,36.8
AUUAGAUAAAUCGUAUUUG,CCAAAAGCACUCUGAUUGACAAAUACGAUUUAUCUAAUUUACACGAAAUUGCUUCUG,0.8200000000000001,"1.46,-1.1,-9.38,0,0,-155.2,0.42105263157894735,0,0.15789473684210525,0,0,0.0,-0.93,0.16666666666666666,1,0,0.0,-2.11,0,0.0,0,-2.24,0.16666666666666666,0",1,-21.99,-4.13,1.46,nan,21.1
AUUAUCCACUGUUUUUGGA,GUCUCUUCGGAAAGACUGUUCCAAAAACAGUGGAUAAUUUUGUGGCCUUAGCUACAG,0.8327948303715671,"0.8,-1.1,-9.38,0,0,-165.76,0.47368421052631576,0,0.15789473684210525,0,0,0.05555555555555555,-0.93,0.05555555555555555,1,0,0.05555555555555555,-2.35,0,0.0,0,-0.93,0.2777777777777778,1",1,-27.3,-6.09,0.8,nan,31.6
AUUCAUUAAAACCGGGAGG,GUUCGUCACAUCUCAUCUACCUCCCGGUUUUAAUGAAUACGAUUUUGUGCCAGAGUC,0.72,"2.16,-1.1,-9.38,0,0,-174.62,0.21052631578947367,0,0.2631578947368421,0,0,0.16666666666666666,-0.93,0.05555555555555555,1,0,0.05555555555555555,-3.26,0,0.0,0,-2.36,0.1111111111111111,0",1,-30.17,-3.76,2.16,nan,42.1
AUUGAGCUCCUGCAGGUCC,CCCGGCUGCAGGAGAAGGAGGACCUGCAGGAGCUCAAUGAUCGCUUGGCGGUCUACA,0.45,"2.16,-1.1,-9.38,0,0,-200.76,0.2631578947368421,0,0.2631578947368421,0,0,0.05555555555555555,-0.93,0.0,1,0,0.1111111111111111,-3.26,0,0.1111111111111111,0,-2.11,0.05555555555555555,0",0,-38.05,-7.98,2.16,nan,57.9
AUUUCUUCUCUCUCAGGGC,CAAGUGGACAGCCCCUGAGGCCCUGAGAGAGAAGAAAUUCUCCACUAAGUCUGACGU,0.85,"2.32,-1.1,-9.38,0,0,-189.20999999999998,0.42105263157894735,0,0.15789473684210525,0,0,0.1111111111111111,-0.93,0.0,1,0,0.0,-3.42,0,0.05555555555555555,0,-2.35,0.16666666666666666,0",1,-33.55,-5.03,2.32,nan,47.4
AUUUGCUGUUUUUGUAGCC,UACAGGAGAGAAAGGAUUUGGCUACAAAAACAGCAAAUUCCAUCGUGUAAUCAAGGA,0.8497576736672052,"2.16,-1.1,-9.38,0,0,-168.89,0.5263157894736842,0,0.21052631578947367,0,0,0.0,-0.93,0.05555555555555555,1,0,0.05555555555555555,-3.26,0,0.1111111111111111,0,-2.11,0.3333333333333333,0",1,-28.54,-7.04,2.16,nan,36.8
AUUUGUACCAUUCUUCUGC,UGCCAAGAACCUGCAGGAGGCAGAAGAAUGGUACAAAUCCAAGUUUGCUGACCUCUC,0.85,"2.32,-1.1,-9.38,0,0,-174.62999999999997,0.47368421052631576,0,0.10526315789473684,0,0,0.0,-0.93,0.05555555555555555,1,0,0.05555555555555555,-3.42,0,0.05555555555555555,0,-2.08,0.2222222222222222,0",1,-29.06,-5.24,2.32,nan,36.8
AUUUUUCUUGCGUCGAGUU,CCGAAAGGUCUUACCGGAAAACUCGACGCAAGAAAAAUCAGAGAGAUCCUCAUAAAG,0.9531502423263328,"-0.17,-1.1,-9.38,0,0,-166.93,0.5263157894736842,0,0.21052631578947367,0,0,0.0,-0.93,0.0,1,0,0.0,-0.93,0,0.05555555555555555,0,-2.35,0.3333333333333333,0",1,-27.63,-3.16,-0.17,nan,36.8
CAAAACAACAACGGCGGCG,AUGACGCCGGUGAACUUCCCGCCGCCGUUGUUGUUUUGGAGCACGGAAAGACGAUGA,0.5,"-0.2,-2.11,-10.44,0,0,-184.46999999999997,0.0,0,0.2631578947368421,0,0,0.1111111111111111,-0.93,0.0,0,1,0.0,-2.36,0,0.1111111111111111,0,-3.26,0.0,0",0,-34.05,-3.08,-0.2,nan,57.9
CAAAAUUAUCCACUGUUUU,CUUCGGAAAGACUGUUCCAAAAACAGUGGAUAAUUUUGUGGCCUUAGCUACAGGAGA,0.624394184168013,"-1.63,-2.11,-10.44,0,0,-157.29,0.42105263157894735,0,0.05263157894736842,0,0,0.0,-0.93,0.05555555555555555,0,1,0.05555555555555555,-0.93,0,0.0,0,-2.08,0.2222222222222222,0",0,-24.0,-1.16,-1.63,nan,26.3
CAAAUAUCCGAGUGUAGUA,AUCACGGUUUUGGAAUGUUUACUACACUCGGAUAUUUGAUAUGUGGAUUUCGAGUCG,0.5364297253634895,"-1.23,-2.11,-10.44,0,0,-173.09,0.2631578947368421,0,0.21052631578947367,0,0,0.0,-0.93,0.16666666666666666,0,1,0.05555555555555555,-1.33,0,0.0,0,-2.11,0.0,1",0,-28.93,-3.2,-1.23,nan,36.8
CAAAUCCUUUCUCUCCUGU,UAAUUUUGUGGCCUUAGCUACAGGAGAGAAAGGAUUUGGCUACAAAAACAGCAAAUU,0.910339256865913,"-0.77,-2.11,-10.44,0,0,-180.07,0.42105263157894735,0,0.05263157894736842,0,0,0.0,-0.93,0.0,0,1,0.1111111111111111,-2.24,0,0.0,0,-2.08,0.1111111111111111,0",1,-30.98,-5.66,-0.77,nan,42.1
CAACAACGGCGGCGGGAAG,CGACGAUGACGCCGGUGAACUUCCCGCCGCCGUUGUUGUUUUGGAGCACGGAAAGAC,0.6058158319870761,"-0.03,-2.11,-10.44,0,0,-198.68999999999997,0.0,0,0.42105263157894735,0,0,0.2222222222222222,-0.93,0.0,0,1,0.0,-2.08,0,0.1111111111111111,0,-2.36,0.0,0",0,-38.79,-6.27,-0.03,nan,68.4
CAACUUUUUCGCGGUUGUU,AUUACGUCGCCAGUCAAGUAACAACCGCGAAAAAGUUGCGCGGAGGAGUUGUGUUUG,0.1785137318255251,"-1.63,-2.11,-10.44,0,0,-167.95999999999998,0.47368421052631576,0,0.21052631578947367,0,0,0.05555555555555555,-0.93,0.0,0,1,0.0,-0.93,0,0.05555555555555555,0,-3.26,0.3333333333333333,0",0,-28.74,-3.05,-1.63,nan,42.1
CACAAAAUUAUCCACUGUU,UCGGAAAGACUGUUCCAAAAACAGUGGAUAAUUUUGUGGCCUUAGCUACAGGAGAGA,0.3562197092084006,"-1.63,-2.11,-10.44,0,0,-165.49,0.3157894736842105,0,0.05263157894736842,0,0,0.0,-2.24,0.05555555555555555,0,1,0.05555555555555555,-0.93,0,0.0,0,-2.11,0.1111111111111111,0",0,-26.49,-3.25,-1.63,nan,31.6
CACAUAGCGCCUCUGACUG,AAAAGGGAGUAACUAUUCCCAGUCAGAGGCGCUAUGUGUAUUAUUAUAGCUACCUGU,0.9789473684210526,"0.0,-2.11,-10.44,0,0,-198.60999999999999,0.21052631578947367,0,0.21052631578947367,0,0,0.0,-2.24,0.05555555555555555,0,1,0.05555555555555555,-2.11,0,0.1111111111111111,0,-2.08,0.0,0",1,-36.74,-7.74,0.0,nan,57.9
CACAUCCACCUCGAAACUG,UGCUGAGCAAGAAAGAGCACAGUUUCGAGGUGGAUGUGUGGUCCAUUGGGUGUAUCA,0.6490306946688207,"0.0,-2.11,-10.44,0,0,-191.07,0.15789473684210525,0,0.10526315789473684,0,0,0.0,-2.24,0.0,0,1,0.1111111111111111,-2.11,0,0.0,0,-2.35,0.0,0",0,-34.12,-8.18,0.0,nan,52.6
CACAUCCUUCACGAUCUCG,CCGAGUGCGACCUCACAGACGAGAUCGUGAAGGAUGUGACCUGGGCCUAUGAAGCAA,0.25,"-0.2,-2.11,-10.44,0,0,-193.92000000000002,0.2631578947368421,0,0.10526315789473684,0,0,0.0,-2.24,0.0,0,1,0.05555555555555555,-2.36,0,0.0,0,-2.35,0.05555555555555555,0",0,-33.74,-8.15,-0.2,nan,52.6
CACCGUAGAUGCUCUUUCC,CAGGGGAGAUGGCACAGGAGGAAAGAGCAUCUACGGUGAGCGCUUCCCCGAUGAGAA,0.9781906300484652,"0.7,-2.11,-10.44,0,0,-191.83999999999997,0.3157894736842105,0,0.15789473684210525,0,0,0.0,-2.24,0.05555555555555555,0,1,0.1111111111111111,-3.26,0,0.05555555555555555,0,-2.35,0.1111111111111111,0",1,-34.49,-8.97,0.7,nan,52.6
CACGAUACCAAAGUUGUCA,CCCUGGCCAAGGUCAUCCAUGACAACUUUGGUAUCGUGGAAGGACUCAUGACCACAG,0.5719709208400646,"-0.9,-2.11,-10.44,0,0,-176.95000000000002,0.21052631578947367,0,0.15789473684210525,0,0,0.0,-2.24,0.05555555555555555,0,1,0.05555555555555555,-2.11,0,0.0,0,-2.24,0.05555555555555555,1",0,-30.48,-7.08,-0.9,nan,42.1
CACUUCAGUUGGUGACAGA,GAAUUUUUUCCUUUUGUGUUCUGUCACCAACUGAAGUGGCUAAAGAGCUUUGUGAUA,0.4736842105263157,"-0.66,-2.11,-10.44,0,0,-186.26000000000002,0.2631578947368421,0,0.2631578947368421,0,0,0.05555555555555555,-2.24,0.0,0,1,0.0,-2.35,0,0.0,0,-2.11,0.1111111111111111,1",0,-33.38,-7.25,-0.66,nan,47.4
CAGAAGUCCGGGUUCUCCU,GGCAUCAUCCCAGUUGAGGAGGAGAACCCGGACUUCUGGAACCGCCAGGCAGCCGAG,0.9285714285714286,"-0.93,-2.11,-10.44,0,0,-195.42999999999998,0.2631578947368421,0,0.2631578947368421,0,0,0.1111111111111111,-2.08,0.0,0,1,0.1111111111111111,-2.08,0,0.0,0,-0.93,0.05555555555555555,0",1,-37.03,-7.49,-0.93,nan,57.9
CAGAAUAAGUCUUCUCCAG,GGAGCAGUAUAAGAAGGAGCUGGAGAAGACUUAUUCUGCCAAGCUGGACAAUGCCAG,0.98,"-0.03,-2.11,-10.44,0,0,-181.74999999999997,0.2631578947368421,0,0.15789473684210525,0,0,0.0,-2.08,0.05555555555555555,0,1,0.05555555555555555,-2.08,0,0.0,0,-2.35,0.05555555555555555,0",1,-30.65,-3.73,-0.03,nan,42.1
CAGAUACCGGACGCCAUCC,GGGUGCUGCAGAUGGUGCUGGAUGGCGUCCGGUAUCUGCAUGCACUGGGCAUCACAC,0.25,"0.7,-2.11,-10.44,0,0,-204.03999999999996,0.10526315789473684,0,0.21052631578947367,0,0,0.05555555555555555,-2.08,0.05555555555555555,0,1,0.16666666666666666,-3.26,0,0.05555555555555555,0,-3.42,0.0,0",0,-38.45,-7.82,0.7,nan,63.2
CAGCCAUUCCUGCACCAGA,CCAGGCUGGACGGGAAGAAUCUGGUGCAGGAAUGGCUGGCGAAGCACCAGGGUGCCC,0.4081632653061225,"-0.66,-2.11,-10.44,0,0,-198.72,0.15789473684210525,0,0.15789473684210525,0,0,0.0,-2.08,0.0,0,1,0.16666666666666666,-2.35,0,0.1111111111111111,0,-2.11,0.05555555555555555,1",0,-37.84,-7.91,-0.66,nan,57.9
CAGCUCCUUCUUAUACUGC,AGCAUGAGGACCAGGUGGAGCAGUAUAAGAAGGAGCUGGAGAAGACUUAUUCUGCCA,0.8200000000000001,"0.86,-2.11,-10.44,0,0,-187.5,0.3684210526315789,0,0.10526315789473684,0,0,0.0,-2.08,0.1111111111111111,0,1,0.05555555555555555,-3.42,0,0.1111111111111111,0,-1.1,0.1111111111111111,0",1,-33.19,-10.28,0.86,nan,47.4
CAGGCAGGAGCAACUCCUU,AGAGACCCCGUUGCCUAAAAAGGAGUUGCUCCUGCCUGGGAACAACCGGAAGGUGUA,0.0526315789473685,"-1.63,-2.11,-10.44,0,0,-196.23999999999998,0.15789473684210525,0,0.2631578947368421,0,0,0.1111111111111111,-2.08,0.0,0,1,0.05555555555555555,-0.93,0,0.1111111111111111,0,-2.24,0.05555555555555555,0",0,-37.61,-11.67,-1.63,nan,57.9
CAGUAUUACUGCACACGUC,ACGAGGGCACCCAGCGGCUGACGUGUGCAGUAAUACUGGGGAACCAGAGCCAGGAGA,0.5263157894736843,"0.24,-2.11,-10.44,0,0,-185.65,0.2631578947368421,0,0.15789473684210525,0,0,0.0,-2.08,0.1111111111111111,0,1,0.0,-2.35,0,0.05555555555555555,0,-2.24,0.05555555555555555,0",0,-32.53,-4.02,0.24,nan,47.4
CAGUCGGGGGACCGGGGCA,AAGUCAGUAUGCACACCCCUGCCCCGGUCCCCCGACUGCUGGCCACACGGAGCCUCC,0.25,"-0.9,-2.11,-10.44,0,0,-214.98999999999995,0.05263157894736842,0,0.5263157894736842,0,0,0.3888888888888889,-2.08,0.0,0,1,0.05555555555555555,-2.11,0,0.05555555555555555,0,-2.36,0.0,1",0,-45.16,-11.01,-0.9,nan,78.9
CAGUGCCAGGUGGACCUGG,UGUUCCCAGUCUCGGAGGCCCAGGUCCACCUGGCACUGGGGGACCAGAGGUUGAACC,0.431578947368421,"0.7,-2.11,-10.44,0,0,-208.5,0.15789473684210525,0,0.42105263157894735,0,0,0.16666666666666666,-2.08,0.0,0,1,0.1111111111111111,-3.26,0,0.05555555555555555,0,-2.35,0.0,0",0,-41.49,-10.23,0.7,nan,68.4
CAGUUGUAUGUCCUCAUGG,UGGGGGAGACAUAGCCCCACCAUGAGGACAUACAACUGGGAAAUACUGAAACUUGCU,0.8210526315789474,"0.7,-2.11,-10.44,0,0,-188.68,0.3684210526315789,0,0.2631578947368421,0,0,0.05555555555555555,-2.08,0.05555555555555555,0,1,0.05555555555555555,-3.26,0,0.0,0,-2.08,0.05555555555555555,0",1,-33.02,-5.94,0.7,nan,47.4
CAUGAAGUCCUUGAUUACA,AAAACAGCAAAUUCCAUCGUGUAAUCAAGGACUUCAUGAUCCAGGGCGGAGACUUCA,0.7407108239095317,"-0.9,-2.11,-10.44,0,0,-175.81,0.3157894736842105,0,0.15789473684210525,0,0,0.0,-1.1,0.05555555555555555,0,1,0.05555555555555555,-2.11,0,0.0,0,-2.35,0.1111111111111111,1",1,-29.17,-5.82,-0.9,nan,36.8
CAUGACGUGCGCUAUGAAG,ACGGCGUGCAGGAGCAGACCUUCAUAGCGCACGUCAUGGCCUUCGCCGCCUGCCUGG,0.3578352180936996,"-0.03,-2.11,-10.44,0,0,-191.09999999999997,0.21052631578947367,0,0.3157894736842105,0,0,0.0,-1.1,0.05555555555555555,0,1,0.0,-2.08,0,0.1111111111111111,0,-1.33,0.0,0",0,-33.71,-7.41,-0.03,nan,52.6
CAUGUCUCCAGGCUCAAAG,UGACCCAUCUCAUGGGUCUCUUUGAGCCUGGAGACAUGAAAUACGAGAUCCACCGAG,0.8865261613530712,"-0.03,-2.11,-10.44,0,0,-193.46999999999997,0.21052631578947367,0,0.21052631578947367,0,0,0.05555555555555555,-1.1,0.0,0,1,0.05555555555555555,-2.08,0,0.05555555555555555,0,-2.08,0.0,0",1,-34.86,-7.69,-0.03,nan,52.6
CAUUACACCAGUUCGUCCC,UUCACUGUAAAGCUGGAAAGGGACGAACUGGUGUAAUGAUAUGUGCAUAUUUAUUAC,1.0,"0.7,-2.11,-10.44,0,0,-190.19,0.2631578947368421,0,0.10526315789473684,0,0,0.0,-1.1,0.05555555555555555,0,1,0.16666666666666666,-3.26,0,0.0,0,-2.35,0.1111111111111111,0",1,-34.41,-5.41,0.7,nan,52.6
CAUUGUUGCUGUGUUUCUU,UAAAAAUAAUGUCAUAGGUAAGAAACACAGCAACAAUGACUUAACCAUAUAAAUGUG,0.5263157894736843,"-1.63,-2.11,-10.44,0,0,-170.82999999999998,0.5789473684210527,0,0.21052631578947367,0,0,0.0,-1.1,0.0,0,1,0.0,-0.93,0,0.05555555555555555,0,-2.24,0.2777777777777778,0",0,-28.41,-4.88,-1.63,nan,36.8
CCAAAACAACAACGGCGGC,UGACGCCGGUGAACUUCCCGCCGCCGUUGUUGUUUUGGAGCACGGAAAGACGAUGAC,0.3360258481421648,"0.16,-3.26,-13.39,0,0,-187.21999999999997,0.0,0,0.21052631578947367,0,0,0.1111111111111111,-2.11,0.0,0,1,0.05555555555555555,-3.42,1,0.1111111111111111,0,-2.36,0.0,0",0,-34.95,-4.71,0.16,nan,57.9
CCACAAACACAACUCCUCC,AACCGCGAAAAAGUUGCGCGGAGGAGUUGUGUUUGUGGACGAAGUACCGAAAGGUCU,0.977382875605816,"0.0,-3.26,-13.39,0,0,-190.21999999999997,0.10526315789473684,0,0.0,0,0,0.0,-2.11,0.0,0,1,0.16666666666666666,-3.26,1,0.0,0,-2.08,0.0,0",1,-34.74,-6.47,0.0,nan,52.6
CCACGAUCUCUUUUUCCGU,GGAGCACGGAAAGACGAUGACGGAAAAAGAGAUCGUGGAUUACGUCGCCAGUCAAGU,0.6995153473344105,"-1.47,-3.26,-13.39,0,0,-181.35,0.42105263157894735,0,0.10526315789473684,0,0,0.0,-2.11,0.0,0,1,0.1111111111111111,-2.24,1,0.0,0,-0.93,0.2222222222222222,0",0,-31.67,-8.42,-1.47,nan,47.4
CCACUCCAAAAUUGUCUUG,CUUGGAAAUCAACUAAUUUCAAGACAAUUUUGGAGUGGGAACCCAAACCCGUCAAUC,0.25,"-0.7,-3.26,-13.39,0,0,-177.04999999999995,0.3157894736842105,0,0.10526315789473684,0,0,0.0,-2.11,0.0,0,1,0.1111111111111111,-2.11,1,0.0,0,-2.11,0.1111111111111111,0",0,-29.96,-9.61,-0.7,nan,42.1
CCACUCUGUUCAGUGUGGC,CCAUAUUGGUGGCAGUGGUGCCACACUGAACAGAGUGGAAGACAUAUGCCAUGCAGC,0.431578947368421,"0.16,-3.26,-13.39,0,0,-198.99,0.3157894736842105,0,0.2631578947368421,0,0,0.05555555555555555,-2.11,0.0,0,1,0.05555555555555555,-3.42,1,0.05555555555555555,0,-2.24,0.05555555555555555,0",0,-37.23,-8.88,0.16,nan,57.9
CCAGAUUAAUAACUGUAGC,ACACACCUUUCUUUAGCAUGCUACAGUUAUUAAUCUGGACAUUCGAGGAAUUGGCCG,0.6,"0.16,-3.26,-13.39,0,0,-174.51,0.2631578947368421,0,0.15789473684210525,0,0,0.0,-2.11,0.16666666666666666,0,1,0.05555555555555555,-3.42,1,0.05555555555555555,0,-2.08,0.05555555555555555,0",0,-28.86,-5.36,0.16,nan,36.8
CCAGCGGUUCCAUCUUCCA,CCGGCGCCAUUCUAUCCGCUGGAAGAUGGAACCGCUGGAGAGCAACUGCAUAAGGCU,0.0999999999999999,"-1.6,-3.26,-13.39,0,0,-195.76999999999998,0.2631578947368421,0,0.15789473684210525,0,0,0.05555555555555555,-2.11,0.0,0,1,0.16666666666666666,-2.11,1,0.05555555555555555,0,-2.35,0.1111111111111111,1",0,-37.02,-10.93,-1.6,nan,57.9
CCAGCUCCUUCUUAUACUG,GCAUGAGGACCAGGUGGAGCAGUAUAAGAAGGAGCUGGAGAAGACUUAUUCUGCCAA,0.95,"-0.7,-3.26,-13.39,0,0,-186.01,0.3684210526315789,0,0.10526315789473684,0,0,0.0,-2.11,0.1111111111111111,0,1,0.1111111111111111,-2.11,1,0.05555555555555555,0,-1.33,0.1111111111111111,0",1,-33.03,-11.21,-0.7,nan,47.4
CCAGCUUGCGCAUGGCCAC,CAACUCCACUGGGGAAGAGGUGGCCAUGCGCAAGCUGGUGCGCUCAGUGACUGUGGU,0.74,"-0.57,-3.26,-13.39,0,0,-207.48,0.15789473684210525,0,0.2631578947368421,0,0,0.05555555555555555,-2.11,0.0,0,1,0.1111111111111111,-2.24,1,0.2222222222222222,0,-2.11,0.05555555555555555,0",1,-40.71,-8.64,-0.57,nan,68.4
CCAUCUCCCCUGGUGAAGU,UUCAUGAUCCAGGGCGGAGACUUCACCAGGGGAGAUGGCACAGGAGGAAAGAGCAUC,0.5630048465266559,"-1.47,-3.26,-13.39,0,0,-198.7,0.2631578947368421,0,0.21052631578947367,0,0,0.05555555555555555,-2.11,0.0,0,1,0.2222222222222222,-2.24,1,0.0,0,-2.24,0.0,0",0,-37.89,-9.16,-1.47,nan,57.9
CCAUUCCUGCACCAGAUUC,GGACCAGGCUGGACGGGAAGAAUCUGGUGCAGGAAUGGCUGGCGAAGCACCAGGGUG,0.6820892815930897,"-0.46,-3.26,-13.39,0,0,-195.27999999999997,0.2631578947368421,0,0.10526315789473684,0,0,0.0,-2.11,0.0,0,1,0.16666666666666666,-2.35,1,0.05555555555555555,0,-2.11,0.1111111111111111,0",0,-35.06,-7.29,-0.46,nan,52.6
CCCAAGCUGGCAUCCGUCA,CACAAAGGCCCACACUUCCUGACGGAUGCCAGCUUGGGCACUGCUGUCUACUGACCC,0.5157894736842106,"-1.6,-3.26,-13.39,0,0,-201.82999999999996,0.15789473684210525,0,0.21052631578947367,0,0,0.05555555555555555,-3.26,0.0,0,1,0.16666666666666666,-2.11,1,0.1111111111111111,0,-2.35,0.0,1",0,-39.27,-9.34,-1.6,nan,63.2
CCCACCUUGUUUUUGGCUU,AAGGACCCCAACUGGUACAAAGCCAAAAACAAGGUGGGCCGUGAGGGCAUCAUCCCA,0.25,"-2.33,-3.26,-13.39,0,0,-177.10999999999993,0.47368421052631576,0,0.15789473684210525,0,0,0.05555555555555555,-3.26,0.0,0,1,0.16666666666666666,-0.93,1,0.05555555555555555,0,-0.93,0.3333333333333333,0",0,-32.47,-9.34,-2.33,nan,47.4
CCCACUGGCUGCCAAGAGG,GUGGAACUGGCACCCCUCCCCUCUUGGCAGCCAGUGGGCAAGAACCUUACCCUACGC,0.4,"0.0,-3.26,-13.39,0,0,-207.43999999999994,0.10526315789473684,0,0.3157894736842105,0,0,0.1111111111111111,-3.26,0.0,0,1,0.16666666666666666,-3.26,1,0.1111111111111111,0,-2.11,0.0,0",0,-41.33,-10.97,0.0,nan,68.4
CCCAGGAAGAUGAUGAGGU,GCACAGACAGCCGCCAAGAACCUCAUCAUCUUCCUGGGUGACGGGAUGGGGGUGUCU,0.6020408163265305,"-1.47,-3.26,-13.39,0,0,-195.73,0.15789473684210525,0,0.3684210526315789,0,0,0.1111111111111111,-3.26,0.0,0,1,0.1111111111111111,-2.24,1,0.0,0,-1.1,0.0,0",0,-35.84,-9.45,-1.47,nan,52.6
CCCAGGAGGUAGGAGCGGG,UUCGGGGACAAUCUGGUCACCCGCUCCUACCUCCUGGGCACCUCCAGCCCCCGAACC,0.71,"0.0,-3.26,-13.39,0,0,-211.96999999999997,0.05263157894736842,0,0.5263157894736842,0,0,0.2777777777777778,-3.26,0.05555555555555555,0,1,0.1111111111111111,-3.26,1,0.05555555555555555,0,-2.35,0.0,0",1,-43.21,-11.05,0.0,nan,73.7
CCCCGCGGCUGCUCACAGG,CCCGGAGCCCCUCUCAGCGCCUGUGAGCAGCCGCGGGGGCAGCGCCCUCGGGGAGCC,0.4736842105263157,"0.0,-3.26,-13.39,0,0,-215.85999999999996,0.10526315789473684,0,0.3157894736842105,0,0,0.1111111111111111,-3.26,0.0,0,1,0.16666666666666666,-3.26,1,0.16666666666666666,0,-2.35,0.0,0",0,-44.35,-13.83,0.0,nan,78.9
CCCCUGGUGAAGUCUCCGC,AAGGACUUCAUGAUCCAGGGCGGAGACUUCACCAGGGGAGAUGGCACAGGAGGAAAG,0.8432956381260097,"0.16,-3.26,-13.39,0,0,-208.11999999999995,0.21052631578947367,0,0.2631578947368421,0,0,0.05555555555555555,-3.26,0.0,0,1,0.2222222222222222,-3.42,1,0.05555555555555555,0,-2.35,0.0,0",1,-40.91,-11.67,0.16,nan,68.4
CCCGGGUCCCUGGAUGUGC,ACGGCGGCGGCGGCGGCUGGCACAUCCAGGGACCCGGGCCGGUUUUAAACCUCCCGU,0.5473684210526315,"0.16,-3.26,-13.39,0,0,-214.50000000000003,0.21052631578947367,0,0.3684210526315789,0,0,0.16666666666666666,-3.26,0.0,0,1,0.2222222222222222,-3.42,1,0.05555555555555555,0,-2.35,0.0,0",0,-43.2,-12.64,0.16,nan,73.7
CCCUCGGGUGUAAUCAGAA,ACUGAGACUACAUCAGCUAUUCUGAUUACACCCGAGGGGGAUGAUAAACCGGGCGCG,0.0999999999999999,"-2.33,-3.26,-13.39,0,0,-189.54,0.21052631578947367,0,0.2631578947368421,0,0,0.1111111111111111,-3.26,0.05555555555555555,0,1,0.1111111111111111,-0.93,1,0.0,0,-1.1,0.0,1",0,-35.06,-12.48,-2.33,nan,52.6
CCCUGGAUCAUGAAGUCCU,AAAUUCCAUCGUGUAAUCAAGGACUUCAUGAUCCAGGGCGGAGACUUCACCAGGGGA,0.8941841680129243,"-1.63,-3.26,-13.39,0,0,-195.73,0.2631578947368421,0,0.21052631578947367,0,0,0.05555555555555555,-3.26,0.0,0,1,0.16666666666666666,-2.08,1,0.0,0,-0.93,0.0,0",1,-35.84,-9.62,-1.63,nan,52.6
CCCUUUUGGCUCCCCCCUG,GAAGGCUGGGGCUCAUUUGCAGGGGGGAGCCAAAAGGGUCAUCAUCUCUGCCCCCUC,0.0273021001615509,"-0.7,-3.26,-13.39,0,0,-203.60999999999993,0.3157894736842105,0,0.15789473684210525,0,0,0.05555555555555555,-3.26,0.0,0,1,0.3888888888888889,-2.11,1,0.05555555555555555,0,-3.26,0.16666666666666666,0",0,-41.01,-6.15,-0.7,nan,68.4
CCGCGCCCGGUUUAUCAUC,UCUGAUUACACCCGAGGGGGAUGAUAAACCGGGCGCGGUCGGUAAAGUUGUUCCAUU,0.51,"-0.46,-3.26,-13.39,0,0,-198.44,0.2631578947368421,0,0.21052631578947367,0,0,0.05555555555555555,-2.36,0.05555555555555555,0,1,0.16666666666666666,-2.35,1,0.1111111111111111,0,-1.33,0.1111111111111111,0",0,-37.31,-13.99,-0.46,nan,63.2
CCGCUUGGCUCUGGACCGC,CAGCAGCCAUUACCCGGCUGCGGUCCAGAGCCAAGCGGCGGCAGAGCGAGGGGCAUC,0.5368421052631579,"0.16,-3.26,-13.39,0,0,-211.29000000000002,0.21052631578947367,0,0.3157894736842105,0,0,0.1111111111111111,-2.36,0.0,0,1,0.1111111111111111,-3.42,1,0.16666666666666666,0,-3.26,0.05555555555555555,0",0,-42.26,-10.07,0.16,nan,73.7
CCGGGCCGCCGAACAUCCU,GUCCUCGUCCUCCUACCGCAGGAUGUUCGGCGGCCCGGGCACCGCGAGCCGGCCGAG,0.25,"-1.63,-3.26,-13.39,0,0,-208.09,0.10526315789473684,0,0.2631578947368421,0,0,0.1111111111111111,-2.36,0.0,0,1,0.2222222222222222,-2.08,1,0.1111111111111111,0,-2.24,0.0,0",0,-42.1,-13.83,-1.63,nan,73.7
CCGGGCCUUUCUUUAUGUU,CACCAUGGAAGACGCCAAAAACAUAAAGAAAGGCCCGGCGCCAUUCUAUCCGCUGGA,0.0999999999999999,"-2.33,-3.26,-13.39,0,0,-178.16,0.47368421052631576,0,0.21052631578947367,0,0,0.1111111111111111,-2.36,0.05555555555555555,0,1,0.1111111111111111,-0.93,1,0.05555555555555555,0,-0.93,0.2777777777777778,0",0,-32.22,-13.1,-2.33,nan,47.4
CCGGGCGCCUCGGAAGACC,UCGCCUCCCGCCUCCCCUCGGUCUUCCGAGGCGCCCGGGCUCCCGGCGCGGCGGCGG,0.2105263157894736,"0.0,-3.26,-13.39,0,0,-214.90999999999997,0.05263157894736842,0,0.3684210526315789,0,0,0.16666666666666666,-2.36,0.0,0,1,0.16666666666666666,-3.26,1,0.1111111111111111,0,-2.35,0.0,0",0,-43.77,-13.99,0.0,nan,78.9
CCGUAGAUGCUCUUUCCUC,ACCAGGGGAGAUGGCACAGGAGGAAAGAGCAUCUACGGUGAGCGCUUCCCCGAUGAG,0.6962843295638126,"-0.46,-3.26,-13.39,0,0,-192.91999999999993,0.3684210526315789,0,0.15789473684210525,0,0,0.0,-2.36,0.05555555555555555,0,1,0.1111111111111111,-2.35,1,0.05555555555555555,0,-0.93,0.1111111111111111,0",0,-34.57,-6.92,-0.46,nan,52.6
CCGUAGUGCUUCAGUUUGA,CGCUUCCCCGAUGAGAACUUCAAACUGAAGCACUACGGGCCUGGCUGGGUCAGCAUG,0.3707592891760904,"-1.36,-3.26,-13.39,0,0,-181.56999999999996,0.3684210526315789,0,0.2631578947368421,0,0,0.0,-2.36,0.05555555555555555,0,1,0.05555555555555555,-2.35,1,0.05555555555555555,0,-2.08,0.16666666666666666,1",0,-32.61,-8.27,-1.36,nan,47.4
CCUCCGCGCAACUUUUUCG,GCCAGUCAAGUAACAACCGCGAAAAAGUUGCGCGGAGGAGUUGUGUUUGUGGACGAA,0.8594507269789984,"-0.9,-3.26,-13.39,0,0,-186.62999999999994,0.3157894736842105,0,0.15789473684210525,0,0,0.0,-2.08,0.0,0,1,0.1111111111111111,-2.36,1,0.1111111111111111,0,-0.93,0.2222222222222222,0",1,-34.21,-11.74,-0.9,nan,57.9
CCUCGCGGCUGACCACCUC,UCGCAUCACCGAGUCUGAAGAGGUGGUCAGCCGCGAGGUGUCCGGCAUCAAGGCCGC,0.8,"-0.46,-3.26,-13.39,0,0,-213.43000000000004,0.15789473684210525,0,0.21052631578947367,0,0,0.05555555555555555,-2.08,0.0,0,1,0.16666666666666666,-2.35,1,0.1111111111111111,0,-3.26,0.0,0",1,-42.5,-11.74,-0.46,nan,73.7
CCUGAAGCGCCGGCCACCU,CUCGGCUGGGUCUUCGCCCAGGUGGCCGGCGCUUCAGGCACUACAAAUACUGUGGCA,0.25,"-1.63,-3.26,-13.39,0,0,-208.52,0.10526315789473684,0,0.2631578947368421,0,0,0.05555555555555555,-2.08,0.0,0,1,0.2222222222222222,-2.08,1,0.16666666666666666,0,-3.42,0.0,0",0,-42.72,-8.88,-1.63,nan,73.7
CCUGGUGAAGUCUCCGCCC,UCAAGGACUUCAUGAUCCAGGGCGGAGACUUCACCAGGGGAGAUGGCACAGGAGGAA,0.9434571890145398,"0.0,-3.26,-13.39,0,0,-208.11999999999995,0.21052631578947367,0,0.2631578947368421,0,0,0.05555555555555555,-2.08,0.0,0,1,0.2222222222222222,-3.26,1,0.05555555555555555,0,-2.35,0.0,0",1,-40.91,-9.61,0.0,nan,68.4
CCUGUAGCUAAGGCCACAA,CCAAAAACAGUGGAUAAUUUUGUGGCCUUAGCUACAGGAGAGAAAGGAUUUGGCUAC,0.3537964458804524,"-2.33,-3.26,-13.39,0,0,-187.66,0.15789473684210525,0,0.21052631578947367,0,0,0.05555555555555555,-2.08,0.1111111111111111,0,1,0.1111111111111111,-0.93,1,0.1111111111111111,0,-3.42,0.0,1",0,-35.73,-9.17,-2.33,nan,52.6
CCUUGAUUACACGAUGGAA,UGGCUACAAAAACAGCAAAUUCCAUCGUGUAAUCAAGGACUUCAUGAUCCAGGGCGG,0.5953150242326334,"-2.33,-3.26,-13.39,0,0,-178.92000000000002,0.2631578947368421,0,0.21052631578947367,0,0,0.05555555555555555,-2.08,0.05555555555555555,0,1,0.05555555555555555,-0.93,1,0.0,0,-2.35,0.1111111111111111,1",0,-30.6,-4.96,-2.33,nan,42.1
CCUUUAUGAGGAUCUCUCU,ACUCGACGCAAGAAAAAUCAGAGAGAUCCUCAUAAAGGCCAAGAAGGGCGGAAAGAU,0.9725363489499196,"-1.63,-3.26,-13.39,0,0,-184.57999999999996,0.42105263157894735,0,0.15789473684210525,0,0,0.05555555555555555,-2.08,0.05555555555555555,0,1,0.05555555555555555,-2.08,1,0.0,0,-2.35,0.1111111111111111,0",1,-31.63,-4.39,-1.63,nan,42.1
CCUUUCGGUACUUCGUCCA,CGCGGAGGAGUUGUGUUUGUGGACGAAGUACCGAAAGGUCUUACCGGAAAACUCGAC,0.7924071082390955,"-1.6,-3.26,-13.39,0,0,-185.19000000000005,0.3684210526315789,0,0.15789473684210525,0,0,0.05555555555555555,-2.08,0.05555555555555555,0,1,0.1111111111111111,-2.11,1,0.0,0,-2.35,0.16666666666666666,1",1,-34.12,-7.82,-1.6,nan,52.6
CGAGGUUUGUCUCCAGGUA,CUCCCCAGAGUUCACACCUUACCUGGAGACAAACCUCGGACAGCCAACAAUUCAGAG,0.25,"-1.03,-2.36,-10.64,0,0,-188.65,0.3157894736842105,0,0.3157894736842105,0,0,0.1111111111111111,-2.35,0.05555555555555555,0,1,0.05555555555555555,-1.33,0,0.0,1,-3.26,0.1111111111111111,1",0,-35.02,-7.25,-1.03,nan,52.6
CGCAACUUUUUCGCGGUUG,UACGUCGCCAGUCAAGUAACAACCGCGAAAAAGUUGCGCGGAGGAGUUGUGUUUGUG,0.2140549273021003,"0.2,-2.36,-10.64,0,0,-178.98,0.3684210526315789,0,0.2631578947368421,0,0,0.05555555555555555,-3.42,0.0,0,1,0.0,-2.11,0,0.1111111111111111,1,-3.42,0.2777777777777778,0",0,-31.8,-7.17,0.2,nan,52.6
CGCAGCUCCGACUCACACA,UACCGGGAGGGGCGGGAGGUGUGUGAGUCGGAGCUGCGUGUGCUGCGUCGGGUGCGU,0.25,"-0.7,-2.36,-10.64,0,0,-201.82,0.10526315789473684,0,0.15789473684210525,0,0,0.0,-3.42,0.0,0,1,0.05555555555555555,-2.11,0,0.1111111111111111,1,-2.35,0.0,1",0,-38.73,-11.37,-0.7,nan,63.2
CGCCCGGGGACGAGGCGUA,CAGUACCAGCCGCAGCCUCUACGCCUCGUCCCCGGGCGGCGUGUAUGCCACGCGCUC,0.25,"-1.03,-2.36,-10.64,0,0,-211.17999999999998,0.05263157894736842,0,0.47368421052631576,0,0,0.2222222222222222,-3.42,0.05555555555555555,0,1,0.1111111111111111,-1.33,0,0.1111111111111111,1,-2.08,0.0,1",0,-43.89,-14.73,-1.03,nan,78.9
CGCCCUGGAUCAUGAAGUC,AUUCCAUCGUGUAAUCAAGGACUUCAUGAUCCAGGGCGGAGACUUCACCAGGGGAGA,0.6381260096930534,"0.44,-2.36,-10.64,0,0,-201.09999999999997,0.21052631578947367,0,0.2631578947368421,0,0,0.05555555555555555,-3.42,0.0,0,1,0.1111111111111111,-2.35,0,0.05555555555555555,1,-2.11,0.0,0",0,-36.73,-13.3,0.44,nan,57.9
CGCGCAACUUUUUCGCGGU,CGUCGCCAGUCAAGUAACAACCGCGAAAAAGUUGCGCGGAGGAGUUGUGUUUGUGGA,0.4660743134087238,"-0.57,-2.36,-10.64,0,0,-183.51999999999995,0.3157894736842105,0,0.2631578947368421,0,0,0.05555555555555555,-3.42,0.0,0,1,0.0,-2.24,0,0.16666666666666666,1,-2.35,0.2222222222222222,0",0,-34.09,-10.39,-0.57,nan,57.9
CGCGCCCAACACCGGCAUA,AAAACUCUCUUCAAUUCUUUAUGCCGGUGUUGGGCGCGUUAUUUAUCGGAGUUGCAG,0.18,"-1.03,-2.36,-10.64,0,0,-200.79999999999995,0.05263157894736842,0,0.21052631578947367,0,0,0.05555555555555555,-3.42,0.05555555555555555,0,1,0.16666666666666666,-1.33,0,0.16666666666666666,1,-2.36,0.0,1",0,-40.01,-13.29,-1.03,nan,68.4
CGCGGGCGCAACUGCAACU,UGGGCGCGUUAUUUAUCGGAGUUGCAGUUGCGCCCGCGAACGACAUUUAUAAUGAAC,0.33,"-0.73,-2.36,-10.64,0,0,-199.60999999999996,0.10526315789473684,0,0.3157894736842105,0,0,0.1111111111111111,-3.42,0.0,0,1,0.0,-2.08,0,0.2222222222222222,1,-2.11,0.0,0",0,-39.57,-13.99,-0.73,nan,68.4
CGCGGGCUUUGUCGUUGGU,CCGGCAGGUGGACCAGCUAACCAACGACAAAGCCCGCGUCGAGGUGGAGCGCGACAA,0.25,"-0.57,-2.36,-10.64,0,0,-192.98,0.3684210526315789,0,0.42105263157894735,0,0,0.16666666666666666,-3.42,0.0,0,1,0.0,-2.24,0,0.1111111111111111,1,-2.36,0.16666666666666666,0",0,-37.32,-13.26,-0.57,nan,63.2
CGCUCACCGUAGAUGCUCU,GGAGAUGGCACAGGAGGAAAGAGCAUCUACGGUGAGCGCUUCCCCGAUGAGAACUUC,0.8037156704361876,"-0.73,-2.36,-10.64,0,0,-197.08999999999997,0.2631578947368421,0,0.21052631578947367,0,0,0.0,-3.42,0.05555555555555555,0,1,0.05555555555555555,-2.08,0,0.1111111111111111,1,-1.1,0.0,0",1,-36.78,-11.37,-0.73,nan,57.9
CGCUUCCGGAUUGUUUACA,CUAUGAUUAUGUCCGGUUAUGUAAACAAUCCGGAAGCGACCAACGCCUUGAUUGACA,0.3046042003231018,"-0.7,-2.36,-10.64,0,0,-179.0,0.3684210526315789,0,0.21052631578947367,0,0,0.05555555555555555,-3.42,0.05555555555555555,0,1,0.05555555555555555,-2.11,0,0.05555555555555555,1,-2.24,0.2222222222222222,1",0,-31.75,-10.31,-0.7,nan,47.4
CGCUUCUCACUGAGAGCAG,AAGGAGGCCGCACUGAGCACUGCUCUCAGUGAGAAGCGCACGCUGGAGGGCGAGCUG,0.88,"0.17,-2.36,-10.64,0,0,-198.96999999999997,0.21052631578947367,0,0.2631578947368421,0,0,0.0,-3.42,0.0,0,1,0.0,-2.08,0,0.1111111111111111,1,-2.08,0.05555555555555555,0",1,-36.49,-9.12,0.17,nan,57.9
CGGCGGCGGGAAGUUCACC,UCUUCCCGACGAUGACGCCGGUGAACUUCCCGCCGCCGUUGUUGUUUUGGAGCACGG,0.0799999999999999,"0.9,-2.36,-10.64,0,0,-207.26,0.10526315789473684,0,0.42105263157894735,0,0,0.2222222222222222,-3.26,0.0,0,1,0.05555555555555555,-3.26,0,0.1111111111111111,1,-2.24,0.05555555555555555,0",0,-41.36,-13.99,0.9,nan,73.7
CGGGAGGUGCCGCCGCCGC,AGCCGGCUGAGGCGCGGCGGCGGCGGCGGCACCUCCCGCUCCUGGAGCGGGGGGGAG,0.4210526315789473,"1.06,-2.36,-10.64,0,0,-223.56999999999994,0.05263157894736842,0,0.47368421052631576,0,0,0.16666666666666666,-3.26,0.0,0,1,0.16666666666666666,-3.42,0,0.2222222222222222,1,-3.26,0.0,0",0,-47.37,-11.91,1.06,nan,89.5
CGGGCGGACAUGGGGAGAU,AGGCUCAGAGGUAUUGGGGAUCUCCCCAUGUCCGCCCGCAUACGAGUUCUGCGGAGG,0.25,"-1.26,-2.36,-10.64,0,0,-208.00999999999996,0.10526315789473684,0,0.5263157894736842,0,0,0.3333333333333333,-3.26,0.0,0,1,0.0,-1.1,0,0.05555555555555555,1,-3.26,0.0,0",0,-40.95,-13.37,-1.26,nan,68.4
CGGGGAAGCGCUCACCGUA,CACAGGAGGAAAGAGCAUCUACGGUGAGCGCUUCCCCGAUGAGAACUUCAAACUGAA,0.1445880452342488,"-1.03,-2.36,-10.64,0,0,-201.49999999999997,0.10526315789473684,0,0.3684210526315789,0,0,0.16666666666666666,-3.26,0.05555555555555555,0,1,0.05555555555555555,-1.33,0,0.1111111111111111,1,-2.11,0.0,1",0,-40.13,-11.05,-1.03,nan,68.4
CGGUAAGACCUUUCGGUAC,AGUUGUGUUUGUGGACGAAGUACCGAAAGGUCUUACCGGAAAACUCGACGCAAGAAA,0.8739903069466883,"0.33,-2.36,-10.64,0,0,-185.12,0.2631578947368421,0,0.2631578947368421,0,0,0.1111111111111111,-3.26,0.1111111111111111,0,1,0.05555555555555555,-2.24,0,0.0,1,-2.35,0.1111111111111111,0",1,-33.68,-7.65,0.33,nan,52.6
CGGUUGGCUUUGUCUUUAU,AAUGAUCUUGACAAAGCAAAUAAAGACAAAGCCAACCGAUACUUUUCUCCAAAUUUU,0.2105263157894736,"-1.26,-2.36,-10.64,0,0,-173.21999999999997,0.5263157894736842,0,0.2631578947368421,0,0,0.1111111111111111,-3.26,0.05555555555555555,0,1,0.0,-1.1,0,0.05555555555555555,1,-2.35,0.2777777777777778,0",0,-30.05,-11.13,-1.26,nan,42.1
CGUAAUCCACGAUCUCUUU,CGGAAAGACGAUGACGGAAAAAGAGAUCGUGGAUUACGUCGCCAGUCAAGUAACAAC,0.6074313408723748,"-1.43,-2.36,-10.64,0,0,-178.20999999999998,0.3684210526315789,0,0.10526315789473684,0,0,0.0,-2.24,0.05555555555555555,0,1,0.05555555555555555,-0.93,0,0.0,1,-2.35,0.1111111111111111,0",0,-29.91,-7.12,-1.43,nan,42.1
CGUCAUCGUCUUUCCGUGC,CCGCCGUUGUUGUUUUGGAGCACGGAAAGACGAUGACGGAAAAAGAGAUCGUGGAUU,0.5411954765751212,"1.06,-2.36,-10.64,0,0,-194.92,0.3684210526315789,0,0.21052631578947367,0,0,0.0,-2.24,0.0,0,1,0.05555555555555555,-3.42,0,0.05555555555555555,1,-2.35,0.1111111111111111,0",0,-35.05,-8.42,1.06,nan,57.9
CGUCGAGUUUUCCGGUAAG,GGACGAAGUACCGAAAGGUCUUACCGGAAAACUCGACGCAAGAAAAAUCAGAGAGAU,0.9862681744749596,"0.17,-2.36,-10.64,0,0,-182.53999999999996,0.3157894736842105,0,0.3157894736842105,0,0,0.05555555555555555,-2.24,0.05555555555555555,0,1,0.05555555555555555,-2.08,0,0.0,1,-2.36,0.16666666666666666,0",1,-32.49,-9.08,0.17,nan,52.6
CGUCUUUCCGUGCUCCAAA,UUCCCGCCGCCGUUGUUGUUUUGGAGCACGGAAAGACGAUGACGGAAAAAGAGAUCG,0.1405492730210016,"-1.43,-2.36,-10.64,0,0,-184.84999999999997,0.3157894736842105,0,0.15789473684210525,0,0,0.0,-2.24,0.0,0,1,0.1111111111111111,-0.93,0,0.05555555555555555,1,-2.08,0.1111111111111111,1",0,-33.75,-6.79,-1.43,nan,52.6
CGUGCUCCAAAACAACAAC,CGGUGAACUUCCCGCCGCCGUUGUUGUUUUGGAGCACGGAAAGACGAUGACGGAAAA,0.4878836833602585,"0.33,-2.36,-10.64,0,0,-179.67999999999998,0.10526315789473684,0,0.10526315789473684,0,0,0.0,-2.24,0.0,0,1,0.05555555555555555,-2.24,0,0.05555555555555555,1,-2.11,0.0,0",0,-31.43,-11.37,0.33,nan,47.4
CGUGUCCACCUCUAGGACC,CACAACUUGUCAGCCCCCGGGUCCUAGAGGUGGACACGCAGGGGACCGUGGUCUGUU,0.3157894736842105,"0.9,-2.36,-10.64,0,0,-203.51999999999998,0.21052631578947367,0,0.21052631578947367,0,0,0.05555555555555555,-2.24,0.05555555555555555,0,1,0.16666666666666666,-3.26,0,0.0,1,-1.33,0.0,0",0,-39.11,-9.77,0.9,nan,63.2
CUACCACAGUGAUGAUGAC,CUCCCCCCGGUAUGAGAUUGUCAUCAUCACUGUGGUAGCAGCCGCAGUCAUAAUGGG,0.5789473684210527,"0.16,-2.08,-10.48,0,0,-192.31,0.21052631578947367,0,0.21052631578947367,0,0,0.0,-1.33,0.05555555555555555,1,1,0.05555555555555555,-2.24,0,0.0,0,-2.11,0.0,0",0,-33.42,-8.3,0.16,nan,47.4
CUCACCGUAGAUGCUCUUU,GGGGAGAUGGCACAGGAGGAAAGAGCAUCUACGGUGAGCGCUUCCCCGAUGAGAACU,0.6340872374798062,"-1.6,-2.08,-10.48,0,0,-185.20999999999995,0.3684210526315789,0,0.15789473684210525,0,0,0.0,-2.35,0.05555555555555555,1,1,0.05555555555555555,-0.93,0,0.05555555555555555,0,-3.42,0.1111111111111111,0",0,-32.86,-9.57,-1.6,nan,47.4
CUCAGCAGACUGCCUGGCA,AUUCUGCCAAGCUGGACAAUGCCAGGCAGUCUGCUGAGAGGAACAGCAACCUGGUGG,0.81,"-0.87,-2.08,-10.48,0,0,-204.97000000000003,0.15789473684210525,0,0.2631578947368421,0,0,0.05555555555555555,-2.35,0.0,1,1,0.05555555555555555,-2.11,0,0.16666666666666666,0,-3.26,0.0,1",1,-40.13,-9.61,-0.87,nan,63.2
CUCCAAAACAACAACGGCG,ACGCCGGUGAACUUCCCGCCGCCGUUGUUGUUUUGGAGCACGGAAAGACGAUGACGG,0.82875605815832,"-0.17,-2.08,-10.48,0,0,-181.86999999999995,0.05263157894736842,0,0.15789473684210525,0,0,0.05555555555555555,-2.35,0.0,1,1,0.05555555555555555,-2.36,0,0.05555555555555555,0,-0.93,0.0,0",1,-32.7,-5.52,-0.17,nan,52.6
CUCCAGCUCCUUCUUAUAC,AUGAGGACCAGGUGGAGCAGUAUAAGAAGGAGCUGGAGAAGACUUAUUCUGCCAAGC,0.96,"0.16,-2.08,-10.48,0,0,-188.01,0.3684210526315789,0,0.05263157894736842,0,0,0.0,-2.35,0.1111111111111111,1,1,0.1111111111111111,-2.24,0,0.05555555555555555,0,-2.08,0.1111111111111111,0",1,-33.27,-10.31,0.16,nan,47.4
CUCCAUGUCCAGGGCCAGC,AGGAGCUUCUGGACAUCAAGCUGGCCCUGGACAUGGAGAUCCACGCCUACCGCAAGC,0.79,"0.89,-2.08,-10.48,0,0,-211.95999999999995,0.15789473684210525,0,0.2631578947368421,0,0,0.1111111111111111,-2.35,0.0,1,1,0.16666666666666666,-3.42,0,0.1111111111111111,0,-3.26,0.0,0",1,-41.77,-8.18,0.89,nan,68.4
CUCCCCUGGUGAAGUCUCC,GGACUUCAUGAUCCAGGGCGGAGACUUCACCAGGGGAGAUGGCACAGGAGGAAAGAG,0.8780290791599354,"0.73,-2.08,-10.48,0,0,-205.51999999999998,0.2631578947368421,0,0.21052631578947367,0,0,0.05555555555555555,-2.35,0.0,1,1,0.2222222222222222,-3.26,0,0.0,0,-2.08,0.0,0",1,-39.56,-11.78,0.73,nan,63.2
CUCCGUGAGGCCAGAGACC,UGUAGGCUAAAUGAACAUAGGUCUCUGGCCUCACGGAGCUCCCAGUCCAUGUCACAU,0.2842105263157894,"0.73,-2.08,-10.48,0,0,-210.82999999999998,0.10526315789473684,0,0.3157894736842105,0,0,0.05555555555555555,-2.35,0.0,1,1,0.16666666666666666,-3.26,0,0.05555555555555555,0,-2.08,0.0,0",0,-41.15,-9.68,0.73,nan,68.4
CUCCUCCGCGCAACUUUUU,CAGUCAAGUAACAACCGCGAAAAAGUUGCGCGGAGGAGUUGUGUUUGUGGACGAAGU,0.5379644588045235,"-1.6,-2.08,-10.48,0,0,-182.74999999999994,0.3684210526315789,0,0.10526315789473684,0,0,0.0,-2.35,0.0,1,1,0.1111111111111111,-0.93,0,0.1111111111111111,0,-2.24,0.2222222222222222,0",0,-33.48,-11.12,-1.6,nan,52.6
CUCCUGGCCCGACAGAGGU,CGAGAUCUUGAGGGCACCUACCUCUGUCGGGCCAGGAGCACUCAAGGGGAGGUCACC,0.2631578947368421,"-0.74,-2.08,-10.48,0,0,-208.05999999999997,0.15789473684210525,0,0.3157894736842105,0,0,0.1111111111111111,-2.35,0.0,1,1,0.16666666666666666,-2.24,0,0.05555555555555555,0,-2.11,0.0,0",0,-41.61,-11.94,-0.74,nan,68.4
CUCCUGUAGCUAAGGCCAC,AAAAACAGUGGAUAAUUUUGUGGCCUUAGCUACAGGAGAGAAAGGAUUUGGCUACAA,0.711631663974152,"0.16,-2.08,-10.48,0,0,-197.04,0.21052631578947367,0,0.21052631578947367,0,0,0.05555555555555555,-2.35,0.1111111111111111,1,1,0.1111111111111111,-2.24,0,0.1111111111111111,0,-2.08,0.0,0",1,-37.57,-8.38,0.16,nan,57.9
CUCCUGUGCCAUCUCCCCU,CCAGGGCGGAGACUUCACCAGGGGAGAUGGCACAGGAGGAAAGAGCAUCUACGGUGA,0.8392568659127626,"-0.9,-2.08,-10.48,0,0,-205.83999999999995,0.3157894736842105,0,0.10526315789473684,0,0,0.0,-2.35,0.0,1,1,0.2777777777777778,-2.08,0,0.05555555555555555,0,-2.08,0.0,0",1,-40.22,-9.61,-0.9,nan,63.2
CUCUCAUCAGGCUAGACUU,ACAUGAUUGAUGGAUGUUAAAGUCUAGCCUGAUGAGAGGGGAAGUGGUGGGGGAGAC,0.7368421052631579,"-1.6,-2.08,-10.48,0,0,-189.74999999999997,0.3157894736842105,0,0.15789473684210525,0,0,0.05555555555555555,-2.35,0.05555555555555555,1,1,0.0,-0.93,0,0.05555555555555555,0,-1.33,0.05555555555555555,0",1,-33.84,-7.8,-1.6,nan,47.4
CUCUCCUCACCAGCACCGU,GCCCGCUGAGGUCACGACCACGGUGCUGGUGAGGAGAGAUCACCAUGGAGCCAAUUU,0.0,"-0.74,-2.08,-10.48,0,0,-203.11999999999998,0.21052631578947367,0,0.10526315789473684,0,0,0.0,-2.35,0.0,1,1,0.16666666666666666,-2.24,0,0.05555555555555555,0,-3.42,0.0,0",0,-39.44,-9.93,-0.74,nan,63.2
CUCUCCUGUAGCUAAGGCC,AAACAGUGGAUAAUUUUGUGGCCUUAGCUACAGGAGAGAAAGGAUUUGGCUACAAAA,0.988691437802908,"0.73,-2.08,-10.48,0,0,-198.11999999999995,0.2631578947368421,0,0.21052631578947367,0,0,0.05555555555555555,-2.35,0.1111111111111111,1,1,0.1111111111111111,-3.26,0,0.1111111111111111,0,-1.33,0.0,0",1,-37.65,-9.69,0.73,nan,57.9
CUCUGGAUCAGAGUCAGUG,AUUAUAGAUAUUCUGACACCACUGACUCUGAUCCAGAGAAUGAACCUUUUGAUGAAG,0.368421052631579,"0.03,-2.08,-10.48,0,0,-198.32,0.2631578947368421,0,0.3157894736842105,0,0,0.05555555555555555,-2.35,0.0,1,1,0.0,-2.11,0,0.0,0,-2.24,0.0,0",0,-35.34,-8.26,0.03,nan,52.6
CUCUGGCUUCGUCAGAAUC,GCUUUCCGGCGCCCAACGUGAUUCUGACGAAGCCAGAGGUCUCAGAAGGGACCGAGG,0.1052631578947367,"0.27,-2.08,-10.48,0,0,-194.72,0.3157894736842105,0,0.21052631578947367,0,0,0.05555555555555555,-2.35,0.0,1,1,0.0,-2.35,0,0.05555555555555555,0,-2.11,0.05555555555555555,0",0,-34.44,-10.31,0.27,nan,52.6
CUGACUGAGGACAAUGCCC,CCUGGGACGCCGGAGGACAGGGCAUUGUCCUCAGUCAGAUACAACAGCAUUUGGGGC,0.863157894736842,"0.73,-2.08,-10.48,0,0,-200.95999999999998,0.15789473684210525,0,0.2631578947368421,0,0,0.05555555555555555,-2.11,0.0,1,1,0.1111111111111111,-3.26,0,0.05555555555555555,0,-0.93,0.0,0",1,-37.35,-8.25,0.73,nan,57.9
CUGAGGUGGGAGGAUCACU,UCUUGACCUUUUGGGCUCAAGUGAUCCUCCCACCUCAGCCUCCUGAGUAGCUGGGAC,0.6842105263157894,"-0.9,-2.08,-10.48,0,0,-201.41,0.21052631578947367,0,0.42105263157894735,0,0,0.2222222222222222,-2.11,0.0,1,1,0.0,-2.08,0,0.0,0,-2.35,0.0,0",0,-38.13,-9.61,-0.9,nan,57.9
CUGCCUGGCAUUGUCCAGC,AGAAGACUUAUUCUGCCAAGCUGGACAAUGCCAGGCAGUCUGCUGAGAGGAACAGCA,0.84,"0.89,-2.08,-10.48,0,0,-204.87999999999997,0.2631578947368421,0,0.2631578947368421,0,0,0.05555555555555555,-2.11,0.0,1,1,0.1111111111111111,-3.42,0,0.16666666666666666,0,-2.24,0.05555555555555555,0",1,-39.36,-11.7,0.89,nan,63.2
CUGCUAGCCUCUGGAUUUG,AAAACAGUAGAGGAGCCGUCAAAUCCAGAGGCUAGCAGUUCAACUUCUGUAACACCA,0.6736842105263158,"0.03,-2.08,-10.48,0,0,-192.24,0.3684210526315789,0,0.2631578947368421,0,0,0.05555555555555555,-2.11,0.05555555555555555,1,1,0.05555555555555555,-2.11,0,0.1111111111111111,0,-3.26,0.1111111111111111,0",0,-34.99,-9.9,0.03,nan,52.6
CUGGAUCAUGAAGUCCUUG,GCAAAUUCCAUCGUGUAAUCAAGGACUUCAUGAUCCAGGGCGGAGACUUCACCAGGG,0.8255250403877223,"0.03,-2.08,-10.48,0,0,-189.92999999999998,0.3157894736842105,0,0.2631578947368421,0,0,0.05555555555555555,-2.11,0.0,1,1,0.05555555555555555,-2.11,0,0.0,0,-2.24,0.05555555555555555,0",1,-32.81,-8.29,0.03,nan,47.4
CUGGUCCUCAUUGGACUUG,AGUUUGUCCGGCUGCGCAACAAGUCCAAUGAGGACCAGUCCAUGGGCAAUUGGCAGA,0.79,"0.03,-2.08,-10.48,0,0,-192.89999999999998,0.3684210526315789,0,0.2631578947368421,0,0,0.1111111111111111,-2.11,0.0,1,1,0.05555555555555555,-2.11,0,0.0,0,-3.26,0.1111111111111111,0",1,-34.86,-10.31,0.03,nan,52.6
CUGGUGAGCUGGCCCGCCC,UUCGACGACGCCAUUGAGAGGGCGGGCCAGCUCACCAGCGAGGAGGACACGCUGAGC,0.3061224489795918,"0.73,-2.08,-10.48,0,0,-218.60999999999996,0.15789473684210525,0,0.3684210526315789,0,0,0.1111111111111111,-2.11,0.0,1,1,0.2222222222222222,-3.26,0,0.16666666666666666,0,-3.26,0.0,0",0,-45.25,-9.61,0.73,nan,78.9
CUGUAGUCAUCUGGGUACU,AUGGGGACCCCAGACCCUGAGUACCCAGAUGACUACAGCCAAGGUGGGACCAGGCUG,0.2394991922455573,"-0.9,-2.08,-10.48,0,0,-187.92999999999998,0.3684210526315789,0,0.2631578947368421,0,0,0.1111111111111111,-2.11,0.1111111111111111,1,1,0.0,-2.08,0,0.0,0,-3.26,0.0,0",0,-34.05,-7.81,-0.9,nan,47.4
CUGUCCCGGGAUAGGUUCA,CACACAAGCCACGCCUCCCUGAACCUAUCCCGGGACAGGGCCUCUUCCUCGGCCUUC,0.4210526315789473,"-0.87,-2.08,-10.48,0,0,-196.10999999999999,0.2631578947368421,0,0.3157894736842105,0,0,0.16666666666666666,-2.11,0.05555555555555555,1,1,0.1111111111111111,-2.11,0,0.0,0,-2.08,0.05555555555555555,1",0,-37.39,-11.04,-0.87,nan,57.9
CUUCAGGGGAAUUCUUGGA,CCUUUGGGCGAGUGCCUUAUCCAAGAAUUCCCCUGAAGGACGUCGUCCCUCGGGUGG,0.25,"-0.63,-2.08,-10.48,0,0,-184.96999999999997,0.3157894736842105,0,0.3157894736842105,0,0,0.2222222222222222,-0.93,0.0,1,1,0.0,-2.35,0,0.0,0,-2.35,0.16666666666666666,1",0,-33.18,-9.45,-0.63,nan,47.4
CUUCAGUUUGAAGUUCUCA,ACGGUGAGCGCUUCCCCGAUGAGAACUUCAAACUGAAGCACUACGGGCCUGGCUGGG,0.561389337641357,"-0.87,-2.08,-10.48,0,0,-172.57,0.42105263157894735,0,0.15789473684210525,0,0,0.0,-0.93,0.0,1,1,0.0,-2.11,0,0.0,0,-2.24,0.2222222222222222,1",0,-28.64,-5.65,-0.87,nan,36.8
CUUCGUCCACAAACACAAC,GAAAAAGUUGCGCGGAGGAGUUGUGUUUGUGGACGAAGUACCGAAAGGUCUUACCGG,0.9523424878836836,"0.16,-2.08,-10.48,0,0,-181.82,0.15789473684210525,0,0.05263157894736842,0,0,0.0,-0.93,0.0,1,1,0.05555555555555555,-2.24,0,0.0,0,-2.24,0.05555555555555555,0",1,-31.67,-8.95,0.16,nan,47.4
CUUCUCCAGCUCCUUCUUA,AGGACCAGGUGGAGCAGUAUAAGAAGGAGCUGGAGAAGACUUAUUCUGCCAAGCUGG,0.6699999999999999,"-1.2,-2.08,-10.48,0,0,-185.55999999999995,0.42105263157894735,0,0.05263157894736842,0,0,0.0,-0.93,0.05555555555555555,1,1,0.1111111111111111,-1.33,0,0.05555555555555555,0,-2.08,0.16666666666666666,1",0,-33.51,-8.09,-1.2,nan,47.4
CUUGACUGGCGACGUAAUC,GACGGAAAAAGAGAUCGUGGAUUACGUCGCCAGUCAAGUAACAACCGCGAAAAAGUU,1.0,"0.27,-2.08,-10.48,0,0,-190.00999999999996,0.2631578947368421,0,0.2631578947368421,0,0,0.05555555555555555,-0.93,0.05555555555555555,1,1,0.0,-2.35,0,0.05555555555555555,0,-2.36,0.05555555555555555,0",1,-33.75,-7.28,0.27,nan,52.6
CUUGAGGCUGUUGUCAUAC,UGGGUGUGAACCAUGAGAAGUAUGACAACAGCCUCAAGAUCAUCAGCAAUGCCUCCU,0.851615508885299,"0.16,-2.08,-10.48,0,0,-187.65,0.3684210526315789,0,0.2631578947368421,0,0,0.05555555555555555,-0.93,0.05555555555555555,1,1,0.0,-2.24,0,0.05555555555555555,0,-2.24,0.1111111111111111,0",1,-32.98,-9.61,0.16,nan,47.4
CUUGCGUCGAGUUUUCCGG,GAAGUACCGAAAGGUCUUACCGGAAAACUCGACGCAAGAAAAAUCAGAGAGAUCCUC,0.9911147011308564,"0.73,-2.08,-10.48,0,0,-188.76999999999998,0.3684210526315789,0,0.3157894736842105,0,0,0.05555555555555555,-0.93,0.0,1,1,0.05555555555555555,-3.26,0,0.05555555555555555,0,-0.93,0.2222222222222222,0",1,-34.45,-8.87,0.73,nan,57.9
CUUUCUCUCCUGUAGCUAA,AGUGGAUAAUUUUGUGGCCUUAGCUACAGGAGAGAAAGGAUUUGGCUACAAAAACAG,0.4725363489499193,"-1.6,-2.08,-10.48,0,0,-178.81999999999996,0.42105263157894735,0,0.10526315789473684,0,0,0.0,-0.93,0.1111111111111111,1,1,0.05555555555555555,-0.93,0,0.05555555555555555,0,-1.33,0.1111111111111111,1",0,-31.47,-5.73,-1.6,nan,42.1
GAAAAAAACCAAAGGGUUA,GCUUGAAGCCAAAGAAAAAUAACCCUUUGGUUUUUUUCUUCUGUAUUUUUUUUUUCU,0.52,"-1.47,-2.35,-12.44,0,1,-158.06999999999996,0.10526315789473684,0,0.21052631578947367,0,0,0.1111111111111111,-0.93,0.05555555555555555,0,0,0.05555555555555555,-1.33,0,0.0,0,-2.08,0.05555555555555555,1",0,-25.96,-0.59,-1.47,nan,31.6
GAACAUGAUCGUCUCAGUC,GCAGGGCUUACCGGGCACUGACUGAGACGAUCAUGUUCGACGACGCCAUUGAGAGGG,0.9693877551020408,"0.0,-2.35,-12.44,0,1,-193.73,0.2631578947368421,0,0.21052631578947367,0,0,0.0,-0.93,0.0,0,0,0.0,-2.35,0,0.0,0,-2.08,0.0,0",1,-32.71,-5.85,0.0,nan,47.4
GAACAUGGGGGCAUCAGCA,UCAUCAUCUCUGCCCCCUCUGCUGAUGCCCCCAUGUUCGUCAUGGGUGUGAACCAUG,0.3273828756058159,"-1.14,-2.35,-12.44,0,1,-200.52999999999997,0.10526315789473684,0,0.3684210526315789,0,0,0.2222222222222222,-0.93,0.0,0,0,0.0,-2.11,0,0.1111111111111111,0,-1.1,0.0,1",0,-38.04,-7.21,-1.14,nan,57.9
GAAGCGCUCACCGUAGAUG,AUGGCACAGGAGGAAAGAGCAUCUACGGUGAGCGCUUCCCCGAUGAGAACUUCAAAC,0.9434571890145398,"-0.24,-2.35,-12.44,0,1,-197.14999999999998,0.15789473684210525,0,0.3157894736842105,0,0,0.0,-0.93,0.05555555555555555,0,0,0.05555555555555555,-2.11,0,0.1111111111111111,0,-2.24,0.0,0",1,-36.08,-9.3,-0.24,nan,57.9
GAAGUCUCCGCCCUGGAUC,GUGUAAUCAAGGACUUCAUGAUCCAGGGCGGAGACUUCACCAGGGGAGAUGGCACAG,0.9733441033925688,"0.0,-2.35,-12.44,0,1,-207.14999999999998,0.21052631578947367,0,0.2631578947368421,0,0,0.05555555555555555,-0.93,0.0,0,0,0.16666666666666666,-2.35,0,0.05555555555555555,0,-2.08,0.0,0",1,-39.1,-7.49,0.0,nan,63.2
GAAUAAGUCUUCUCCAGCU,GUGGAGCAGUAUAAGAAGGAGCUGGAGAAGACUUAUUCUGCCAAGCUGGACAAUGCC,0.96,"-1.17,-2.35,-12.44,0,1,-182.47,0.3157894736842105,0,0.15789473684210525,0,0,0.0,-0.93,0.05555555555555555,0,0,0.05555555555555555,-2.08,0,0.05555555555555555,0,-2.35,0.05555555555555555,0",1,-31.51,-3.62,-1.17,nan,42.1
GAAUUUGCUGUUUUUGUAG,CAGGAGAGAAAGGAUUUGGCUACAAAAACAGCAAAUUCCAUCGUGUAAUCAAGGACU,0.7996768982229403,"-0.27,-2.35,-12.44,0,1,-163.59999999999997,0.5263157894736842,0,0.2631578947368421,0,0,0.0,-0.93,0.05555555555555555,0,0,0.0,-2.08,0,0.05555555555555555,0,-0.93,0.3333333333333333,0",1,-25.59,-4.88,-0.27,nan,31.6
GACCUUUCGGUACUUCGUC,CGGAGGAGUUGUGUUUGUGGACGAAGUACCGAAAGGUCUUACCGGAAAACUCGACGC,0.9491114701130858,"0.0,-2.35,-12.44,0,1,-188.92,0.3684210526315789,0,0.21052631578947367,0,0,0.05555555555555555,-2.24,0.05555555555555555,0,0,0.05555555555555555,-2.35,0,0.0,0,-2.08,0.16666666666666666,0",1,-33.79,-7.25,0.0,nan,52.6
GACGCACCCGACGCAGCAC,GUGUGAGUCGGAGCUGCGUGUGCUGCGUCGGGUGCGUCAUGCCAACAUCAUCCAGCU,0.85,"-0.11,-2.35,-12.44,0,1,-212.01,0.0,0,0.2631578947368421,0,0,0.0,-2.24,0.0,0,0,0.1111111111111111,-2.24,0,0.16666666666666666,0,-3.42,0.0,0",1,-41.84,-11.09,-0.11,nan,73.7
GACGUAAUCCACGAUCUCU,GAAAGACGAUGACGGAAAAAGAGAUCGUGGAUUACGUCGCCAGUCAAGUAACAACCG,0.8933764135702749,"-1.17,-2.35,-12.44,0,1,-188.40999999999997,0.2631578947368421,0,0.15789473684210525,0,0,0.0,-2.24,0.05555555555555555,0,0,0.05555555555555555,-2.08,0,0.0,0,-2.35,0.0,0",1,-32.64,-5.21,-1.17,nan,47.4
GAGAUGAUGACCCUUUUGG,GCUCAUUUGCAGGGGGGAGCCAAAAGGGUCAUCAUCUCUGCCCCCUCUGCUGAUGCC,0.983037156704362,"0.46,-2.35,-12.44,0,1,-189.21999999999997,0.3157894736842105,0,0.3157894736842105,0,0,0.05555555555555555,-2.08,0.0,0,0,0.1111111111111111,-3.26,0,0.0,0,-2.08,0.16666666666666666,0",1,-32.81,-6.1,0.46,nan,47.4
GAGCUCCUGCAGGUCCUCC,UCACCCGGCUGCAGGAGAAGGAGGACCUGCAGGAGCUCAAUGAUCGCUUGGCGGUCU,0.83,"0.46,-2.35,-12.44,0,1,-214.15000000000003,0.21052631578947367,0,0.2631578947368421,0,0,0.05555555555555555,-2.08,0.0,0,0,0.16666666666666666,-3.26,0,0.1111111111111111,0,-2.24,0.0,0",1,-42.05,-10.28,0.46,nan,68.4
GAGGAAGAGGCCCUGUCCC,GCCUCCCUGAACCUAUCCCGGGACAGGGCCUCUUCCUCGGCCUUCCCAUAUUGGUGG,0.7578947368421053,"0.46,-2.35,-12.44,0,1,-211.95,0.10526315789473684,0,0.3684210526315789,0,0,0.1111111111111111,-2.08,0.0,0,0,0.2222222222222222,-3.26,0,0.05555555555555555,0,-2.08,0.0,0",1,-41.89,-8.06,0.46,nan,68.4
GAGGAGCUCAGCGUCGACU,XXXXXXXXXXXXGCGCCCCAGUCGACGCUGAGCUCCUCUGCUACUCAGAGUUGCAAC,0.2105263157894736,"-1.17,-2.35,-12.44,0,1,-204.94,0.15789473684210525,0,0.3684210526315789,0,0,0.05555555555555555,-2.08,0.0,0,0,0.0,-2.08,0,0.1111111111111111,0,-2.24,0.0,0",0,-39.02,-10.28,-1.17,nan,63.2
GAGGCGUGGCUUGUGUGUU,AGGGACCCCCAUGAAACCGAACACACAAGCCACGCCUCCCUGAACCUAUCCCGGGAC,0.2210526315789473,"-1.87,-2.35,-12.44,0,1,-194.25,0.3684210526315789,0,0.47368421052631576,0,0,0.1111111111111111,-2.08,0.0,0,0,0.0,-0.93,0,0.1111111111111111,0,-2.24,0.1111111111111111,0",0,-36.95,-10.93,-1.87,nan,57.9
GAGUUUUCCGGUAAGACCU,UUGUGGACGAAGUACCGAAAGGUCUUACCGGAAAACUCGACGCAAGAAAAAUCAGAG,0.9523424878836836,"-1.17,-2.35,-12.44,0,1,-181.41,0.3157894736842105,0,0.2631578947368421,0,0,0.05555555555555555,-2.08,0.05555555555555555,0,0,0.1111111111111111,-2.08,0,0.0,0,-0.93,0.16666666666666666,0",1,-32.66,-4.92,-1.17,nan,47.4
GAUCUCUCUGAUUUUUCUU,UUACCGGAAAACUCGACGCAAGAAAAAUCAGAGAGAUCCUCAUAAAGGCCAAGAAGG,0.7746365105008077,"-1.87,-2.35,-12.44,0,1,-172.52999999999994,0.5789473684210527,0,0.10526315789473684,0,0,0.0,-1.1,0.0,0,0,0.0,-0.93,0,0.0,0,-0.93,0.2777777777777778,0",1,-26.84,-7.77,-1.87,nan,31.6
GAUCUCUUUUUCCGUCAUC,UUUUGGAGCACGGAAAGACGAUGACGGAAAAAGAGAUCGUGGAUUACGUCGCCAGUC,0.6090468497576738,"0.0,-2.35,-12.44,0,1,-183.89999999999998,0.47368421052631576,0,0.10526315789473684,0,0,0.0,-1.1,0.0,0,0,0.05555555555555555,-2.35,0,0.0,0,-2.36,0.2222222222222222,0",0,-30.06,-5.9,0.0,nan,42.1
GAUGAAGUGCUUGUACACG,UCAGUGGCACUAAGAGUGACGUGUACAAGCACUUCAUCACAGAGGUGGACAGUGUUG,0.85,"-0.44,-2.35,-12.44,0,1,-185.82,0.2631578947368421,0,0.3157894736842105,0,0,0.0,-1.1,0.05555555555555555,0,0,0.0,-2.36,0,0.05555555555555555,0,-2.24,0.05555555555555555,0",1,-32.24,-5.82,-0.44,nan,47.4
GAUGGAAUUUGCUGUUUUU,AGAGAAAGGAUUUGGCUACAAAAACAGCAAAUUCCAUCGUGUAAUCAAGGACUUCAU,0.2859450726978998,"-1.87,-2.35,-12.44,0,1,-165.51999999999995,0.5263157894736842,0,0.2631578947368421,0,0,0.05555555555555555,-1.1,0.0,0,0,0.0,-0.93,0,0.05555555555555555,0,-2.11,0.3333333333333333,0",0,-26.2,-5.86,-1.87,nan,31.6
GAUUACACGAUGGAAUUUG,GAUUUGGCUACAAAAACAGCAAAUUCCAUCGUGUAAUCAAGGACUUCAUGAUCCAGG,0.9701130856219712,"-0.24,-2.35,-12.44,0,1,-174.96999999999997,0.3157894736842105,0,0.2631578947368421,0,0,0.05555555555555555,-1.1,0.05555555555555555,0,0,0.0,-2.11,0,0.0,0,-2.35,0.16666666666666666,0",1,-27.74,-5.41,-0.24,nan,36.8
GCACUUGGCAAAGCCGCCC,GGGGCCGCUUUUUGGGCAAGGGCGGCUUUGCCAAGUGCUUCGAGAUCUCGGACGCGG,0.4718901453957997,"-0.16,-3.42,-14.88,0,1,-204.24999999999994,0.10526315789473684,0,0.2631578947368421,0,1,0.05555555555555555,-2.11,0.0,0,0,0.16666666666666666,-3.26,0,0.2222222222222222,0,-3.42,0.05555555555555555,0",0,-40.51,-8.64,-0.16,nan,68.4
GCAGAAUAAGUCUUCUCCA,GAGCAGUAUAAGAAGGAGCUGGAGAAGACUUAUUCUGCCAAGCUGGACAAUGCCAGG,0.81,"-1.76,-3.42,-14.88,0,1,-182.43,0.2631578947368421,0,0.15789473684210525,0,1,0.0,-2.11,0.05555555555555555,0,0,0.05555555555555555,-2.11,0,0.05555555555555555,0,-0.93,0.05555555555555555,1",1,-31.54,-5.36,-1.76,nan,42.1
GCCAAAUCCUUUCUCUCCU,AUUUUGUGGCCUUAGCUACAGGAGAGAAAGGAUUUGGCUACAAAAACAGCAAAUUCC,0.938610662358643,"-1.79,-3.42,-14.88,0,1,-186.49999999999997,0.3684210526315789,0,0.05263157894736842,0,1,0.0,-3.26,0.0,0,0,0.16666666666666666,-2.08,0,0.05555555555555555,0,-2.08,0.1111111111111111,0",1,-33.31,-6.59,-1.79,nan,47.4
GCCACAAAAUUAUCCACUG,GGAAAGACUGUUCCAAAAACAGUGGAUAAUUUUGUGGCCUUAGCUACAGGAGAGAAA,0.5452342487883683,"-0.86,-3.42,-14.88,0,1,-179.26,0.21052631578947367,0,0.10526315789473684,0,1,0.0,-3.26,0.05555555555555555,0,0,0.1111111111111111,-2.11,0,0.05555555555555555,0,-2.35,0.05555555555555555,0",0,-30.45,-7.04,-0.86,nan,42.1
GCCACAGUAUUUGUAGUGC,CAGGUGGCCGGCGCUUCAGGCACUACAAAUACUGUGGCAGCAUAUAAUUUAACUUGG,0.25,"0.0,-3.42,-14.88,0,1,-186.26,0.3157894736842105,0,0.2631578947368421,0,1,0.0,-3.26,0.1111111111111111,0,0,0.05555555555555555,-3.42,0,0.1111111111111111,0,-2.24,0.1111111111111111,0",0,-33.19,-9.5,0.0,nan,47.4
GCCCCAGGUGUUCUGUGCC,CUACCGACCUGGUGUGGAAGGCACAGAACACCUGGGGCUGCGGGAACAGCCUGCGUA,0.86,"-0.16,-3.42,-14.88,0,1,-209.27999999999997,0.2631578947368421,0,0.3157894736842105,0,1,0.05555555555555555,-3.26,0.0,0,0,0.2222222222222222,-3.26,0,0.1111111111111111,0,-2.08,0.05555555555555555,0",1,-41.65,-13.14,-0.16,nan,68.4
GCGACGUAAUCCACGAUCU,AAGACGAUGACGGAAAAAGAGAUCGUGGAUUACGUCGCCAGUCAAGUAACAACCGCG,0.765751211631664,"-1.79,-3.42,-14.88,0,1,-191.00999999999996,0.21052631578947367,0,0.21052631578947367,0,1,0.0,-2.36,0.05555555555555555,0,0,0.05555555555555555,-2.08,0,0.05555555555555555,0,-2.24,0.0,0",1,-33.99,-8.34,-1.79,nan,52.6
GCGAGAGGCGGACGGGACC,XCCUCCCCUCGCCCGGCGCGGUCCCGUCCGCCUCUCGCUCGCCUCCCGCCUCCCCUC,0.2105263157894736,"-0.16,-3.42,-14.88,0,1,-218.54000000000002,0.0,0,0.5263157894736842,0,1,0.2222222222222222,-2.36,0.0,0,0,0.05555555555555555,-3.26,0,0.1111111111111111,0,-2.36,0.0,0",0,-44.17,-10.39,-0.16,nan,78.9
GCGGUUGUUACUUGACUGG,GAGAUCGUGGAUUACGUCGCCAGUCAAGUAACAACCGCGAAAAAGUUGCGCGGAGGA,0.7584814216478191,"-0.16,-3.42,-14.88,0,1,-187.16000000000003,0.3684210526315789,0,0.3684210526315789,0,1,0.1111111111111111,-2.36,0.05555555555555555,0,0,0.0,-3.26,0,0.05555555555555555,0,-2.11,0.16666666666666666,0",1,-34.13,-8.6,-0.16,nan,52.6
GCUAAGCAGUUGGUGGUGC,AUCAUCAGCAAUGCCUCCUGCACCACCAACUGCUUAGCACCCCUGGCCAAGGUCAUC,0.5363489499192247,"0.0,-3.42,-14.88,0,1,-196.54,0.2631578947368421,0,0.42105263157894735,0,1,0.1111111111111111,-2.08,0.05555555555555555,0,0,0.0,-3.42,0,0.16666666666666666,0,-2.24,0.05555555555555555,0",0,-37.28,-7.41,0.0,nan,57.9
GCUAAGGCCACAAAAUUAU,ACUGUUCCAAAAACAGUGGAUAAUUUUGUGGCCUUAGCUACAGGAGAGAAAGGAUUU,0.4894991922455574,"-2.32,-3.42,-14.88,0,1,-170.68999999999997,0.21052631578947367,0,0.15789473684210525,0,1,0.05555555555555555,-2.08,0.1111111111111111,0,0,0.05555555555555555,-1.1,0,0.1111111111111111,0,-0.93,0.05555555555555555,0",0,-28.95,-9.01,-2.32,nan,36.8
GCUCAUUCCAGGCAUCCCA,CUUCACGGGCAAGGCCAAGUGGGAUGCCUGGAAUGAGCUGAAAGGGACUUCCAAGGA,0.2641357027463652,"-1.76,-3.42,-14.88,0,1,-201.60999999999996,0.21052631578947367,0,0.15789473684210525,0,1,0.05555555555555555,-2.08,0.0,0,0,0.16666666666666666,-2.11,0,0.1111111111111111,0,-2.11,0.05555555555555555,1",0,-38.12,-6.83,-1.76,nan,57.9
GCUCUUUCCUCCUGUGCCA,GAGACUUCACCAGGGGAGAUGGCACAGGAGGAAAGAGCAUCUACGGUGAGCGCUUCC,0.6760904684975768,"-1.76,-3.42,-14.88,0,1,-198.2,0.3684210526315789,0,0.15789473684210525,0,1,0.0,-2.08,0.0,0,0,0.16666666666666666,-2.11,0,0.1111111111111111,0,-2.11,0.1111111111111111,1",0,-37.88,-6.63,-1.76,nan,57.9
GCUGAGGUUGCAACUCUGA,CGCUGAGCUCCUCUGCUACUCAGAGUUGCAACCUCAGCCUCGCUAUGGCUCCCAGCA,0.2210526315789473,"-1.52,-3.42,-14.88,0,1,-193.25999999999996,0.2631578947368421,0,0.3157894736842105,0,1,0.05555555555555555,-2.08,0.0,0,0,0.0,-2.35,0,0.1111111111111111,0,-2.24,0.05555555555555555,1",0,-35.71,-9.58,-1.52,nan,52.6
GCUGUUUUUGUAGCCAAAU,UAGCUACAGGAGAGAAAGGAUUUGGCUACAAAAACAGCAAAUUCCAUCGUGUAAUCA,0.3360258481421648,"-2.32,-3.42,-14.88,0,1,-168.89,0.42105263157894735,0,0.21052631578947367,0,1,0.0,-2.08,0.05555555555555555,0,0,0.05555555555555555,-1.1,0,0.1111111111111111,0,-3.42,0.2222222222222222,0",0,-28.54,-4.68,-2.32,nan,36.8
GCUUGCGCAUGGCCACUUC,CAUCAACUCCACUGGGGAAGAAGUGGCCAUGCGCAAGCUGGUGCGCUCAGUGACUGU,0.7,"-0.62,-3.42,-14.88,0,1,-202.90999999999997,0.2631578947368421,0,0.2631578947368421,0,1,0.05555555555555555,-2.08,0.0,0,0,0.05555555555555555,-2.35,0,0.2222222222222222,0,-3.26,0.1111111111111111,0",0,-38.62,-10.23,-0.62,nan,63.2
GCUUUCUCUGGAAUGCCUG,CUCCAGGUGACCGCGGGUGCAGGCAUUCCAGAGAAAGCGUUUAAUUUAACUUGGAUA,0.85,"-0.86,-3.42,-14.88,0,1,-193.32999999999996,0.3684210526315789,0,0.2631578947368421,0,1,0.05555555555555555,-2.08,0.0,0,0,0.05555555555555555,-2.11,0,0.1111111111111111,0,-1.1,0.1111111111111111,0",1,-34.86,-6.63,-0.86,nan,52.6
GGAAAGUCAGUAAUCGUUU,UCUAACAGAUUAGGGGCUAAAACGAUUACUGACUUUCCUUGAGUAGUUUUUAUCUGA,0.0744749596122779,"-2.33,-3.26,-13.39,0,1,-170.79,0.3157894736842105,0,0.2631578947368421,1,0,0.05555555555555555,-2.35,0.05555555555555555,0,0,0.0,-0.93,0,0.0,0,-1.1,0.1111111111111111,0",0,-28.2,-6.79,-2.33,nan,36.8
GGAAGUUGUACUUGGCAAU,GCCAUCCGGUACAGAAUGUAUUGCCAAGUACAACUUCCACGGCACUGCCGAGCAGGA,0.25,"-2.16,-3.26,-13.39,0,1,-177.59999999999997,0.3157894736842105,0,0.3157894736842105,1,0,0.1111111111111111,-2.35,0.05555555555555555,0,0,0.0,-1.1,0,0.05555555555555555,0,-2.11,0.1111111111111111,0",0,-31.11,-6.55,-2.16,nan,42.1
GGAAUACUGUAUUCAUUCU,ACCUACCUCCGGAUCAAGAAGAAUGAAUACAGUAUUCCCAAGCACAUCAACCCCGUG,0.6927302100161552,"-1.63,-3.26,-13.39,0,1,-171.99999999999997,0.42105263157894735,0,0.15789473684210525,1,0,0.05555555555555555,-2.35,0.1111111111111111,0,0,0.0,-2.08,0,0.0,0,-2.35,0.1111111111111111,0",0,-27.38,-5.49,-1.63,nan,31.6
GGAAUAUAUCUUCACCUUU,AGUUUGUGGUCUGCCAGCUAAAGGUGAAGAUAUAUUCCUCCAAUUCAGGACCCACAC,0.3052631578947368,"-2.33,-3.26,-13.39,0,1,-170.36999999999998,0.42105263157894735,0,0.10526315789473684,1,0,0.05555555555555555,-2.35,0.1111111111111111,0,0,0.05555555555555555,-0.93,0,0.0,0,-2.11,0.16666666666666666,0",0,-27.22,-3.6,-2.33,nan,31.6
GGAGGCAUUGCUGAUGAUC,AGUAUGACAACAGCCUCAAGAUCAUCAGCAAUGCCUCCUGCACCACCAACUGCUUAG,0.7964458804523427,"-0.46,-3.26,-13.39,0,1,-200.37,0.2631578947368421,0,0.3684210526315789,1,0,0.1111111111111111,-2.35,0.0,0,0,0.0,-2.35,0,0.1111111111111111,0,-2.35,0.05555555555555555,0",1,-35.5,-9.78,-0.46,nan,52.6
GGAUAUUUCCAUGGACAUC,AGCCGCACCAGAGGGAGAAGAUGUCCAUGGAAAUAUCCAUUCACCGCAGCCUCGCCC,0.57875605815832,"-0.46,-3.26,-13.39,0,1,-187.89,0.3157894736842105,0,0.21052631578947367,1,0,0.1111111111111111,-2.35,0.05555555555555555,0,0,0.05555555555555555,-2.35,0,0.0,0,-3.26,0.1111111111111111,0",0,-31.25,-3.2,-0.46,nan,42.1
GGAUCAUGAAGUCCUUGAU,CAGCAAAUUCCAUCGUGUAAUCAAGGACUUCAUGAUCCAGGGCGGAGACUUCACCAG,0.7609046849757675,"-2.16,-3.26,-13.39,0,1,-187.10999999999999,0.3157894736842105,0,0.2631578947368421,1,0,0.05555555555555555,-2.35,0.0,0,0,0.05555555555555555,-1.1,0,0.0,0,-3.26,0.05555555555555555,0",1,-31.62,-7.03,-2.16,nan,42.1
GGAUGACCUUGGCCAGGGG,CACCACCAACUGCUUAGCACCCCUGGCCAAGGUCAUCCAUGACAACUUUGGUAUCGU,0.2042810985460419,"0.0,-3.26,-13.39,0,1,-209.76,0.15789473684210525,0,0.47368421052631576,1,0,0.2777777777777778,-2.35,0.0,0,0,0.1111111111111111,-3.26,0,0.05555555555555555,0,-3.26,0.05555555555555555,0",0,-41.61,-9.32,0.0,nan,68.4
GGAUUGUUUACAUAACCGG,AGAGGUCCUAUGAUUAUGUCCGGUUAUGUAAACAAUCCGGAAGCGACCAACGCCUUG,0.5605815831987077,"0.0,-3.26,-13.39,0,1,-176.14,0.3157894736842105,0,0.2631578947368421,1,0,0.1111111111111111,-2.35,0.1111111111111111,0,0,0.05555555555555555,-3.26,0,0.0,0,-1.33,0.16666666666666666,0",0,-29.92,-5.12,0.0,nan,42.1
GGCACCAGGUCCAUGAUCU,UGUGGGGACUGAACCUGGAAGAUCAUGGACCUGGUGCCCCUGCUCACUGGGCCCGAG,0.85,"-1.63,-3.26,-13.39,0,1,-202.70999999999998,0.21052631578947367,0,0.2631578947368421,1,0,0.1111111111111111,-3.42,0.0,0,0,0.1111111111111111,-2.08,0,0.05555555555555555,0,-1.1,0.0,0",1,-38.25,-11.13,-1.63,nan,57.9
GGCAGAAUAAGUCUUCUCC,AGCAGUAUAAGAAGGAGCUGGAGAAGACUUAUUCUGCCAAGCUGGACAAUGCCAGGC,0.95,"0.0,-3.26,-13.39,0,1,-189.09999999999997,0.2631578947368421,0,0.21052631578947367,1,0,0.05555555555555555,-3.42,0.05555555555555555,0,0,0.05555555555555555,-3.26,0,0.05555555555555555,0,-2.08,0.05555555555555555,0",1,-33.14,-7.45,0.0,nan,47.4
GGCCAGGCAGGGGUCUCCA,CGCCGCCAACUGGUAGACAUGGAGACCCCUGCCUGGCCCCGGGUCCCGCGCCCCGAG,0.25,"-1.6,-3.26,-13.39,0,1,-215.2,0.10526315789473684,0,0.42105263157894735,1,0,0.2777777777777778,-3.42,0.0,0,0,0.1111111111111111,-2.11,0,0.1111111111111111,0,-2.24,0.0,1",0,-44.63,-13.46,-1.6,nan,73.7
GGCCUCAGCAUACCCAAUA,AAUACUGAAACUUGCUGCCUAUUGGGUAUGCUGAGGCCCACAGACUUACAGAAGAAG,0.6631578947368422,"-1.93,-3.26,-13.39,0,1,-193.06999999999994,0.15789473684210525,0,0.15789473684210525,1,0,0.05555555555555555,-3.42,0.1111111111111111,0,0,0.16666666666666666,-1.33,0,0.1111111111111111,0,-3.26,0.0,1",0,-36.21,-11.21,-1.93,nan,52.6
GGCCUUUAUGAGGAUCUCU,UCGACGCAAGAAAAAUCAGAGAGAUCCUCAUAAAGGCCAAGAAGGGCGGAAAGAUCG,0.5371567043618741,"-1.63,-3.26,-13.39,0,1,-189.92999999999998,0.3684210526315789,0,0.2631578947368421,1,0,0.1111111111111111,-3.42,0.05555555555555555,0,0,0.05555555555555555,-2.08,0,0.05555555555555555,0,-2.35,0.1111111111111111,0",0,-33.88,-7.41,-1.63,nan,47.4
GGCGAGGCGUGCUGCACUC,GGAGUGGUAACCACCACACGAGUGCAGCACGCCUCGCCAGCCGGCACCUACGCCCAC,0.0510204081632653,"-0.46,-3.26,-13.39,0,1,-214.40999999999997,0.15789473684210525,0,0.42105263157894735,1,0,0.1111111111111111,-3.42,0.0,0,0,0.0,-2.35,0,0.2222222222222222,0,-2.11,0.0,0",0,-42.58,-12.8,-0.46,nan,73.7
GGCGCCGGGCCUUUCUUUA,AUGGAAGACGCCAAAAACAUAAAGAAAGGCCCGGCGCCAUUCUAUCCGCUGGAAGAU,0.02,"-1.93,-3.26,-13.39,0,1,-193.90999999999997,0.3157894736842105,0,0.3157894736842105,1,0,0.16666666666666666,-3.42,0.05555555555555555,0,0,0.1111111111111111,-1.33,0,0.16666666666666666,0,-0.93,0.2222222222222222,1",0,-38.3,-13.99,-1.93,nan,63.2
GGCGUUGGUCGCUUCCGGA,UGUCCGGUUAUGUAAACAAUCCGGAAGCGACCAACGCCUUGAUUGACAAGGAUGGAU,0.9491114701130858,"-1.36,-3.26,-13.39,0,1,-202.58999999999997,0.2631578947368421,0,0.42105263157894735,1,0,0.16666666666666666,-3.42,0.0,0,0,0.05555555555555555,-2.35,0,0.1111111111111111,0,-0.93,0.1111111111111111,1",1,-40.0,-10.23,-1.36,nan,68.4
GGGAAGCGCUCACCGUAGA,GGCACAGGAGGAAAGAGCAUCUACGGUGAGCGCUUCCCCGAUGAGAACUUCAAACUG,0.247172859450727,"-1.36,-3.26,-13.39,0,1,-200.39,0.10526315789473684,0,0.3684210526315789,1,0,0.1111111111111111,-3.26,0.05555555555555555,0,0,0.05555555555555555,-2.35,0,0.1111111111111111,0,-3.26,0.0,1",0,-38.94,-10.31,-1.36,nan,63.2
GGGAGCUUUUUUUGCACGU,GGGUUGCAAAAAAUUUUGAACGUGCAAAAAAAGCUCCCAAUCAUCCAAAAAAUUAUU,0.28,"-1.47,-3.26,-13.39,0,1,-177.85,0.42105263157894735,0,0.3157894736842105,1,0,0.1111111111111111,-3.26,0.0,0,0,0.0,-2.24,0,0.1111111111111111,0,-2.11,0.3333333333333333,0",0,-31.97,-9.58,-1.47,nan,47.4
GGGCCUUUCUUUAUGUUUU,GCCACCAUGGAAGACGCCAAAAACAUAAAGAAAGGCCCGGCGCCAUUCUAUCCGCUG,0.06,"-2.33,-3.26,-13.39,0,1,-167.76999999999998,0.5789473684210527,0,0.21052631578947367,1,0,0.1111111111111111,-3.26,0.05555555555555555,0,0,0.05555555555555555,-0.93,0,0.05555555555555555,0,-1.1,0.3888888888888889,0",0,-28.46,-9.34,-2.33,nan,36.8
GGGGAGUUCUCCUUCCAGC,AAGGCAGGAGUGGGGCAGAGCUGGAAGGAGAACUCCCCACUGAAUGUUUCAUAAAGG,0.25,"0.16,-3.26,-13.39,0,1,-205.37999999999997,0.2631578947368421,0,0.3157894736842105,1,0,0.16666666666666666,-3.26,0.0,0,0,0.1111111111111111,-3.42,0,0.05555555555555555,0,-0.93,0.1111111111111111,0",0,-39.56,-9.58,0.16,nan,63.2
GGGGCCGCAGCUUACACAU,GCAGCUCAGCCUUAAGAACAUGUGUAAGCUGCGGCCCCUGCUGGAGAAGUGGGUGGA,0.25,"-2.16,-3.26,-13.39,0,1,-200.48,0.15789473684210525,0,0.3157894736842105,1,0,0.16666666666666666,-3.26,0.05555555555555555,0,0,0.05555555555555555,-1.1,0,0.16666666666666666,0,-1.33,0.05555555555555555,0",0,-39.45,-14.89,-2.16,nan,63.2
GGUACUUCGUCCACAAACA,AAGUUGCGCGGAGGAGUUGUGUUUGUGGACGAAGUACCGAAAGGUCUUACCGGAAAA,0.51453957996769,"-1.6,-3.26,-13.39,0,1,-181.92,0.21052631578947367,0,0.15789473684210525,1,0,0.05555555555555555,-2.24,0.05555555555555555,0,0,0.05555555555555555,-2.11,0,0.0,0,-2.24,0.05555555555555555,1",0,-32.77,-7.08,-1.6,nan,47.4
GGUUCUCAAAGUACACCUC,CAAGCUCAGCAUCGACGAGGAGGUGUACUUUGAGAACCUCAUGCAGCUGGUGGAGCA,0.25,"-0.46,-3.26,-13.39,0,1,-186.55999999999997,0.2631578947368421,0,0.15789473684210525,1,0,0.05555555555555555,-2.24,0.05555555555555555,0,0,0.05555555555555555,-2.35,0,0.0,0,-2.24,0.05555555555555555,0",0,-33.02,-7.52,-0.46,nan,47.4
GGUUGUUACUUGACUGGCG,AAGAGAUCGUGGAUUACGUCGCCAGUCAAGUAACAACCGCGAAAAAGUUGCGCGGAG,0.8667205169628434,"-0.9,-3.26,-13.39,0,1,-187.15999999999997,0.3684210526315789,0,0.3684210526315789,1,0,0.1111111111111111,-2.24,0.05555555555555555,0,0,0.0,-2.36,0,0.05555555555555555,0,-2.24,0.16666666666666666,0",1,-34.13,-5.24,-0.9,nan,52.6
GUAAAUAGCUGGAGAUGGU,GCUGGACUCUGGACCAUAUACCAUCUCCAGCUAUUUACACACACCUUUCUUUAGCAU,0.2736842105263158,"-0.9,-2.24,-11.4,0,1,-182.10999999999999,0.2631578947368421,0,0.3684210526315789,0,0,0.1111111111111111,-1.33,0.1111111111111111,1,0,0.0,-2.24,0,0.05555555555555555,0,-2.08,0.0,0",0,-31.76,-3.16,-0.9,nan,42.1
GUAAGACCUUUCGGUACUU,GGAGUUGUGUUUGUGGACGAAGUACCGAAAGGUCUUACCGGAAAACUCGACGCAAGA,0.7439418416801293,"-1.76,-2.24,-11.4,0,1,-174.67,0.3684210526315789,0,0.21052631578947367,0,0,0.05555555555555555,-1.33,0.1111111111111111,1,0,0.05555555555555555,-0.93,0,0.0,0,-3.26,0.16666666666666666,0",1,-30.62,-7.65,-1.76,nan,42.1
GUAAGCUUUCAUGGCAUCU,UGAAAGGGACUUCCAAGGAAGAUGCCAUGAAAGCUUACAUCAACAAAGUAGAAGAGC,0.1508077544426495,"-1.06,-2.24,-11.4,0,1,-181.76999999999998,0.3684210526315789,0,0.21052631578947367,0,0,0.05555555555555555,-1.33,0.05555555555555555,1,0,0.0,-2.08,0,0.1111111111111111,0,-3.26,0.1111111111111111,0",0,-31.39,-5.78,-1.06,nan,42.1
GUAAUCUCUGAACCUGUGA,UAUAUGGACUGGUAAUGGUUCACAGGUUCAGAGAUUACCCAGUGAGGCCUUAUUCCU,0.5684210526315789,"-0.79,-2.24,-11.4,0,1,-183.49,0.3157894736842105,0,0.21052631578947367,0,0,0.0,-1.33,0.05555555555555555,1,0,0.05555555555555555,-2.35,0,0.0,0,-3.26,0.0,1",0,-31.7,-5.6,-0.79,nan,42.1
GUACUUAAUCAGAGACUUC,UCUUCAUCGUUGACCGCCUGAAGUCUCUGAUUAAGUACAAAGGCUAUCAGGUGGCUC,0.5046042003231019,"0.11,-2.24,-11.4,0,1,-177.92999999999998,0.3157894736842105,0,0.15789473684210525,0,0,0.0,-1.33,0.1111111111111111,1,0,0.0,-2.35,0,0.0,0,-2.08,0.1111111111111111,0",0,-29.01,-3.85,0.11,nan,36.8
GUAGAUGCUCUUUCCUCCU,UCACCAGGGGAGAUGGCACAGGAGGAAAGAGCAUCUACGGUGAGCGCUUCCCCGAUG,0.7003231017770598,"-1.06,-2.24,-11.4,0,1,-189.04,0.42105263157894735,0,0.15789473684210525,0,0,0.0,-1.33,0.05555555555555555,1,0,0.1111111111111111,-2.08,0,0.05555555555555555,0,-2.35,0.1111111111111111,0",1,-33.84,-7.85,-1.06,nan,47.4
GUAGCAAAACCUUUCGGAA,GCAGUUGGCUAAGAGAGGUUUCCGAAAGGUUUUGCUACCAUUCUAAUGCAUGUAUUC,0.5473684210526315,"-1.76,-2.24,-11.4,0,1,-172.65999999999997,0.21052631578947367,0,0.21052631578947367,0,0,0.05555555555555555,-1.33,0.05555555555555555,1,0,0.05555555555555555,-0.93,0,0.05555555555555555,0,-0.93,0.1111111111111111,1",0,-30.12,-5.81,-1.76,nan,42.1
GUAGGAGCGGGUGACCAGA,GUGGCAGCUUCGGGGACAAUCUGGUCACCCGCUCCUACCUCCUGGGCACCUCCAGCC,0.83,"-0.79,-2.24,-11.4,0,1,-203.28,0.10526315789473684,0,0.47368421052631576,0,0,0.16666666666666666,-1.33,0.05555555555555555,1,0,0.05555555555555555,-2.35,0,0.05555555555555555,0,-2.35,0.0,1",1,-39.84,-9.98,-0.79,nan,63.2
GUAGUAGAGCAGAUUCUCA,CACACCGAGACCUCAAACCUGAGAAUCUGCUCUACUACCAUCCGGGCACUGACUCCA,0.85,"-1.03,-2.24,-11.4,0,1,-184.96999999999997,0.2631578947368421,0,0.2631578947368421,0,0,0.0,-1.33,0.1111111111111111,1,0,0.0,-2.11,0,0.05555555555555555,0,-1.1,0.05555555555555555,1",1,-32.07,-6.42,-1.03,nan,42.1
GUAGUGCCUGAAGCGCCGG,UGGGUCUUCGCCCAGGUGGCCGGCGCUUCAGGCACUACAAAUACUGUGGCAGCAUAU,0.85,"0.57,-2.24,-11.4,0,1,-204.54999999999995,0.15789473684210525,0,0.42105263157894735,0,0,0.05555555555555555,-1.33,0.05555555555555555,1,0,0.1111111111111111,-3.26,0,0.16666666666666666,0,-3.42,0.0,0",1,-40.22,-9.9,0.57,nan,68.4
GUAGUGCUUCAGUUUGAAG,AGCGCUUCCCCGAUGAGAACUUCAAACUGAAGCACUACGGGCCUGGCUGGGUCAGCA,0.8150242326332797,"-0.16,-2.24,-11.4,0,1,-178.55999999999997,0.3684210526315789,0,0.3157894736842105,0,0,0.0,-1.33,0.05555555555555555,1,0,0.0,-2.08,0,0.05555555555555555,0,-0.93,0.16666666666666666,0",1,-30.45,-8.27,-0.16,nan,42.1
GUAUAGGAGGACCGUGUAG,AGGCCCGGGACAGGAAGGCCUACACGGUCCUCCUAUACGGAAACGGUCCAGGCUAUG,0.3961227786752827,"-0.16,-2.24,-11.4,0,1,-192.01000000000002,0.21052631578947367,0,0.42105263157894735,0,0,0.1111111111111111,-1.33,0.16666666666666666,1,0,0.05555555555555555,-2.08,0,0.0,0,-2.36,0.0,0",0,-35.15,-6.46,-0.16,nan,52.6
GUAUUUGUAGUGCCUGAAG,UUCGCCCAGGUGGCCGGCGCUUCAGGCACUACAAAUACUGUGGCAGCAUAUAAUUUA,0.25,"-0.16,-2.24,-11.4,0,1,-179.27999999999997,0.3684210526315789,0,0.3157894736842105,0,0,0.0,-1.33,0.1111111111111111,1,0,0.05555555555555555,-2.08,0,0.05555555555555555,0,-3.26,0.1111111111111111,0",0,-30.78,-3.65,-0.16,nan,42.1
GUCCACAAACACAACUCCU,CCGCGAAAAAGUUGCGCGGAGGAGUUGUGUUUGUGGACGAAGUACCGAAAGGUCUUA,0.9313408723747982,"-1.06,-2.24,-11.4,0,1,-184.50999999999996,0.15789473684210525,0,0.05263157894736842,0,0,0.0,-2.35,0.0,1,0,0.1111111111111111,-2.08,0,0.0,0,-0.93,0.0,0",1,-33.27,-8.01,-1.06,nan,47.4
GUCCUCCAGGUCUCGAAGC,UGGCAGCCAAGGAGGCGAAGCUUCGAGACCUGGAGGACUCACUGGCCCGUGAGCGGG,0.96,"0.73,-2.24,-11.4,0,1,-206.25999999999996,0.21052631578947367,0,0.2631578947368421,0,0,0.05555555555555555,-2.35,0.0,1,0,0.1111111111111111,-3.42,0,0.05555555555555555,0,-2.35,0.0,0",1,-39.06,-10.42,0.73,nan,63.2
GUCCUUGAUUACACGAUGG,GCUACAAAAACAGCAAAUUCCAUCGUGUAAUCAAGGACUUCAUGAUCCAGGGCGGAG,0.9305331179321488,"0.57,-2.24,-11.4,0,1,-187.21999999999997,0.3157894736842105,0,0.2631578947368421,0,0,0.05555555555555555,-2.35,0.05555555555555555,1,0,0.05555555555555555,-3.26,0,0.0,0,-2.24,0.1111111111111111,0",1,-32.36,-8.09,0.57,nan,47.4
GUCUUCUCCAGCUCCUUCU,GACCAGGUGGAGCAGUAUAAGAAGGAGCUGGAGAAGACUUAUUCUGCCAAGCUGGAC,0.96,"-1.06,-2.24,-11.4,0,1,-194.89,0.42105263157894735,0,0.10526315789473684,0,0,0.0,-2.35,0.0,1,0,0.1111111111111111,-2.08,0,0.05555555555555555,0,-2.35,0.1111111111111111,0",1,-35.84,-7.6,-1.06,nan,52.6
GUGAAGUCUCCGCCCUGGA,GUAAUCAAGGACUUCAUGAUCCAGGGCGGAGACUUCACCAGGGGAGAUGGCACAGGA,0.5621970920840065,"-0.79,-2.24,-11.4,0,1,-203.45,0.21052631578947367,0,0.3157894736842105,0,0,0.05555555555555555,-2.11,0.0,1,0,0.16666666666666666,-2.35,0,0.05555555555555555,0,-3.26,0.0,1",0,-39.55,-7.52,-0.79,nan,63.2
GUGCCCAAGCUGGCAUCCG,AAAGGCCCACACUUCCUGACGGAUGCCAGCUUGGGCACUGCUGUCUACUGACCCCAA,0.463157894736842,"-0.33,-2.24,-11.4,0,1,-207.98999999999995,0.15789473684210525,0,0.3157894736842105,0,0,0.05555555555555555,-2.11,0.0,1,0,0.16666666666666666,-2.36,0,0.16666666666666666,0,-3.42,0.0,0",0,-40.79,-10.1,-0.33,nan,68.4
GUGCCUGAAGCGCCGGCCA,GGCUGGGUCUUCGCCCAGGUGGCCGGCGCUUCAGGCACUACAAAUACUGUGGCAGCA,0.25,"-1.03,-2.24,-11.4,0,1,-209.96999999999997,0.10526315789473684,0,0.3684210526315789,0,0,0.05555555555555555,-2.11,0.0,1,0,0.16666666666666666,-2.11,0,0.2222222222222222,0,-3.26,0.0,1",0,-42.91,-10.34,-1.03,nan,73.7
GUGGACUCCAGUUUGCGCU,GGGGGCAGCGUCACCAAAAAGCGCAAACUGGAGUCCACCGAGAGCCGCAGCAGCUUC,0.98,"-1.06,-2.24,-11.4,0,1,-195.32999999999996,0.3157894736842105,0,0.3157894736842105,0,0,0.05555555555555555,-2.11,0.0,1,0,0.05555555555555555,-2.08,0,0.1111111111111111,0,-0.93,0.1111111111111111,0",1,-37.03,-9.85,-1.06,nan,57.9
GUGGCCUUCAGCAGGAGCU,CCACUGGGCCCGAGGGCCCAGCUCCUGCUGAAGGCCACCCCAGAGGACAACGGGCGC,0.3157894736842105,"-1.06,-2.24,-11.4,0,1,-204.29999999999995,0.21052631578947367,0,0.3684210526315789,0,0,0.1111111111111111,-2.11,0.0,1,0,0.05555555555555555,-2.08,0,0.16666666666666666,0,-2.08,0.05555555555555555,0",0,-40.1,-10.07,-1.06,nan,63.2
GUGGGAGUGGUCGGCAGUG,AGGACACGCUGAGCCUCGUCACUGCCGACCACUCCCACGUCUUCUCCUUCGGAGGCU,0.0,"-0.13,-2.24,-11.4,0,1,-208.67000000000002,0.21052631578947367,0,0.5789473684210527,0,0,0.2222222222222222,-2.11,0.0,1,0,0.0,-2.11,0,0.05555555555555555,0,-3.26,0.0,0",0,-40.99,-10.31,-0.13,nan,68.4
GUGUGGUGUUGUGAGCCUA,UCCUGAGUAGCUGGGACCAUAGGCUCACAACACCACACCUGGCAAAUUUGAUUUUUU,0.6421052631578947,"-1.36,-2.24,-11.4,0,1,-191.43999999999997,0.3684210526315789,0,0.42105263157894735,0,0,0.05555555555555555,-2.11,0.05555555555555555,1,0,0.05555555555555555,-1.33,0,0.05555555555555555,0,-2.35,0.05555555555555555,1",0,-35.92,-9.53,-1.36,nan,52.6
GUUACUUGACUGGCGACGU,GAAAAAGAGAUCGUGGAUUACGUCGCCAGUCAAGUAACAACCGCGAAAAAGUUGCGC,0.9038772213247172,"-0.9,-2.24,-11.4,0,1,-187.27000000000007,0.3157894736842105,0,0.3157894736842105,0,0,0.05555555555555555,-0.93,0.05555555555555555,1,0,0.0,-2.24,0,0.05555555555555555,0,-3.42,0.1111111111111111,0",1,-34.33,-5.08,-0.9,nan,52.6
GUUCCAUCUUCCAGCGGAU,AAAGGCCCGGCGCCAUUCUAUCCGCUGGAAGAUGGAACCGCUGGAGAGCAACUGCAU,0.25,"-1.59,-2.24,-11.4,0,1,-193.76,0.3157894736842105,0,0.21052631578947367,0,0,0.05555555555555555,-0.93,0.0,1,0,0.1111111111111111,-1.1,0,0.05555555555555555,0,-2.08,0.1111111111111111,0",0,-35.1,-7.56,-1.59,nan,52.6
GUUCUCAUCGGGGAAGCGC,GAAAGAGCAUCUACGGUGAGCGCUUCCCCGAUGAGAACUUCAAACUGAAGCACUACG,0.9733441033925688,"0.73,-2.24,-11.4,0,1,-203.17999999999995,0.21052631578947367,0,0.3684210526315789,0,0,0.16666666666666666,-0.93,0.0,1,0,0.0,-3.42,0,0.1111111111111111,0,-2.35,0.05555555555555555,0",1,-38.12,-5.93,0.73,nan,63.2
GUUCUUGGCGGCUGUCUGU,CCAAGAAGCUGCAGCCUGCACAGACAGCCGCCAAGAACCUCAUCAUCUUCCUGGGUG,0.6665672084665855,"-0.9,-2.24,-11.4,0,1,-195.32999999999998,0.42105263157894735,0,0.3684210526315789,0,0,0.1111111111111111,-0.93,0.0,1,0,0.0,-2.24,0,0.1111111111111111,0,-2.11,0.1111111111111111,0",0,-37.03,-7.12,-0.9,nan,57.9
GUUGCGUCAUGACUGAGGC,CCAGGCCUUCCUGGCUGAAGCCUCAGUCAUGACGCAACUGCGGCAUAGCAACCUGGU,0.85,"0.73,-2.24,-11.4,0,1,-200.61999999999995,0.2631578947368421,0,0.3684210526315789,0,0,0.05555555555555555,-0.93,0.0,1,0,0.0,-3.42,0,0.1111111111111111,0,-2.08,0.05555555555555555,0",1,-36.77,-8.87,0.73,nan,57.9
GUUUUCCGGUAAGACCUUU,GUUUGUGGACGAAGUACCGAAAGGUCUUACCGGAAAACUCGACGCAAGAAAAAUCAG,0.7988691437802908,"-1.76,-2.24,-11.4,0,1,-172.12999999999997,0.42105263157894735,0,0.21052631578947367,0,0,0.05555555555555555,-0.93,0.05555555555555555,1,0,0.1111111111111111,-0.93,0,0.0,0,-2.35,0.2777777777777778,0",1,-30.09,-6.22,-1.76,nan,42.1
UAAAUAACGCGCCCAACAC,UCUUCAAUUCUUUAUGCCGGUGUUGGGCGCGUUAUUUAUCGGAGUUGCAGUUGCGCC,0.9,"1.36,-1.33,-7.69,1,0,-177.61,0.10526315789473684,0,0.10526315789473684,0,0,0.0,-0.93,0.1111111111111111,0,0,0.1111111111111111,-2.24,0,0.1111111111111111,0,-3.26,0.0,0",1,-31.96,-2.92,1.36,nan,47.4
UAACACAAAGGAAGUCUGG,CGGGGUCUCGCAACAUUGCCCAGACUUCCUUUGUGUUAGUUAAUAAAGCUUUCUCAA,0.7157894736842104,"1.93,-1.33,-7.69,1,0,-176.26,0.15789473684210525,0,0.2631578947368421,0,0,0.1111111111111111,-0.93,0.05555555555555555,0,0,0.0,-3.26,0,0.0,0,-2.08,0.0,0",1,-31.02,-5.57,1.93,nan,42.1
UAACAUUGAGCAGGUCUUG,UCGUCACCUUCGUGAAUACCAAGACCUGCUCAAUGUUAAGAUGGCCCUUGACAUUGA,0.85,"1.23,-1.33,-7.69,1,0,-179.35,0.3157894736842105,0,0.2631578947368421,0,0,0.05555555555555555,-0.93,0.05555555555555555,0,0,0.0,-2.11,0,0.05555555555555555,0,-3.26,0.1111111111111111,0",1,-31.22,-4.88,1.23,nan,42.1
UAAGCUUUCAUGGCAUCUU,CUGAAAGGGACUUCCAAGGAAGAUGCCAUGAAAGCUUACAUCAACAAAGUAGAAGAG,0.6344103392568661,"-0.4,-1.33,-7.69,1,0,-173.46999999999997,0.42105263157894735,0,0.15789473684210525,0,0,0.05555555555555555,-0.93,0.05555555555555555,0,0,0.0,-0.93,0,0.1111111111111111,0,-3.42,0.16666666666666666,0",0,-29.63,-5.38,-0.4,nan,36.8
UAAGGCCACAAAAUUAUCC,AGACUGUUCCAAAAACAGUGGAUAAUUUUGUGGCCUUAGCUACAGGAGAGAAAGGAU,0.9022617124394186,"1.93,-1.33,-7.69,1,0,-171.15999999999997,0.21052631578947367,0,0.10526315789473684,0,0,0.05555555555555555,-0.93,0.1111111111111111,0,0,0.1111111111111111,-3.26,0,0.05555555555555555,0,-1.1,0.05555555555555555,0",1,-29.06,-10.07,1.93,nan,36.8
UAAGUCUUCUCCAGCUCCU,CAGGUGGAGCAGUAUAAGAAGGAGCUGGAGAAGACUUAUUCUGCCAAGCUGGACAAU,0.98,"0.3,-1.33,-7.69,1,0,-186.42,0.3684210526315789,0,0.10526315789473684,0,0,0.0,-0.93,0.05555555555555555,0,0,0.1111111111111111,-2.08,0,0.05555555555555555,0,-2.08,0.05555555555555555,0",1,-34.37,-5.62,0.3,nan,47.4
UAAUCCACGAUCUCUUUUU,CACGGAAAGACGAUGACGGAAAAAGAGAUCGUGGAUUACGUCGCCAGUCAAGUAACA,0.9612277867528272,"-0.4,-1.33,-7.69,1,0,-166.08999999999997,0.47368421052631576,0,0.05263157894736842,0,0,0.0,-0.93,0.05555555555555555,0,0,0.05555555555555555,-0.93,0,0.0,0,-2.35,0.2222222222222222,0",1,-26.72,-7.45,-0.4,nan,31.6
UAAUUUUUUGGAUGAUUGG,GAACGUGCAAAAAAAGCUCCCAAUCAUCCAAAAAAUUAUUAUCAUGGAUUCUAAAAC,0.97,"1.93,-1.33,-7.69,1,0,-159.21999999999997,0.5263157894736842,0,0.2631578947368421,0,0,0.1111111111111111,-0.93,0.05555555555555555,0,0,0.0,-3.26,0,0.0,0,-2.11,0.3333333333333333,0",1,-24.15,-0.76,1.93,nan,26.3
UACAGAACCAUACUCGAAC,UGGGCUAGAGAAGGAUGUGGUUCGAGUAUGGUUCUGUAACCGGCGCCAGAAGGGCAA,0.85,"1.36,-1.33,-7.69,1,0,-179.85999999999999,0.15789473684210525,0,0.10526315789473684,0,0,0.0,-2.24,0.1111111111111111,0,0,0.05555555555555555,-2.24,0,0.0,0,-2.08,0.0,0",1,-31.09,-7.41,1.36,nan,42.1
UACAUAACCGGACAUAAUC,UGUGUGUGAGAGGUCCUAUGAUUAUGUCCGGUUAUGUAAACAAUCCGGAAGCGACCA,0.96,"1.47,-1.33,-7.69,1,0,-174.89999999999998,0.21052631578947367,0,0.10526315789473684,0,0,0.05555555555555555,-2.24,0.16666666666666666,0,0,0.05555555555555555,-2.35,0,0.0,0,-2.11,0.0,0",1,-29.13,-5.41,1.47,nan,36.8
UACUUAAUCAGAGACUUCA,UUCUUCAUCGUUGACCGCCUGAAGUCUCUGAUUAAGUACAAAGGCUAUCAGGUGGCU,0.9668820678513734,"0.33,-1.33,-7.69,1,0,-169.52999999999997,0.3157894736842105,0,0.10526315789473684,0,0,0.0,-2.24,0.1111111111111111,0,0,0.0,-2.11,0,0.0,0,-2.35,0.1111111111111111,1",1,-27.98,-3.62,0.33,nan,31.6
UACUUCGUCCACAAACACA,AAAAGUUGCGCGGAGGAGUUGUGUUUGUGGACGAAGUACCGAAAGGUCUUACCGGAA,0.9579967689822296,"0.33,-1.33,-7.69,1,0,-175.25,0.21052631578947367,0,0.05263157894736842,0,0,0.0,-2.24,0.05555555555555555,0,0,0.05555555555555555,-2.11,0,0.0,0,-0.93,0.05555555555555555,1",1,-31.17,-7.21,0.33,nan,42.1
UACUUCUCAUGGUUCACAC,GCCCCCAUGUUCGUCAUGGGUGUGAACCAUGAGAAGUAUGACAACAGCCUCAAGAUC,0.9734248788368338,"1.36,-1.33,-7.69,1,0,-182.41,0.3684210526315789,0,0.10526315789473684,0,0,0.05555555555555555,-2.24,0.05555555555555555,0,0,0.0,-2.24,0,0.0,0,-0.93,0.1111111111111111,0",1,-31.62,-7.49,1.36,nan,42.1
UACUUGACUGGCGACGUAA,CGGAAAAAGAGAUCGUGGAUUACGUCGCCAGUCAAGUAACAACCGCGAAAAAGUUGC,0.9749596122778676,"-0.4,-1.33,-7.69,1,0,-179.84,0.2631578947368421,0,0.2631578947368421,0,0,0.05555555555555555,-2.24,0.1111111111111111,0,0,0.0,-0.93,0,0.05555555555555555,0,-2.35,0.05555555555555555,1",1,-32.97,-7.41,-0.4,nan,47.4
UAGAAUGGCGCCGGGCCUU,GACGCCAAAAACAUAAAGAAAGGCCCGGCGCCAUUCUAUCCGCUGGAAGAUGGAACC,0.2,"-0.4,-1.33,-7.69,1,0,-196.36999999999998,0.21052631578947367,0,0.3684210526315789,0,0,0.16666666666666666,-2.08,0.05555555555555555,0,0,0.1111111111111111,-0.93,0,0.16666666666666666,0,-3.26,0.05555555555555555,0",0,-39.2,-7.29,-0.4,nan,63.2
UAGAUCGAUCACUUAUCUG,CAACUAUACCUACACUGUACAGAUAAGUGAUCGAUCUAGAAACUGGAAAAACAAGUG,0.85,"1.23,-1.33,-7.69,1,0,-179.57,0.3684210526315789,0,0.15789473684210525,0,0,0.0,-2.08,0.1111111111111111,0,0,0.0,-2.11,0,0.0,0,-0.93,0.05555555555555555,0",1,-29.16,-7.6,1.23,nan,36.8
UAGCCAAAUCCUUUCUCUC,UUUGUGGCCUUAGCUACAGGAGAGAAAGGAUUUGGCUACAAAAACAGCAAAUUCCAU,0.9789983844911148,"1.47,-1.33,-7.69,1,0,-180.79999999999995,0.3684210526315789,0,0.05263157894736842,0,0,0.0,-2.08,0.05555555555555555,0,0,0.1111111111111111,-2.35,0,0.05555555555555555,0,-0.93,0.1111111111111111,0",1,-31.38,-7.74,1.47,nan,42.1
UAGCUAAGGCCACAAAAUU,UGUUCCAAAAACAGUGGAUAAUUUUGUGGCCUUAGCUACAGGAGAGAAAGGAUUUGG,0.8812600969305331,"-0.4,-1.33,-7.69,1,0,-168.06999999999996,0.21052631578947367,0,0.15789473684210525,0,0,0.05555555555555555,-2.08,0.1111111111111111,0,0,0.05555555555555555,-0.93,0,0.1111111111111111,0,-2.11,0.05555555555555555,0",1,-29.48,-7.38,-0.4,nan,36.8
UAUAGGAGGACCGUGUAGG,AAGGCCCGGGACAGGAAGGCCUACACGGUCCUCCUAUACGGAAACGGUCCAGGCUAU,0.7283521809369953,"1.93,-1.33,-7.69,1,0,-190.27999999999997,0.21052631578947367,0,0.42105263157894735,0,0,0.16666666666666666,-1.1,0.16666666666666666,0,0,0.05555555555555555,-3.26,0,0.0,0,-2.24,0.0,0",1,-35.72,-7.66,1.93,nan,52.6
UAUCCACUGUUUUUGGAAC,UGGUCUCUUCGGAAAGACUGUUCCAAAAACAGUGGAUAAUUUUGUGGCCUUAGCUAC,0.9361873990306946,"1.36,-1.33,-7.69,1,0,-171.49999999999997,0.42105263157894735,0,0.15789473684210525,0,0,0.05555555555555555,-1.1,0.05555555555555555,0,0,0.05555555555555555,-2.24,0,0.0,0,-0.93,0.2222222222222222,0",1,-28.89,-8.15,1.36,nan,36.8
UAUGAGGAUCUCUCUGAUU,GAAAACUCGACGCAAGAAAAAUCAGAGAGAUCCUCAUAAAGGCCAAGAAGGGCGGAA,0.9652665589660744,"-0.4,-1.33,-7.69,1,0,-182.42999999999998,0.42105263157894735,0,0.21052631578947367,0,0,0.05555555555555555,-1.1,0.05555555555555555,0,0,0.0,-0.93,0,0.0,0,-2.35,0.05555555555555555,0",1,-30.47,-8.26,-0.4,nan,36.8
UAUUCACGAAGGUGACGAG,AAUAUGAAGGAGGAAAUGGCUCGUCACCUUCGUGAAUACCAAGACCUGCUCAAUGUU,0.85,"1.2,-1.33,-7.69,1,0,-183.85,0.21052631578947367,0,0.3157894736842105,0,0,0.05555555555555555,-1.1,0.05555555555555555,0,0,0.0,-2.08,0,0.0,0,-2.11,0.05555555555555555,0",1,-32.23,-6.55,1.2,nan,47.4
UAUUUAAGGAGGGUGAUCU,CCCAACUCCUUGAUGAAGAAGAUCACCCUCCUUAAAUAUUUCCGCAAUUACAUGAGC,0.8104200323101778,"0.3,-1.33,-7.69,1,0,-174.32,0.3684210526315789,0,0.3157894736842105,0,0,0.16666666666666666,-1.1,0.1111111111111111,0,0,0.0,-2.08,0,0.0,0,-2.24,0.1111111111111111,0",1,-30.08,-2.76,0.3,nan,36.8
UAUUUGUCAAUCAGAGUGC,UUCUCCUUCUUCGCCAAAAGCACUCUGAUUGACAAAUACGAUUUAUCUAAUUUACAC,0.9379483037156704,"2.09,-1.33,-7.69,1,0,-177.29999999999998,0.3684210526315789,0,0.21052631578947367,0,0,0.0,-1.1,0.05555555555555555,0,0,0.0,-3.42,0,0.05555555555555555,0,-2.08,0.1111111111111111,0",1,-29.33,-5.12,2.09,nan,36.8
UAUUUUUUCUUUAGCUCUU,GCUUACAUCAACAAAGUAGAAGAGCUAAAGAAAAAAUACGGGAUAUGAGAGACUGGA,0.7738287560581583,"-0.4,-1.33,-7.69,1,0,-149.94999999999996,0.6842105263157895,0,0.05263157894736842,0,0,0.0,-1.1,0.1111111111111111,0,0,0.0,-0.93,0,0.05555555555555555,0,-2.08,0.4444444444444444,0",1,-22.65,-0.76,-0.4,nan,21.1
UCAAGAUCUUCACAAAAGG,CAGCUAGAACUUAUCAAACCCUUUUGUGAAGAUCUUGACCAAUGGCUAAGUGAAGAU,0.9789473684210526,"1.36,-2.35,-12.44,1,0,-173.45999999999998,0.21052631578947367,0,0.15789473684210525,0,0,0.05555555555555555,-2.11,0.0,0,0,0.0,-3.26,0,0.0,0,-2.11,0.05555555555555555,0",1,-28.68,-6.83,1.36,nan,36.8
UCAAUGGCGUCGUCGAACA,GCACUGACUGAGACGAUCAUGUUCGACGACGCCAUUGAGAGGGCGGGCCAGCUCACC,0.8429486334113613,"-0.24,-2.35,-12.44,1,0,-187.44000000000003,0.21052631578947367,0,0.2631578947368421,0,0,0.05555555555555555,-2.11,0.0,0,0,0.0,-2.11,0,0.05555555555555555,0,-2.35,0.0,1",1,-34.18,-8.84,-0.24,nan,52.6
UCAGGAGAAGCCGAGGAAG,UUUUCUAACCGUGCAGCCUCUUCCUCGGCUUCUCCUGAAAGGGAAGGUGGAAGCCGU,0.863157894736842,"0.63,-2.35,-12.44,1,0,-197.04,0.05263157894736842,0,0.42105263157894735,0,0,0.1111111111111111,-2.11,0.0,0,0,0.05555555555555555,-2.08,0,0.05555555555555555,0,-2.35,0.0,0",1,-37.14,-9.69,0.63,nan,57.9
UCAGUUUGAAGUUCUCAUC,CUACGGUGAGCGCUUCCCCGAUGAGAACUUCAAACUGAAGCACUACGGGCCUGGCUG,0.9491114701130858,"0.9,-2.35,-12.44,1,0,-177.09,0.42105263157894735,0,0.15789473684210525,0,0,0.0,-2.11,0.0,0,0,0.0,-2.35,0,0.0,0,-2.35,0.16666666666666666,0",1,-29.08,-6.31,0.9,nan,36.8
UCAUAUUCUGAAUCUCAUC,CACUAUUGGCCGCCUGCAGGAUGAGAUUCAGAAUAUGAAGGAGGAAAUGGCUCGUCA,0.85,"0.9,-2.35,-12.44,1,0,-178.43999999999997,0.42105263157894735,0,0.05263157894736842,0,0,0.0,-2.11,0.05555555555555555,0,0,0.0,-2.35,0,0.0,0,-2.35,0.05555555555555555,0",1,-27.64,-4.83,0.9,nan,31.6
UCAUCGGGGAAGCGCUCAC,GGAGGAAAGAGCAUCUACGGUGAGCGCUUCCCCGAUGAGAACUUCAAACUGAAGCAC,0.9022617124394186,"0.79,-2.35,-12.44,1,0,-203.07999999999998,0.15789473684210525,0,0.3157894736842105,0,0,0.16666666666666666,-2.11,0.0,0,0,0.0,-2.24,0,0.1111111111111111,0,-2.36,0.0,0",1,-38.85,-10.35,0.79,nan,63.2
UCAUCGUCUUUCCGUGCUC,CGCCGCCGUUGUUGUUUUGGAGCACGGAAAGACGAUGACGGAAAAAGAGAUCGUGGA,0.388529886914378,"0.9,-2.35,-12.44,1,0,-192.07999999999998,0.42105263157894735,0,0.15789473684210525,0,0,0.0,-2.11,0.0,0,0,0.05555555555555555,-2.35,0,0.05555555555555555,0,-2.36,0.1111111111111111,0",0,-34.43,-8.42,0.9,nan,52.6
UCAUGGAUGACCUUGGCCA,ACCAACUGCUUAGCACCCCUGGCCAAGGUCAUCCAUGACAACUUUGGUAUCGUGGAA,0.9634087237479808,"-0.24,-2.35,-12.44,1,0,-194.37,0.2631578947368421,0,0.2631578947368421,0,0,0.1111111111111111,-2.11,0.0,0,0,0.1111111111111111,-2.11,0,0.05555555555555555,0,-0.93,0.05555555555555555,1",1,-36.52,-7.49,-0.24,nan,52.6
UCAUGGUUCACACCCAUGA,GCUGAUGCCCCCAUGUUCGUCAUGGGUGUGAACCAUGAGAAGUAUGACAACAGCCUC,0.7136510500807755,"0.0,-2.35,-12.44,1,0,-188.86,0.2631578947368421,0,0.15789473684210525,0,0,0.05555555555555555,-2.11,0.0,0,0,0.1111111111111111,-2.35,0,0.0,0,-3.26,0.05555555555555555,1",1,-34.35,-7.21,0.0,nan,47.4
UCAUGUAAUUGCGGAAAUA,GAAGAUCACCCUCCUUAAAUAUUUCCGCAAUUACAUGAGCGAGCACUUGCUGAAGGC,0.6859450726979,"-0.57,-2.35,-12.44,1,0,-166.25999999999996,0.3157894736842105,0,0.21052631578947367,0,0,0.05555555555555555,-2.11,0.1111111111111111,0,0,0.0,-1.33,0,0.05555555555555555,0,-3.26,0.05555555555555555,1",0,-27.0,-5.28,-0.57,nan,31.6
UCCAGACAUGACCGCUGAG,GCCAGUGUUCACAAUGACACUCAGCGGUCAUGUCUGGACAUGAGUGCCCAGGGAAUA,0.5578947368421052,"0.63,-2.35,-12.44,1,0,-200.10999999999996,0.15789473684210525,0,0.2631578947368421,0,0,0.0,-3.26,0.0,0,0,0.1111111111111111,-2.08,0,0.05555555555555555,0,-2.36,0.0,0",0,-37.42,-9.61,0.63,nan,57.9
UCCAGCUCCUUCUUAUACU,CAUGAGGACCAGGUGGAGCAGUAUAAGAAGGAGCUGGAGAAGACUUAUUCUGCCAAG,0.95,"-0.27,-2.35,-12.44,1,0,-180.57,0.42105263157894735,0,0.05263157894736842,0,0,0.0,-3.26,0.1111111111111111,0,0,0.1111111111111111,-2.08,0,0.05555555555555555,0,-0.93,0.1111111111111111,0",1,-32.37,-11.21,-0.27,nan,42.1
UCCGCCCUGGAUCAUGAAG,UCCAUCGUGUAAUCAAGGACUUCAUGAUCCAGGGCGGAGACUUCACCAGGGGAGAUG,0.9410339256865914,"0.63,-2.35,-12.44,1,0,-199.36999999999998,0.21052631578947367,0,0.2631578947368421,0,0,0.05555555555555555,-3.26,0.0,0,0,0.16666666666666666,-2.08,0,0.05555555555555555,0,-2.11,0.0,0",1,-37.3,-13.1,0.63,nan,57.9
UCCGCGCAACUUUUUCGCG,UCGCCAGUCAAGUAACAACCGCGAAAAAGUUGCGCGGAGGAGUUGUGUUUGUGGACG,0.4838449111470113,"0.46,-2.35,-12.44,1,0,-184.56,0.3157894736842105,0,0.21052631578947367,0,0,0.0,-3.26,0.0,0,0,0.05555555555555555,-2.36,0,0.16666666666666666,0,-0.93,0.2222222222222222,0",0,-34.2,-12.39,0.46,nan,57.9
UCCGGUAAGACCUUUCGGU,UUGUGUUUGUGGACGAAGUACCGAAAGGUCUUACCGGAAAACUCGACGCAAGAAAAA,0.9894991922455576,"-0.11,-2.35,-12.44,1,0,-184.42,0.3157894736842105,0,0.2631578947368421,0,0,0.1111111111111111,-3.26,0.05555555555555555,0,0,0.1111111111111111,-2.24,0,0.0,0,-0.93,0.1111111111111111,0",1,-34.82,-8.84,-0.11,nan,52.6
UCCGUCAUCGUCUUUCCGU,GCCGUUGUUGUUUUGGAGCACGGAAAGACGAUGACGGAAAAAGAGAUCGUGGAUUAC,0.8206785137318255,"-0.11,-2.35,-12.44,1,0,-187.98999999999998,0.42105263157894735,0,0.15789473684210525,0,0,0.0,-3.26,0.0,0,0,0.1111111111111111,-2.24,0,0.0,0,-0.93,0.1111111111111111,0",1,-34.23,-8.88,-0.11,nan,52.6
UCCGUGCUCCAAAACAACA,GUGAACUUCCCGCCGCCGUUGUUGUUUUGGAGCACGGAAAGACGAUGACGGAAAAAG,0.8909531502423265,"-0.24,-2.35,-12.44,1,0,-179.85,0.15789473684210525,0,0.10526315789473684,0,0,0.0,-3.26,0.0,0,0,0.1111111111111111,-2.11,0,0.05555555555555555,0,-0.93,0.0,1",1,-32.97,-10.93,-0.24,nan,47.4
UCCUCCGAACGGCUGCCUC,GCUCCGGAGGCCGCCGGCGGAGGCAGCCGUUCGGAGGAUUAUUCGUCUUCUCCCCAU,0.8210526315789474,"0.9,-2.35,-12.44,1,0,-207.12999999999997,0.21052631578947367,0,0.21052631578947367,0,0,0.05555555555555555,-3.26,0.0,0,0,0.16666666666666666,-2.35,0,0.1111111111111111,0,-2.08,0.0,0",1,-40.98,-11.12,0.9,nan,68.4
UCCUCCUGUGCCAUCUCCC,AGGGCGGAGACUUCACCAGGGGAGAUGGCACAGGAGGAAAGAGCAUCUACGGUGAGC,0.8739903069466883,"1.36,-2.35,-12.44,1,0,-207.79999999999995,0.3157894736842105,0,0.10526315789473684,0,0,0.0,-3.26,0.0,0,0,0.2777777777777778,-3.26,0,0.05555555555555555,0,-1.1,0.0,0",1,-40.49,-11.05,1.36,nan,63.2
UCCUUCUGACUAAAGUCCG,UGUGACCGUAGAAGAUGAACGGACUUUAGUCAGAAGGAACAACACUUUCCUAAGCCU,0.25,"0.46,-2.35,-12.44,1,0,-183.15999999999997,0.3157894736842105,0,0.15789473684210525,0,0,0.0,-3.26,0.05555555555555555,0,0,0.1111111111111111,-2.36,0,0.0,0,-0.93,0.05555555555555555,0",0,-32.77,-8.72,0.46,nan,47.4
UCCUUUCUCUCCUGUAGCU,UGGAUAAUUUUGUGGCCUUAGCUACAGGAGAGAAAGGAUUUGGCUACAAAAACAGCA,0.8368336025848144,"-0.27,-2.35,-12.44,1,0,-186.42,0.47368421052631576,0,0.10526315789473684,0,0,0.0,-3.26,0.05555555555555555,0,0,0.1111111111111111,-2.08,0,0.05555555555555555,0,-2.11,0.1111111111111111,0",1,-34.37,-7.09,-0.27,nan,47.4
UCGAGUUUUCCGGUAAGAC,GUGGACGAAGUACCGAAAGGUCUUACCGGAAAACUCGACGCAAGAAAAAUCAGAGAG,0.717285945072698,"0.79,-2.35,-12.44,1,0,-180.61999999999998,0.3157894736842105,0,0.2631578947368421,0,0,0.05555555555555555,-2.36,0.05555555555555555,0,0,0.05555555555555555,-2.24,0,0.0,0,-2.24,0.16666666666666666,0",1,-32.03,-6.35,0.79,nan,47.4
UCGCGGUUGUUACUUGACU,GAUCGUGGAUUACGUCGCCAGUCAAGUAACAACCGCGAAAAAGUUGCGCGGAGGAGU,0.9394184168012925,"-0.27,-2.35,-12.44,1,0,-178.97,0.42105263157894735,0,0.2631578947368421,0,0,0.05555555555555555,-2.36,0.05555555555555555,0,0,0.0,-2.08,0,0.05555555555555555,0,-2.08,0.16666666666666666,0",1,-32.57,-10.03,-0.27,nan,47.4
UCGCUCUCGGUAACAUCCG,CUCAAGGACGGCGCCCGGCCGGAUGUUACCGAGAGCGAGAGCGGGAGCCCCGAGUAU,0.4285714285714285,"0.46,-2.35,-12.44,1,0,-194.09999999999997,0.2631578947368421,0,0.21052631578947367,0,0,0.05555555555555555,-2.36,0.05555555555555555,0,0,0.05555555555555555,-2.36,0,0.05555555555555555,0,-2.24,0.0,0",0,-35.99,-10.55,0.46,nan,57.9
UCGGUACUUCGUCCACAAA,GUUGCGCGGAGGAGUUGUGUUUGUGGACGAAGUACCGAAAGGUCUUACCGGAAAACU,0.0791599353796446,"-0.97,-2.35,-12.44,1,0,-179.44,0.2631578947368421,0,0.15789473684210525,0,0,0.05555555555555555,-2.36,0.05555555555555555,0,0,0.05555555555555555,-0.93,0,0.0,0,-3.26,0.05555555555555555,1",0,-32.68,-8.97,-0.97,nan,47.4
UCGUCCACAAACACAACUC,GCGAAAAAGUUGCGCGGAGGAGUUGUGUUUGUGGACGAAGUACCGAAAGGUCUUACC,0.994345718901454,"0.9,-2.35,-12.44,1,0,-183.71999999999997,0.15789473684210525,0,0.05263157894736842,0,0,0.0,-2.36,0.0,0,0,0.05555555555555555,-2.35,0,0.0,0,-2.24,0.0,0",1,-32.64,-10.47,0.9,nan,47.4
UCGUCCAGCUGCUGCUGCA,GCCGAGAUGCGGGCAAGGAUGCAGCAGCAGCUGGACGAGUACCAGGAGCUUCUGGAC,0.92,"-0.24,-2.35,-12.44,1,0,-202.89999999999995,0.2631578947368421,0,0.2631578947368421,0,0,0.0,-2.36,0.0,0,0,0.05555555555555555,-2.11,0,0.2222222222222222,0,-2.11,0.0,1",1,-40.12,-10.31,-0.24,nan,63.2
UCUCAUCGGGGAAGCGCUC,AGGAAAGAGCAUCUACGGUGAGCGCUUCCCCGAUGAGAACUUCAAACUGAAGCACUA,0.9232633279483038,"0.9,-2.35,-12.44,1,0,-204.16,0.21052631578947367,0,0.3157894736842105,0,0,0.16666666666666666,-2.08,0.0,0,0,0.0,-2.35,0,0.1111111111111111,0,-2.08,0.0,0",1,-38.93,-8.26,0.9,nan,63.2
UCUCCAGCUCCUUCUUAUA,UGAGGACCAGGUGGAGCAGUAUAAGAAGGAGCUGGAGAAGACUUAUUCUGCCAAGCU,0.9,"-0.57,-2.35,-12.44,1,0,-181.60999999999999,0.42105263157894735,0,0.05263157894736842,0,0,0.0,-2.08,0.1111111111111111,0,0,0.1111111111111111,-1.33,0,0.05555555555555555,0,-2.35,0.1111111111111111,1",1,-32.48,-11.21,-0.57,nan,42.1
UCUCCGCCCUGGAUCAUGA,CAUCGUGUAAUCAAGGACUUCAUGAUCCAGGGCGGAGACUUCACCAGGGGAGAUGGC,0.9741518578352182,"0.0,-2.35,-12.44,1,0,-201.27,0.2631578947368421,0,0.21052631578947367,0,0,0.05555555555555555,-2.08,0.0,0,0,0.16666666666666666,-2.35,0,0.05555555555555555,0,-1.1,0.0,1",1,-38.27,-12.64,0.0,nan,57.9
UCUCUCUGAUUUUUCUUGC,UCUUACCGGAAAACUCGACGCAAGAAAAAUCAGAGAGAUCCUCAUAAAGGCCAAGAA,0.9927302100161552,"1.52,-2.35,-12.44,1,0,-176.02999999999994,0.5789473684210527,0,0.10526315789473684,0,0,0.0,-2.08,0.0,0,0,0.0,-3.42,0,0.05555555555555555,0,-0.93,0.2777777777777778,0",1,-28.92,-8.96,1.52,nan,36.8
UCUCUGAUUUUUCUUGCGU,GGUCUUACCGGAAAACUCGACGCAAGAAAAAUCAGAGAGAUCCUCAUAAAGGCCAAG,0.9321486268174476,"-0.11,-2.35,-12.44,1,0,-171.42999999999998,0.5789473684210527,0,0.15789473684210525,0,0,0.0,-2.08,0.0,0,0,0.0,-2.24,0,0.05555555555555555,0,-2.08,0.2777777777777778,0",1,-28.64,-7.53,-0.11,nan,36.8
UCUCUUUUUCCGUCAUCGU,UGUUUUGGAGCACGGAAAGACGAUGACGGAAAAAGAGAUCGUGGAUUACGUCGCCAG,0.8764135702746365,"-0.11,-2.35,-12.44,1,0,-176.68000000000004,0.5263157894736842,0,0.10526315789473684,0,0,0.0,-2.08,0.0,0,0,0.05555555555555555,-2.24,0,0.0,0,-2.35,0.2222222222222222,0",1,-30.31,-4.76,-0.11,nan,42.1
UCUGAUUUUUCUUGCGUCG,AAGGUCUUACCGGAAAACUCGACGCAAGAAAAAUCAGAGAGAUCCUCAUAAAGGCCA,0.9991922455573508,"0.46,-2.35,-12.44,1,0,-175.31,0.5263157894736842,0,0.21052631578947367,0,0,0.0,-2.08,0.0,0,0,0.0,-2.36,0,0.05555555555555555,0,-2.11,0.2777777777777778,0",1,-29.37,-4.96,0.46,nan,42.1
UCUGUGGUCGAGAAGCACU,UCUAGAAACUGGAAAAACAAGUGCUUCUCGACCACAGACACCGAGUGCGACCUCACA,0.85,"-0.27,-2.35,-12.44,1,0,-191.87999999999997,0.2631578947368421,0,0.3157894736842105,0,0,0.05555555555555555,-2.08,0.0,0,0,0.0,-2.08,0,0.05555555555555555,0,-0.93,0.0,0",1,-35.75,-9.5,-0.27,nan,52.6
UCUUAUUCUGCUGCUCCAG,CAUCGACAAGGUGCGCUUCCUGGAGCAGCAGAAUAAGAUCCUGCUGGCCGAGCUCGA,0.85,"0.63,-2.35,-12.44,1,0,-187.56999999999996,0.42105263157894735,0,0.15789473684210525,0,0,0.0,-2.08,0.05555555555555555,0,0,0.05555555555555555,-2.08,0,0.1111111111111111,0,-3.42,0.1111111111111111,0",1,-33.63,-4.63,0.63,nan,47.4
UCUUCCAGCGGAUAGAAUG,AUAAAGAAAGGCCCGGCGCCAUUCUAUCCGCUGGAAGAUGGAACCGCUGGAGAGCAA,0.92,"0.66,-2.35,-12.44,1,0,-187.13999999999996,0.2631578947368421,0,0.2631578947368421,0,0,0.05555555555555555,-2.08,0.05555555555555555,0,0,0.05555555555555555,-2.11,0,0.05555555555555555,0,-1.33,0.05555555555555555,0",1,-33.01,-8.72,0.66,nan,47.4
UCUUCUCCAGCUCCUUCUU,GGACCAGGUGGAGCAGUAUAAGAAGGAGCUGGAGAAGACUUAUUCUGCCAAGCUGGA,0.87,"-0.97,-2.35,-12.44,1,0,-186.58999999999997,0.47368421052631576,0,0.05263157894736842,0,0,0.0,-2.08,0.0,0,0,0.1111111111111111,-0.93,0,0.05555555555555555,0,-3.26,0.16666666666666666,0",1,-34.08,-8.96,-0.97,nan,47.4
UCUUGGCCUUUAUGAGGAU,CGCAAGAAAAAUCAGAGAGAUCCUCAUAAAGGCCAAGAAGGGCGGAAAGAUCGCCGU,0.1211631663974153,"-0.8,-2.35,-12.44,1,0,-180.54999999999995,0.42105263157894735,0,0.2631578947368421,0,0,0.1111111111111111,-2.08,0.05555555555555555,0,0,0.05555555555555555,-1.1,0,0.05555555555555555,0,-2.11,0.16666666666666666,0",0,-32.04,-10.97,-0.8,nan,42.1
UCUUUAGCUCUUCUACUUU,CAUGAAAGCUUACAUCAACAAAGUAGAAGAGCUAAAGAAAAAAUACGGGAUAUGAGA,0.804281098546042,"-0.97,-2.35,-12.44,1,0,-164.91,0.5789473684210527,0,0.05263157894736842,0,0,0.0,-2.08,0.1111111111111111,0,0,0.0,-0.93,0,0.05555555555555555,0,-2.08,0.2777777777777778,0",1,-27.51,-6.68,-0.97,nan,31.6
UCUUUAUGUUUUUGGCGUC,UGGUAAAGCCACCAUGGAAGACGCCAAAAACAUAAAGAAAGGCCCGGCGCCAUUCUA,0.8200000000000001,"0.9,-2.35,-12.44,1,0,-168.60999999999999,0.5789473684210527,0,0.21052631578947367,0,0,0.05555555555555555,-2.08,0.05555555555555555,0,0,0.0,-2.35,0,0.05555555555555555,0,-2.11,0.3333333333333333,0",1,-27.99,-4.39,0.9,nan,36.8
UCUUUCCGUGCUCCAAAAC,ACUUCCCGCCGCCGUUGUUGUUUUGGAGCACGGAAAGACGAUGACGGAAAAAGAGAU,0.0,"0.79,-2.35,-12.44,1,0,-181.03,0.3157894736842105,0,0.10526315789473684,0,0,0.0,-2.08,0.0,0,0,0.1111111111111111,-2.24,0,0.05555555555555555,0,-3.26,0.1111111111111111,0",0,-32.32,-7.82,0.79,nan,47.4
UCUUUCCUCCUGUGCCAUC,CGGAGACUUCACCAGGGGAGAUGGCACAGGAGGAAAGAGCAUCUACGGUGAGCGCUU,0.910339256865913,"0.9,-2.35,-12.44,1,0,-194.66000000000003,0.42105263157894735,0,0.10526315789473684,0,0,0.0,-2.08,0.0,0,0,0.16666666666666666,-2.35,0,0.05555555555555555,0,-2.11,0.1111111111111111,0",1,-35.83,-7.09,0.9,nan,52.6
UCUUUUUCCGUCAUCGUCU,GUUGUUUUGGAGCACGGAAAGACGAUGACGGAAAAAGAGAUCGUGGAUUACGUCGCC,0.9765751211631664,"-0.27,-2.35,-12.44,1,0,-176.68,0.5263157894736842,0,0.10526315789473684,0,0,0.0,-2.08,0.0,0,0,0.05555555555555555,-2.08,0,0.0,0,-1.1,0.2222222222222222,0",1,-30.31,-4.06,-0.27,nan,42.1
UGAAGUCCUUGAUUACACG,CAAAAACAGCAAAUUCCAUCGUGUAAUCAAGGACUUCAUGAUCCAGGGCGGAGACUU,0.9418416801292409,"0.7,-2.11,-10.44,1,0,-178.02999999999997,0.3157894736842105,0,0.21052631578947367,0,0,0.0,-2.35,0.05555555555555555,0,0,0.05555555555555555,-2.36,0,0.0,0,-0.93,0.1111111111111111,0",1,-30.56,-9.12,0.7,nan,42.1
UGAAGUUCUCAUCGGGGAA,GAGCAUCUACGGUGAGCGCUUCCCCGAUGAGAACUUCAAACUGAAGCACUACGGGCC,0.9014539579967692,"-0.73,-2.11,-10.44,1,0,-185.03999999999996,0.2631578947368421,0,0.3157894736842105,0,0,0.16666666666666666,-2.35,0.0,0,0,0.0,-0.93,0,0.0,0,-2.36,0.05555555555555555,1",1,-33.41,-6.79,-0.73,nan,47.4
UGAAUAGCACAUUGGUUGG,GCAAUGUGCAAGAAGAUAGCCAACCAAUGUGCUAUUCAAACUGCCCUGAUGGGCAGU,0.2842105263157894,"1.6,-2.11,-10.44,1,0,-179.16000000000003,0.3157894736842105,0,0.3157894736842105,0,0,0.1111111111111111,-2.35,0.05555555555555555,0,0,0.0,-3.26,0,0.05555555555555555,0,-2.11,0.1111111111111111,0",0,-31.18,-7.12,1.6,nan,42.1
UGACUGGCGACGUAAUCCA,AUGACGGAAAAAGAGAUCGUGGAUUACGUCGCCAGUCAAGUAACAACCGCGAAAAAG,0.9806138933764136,"0.0,-2.11,-10.44,1,0,-189.09999999999997,0.21052631578947367,0,0.2631578947368421,0,0,0.05555555555555555,-2.35,0.05555555555555555,0,0,0.05555555555555555,-2.11,0,0.05555555555555555,0,-1.33,0.0,1",1,-35.21,-11.37,0.0,nan,52.6
UGAGCCGCUGGCAGAUGCC,GCGGGCAGCCUGCCGACAAGGCAUCUGCCAGCGGCUCAGGAGCCCAGGUGGGCGGAC,0.92,"1.6,-2.11,-10.44,1,0,-210.45999999999998,0.15789473684210525,0,0.3684210526315789,0,0,0.05555555555555555,-2.35,0.0,0,0,0.1111111111111111,-3.26,0,0.2222222222222222,0,-2.08,0.0,0",1,-41.76,-12.8,1.6,nan,68.4
UGAGGAUCUCUCUGAUUUU,CGGAAAACUCGACGCAAGAAAAAUCAGAGAGAUCCUCAUAAAGGCCAAGAAGGGCGG,0.938610662358643,"-0.73,-2.11,-10.44,1,0,-179.0,0.47368421052631576,0,0.21052631578947367,0,0,0.05555555555555555,-2.35,0.0,0,0,0.0,-0.93,0,0.0,0,-2.11,0.16666666666666666,0",1,-29.9,-9.4,-0.73,nan,36.8
UGAGGCUGUUGUCAUACUU,CAUGGGUGUGAACCAUGAGAAGUAUGACAACAGCCUCAAGAUCAUCAGCAAUGCCUC,0.9852180936995154,"-0.73,-2.11,-10.44,1,0,-180.20999999999998,0.42105263157894735,0,0.2631578947368421,0,0,0.05555555555555555,-2.35,0.05555555555555555,0,0,0.0,-0.93,0,0.05555555555555555,0,-2.11,0.1111111111111111,0",1,-32.08,-11.21,-0.73,nan,42.1
UGAUCUUGAGGCUGUUGUC,UGUGAACCAUGAGAAGUAUGACAACAGCCUCAAGAUCAUCAGCAAUGCCUCCUGCAC,0.9855411954765754,"1.14,-2.11,-10.44,1,0,-189.72,0.42105263157894735,0,0.3157894736842105,0,0,0.05555555555555555,-2.35,0.0,0,0,0.0,-2.35,0,0.05555555555555555,0,-2.11,0.1111111111111111,0",1,-33.66,-6.83,1.14,nan,47.4
UGAUGACCCUUUUGGCUCC,UGGGGCUCAUUUGCAGGGGGGAGCCAAAAGGGUCAUCAUCUCUGCCCCCUCUGCUGA,0.9409531502423264,"1.6,-2.11,-10.44,1,0,-191.95,0.3684210526315789,0,0.21052631578947367,0,0,0.05555555555555555,-2.35,0.0,0,0,0.16666666666666666,-3.26,0,0.05555555555555555,0,-2.11,0.16666666666666666,0",1,-35.59,-9.32,1.6,nan,52.6
UGAUUUUUCUUGCGUCGAG,GAAAGGUCUUACCGGAAAACUCGACGCAAGAAAAAUCAGAGAGAUCCUCAUAAAGGC,0.9278836833602586,"0.87,-2.11,-10.44,1,0,-175.30999999999997,0.47368421052631576,0,0.2631578947368421,0,0,0.0,-2.35,0.0,0,0,0.0,-2.08,0,0.05555555555555555,0,-2.36,0.2777777777777778,0",1,-29.37,-2.63,0.87,nan,42.1
UGCCAAGUACGUCUGCUUC,ACGAGAUUGUGAAGGAUGUGAAGCAGACGUACUUGGCACGGGUCUUCUCCUACCCGG,0.85,"1.14,-2.11,-10.44,1,0,-189.63,0.3157894736842105,0,0.21052631578947367,0,0,0.0,-3.42,0.05555555555555555,0,0,0.05555555555555555,-2.35,0,0.1111111111111111,0,-2.08,0.05555555555555555,0",1,-35.1,-9.5,1.14,nan,52.6
UGCCAUCUCCCCUGGUGAA,CAUGAUCCAGGGCGGAGACUUCACCAGGGGAGAUGGCACAGGAGGAAAGAGCAUCUA,0.3667205169628433,"-0.73,-2.11,-10.44,1,0,-198.42,0.2631578947368421,0,0.21052631578947367,0,0,0.05555555555555555,-3.42,0.0,0,0,0.2222222222222222,-0.93,0,0.05555555555555555,0,-2.11,0.0,1",0,-38.65,-9.78,-0.73,nan,57.9
UGCGUCGAGUUUUCCGGUA,ACGAAGUACCGAAAGGUCUUACCGGAAAACUCGACGCAAGAAAAAUCAGAGAGAUCC,0.9991922455573508,"-0.33,-2.11,-10.44,1,0,-183.11999999999998,0.3684210526315789,0,0.3157894736842105,0,0,0.05555555555555555,-3.42,0.05555555555555555,0,0,0.05555555555555555,-1.33,0,0.05555555555555555,0,-2.35,0.16666666666666666,1",1,-34.11,-10.54,-0.33,nan,52.6
UGCUACACAUGUCUAUGGA,CUUACAGAAGAAGUGGCCCUCCAUAGACAUGUGUAGCAUCAAAACACAAAGGCCCAC,0.8736842105263157,"0.24,-2.11,-10.44,1,0,-183.59999999999997,0.3157894736842105,0,0.21052631578947367,0,0,0.05555555555555555,-3.42,0.1111111111111111,0,0,0.0,-2.35,0,0.05555555555555555,0,-2.08,0.0,1",1,-32.68,-9.33,0.24,nan,42.1
UGCUCCAAAACAACAACGG,GCCGGUGAACUUCCCGCCGCCGUUGUUGUUUUGGAGCACGGAAAGACGAUGACGGAA,0.945880452342488,"1.6,-2.11,-10.44,1,0,-177.95,0.10526315789473684,0,0.15789473684210525,0,0,0.05555555555555555,-3.42,0.0,0,0,0.05555555555555555,-3.26,0,0.05555555555555555,0,-2.24,0.0,0",1,-32.0,-9.61,1.6,nan,47.4
UGCUCUCCAGCGGUUCCAU,CCAUUCUAUCCGCUGGAAGAUGGAACCGCUGGAGAGCAACUGCAUAAGGCUAUGAAG,0.35,"-0.56,-2.11,-10.44,1,0,-197.2,0.3157894736842105,0,0.21052631578947367,0,0,0.05555555555555555,-3.42,0.0,0,0,0.1111111111111111,-1.1,0,0.1111111111111111,0,-2.24,0.05555555555555555,0",0,-37.88,-11.45,-0.56,nan,57.9
UGCUUCAGUUUGAAGUUCU,GGUGAGCGCUUCCCCGAUGAGAACUUCAAACUGAAGCACUACGGGCCUGGCUGGGUC,0.5912762520193862,"-0.03,-2.11,-10.44,1,0,-171.28999999999996,0.47368421052631576,0,0.21052631578947367,0,0,0.0,-3.42,0.0,0,0,0.0,-2.08,0,0.05555555555555555,0,-0.93,0.2222222222222222,0",0,-29.26,-8.88,-0.03,nan,36.8
UGGAAGAACUCUACUUUGA,UUACCUGUGUGUGGUGAUAUCAAAGUAGAGUUCUUCCACAAACAGAACAAGAUGCUA,0.5263157894736843,"0.24,-2.11,-10.44,1,0,-172.67,0.3157894736842105,0,0.21052631578947367,0,0,0.05555555555555555,-3.26,0.05555555555555555,0,0,0.0,-2.35,0,0.0,0,-2.24,0.1111111111111111,1",0,-29.74,-7.36,0.24,nan,36.8
UGGAAUUUGCUGUUUUUGU,GGAGAGAAAGGAUUUGGCUACAAAAACAGCAAAUUCCAUCGUGUAAUCAAGGACUUC,0.8586429725363491,"0.13,-2.11,-10.44,1,0,-161.82,0.5789473684210527,0,0.2631578947368421,0,0,0.05555555555555555,-3.26,0.0,0,0,0.0,-2.24,0,0.05555555555555555,0,-0.93,0.3333333333333333,0",1,-26.65,-4.96,0.13,nan,31.6
UGGAGCUGCAAUAGUGCAA,UUUGCAUUUCACUGGGAGCUUGCACUAUUGCAGCUCCAGUUUCCUGCAGUGAUCAGG,0.2631578947368421,"-0.73,-2.11,-10.44,1,0,-185.16999999999996,0.21052631578947367,0,0.3157894736842105,0,0,0.05555555555555555,-3.26,0.05555555555555555,0,0,0.0,-0.93,0,0.16666666666666666,0,-2.08,0.0,1",0,-34.2,-11.21,-0.73,nan,47.4
UGGAUAAAUAUAGGUCAAG,AGGAUGGAUUCGACUUAGACUUGACCUAUAUUUAUCCAAACAUUAUUGCUAUGGGAU,0.7157894736842104,"0.87,-2.11,-10.44,1,0,-169.23999999999998,0.2631578947368421,0,0.2631578947368421,0,0,0.1111111111111111,-3.26,0.16666666666666666,0,0,0.0,-2.08,0,0.0,0,-3.26,0.0,0",1,-27.38,-5.36,0.87,nan,31.6
UGGCAGAAUAAGUCUUCUC,GCAGUAUAAGAAGGAGCUGGAGAAGACUUAUUCUGCCAAGCUGGACAAUGCCAGGCA,0.97,"1.14,-2.11,-10.44,1,0,-182.42999999999998,0.3157894736842105,0,0.21052631578947367,0,0,0.05555555555555555,-3.26,0.05555555555555555,0,0,0.0,-2.35,0,0.05555555555555555,0,-2.35,0.05555555555555555,0",1,-31.54,-9.61,1.14,nan,42.1
UGGCGACGUAAUCCACGAU,GACGAUGACGGAAAAAGAGAUCGUGGAUUACGUCGCCAGUCAAGUAACAACCGCGAA,0.581583198707593,"-0.56,-2.11,-10.44,1,0,-188.2,0.21052631578947367,0,0.2631578947368421,0,0,0.05555555555555555,-3.26,0.05555555555555555,0,0,0.05555555555555555,-1.1,0,0.05555555555555555,0,-3.26,0.0,0",0,-34.48,-11.9,-0.56,nan,52.6
UGGCGUCGUUCUUAAUGCA,GAACAAAGUCGCCGUCAAGUGCAUUAAGAACGACGCCACUGCCCAGGCCUUCCUGGC,0.85,"0.0,-2.11,-10.44,1,0,-180.39,0.3684210526315789,0,0.2631578947368421,0,0,0.05555555555555555,-3.26,0.05555555555555555,0,0,0.0,-2.11,0,0.1111111111111111,0,-1.33,0.1111111111111111,1",1,-32.64,-11.9,0.0,nan,47.4
UGGUGAAGUCUCCGCCCUG,AAUCAAGGACUUCAUGAUCCAGGGCGGAGACUUCACCAGGGGAGAUGGCACAGGAGG,0.6025848142164782,"0.9,-2.11,-10.44,1,0,-201.44999999999996,0.2631578947368421,0,0.3157894736842105,0,0,0.05555555555555555,-3.26,0.0,0,0,0.16666666666666666,-2.11,0,0.05555555555555555,0,-2.36,0.0,0",0,-39.31,-8.88,0.9,nan,63.2
UGUAGACUUGAUUGACGGG,UUUGGAGUGGGAACCCAAACCCGUCAAUCAAGUCUACACUGUUCAAAUAAGCACUAA,0.25,"1.6,-2.11,-10.44,1,0,-184.59999999999997,0.3157894736842105,0,0.3684210526315789,0,0,0.1111111111111111,-2.24,0.05555555555555555,0,0,0.0,-3.26,0,0.0,0,-2.11,0.1111111111111111,0",0,-32.89,-7.78,1.6,nan,47.4
UGUAGCCAAAUCCUUUCUC,UGUGGCCUUAGCUACAGGAGAGAAAGGAUUUGGCUACAAAAACAGCAAAUUCCAUCG,0.9701130856219712,"1.14,-2.11,-10.44,1,0,-179.71999999999997,0.3684210526315789,0,0.10526315789473684,0,0,0.0,-2.24,0.05555555555555555,0,0,0.1111111111111111,-2.35,0,0.05555555555555555,0,-2.08,0.1111111111111111,0",1,-31.3,-9.9,1.14,nan,42.1
UGUAGCUAAGGCCACAAAA,UUCCAAAAACAGUGGAUAAUUUUGUGGCCUUAGCUACAGGAGAGAAAGGAUUUGGCU,0.644588045234249,"-0.73,-2.11,-10.44,1,0,-173.71,0.15789473684210525,0,0.21052631578947367,0,0,0.05555555555555555,-2.24,0.1111111111111111,0,0,0.05555555555555555,-0.93,0,0.1111111111111111,0,-2.11,0.0,1",0,-31.8,-7.94,-0.73,nan,42.1
UGUGCCAUCUCCCCUGGUG,UGAUCCAGGGCGGAGACUUCACCAGGGGAGAUGGCACAGGAGGAAAGAGCAUCUACG,0.8206785137318255,"0.9,-2.11,-10.44,1,0,-204.72,0.3157894736842105,0,0.2631578947368421,0,0,0.05555555555555555,-2.24,0.0,0,0,0.2222222222222222,-2.11,0,0.05555555555555555,0,-3.26,0.0,0",1,-40.17,-9.7,0.9,nan,63.2
UGUGUGUUCGGUUUCAUGG,CAGGCCCAAAAAGGGACCCCCAUGAAACCGAACACACAAGCCACGCCUCCCUGAACC,0.8315789473684211,"1.6,-2.11,-10.44,1,0,-182.60999999999996,0.47368421052631576,0,0.3684210526315789,0,0,0.1111111111111111,-2.24,0.0,0,0,0.0,-3.26,0,0.0,0,-0.93,0.16666666666666666,0",1,-32.44,-7.33,1.6,nan,47.4
UGUUCUUCUGGAAGUCCAG,GCAGACCAUGAAGGAGGAACUGGACUUCCAGAAGAACAUCUACAGUGAGGAGCUGCG,0.98,"0.87,-2.11,-10.44,1,0,-185.70999999999995,0.3684210526315789,0,0.2631578947368421,0,0,0.05555555555555555,-2.24,0.0,0,0,0.05555555555555555,-2.08,0,0.0,0,-2.08,0.1111111111111111,0",1,-33.3,-6.79,0.87,nan,47.4
UGUUGUCAUACUUCUCAUG,GUUCGUCAUGGGUGUGAACCAUGAGAAGUAUGACAACAGCCUCAAGAUCAUCAGCAA,0.9708400646203555,"0.9,-2.11,-10.44,1,0,-177.43999999999997,0.47368421052631576,0,0.15789473684210525,0,0,0.0,-2.24,0.05555555555555555,0,0,0.0,-2.11,0,0.0,0,-2.35,0.1111111111111111,0",1,-29.33,-7.44,0.9,nan,36.8
UGUUUUUGUAGCCAAAUCC,CUUAGCUACAGGAGAGAAAGGAUUUGGCUACAAAAACAGCAAAUUCCAUCGUGUAAU,0.8990306946688207,"1.6,-2.11,-10.44,1,0,-169.35999999999996,0.42105263157894735,0,0.15789473684210525,0,0,0.0,-2.24,0.05555555555555555,0,0,0.1111111111111111,-3.26,0,0.05555555555555555,0,-2.11,0.2222222222222222,0",1,-28.65,-3.98,1.6,nan,36.8
UUAAAAUCGCAGUAUCCGG,UUUUGGCAAUCAAAUCAUUCCGGAUACUGCGAUUUUAAGUGUUGUUCCAUUCCAUCA,0.92,"2.33,-0.93,-6.82,1,0,-174.22999999999996,0.2631578947368421,1,0.21052631578947367,0,0,0.05555555555555555,-1.33,0.1111111111111111,1,0,0.05555555555555555,-3.26,0,0.05555555555555555,0,-1.33,0.05555555555555555,0",1,-29.83,-3.03,2.33,nan,42.1
UUAAACGCUUUCUCUGGAA,GUGACCGCGGGUGCAGGCAUUCCAGAGAAAGCGUUUAAUUUAACUUGGAUAUCAACU,0.25,"0.0,-0.93,-6.82,1,0,-167.07,0.3684210526315789,1,0.15789473684210525,0,0,0.05555555555555555,-1.33,0.05555555555555555,1,0,0.0,-0.93,0,0.05555555555555555,0,-2.35,0.16666666666666666,1",0,-28.6,-6.67,0.0,nan,36.8
UUAAUCAGAGACUUCAGGC,CACUUCUUCAUCGUUGACCGCCUGAAGUCUCUGAUUAAGUACAAAGGCUAUCAGGUG,0.92,"2.49,-0.93,-6.82,1,0,-182.43,0.2631578947368421,1,0.21052631578947367,0,0,0.05555555555555555,-1.33,0.05555555555555555,1,0,0.0,-3.42,0,0.05555555555555555,0,-0.93,0.1111111111111111,0",1,-31.54,-5.36,2.49,nan,42.1
UUACACGAUGGAAUUUGCU,AGGAUUUGGCUACAAAAACAGCAAAUUCCAUCGUGUAAUCAAGGACUUCAUGAUCCA,0.9224555735056544,"0.7,-0.93,-6.82,1,0,-171.06999999999996,0.3684210526315789,1,0.21052631578947367,0,0,0.05555555555555555,-1.33,0.05555555555555555,1,0,0.0,-2.08,0,0.05555555555555555,0,-1.1,0.16666666666666666,0",1,-28.89,-7.64,0.7,nan,36.8
UUAGGCAAGAAGUCUCAAA,GUUAGUGGGCAAACCACCUUUUGAGACUUCUUGCCUAAAAGAGACCUACCUCCGGAU,0.8885298869143783,"0.0,-0.93,-6.82,1,0,-170.53,0.21052631578947367,1,0.21052631578947367,0,0,0.05555555555555555,-1.33,0.05555555555555555,1,0,0.0,-0.93,0,0.05555555555555555,0,-2.35,0.05555555555555555,1",1,-29.5,-8.14,0.0,nan,36.8
UUAUAAAUGUCGUUCGCGG,AUCGGAGUUGCAGUUGCGCCCGCGAACGACAUUUAUAAUGAACGUGAAUUGCUCAAC,0.92,"2.33,-0.93,-6.82,1,0,-172.39999999999998,0.3684210526315789,1,0.2631578947368421,0,0,0.05555555555555555,-1.33,0.1111111111111111,1,0,0.0,-3.26,0,0.05555555555555555,0,-0.93,0.1111111111111111,0",1,-29.09,-1.73,2.33,nan,42.1
UUAUUUUCAUGGUGUUUUA,UUUUUUUUAUCAAGAGGGAUAAAACACCAUGAAAAUAAACUUGAAUAAACUGAAAAU,0.8210526315789474,"0.4,-0.93,-6.82,1,0,-150.77999999999997,0.631578947368421,1,0.15789473684210525,0,0,0.05555555555555555,-1.33,0.1111111111111111,1,0,0.0,-1.33,0,0.0,0,-2.11,0.3888888888888889,1",1,-22.8,-3.03,0.4,nan,21.1
UUCACACCCAUGACGAACA,CCCUCUGCUGAUGCCCCCAUGUUCGUCAUGGGUGUGAACCAUGAGAAGUAUGACAAC,0.8735056542810986,"0.73,-0.93,-6.82,1,0,-184.50999999999996,0.15789473684210525,1,0.10526315789473684,0,0,0.0,-2.35,0.0,1,0,0.1111111111111111,-2.11,0,0.0,0,-2.24,0.05555555555555555,1",1,-33.41,-9.77,0.73,nan,47.4
UUCACCUCCAGAUCUUCAU,CUGGGCAACCUUUUCCUGAAUGAAGAUCUGGAGGUGAAAAUAGGGGAUUUUGGACUG,0.668659127625202,"0.17,-0.93,-6.82,1,0,-184.48999999999998,0.3684210526315789,1,0.05263157894736842,0,0,0.0,-2.35,0.0,1,0,0.1111111111111111,-1.1,0,0.0,0,-2.35,0.1111111111111111,0",0,-32.15,-9.85,0.17,nan,42.1
UUCUCCAGCUCCUUCUUAU,GAGGACCAGGUGGAGCAGUAUAAGAAGGAGCUGGAGAAGACUUAUUCUGCCAAGCUG,0.96,"0.17,-0.93,-6.82,1,0,-180.73999999999998,0.47368421052631576,1,0.05263157894736842,0,0,0.0,-2.35,0.05555555555555555,1,0,0.1111111111111111,-1.1,0,0.05555555555555555,0,-0.93,0.16666666666666666,0",1,-32.08,-9.69,0.17,nan,42.1
UUCUCCUCAGCAGCCAGAG,GCUGCCGCCGCUGCCAGGCCUCUGGCUGCUGAGGAGAAGCAGGCCCAGUCGCUGCAA,0.7578947368421053,"1.6,-0.93,-6.82,1,0,-199.98999999999995,0.21052631578947367,1,0.21052631578947367,0,0,0.0,-2.35,0.0,1,0,0.1111111111111111,-2.08,0,0.1111111111111111,0,-3.42,0.05555555555555555,0",1,-37.96,-9.93,1.6,nan,57.9
UUCUCUCCUGUAGCUAAGG,ACAGUGGAUAAUUUUGUGGCCUUAGCUACAGGAGAGAAAGGAUUUGGCUACAAAAAC,0.8481421647819065,"2.33,-0.93,-6.82,1,0,-185.39,0.3684210526315789,1,0.21052631578947367,0,0,0.05555555555555555,-2.35,0.1111111111111111,1,0,0.05555555555555555,-3.26,0,0.05555555555555555,0,-3.42,0.05555555555555555,0",1,-33.8,-9.93,2.33,nan,47.4
UUCUCUGGAAUGCCUGCAC,CUCCUCCAGGUGACCGCGGGUGCAGGCAUUCCAGAGAAAGCGUUUAAUUUAACUUGG,0.25,"1.76,-0.93,-6.82,1,0,-194.14999999999998,0.3157894736842105,1,0.21052631578947367,0,0,0.05555555555555555,-2.35,0.0,1,0,0.05555555555555555,-2.24,0,0.1111111111111111,0,-3.26,0.05555555555555555,0",0,-35.75,-9.69,1.76,nan,52.6
UUCUUCUGCAGGAUGGAAA,ACCGCCAAGUCCAGAGCCAUUUCCAUCCUGCAGAAGAAGCCCCGCCACCAGCAGCUU,0.4947368421052631,"0.0,-0.93,-6.82,1,0,-179.78999999999996,0.3157894736842105,1,0.2631578947368421,0,0,0.1111111111111111,-2.35,0.0,1,0,0.0,-0.93,0,0.05555555555555555,0,-1.1,0.1111111111111111,1",0,-31.74,-7.36,0.0,nan,42.1
UUCUUGCGUCGAGUUUUCC,AGUACCGAAAGGUCUUACCGGAAAACUCGACGCAAGAAAAAUCAGAGAGAUCCUCAU,0.9733441033925688,"2.33,-0.93,-6.82,1,0,-180.27999999999997,0.47368421052631576,1,0.21052631578947367,0,0,0.0,-2.35,0.0,1,0,0.05555555555555555,-3.26,0,0.05555555555555555,0,-2.24,0.2777777777777778,0",1,-31.66,-8.71,2.33,nan,47.4
UUCUUUAUGUUUUUGGCGU,GGUAAAGCCACCAUGGAAGACGCCAAAAACAUAAAGAAAGGCCCGGCGCCAUUCUAU,0.95,"0.86,-0.93,-6.82,1,0,-159.27,0.631578947368421,1,0.21052631578947367,0,0,0.05555555555555555,-2.35,0.05555555555555555,1,0,0.0,-2.24,0,0.05555555555555555,0,-0.93,0.3888888888888889,0",1,-26.12,-3.73,0.86,nan,31.6
UUGAACUCGGUGUUGAUGG,GACUUCUCGCUGGCCGACGCCAUCAACACCGAGUUCAAGAACACCCGCACCAACGAG,0.85,"2.33,-0.93,-6.82,1,0,-183.69,0.3684210526315789,1,0.3684210526315789,0,0,0.1111111111111111,-2.11,0.0,1,0,0.0,-3.26,0,0.0,0,-0.93,0.1111111111111111,0",1,-32.52,-7.52,2.33,nan,47.4
UUGAUUACACGAUGGAAUU,UUUGGCUACAAAAACAGCAAAUUCCAUCGUGUAAUCAAGGACUUCAUGAUCCAGGGC,0.9305331179321488,"0.0,-0.93,-6.82,1,0,-167.52999999999997,0.3684210526315789,1,0.21052631578947367,0,0,0.05555555555555555,-2.11,0.05555555555555555,1,0,0.0,-0.93,0,0.0,0,-2.11,0.16666666666666666,0",1,-26.84,-5.52,0.0,nan,31.6
UUGCUGUUUUUGUAGCCAA,GCUACAGGAGAGAAAGGAUUUGGCUACAAAAACAGCAAAUUCCAUCGUGUAAUCAAG,0.7738287560581583,"0.0,-0.93,-6.82,1,0,-166.23000000000002,0.47368421052631576,1,0.21052631578947367,0,0,0.0,-2.11,0.05555555555555555,1,0,0.05555555555555555,-0.93,0,0.1111111111111111,0,-1.33,0.2777777777777778,1",1,-29.1,-7.9,0.0,nan,36.8
UUGCUUGUCCCACAGCCCA,GAUGCCCUCGUGUCCGUGAUGGGCUGUGGGACAAGCAAGGUCCUUCCCGAGCCACCC,0.25,"0.73,-0.93,-6.82,1,0,-194.31,0.2631578947368421,1,0.15789473684210525,0,0,0.0,-2.11,0.0,1,0,0.2222222222222222,-2.11,0,0.1111111111111111,0,-2.11,0.1111111111111111,1",0,-38.29,-7.9,0.73,nan,57.9
UUGGCCUUUAUGAGGAUCU,GACGCAAGAAAAAUCAGAGAGAUCCUCAUAAAGGCCAAGAAGGGCGGAAAGAUCGCC,0.8562197092084007,"0.7,-0.93,-6.82,1,0,-180.54999999999998,0.42105263157894735,1,0.2631578947368421,0,0,0.1111111111111111,-2.11,0.05555555555555555,1,0,0.05555555555555555,-2.08,0,0.05555555555555555,0,-2.08,0.16666666666666666,0",1,-32.04,-10.07,0.7,nan,42.1
UUGUCAUACUUCUCAUGGU,AUGUUCGUCAUGGGUGUGAACCAUGAGAAGUAUGACAACAGCCUCAAGAUCAUCAGC,0.9718901453957998,"0.86,-0.93,-6.82,1,0,-176.67,0.47368421052631576,1,0.15789473684210525,0,0,0.05555555555555555,-2.11,0.05555555555555555,1,0,0.0,-2.24,0,0.0,0,-2.35,0.1111111111111111,0",1,-30.03,-6.25,0.86,nan,36.8
UUGUCUCUGGUCCUUACUU,GCCCUAGAUUUCUAUGGGGAAGUAAGGACCAGAGACAAAAAGGGAGUAACUAUUCCC,1.0,"0.0,-0.93,-6.82,1,0,-178.2,0.5263157894736842,1,0.15789473684210525,0,0,0.05555555555555555,-2.11,0.05555555555555555,1,0,0.05555555555555555,-0.93,0,0.0,0,-2.08,0.16666666666666666,0",1,-31.96,-8.22,0.0,nan,42.1
UUGUUACUUGACUGGCGAC,AAAAGAGAUCGUGGAUUACGUCGCCAGUCAAGUAACAACCGCGAAAAAGUUGCGCGG,0.587237479806139,"1.76,-0.93,-6.82,1,0,-182.48999999999998,0.3684210526315789,1,0.2631578947368421,0,0,0.05555555555555555,-2.11,0.05555555555555555,1,0,0.0,-2.24,0,0.05555555555555555,0,-2.11,0.16666666666666666,0",0,-32.77,-5.94,1.76,nan,47.4
UUGUUCCUAUAACUGGUAA,AAUAGGACAUUGUGUCAGAUUACCAGUUAUAGGAACAAUUCUCUUUUCCUGACCAAU,0.631578947368421,"0.0,-0.93,-6.82,1,0,-163.94,0.42105263157894735,1,0.15789473684210525,0,0,0.05555555555555555,-2.11,0.16666666666666666,1,0,0.05555555555555555,-0.93,0,0.0,0,-2.08,0.1111111111111111,1",0,-27.79,-7.98,0.0,nan,31.6
UUGUUGAUGUAAGCUUUCA,ACUUCCAAGGAAGAUGCCAUGAAAGCUUACAUCAACAAAGUAGAAGAGCUAAAGAAA,0.4969305331179321,"0.73,-0.93,-6.82,1,0,-165.39999999999998,0.47368421052631576,1,0.21052631578947367,0,0,0.0,-2.11,0.05555555555555555,1,0,0.0,-2.11,0,0.05555555555555555,0,-3.42,0.2222222222222222,1",0,-27.29,-5.85,0.73,nan,31.6
UUUAUGAGGAUCUCUCUGA,AAACUCGACGCAAGAAAAAUCAGAGAGAUCCUCAUAAAGGCCAAGAAGGGCGGAAAG,0.968739903069467,"0.97,-0.93,-6.82,1,0,-179.86999999999998,0.42105263157894735,1,0.21052631578947367,0,0,0.05555555555555555,-0.93,0.05555555555555555,1,0,0.0,-2.35,0,0.0,0,-2.35,0.1111111111111111,1",1,-30.3,-5.36,0.97,nan,36.8
UUUCAUAGCUUCUGCCAAC,ACUUCGAAAUGUCCGUUCGGUUGGCAGAAGCUAUGAAACGAUAUGGGCUGAAUACAA,0.92,"1.76,-0.93,-6.82,1,0,-179.21,0.3684210526315789,1,0.10526315789473684,0,0,0.0,-0.93,0.05555555555555555,1,0,0.05555555555555555,-2.24,0,0.1111111111111111,0,-2.11,0.16666666666666666,0",1,-31.22,-5.36,1.76,nan,42.1
UUUCAUAUUGCUGACGUAC,CACGGCUGCCCUGCGUGACGUACGUCAGCAAUAUGAAAGUGUGGCUGCCAAGAACCU,0.85,"1.76,-0.93,-6.82,1,0,-173.67000000000002,0.42105263157894735,1,0.15789473684210525,0,0,0.0,-0.93,0.1111111111111111,1,0,0.0,-2.24,0,0.05555555555555555,0,-2.35,0.16666666666666666,0",1,-28.72,-3.93,1.76,nan,36.8
UUUCCGGUAAGACCUUUCG,GUGUUUGUGGACGAAGUACCGAAAGGUCUUACCGGAAAACUCGACGCAAGAAAAAUC,0.9919224555735058,"1.43,-0.93,-6.82,1,0,-176.99,0.3684210526315789,1,0.21052631578947367,0,0,0.05555555555555555,-0.93,0.05555555555555555,1,0,0.1111111111111111,-2.36,0,0.0,0,-3.26,0.2222222222222222,0",1,-31.63,-9.41,1.43,nan,47.4
UUUCCGUCAUCGUCUUUCC,CGUUGUUGUUUUGGAGCACGGAAAGACGAUGACGGAAAAAGAGAUCGUGGAUUACGU,0.9321486268174476,"2.33,-0.93,-6.82,1,0,-183.31,0.47368421052631576,1,0.10526315789473684,0,0,0.0,-0.93,0.0,1,0,0.1111111111111111,-3.26,0,0.0,0,-2.35,0.2222222222222222,0",1,-31.94,-8.95,2.33,nan,47.4
UUUCCGUGCUCCAAAACAA,GAACUUCCCGCCGCCGUUGUUGUUUUGGAGCACGGAAAGACGAUGACGGAAAAAGAG,0.9450726978998384,"0.0,-0.93,-6.82,1,0,-171.64999999999998,0.2631578947368421,1,0.10526315789473684,0,0,0.0,-0.93,0.0,1,0,0.1111111111111111,-0.93,0,0.05555555555555555,0,-0.93,0.1111111111111111,1",1,-30.48,-8.71,0.0,nan,42.1
UUUCCUCCUGUGCCAUCUC,GGCGGAGACUUCACCAGGGGAGAUGGCACAGGAGGAAAGAGCAUCUACGGUGAGCGC,0.7940226171243943,"1.87,-0.93,-6.82,1,0,-194.66,0.42105263157894735,1,0.10526315789473684,0,0,0.0,-0.93,0.0,1,0,0.16666666666666666,-2.35,0,0.05555555555555555,0,-3.26,0.1111111111111111,0",1,-35.83,-9.69,1.87,nan,52.6
UUUCGCGGUUGUUACUUGA,UCGUGGAUUACGUCGCCAGUCAAGUAACAACCGCGAAAAAGUUGCGCGGAGGAGUUG,0.9394184168012925,"0.97,-0.93,-6.82,1,0,-170.73,0.47368421052631576,1,0.2631578947368421,0,0,0.05555555555555555,-0.93,0.05555555555555555,1,0,0.0,-2.35,0,0.05555555555555555,0,-1.33,0.2777777777777778,1",1,-30.11,-10.14,0.97,nan,42.1
UUUCGGUACUUCGUCCACA,UGCGCGGAGGAGUUGUGUUUGUGGACGAAGUACCGAAAGGUCUUACCGGAAAACUCG,0.8529886914378031,"0.73,-0.93,-6.82,1,0,-179.44000000000003,0.3684210526315789,1,0.15789473684210525,0,0,0.05555555555555555,-0.93,0.05555555555555555,1,0,0.05555555555555555,-2.11,0,0.0,0,-2.24,0.16666666666666666,1",1,-32.68,-7.48,0.73,nan,47.4
UUUGAAGUUCUCAUCGGGG,GCAUCUACGGUGAGCGCUUCCCCGAUGAGAACUUCAAACUGAAGCACUACGGGCCUG,0.908723747980614,"2.33,-0.93,-6.82,1,0,-183.13999999999993,0.3684210526315789,1,0.3157894736842105,0,0,0.16666666666666666,-0.93,0.0,1,0,0.0,-3.26,0,0.0,0,-1.1,0.16666666666666666,0",1,-32.44,-5.65,2.33,nan,47.4
UUUGUAGCCAAAUCCUUUC,UGGCCUUAGCUACAGGAGAGAAAGGAUUUGGCUACAAAAACAGCAAAUUCCAUCGUG,0.9854604200323104,"1.87,-0.93,-6.82,1,0,-170.43999999999997,0.42105263157894735,1,0.10526315789473684,0,0,0.0,-0.93,0.05555555555555555,1,0,0.1111111111111111,-2.35,0,0.05555555555555555,0,-2.35,0.2222222222222222,0",1,-28.73,-7.57,1.87,nan,36.8
UUUGUAGUGCCUGAAGCGC,GUCUUCGCCCAGGUGGCCGGCGCUUCAGGCACUACAAAUACUGUGGCAGCAUAUAAU,0.85,"2.49,-0.93,-6.82,1,0,-187.48999999999995,0.3157894736842105,1,0.3157894736842105,0,0,0.0,-0.93,0.05555555555555555,1,0,0.05555555555555555,-3.42,0,0.16666666666666666,0,-2.35,0.1111111111111111,0",1,-34.86,-5.94,2.49,nan,52.6
UUUGUAUUCAGCCCAUAUC,UUGGCAGAAGCUAUGAAACGAUAUGGGCUGAAUACAAAUCACAGAAUCGUCGUAUGC,0.967205169628433,"1.87,-0.93,-6.82,1,0,-176.39,0.42105263157894735,1,0.10526315789473684,0,0,0.0,-0.93,0.1111111111111111,1,0,0.1111111111111111,-2.35,0,0.05555555555555555,0,-3.26,0.16666666666666666,0",1,-29.5,-3.65,1.87,nan,36.8
UUUUAGAAUCCAUGAUAAU,CCCAAUCAUCCAAAAAAUUAUUAUCAUGGAUUCUAAAACGGAUUACCAGGGAUUUCA,0.672940226171244,"0.17,-0.93,-6.82,1,0,-158.01999999999998,0.42105263157894735,1,0.10526315789473684,0,0,0.0,-0.93,0.1111111111111111,1,0,0.05555555555555555,-1.1,0,0.0,0,-2.11,0.16666666666666666,0",0,-23.33,-3.56,0.17,nan,21.1
UUUUCUUGCGUCGAGUUUU,UACCGAAAGGUCUUACCGGAAAACUCGACGCAAGAAAAAUCAGAGAGAUCCUCAUAA,0.988691437802908,"0.0,-0.93,-6.82,1,0,-164.36999999999998,0.5789473684210527,1,0.21052631578947367,0,0,0.0,-0.93,0.0,1,0,0.0,-0.93,0,0.05555555555555555,0,-2.35,0.3888888888888889,0",1,-27.46,-4.79,0.0,nan,36.8
UUUUUCCGUCAUCGUCUUU,UUGUUGUUUUGGAGCACGGAAAGACGAUGACGGAAAAAGAGAUCGUGGAUUACGUCG,0.8214862681744752,"0.0,-0.93,-6.82,1,0,-167.39999999999998,0.5789473684210527,1,0.10526315789473684,0,0,0.0,-0.93,0.0,1,0,0.05555555555555555,-0.93,0,0.0,0,-2.36,0.3333333333333333,0",1,-27.74,-6.22,0.0,nan,36.8
UUUUUCGCGGUUGUUACUU,GUGGAUUACGUCGCCAGUCAAGUAACAACCGCGAAAAAGUUGCGCGGAGGAGUUGUG,0.8432956381260097,"0.0,-0.93,-6.82,1,0,-161.49,0.5789473684210527,1,0.21052631578947367,0,0,0.05555555555555555,-0.93,0.05555555555555555,1,0,0.0,-0.93,0,0.05555555555555555,0,-2.24,0.3888888888888889,0",1,-27.51,-6.38,0.0,nan,36.8
UUUUUGAGUGGGUAUCAAC,UCUGGAUUCACUCCCUCUGGUUGAUACCCACUCAAAAAGGACACUUCUGAUUAAGAC,0.85,"1.76,-0.93,-6.82,1,0,-171.5,0.42105263157894735,1,0.2631578947368421,0,0,0.1111111111111111,-0.93,0.05555555555555555,1,0,0.0,-2.24,0,0.0,0,-1.33,0.2222222222222222,0",1,-28.89,-4.79,1.76,nan,36.8
UUUUUGUAGCCAAAUCCUU,GCCUUAGCUACAGGAGAGAAAGGAUUUGGCUACAAAAACAGCAAAUUCCAUCGUGUA,0.8861066235864299,"0.0,-0.93,-6.82,1,0,-161.09999999999994,0.47368421052631576,1,0.10526315789473684,0,0,0.0,-0.93,0.05555555555555555,1,0,0.1111111111111111,-0.93,0,0.05555555555555555,0,-0.93,0.2777777777777778,0",1,-26.86,-3.48,0.0,nan,31.6
