siRNA,mRNA,label,y,td,dG_total,dG_seed,delta_deltaG_ends,MFE_guide,GC_content
CCUCGCCCUUGCUCACCAU,XXXXXXXXXXXXXXXXXXXAUGGUGAGCAAGGGCGAGGAGCUGUUCACCGGGGUGGU,0.5587304827023166,0,"-2.16,-3.26,-13.39,0,0,-201.87,0.2631578947368421,0,0.10526315789473684,0,0,0.0,-2.08,0.0,0,1,0.2222222222222222,-1.1,1,0.1111111111111111,0,-2.35,0.05555555555555555,0",-39.24,-12.64,-2.16,nan,63.2
UCCUCGCCCUUGCUCACCA,XXXXXXXXXXXXXXXXXXAUGGUGAGCAAGGGCGAGGAGCUGUUCACCGGGGUGGUG,0.7930401061332789,1,"-0.24,-2.35,-12.44,1,0,-201.20999999999998,0.2631578947368421,0,0.10526315789473684,0,0,0.0,-3.26,0.0,0,0,0.2222222222222222,-2.11,0,0.1111111111111111,0,-2.08,0.05555555555555555,1",-40.04,-12.64,-0.24,nan,63.2
CUCCUCGCCCUUGCUCACC,XXXXXXXXXXXXXXXXXAUGGUGAGCAAGGGCGAGGAGCUGUUCACCGGGGUGGUGC,0.6139401979793857,0,"0.73,-2.08,-10.48,0,0,-208.69,0.2631578947368421,0,0.10526315789473684,0,0,0.0,-2.35,0.0,1,1,0.2222222222222222,-3.26,0,0.1111111111111111,0,-3.42,0.05555555555555555,0",-40.91,-11.28,0.73,nan,68.4
GCUCCUCGCCCUUGCUCAC,XXXXXXXXXXXXXXXXAUGGUGAGCAAGGGCGAGGAGCUGUUCACCGGGGUGGUGCC,0.3936115930196959,0,"-0.73,-3.42,-14.88,0,1,-210.17999999999998,0.2631578947368421,0,0.15789473684210525,0,1,0.0,-2.08,0.0,0,0,0.16666666666666666,-2.24,0,0.16666666666666666,0,-2.11,0.05555555555555555,0",-41.07,-10.39,-0.73,nan,68.4
AGCUCCUCGCCCUUGCUCA,XXXXXXXXXXXXXXXAUGGUGAGCAAGGGCGAGGAGCUGUUCACCGGGGUGGUGCCC,0.6641494030003062,0,"0.03,-2.08,-10.48,0,0,-201.81999999999996,0.2631578947368421,0,0.15789473684210525,0,0,0.0,-3.42,0.0,0,0,0.16666666666666666,-2.11,0,0.16666666666666666,0,-0.93,0.05555555555555555,1",-40.01,-11.45,0.03,nan,63.2
CAGCUCCUCGCCCUUGCUC,XXXXXXXXXXXXXXAUGGUGAGCAAGGGCGAGGAGCUGUUCACCGGGGUGGUGCCCA,0.4546382283906521,0,"0.24,-2.11,-10.44,0,0,-209.25999999999993,0.2631578947368421,0,0.15789473684210525,0,0,0.0,-2.08,0.0,0,1,0.16666666666666666,-2.35,0,0.16666666666666666,0,-2.08,0.05555555555555555,0",-40.91,-10.28,0.24,nan,68.4
ACAGCUCCUCGCCCUUGCU,XXXXXXXXXXXXXAUGGUGAGCAAGGGCGAGGAGCUGUUCACCGGGGUGGUGCCCAU,0.5470966425145424,0,"-0.16,-2.24,-11.4,0,0,-200.77999999999997,0.2631578947368421,0,0.15789473684210525,0,0,0.0,-2.11,0.0,0,0,0.16666666666666666,-2.08,0,0.16666666666666666,0,-3.26,0.05555555555555555,0",-39.9,-11.21,-0.16,nan,63.2
AACAGCUCCUCGCCCUUGC,XXXXXXXXXXXXAUGGUGAGCAAGGGCGAGGAGCUGUUCACCGGGGUGGUGCCCAUC,0.7719155015817941,1,"2.49,-0.93,-6.82,0,0,-200.83999999999995,0.21052631578947367,0,0.15789473684210525,0,0,0.0,-2.24,0.0,0,0,0.16666666666666666,-3.42,0,0.16666666666666666,0,-3.26,0.05555555555555555,0",-39.2,-9.74,2.49,nan,63.2
GAACAGCUCCUCGCCCUUG,XXXXXXXXXXXAUGGUGAGCAAGGGCGAGGAGCUGUUCACCGGGGUGGUGCCCAUCC,0.4316767017042555,0,"-0.24,-2.35,-12.44,0,1,-202.11999999999998,0.21052631578947367,0,0.21052631578947367,0,0,0.0,-0.93,0.0,0,0,0.16666666666666666,-2.11,0,0.1111111111111111,0,-3.42,0.05555555555555555,0",-38.58,-7.87,-0.24,nan,63.2
UGAACAGCUCCUCGCCCUU,XXXXXXXXXXAUGGUGAGCAAGGGCGAGGAGCUGUUCACCGGGGUGGUGCCCAUCCU,0.5743443208490663,0,"-0.73,-2.11,-10.44,1,0,-194.67999999999998,0.2631578947368421,0,0.15789473684210525,0,0,0.0,-2.35,0.0,0,0,0.16666666666666666,-0.93,0,0.1111111111111111,0,-2.36,0.05555555555555555,0",-37.68,-9.04,-0.73,nan,57.9
GUGAACAGCUCCUCGCCCU,XXXXXXXXXAUGGUGAGCAAGGGCGAGGAGCUGUUCACCGGGGUGGUGCCCAUCCUG,0.754872946219002,1,"-1.06,-2.24,-11.4,0,1,-202.97999999999993,0.21052631578947367,0,0.21052631578947367,0,0,0.0,-2.11,0.0,1,0,0.16666666666666666,-2.08,0,0.1111111111111111,0,-2.35,0.0,0",-39.44,-7.28,-1.06,nan,63.2
GGUGAACAGCUCCUCGCCC,XXXXXXXXAUGGUGAGCAAGGGCGAGGAGCUGUUCACCGGGGUGGUGCCCAUCCUGG,0.5352586998673334,0,"0.0,-3.26,-13.39,0,1,-209.60999999999996,0.15789473684210525,0,0.2631578947368421,1,0,0.05555555555555555,-2.24,0.0,0,0,0.16666666666666666,-3.26,0,0.1111111111111111,0,-2.08,0.0,0",-41.07,-7.44,0.0,nan,68.4
CGGUGAACAGCUCCUCGCC,XXXXXXXAUGGUGAGCAAGGGCGAGGAGCUGUUCACCGGGGUGGUGCCCAUCCUGGU,0.3223798346770078,0,"0.9,-2.36,-10.64,0,0,-206.86,0.15789473684210525,0,0.2631578947368421,0,0,0.05555555555555555,-3.26,0.0,0,1,0.1111111111111111,-3.26,0,0.1111111111111111,1,-3.26,0.0,0",-40.17,-9.04,0.9,nan,68.4
CCGGUGAACAGCUCCUCGC,XXXXXXAUGGUGAGCAAGGGCGAGGAGCUGUUCACCGGGGUGGUGCCCAUCCUGGUC,0.6755791407286459,0,"0.16,-3.26,-13.39,0,0,-206.86,0.15789473684210525,0,0.2631578947368421,0,0,0.05555555555555555,-2.36,0.0,0,1,0.1111111111111111,-3.42,1,0.1111111111111111,0,-2.35,0.0,0",-40.17,-8.71,0.16,nan,68.4
CCCGGUGAACAGCUCCUCG,XXXXXAUGGUGAGCAAGGGCGAGGAGCUGUUCACCGGGGUGGUGCCCAUCCUGGUCG,0.4008572303296255,0,"-0.9,-3.26,-13.39,0,0,-205.37,0.15789473684210525,0,0.2631578947368421,0,0,0.05555555555555555,-3.26,0.0,0,1,0.16666666666666666,-2.36,1,0.05555555555555555,0,-2.08,0.0,0",-40.01,-11.04,-0.9,nan,68.4
CCCCGGUGAACAGCUCCUC,XXXXAUGGUGAGCAAGGGCGAGGAGCUGUUCACCGGGGUGGUGCCCAUCCUGGUCGA,0.124502500255128,0,"-0.46,-3.26,-13.39,0,0,-208.11999999999998,0.15789473684210525,0,0.21052631578947367,0,0,0.05555555555555555,-3.26,0.0,0,1,0.2222222222222222,-2.35,1,0.05555555555555555,0,-3.42,0.0,0",-40.91,-12.4,-0.46,nan,68.4
ACCCCGGUGAACAGCUCCU,XXXAUGGUGAGCAAGGGCGAGGAGCUGUUCACCGGGGUGGUGCCCAUCCUGGUCGAG,0.5108684559648944,0,"-0.16,-2.24,-11.4,0,0,-199.63999999999996,0.15789473684210525,0,0.21052631578947367,0,0,0.05555555555555555,-3.26,0.0,0,0,0.2222222222222222,-2.08,0,0.05555555555555555,0,-2.08,0.0,0",-39.9,-13.1,-0.16,nan,63.2
CACCCCGGUGAACAGCUCC,XXAUGGUGAGCAAGGGCGAGGAGCUGUUCACCGGGGUGGUGCCCAUCCUGGUCGAGC,0.6737422185937341,0,"0.7,-2.11,-10.44,0,0,-207.03999999999996,0.10526315789473684,0,0.21052631578947367,0,0,0.05555555555555555,-2.24,0.0,0,1,0.2222222222222222,-3.26,0,0.05555555555555555,0,-2.11,0.0,0",-40.83,-13.1,0.7,nan,68.4
CCACCCCGGUGAACAGCUC,XAUGGUGAGCAAGGGCGAGGAGCUGUUCACCGGGGUGGUGCCCAUCCUGGUCGAGCU,0.5212776813960608,0,"-0.46,-3.26,-13.39,0,0,-207.03999999999996,0.10526315789473684,0,0.21052631578947367,0,0,0.05555555555555555,-2.11,0.0,0,1,0.2222222222222222,-2.35,1,0.05555555555555555,0,-2.24,0.0,0",-40.83,-12.4,-0.46,nan,68.4
ACCACCCCGGUGAACAGCU,AUGGUGAGCAAGGGCGAGGAGCUGUUCACCGGGGUGGUGCCCAUCCUGGUCGAGCUG,0.6184304520869477,0,"-0.16,-2.24,-11.4,0,0,-198.55999999999997,0.10526315789473684,0,0.21052631578947367,0,0,0.05555555555555555,-3.26,0.0,0,0,0.2222222222222222,-2.08,0,0.05555555555555555,0,-0.93,0.0,0",-39.82,-13.3,-0.16,nan,63.2
CACCACCCCGGUGAACAGC,UGGUGAGCAAGGGCGAGGAGCUGUUCACCGGGGUGGUGCCCAUCCUGGUCGAGCUGG,0.4940300030615369,0,"0.86,-2.11,-10.44,0,0,-205.95999999999998,0.05263157894736842,0,0.21052631578947367,0,0,0.05555555555555555,-2.24,0.0,0,1,0.2222222222222222,-3.42,0,0.05555555555555555,0,-2.35,0.0,0",-40.75,-11.83,0.86,nan,68.4
GCACCACCCCGGUGAACAG,GGUGAGCAAGGGCGAGGAGCUGUUCACCGGGGUGGUGCCCAUCCUGGUCGAGCUGGA,0.3426880293907541,0,"-0.89,-3.42,-14.88,0,1,-205.96,0.05263157894736842,0,0.2631578947368421,0,1,0.05555555555555555,-2.11,0.0,0,0,0.2222222222222222,-2.08,0,0.05555555555555555,0,-2.11,0.0,0",-40.75,-11.13,-0.89,nan,68.4
GGCACCACCCCGGUGAACA,GUGAGCAAGGGCGAGGAGCUGUUCACCGGGGUGGUGCCCAUCCUGGUCGAGCUGGAC,0.5610776609858149,0,"-1.6,-3.26,-13.39,0,1,-205.14999999999998,0.05263157894736842,0,0.2631578947368421,1,0,0.1111111111111111,-3.42,0.0,0,0,0.2222222222222222,-2.11,0,0.05555555555555555,0,-2.24,0.0,1",-41.48,-11.29,-1.6,nan,68.4
GGGCACCACCCCGGUGAAC,UGAGCAAGGGCGAGGAGCUGUUCACCGGGGUGGUGCCCAUCCUGGUCGAGCUGGACG,0.3006429227472191,0,"-0.57,-3.26,-13.39,0,1,-211.82,0.05263157894736842,0,0.3157894736842105,1,0,0.16666666666666666,-3.26,0.0,0,0,0.2222222222222222,-2.24,0,0.05555555555555555,0,-3.26,0.0,0",-43.08,-11.86,-0.57,nan,73.7
UGGGCACCACCCCGGUGAA,GAGCAAGGGCGAGGAGCUGUUCACCGGGGUGGUGCCCAUCCUGGUCGAGCUGGACGG,0.2596183284008572,0,"-0.73,-2.11,-10.44,1,0,-203.42,0.10526315789473684,0,0.3157894736842105,0,0,0.16666666666666666,-3.26,0.0,0,0,0.2222222222222222,-0.93,0,0.05555555555555555,0,-2.36,0.0,1",-42.05,-13.46,-0.73,nan,68.4
AUGGGCACCACCCCGGUGA,AGCAAGGGCGAGGAGCUGUUCACCGGGGUGGUGCCCAUCCUGGUCGAGCUGGACGGC,0.4584141238901929,0,"0.8,-1.1,-9.38,0,0,-205.98,0.10526315789473684,0,0.3157894736842105,0,0,0.16666666666666666,-2.11,0.0,1,0,0.2222222222222222,-2.35,0,0.05555555555555555,0,-3.26,0.0,1",-42.22,-11.86,0.8,nan,68.4
GAUGGGCACCACCCCGGUG,GCAAGGGCGAGGAGCUGUUCACCGGGGUGGUGCCCAUCCUGGUCGAGCUGGACGGCG,0.3110521481783855,0,"-0.24,-2.35,-12.44,0,1,-213.42,0.10526315789473684,0,0.3684210526315789,0,0,0.16666666666666666,-1.1,0.0,0,0,0.2222222222222222,-2.11,0,0.05555555555555555,0,-3.26,0.0,0",-43.12,-10.27,-0.24,nan,73.7
GGAUGGGCACCACCCCGGU,CAAGGGCGAGGAGCUGUUCACCGGGGUGGUGCCCAUCCUGGUCGAGCUGGACGGCGA,0.289723441167466,0,"-1.47,-3.26,-13.39,0,1,-212.64999999999995,0.10526315789473684,0,0.3684210526315789,1,0,0.2222222222222222,-2.35,0.0,0,0,0.2222222222222222,-2.24,0,0.05555555555555555,0,-3.26,0.0,0",-43.82,-11.41,-1.47,nan,73.7
AGGAUGGGCACCACCCCGG,AAGGGCGAGGAGCUGUUCACCGGGGUGGUGCCCAUCCUGGUCGAGCUGGACGGCGAC,0.486376160832738,0,"1.63,-2.08,-10.48,0,0,-211.72999999999996,0.05263157894736842,0,0.3684210526315789,0,0,0.2222222222222222,-3.26,0.0,0,0,0.2222222222222222,-3.26,0,0.05555555555555555,0,-2.24,0.0,0",-43.66,-11.25,1.63,nan,73.7
CAGGAUGGGCACCACCCCG,AGGGCGAGGAGCUGUUCACCGGGGUGGUGCCCAUCCUGGUCGAGCUGGACGGCGACG,0.3310541892029799,0,"-0.2,-2.11,-10.44,0,0,-212.49999999999994,0.05263157894736842,0,0.3157894736842105,0,0,0.16666666666666666,-2.08,0.0,0,1,0.2222222222222222,-2.36,0,0.05555555555555555,0,-2.11,0.0,0",-42.96,-9.62,-0.2,nan,73.7
CCAGGAUGGGCACCACCCC,GGGCGAGGAGCUGUUCACCGGGGUGGUGCCCAUCCUGGUCGAGCUGGACGGCGACGU,0.1737932442085927,0,"0.0,-3.26,-13.39,0,0,-215.25,0.05263157894736842,0,0.2631578947368421,0,0,0.16666666666666666,-2.11,0.0,0,1,0.2777777777777778,-3.26,1,0.05555555555555555,0,-3.26,0.0,0",-43.86,-8.92,0.0,nan,73.7
ACCAGGAUGGGCACCACCC,GGCGAGGAGCUGUUCACCGGGGUGGUGCCCAUCCUGGUCGAGCUGGACGGCGACGUA,0.6225125012756404,0,"1.47,-2.24,-11.4,0,0,-209.54000000000002,0.05263157894736842,0,0.2631578947368421,0,0,0.16666666666666666,-3.26,0.0,0,0,0.2222222222222222,-3.26,0,0.05555555555555555,0,-2.24,0.0,0",-42.39,-9.62,1.47,nan,68.4
GACCAGGAUGGGCACCACC,GCGAGGAGCUGUUCACCGGGGUGGUGCCCAUCCUGGUCGAGCUGGACGGCGACGUAA,0.4343300336769058,0,"0.46,-2.35,-12.44,0,1,-212.31,0.05263157894736842,0,0.3157894736842105,0,0,0.16666666666666666,-2.24,0.0,0,0,0.16666666666666666,-3.26,0,0.05555555555555555,0,-2.11,0.0,0",-41.93,-10.31,0.46,nan,68.4
CGACCAGGAUGGGCACCAC,CGAGGAGCUGUUCACCGGGGUGGUGCCCAUCCUGGUCGAGCUGGACGGCGACGUAAA,0.2782937034391264,0,"0.33,-2.36,-10.64,0,0,-209.55999999999997,0.05263157894736842,0,0.3157894736842105,0,0,0.16666666666666666,-2.35,0.0,0,1,0.1111111111111111,-2.24,0,0.05555555555555555,1,-3.42,0.0,0",-41.03,-11.21,0.33,nan,68.4
UCGACCAGGAUGGGCACCA,GAGGAGCUGUUCACCGGGGUGGUGCCCAUCCUGGUCGAGCUGGACGGCGACGUAAAC,0.5353607510970507,0,"-0.24,-2.35,-12.44,1,0,-203.15999999999997,0.10526315789473684,0,0.3157894736842105,0,0,0.16666666666666666,-2.36,0.0,0,0,0.1111111111111111,-2.11,0,0.05555555555555555,0,-3.26,0.0,1",-40.24,-10.31,-0.24,nan,63.2
CUCGACCAGGAUGGGCACC,AGGAGCUGUUCACCGGGGUGGUGCCCAUCCUGGUCGAGCUGGACGGCGACGUAAACG,0.3097254821920605,0,"0.73,-2.08,-10.48,0,0,-210.64,0.10526315789473684,0,0.3157894736842105,0,0,0.16666666666666666,-2.35,0.0,1,1,0.1111111111111111,-3.26,0,0.05555555555555555,0,-3.26,0.0,0",-41.11,-9.68,0.73,nan,68.4
GCUCGACCAGGAUGGGCAC,GGAGCUGUUCACCGGGGUGGUGCCCAUCCUGGUCGAGCUGGACGGCGACGUAAACGG,0.1800183692213491,0,"-0.73,-3.42,-14.88,0,1,-212.12999999999997,0.10526315789473684,0,0.3684210526315789,0,1,0.16666666666666666,-2.08,0.0,0,0,0.05555555555555555,-2.24,0,0.1111111111111111,0,-2.11,0.0,0",-41.27,-10.55,-0.73,nan,68.4
AGCUCGACCAGGAUGGGCA,GAGCUGUUCACCGGGGUGGUGCCCAUCCUGGUCGAGCUGGACGGCGACGUAAACGGC,0.5531176650678641,0,"0.03,-2.08,-10.48,0,0,-203.76999999999998,0.10526315789473684,0,0.3684210526315789,0,0,0.16666666666666666,-3.42,0.0,0,0,0.05555555555555555,-2.11,0,0.1111111111111111,0,-1.1,0.0,1",-40.21,-10.71,0.03,nan,63.2
CAGCUCGACCAGGAUGGGC,AGCUGUUCACCGGGGUGGUGCCCAUCCUGGUCGAGCUGGACGGCGACGUAAACGGCC,0.4057556893560567,0,"0.86,-2.11,-10.44,0,0,-211.20999999999998,0.10526315789473684,0,0.3684210526315789,0,0,0.16666666666666666,-2.08,0.0,0,1,0.05555555555555555,-3.42,0,0.1111111111111111,0,-2.35,0.0,0",-41.11,-9.65,0.86,nan,68.4
CCAGCUCGACCAGGAUGGG,GCUGUUCACCGGGGUGGUGCCCAUCCUGGUCGAGCUGGACGGCGACGUAAACGGCCA,0.3466680273497295,0,"0.0,-3.26,-13.39,0,0,-209.71999999999997,0.10526315789473684,0,0.3684210526315789,0,0,0.16666666666666666,-2.11,0.0,0,1,0.1111111111111111,-3.26,1,0.05555555555555555,0,-3.26,0.0,0",-40.95,-10.31,0.0,nan,68.4
UCCAGCUCGACCAGGAUGG,CUGUUCACCGGGGUGGUGCCCAUCCUGGUCGAGCUGGACGGCGACGUAAACGGCCAC,0.654148382488009,0,"1.36,-2.35,-12.44,1,0,-205.04999999999995,0.15789473684210525,0,0.3157894736842105,0,0,0.1111111111111111,-3.26,0.0,0,0,0.1111111111111111,-3.26,0,0.05555555555555555,0,-2.08,0.0,0",-39.59,-11.21,1.36,nan,63.2
GUCCAGCUCGACCAGGAUG,UGUUCACCGGGGUGGUGCCCAUCCUGGUCGAGCUGGACGGCGACGUAAACGGCCACA,0.6049596897642617,0,"-0.13,-2.24,-11.4,0,1,-206.77999999999997,0.15789473684210525,0,0.3157894736842105,0,0,0.05555555555555555,-2.35,0.0,1,0,0.1111111111111111,-2.11,0,0.05555555555555555,0,-2.11,0.0,0",-39.02,-10.31,-0.13,nan,63.2
CGUCCAGCUCGACCAGGAU,GUUCACCGGGGUGGUGCCCAUCCUGGUCGAGCUGGACGGCGACGUAAACGGCCACAA,0.3201347076232269,0,"-1.26,-2.36,-10.64,0,0,-203.26,0.15789473684210525,0,0.2631578947368421,0,0,0.05555555555555555,-2.24,0.0,0,1,0.1111111111111111,-1.1,0,0.05555555555555555,1,-3.26,0.0,0",-38.82,-11.37,-1.26,nan,63.2
CCGUCCAGCUCGACCAGGA,UUCACCGGGGUGGUGCCCAUCCUGGUCGAGCUGGACGGCGACGUAAACGGCCACAAG,0.4978058985610777,0,"-1.36,-3.26,-13.39,0,0,-207.27000000000004,0.10526315789473684,0,0.2631578947368421,0,0,0.05555555555555555,-2.36,0.0,0,1,0.16666666666666666,-2.35,1,0.05555555555555555,0,-2.24,0.0,1",-40.98,-10.31,-1.36,nan,68.4
GCCGUCCAGCUCGACCAGG,UCACCGGGGUGGUGCCCAUCCUGGUCGAGCUGGACGGCGACGUAAACGGCCACAAGU,0.3463618736605776,0,"-0.16,-3.42,-14.88,0,1,-213.43,0.10526315789473684,0,0.3157894736842105,0,1,0.05555555555555555,-3.26,0.0,0,0,0.16666666666666666,-3.26,0,0.1111111111111111,0,-2.35,0.0,0",-42.5,-11.04,-0.16,nan,73.7
CGCCGUCCAGCUCGACCAG,CACCGGGGUGGUGCCCAUCCUGGUCGAGCUGGACGGCGACGUAAACGGCCACAAGUU,0.3119706092458414,0,"0.17,-2.36,-10.64,0,0,-210.67999999999998,0.10526315789473684,0,0.2631578947368421,0,0,0.0,-3.42,0.0,0,1,0.16666666666666666,-2.08,0,0.1111111111111111,1,-2.36,0.0,0",-41.6,-12.8,0.17,nan,73.7
UCGCCGUCCAGCUCGACCA,ACCGGGGUGGUGCCCAUCCUGGUCGAGCUGGACGGCGACGUAAACGGCCACAAGUUC,0.7840595979181549,1,"-0.24,-2.35,-12.44,1,0,-205.2,0.15789473684210525,0,0.21052631578947367,0,0,0.0,-2.36,0.0,0,0,0.16666666666666666,-2.11,0,0.1111111111111111,0,-2.35,0.0,1",-40.97,-11.9,-0.24,nan,68.4
GUCGCCGUCCAGCUCGACC,CCGGGGUGGUGCCCAUCCUGGUCGAGCUGGACGGCGACGUAAACGGCCACAAGUUCA,0.7300744973976938,1,"0.57,-2.24,-11.4,0,1,-213.60000000000002,0.15789473684210525,0,0.2631578947368421,0,0,0.0,-2.35,0.0,1,0,0.16666666666666666,-3.26,0,0.1111111111111111,0,-2.08,0.0,0",-42.0,-11.0,0.57,nan,73.7
CGUCGCCGUCCAGCUCGAC,CGGGGUGGUGCCCAUCCUGGUCGAGCUGGACGGCGACGUAAACGGCCACAAGUUCAG,0.2548219206041432,0,"0.33,-2.36,-10.64,0,0,-210.85,0.15789473684210525,0,0.2631578947368421,0,0,0.0,-2.24,0.0,0,1,0.1111111111111111,-2.24,0,0.1111111111111111,1,-3.42,0.0,0",-41.1,-11.9,0.33,nan,73.7
ACGUCGCCGUCCAGCUCGA,GGGGUGGUGCCCAUCCUGGUCGAGCUGGACGGCGACGUAAACGGCCACAAGUUCAGC,0.2950301051127666,0,"0.11,-2.24,-11.4,0,0,-203.40999999999997,0.15789473684210525,0,0.2631578947368421,0,0,0.0,-2.36,0.0,0,0,0.1111111111111111,-2.35,0,0.1111111111111111,0,-2.08,0.0,1",-40.2,-11.9,0.11,nan,68.4
UACGUCGCCGUCCAGCUCG,GGGUGGUGCCCAUCCUGGUCGAGCUGGACGGCGACGUAAACGGCCACAAGUUCAGCG,0.5324012654352486,0,"1.03,-1.33,-7.69,1,0,-202.38,0.21052631578947367,0,0.2631578947368421,0,0,0.0,-2.24,0.05555555555555555,0,0,0.1111111111111111,-2.36,0,0.1111111111111111,0,-2.11,0.0,0",-39.63,-10.43,1.03,nan,68.4
UUACGUCGCCGUCCAGCUC,GGUGGUGCCCAUCCUGGUCGAGCUGGACGGCGACGUAAACGGCCACAAGUUCAGCGU,0.6049596897642617,0,"1.87,-0.93,-6.82,1,0,-198.55999999999997,0.2631578947368421,1,0.21052631578947367,0,0,0.0,-1.33,0.05555555555555555,1,0,0.1111111111111111,-2.35,0,0.1111111111111111,0,-3.26,0.05555555555555555,0",-38.2,-8.34,1.87,nan,63.2
UUUACGUCGCCGUCCAGCU,GUGGUGCCCAUCCUGGUCGAGCUGGACGGCGACGUAAACGGCCACAAGUUCAGCGUG,0.4564751505255638,0,"0.7,-0.93,-6.82,1,0,-189.21999999999997,0.3157894736842105,1,0.21052631578947367,0,0,0.0,-0.93,0.05555555555555555,1,0,0.1111111111111111,-2.08,0,0.1111111111111111,0,-2.35,0.1111111111111111,0",-36.33,-6.91,0.7,nan,57.9
GUUUACGUCGCCGUCCAGC,UGGUGCCCAUCCUGGUCGAGCUGGACGGCGACGUAAACGGCCACAAGUUCAGCGUGU,0.582916624145321,0,"0.73,-2.24,-11.4,0,1,-197.57999999999996,0.2631578947368421,0,0.2631578947368421,0,0,0.0,-0.93,0.05555555555555555,1,0,0.1111111111111111,-3.42,0,0.1111111111111111,0,-2.24,0.1111111111111111,0",-37.39,-5.04,0.73,nan,63.2
CGUUUACGUCGCCGUCCAG,GGUGCCCAUCCUGGUCGAGCUGGACGGCGACGUAAACGGCCACAAGUUCAGCGUGUC,0.3793244208592713,0,"0.17,-2.36,-10.64,0,0,-193.34,0.2631578947368421,0,0.2631578947368421,0,0,0.0,-2.24,0.05555555555555555,0,1,0.1111111111111111,-2.08,0,0.05555555555555555,1,-2.36,0.1111111111111111,0",-36.33,-5.94,0.17,nan,63.2
CCGUUUACGUCGCCGUCCA,GUGCCCAUCCUGGUCGAGCUGGACGGCGACGUAAACGGCCACAAGUUCAGCGUGUCC,0.330441881824676,0,"-1.6,-3.26,-13.39,0,0,-192.53000000000003,0.2631578947368421,0,0.21052631578947367,0,0,0.0,-2.36,0.05555555555555555,0,1,0.16666666666666666,-2.11,1,0.05555555555555555,0,-3.26,0.1111111111111111,1",-37.06,-5.94,-1.6,nan,63.2
GCCGUUUACGUCGCCGUCC,UGCCCAUCCUGGUCGAGCUGGACGGCGACGUAAACGGCCACAAGUUCAGCGUGUCCG,0.3578936626186346,0,"-0.16,-3.42,-14.88,0,1,-200.69,0.2631578947368421,0,0.2631578947368421,0,1,0.0,-3.26,0.05555555555555555,0,0,0.16666666666666666,-3.26,0,0.1111111111111111,0,-3.42,0.1111111111111111,0",-38.82,-6.51,-0.16,nan,68.4
GGCCGUUUACGUCGCCGUC,GCCCAUCCUGGUCGAGCUGGACGGCGACGUAAACGGCCACAAGUUCAGCGUGUCCGG,0.4564751505255638,0,"-0.46,-3.26,-13.39,0,1,-200.68999999999997,0.2631578947368421,0,0.3157894736842105,1,0,0.05555555555555555,-3.42,0.05555555555555555,0,0,0.1111111111111111,-2.35,0,0.1111111111111111,0,-2.36,0.1111111111111111,0",-38.82,-8.6,-0.46,nan,68.4
UGGCCGUUUACGUCGCCGU,CCCAUCCUGGUCGAGCUGGACGGCGACGUAAACGGCCACAAGUUCAGCGUGUCCGGC,0.6999693846310849,0,"0.13,-2.11,-10.44,1,0,-191.24999999999997,0.3157894736842105,0,0.3157894736842105,0,0,0.05555555555555555,-3.26,0.05555555555555555,0,0,0.1111111111111111,-2.24,0,0.1111111111111111,0,-2.35,0.1111111111111111,0",-37.68,-10.93,0.13,nan,63.2
GUGGCCGUUUACGUCGCCG,CCAUCCUGGUCGAGCUGGACGGCGACGUAAACGGCCACAAGUUCAGCGUGUCCGGCG,0.7239514236146546,1,"-0.33,-2.24,-11.4,0,1,-198.68999999999994,0.2631578947368421,0,0.3684210526315789,0,0,0.05555555555555555,-2.11,0.05555555555555555,1,0,0.1111111111111111,-2.36,0,0.1111111111111111,0,-2.24,0.1111111111111111,0",-38.58,-11.66,-0.33,nan,68.4
UGUGGCCGUUUACGUCGCC,CAUCCUGGUCGAGCUGGACGGCGACGUAAACGGCCACAAGUUCAGCGUGUCCGGCGA,0.4493315644453516,0,"1.6,-2.11,-10.44,1,0,-194.77000000000004,0.3157894736842105,0,0.3157894736842105,0,0,0.05555555555555555,-2.24,0.05555555555555555,0,0,0.1111111111111111,-3.26,0,0.1111111111111111,0,-2.36,0.1111111111111111,0",-37.88,-12.56,1.6,nan,63.2
UUGUGGCCGUUUACGUCGC,AUCCUGGUCGAGCUGGACGGCGACGUAAACGGCCACAAGUUCAGCGUGUCCGGCGAG,0.5098479436677212,0,"2.49,-0.93,-6.82,1,0,-188.20000000000005,0.3684210526315789,1,0.3157894736842105,0,0,0.05555555555555555,-2.11,0.05555555555555555,1,0,0.05555555555555555,-3.42,0,0.1111111111111111,0,-2.24,0.16666666666666666,0",-35.55,-11.86,2.49,nan,57.9
CUUGUGGCCGUUUACGUCG,UCCUGGUCGAGCUGGACGGCGACGUAAACGGCCACAAGUUCAGCGUGUCCGGCGAGG,0.5905704663741198,0,"-0.17,-2.08,-10.48,0,0,-187.52000000000004,0.3684210526315789,0,0.3157894736842105,0,0,0.05555555555555555,-0.93,0.05555555555555555,1,1,0.05555555555555555,-2.36,0,0.05555555555555555,0,-1.33,0.16666666666666666,0",-34.66,-9.53,-0.17,nan,57.9
ACUUGUGGCCGUUUACGUC,CCUGGUCGAGCUGGACGGCGACGUAAACGGCCACAAGUUCAGCGUGUCCGGCGAGGG,0.5474027962036943,0,"1.01,-2.24,-11.4,0,0,-184.55999999999997,0.3684210526315789,0,0.2631578947368421,0,0,0.05555555555555555,-2.08,0.05555555555555555,0,0,0.05555555555555555,-2.35,0,0.05555555555555555,0,-0.93,0.16666666666666666,0",-34.09,-8.64,1.01,nan,52.6
AACUUGUGGCCGUUUACGU,CUGGUCGAGCUGGACGGCGACGUAAACGGCCACAAGUUCAGCGUGUCCGGCGAGGGC,0.5494438207980407,0,"0.86,-0.93,-6.82,0,0,-175.22,0.3684210526315789,0,0.2631578947368421,0,0,0.05555555555555555,-2.24,0.05555555555555555,0,0,0.05555555555555555,-2.24,0,0.05555555555555555,0,-0.93,0.16666666666666666,0",-32.22,-7.17,0.86,nan,47.4
GAACUUGUGGCCGUUUACG,UGGUCGAGCUGGACGGCGACGUAAACGGCCACAAGUUCAGCGUGUCCGGCGAGGGCG,0.6984386161853251,0,"-0.44,-2.35,-12.44,0,1,-183.7,0.3157894736842105,0,0.3157894736842105,0,0,0.05555555555555555,-0.93,0.05555555555555555,0,0,0.05555555555555555,-2.36,0,0.05555555555555555,0,-2.24,0.16666666666666666,0",-33.23,-5.54,-0.44,nan,52.6
UGAACUUGUGGCCGUUUAC,GGUCGAGCUGGACGGCGACGUAAACGGCCACAAGUUCAGCGUGUCCGGCGAGGGCGA,0.8462087968160017,1,"1.03,-2.11,-10.44,1,0,-179.77999999999997,0.3684210526315789,0,0.2631578947368421,0,0,0.05555555555555555,-2.35,0.05555555555555555,0,0,0.05555555555555555,-2.24,0,0.05555555555555555,0,-2.36,0.16666666666666666,0",-32.53,-6.55,1.03,nan,47.4
CUGAACUUGUGGCCGUUUA,GUCGAGCUGGACGGCGACGUAAACGGCCACAAGUUCAGCGUGUCCGGCGAGGGCGAG,0.5635268904990306,0,"-1.2,-2.08,-10.48,0,0,-178.85999999999999,0.3684210526315789,0,0.2631578947368421,0,0,0.05555555555555555,-2.11,0.05555555555555555,1,1,0.05555555555555555,-1.33,0,0.05555555555555555,0,-3.26,0.16666666666666666,1",-32.37,-5.65,-1.2,nan,47.4
GCUGAACUUGUGGCCGUUU,UCGAGCUGGACGGCGACGUAAACGGCCACAAGUUCAGCGUGUCCGGCGAGGGCGAGG,0.4266761914481071,0,"-2.49,-3.42,-14.88,0,1,-186.04999999999998,0.3684210526315789,0,0.3157894736842105,0,1,0.05555555555555555,-2.08,0.0,0,0,0.05555555555555555,-0.93,0,0.1111111111111111,0,-3.42,0.16666666666666666,0",-34.46,-7.25,-2.49,nan,52.6
CGCUGAACUUGUGGCCGUU,CGAGCUGGACGGCGACGUAAACGGCCACAAGUUCAGCGUGUCCGGCGAGGGCGAGGG,0.4357587508929483,0,"-1.43,-2.36,-10.64,0,0,-189.86999999999998,0.3157894736842105,0,0.3157894736842105,0,0,0.05555555555555555,-3.42,0.0,0,1,0.05555555555555555,-0.93,0,0.1111111111111111,1,-3.26,0.1111111111111111,0",-35.89,-9.04,-1.43,nan,57.9
ACGCUGAACUUGUGGCCGU,GAGCUGGACGGCGACGUAAACGGCCACAAGUUCAGCGUGUCCGGCGAGGGCGAGGGC,0.6946627206857843,0,"0.0,-2.24,-11.4,0,0,-190.73,0.2631578947368421,0,0.3157894736842105,0,0,0.05555555555555555,-2.36,0.0,0,0,0.05555555555555555,-2.24,0,0.1111111111111111,0,-2.11,0.05555555555555555,0",-36.75,-8.71,0.0,nan,57.9
CACGCUGAACUUGUGGCCG,AGCUGGACGGCGACGUAAACGGCCACAAGUUCAGCGUGUCCGGCGAGGGCGAGGGCG,0.6507806919073376,0,"-0.2,-2.11,-10.44,0,0,-197.20999999999998,0.21052631578947367,0,0.3157894736842105,0,0,0.05555555555555555,-2.24,0.0,0,1,0.05555555555555555,-2.36,0,0.1111111111111111,0,-2.24,0.05555555555555555,0",-37.52,-9.57,-0.2,nan,63.2
ACACGCUGAACUUGUGGCC,GCUGGACGGCGACGUAAACGGCCACAAGUUCAGCGUGUCCGGCGAGGGCGAGGGCGA,0.6042453311562405,0,"1.47,-2.24,-11.4,0,0,-194.25,0.21052631578947367,0,0.2631578947368421,0,0,0.05555555555555555,-2.11,0.0,0,0,0.05555555555555555,-3.26,0,0.1111111111111111,0,-2.11,0.05555555555555555,0",-36.95,-10.23,1.47,nan,57.9
GACACGCUGAACUUGUGGC,CUGGACGGCGACGUAAACGGCCACAAGUUCAGCGUGUCCGGCGAGGGCGAGGGCGAU,0.7624247372180835,1,"0.62,-2.35,-12.44,0,1,-197.01999999999998,0.21052631578947367,0,0.3157894736842105,0,0,0.05555555555555555,-2.24,0.0,0,0,0.0,-3.42,0,0.1111111111111111,0,-0.93,0.05555555555555555,0",-36.49,-9.46,0.62,nan,57.9
GGACACGCUGAACUUGUGG,UGGACGGCGACGUAAACGGCCACAAGUUCAGCGUGUCCGGCGAGGGCGAGGGCGAUG,0.8591693029901011,1,"0.0,-3.26,-13.39,0,1,-195.52999999999997,0.21052631578947367,0,0.3684210526315789,1,0,0.1111111111111111,-2.35,0.0,0,0,0.0,-3.26,0,0.05555555555555555,0,-2.08,0.05555555555555555,0",-36.33,-10.63,0.0,nan,57.9
CGGACACGCUGAACUUGUG,GGACGGCGACGUAAACGGCCACAAGUUCAGCGUGUCCGGCGAGGGCGAGGGCGAUGC,0.5750586794570876,0,"0.2,-2.36,-10.64,0,0,-192.77999999999997,0.21052631578947367,0,0.3157894736842105,0,0,0.05555555555555555,-3.26,0.0,0,1,0.0,-2.11,0,0.05555555555555555,1,-2.24,0.05555555555555555,0",-35.43,-10.47,0.2,nan,57.9
CCGGACACGCUGAACUUGU,GACGGCGACGUAAACGGCCACAAGUUCAGCGUGUCCGGCGAGGGCGAGGGCGAUGCC,0.5430145933258497,0,"-1.47,-3.26,-13.39,0,0,-192.01,0.21052631578947367,0,0.2631578947368421,0,0,0.05555555555555555,-2.36,0.0,0,1,0.05555555555555555,-2.24,1,0.05555555555555555,0,-0.93,0.05555555555555555,0",-36.13,-10.47,-1.47,nan,57.9
GCCGGACACGCUGAACUUG,ACGGCGACGUAAACGGCCACAAGUUCAGCGUGUCCGGCGAGGGCGAGGGCGAUGCCA,0.5872027757934484,0,"-0.86,-3.42,-14.88,0,1,-199.20999999999998,0.15789473684210525,0,0.3157894736842105,0,1,0.05555555555555555,-3.26,0.0,0,0,0.05555555555555555,-2.11,0,0.1111111111111111,0,-2.35,0.05555555555555555,0",-37.76,-11.04,-0.86,nan,63.2
CGCCGGACACGCUGAACUU,CGGCGACGUAAACGGCCACAAGUUCAGCGUGUCCGGCGAGGGCGAGGGCGAUGCCAC,0.4125931217471171,0,"-1.43,-2.36,-10.64,0,0,-195.68999999999997,0.15789473684210525,0,0.2631578947368421,0,0,0.05555555555555555,-3.42,0.0,0,1,0.05555555555555555,-0.93,0,0.1111111111111111,1,-2.11,0.05555555555555555,0",-37.56,-12.8,-1.43,nan,63.2
UCGCCGGACACGCUGAACU,GGCGACGUAAACGGCCACAAGUUCAGCGUGUCCGGCGAGGGCGAGGGCGAUGCCACC,0.7484437187468108,1,"-0.27,-2.35,-12.44,1,0,-197.58999999999997,0.15789473684210525,0,0.2631578947368421,0,0,0.05555555555555555,-2.36,0.0,0,0,0.05555555555555555,-2.08,0,0.1111111111111111,0,-2.08,0.0,0",-38.53,-12.47,-0.27,nan,63.2
CUCGCCGGACACGCUGAAC,GCGACGUAAACGGCCACAAGUUCAGCGUGUCCGGCGAGGGCGAGGGCGAUGCCACCU,0.5054597407898765,0,"0.16,-2.08,-10.48,0,0,-205.03,0.10526315789473684,0,0.2631578947368421,0,0,0.05555555555555555,-2.35,0.0,1,1,0.05555555555555555,-2.24,0,0.1111111111111111,0,-3.42,0.0,0",-39.43,-12.47,0.16,nan,68.4
CCUCGCCGGACACGCUGAA,CGACGUAAACGGCCACAAGUUCAGCGUGUCCGGCGAGGGCGAGGGCGAUGCCACCUA,0.4033064598428412,0,"-2.33,-3.26,-13.39,0,0,-203.29999999999998,0.10526315789473684,0,0.2631578947368421,0,0,0.05555555555555555,-2.08,0.0,0,1,0.1111111111111111,-0.93,1,0.1111111111111111,0,-2.36,0.0,1",-40.0,-11.74,-2.33,nan,68.4
CCCUCGCCGGACACGCUGA,GACGUAAACGGCCACAAGUUCAGCGUGUCCGGCGAGGGCGAGGGCGAUGCCACCUAC,0.348709051944076,0,"-1.36,-3.26,-13.39,0,0,-209.86999999999998,0.10526315789473684,0,0.2631578947368421,0,0,0.05555555555555555,-3.26,0.0,0,1,0.16666666666666666,-2.35,1,0.1111111111111111,0,-2.24,0.0,1",-42.33,-12.64,-1.36,nan,73.7
GCCCUCGCCGGACACGCUG,ACGUAAACGGCCACAAGUUCAGCGUGUCCGGCGAGGGCGAGGGCGAUGCCACCUACG,0.5032146137360956,0,"-0.86,-3.42,-14.88,0,1,-216.03,0.10526315789473684,0,0.3157894736842105,0,1,0.05555555555555555,-3.26,0.0,0,0,0.16666666666666666,-2.11,0,0.16666666666666666,0,-2.11,0.0,0",-43.85,-12.64,-0.86,nan,78.9
CGCCCUCGCCGGACACGCU,CGUAAACGGCCACAAGUUCAGCGUGUCCGGCGAGGGCGAGGGCGAUGCCACCUACGG,0.5020920502092051,0,"-0.73,-2.36,-10.64,0,0,-212.50999999999996,0.10526315789473684,0,0.2631578947368421,0,0,0.05555555555555555,-3.42,0.0,0,1,0.16666666666666666,-2.08,0,0.16666666666666666,1,-2.24,0.0,0",-43.65,-12.64,-0.73,nan,78.9
UCGCCCUCGCCGGACACGC,GUAAACGGCCACAAGUUCAGCGUGUCCGGCGAGGGCGAGGGCGAUGCCACCUACGGC,0.3970813348300847,0,"1.52,-2.35,-12.44,1,0,-214.46999999999997,0.10526315789473684,0,0.2631578947368421,0,0,0.05555555555555555,-2.36,0.0,0,0,0.16666666666666666,-3.42,0,0.16666666666666666,0,-2.35,0.0,0",-43.92,-12.64,1.52,nan,78.9
CUCGCCCUCGCCGGACACG,UAAACGGCCACAAGUUCAGCGUGUCCGGCGAGGGCGAGGGCGAUGCCACCUACGGCA,0.3996326155730176,0,"-0.17,-2.08,-10.48,0,0,-213.78999999999996,0.10526315789473684,0,0.2631578947368421,0,0,0.05555555555555555,-2.35,0.0,1,1,0.16666666666666666,-2.36,0,0.1111111111111111,0,-3.26,0.0,0",-43.03,-11.74,-0.17,nan,78.9
CCUCGCCCUCGCCGGACAC,AAACGGCCACAAGUUCAGCGUGUCCGGCGAGGGCGAGGGCGAUGCCACCUACGGCAA,0.4082049188692724,0,"-0.57,-3.26,-13.39,0,0,-216.54000000000002,0.10526315789473684,0,0.21052631578947367,0,0,0.05555555555555555,-2.08,0.0,0,1,0.2222222222222222,-2.24,1,0.1111111111111111,0,-2.36,0.0,0",-43.93,-12.64,-0.57,nan,78.9
CCCUCGCCCUCGCCGGACA,AACGGCCACAAGUUCAGCGUGUCCGGCGAGGGCGAGGGCGAUGCCACCUACGGCAAG,0.5237269109092765,0,"-1.6,-3.26,-13.39,0,0,-214.80999999999997,0.10526315789473684,0,0.21052631578947367,0,0,0.05555555555555555,-3.26,0.0,0,1,0.2777777777777778,-2.11,1,0.1111111111111111,0,-3.26,0.0,1",-44.5,-12.64,-1.6,nan,78.9
GCCCUCGCCCUCGCCGGAC,ACGGCCACAAGUUCAGCGUGUCCGGCGAGGGCGAGGGCGAUGCCACCUACGGCAAGC,0.5388304929074396,0,"-0.73,-3.42,-14.88,0,1,-222.96999999999994,0.10526315789473684,0,0.2631578947368421,0,1,0.05555555555555555,-3.26,0.0,0,0,0.2777777777777778,-2.24,0,0.16666666666666666,0,-3.42,0.0,0",-46.26,-12.64,-0.73,nan,84.2
CGCCCUCGCCCUCGCCGGA,CGGCCACAAGUUCAGCGUGUCCGGCGAGGGCGAGGGCGAUGCCACCUACGGCAAGCU,0.4535156648637616,0,"-0.46,-2.36,-10.64,0,0,-218.48999999999995,0.10526315789473684,0,0.2631578947368421,0,0,0.05555555555555555,-3.42,0.0,0,1,0.2777777777777778,-2.35,0,0.16666666666666666,1,-2.36,0.0,1",-45.93,-12.64,-0.46,nan,84.2
UCGCCCUCGCCCUCGCCGG,GGCCACAAGUUCAGCGUGUCCGGCGAGGGCGAGGGCGAUGCCACCUACGGCAAGCUG,0.3548321257271151,0,"1.36,-2.35,-12.44,1,0,-218.48999999999995,0.15789473684210525,0,0.2631578947368421,0,0,0.05555555555555555,-2.36,0.0,0,0,0.2777777777777778,-3.26,0,0.16666666666666666,0,-2.35,0.0,0",-45.93,-12.64,1.36,nan,84.2
AUCGCCCUCGCCCUCGCCG,GCCACAAGUUCAGCGUGUCCGGCGAGGGCGAGGGCGAUGCCACCUACGGCAAGCUGA,0.3088070211246045,0,"1.26,-1.1,-9.38,0,0,-214.47999999999996,0.15789473684210525,0,0.21052631578947367,0,0,0.0,-2.35,0.0,1,0,0.2777777777777778,-2.36,0,0.16666666666666666,0,-2.08,0.0,0",-43.77,-11.74,1.26,nan,78.9
CAUCGCCCUCGCCCUCGCC,CCACAAGUUCAGCGUGUCCGGCGAGGGCGAGGGCGAUGCCACCUACGGCAAGCUGAC,0.3953464639248903,0,"0.7,-2.11,-10.44,0,0,-218.0,0.15789473684210525,0,0.15789473684210525,0,0,0.0,-1.1,0.0,0,1,0.2777777777777778,-3.26,0,0.16666666666666666,0,-3.26,0.0,0",-43.97,-11.21,0.7,nan,78.9
GCAUCGCCCUCGCCCUCGC,CACAAGUUCAGCGUGUCCGGCGAGGGCGAGGGCGAUGCCACCUACGGCAAGCUGACC,0.3413613634044291,0,"0.0,-3.42,-14.88,0,1,-219.48999999999995,0.15789473684210525,0,0.21052631578947367,0,1,0.0,-2.11,0.0,0,0,0.2222222222222222,-3.42,0,0.2222222222222222,0,-3.26,0.0,0",-44.13,-10.51,0.0,nan,78.9
GGCAUCGCCCUCGCCCUCG,ACAAGUUCAGCGUGUCCGGCGAGGGCGAGGGCGAUGCCACCUACGGCAAGCUGACCC,0.2987039493825901,0,"-0.9,-3.26,-13.39,0,1,-218.0,0.15789473684210525,0,0.2631578947368421,1,0,0.05555555555555555,-3.42,0.0,0,0,0.2222222222222222,-2.36,0,0.16666666666666666,0,-3.42,0.0,0",-43.97,-10.67,-0.9,nan,78.9
UGGCAUCGCCCUCGCCCUC,CAAGUUCAGCGUGUCCGGCGAGGGCGAGGGCGAUGCCACCUACGGCAAGCUGACCCU,0.3119706092458414,0,"1.14,-2.11,-10.44,1,0,-214.07999999999996,0.21052631578947367,0,0.21052631578947367,0,0,0.05555555555555555,-3.26,0.0,0,0,0.2222222222222222,-2.35,0,0.16666666666666666,0,-2.36,0.0,0",-43.27,-10.51,1.14,nan,73.7
GUGGCAUCGCCCUCGCCCU,AAGUUCAGCGUGUCCGGCGAGGGCGAGGGCGAUGCCACCUACGGCAAGCUGACCCUG,0.4055515868966221,0,"-1.06,-2.24,-11.4,0,1,-213.03999999999994,0.21052631578947367,0,0.2631578947368421,0,0,0.05555555555555555,-2.11,0.0,1,0,0.2222222222222222,-2.08,0,0.16666666666666666,0,-2.35,0.0,0",-43.16,-9.81,-1.06,nan,73.7
GGUGGCAUCGCCCUCGCCC,AGUUCAGCGUGUCCGGCGAGGGCGAGGGCGAUGCCACCUACGGCAAGCUGACCCUGA,0.1663435044392285,0,"0.0,-3.26,-13.39,0,1,-219.66999999999996,0.15789473684210525,0,0.3157894736842105,1,0,0.1111111111111111,-2.24,0.0,0,0,0.2222222222222222,-3.26,0,0.16666666666666666,0,-2.08,0.0,0",-44.79,-9.7,0.0,nan,78.9
AGGUGGCAUCGCCCUCGCC,GUUCAGCGUGUCCGGCGAGGGCGAGGGCGAUGCCACCUACGGCAAGCUGACCCUGAA,0.4013674864782121,0,"1.63,-2.08,-10.48,0,0,-213.03999999999996,0.15789473684210525,0,0.3157894736842105,0,0,0.1111111111111111,-3.26,0.0,0,0,0.16666666666666666,-3.26,0,0.16666666666666666,0,-3.26,0.0,0",-43.16,-11.86,1.63,nan,73.7
UAGGUGGCAUCGCCCUCGC,UUCAGCGUGUCCGGCGAGGGCGAGGGCGAUGCCACCUACGGCAAGCUGACCCUGAAG,0.2910501071537912,0,"2.09,-1.33,-7.69,1,0,-207.33999999999997,0.21052631578947367,0,0.3157894736842105,0,0,0.1111111111111111,-2.08,0.05555555555555555,0,0,0.1111111111111111,-3.42,0,0.16666666666666666,0,-3.26,0.0,0",-41.23,-11.83,2.09,nan,68.4
GUAGGUGGCAUCGCCCUCG,UCAGCGUGUCCGGCGAGGGCGAGGGCGAUGCCACCUACGGCAAGCUGACCCUGAAGU,0.3694254515766915,0,"-0.33,-2.24,-11.4,0,1,-207.57999999999998,0.21052631578947367,0,0.3684210526315789,0,0,0.1111111111111111,-1.33,0.05555555555555555,1,0,0.1111111111111111,-2.36,0,0.1111111111111111,0,-3.42,0.0,0",-40.5,-9.74,-0.33,nan,68.4
CGUAGGUGGCAUCGCCCUC,CAGCGUGUCCGGCGAGGGCGAGGGCGAUGCCACCUACGGCAAGCUGACCCUGAAGUU,0.3322788039595877,0,"0.44,-2.36,-10.64,0,0,-207.57999999999996,0.21052631578947367,0,0.3157894736842105,0,0,0.1111111111111111,-2.24,0.05555555555555555,0,1,0.1111111111111111,-2.35,0,0.1111111111111111,1,-2.36,0.0,0",-40.5,-9.17,0.44,nan,68.4
CCGUAGGUGGCAUCGCCCU,AGCGUGUCCGGCGAGGGCGAGGGCGAUGCCACCUACGGCAAGCUGACCCUGAAGUUC,0.2516583324829064,0,"-1.63,-3.26,-13.39,0,0,-204.80999999999997,0.21052631578947367,0,0.3157894736842105,0,0,0.1111111111111111,-2.36,0.05555555555555555,0,1,0.16666666666666666,-2.08,1,0.1111111111111111,0,-2.35,0.0,0",-40.96,-8.97,-1.63,nan,68.4
GCCGUAGGUGGCAUCGCCC,GCGUGUCCGGCGAGGGCGAGGGCGAUGCCACCUACGGCAAGCUGACCCUGAAGUUCA,0.327890601081743,0,"-0.16,-3.42,-14.88,0,1,-212.92999999999995,0.15789473684210525,0,0.3684210526315789,0,1,0.1111111111111111,-3.26,0.05555555555555555,0,0,0.16666666666666666,-3.26,0,0.16666666666666666,0,-1.1,0.0,0",-42.75,-10.44,-0.16,nan,73.7
UGCCGUAGGUGGCAUCGCC,CGUGUCCGGCGAGGGCGAGGGCGAUGCCACCUACGGCAAGCUGACCCUGAAGUUCAU,0.4970915399530565,0,"1.6,-2.11,-10.44,1,0,-206.26,0.21052631578947367,0,0.3684210526315789,0,0,0.1111111111111111,-3.42,0.05555555555555555,0,0,0.1111111111111111,-3.26,0,0.16666666666666666,0,-2.11,0.0,0",-41.15,-10.6,1.6,nan,68.4
UUGCCGUAGGUGGCAUCGC,GUGUCCGGCGAGGGCGAGGGCGAUGCCACCUACGGCAAGCUGACCCUGAAGUUCAUC,0.403918767221145,0,"2.49,-0.93,-6.82,1,0,-199.69,0.2631578947368421,1,0.3684210526315789,0,0,0.1111111111111111,-2.11,0.05555555555555555,1,0,0.05555555555555555,-3.42,0,0.16666666666666666,0,-3.42,0.05555555555555555,0",-38.82,-9.73,2.49,nan,63.2
CUUGCCGUAGGUGGCAUCG,UGUCCGGCGAGGGCGAGGGCGAUGCCACCUACGGCAAGCUGACCCUGAAGUUCAUCU,0.5552607408919278,0,"-0.17,-2.08,-10.48,0,0,-199.01,0.2631578947368421,0,0.3684210526315789,0,0,0.1111111111111111,-0.93,0.05555555555555555,1,1,0.05555555555555555,-2.36,0,0.1111111111111111,0,-3.26,0.05555555555555555,0",-37.93,-9.33,-0.17,nan,63.2
GCUUGCCGUAGGUGGCAUC,GUCCGGCGAGGGCGAGGGCGAUGCCACCUACGGCAAGCUGACCCUGAAGUUCAUCUG,0.3197265027043576,0,"-0.62,-3.42,-14.88,0,1,-203.25,0.2631578947368421,0,0.3684210526315789,0,1,0.1111111111111111,-2.08,0.05555555555555555,0,0,0.05555555555555555,-2.35,0,0.16666666666666666,0,-2.11,0.05555555555555555,0",-38.99,-10.07,-0.62,nan,63.2
AGCUUGCCGUAGGUGGCAU,UCCGGCGAGGGCGAGGGCGAUGCCACCUACGGCAAGCUGACCCUGAAGUUCAUCUGC,0.4773956526176141,0,"-0.53,-2.08,-10.48,0,0,-193.84999999999997,0.2631578947368421,0,0.3684210526315789,0,0,0.1111111111111111,-3.42,0.05555555555555555,0,0,0.05555555555555555,-1.1,0,0.16666666666666666,0,-2.24,0.05555555555555555,0",-37.82,-11.13,-0.53,nan,57.9
CAGCUUGCCGUAGGUGGCA,CCGGCGAGGGCGAGGGCGAUGCCACCUACGGCAAGCUGACCCUGAAGUUCAUCUGCA,0.1966527196652719,0,"-0.9,-2.11,-10.44,0,0,-198.63,0.21052631578947367,0,0.3684210526315789,0,0,0.1111111111111111,-2.08,0.05555555555555555,0,1,0.05555555555555555,-2.11,0,0.16666666666666666,0,-3.26,0.05555555555555555,1",-39.28,-9.5,-0.9,nan,63.2
UCAGCUUGCCGUAGGUGGC,CGGCGAGGGCGAGGGCGAUGCCACCUACGGCAAGCUGACCCUGAAGUUCAUCUGCAC,0.4618838657005817,0,"1.52,-2.35,-12.44,1,0,-200.63,0.2631578947368421,0,0.3684210526315789,0,0,0.1111111111111111,-2.11,0.05555555555555555,0,0,0.05555555555555555,-3.42,0,0.16666666666666666,0,-2.08,0.05555555555555555,0",-39.52,-8.64,1.52,nan,63.2
GUCAGCUUGCCGUAGGUGG,GGCGAGGGCGAGGGCGAUGCCACCUACGGCAAGCUGACCCUGAAGUUCAUCUGCACC,0.5697520155117869,0,"0.57,-2.24,-11.4,0,1,-200.87,0.2631578947368421,0,0.42105263157894735,0,0,0.1111111111111111,-2.35,0.05555555555555555,1,0,0.05555555555555555,-3.26,0,0.1111111111111111,0,-1.33,0.05555555555555555,0",-38.79,-7.98,0.57,nan,63.2
GGUCAGCUUGCCGUAGGUG,GCGAGGGCGAGGGCGAUGCCACCUACGGCAAGCUGACCCUGAAGUUCAUCUGCACCA,0.3545259720379631,0,"-0.7,-3.26,-13.39,0,1,-200.86999999999998,0.2631578947368421,0,0.42105263157894735,1,0,0.1111111111111111,-2.24,0.05555555555555555,0,0,0.05555555555555555,-2.11,0,0.1111111111111111,0,-2.24,0.05555555555555555,0",-38.79,-9.74,-0.7,nan,63.2
GGGUCAGCUUGCCGUAGGU,CGAGGGCGAGGGCGAUGCCACCUACGGCAAGCUGACCCUGAAGUUCAUCUGCACCAC,0.3990203081947138,0,"-1.47,-3.26,-13.39,0,1,-200.09999999999994,0.2631578947368421,0,0.42105263157894735,1,0,0.16666666666666666,-3.26,0.05555555555555555,0,0,0.05555555555555555,-2.24,0,0.1111111111111111,0,-2.36,0.05555555555555555,0",-39.49,-11.37,-1.47,nan,63.2
AGGGUCAGCUUGCCGUAGG,GAGGGCGAGGGCGAUGCCACCUACGGCAAGCUGACCCUGAAGUUCAUCUGCACCACC,0.6911929788753955,0,"1.63,-2.08,-10.48,0,0,-199.17999999999995,0.21052631578947367,0,0.42105263157894735,0,0,0.16666666666666666,-3.26,0.05555555555555555,0,0,0.05555555555555555,-3.26,0,0.1111111111111111,0,-3.26,0.05555555555555555,0",-39.33,-11.21,1.63,nan,63.2
CAGGGUCAGCUUGCCGUAG,AGGGCGAGGGCGAUGCCACCUACGGCAAGCUGACCCUGAAGUUCAUCUGCACCACCG,0.3141136850699051,0,"-0.03,-2.11,-10.44,0,0,-199.95,0.21052631578947367,0,0.3684210526315789,0,0,0.1111111111111111,-2.08,0.05555555555555555,0,1,0.05555555555555555,-2.08,0,0.1111111111111111,0,-3.42,0.05555555555555555,0",-38.63,-10.31,-0.03,nan,63.2
UCAGGGUCAGCUUGCCGUA,GGGCGAGGGCGAUGCCACCUACGGCAAGCUGACCCUGAAGUUCAUCUGCACCACCGG,0.4946423104398408,0,"-0.57,-2.35,-12.44,1,0,-194.47,0.2631578947368421,0,0.3157894736842105,0,0,0.1111111111111111,-2.11,0.05555555555555555,0,0,0.05555555555555555,-1.33,0,0.1111111111111111,0,-2.11,0.05555555555555555,1",-38.0,-11.21,-0.57,nan,57.9
UUCAGGGUCAGCUUGCCGU,GGCGAGGGCGAUGCCACCUACGGCAAGCUGACCCUGAAGUUCAUCUGCACCACCGGC,0.7651801204204511,1,"0.86,-0.93,-6.82,1,0,-193.6,0.3157894736842105,1,0.3157894736842105,0,0,0.1111111111111111,-2.35,0.0,1,0,0.05555555555555555,-2.24,0,0.1111111111111111,0,-0.93,0.1111111111111111,0",-37.6,-10.31,0.86,nan,57.9
CUUCAGGGUCAGCUUGCCG,GCGAGGGCGAUGCCACCUACGGCAAGCUGACCCUGAAGUUCAUCUGCACCACCGGCA,0.6588427390550057,0,"-0.17,-2.08,-10.48,0,0,-200.11999999999995,0.2631578947368421,0,0.3157894736842105,0,0,0.1111111111111111,-0.93,0.0,1,1,0.05555555555555555,-2.36,0,0.1111111111111111,0,-2.08,0.1111111111111111,0",-38.34,-9.45,-0.17,nan,63.2
ACUUCAGGGUCAGCUUGCC,CGAGGGCGAUGCCACCUACGGCAAGCUGACCCUGAAGUUCAUCUGCACCACCGGCAA,0.6385345443412593,0,"1.47,-2.24,-11.4,0,0,-197.15999999999997,0.2631578947368421,0,0.2631578947368421,0,0,0.1111111111111111,-2.08,0.0,0,0,0.05555555555555555,-3.26,0,0.1111111111111111,0,-3.42,0.1111111111111111,0",-37.77,-8.72,1.47,nan,57.9
AACUUCAGGGUCAGCUUGC,GAGGGCGAUGCCACCUACGGCAAGCUGACCCUGAAGUUCAUCUGCACCACCGGCAAG,0.7105827125216859,0,"2.49,-0.93,-6.82,0,0,-190.58999999999997,0.2631578947368421,0,0.2631578947368421,0,0,0.1111111111111111,-2.24,0.0,0,0,0.0,-3.42,0,0.1111111111111111,0,-2.08,0.1111111111111111,0",-35.44,-7.25,2.49,nan,52.6
GAACUUCAGGGUCAGCUUG,AGGGCGAUGCCACCUACGGCAAGCUGACCCUGAAGUUCAUCUGCACCACCGGCAAGC,0.7322175732217574,1,"-0.24,-2.35,-12.44,0,1,-191.86999999999998,0.2631578947368421,0,0.3157894736842105,0,0,0.1111111111111111,-0.93,0.0,0,0,0.0,-2.11,0,0.05555555555555555,0,-2.11,0.1111111111111111,0",-34.82,-5.65,-0.24,nan,52.6
UGAACUUCAGGGUCAGCUU,GGGCGAUGCCACCUACGGCAAGCUGACCCUGAAGUUCAUCUGCACCACCGGCAAGCU,0.9358097765078072,1,"-0.73,-2.11,-10.44,1,0,-184.42999999999998,0.3157894736842105,0,0.2631578947368421,0,0,0.1111111111111111,-2.35,0.0,0,0,0.0,-0.93,0,0.05555555555555555,0,-2.35,0.1111111111111111,0",-33.92,-6.79,-0.73,nan,47.4
AUGAACUUCAGGGUCAGCU,GGCGAUGCCACCUACGGCAAGCUGACCCUGAAGUUCAUCUGCACCACCGGCAAGCUG,0.8910092866619044,1,"0.53,-1.1,-9.38,0,0,-186.98999999999998,0.2631578947368421,0,0.2631578947368421,0,0,0.1111111111111111,-2.11,0.0,1,0,0.0,-2.08,0,0.05555555555555555,0,-2.24,0.05555555555555555,0",-34.09,-5.65,0.53,nan,47.4
GAUGAACUUCAGGGUCAGC,GCGAUGCCACCUACGGCAAGCUGACCCUGAAGUUCAUCUGCACCACCGGCAAGCUGC,0.7672211450147975,1,"0.62,-2.35,-12.44,0,1,-196.39,0.21052631578947367,0,0.3157894736842105,0,0,0.1111111111111111,-1.1,0.0,0,0,0.0,-3.42,0,0.05555555555555555,0,-3.26,0.05555555555555555,0",-35.26,-5.82,0.62,nan,52.6
AGAUGAACUUCAGGGUCAG,CGAUGCCACCUACGGCAAGCUGACCCUGAAGUUCAUCUGCACCACCGGCAAGCUGCC,0.7119093785080112,0,"0.9,-2.08,-10.48,0,0,-188.26999999999998,0.21052631578947367,0,0.3157894736842105,0,0,0.1111111111111111,-2.35,0.0,0,0,0.0,-2.08,0,0.0,0,-3.26,0.05555555555555555,0",-33.47,-6.99,0.9,nan,47.4
CAGAUGAACUUCAGGGUCA,GAUGCCACCUACGGCAAGCUGACCCUGAAGUUCAUCUGCACCACCGGCAAGCUGCCC,0.5111746096540464,0,"-0.9,-2.11,-10.44,0,0,-188.23,0.21052631578947367,0,0.2631578947368421,0,0,0.1111111111111111,-2.08,0.0,0,1,0.0,-2.11,0,0.0,0,-2.08,0.05555555555555555,1",-33.5,-5.93,-0.9,nan,47.4
GCAGAUGAACUUCAGGGUC,AUGCCACCUACGGCAAGCUGACCCUGAAGUUCAUCUGCACCACCGGCAAGCUGCCCG,0.4439228492703337,0,"-0.62,-3.42,-14.88,0,1,-196.39000000000001,0.21052631578947367,0,0.3157894736842105,0,1,0.1111111111111111,-2.11,0.0,0,0,0.0,-2.35,0,0.05555555555555555,0,-2.11,0.05555555555555555,0",-35.26,-7.56,-0.62,nan,52.6
UGCAGAUGAACUUCAGGGU,UGCCACCUACGGCAAGCUGACCCUGAAGUUCAUCUGCACCACCGGCAAGCUGCCCGU,0.8051842024696398,1,"0.13,-2.11,-10.44,1,0,-186.95000000000002,0.2631578947368421,0,0.3157894736842105,0,0,0.1111111111111111,-3.42,0.0,0,0,0.0,-2.24,0,0.05555555555555555,0,-2.35,0.05555555555555555,0",-34.12,-9.08,0.13,nan,47.4
GUGCAGAUGAACUUCAGGG,GCCACCUACGGCAAGCUGACCCUGAAGUUCAUCUGCACCACCGGCAAGCUGCCCGUG,0.8063067659965304,1,"0.57,-2.24,-11.4,0,1,-194.39,0.21052631578947367,0,0.3684210526315789,0,0,0.1111111111111111,-2.11,0.0,1,0,0.0,-3.26,0,0.05555555555555555,0,-0.93,0.05555555555555555,0",-35.02,-8.18,0.57,nan,52.6
GGUGCAGAUGAACUUCAGG,CCACCUACGGCAAGCUGACCCUGAAGUUCAUCUGCACCACCGGCAAGCUGCCCGUGC,0.695172976834371,0,"0.0,-3.26,-13.39,0,1,-194.39,0.21052631578947367,0,0.3684210526315789,1,0,0.1111111111111111,-2.24,0.0,0,0,0.0,-3.26,0,0.05555555555555555,0,-2.08,0.05555555555555555,0",-35.02,-9.77,0.0,nan,52.6
UGGUGCAGAUGAACUUCAG,CACCUACGGCAAGCUGACCCUGAAGUUCAUCUGCACCACCGGCAAGCUGCCCGUGCC,0.6880293907541587,0,"0.87,-2.11,-10.44,1,0,-187.71999999999997,0.2631578947368421,0,0.3157894736842105,0,0,0.05555555555555555,-3.26,0.0,0,0,0.0,-2.08,0,0.05555555555555555,0,-2.24,0.05555555555555555,0",-33.42,-11.13,0.87,nan,47.4
GUGGUGCAGAUGAACUUCA,ACCUACGGCAAGCUGACCCUGAAGUUCAUCUGCACCACCGGCAAGCUGCCCGUGCCC,0.4635166853760588,0,"-1.03,-2.24,-11.4,0,1,-188.63999999999996,0.2631578947368421,0,0.3157894736842105,0,0,0.05555555555555555,-2.11,0.0,1,0,0.0,-2.11,0,0.05555555555555555,0,-0.93,0.05555555555555555,1",-33.58,-10.26,-1.03,nan,47.4
GGUGGUGCAGAUGAACUUC,CCUACGGCAAGCUGACCCUGAAGUUCAUCUGCACCACCGGCAAGCUGCCCGUGCCCU,0.5413817736503725,0,"-0.46,-3.26,-13.39,0,1,-195.30999999999997,0.2631578947368421,0,0.3684210526315789,1,0,0.1111111111111111,-2.24,0.0,0,0,0.0,-2.35,0,0.05555555555555555,0,-2.35,0.05555555555555555,0",-35.18,-11.29,-0.46,nan,52.6
CGGUGGUGCAGAUGAACUU,CUACGGCAAGCUGACCCUGAAGUUCAUCUGCACCACCGGCAAGCUGCCCGUGCCCUG,0.5989386672109399,0,"-1.43,-2.36,-10.64,0,0,-189.78999999999996,0.2631578947368421,0,0.3684210526315789,0,0,0.1111111111111111,-3.26,0.0,0,1,0.0,-0.93,0,0.05555555555555555,1,-2.11,0.05555555555555555,0",-34.74,-11.13,-1.43,nan,52.6
CCGGUGGUGCAGAUGAACU,UACGGCAAGCUGACCCUGAAGUUCAUCUGCACCACCGGCAAGCUGCCCGUGCCCUGG,0.3915705684253495,0,"-1.63,-3.26,-13.39,0,0,-196.35999999999999,0.21052631578947367,0,0.3684210526315789,0,0,0.1111111111111111,-2.36,0.0,0,1,0.05555555555555555,-2.08,1,0.05555555555555555,0,-1.1,0.0,0",-37.07,-10.93,-1.63,nan,57.9
GCCGGUGGUGCAGAUGAAC,ACGGCAAGCUGACCCUGAAGUUCAUCUGCACCACCGGCAAGCUGCCCGUGCCCUGGC,0.1335850596999694,0,"-0.73,-3.42,-14.88,0,1,-204.48,0.15789473684210525,0,0.42105263157894735,0,1,0.1111111111111111,-3.26,0.0,0,0,0.05555555555555555,-2.24,0,0.1111111111111111,0,-2.35,0.0,0",-38.86,-12.4,-0.73,nan,63.2
UGCCGGUGGUGCAGAUGAA,CGGCAAGCUGACCCUGAAGUUCAUCUGCACCACCGGCAAGCUGCCCGUGCCCUGGCC,0.2221655270946015,0,"-0.73,-2.11,-10.44,1,0,-196.07999999999998,0.21052631578947367,0,0.42105263157894735,0,0,0.1111111111111111,-3.42,0.0,0,0,0.05555555555555555,-0.93,0,0.1111111111111111,0,-2.08,0.0,1",-37.83,-12.56,-0.73,nan,57.9
UUGCCGGUGGUGCAGAUGA,GGCAAGCUGACCCUGAAGUUCAUCUGCACCACCGGCAAGCUGCCCGUGCCCUGGCCC,0.4949484641289928,0,"0.97,-0.93,-6.82,1,0,-196.07999999999998,0.2631578947368421,1,0.42105263157894735,0,0,0.1111111111111111,-2.11,0.0,1,0,0.05555555555555555,-2.35,0,0.1111111111111111,0,-2.11,0.05555555555555555,1",-37.83,-11.66,0.97,nan,57.9
CUUGCCGGUGGUGCAGAUG,GCAAGCUGACCCUGAAGUUCAUCUGCACCACCGGCAAGCUGCCCGUGCCCUGGCCCA,0.4151444024900499,0,"0.03,-2.08,-10.48,0,0,-201.56,0.2631578947368421,0,0.42105263157894735,0,0,0.1111111111111111,-0.93,0.0,1,1,0.05555555555555555,-2.11,0,0.1111111111111111,0,-3.42,0.05555555555555555,0",-38.46,-10.8,0.03,nan,63.2
GCUUGCCGGUGGUGCAGAU,CAAGCUGACCCUGAAGUUCAUCUGCACCACCGGCAAGCUGCCCGUGCCCUGGCCCAC,0.0612307378303908,0,"-2.32,-3.42,-14.88,0,1,-202.27999999999997,0.2631578947368421,0,0.42105263157894735,0,1,0.1111111111111111,-2.08,0.0,0,0,0.05555555555555555,-1.1,0,0.16666666666666666,0,-2.11,0.05555555555555555,0",-39.32,-10.07,-2.32,nan,63.2
AGCUUGCCGGUGGUGCAGA,AAGCUGACCCUGAAGUUCAUCUGCACCACCGGCAAGCUGCCCGUGCCCUGGCCCACC,0.0443922849270333,0,"0.27,-2.08,-10.48,0,0,-199.65999999999997,0.21052631578947367,0,0.42105263157894735,0,0,0.1111111111111111,-3.42,0.0,0,0,0.05555555555555555,-2.35,0,0.16666666666666666,0,-2.24,0.05555555555555555,1",-39.85,-11.13,0.27,nan,63.2
CAGCUUGCCGGUGGUGCAG,AGCUGACCCUGAAGUUCAUCUGCACCACCGGCAAGCUGCCCGUGCCCUGGCCCACCC,0.3306459842841106,0,"-0.03,-2.11,-10.44,0,0,-205.10000000000002,0.21052631578947367,0,0.42105263157894735,0,0,0.1111111111111111,-2.08,0.0,0,1,0.05555555555555555,-2.08,0,0.16666666666666666,0,-3.26,0.05555555555555555,0",-40.51,-9.5,-0.03,nan,68.4
GCAGCUUGCCGGUGGUGCA,GCUGACCCUGAAGUUCAUCUGCACCACCGGCAAGCUGCCCGUGCCCUGGCCCACCCU,0.0389835697520155,0,"-1.76,-3.42,-14.88,0,1,-205.78,0.21052631578947367,0,0.42105263157894735,0,1,0.1111111111111111,-2.11,0.0,0,0,0.05555555555555555,-2.11,0,0.2222222222222222,0,-2.11,0.05555555555555555,1",-41.4,-8.64,-1.76,nan,68.4
GGCAGCUUGCCGGUGGUGC,CUGACCCUGAAGUUCAUCUGCACCACCGGCAAGCUGCCCGUGCCCUGGCCCACCCUC,0.3609551995101541,0,"0.16,-3.26,-13.39,0,1,-212.45000000000002,0.21052631578947367,0,0.47368421052631576,1,0,0.16666666666666666,-3.42,0.0,0,0,0.05555555555555555,-3.42,0,0.2222222222222222,0,-2.24,0.05555555555555555,0",-43.0,-9.5,0.16,nan,73.7
GGGCAGCUUGCCGGUGGUG,UGACCCUGAAGUUCAUCUGCACCACCGGCAAGCUGCCCGUGCCCUGGCCCACCCUCG,0.212062455352587,0,"-0.7,-3.26,-13.39,0,1,-210.96,0.21052631578947367,0,0.5263157894736842,1,0,0.2222222222222222,-3.26,0.0,0,0,0.05555555555555555,-2.11,0,0.16666666666666666,0,-3.26,0.05555555555555555,0",-42.84,-11.83,-0.7,nan,73.7
CGGGCAGCUUGCCGGUGGU,GACCCUGAAGUUCAUCUGCACCACCGGCAAGCUGCCCGUGCCCUGGCCCACCCUCGU,0.0474538218185529,0,"-0.57,-2.36,-10.64,0,0,-207.43999999999997,0.21052631578947367,0,0.47368421052631576,0,0,0.2222222222222222,-3.26,0.0,0,1,0.05555555555555555,-2.24,0,0.16666666666666666,1,-2.36,0.05555555555555555,0",-42.64,-13.46,-0.57,nan,73.7
ACGGGCAGCUUGCCGGUGG,ACCCUGAAGUUCAUCUGCACCACCGGCAAGCUGCCCGUGCCCUGGCCCACCCUCGUG,0.3957546688437596,0,"1.47,-2.24,-11.4,0,0,-207.44,0.15789473684210525,0,0.47368421052631576,0,0,0.2222222222222222,-2.36,0.0,0,0,0.05555555555555555,-3.26,0,0.16666666666666666,0,-3.26,0.05555555555555555,0",-42.64,-12.4,1.47,nan,73.7
CACGGGCAGCUUGCCGGUG,CCCUGAAGUUCAUCUGCACCACCGGCAAGCUGCCCGUGCCCUGGCCCACCCUCGUGA,0.2002245127053781,0,"0.0,-2.11,-10.44,0,0,-208.20999999999995,0.15789473684210525,0,0.42105263157894735,0,0,0.16666666666666666,-2.24,0.0,0,1,0.05555555555555555,-2.11,0,0.16666666666666666,0,-3.42,0.05555555555555555,0",-41.94,-11.66,0.0,nan,73.7
GCACGGGCAGCUUGCCGGU,CCUGAAGUUCAUCUGCACCACCGGCAAGCUGCCCGUGCCCUGGCCCACCCUCGUGAC,0.1718542708439636,0,"-1.63,-3.42,-14.88,0,1,-208.92999999999998,0.15789473684210525,0,0.42105263157894735,0,1,0.16666666666666666,-2.11,0.0,0,0,0.05555555555555555,-2.24,0,0.2222222222222222,0,-2.11,0.05555555555555555,0",-42.8,-12.56,-1.63,nan,73.7
GGCACGGGCAGCUUGCCGG,CUGAAGUUCAUCUGCACCACCGGCAAGCUGCCCGUGCCCUGGCCCACCCUCGUGACC,0.4710684763751403,0,"0.0,-3.26,-13.39,0,1,-214.63999999999993,0.10526315789473684,0,0.47368421052631576,1,0,0.2222222222222222,-3.42,0.0,0,0,0.05555555555555555,-3.26,0,0.2222222222222222,0,-0.93,0.05555555555555555,0",-44.27,-12.56,0.0,nan,78.9
GGGCACGGGCAGCUUGCCG,UGAAGUUCAUCUGCACCACCGGCAAGCUGCCCGUGCCCUGGCCCACCCUCGUGACCA,0.2816613940197979,0,"-0.9,-3.26,-13.39,0,1,-214.63999999999993,0.10526315789473684,0,0.47368421052631576,1,0,0.2222222222222222,-3.26,0.0,0,0,0.05555555555555555,-2.36,0,0.2222222222222222,0,-2.08,0.05555555555555555,0",-44.27,-12.56,-0.9,nan,78.9
AGGGCACGGGCAGCUUGCC,GAAGUUCAUCUGCACCACCGGCAAGCUGCCCGUGCCCUGGCCCACCCUCGUGACCAC,0.3128890703132973,0,"1.63,-2.08,-10.48,0,0,-210.76,0.10526315789473684,0,0.42105263157894735,0,0,0.2222222222222222,-3.26,0.0,0,0,0.05555555555555555,-3.26,0,0.2222222222222222,0,-3.42,0.05555555555555555,0",-43.54,-12.56,1.63,nan,73.7
CAGGGCACGGGCAGCUUGC,AAGUUCAUCUGCACCACCGGCAAGCUGCCCGUGCCCUGGCCCACCCUCGUGACCACC,0.5715889376466987,0,"0.86,-2.11,-10.44,0,0,-211.52999999999997,0.10526315789473684,0,0.42105263157894735,0,0,0.2222222222222222,-2.08,0.0,0,1,0.0,-3.42,0,0.2222222222222222,0,-2.08,0.05555555555555555,0",-42.84,-11.83,0.86,nan,73.7
CCAGGGCACGGGCAGCUUG,AGUUCAUCUGCACCACCGGCAAGCUGCCCGUGCCCUGGCCCACCCUCGUGACCACCC,0.4725992448209001,0,"-0.7,-3.26,-13.39,0,0,-210.03999999999996,0.10526315789473684,0,0.42105263157894735,0,0,0.2222222222222222,-2.11,0.0,0,1,0.05555555555555555,-2.11,1,0.16666666666666666,0,-2.11,0.05555555555555555,0",-42.68,-11.7,-0.7,nan,73.7
GCCAGGGCACGGGCAGCUU,GUUCAUCUGCACCACCGGCAAGCUGCCCGUGCCCUGGCCCACCCUCGUGACCACCCU,0.1839983671803245,0,"-2.49,-3.42,-14.88,0,1,-210.75999999999993,0.10526315789473684,0,0.42105263157894735,0,1,0.2222222222222222,-3.26,0.0,0,0,0.05555555555555555,-0.93,0,0.2222222222222222,0,-3.42,0.05555555555555555,0",-43.54,-13.3,-2.49,nan,73.7
GGCCAGGGCACGGGCAGCU,UUCAUCUGCACCACCGGCAAGCUGCCCGUGCCCUGGCCCACCCUCGUGACCACCCUG,0.0866414940300029,0,"-1.63,-3.26,-13.39,0,1,-217.32999999999993,0.05263157894736842,0,0.47368421052631576,1,0,0.2777777777777778,-3.42,0.0,0,0,0.05555555555555555,-2.08,0,0.2222222222222222,0,-3.26,0.0,0",-45.87,-13.3,-1.63,nan,78.9
GGGCCAGGGCACGGGCAGC,UCAUCUGCACCACCGGCAAGCUGCCCGUGCCCUGGCCCACCCUCGUGACCACCCUGA,0.2934993366670069,0,"0.16,-3.26,-13.39,0,1,-223.95999999999995,0.0,0,0.5263157894736842,1,0,0.3333333333333333,-3.26,0.0,0,0,0.05555555555555555,-3.42,0,0.2222222222222222,0,-3.26,0.0,0",-47.5,-13.3,0.16,nan,84.2
UGGGCCAGGGCACGGGCAG,CAUCUGCACCACCGGCAAGCUGCCCGUGCCCUGGCCCACCCUCGUGACCACCCUGAC,0.2693131952240025,0,"0.87,-2.11,-10.44,1,0,-215.79999999999998,0.05263157894736842,0,0.5263157894736842,0,0,0.3333333333333333,-3.26,0.0,0,0,0.05555555555555555,-2.08,0,0.16666666666666666,0,-2.36,0.0,0",-45.74,-13.3,0.87,nan,78.9
GUGGGCCAGGGCACGGGCA,AUCUGCACCACCGGCAAGCUGCCCGUGCCCUGGCCCACCCUCGUGACCACCCUGACC,0.2416573119706092,0,"-1.03,-2.24,-11.4,0,1,-216.71999999999997,0.05263157894736842,0,0.5263157894736842,0,0,0.3333333333333333,-2.11,0.0,1,0,0.05555555555555555,-2.11,0,0.16666666666666666,0,-2.24,0.0,1",-45.9,-12.43,-1.03,nan,78.9
GGUGGGCCAGGGCACGGGC,UCUGCACCACCGGCAAGCUGCCCGUGCCCUGGCCCACCCUCGUGACCACCCUGACCU,0.1526686396571079,0,"0.16,-3.26,-13.39,0,1,-223.39,0.05263157894736842,0,0.5789473684210527,1,0,0.3888888888888889,-2.24,0.0,0,0,0.05555555555555555,-3.42,0,0.16666666666666666,0,-2.11,0.0,0",-47.5,-13.46,0.16,nan,84.2
GGGUGGGCCAGGGCACGGG,CUGCACCACCGGCAAGCUGCCCGUGCCCUGGCCCACCCUCGUGACCACCCUGACCUA,0.0853148280436779,0,"0.0,-3.26,-13.39,0,1,-221.89999999999998,0.05263157894736842,0,0.631578947368421,1,0,0.4444444444444444,-3.26,0.0,0,0,0.05555555555555555,-3.26,0,0.1111111111111111,0,-3.42,0.0,0",-47.34,-13.46,0.0,nan,84.2
AGGGUGGGCCAGGGCACGG,UGCACCACCGGCAAGCUGCCCGUGCCCUGGCCCACCCUCGUGACCACCCUGACCUAC,0.0519440759261149,0,"1.63,-2.08,-10.48,0,0,-215.26999999999998,0.05263157894736842,0,0.5789473684210527,0,0,0.3888888888888889,-3.26,0.0,0,0,0.05555555555555555,-3.26,0,0.1111111111111111,0,-3.26,0.0,0",-45.71,-13.3,1.63,nan,78.9
GAGGGUGGGCCAGGGCACG,GCACCACCGGCAAGCUGCCCGUGCCCUGGCCCACCCUCGUGACCACCCUGACCUACG,0.2984998469231554,0,"-0.44,-2.35,-12.44,0,1,-218.04000000000002,0.05263157894736842,0,0.5789473684210527,0,0,0.3333333333333333,-2.08,0.0,0,0,0.05555555555555555,-2.36,0,0.1111111111111111,0,-3.26,0.0,0",-45.25,-11.67,-0.44,nan,78.9
CGAGGGUGGGCCAGGGCAC,CACCACCGGCAAGCUGCCCGUGCCCUGGCCCACCCUCGUGACCACCCUGACCUACGG,0.0,0,"0.33,-2.36,-10.64,0,0,-218.04,0.05263157894736842,0,0.5263157894736842,0,0,0.3333333333333333,-2.35,0.0,0,1,0.05555555555555555,-2.24,0,0.1111111111111111,1,-2.08,0.0,0",-45.25,-11.21,0.33,nan,78.9
ACGAGGGUGGGCCAGGGCA,ACCACCGGCAAGCUGCCCGUGCCCUGGCCCACCCUCGUGACCACCCUGACCUACGGC,0.0001020512297173,0,"-0.13,-2.24,-11.4,0,0,-210.59999999999997,0.05263157894736842,0,0.5263157894736842,0,0,0.3333333333333333,-2.36,0.0,0,0,0.05555555555555555,-2.11,0,0.1111111111111111,0,-2.11,0.0,1",-44.35,-11.01,-0.13,nan,73.7
CACGAGGGUGGGCCAGGGC,CCACCGGCAAGCUGCCCGUGCCCUGGCCCACCCUCGUGACCACCCUGACCUACGGCG,0.2324727012960506,0,"0.86,-2.11,-10.44,0,0,-218.04000000000002,0.05263157894736842,0,0.5263157894736842,0,0,0.3333333333333333,-2.24,0.0,0,1,0.05555555555555555,-3.42,0,0.1111111111111111,0,-3.26,0.0,0",-45.25,-11.01,0.86,nan,78.9
UCACGAGGGUGGGCCAGGG,CACCGGCAAGCUGCCCGUGCCCUGGCCCACCCUCGUGACCACCCUGACCUACGGCGU,0.2582916624145321,0,"1.36,-2.35,-12.44,1,0,-211.88,0.10526315789473684,0,0.5263157894736842,0,0,0.3333333333333333,-2.11,0.0,0,0,0.05555555555555555,-3.26,0,0.05555555555555555,0,-3.42,0.0,0",-43.73,-10.31,1.36,nan,73.7
GUCACGAGGGUGGGCCAGG,ACCGGCAAGCUGCCCGUGCCCUGGCCCACCCUCGUGACCACCCUGACCUACGGCGUG,0.3158485559750995,0,"0.57,-2.24,-11.4,0,1,-213.61,0.10526315789473684,0,0.5263157894736842,0,0,0.2777777777777778,-2.35,0.0,1,0,0.05555555555555555,-3.26,0,0.05555555555555555,0,-3.26,0.0,0",-43.16,-8.95,0.57,nan,73.7
GGUCACGAGGGUGGGCCAG,CCGGCAAGCUGCCCGUGCCCUGGCCCACCCUCGUGACCACCCUGACCUACGGCGUGC,0.2481885906725176,0,"-0.73,-3.26,-13.39,0,1,-213.60999999999999,0.10526315789473684,0,0.5263157894736842,1,0,0.2777777777777778,-2.24,0.0,0,0,0.05555555555555555,-2.08,0,0.05555555555555555,0,-3.26,0.0,0",-43.16,-9.11,-0.73,nan,73.7
UGGUCACGAGGGUGGGCCA,CGGCAAGCUGCCCGUGCCCUGGCCCACCCUCGUGACCACCCUGACCUACGGCGUGCA,0.72793142157363,1,"0.0,-2.11,-10.44,1,0,-206.12999999999994,0.15789473684210525,0,0.47368421052631576,0,0,0.2777777777777778,-3.26,0.0,0,0,0.05555555555555555,-2.11,0,0.05555555555555555,0,-2.11,0.0,1",-42.29,-10.47,0.0,nan,68.4
GUGGUCACGAGGGUGGGCC,GGCAAGCUGCCCGUGCCCUGGCCCACCCUCGUGACCACCCUGACCUACGGCGUGCAG,0.5200530666394529,0,"0.57,-2.24,-11.4,0,1,-214.52999999999997,0.15789473684210525,0,0.5263157894736842,0,0,0.2777777777777778,-2.11,0.0,1,0,0.05555555555555555,-3.26,0,0.05555555555555555,0,-2.24,0.0,0",-43.32,-9.77,0.57,nan,73.7
GGUGGUCACGAGGGUGGGC,GCAAGCUGCCCGUGCCCUGGCCCACCCUCGUGACCACCCUGACCUACGGCGUGCAGU,0.4482090009184611,0,"0.16,-3.26,-13.39,0,1,-214.52999999999997,0.15789473684210525,0,0.5789473684210527,1,0,0.3333333333333333,-2.24,0.0,0,0,0.0,-3.42,0,0.05555555555555555,0,-3.26,0.0,0",-43.32,-9.77,0.16,nan,73.7
GGGUGGUCACGAGGGUGGG,CAAGCUGCCCGUGCCCUGGCCCACCCUCGUGACCACCCUGACCUACGGCGUGCAGUG,0.2080824573936116,0,"0.0,-3.26,-13.39,0,1,-213.03999999999996,0.15789473684210525,0,0.631578947368421,1,0,0.3888888888888889,-3.26,0.0,0,0,0.0,-3.26,0,0.0,0,-3.26,0.0,0",-43.16,-11.37,0.0,nan,73.7
AGGGUGGUCACGAGGGUGG,AAGCUGCCCGUGCCCUGGCCCACCCUCGUGACCACCCUGACCUACGGCGUGCAGUGC,0.3463618736605776,0,"1.63,-2.08,-10.48,0,0,-206.41000000000003,0.15789473684210525,0,0.5789473684210527,0,0,0.3333333333333333,-3.26,0.0,0,0,0.0,-3.26,0,0.0,0,-2.08,0.0,0",-41.53,-11.83,1.63,nan,68.4
CAGGGUGGUCACGAGGGUG,AGCUGCCCGUGCCCUGGCCCACCCUCGUGACCACCCUGACCUACGGCGUGCAGUGCU,0.270435758750893,0,"0.0,-2.11,-10.44,0,0,-207.17999999999998,0.15789473684210525,0,0.5263157894736842,0,0,0.2777777777777778,-2.08,0.0,0,1,0.0,-2.11,0,0.0,0,-2.35,0.0,0",-40.83,-11.67,0.0,nan,68.4
UCAGGGUGGUCACGAGGGU,GCUGCCCGUGCCCUGGCCCACCCUCGUGACCACCCUGACCUACGGCGUGCAGUGCUU,0.3797326257781406,0,"-0.11,-2.35,-12.44,1,0,-201.73999999999998,0.21052631578947367,0,0.47368421052631576,0,0,0.2777777777777778,-2.11,0.0,0,0,0.0,-2.24,0,0.0,0,-2.36,0.0,0",-40.17,-10.97,-0.11,nan,63.2
GUCAGGGUGGUCACGAGGG,CUGCCCGUGCCCUGGCCCACCCUCGUGACCACCCUGACCUACGGCGUGCAGUGCUUC,0.4331054189202979,0,"0.57,-2.24,-11.4,0,1,-209.18,0.15789473684210525,0,0.5263157894736842,0,0,0.2777777777777778,-2.35,0.0,1,0,0.0,-3.26,0,0.0,0,-2.24,0.0,0",-41.07,-10.31,0.57,nan,68.4
GGUCAGGGUGGUCACGAGG,UGCCCGUGCCCUGGCCCACCCUCGUGACCACCCUGACCUACGGCGUGCAGUGCUUCA,0.5177058883559547,0,"0.0,-3.26,-13.39,0,1,-209.18,0.15789473684210525,0,0.5263157894736842,1,0,0.2777777777777778,-2.24,0.0,0,0,0.0,-3.26,0,0.0,0,-2.11,0.0,0",-41.07,-11.21,0.0,nan,68.4
AGGUCAGGGUGGUCACGAG,GCCCGUGCCCUGGCCCACCCUCGUGACCACCCUGACCUACGGCGUGCAGUGCUUCAG,0.5814879069292785,0,"0.9,-2.08,-10.48,0,0,-202.54999999999998,0.15789473684210525,0,0.47368421052631576,0,0,0.2222222222222222,-3.26,0.0,0,0,0.0,-2.08,0,0.0,0,-2.35,0.0,0",-39.44,-11.21,0.9,nan,63.2
UAGGUCAGGGUGGUCACGA,CCCGUGCCCUGGCCCACCCUCGUGACCACCCUGACCUACGGCGUGCAGUGCUUCAGC,0.5284212674762732,0,"0.57,-1.33,-7.69,1,0,-196.04000000000002,0.21052631578947367,0,0.42105263157894735,0,0,0.2222222222222222,-2.08,0.05555555555555555,0,0,0.0,-2.35,0,0.0,0,-2.24,0.0,1",-38.24,-9.58,0.57,nan,57.9
GUAGGUCAGGGUGGUCACG,CCGUGCCCUGGCCCACCCUCGUGACCACCCUGACCUACGGCGUGCAGUGCUUCAGCC,0.4808653944280028,0,"-0.33,-2.24,-11.4,0,1,-202.44,0.21052631578947367,0,0.47368421052631576,0,0,0.2222222222222222,-1.33,0.05555555555555555,1,0,0.0,-2.36,0,0.0,0,-3.26,0.0,0",-39.03,-8.38,-0.33,nan,63.2
CGUAGGUCAGGGUGGUCAC,CGUGCCCUGGCCCACCCUCGUGACCACCCUGACCUACGGCGUGCAGUGCUUCAGCCG,0.6749668333503419,0,"0.33,-2.36,-10.64,0,0,-202.44,0.21052631578947367,0,0.42105263157894735,0,0,0.2222222222222222,-2.24,0.05555555555555555,0,1,0.0,-2.24,0,0.0,1,-2.11,0.0,0",-39.03,-9.41,0.33,nan,63.2
CCGUAGGUCAGGGUGGUCA,GUGCCCUGGCCCACCCUCGUGACCACCCUGACCUACGGCGUGCAGUGCUUCAGCCGC,0.4261659352995203,0,"-1.6,-3.26,-13.39,0,0,-200.71,0.21052631578947367,0,0.42105263157894735,0,0,0.2222222222222222,-2.36,0.05555555555555555,0,1,0.05555555555555555,-2.11,1,0.0,0,-2.24,0.0,1",-39.6,-8.97,-1.6,nan,63.2
GCCGUAGGUCAGGGUGGUC,UGCCCUGGCCCACCCUCGUGACCACCCUGACCUACGGCGUGCAGUGCUUCAGCCGCU,0.3065618940708235,0,"-0.62,-3.42,-14.88,0,1,-208.87000000000003,0.21052631578947367,0,0.47368421052631576,0,1,0.2222222222222222,-3.26,0.05555555555555555,0,0,0.05555555555555555,-2.35,0,0.05555555555555555,0,-3.26,0.0,0",-41.36,-10.44,-0.62,nan,68.4
CGCCGUAGGUCAGGGUGGU,GCCCUGGCCCACCCUCGUGACCACCCUGACCUACGGCGUGCAGUGCUUCAGCCGCUA,0.4613736095519951,0,"-0.57,-2.36,-10.64,0,0,-203.35,0.21052631578947367,0,0.47368421052631576,0,0,0.2222222222222222,-3.42,0.05555555555555555,0,1,0.05555555555555555,-2.24,0,0.05555555555555555,1,-3.26,0.0,0",-40.92,-10.6,-0.57,nan,68.4
ACGCCGUAGGUCAGGGUGG,CCCUGGCCCACCCUCGUGACCACCCUGACCUACGGCGUGCAGUGCUUCAGCCGCUAC,0.5794468823349321,0,"1.47,-2.24,-11.4,0,0,-203.35000000000002,0.15789473684210525,0,0.47368421052631576,0,0,0.2222222222222222,-2.36,0.05555555555555555,0,0,0.05555555555555555,-3.26,0,0.05555555555555555,0,-2.08,0.0,0",-40.92,-10.43,1.47,nan,68.4
CACGCCGUAGGUCAGGGUG,CCUGGCCCACCCUCGUGACCACCCUGACCUACGGCGUGCAGUGCUUCAGCCGCUACC,0.7585467904888255,1,"0.0,-2.11,-10.44,0,0,-204.11999999999998,0.15789473684210525,0,0.42105263157894735,0,0,0.16666666666666666,-2.24,0.05555555555555555,0,1,0.05555555555555555,-2.11,0,0.05555555555555555,0,-2.11,0.0,0",-40.22,-10.89,0.0,nan,68.4
GCACGCCGUAGGUCAGGGU,CUGGCCCACCCUCGUGACCACCCUGACCUACGGCGUGCAGUGCUUCAGCCGCUACCC,0.6849678538626391,0,"-1.63,-3.42,-14.88,0,1,-204.84,0.15789473684210525,0,0.42105263157894735,0,1,0.16666666666666666,-2.11,0.05555555555555555,0,0,0.05555555555555555,-2.24,0,0.1111111111111111,0,-2.35,0.0,0",-41.08,-11.66,-1.63,nan,68.4
UGCACGCCGUAGGUCAGGG,UGGCCCACCCUCGUGACCACCCUGACCUACGGCGUGCAGUGCUUCAGCCGCUACCCC,0.5690376569037657,0,"1.6,-2.11,-10.44,1,0,-203.88,0.15789473684210525,0,0.42105263157894735,0,0,0.16666666666666666,-3.42,0.05555555555555555,0,0,0.05555555555555555,-3.26,0,0.1111111111111111,0,-2.24,0.0,0",-40.95,-12.72,1.6,nan,68.4
CUGCACGCCGUAGGUCAGG,GGCCCACCCUCGUGACCACCCUGACCUACGGCGUGCAGUGCUUCAGCCGCUACCCCG,0.4896418001836922,0,"0.73,-2.08,-10.48,0,0,-204.69,0.15789473684210525,0,0.3684210526315789,0,0,0.1111111111111111,-2.11,0.05555555555555555,1,1,0.05555555555555555,-3.26,0,0.1111111111111111,0,-3.26,0.0,0",-40.22,-11.12,0.73,nan,68.4
ACUGCACGCCGUAGGUCAG,GCCCACCCUCGUGACCACCCUGACCUACGGCGUGCAGUGCUUCAGCCGCUACCCCGA,0.5749566282273703,0,"0.74,-2.24,-11.4,0,0,-198.97999999999996,0.15789473684210525,0,0.3157894736842105,0,0,0.05555555555555555,-2.08,0.05555555555555555,0,0,0.05555555555555555,-2.08,0,0.1111111111111111,0,-2.08,0.0,0",-38.75,-10.23,0.74,nan,63.2
CACUGCACGCCGUAGGUCA,CCCACCCUCGUGACCACCCUGACCUACGGCGUGCAGUGCUUCAGCCGCUACCCCGAC,0.5914889274415758,0,"-0.9,-2.11,-10.44,0,0,-198.93999999999997,0.15789473684210525,0,0.2631578947368421,0,0,0.05555555555555555,-2.24,0.05555555555555555,0,1,0.05555555555555555,-2.11,0,0.1111111111111111,0,-1.33,0.0,1",-38.78,-9.66,-0.9,nan,63.2
GCACUGCACGCCGUAGGUC,CCACCCUCGUGACCACCCUGACCUACGGCGUGCAGUGCUUCAGCCGCUACCCCGACC,0.6137360955199511,0,"-0.62,-3.42,-14.88,0,1,-207.1,0.15789473684210525,0,0.3157894736842105,0,1,0.05555555555555555,-2.11,0.05555555555555555,0,0,0.05555555555555555,-2.35,0,0.16666666666666666,0,-2.24,0.0,0",-40.54,-9.53,-0.62,nan,68.4
AGCACUGCACGCCGUAGGU,CACCCUCGUGACCACCCUGACCUACGGCGUGCAGUGCUUCAGCCGCUACCCCGACCA,0.5682212470660272,0,"0.16,-2.08,-10.48,0,0,-197.69999999999996,0.15789473684210525,0,0.3157894736842105,0,0,0.05555555555555555,-3.42,0.05555555555555555,0,0,0.05555555555555555,-2.24,0,0.16666666666666666,0,-2.36,0.0,0",-39.37,-11.29,0.16,nan,63.2
AAGCACUGCACGCCGUAGG,ACCCUCGUGACCACCCUGACCUACGGCGUGCAGUGCUUCAGCCGCUACCCCGACCAC,0.7152770690886826,1,"2.33,-0.93,-6.82,0,0,-196.83999999999997,0.10526315789473684,0,0.3157894736842105,0,0,0.05555555555555555,-2.08,0.05555555555555555,0,0,0.05555555555555555,-3.26,0,0.16666666666666666,0,-3.26,0.0,0",-38.51,-9.5,2.33,nan,63.2
GAAGCACUGCACGCCGUAG,CCCUCGUGACCACCCUGACCUACGGCGUGCAGUGCUUCAGCCGCUACCCCGACCACA,0.6091437901826717,0,"-0.27,-2.35,-12.44,0,1,-199.60999999999996,0.10526315789473684,0,0.3157894736842105,0,0,0.0,-0.93,0.05555555555555555,0,0,0.05555555555555555,-2.08,0,0.16666666666666666,0,-3.42,0.0,0",-38.05,-7.87,-0.27,nan,63.2
UGAAGCACUGCACGCCGUA,CCUCGUGACCACCCUGACCUACGGCGUGCAGUGCUUCAGCCGCUACCCCGACCACAU,0.57648739667313,0,"-0.33,-2.11,-10.44,1,0,-192.12999999999997,0.15789473684210525,0,0.2631578947368421,0,0,0.0,-2.35,0.05555555555555555,0,0,0.05555555555555555,-1.33,0,0.16666666666666666,0,-2.36,0.0,1",-37.18,-9.04,-0.33,nan,57.9
CUGAAGCACUGCACGCCGU,CUCGUGACCACCCUGACCUACGGCGUGCAGUGCUUCAGCCGCUACCCCGACCACAUG,0.6337381365445455,0,"-0.74,-2.08,-10.48,0,0,-198.63999999999996,0.15789473684210525,0,0.2631578947368421,0,0,0.0,-2.11,0.0,1,1,0.05555555555555555,-2.24,0,0.16666666666666666,0,-2.24,0.0,0",-38.38,-8.01,-0.74,nan,63.2
GCUGAAGCACUGCACGCCG,UCGUGACCACCCUGACCUACGGCGUGCAGUGCUUCAGCCGCUACCCCGACCACAUGA,0.6030207163996327,0,"-1.06,-3.42,-14.88,0,1,-205.83999999999997,0.10526315789473684,0,0.3157894736842105,0,1,0.0,-2.08,0.0,0,0,0.05555555555555555,-2.36,0,0.2222222222222222,0,-2.11,0.0,0",-40.01,-8.88,-1.06,nan,68.4
GGCUGAAGCACUGCACGCC,CGUGACCACCCUGACCUACGGCGUGCAGUGCUUCAGCCGCUACCCCGACCACAUGAA,0.7323196244514747,1,"0.0,-3.26,-13.39,0,1,-208.58999999999997,0.10526315789473684,0,0.3157894736842105,1,0,0.05555555555555555,-3.42,0.0,0,0,0.05555555555555555,-3.26,0,0.2222222222222222,0,-3.42,0.0,0",-40.91,-8.88,0.0,nan,68.4
CGGCUGAAGCACUGCACGC,GUGACCACCCUGACCUACGGCGUGCAGUGCUUCAGCCGCUACCCCGACCACAUGAAG,0.5177058883559547,0,"1.06,-2.36,-10.64,0,0,-205.83999999999997,0.10526315789473684,0,0.3157894736842105,0,0,0.05555555555555555,-3.26,0.0,0,1,0.0,-3.42,0,0.2222222222222222,1,-2.11,0.0,0",-40.01,-9.61,1.06,nan,68.4
GCGGCUGAAGCACUGCACG,UGACCACCCUGACCUACGGCGUGCAGUGCUUCAGCCGCUACCCCGACCACAUGAAGC,0.8117154811715482,1,"-1.06,-3.42,-14.88,0,1,-205.83999999999997,0.10526315789473684,0,0.3684210526315789,0,1,0.05555555555555555,-2.36,0.0,0,0,0.0,-2.36,0,0.2222222222222222,0,-2.08,0.0,0",-40.01,-11.04,-1.06,nan,68.4
AGCGGCUGAAGCACUGCAC,GACCACCCUGACCUACGGCGUGCAGUGCUUCAGCCGCUACCCCGACCACAUGAAGCA,0.9209102969690784,1,"1.06,-2.08,-10.48,0,0,-201.96,0.10526315789473684,0,0.3157894736842105,0,0,0.05555555555555555,-3.42,0.0,0,0,0.0,-2.24,0,0.2222222222222222,0,-2.24,0.0,0",-39.28,-12.56,1.06,nan,63.2
UAGCGGCUGAAGCACUGCA,ACCACCCUGACCUACGGCGUGCAGUGCUUCAGCCGCUACCCCGACCACAUGAAGCAG,0.8367180324522909,1,"0.33,-1.33,-7.69,1,0,-194.53,0.15789473684210525,0,0.3157894736842105,0,0,0.05555555555555555,-2.08,0.05555555555555555,0,0,0.0,-2.11,0,0.2222222222222222,0,-2.11,0.0,1",-37.92,-11.63,0.33,nan,57.9
GUAGCGGCUGAAGCACUGC,CCACCCUGACCUACGGCGUGCAGUGCUUCAGCCGCUACCCCGACCACAUGAAGCAGC,0.7507908970303092,1,"0.73,-2.24,-11.4,0,1,-202.92999999999998,0.15789473684210525,0,0.3684210526315789,0,0,0.05555555555555555,-1.33,0.05555555555555555,1,0,0.0,-3.42,0,0.2222222222222222,0,-3.42,0.0,0",-38.95,-11.33,0.73,nan,63.2
GGUAGCGGCUGAAGCACUG,CACCCUGACCUACGGCGUGCAGUGCUUCAGCCGCUACCCCGACCACAUGAAGCAGCA,0.8291662414532096,1,"-0.7,-3.26,-13.39,0,1,-201.43999999999997,0.15789473684210525,0,0.42105263157894735,1,0,0.1111111111111111,-2.24,0.05555555555555555,0,0,0.0,-2.11,0,0.16666666666666666,0,-2.08,0.0,0",-38.79,-10.6,-0.7,nan,63.2
GGGUAGCGGCUGAAGCACU,ACCCUGACCUACGGCGUGCAGUGCUUCAGCCGCUACCCCGACCACAUGAAGCAGCAC,0.8890703132972754,1,"-1.63,-3.26,-13.39,0,1,-200.66999999999996,0.15789473684210525,0,0.42105263157894735,1,0,0.16666666666666666,-3.26,0.05555555555555555,0,0,0.0,-2.08,0,0.16666666666666666,0,-0.93,0.0,0",-39.49,-10.6,-1.63,nan,63.2
GGGGUAGCGGCUGAAGCAC,CCCUGACCUACGGCGUGCAGUGCUUCAGCCGCUACCCCGACCACAUGAAGCAGCACG,0.5923053372793142,0,"-0.57,-3.26,-13.39,0,1,-207.29999999999995,0.10526315789473684,0,0.47368421052631576,1,0,0.2222222222222222,-3.26,0.05555555555555555,0,0,0.0,-2.24,0,0.16666666666666666,0,-2.35,0.0,0",-41.12,-11.5,-0.57,nan,68.4
CGGGGUAGCGGCUGAAGCA,CCUGACCUACGGCGUGCAGUGCUUCAGCCGCUACCCCGACCACAUGAAGCAGCACGA,0.5981222573732013,0,"-0.7,-2.36,-10.64,0,0,-202.81999999999996,0.10526315789473684,0,0.47368421052631576,0,0,0.2222222222222222,-3.26,0.05555555555555555,0,1,0.0,-2.11,0,0.16666666666666666,1,-2.11,0.0,1",-40.79,-11.34,-0.7,nan,68.4
UCGGGGUAGCGGCUGAAGC,CUGACCUACGGCGUGCAGUGCUUCAGCCGCUACCCCGACCACAUGAAGCAGCACGAC,0.7782426778242679,1,"1.52,-2.35,-12.44,1,0,-204.81999999999996,0.15789473684210525,0,0.47368421052631576,0,0,0.2222222222222222,-2.36,0.05555555555555555,0,0,0.0,-3.42,0,0.16666666666666666,0,-2.08,0.0,0",-41.03,-11.17,1.52,nan,68.4
GUCGGGGUAGCGGCUGAAG,UGACCUACGGCGUGCAGUGCUUCAGCCGCUACCCCGACCACAUGAAGCAGCACGACU,0.6132258393713645,0,"-0.16,-2.24,-11.4,0,1,-205.05999999999997,0.15789473684210525,0,0.5263157894736842,0,0,0.2222222222222222,-2.35,0.05555555555555555,1,0,0.0,-2.08,0,0.1111111111111111,0,-3.42,0.0,0",-40.3,-11.74,-0.16,nan,68.4
GGUCGGGGUAGCGGCUGAA,GACCUACGGCGUGCAGUGCUUCAGCCGCUACCCCGACCACAUGAAGCAGCACGACUU,0.3737116032248188,0,"-2.33,-3.26,-13.39,0,1,-204.24999999999997,0.15789473684210525,0,0.5263157894736842,1,0,0.2777777777777778,-2.24,0.05555555555555555,0,0,0.0,-0.93,0,0.1111111111111111,0,-3.26,0.0,1",-41.03,-12.64,-2.33,nan,68.4
UGGUCGGGGUAGCGGCUGA,ACCUACGGCGUGCAGUGCUUCAGCCGCUACCCCGACCACAUGAAGCAGCACGACUUC,0.5959791815491376,0,"0.24,-2.11,-10.44,1,0,-204.14999999999995,0.21052631578947367,0,0.5263157894736842,0,0,0.2777777777777778,-3.26,0.05555555555555555,0,0,0.0,-2.35,0,0.1111111111111111,0,-2.36,0.0,1",-41.76,-12.64,0.24,nan,68.4
GUGGUCGGGGUAGCGGCUG,CCUACGGCGUGCAGUGCUUCAGCCGCUACCCCGACCACAUGAAGCAGCACGACUUCU,0.3811613429941831,0,"-0.13,-2.24,-11.4,0,1,-210.54999999999998,0.21052631578947367,0,0.5789473684210527,0,0,0.2777777777777778,-2.11,0.05555555555555555,1,0,0.0,-2.11,0,0.1111111111111111,0,-3.42,0.0,0",-42.55,-11.04,-0.13,nan,73.7
UGUGGUCGGGGUAGCGGCU,CUACGGCGUGCAGUGCUUCAGCCGCUACCCCGACCACAUGAAGCAGCACGACUUCUU,0.3426880293907541,0,"-0.03,-2.11,-10.44,1,0,-203.10999999999999,0.2631578947368421,0,0.5263157894736842,0,0,0.2777777777777778,-2.24,0.05555555555555555,0,0,0.0,-2.08,0,0.1111111111111111,0,-2.08,0.0,0",-41.65,-10.47,-0.03,nan,68.4
AUGUGGUCGGGGUAGCGGC,UACGGCGUGCAGUGCUUCAGCCGCUACCCCGACCACAUGAAGCAGCACGACUUCUUC,0.4561689968364119,0,"2.32,-1.1,-9.38,0,0,-205.72999999999996,0.21052631578947367,0,0.5263157894736842,0,0,0.2777777777777778,-2.11,0.05555555555555555,1,0,0.0,-3.42,0,0.1111111111111111,0,-1.33,0.0,0",-41.12,-9.77,2.32,nan,68.4
CAUGUGGUCGGGGUAGCGG,ACGGCGUGCAGUGCUUCAGCCGCUACCCCGACCACAUGAAGCAGCACGACUUCUUCA,0.4528013062557404,0,"0.7,-2.11,-10.44,0,0,-205.01,0.21052631578947367,0,0.5263157894736842,0,0,0.2777777777777778,-1.1,0.05555555555555555,0,1,0.0,-3.26,0,0.05555555555555555,0,-2.24,0.0,0",-40.26,-8.07,0.7,nan,68.4
UCAUGUGGUCGGGGUAGCG,CGGCGUGCAGUGCUUCAGCCGCUACCCCGACCACAUGAAGCAGCACGACUUCUUCAA,0.4151444024900499,0,"0.46,-2.35,-12.44,1,0,-200.33999999999997,0.2631578947368421,0,0.47368421052631576,0,0,0.2222222222222222,-2.11,0.05555555555555555,0,0,0.0,-2.36,0,0.05555555555555555,0,-3.26,0.0,0",-38.9,-8.84,0.46,nan,63.2
UUCAUGUGGUCGGGGUAGC,GGCGUGCAGUGCUUCAGCCGCUACCCCGACCACAUGAAGCAGCACGACUUCUUCAAG,0.4566792529849985,0,"2.49,-0.93,-6.82,1,0,-196.51999999999998,0.3157894736842105,1,0.42105263157894735,0,0,0.2222222222222222,-2.35,0.05555555555555555,1,0,0.0,-3.42,0,0.05555555555555555,0,-3.26,0.05555555555555555,0",-37.47,-7.48,2.49,nan,57.9
CUUCAUGUGGUCGGGGUAG,GCGUGCAGUGCUUCAGCCGCUACCCCGACCACAUGAAGCAGCACGACUUCUUCAAGU,0.4048372282886009,0,"0.0,-2.08,-10.48,0,0,-195.83999999999997,0.3157894736842105,0,0.42105263157894735,0,0,0.2222222222222222,-0.93,0.05555555555555555,1,1,0.0,-2.08,0,0.0,0,-3.26,0.05555555555555555,0",-36.58,-5.85,0.0,nan,57.9
GCUUCAUGUGGUCGGGGUA,CGUGCAGUGCUUCAGCCGCUACCCCGACCACAUGAAGCAGCACGACUUCUUCAAGUC,0.3150321461373609,0,"-2.09,-3.42,-14.88,0,1,-196.51999999999995,0.3157894736842105,0,0.42105263157894735,0,1,0.2222222222222222,-2.08,0.05555555555555555,0,0,0.0,-1.33,0,0.05555555555555555,0,-2.36,0.05555555555555555,1",-37.47,-6.59,-2.09,nan,57.9
UGCUUCAUGUGGUCGGGGU,GUGCAGUGCUUCAGCCGCUACCCCGACCACAUGAAGCAGCACGACUUCUUCAAGUCC,0.6407796713950403,0,"0.13,-2.11,-10.44,1,0,-195.54999999999998,0.3684210526315789,0,0.42105263157894735,0,0,0.2222222222222222,-3.42,0.0,0,0,0.0,-2.24,0,0.05555555555555555,0,-2.35,0.05555555555555555,0",-37.8,-7.45,0.13,nan,57.9
CUGCUUCAUGUGGUCGGGG,UGCAGUGCUUCAGCCGCUACCCCGACCACAUGAAGCAGCACGACUUCUUCAAGUCCG,0.3337075211756302,0,"0.73,-2.08,-10.48,0,0,-202.06999999999994,0.3157894736842105,0,0.42105263157894735,0,0,0.2222222222222222,-2.11,0.0,1,1,0.0,-3.26,0,0.05555555555555555,0,-2.24,0.05555555555555555,0",-38.54,-8.01,0.73,nan,63.2
GCUGCUUCAUGUGGUCGGG,GCAGUGCUUCAGCCGCUACCCCGACCACAUGAAGCAGCACGACUUCUUCAAGUCCGC,0.4131033778957036,0,"-0.16,-3.42,-14.88,0,1,-203.56,0.3157894736842105,0,0.42105263157894735,0,1,0.16666666666666666,-2.08,0.0,0,0,0.0,-3.26,0,0.1111111111111111,0,-3.26,0.05555555555555555,0",-38.7,-8.88,-0.16,nan,63.2
UGCUGCUUCAUGUGGUCGG,CAGUGCUUCAGCCGCUACCCCGACCACAUGAAGCAGCACGACUUCUUCAAGUCCGCC,0.5180120420451066,0,"1.6,-2.11,-10.44,1,0,-196.89,0.3684210526315789,0,0.3684210526315789,0,0,0.1111111111111111,-3.42,0.0,0,0,0.0,-3.26,0,0.1111111111111111,0,-2.11,0.05555555555555555,0",-37.1,-9.5,1.6,nan,57.9
GUGCUGCUUCAUGUGGUCG,AGUGCUUCAGCCGCUACCCCGACCACAUGAAGCAGCACGACUUCUUCAAGUCCGCCA,0.6366976222063476,0,"-0.33,-2.24,-11.4,0,1,-198.62,0.3684210526315789,0,0.3684210526315789,0,0,0.05555555555555555,-2.11,0.0,1,0,0.0,-2.36,0,0.1111111111111111,0,-2.24,0.05555555555555555,0",-36.53,-10.23,-0.33,nan,57.9
CGUGCUGCUUCAUGUGGUC,GUGCUUCAGCCGCUACCCCGACCACAUGAAGCAGCACGACUUCUUCAAGUCCGCCAU,0.5108684559648944,0,"0.44,-2.36,-10.64,0,0,-198.61999999999998,0.3684210526315789,0,0.3157894736842105,0,0,0.05555555555555555,-2.24,0.0,0,1,0.0,-2.35,0,0.1111111111111111,1,-2.11,0.05555555555555555,0",-36.53,-11.29,0.44,nan,57.9
UCGUGCUGCUUCAUGUGGU,UGCUUCAGCCGCUACCCCGACCACAUGAAGCAGCACGACUUCUUCAAGUCCGCCAUG,0.7217062965608736,1,"-0.11,-2.35,-12.44,1,0,-191.17999999999998,0.42105263157894735,0,0.3157894736842105,0,0,0.05555555555555555,-2.36,0.0,0,0,0.0,-2.24,0,0.1111111111111111,0,-1.1,0.05555555555555555,0",-35.63,-10.23,-0.11,nan,52.6
GUCGUGCUGCUUCAUGUGG,GCUUCAGCCGCUACCCCGACCACAUGAAGCAGCACGACUUCUUCAAGUCCGCCAUGC,0.6854781100112257,0,"0.57,-2.24,-11.4,0,1,-198.62,0.3684210526315789,0,0.3684210526315789,0,0,0.05555555555555555,-2.35,0.0,1,0,0.0,-3.26,0,0.1111111111111111,0,-2.11,0.05555555555555555,0",-36.53,-9.57,0.57,nan,57.9
AGUCGUGCUGCUUCAUGUG,CUUCAGCCGCUACCCCGACCACAUGAAGCAGCACGACUUCUUCAAGUCCGCCAUGCC,0.6578222267578324,0,"0.93,-2.08,-10.48,0,0,-191.98999999999998,0.3684210526315789,0,0.3157894736842105,0,0,0.0,-2.24,0.0,0,0,0.0,-2.11,0,0.1111111111111111,0,-2.35,0.05555555555555555,0",-34.9,-10.63,0.93,nan,52.6
AAGUCGUGCUGCUUCAUGU,UUCAGCCGCUACCCCGACCACAUGAAGCAGCACGACUUCUUCAAGUCCGCCAUGCCC,0.844065720991938,1,"0.86,-0.93,-6.82,0,0,-184.64999999999998,0.3684210526315789,0,0.2631578947368421,0,0,0.0,-2.08,0.0,0,0,0.0,-2.24,0,0.1111111111111111,0,-0.93,0.05555555555555555,0",-33.27,-8.84,0.86,nan,47.4
GAAGUCGUGCUGCUUCAUG,UCAGCCGCUACCCCGACCACAUGAAGCAGCACGACUUCUUCAAGUCCGCCAUGCCCG,0.6755791407286459,0,"-0.24,-2.35,-12.44,0,1,-193.12999999999997,0.3157894736842105,0,0.3157894736842105,0,0,0.0,-0.93,0.0,0,0,0.0,-2.11,0,0.1111111111111111,0,-2.08,0.05555555555555555,0",-34.28,-7.21,-0.24,nan,52.6
AGAAGUCGUGCUGCUUCAU,CAGCCGCUACCCCGACCACAUGAAGCAGCACGACUUCUUCAAGUCCGCCAUGCCCGA,0.6880293907541587,0,"-0.53,-2.08,-10.48,0,0,-185.72999999999996,0.3157894736842105,0,0.2631578947368421,0,0,0.0,-2.35,0.0,0,0,0.0,-1.1,0,0.1111111111111111,0,-3.42,0.05555555555555555,0",-33.35,-8.22,-0.53,nan,47.4
AAGAAGUCGUGCUGCUUCA,AGCCGCUACCCCGACCACAUGAAGCAGCACGACUUCUUCAAGUCCGCCAUGCCCGAA,0.6485355648535565,0,"0.73,-0.93,-6.82,0,0,-183.17,0.2631578947368421,0,0.2631578947368421,0,0,0.0,-2.08,0.0,0,0,0.0,-2.11,0,0.1111111111111111,0,-2.11,0.05555555555555555,1",-33.18,-7.49,0.73,nan,47.4
GAAGAAGUCGUGCUGCUUC,GCCGCUACCCCGACCACAUGAAGCAGCACGACUUCUUCAAGUCCGCCAUGCCCGAAG,0.6601694050413308,0,"0.0,-2.35,-12.44,0,1,-192.60999999999999,0.2631578947368421,0,0.3157894736842105,0,0,0.0,-0.93,0.0,0,0,0.0,-2.35,0,0.1111111111111111,0,-2.08,0.05555555555555555,0",-34.32,-5.62,0.0,nan,52.6
UGAAGAAGUCGUGCUGCUU,CCGCUACCCCGACCACAUGAAGCAGCACGACUUCUUCAAGUCCGCCAUGCCCGAAGG,0.5203592203286049,0,"-0.73,-2.11,-10.44,1,0,-183.17,0.3157894736842105,0,0.3157894736842105,0,0,0.0,-2.35,0.0,0,0,0.0,-0.93,0,0.1111111111111111,0,-3.42,0.05555555555555555,0",-33.18,-6.63,-0.73,nan,47.4
UUGAAGAAGUCGUGCUGCU,CGCUACCCCGACCACAUGAAGCAGCACGACUUCUUCAAGUCCGCCAUGCCCGAAGGC,0.5402592101234821,0,"0.7,-0.93,-6.82,1,0,-183.17,0.3157894736842105,1,0.3157894736842105,0,0,0.0,-2.11,0.0,1,0,0.0,-2.08,0,0.1111111111111111,0,-2.11,0.05555555555555555,0",-33.18,-5.76,0.7,nan,47.4
CUUGAAGAAGUCGUGCUGC,GCUACCCCGACCACAUGAAGCAGCACGACUUCUUCAAGUCCGCCAUGCCCGAAGGCU,0.647719155015818,0,"0.89,-2.08,-10.48,0,0,-190.60999999999999,0.2631578947368421,0,0.3157894736842105,0,0,0.0,-0.93,0.0,1,1,0.0,-3.42,0,0.1111111111111111,0,-2.24,0.05555555555555555,0",-34.08,-5.76,0.89,nan,52.6
ACUUGAAGAAGUCGUGCUG,CUACCCCGACCACAUGAAGCAGCACGACUUCUUCAAGUCCGCCAUGCCCGAAGGCUA,0.7938565159710176,1,"0.77,-2.24,-11.4,0,0,-183.41,0.2631578947368421,0,0.3157894736842105,0,0,0.0,-2.08,0.0,0,0,0.0,-2.11,0,0.05555555555555555,0,-2.36,0.05555555555555555,0",-32.45,-6.39,0.77,nan,47.4
GACUUGAAGAAGUCGUGCU,UACCCCGACCACAUGAAGCAGCACGACUUCUUCAAGUCCGCCAUGCCCGAAGGCUAC,0.7804878048780489,1,"-1.17,-2.35,-12.44,0,1,-185.41,0.2631578947368421,0,0.3157894736842105,0,0,0.0,-2.24,0.0,0,0,0.0,-2.08,0,0.05555555555555555,0,-2.35,0.05555555555555555,0",-32.69,-5.65,-1.17,nan,47.4
GGACUUGAAGAAGUCGUGC,ACCCCGACCACAUGAAGCAGCACGACUUCUUCAAGUCCGCCAUGCCCGAAGGCUACG,0.7982447188488622,1,"0.16,-3.26,-13.39,0,1,-192.04,0.21052631578947367,0,0.3684210526315789,1,0,0.05555555555555555,-2.35,0.0,0,0,0.0,-3.42,0,0.05555555555555555,0,-2.24,0.05555555555555555,0",-34.32,-7.52,0.16,nan,52.6
CGGACUUGAAGAAGUCGUG,CCCCGACCACAUGAAGCAGCACGACUUCUUCAAGUCCGCCAUGCCCGAAGGCUACGU,0.7731401163384021,1,"0.2,-2.36,-10.64,0,0,-187.79999999999998,0.21052631578947367,0,0.3684210526315789,0,0,0.05555555555555555,-3.26,0.0,0,1,0.0,-2.11,0,0.0,1,-2.08,0.05555555555555555,0",-33.26,-8.88,0.2,nan,52.6
GCGGACUUGAAGAAGUCGU,CCCGACCACAUGAAGCAGCACGACUUCUUCAAGUCCGCCAUGCCCGAAGGCUACGUC,0.5312787019083579,0,"-1.63,-3.42,-14.88,0,1,-188.52,0.21052631578947367,0,0.3684210526315789,0,1,0.05555555555555555,-2.36,0.0,0,0,0.0,-2.24,0,0.05555555555555555,0,-0.93,0.05555555555555555,0",-34.12,-8.68,-1.63,nan,52.6
GGCGGACUUGAAGAAGUCG,CCGACCACAUGAAGCAGCACGACUUCUUCAAGUCCGCCAUGCCCGAAGGCUACGUCC,0.4491274619859169,0,"-0.9,-3.26,-13.39,0,1,-194.22999999999996,0.15789473684210525,0,0.42105263157894735,1,0,0.1111111111111111,-3.42,0.0,0,0,0.0,-2.36,0,0.05555555555555555,0,-2.35,0.05555555555555555,0",-35.59,-11.17,-0.9,nan,57.9
UGGCGGACUUGAAGAAGUC,CGACCACAUGAAGCAGCACGACUUCUUCAAGUCCGCCAUGCCCGAAGGCUACGUCCA,0.5794468823349321,0,"1.14,-2.11,-10.44,1,0,-190.30999999999997,0.21052631578947367,0,0.3684210526315789,0,0,0.1111111111111111,-3.26,0.0,0,0,0.0,-2.35,0,0.05555555555555555,0,-2.08,0.05555555555555555,0",-34.89,-12.8,1.14,nan,52.6
AUGGCGGACUUGAAGAAGU,GACCACAUGAAGCAGCACGACUUCUUCAAGUCCGCCAUGCCCGAAGGCUACGUCCAG,0.6013878967241556,0,"0.69,-1.1,-9.38,0,0,-183.52999999999997,0.21052631578947367,0,0.3684210526315789,0,0,0.1111111111111111,-2.11,0.0,1,0,0.0,-2.24,0,0.05555555555555555,0,-0.93,0.05555555555555555,0",-33.19,-11.77,0.69,nan,47.4
CAUGGCGGACUUGAAGAAG,ACCACAUGAAGCAGCACGACUUCUUCAAGUCCGCCAUGCCCGAAGGCUACGUCCAGG,0.5243392182875805,0,"-0.03,-2.11,-10.44,0,0,-190.00999999999996,0.15789473684210525,0,0.3684210526315789,0,0,0.1111111111111111,-1.1,0.0,0,1,0.0,-2.08,0,0.05555555555555555,0,-2.35,0.05555555555555555,0",-33.96,-10.97,-0.03,nan,52.6
GCAUGGCGGACUUGAAGAA,CCACAUGAAGCAGCACGACUUCUUCAAGUCCGCCAUGCCCGAAGGCUACGUCCAGGA,0.3181957342585978,0,"-2.49,-3.42,-14.88,0,1,-190.68999999999997,0.15789473684210525,0,0.3684210526315789,0,1,0.1111111111111111,-2.11,0.0,0,0,0.0,-0.93,0,0.1111111111111111,0,-2.11,0.05555555555555555,1",-34.85,-10.27,-2.49,nan,52.6
GGCAUGGCGGACUUGAAGA,CACAUGAAGCAGCACGACUUCUUCAAGUCCGCCAUGCCCGAAGGCUACGUCCAGGAG,0.4484131033778957,0,"-1.36,-3.26,-13.39,0,1,-197.25999999999996,0.15789473684210525,0,0.42105263157894735,1,0,0.16666666666666666,-3.42,0.0,0,0,0.0,-2.35,0,0.1111111111111111,0,-0.93,0.05555555555555555,1",-37.18,-11.33,-1.36,nan,57.9
GGGCAUGGCGGACUUGAAG,ACAUGAAGCAGCACGACUUCUUCAAGUCCGCCAUGCCCGAAGGCUACGUCCAGGAGC,0.5209715277069089,0,"-0.73,-3.26,-13.39,0,1,-201.92999999999998,0.15789473684210525,0,0.47368421052631576,1,0,0.2222222222222222,-3.26,0.0,0,0,0.0,-2.08,0,0.1111111111111111,0,-2.08,0.05555555555555555,0",-38.54,-11.17,-0.73,nan,63.2
CGGGCAUGGCGGACUUGAA,CAUGAAGCAGCACGACUUCUUCAAGUCCGCCAUGCCCGAAGGCUACGUCCAGGAGCG,0.3813654454536177,0,"-1.43,-2.36,-10.64,0,0,-198.36999999999998,0.15789473684210525,0,0.42105263157894735,0,0,0.2222222222222222,-3.26,0.0,0,1,0.0,-0.93,0,0.1111111111111111,1,-2.24,0.05555555555555555,1",-38.37,-11.17,-1.43,nan,63.2
UCGGGCAUGGCGGACUUGA,AUGAAGCAGCACGACUUCUUCAAGUCCGCCAUGCCCGAAGGCUACGUCCAGGAGCGC,0.4819879579548933,0,"0.0,-2.35,-12.44,1,0,-200.26999999999998,0.21052631578947367,0,0.42105263157894735,0,0,0.2222222222222222,-2.36,0.0,0,0,0.0,-2.35,0,0.1111111111111111,0,-2.35,0.05555555555555555,1",-39.34,-10.97,0.0,nan,63.2
UUCGGGCAUGGCGGACUUG,UGAAGCAGCACGACUUCUUCAAGUCCGCCAUGCCCGAAGGCUACGUCCAGGAGCGCA,0.4980100010205123,0,"1.63,-0.93,-6.82,1,0,-198.36999999999995,0.2631578947368421,1,0.42105263157894735,0,0,0.2222222222222222,-2.35,0.0,1,0,0.0,-2.11,0,0.1111111111111111,0,-3.26,0.1111111111111111,0",-38.37,-11.77,1.63,nan,63.2
CUUCGGGCAUGGCGGACUU,GAAGCAGCACGACUUCUUCAAGUCCGCCAUGCCCGAAGGCUACGUCCAGGAGCGCAC,0.4166751709358098,0,"-1.6,-2.08,-10.48,0,0,-198.40999999999997,0.2631578947368421,0,0.3684210526315789,0,0,0.2222222222222222,-0.93,0.0,1,1,0.0,-0.93,0,0.1111111111111111,0,-2.36,0.1111111111111111,0",-38.34,-11.04,-1.6,nan,63.2
CCUUCGGGCAUGGCGGACU,AAGCAGCACGACUUCUUCAAGUCCGCCAUGCCCGAAGGCUACGUCCAGGAGCGCACC,0.4804571895091336,0,"-1.63,-3.26,-13.39,0,0,-204.97999999999996,0.21052631578947367,0,0.3684210526315789,0,0,0.2222222222222222,-2.08,0.0,0,1,0.05555555555555555,-2.08,1,0.1111111111111111,0,-3.42,0.05555555555555555,0",-40.67,-10.15,-1.63,nan,68.4
GCCUUCGGGCAUGGCGGAC,AGCAGCACGACUUCUUCAAGUCCGCCAUGCCCGAAGGCUACGUCCAGGAGCGCACCA,0.8837636493519747,1,"-0.73,-3.42,-14.88,0,1,-213.09999999999994,0.15789473684210525,0,0.42105263157894735,0,1,0.2222222222222222,-3.26,0.0,0,0,0.05555555555555555,-2.24,0,0.16666666666666666,0,-3.26,0.05555555555555555,0",-42.46,-10.15,-0.73,nan,73.7
AGCCUUCGGGCAUGGCGGA,GCAGCACGACUUCUUCAAGUCCGCCAUGCCCGAAGGCUACGUCCAGGAGCGCACCAU,0.4703541177671191,0,"0.27,-2.08,-10.48,0,0,-204.73999999999995,0.15789473684210525,0,0.42105263157894735,0,0,0.2222222222222222,-3.42,0.0,0,0,0.05555555555555555,-2.35,0,0.16666666666666666,0,-2.11,0.05555555555555555,1",-41.4,-10.31,0.27,nan,68.4
UAGCCUUCGGGCAUGGCGG,CAGCACGACUUCUUCAAGUCCGCCAUGCCCGAAGGCUACGUCCAGGAGCGCACCAUC,0.6904786202673743,0,"1.93,-1.33,-7.69,1,0,-203.70999999999998,0.21052631578947367,0,0.42105263157894735,0,0,0.2222222222222222,-2.08,0.05555555555555555,0,0,0.05555555555555555,-3.26,0,0.16666666666666666,0,-1.1,0.05555555555555555,0",-40.83,-9.58,1.93,nan,68.4
GUAGCCUUCGGGCAUGGCG,AGCACGACUUCUUCAAGUCCGCCAUGCCCGAAGGCUACGUCCAGGAGCGCACCAUCU,0.6319012144096336,0,"-0.33,-2.24,-11.4,0,1,-205.44,0.21052631578947367,0,0.42105263157894735,0,0,0.16666666666666666,-1.33,0.05555555555555555,1,0,0.05555555555555555,-2.36,0,0.16666666666666666,0,-2.11,0.05555555555555555,0",-40.26,-8.11,-0.33,nan,68.4
CGUAGCCUUCGGGCAUGGC,GCACGACUUCUUCAAGUCCGCCAUGCCCGAAGGCUACGUCCAGGAGCGCACCAUCUU,0.6898663128890703,0,"1.06,-2.36,-10.64,0,0,-205.44,0.21052631578947367,0,0.3684210526315789,0,0,0.16666666666666666,-2.24,0.05555555555555555,0,1,0.05555555555555555,-3.42,0,0.16666666666666666,1,-3.42,0.05555555555555555,0",-40.26,-9.87,1.06,nan,68.4
ACGUAGCCUUCGGGCAUGG,CACGACUUCUUCAAGUCCGCCAUGCCCGAAGGCUACGUCCAGGAGCGCACCAUCUUC,0.5698540667415043,0,"1.47,-2.24,-11.4,0,0,-198.24,0.21052631578947367,0,0.3684210526315789,0,0,0.16666666666666666,-2.36,0.05555555555555555,0,0,0.05555555555555555,-3.26,0,0.1111111111111111,0,-3.26,0.05555555555555555,0",-38.63,-10.6,1.47,nan,63.2
GACGUAGCCUUCGGGCAUG,ACGACUUCUUCAAGUCCGCCAUGCCCGAAGGCUACGUCCAGGAGCGCACCAUCUUCU,0.3809572405347484,0,"-0.24,-2.35,-12.44,0,1,-201.00999999999993,0.21052631578947367,0,0.3684210526315789,0,0,0.1111111111111111,-2.24,0.05555555555555555,0,0,0.05555555555555555,-2.11,0,0.1111111111111111,0,-3.26,0.05555555555555555,0",-38.17,-9.13,-0.24,nan,63.2
GGACGUAGCCUUCGGGCAU,CGACUUCUUCAAGUCCGCCAUGCCCGAAGGCUACGUCCAGGAGCGCACCAUCUUCUU,0.1800183692213491,0,"-2.16,-3.26,-13.39,0,1,-200.23999999999995,0.21052631578947367,0,0.3684210526315789,1,0,0.16666666666666666,-2.35,0.05555555555555555,0,0,0.05555555555555555,-1.1,0,0.1111111111111111,0,-2.36,0.05555555555555555,0",-38.87,-8.51,-2.16,nan,63.2
UGGACGUAGCCUUCGGGCA,GACUUCUUCAAGUCCGCCAUGCCCGAAGGCUACGUCCAGGAGCGCACCAUCUUCUUC,0.5410756199612206,0,"0.0,-2.11,-10.44,1,0,-197.57999999999998,0.21052631578947367,0,0.3684210526315789,0,0,0.16666666666666666,-3.26,0.05555555555555555,0,0,0.05555555555555555,-2.11,0,0.1111111111111111,0,-2.35,0.05555555555555555,1",-39.43,-9.24,0.0,nan,63.2
CUGGACGUAGCCUUCGGGC,ACUUCUUCAAGUCCGCCAUGCCCGAAGGCUACGUCCAGGAGCGCACCAUCUUCUUCA,0.402285947545668,0,"0.89,-2.08,-10.48,0,0,-205.05999999999995,0.21052631578947367,0,0.3684210526315789,0,0,0.16666666666666666,-2.11,0.05555555555555555,1,1,0.05555555555555555,-3.42,0,0.1111111111111111,0,-0.93,0.05555555555555555,0",-40.3,-9.57,0.89,nan,68.4
CCUGGACGUAGCCUUCGGG,CUUCUUCAAGUCCGCCAUGCCCGAAGGCUACGUCCAGGAGCGCACCAUCUUCUUCAA,0.4509643841208287,0,"0.0,-3.26,-13.39,0,0,-203.57,0.21052631578947367,0,0.3684210526315789,0,0,0.16666666666666666,-2.08,0.05555555555555555,0,1,0.1111111111111111,-3.26,1,0.05555555555555555,0,-2.08,0.05555555555555555,0",-40.14,-10.31,0.0,nan,68.4
UCCUGGACGUAGCCUUCGG,UUCUUCAAGUCCGCCAUGCCCGAAGGCUACGUCCAGGAGCGCACCAUCUUCUUCAAG,0.3868762118583528,0,"1.36,-2.35,-12.44,1,0,-198.89999999999998,0.2631578947368421,0,0.3157894736842105,0,0,0.1111111111111111,-3.26,0.05555555555555555,0,0,0.1111111111111111,-3.26,0,0.05555555555555555,0,-3.26,0.05555555555555555,0",-38.78,-11.21,1.36,nan,63.2
CUCCUGGACGUAGCCUUCG,UCUUCAAGUCCGCCAUGCCCGAAGGCUACGUCCAGGAGCGCACCAUCUUCUUCAAGG,0.4481069496887437,0,"-0.17,-2.08,-10.48,0,0,-199.70999999999998,0.2631578947368421,0,0.2631578947368421,0,0,0.05555555555555555,-2.35,0.05555555555555555,1,1,0.1111111111111111,-2.36,0,0.05555555555555555,0,-3.42,0.05555555555555555,0",-38.05,-10.42,-0.17,nan,63.2
GCUCCUGGACGUAGCCUUC,CUUCAAGUCCGCCAUGCCCGAAGGCUACGUCCAGGAGCGCACCAUCUUCUUCAAGGA,0.3908562098173282,0,"-0.62,-3.42,-14.88,0,1,-203.94999999999996,0.2631578947368421,0,0.2631578947368421,0,1,0.05555555555555555,-2.08,0.05555555555555555,0,0,0.1111111111111111,-2.35,0,0.1111111111111111,0,-2.08,0.05555555555555555,0",-39.11,-11.05,-0.62,nan,63.2
CGCUCCUGGACGUAGCCUU,UUCAAGUCCGCCAUGCCCGAAGGCUACGUCCAGGAGCGCACCAUCUUCUUCAAGGAC,0.5182161445045413,0,"-1.43,-2.36,-10.64,0,0,-198.42999999999998,0.2631578947368421,0,0.2631578947368421,0,0,0.05555555555555555,-3.42,0.05555555555555555,0,1,0.1111111111111111,-0.93,0,0.1111111111111111,1,-1.33,0.05555555555555555,0",-38.67,-11.21,-1.43,nan,63.2
GCGCUCCUGGACGUAGCCU,UCAAGUCCGCCAUGCCCGAAGGCUACGUCCAGGAGCGCACCAUCUUCUUCAAGGACG,0.4405551586896623,0,"-1.79,-3.42,-14.88,0,1,-206.48999999999998,0.21052631578947367,0,0.3157894736842105,0,1,0.05555555555555555,-2.36,0.05555555555555555,0,0,0.1111111111111111,-2.08,0,0.16666666666666666,0,-2.24,0.0,0",-41.16,-11.01,-1.79,nan,68.4
UGCGCUCCUGGACGUAGCC,CAAGUCCGCCAUGCCCGAAGGCUACGUCCAGGAGCGCACCAUCUUCUUCAAGGACGA,0.7007857944688234,0,"1.6,-2.11,-10.44,1,0,-206.45,0.21052631578947367,0,0.3157894736842105,0,0,0.05555555555555555,-3.42,0.05555555555555555,0,0,0.1111111111111111,-3.26,0,0.16666666666666666,0,-2.36,0.0,0",-41.19,-12.8,1.6,nan,68.4
GUGCGCUCCUGGACGUAGC,AAGUCCGCCAUGCCCGAAGGCUACGUCCAGGAGCGCACCAUCUUCUUCAAGGACGAC,0.5859781610368405,0,"0.73,-2.24,-11.4,0,1,-208.18,0.21052631578947367,0,0.3684210526315789,0,0,0.05555555555555555,-2.11,0.05555555555555555,1,0,0.05555555555555555,-3.42,0,0.16666666666666666,0,-2.24,0.0,0",-40.62,-11.2,0.73,nan,68.4
GGUGCGCUCCUGGACGUAG,AGUCCGCCAUGCCCGAAGGCUACGUCCAGGAGCGCACCAUCUUCUUCAAGGACGACG,0.4614756607817124,0,"-0.73,-3.26,-13.39,0,1,-206.69,0.21052631578947367,0,0.42105263157894735,1,0,0.1111111111111111,-2.24,0.05555555555555555,0,0,0.05555555555555555,-2.08,0,0.1111111111111111,0,-2.35,0.0,0",-40.46,-11.09,-0.73,nan,68.4
UGGUGCGCUCCUGGACGUA,GUCCGCCAUGCCCGAAGGCUACGUCCAGGAGCGCACCAUCUUCUUCAAGGACGACGG,0.3819777528319216,0,"-0.33,-2.11,-10.44,1,0,-199.21,0.2631578947368421,0,0.3684210526315789,0,0,0.1111111111111111,-3.26,0.05555555555555555,0,0,0.05555555555555555,-1.33,0,0.1111111111111111,0,-3.26,0.0,1",-39.59,-12.72,-0.33,nan,63.2
AUGGUGCGCUCCUGGACGU,UCCGCCAUGCCCGAAGGCUACGUCCAGGAGCGCACCAUCUUCUUCAAGGACGACGGC,0.6918052862536995,0,"0.69,-1.1,-9.38,0,0,-200.9,0.2631578947368421,0,0.3684210526315789,0,0,0.1111111111111111,-2.11,0.0,1,0,0.05555555555555555,-2.24,0,0.1111111111111111,0,-2.11,0.0,0",-39.36,-10.96,0.69,nan,63.2
GAUGGUGCGCUCCUGGACG,CCGCCAUGCCCGAAGGCUACGUCCAGGAGCGCACCAUCUUCUUCAAGGACGACGGCA,0.5511786917032351,0,"-0.44,-2.35,-12.44,0,1,-209.38,0.21052631578947367,0,0.42105263157894735,0,0,0.1111111111111111,-1.1,0.0,0,0,0.05555555555555555,-2.36,0,0.1111111111111111,0,-2.08,0.0,0",-40.37,-9.7,-0.44,nan,68.4
AGAUGGUGCGCUCCUGGAC,CGCCAUGCCCGAAGGCUACGUCCAGGAGCGCACCAUCUUCUUCAAGGACGACGGCAA,0.8065108684559649,1,"1.06,-2.08,-10.48,0,0,-205.50000000000003,0.21052631578947367,0,0.3684210526315789,0,0,0.1111111111111111,-2.35,0.0,0,0,0.05555555555555555,-2.24,0,0.1111111111111111,0,-3.26,0.0,0",-39.64,-9.08,1.06,nan,63.2
AAGAUGGUGCGCUCCUGGA,GCCAUGCCCGAAGGCUACGUCCAGGAGCGCACCAUCUUCUUCAAGGACGACGGCAAC,0.6964996428206961,0,"0.97,-0.93,-6.82,0,0,-197.2,0.21052631578947367,0,0.3684210526315789,0,0,0.1111111111111111,-2.08,0.0,0,0,0.05555555555555555,-2.35,0,0.1111111111111111,0,-2.35,0.0,1",-37.88,-8.15,0.97,nan,57.9
GAAGAUGGUGCGCUCCUGG,CCAUGCCCGAAGGCUACGUCCAGGAGCGCACCAUCUUCUUCAAGGACGACGGCAACU,0.5757730380651087,0,"0.46,-2.35,-12.44,0,1,-204.64,0.21052631578947367,0,0.42105263157894735,0,0,0.1111111111111111,-0.93,0.0,0,0,0.05555555555555555,-3.26,0,0.1111111111111111,0,-2.08,0.0,0",-38.78,-7.29,0.46,nan,63.2
AGAAGAUGGUGCGCUCCUG,CAUGCCCGAAGGCUACGUCCAGGAGCGCACCAUCUUCUUCAAGGACGACGGCAACUA,0.5796509847943668,0,"0.93,-2.08,-10.48,0,0,-198.00999999999996,0.21052631578947367,0,0.3684210526315789,0,0,0.05555555555555555,-2.35,0.0,0,0,0.05555555555555555,-2.11,0,0.1111111111111111,0,-3.42,0.0,0",-37.15,-6.83,0.93,nan,57.9
AAGAAGAUGGUGCGCUCCU,AUGCCCGAAGGCUACGUCCAGGAGCGCACCAUCUUCUUCAAGGACGACGGCAACUAC,0.9575466884375956,1,"0.7,-0.93,-6.82,0,0,-190.67,0.21052631578947367,0,0.3157894736842105,0,0,0.05555555555555555,-2.08,0.0,0,0,0.05555555555555555,-2.08,0,0.1111111111111111,0,-2.36,0.0,0",-35.52,-5.9,0.7,nan,52.6
GAAGAAGAUGGUGCGCUCC,UGCCCGAAGGCUACGUCCAGGAGCGCACCAUCUUCUUCAAGGACGACGGCAACUACA,0.6211858352893153,0,"0.46,-2.35,-12.44,0,1,-200.07,0.15789473684210525,0,0.3684210526315789,0,0,0.05555555555555555,-0.93,0.0,0,0,0.05555555555555555,-3.26,0,0.1111111111111111,0,-3.42,0.0,0",-36.69,-5.73,0.46,nan,57.9
UGAAGAAGAUGGUGCGCUC,GCCCGAAGGCUACGUCCAGGAGCGCACCAUCUUCUUCAAGGACGACGGCAACUACAA,0.7411980814368814,1,"1.14,-2.11,-10.44,1,0,-193.39999999999995,0.21052631578947367,0,0.3684210526315789,0,0,0.05555555555555555,-2.35,0.0,0,0,0.0,-2.35,0,0.1111111111111111,0,-2.11,0.0,0",-35.09,-6.63,1.14,nan,52.6
UUGAAGAAGAUGGUGCGCU,CCCGAAGGCUACGUCCAGGAGCGCACCAUCUUCUUCAAGGACGACGGCAACUACAAG,0.7633431982855393,1,"0.7,-0.93,-6.82,1,0,-184.05999999999997,0.2631578947368421,1,0.3684210526315789,0,0,0.05555555555555555,-2.11,0.0,1,0,0.0,-2.08,0,0.1111111111111111,0,-2.24,0.05555555555555555,0",-33.22,-5.76,0.7,nan,47.4
CUUGAAGAAGAUGGUGCGC,CCGAAGGCUACGUCCAGGAGCGCACCAUCUUCUUCAAGGACGACGGCAACUACAAGA,0.5091335850597,0,"0.89,-2.08,-10.48,0,0,-191.5,0.21052631578947367,0,0.3684210526315789,0,0,0.05555555555555555,-0.93,0.0,1,1,0.0,-3.42,0,0.1111111111111111,0,-3.26,0.05555555555555555,0",-34.12,-5.76,0.89,nan,52.6
CCUUGAAGAAGAUGGUGCG,CGAAGGCUACGUCCAGGAGCGCACCAUCUUCUUCAAGGACGACGGCAACUACAAGAC,0.719869374425962,1,"-0.9,-3.26,-13.39,0,0,-190.01000000000005,0.21052631578947367,0,0.3684210526315789,0,0,0.05555555555555555,-2.08,0.0,0,1,0.05555555555555555,-2.36,1,0.05555555555555555,0,-2.11,0.05555555555555555,0",-33.96,-6.39,-0.9,nan,52.6
UCCUUGAAGAAGAUGGUGC,GAAGGCUACGUCCAGGAGCGCACCAUCUUCUUCAAGGACGACGGCAACUACAAGACC,0.8079395856720074,1,"1.52,-2.35,-12.44,1,0,-188.09,0.2631578947368421,0,0.3157894736842105,0,0,0.05555555555555555,-3.26,0.0,0,0,0.05555555555555555,-3.42,0,0.05555555555555555,0,-1.1,0.05555555555555555,0",-33.5,-7.12,1.52,nan,47.4
GUCCUUGAAGAAGAUGGUG,AAGGCUACGUCCAGGAGCGCACCAUCUUCUUCAAGGACGACGGCAACUACAAGACCC,0.5824063679967344,0,"-0.13,-2.24,-11.4,0,1,-188.33,0.2631578947368421,0,0.3684210526315789,0,0,0.05555555555555555,-2.35,0.0,1,0,0.05555555555555555,-2.11,0,0.0,0,-2.35,0.05555555555555555,0",-32.77,-8.09,-0.13,nan,47.4
CGUCCUUGAAGAAGAUGGU,AGGCUACGUCCAGGAGCGCACCAUCUUCUUCAAGGACGACGGCAACUACAAGACCCG,0.6166955811817533,0,"-0.57,-2.36,-10.64,0,0,-184.81000000000003,0.2631578947368421,0,0.3157894736842105,0,0,0.05555555555555555,-2.24,0.0,0,1,0.05555555555555555,-2.24,0,0.0,1,-2.08,0.05555555555555555,0",-32.57,-8.88,-0.57,nan,47.4
UCGUCCUUGAAGAAGAUGG,GGCUACGUCCAGGAGCGCACCAUCUUCUUCAAGGACGACGGCAACUACAAGACCCGC,0.844065720991938,1,"1.36,-2.35,-12.44,1,0,-185.84999999999997,0.2631578947368421,0,0.3157894736842105,0,0,0.05555555555555555,-2.36,0.0,0,0,0.05555555555555555,-3.26,0,0.0,0,-0.93,0.05555555555555555,0",-32.68,-8.68,1.36,nan,47.4
GUCGUCCUUGAAGAAGAUG,GCUACGUCCAGGAGCGCACCAUCUUCUUCAAGGACGACGGCAACUACAAGACCCGCG,0.4101438922339014,0,"-0.13,-2.24,-11.4,0,1,-187.57999999999998,0.2631578947368421,0,0.3157894736842105,0,0,0.0,-2.35,0.0,1,0,0.05555555555555555,-2.11,0,0.0,0,-2.35,0.05555555555555555,0",-32.11,-9.65,-0.13,nan,47.4
CGUCGUCCUUGAAGAAGAU,CUACGUCCAGGAGCGCACCAUCUUCUUCAAGGACGACGGCAACUACAAGACCCGCGC,0.3844269823451373,0,"-1.26,-2.36,-10.64,0,0,-184.05999999999995,0.2631578947368421,0,0.2631578947368421,0,0,0.0,-2.24,0.0,0,1,0.05555555555555555,-1.1,0,0.0,1,-2.08,0.05555555555555555,0",-31.91,-10.71,-1.26,nan,47.4
CCGUCGUCCUUGAAGAAGA,UACGUCCAGGAGCGCACCAUCUUCUUCAAGGACGACGGCAACUACAAGACCCGCGCC,0.2980916420042862,0,"-1.36,-3.26,-13.39,0,0,-188.06999999999996,0.21052631578947367,0,0.2631578947368421,0,0,0.0,-2.36,0.0,0,1,0.1111111111111111,-2.35,1,0.0,0,-0.93,0.05555555555555555,1",-34.07,-9.81,-1.36,nan,52.6
GCCGUCGUCCUUGAAGAAG,ACGUCCAGGAGCGCACCAUCUUCUUCAAGGACGACGGCAACUACAAGACCCGCGCCG,0.3205429125420961,0,"-0.89,-3.42,-14.88,0,1,-194.22999999999996,0.21052631578947367,0,0.3157894736842105,0,1,0.0,-3.26,0.0,0,0,0.1111111111111111,-2.08,0,0.05555555555555555,0,-2.35,0.05555555555555555,0",-35.59,-10.27,-0.89,nan,57.9
UGCCGUCGUCCUUGAAGAA,CGUCCAGGAGCGCACCAUCUUCUUCAAGGACGACGGCAACUACAAGACCCGCGCCGA,0.4563730992958465,0,"-0.73,-2.11,-10.44,1,0,-186.74999999999997,0.2631578947368421,0,0.2631578947368421,0,0,0.0,-3.42,0.0,0,0,0.1111111111111111,-0.93,0,0.05555555555555555,0,-2.11,0.05555555555555555,1",-34.72,-11.9,-0.73,nan,52.6
UUGCCGUCGUCCUUGAAGA,GUCCAGGAGCGCACCAUCUUCUUCAAGGACGACGGCAACUACAAGACCCGCGCCGAG,0.7050719461169508,0,"0.97,-0.93,-6.82,1,0,-186.75,0.3157894736842105,1,0.2631578947368421,0,0,0.0,-2.11,0.0,1,0,0.1111111111111111,-2.35,0,0.05555555555555555,0,-0.93,0.1111111111111111,1",-34.72,-11.2,0.97,nan,52.6
GUUGCCGUCGUCCUUGAAG,UCCAGGAGCGCACCAUCUUCUUCAAGGACGACGGCAACUACAAGACCCGCGCCGAGG,0.5864884171854271,0,"-0.16,-2.24,-11.4,0,1,-193.14999999999998,0.3157894736842105,0,0.3157894736842105,0,0,0.0,-0.93,0.0,1,0,0.1111111111111111,-2.08,0,0.05555555555555555,0,-2.08,0.1111111111111111,0",-35.51,-9.33,-0.16,nan,57.9
AGUUGCCGUCGUCCUUGAA,CCAGGAGCGCACCAUCUUCUUCAAGGACGACGGCAACUACAAGACCCGCGCCGAGGU,0.5506684355546485,0,"-0.7,-2.08,-10.48,0,0,-185.70999999999998,0.3157894736842105,0,0.2631578947368421,0,0,0.0,-2.24,0.0,0,0,0.1111111111111111,-0.93,0,0.05555555555555555,0,-3.26,0.1111111111111111,1",-34.61,-10.23,-0.7,nan,52.6
UAGUUGCCGUCGUCCUUGA,CAGGAGCGCACCAUCUUCUUCAAGGACGACGGCAACUACAAGACCCGCGCCGAGGUG,0.7361975711807328,1,"0.57,-1.33,-7.69,1,0,-186.58,0.3684210526315789,0,0.2631578947368421,0,0,0.0,-2.08,0.05555555555555555,0,0,0.1111111111111111,-2.35,0,0.05555555555555555,0,-2.35,0.1111111111111111,1",-35.01,-9.5,0.57,nan,52.6
GUAGUUGCCGUCGUCCUUG,AGGAGCGCACCAUCUUCUUCAAGGACGACGGCAACUACAAGACCCGCGCCGAGGUGA,0.4803551382794163,0,"-0.13,-2.24,-11.4,0,1,-192.98,0.3684210526315789,0,0.3157894736842105,0,0,0.0,-1.33,0.05555555555555555,1,0,0.1111111111111111,-2.11,0,0.05555555555555555,0,-2.24,0.1111111111111111,0",-35.8,-7.57,-0.13,nan,57.9
UGUAGUUGCCGUCGUCCUU,GGAGCGCACCAUCUUCUUCAAGGACGACGGCAACUACAAGACCCGCGCCGAGGUGAA,0.6470047964077967,0,"-0.73,-2.11,-10.44,1,0,-185.54,0.42105263157894735,0,0.2631578947368421,0,0,0.0,-2.24,0.05555555555555555,0,0,0.1111111111111111,-0.93,0,0.05555555555555555,0,-2.36,0.1111111111111111,0",-34.9,-6.84,-0.73,nan,52.6
UUGUAGUUGCCGUCGUCCU,GAGCGCACCAUCUUCUUCAAGGACGACGGCAACUACAAGACCCGCGCCGAGGUGAAG,0.6380242881926728,0,"0.7,-0.93,-6.82,1,0,-185.54,0.42105263157894735,1,0.2631578947368421,0,0,0.0,-2.11,0.05555555555555555,1,0,0.1111111111111111,-2.08,0,0.05555555555555555,0,-2.35,0.1111111111111111,0",-34.9,-5.94,0.7,nan,52.6
CUUGUAGUUGCCGUCGUCC,AGCGCACCAUCUUCUUCAAGGACGACGGCAACUACAAGACCCGCGCCGAGGUGAAGU,0.5432186957852843,0,"0.73,-2.08,-10.48,0,0,-192.98000000000002,0.3684210526315789,0,0.2631578947368421,0,0,0.0,-0.93,0.05555555555555555,1,1,0.1111111111111111,-3.26,0,0.05555555555555555,0,-2.24,0.1111111111111111,0",-35.8,-5.94,0.73,nan,57.9
UCUUGUAGUUGCCGUCGUC,GCGCACCAUCUUCUUCAAGGACGACGGCAACUACAAGACCCGCGCCGAGGUGAAGUU,0.5903663639146852,0,"0.9,-2.35,-12.44,1,0,-188.31000000000003,0.42105263157894735,0,0.2631578947368421,0,0,0.0,-2.08,0.05555555555555555,0,0,0.05555555555555555,-2.35,0,0.05555555555555555,0,-2.36,0.1111111111111111,0",-34.44,-6.68,0.9,nan,52.6
GUCUUGUAGUUGCCGUCGU,CGCACCAUCUUCUUCAAGGACGACGGCAACUACAAGACCCGCGCCGAGGUGAAGUUC,0.457495662822737,0,"-0.9,-2.24,-11.4,0,1,-187.27,0.42105263157894735,0,0.3157894736842105,0,0,0.0,-2.35,0.05555555555555555,1,0,0.05555555555555555,-2.24,0,0.05555555555555555,0,-3.26,0.1111111111111111,0",-34.33,-6.05,-0.9,nan,52.6
GGUCUUGUAGUUGCCGUCG,GCACCAUCUUCUUCAAGGACGACGGCAACUACAAGACCCGCGCCGAGGUGAAGUUCG,0.8210021430758242,1,"-0.9,-3.26,-13.39,0,1,-192.98000000000002,0.3684210526315789,0,0.3684210526315789,1,0,0.05555555555555555,-2.24,0.05555555555555555,0,0,0.05555555555555555,-2.36,0,0.05555555555555555,0,-3.42,0.1111111111111111,0",-35.8,-7.41,-0.9,nan,57.9
GGGUCUUGUAGUUGCCGUC,CACCAUCUUCUUCAAGGACGACGGCAACUACAAGACCCGCGCCGAGGUGAAGUUCGA,0.7146647617103786,1,"-0.46,-3.26,-13.39,0,1,-195.73,0.3684210526315789,0,0.3684210526315789,1,0,0.1111111111111111,-3.26,0.05555555555555555,0,0,0.05555555555555555,-2.35,0,0.05555555555555555,0,-2.11,0.1111111111111111,0",-36.7,-8.88,-0.46,nan,57.9
CGGGUCUUGUAGUUGCCGU,ACCAUCUUCUUCAAGGACGACGGCAACUACAAGACCCGCGCCGAGGUGAAGUUCGAG,0.7075211756301664,0,"-0.57,-2.36,-10.64,0,0,-190.21,0.3684210526315789,0,0.3684210526315789,0,0,0.1111111111111111,-3.26,0.05555555555555555,0,1,0.05555555555555555,-2.24,0,0.05555555555555555,1,-0.93,0.1111111111111111,0",-36.26,-9.58,-0.57,nan,57.9
GCGGGUCUUGUAGUUGCCG,CCAUCUUCUUCAAGGACGACGGCAACUACAAGACCCGCGCCGAGGUGAAGUUCGAGG,0.5061740993978978,0,"-1.06,-3.42,-14.88,0,1,-197.40999999999997,0.3157894736842105,0,0.42105263157894735,0,1,0.1111111111111111,-2.36,0.05555555555555555,0,0,0.05555555555555555,-2.36,0,0.1111111111111111,0,-2.24,0.1111111111111111,0",-37.89,-11.01,-1.06,nan,63.2
CGCGGGUCUUGUAGUUGCC,CAUCUUCUUCAAGGACGACGGCAACUACAAGACCCGCGCCGAGGUGAAGUUCGAGGG,0.5168894785182162,0,"0.9,-2.36,-10.64,0,0,-197.40999999999997,0.3157894736842105,0,0.3684210526315789,0,0,0.1111111111111111,-3.42,0.05555555555555555,0,1,0.05555555555555555,-3.26,0,0.1111111111111111,1,-2.08,0.1111111111111111,0",-37.89,-12.8,0.9,nan,63.2
GCGCGGGUCUUGUAGUUGC,AUCUUCUUCAAGGACGACGGCAACUACAAGACCCGCGCCGAGGUGAAGUUCGAGGGC,0.4882130829676498,0,"0.0,-3.42,-14.88,0,1,-198.9,0.3157894736842105,0,0.42105263157894735,0,1,0.1111111111111111,-2.36,0.05555555555555555,0,0,0.0,-3.42,0,0.16666666666666666,0,-1.33,0.1111111111111111,0",-38.05,-12.36,0.0,nan,63.2
GGCGCGGGUCUUGUAGUUG,UCUUCUUCAAGGACGACGGCAACUACAAGACCCGCGCCGAGGUGAAGUUCGAGGGCG,0.5450556179201961,0,"-0.7,-3.26,-13.39,0,1,-197.41,0.3157894736842105,0,0.47368421052631576,1,0,0.16666666666666666,-3.42,0.05555555555555555,0,0,0.0,-2.11,0,0.1111111111111111,0,-2.24,0.1111111111111111,0",-37.89,-13.99,-0.7,nan,63.2
CGGCGCGGGUCUUGUAGUU,CUUCUUCAAGGACGACGGCAACUACAAGACCCGCGCCGAGGUGAAGUUCGAGGGCGA,0.3529952035922033,0,"-1.43,-2.36,-10.64,0,0,-193.89,0.3157894736842105,0,0.42105263157894735,0,0,0.16666666666666666,-3.26,0.05555555555555555,0,1,0.0,-0.93,0,0.1111111111111111,1,-2.11,0.1111111111111111,0",-37.69,-13.99,-1.43,nan,63.2
UCGGCGCGGGUCUUGUAGU,UUCUUCAAGGACGACGGCAACUACAAGACCCGCGCCGAGGUGAAGUUCGAGGGCGAC,0.5514848453923871,0,"-0.11,-2.35,-12.44,1,0,-195.79,0.3157894736842105,0,0.42105263157894735,0,0,0.16666666666666666,-2.36,0.05555555555555555,0,0,0.0,-2.24,0,0.1111111111111111,0,-0.93,0.05555555555555555,0",-38.66,-13.09,-0.11,nan,63.2
CUCGGCGCGGGUCUUGUAG,UCUUCAAGGACGACGGCAACUACAAGACCCGCGCCGAGGUGAAGUUCGAGGGCGACA,0.7633431982855393,1,"0.0,-2.08,-10.48,0,0,-202.30999999999997,0.2631578947368421,0,0.42105263157894735,0,0,0.16666666666666666,-2.35,0.05555555555555555,1,1,0.0,-2.08,0,0.1111111111111111,0,-2.08,0.05555555555555555,0",-39.4,-12.63,0.0,nan,68.4
CCUCGGCGCGGGUCUUGUA,CUUCAAGGACGACGGCAACUACAAGACCCGCGCCGAGGUGAAGUUCGAGGGCGACAC,0.5325033166649659,0,"-1.93,-3.26,-13.39,0,0,-201.49999999999997,0.2631578947368421,0,0.3684210526315789,0,0,0.16666666666666666,-2.08,0.05555555555555555,0,1,0.05555555555555555,-1.33,1,0.1111111111111111,0,-2.35,0.05555555555555555,1",-40.13,-11.74,-1.93,nan,68.4
ACCUCGGCGCGGGUCUUGU,UUCAAGGACGACGGCAACUACAAGACCCGCGCCGAGGUGAAGUUCGAGGGCGACACC,0.6010817430350036,0,"0.0,-2.24,-11.4,0,0,-201.48999999999998,0.2631578947368421,0,0.3684210526315789,0,0,0.16666666666666666,-3.26,0.0,0,0,0.05555555555555555,-2.24,0,0.1111111111111111,0,-2.24,0.05555555555555555,0",-40.59,-12.64,0.0,nan,68.4
CACCUCGGCGCGGGUCUUG,UCAAGGACGACGGCAACUACAAGACCCGCGCCGAGGUGAAGUUCGAGGGCGACACCC,0.4579038677416063,0,"0.0,-2.11,-10.44,0,0,-207.96999999999997,0.21052631578947367,0,0.3684210526315789,0,0,0.16666666666666666,-2.24,0.0,0,1,0.05555555555555555,-2.11,0,0.1111111111111111,0,-3.26,0.05555555555555555,0",-41.36,-11.01,0.0,nan,73.7
UCACCUCGGCGCGGGUCUU,CAAGGACGACGGCAACUACAAGACCCGCGCCGAGGUGAAGUUCGAGGGCGACACCCU,0.4854576997652822,0,"-0.97,-2.35,-12.44,1,0,-202.52999999999997,0.2631578947368421,0,0.3157894736842105,0,0,0.16666666666666666,-2.11,0.0,0,0,0.05555555555555555,-0.93,0,0.1111111111111111,0,-3.26,0.05555555555555555,0",-40.7,-10.31,-0.97,nan,68.4
UUCACCUCGGCGCGGGUCU,AAGGACGACGGCAACUACAAGACCCGCGCCGAGGUGAAGUUCGAGGGCGACACCCUG,0.8094703541177671,1,"0.7,-0.93,-6.82,1,0,-202.52999999999997,0.2631578947368421,1,0.3157894736842105,0,0,0.16666666666666666,-2.35,0.0,1,0,0.05555555555555555,-2.08,0,0.1111111111111111,0,-2.36,0.05555555555555555,0",-40.7,-9.85,0.7,nan,68.4
CUUCACCUCGGCGCGGGUC,AGGACGACGGCAACUACAAGACCCGCGCCGAGGUGAAGUUCGAGGGCGACACCCUGG,0.7334421879783652,1,"0.27,-2.08,-10.48,0,0,-209.96999999999994,0.21052631578947367,0,0.3157894736842105,0,0,0.16666666666666666,-0.93,0.0,1,1,0.05555555555555555,-2.35,0,0.1111111111111111,0,-3.42,0.05555555555555555,0",-41.6,-7.98,0.27,nan,73.7
ACUUCACCUCGGCGCGGGU,GGACGACGGCAACUACAAGACCCGCGCCGAGGUGAAGUUCGAGGGCGACACCCUGGU,0.5862843147259925,0,"0.0,-2.24,-11.4,0,0,-201.48999999999998,0.21052631578947367,0,0.3157894736842105,0,0,0.16666666666666666,-2.08,0.0,0,0,0.05555555555555555,-2.24,0,0.1111111111111111,0,-2.36,0.05555555555555555,0",-40.59,-8.88,0.0,nan,68.4
AACUUCACCUCGGCGCGGG,GACGACGGCAACUACAAGACCCGCGCCGAGGUGAAGUUCGAGGGCGACACCCUGGUG,0.5607715072966629,0,"2.33,-0.93,-6.82,0,0,-200.62999999999994,0.15789473684210525,0,0.3157894736842105,0,0,0.16666666666666666,-2.24,0.0,0,0,0.05555555555555555,-3.26,0,0.1111111111111111,0,-3.42,0.05555555555555555,0",-39.73,-7.41,2.33,nan,68.4
GAACUUCACCUCGGCGCGG,ACGACGGCAACUACAAGACCCGCGCCGAGGUGAAGUUCGAGGGCGACACCCUGGUGA,0.2870701091948158,0,"0.46,-2.35,-12.44,0,1,-203.39999999999998,0.15789473684210525,0,0.3157894736842105,0,0,0.1111111111111111,-0.93,0.0,0,0,0.05555555555555555,-3.26,0,0.1111111111111111,0,-3.26,0.05555555555555555,0",-39.27,-5.65,0.46,nan,68.4
CGAACUUCACCUCGGCGCG,CGACGGCAACUACAAGACCCGCGCCGAGGUGAAGUUCGAGGGCGACACCCUGGUGAA,0.7817124196346565,1,"0.0,-2.36,-10.64,0,0,-200.64999999999998,0.15789473684210525,0,0.2631578947368421,0,0,0.05555555555555555,-2.35,0.0,0,1,0.05555555555555555,-2.36,0,0.1111111111111111,1,-2.36,0.05555555555555555,0",-38.37,-6.79,0.0,nan,68.4
UCGAACUUCACCUCGGCGC,GACGGCAACUACAAGACCCGCGCCGAGGUGAAGUUCGAGGGCGACACCCUGGUGAAC,0.8923359526482294,1,"1.52,-2.35,-12.44,1,0,-198.72999999999996,0.21052631578947367,0,0.21052631578947367,0,0,0.05555555555555555,-2.36,0.0,0,0,0.05555555555555555,-3.42,0,0.1111111111111111,0,-2.35,0.05555555555555555,0",-37.91,-6.35,1.52,nan,63.2
CUCGAACUUCACCUCGGCG,ACGGCAACUACAAGACCCGCGCCGAGGUGAAGUUCGAGGGCGACACCCUGGUGAACC,0.6796611899173385,0,"-0.17,-2.08,-10.48,0,0,-198.04999999999995,0.21052631578947367,0,0.21052631578947367,0,0,0.05555555555555555,-2.35,0.0,1,1,0.05555555555555555,-2.36,0,0.05555555555555555,0,-2.08,0.05555555555555555,0",-37.02,-7.32,-0.17,nan,63.2
CCUCGAACUUCACCUCGGC,CGGCAACUACAAGACCCGCGCCGAGGUGAAGUUCGAGGGCGACACCCUGGUGAACCG,0.4832125727115012,0,"0.16,-3.26,-13.39,0,0,-200.8,0.21052631578947367,0,0.15789473684210525,0,0,0.05555555555555555,-2.08,0.0,0,1,0.1111111111111111,-3.42,1,0.05555555555555555,0,-3.26,0.05555555555555555,0",-37.92,-8.22,0.16,nan,63.2
CCCUCGAACUUCACCUCGG,GGCAACUACAAGACCCGCGCCGAGGUGAAGUUCGAGGGCGACACCCUGGUGAACCGC,0.6644555566894581,0,"0.0,-3.26,-13.39,0,0,-199.31,0.21052631578947367,0,0.15789473684210525,0,0,0.05555555555555555,-3.26,0.0,0,1,0.16666666666666666,-3.26,1,0.0,0,-2.24,0.05555555555555555,0",-37.76,-8.79,0.0,nan,63.2
GCCCUCGAACUUCACCUCG,GCAACUACAAGACCCGCGCCGAGGUGAAGUUCGAGGGCGACACCCUGGUGAACCGCA,0.4093274823961629,0,"-1.06,-3.42,-14.88,0,1,-200.8,0.21052631578947367,0,0.15789473684210525,0,1,0.0,-3.26,0.0,0,0,0.16666666666666666,-2.36,0,0.05555555555555555,0,-2.11,0.05555555555555555,0",-37.92,-11.12,-1.06,nan,63.2
CGCCCUCGAACUUCACCUC,CAACUACAAGACCCGCGCCGAGGUGAAGUUCGAGGGCGACACCCUGGUGAACCGCAU,0.5933258495764875,0,"0.44,-2.36,-10.64,0,0,-200.79999999999998,0.21052631578947367,0,0.10526315789473684,0,0,0.0,-3.42,0.0,0,1,0.16666666666666666,-2.35,0,0.05555555555555555,1,-2.35,0.05555555555555555,0",-37.92,-12.64,0.44,nan,63.2
UCGCCCUCGAACUUCACCU,AACUACAAGACCCGCGCCGAGGUGAAGUUCGAGGGCGACACCCUGGUGAACCGCAUC,0.7760996020002041,1,"-0.27,-2.35,-12.44,1,0,-193.35999999999999,0.2631578947368421,0,0.10526315789473684,0,0,0.0,-2.36,0.0,0,0,0.16666666666666666,-2.08,0,0.05555555555555555,0,-0.93,0.05555555555555555,0",-37.02,-12.64,-0.27,nan,57.9
GUCGCCCUCGAACUUCACC,ACUACAAGACCCGCGCCGAGGUGAAGUUCGAGGGCGACACCCUGGUGAACCGCAUCG,0.6953770792938055,0,"0.57,-2.24,-11.4,0,1,-201.71999999999997,0.21052631578947367,0,0.15789473684210525,0,0,0.0,-2.35,0.0,1,0,0.16666666666666666,-3.26,0,0.05555555555555555,0,-2.08,0.05555555555555555,0",-38.08,-11.74,0.57,nan,63.2
UGUCGCCCUCGAACUUCAC,CUACAAGACCCGCGCCGAGGUGAAGUUCGAGGGCGACACCCUGGUGAACCGCAUCGA,0.7037452801306255,0,"1.03,-2.11,-10.44,1,0,-195.05,0.2631578947368421,0,0.15789473684210525,0,0,0.0,-2.24,0.0,0,0,0.1111111111111111,-2.24,0,0.05555555555555555,0,-2.24,0.05555555555555555,0",-36.48,-12.8,1.03,nan,57.9
GUGUCGCCCUCGAACUUCA,UACAAGACCCGCGCCGAGGUGAAGUUCGAGGGCGACACCCUGGUGAACCGCAUCGAG,0.678538626390448,0,"-1.03,-2.24,-11.4,0,1,-195.04999999999998,0.2631578947368421,0,0.21052631578947367,0,0,0.0,-2.11,0.0,1,0,0.1111111111111111,-2.11,0,0.05555555555555555,0,-0.93,0.05555555555555555,1",-36.48,-11.2,-1.03,nan,57.9
GGUGUCGCCCUCGAACUUC,ACAAGACCCGCGCCGAGGUGAAGUUCGAGGGCGACACCCUGGUGAACCGCAUCGAGC,0.529033574854577,0,"-0.46,-3.26,-13.39,0,1,-201.71999999999997,0.2631578947368421,0,0.2631578947368421,1,0,0.05555555555555555,-2.24,0.0,0,0,0.1111111111111111,-2.35,0,0.05555555555555555,0,-2.35,0.05555555555555555,0",-38.08,-10.63,-0.46,nan,63.2
GGGUGUCGCCCUCGAACUU,CAAGACCCGCGCCGAGGUGAAGUUCGAGGGCGACACCCUGGUGAACCGCAUCGAGCU,0.3936115930196959,0,"-2.33,-3.26,-13.39,0,1,-198.95,0.2631578947368421,0,0.3157894736842105,1,0,0.1111111111111111,-3.26,0.0,0,0,0.1111111111111111,-0.93,0,0.05555555555555555,0,-2.36,0.05555555555555555,0",-38.54,-10.47,-2.33,nan,63.2
AGGGUGUCGCCCUCGAACU,AAGACCCGCGCCGAGGUGAAGUUCGAGGGCGACACCCUGGUGAACCGCAUCGAGCUG,0.5480151035819982,0,"0.0,-2.08,-10.48,0,0,-198.89,0.21052631578947367,0,0.3157894736842105,0,0,0.1111111111111111,-3.26,0.0,0,0,0.1111111111111111,-2.08,0,0.05555555555555555,0,-2.35,0.0,0",-39.24,-11.37,0.0,nan,63.2
CAGGGUGUCGCCCUCGAAC,AGACCCGCGCCGAGGUGAAGUUCGAGGGCGACACCCUGGUGAACCGCAUCGAGCUGA,0.6020002041024595,0,"0.13,-2.11,-10.44,0,0,-206.29,0.15789473684210525,0,0.3157894736842105,0,0,0.1111111111111111,-2.08,0.0,0,1,0.1111111111111111,-2.24,0,0.05555555555555555,0,-2.08,0.0,0",-40.17,-10.2,0.13,nan,68.4
CCAGGGUGUCGCCCUCGAA,GACCCGCGCCGAGGUGAAGUUCGAGGGCGACACCCUGGUGAACCGCAUCGAGCUGAA,0.2749260128584549,0,"-2.33,-3.26,-13.39,0,0,-204.56,0.15789473684210525,0,0.3157894736842105,0,0,0.1111111111111111,-2.11,0.0,0,1,0.16666666666666666,-0.93,1,0.05555555555555555,0,-3.26,0.0,1",-40.74,-10.97,-2.33,nan,68.4
ACCAGGGUGUCGCCCUCGA,ACCCGCGCCGAGGUGAAGUUCGAGGGCGACACCCUGGUGAACCGCAUCGAGCUGAAG,0.3327890601081743,0,"0.11,-2.24,-11.4,0,0,-205.42000000000002,0.15789473684210525,0,0.3157894736842105,0,0,0.1111111111111111,-3.26,0.0,0,0,0.16666666666666666,-2.35,0,0.05555555555555555,0,-3.26,0.0,1",-41.6,-11.67,0.11,nan,68.4
CACCAGGGUGUCGCCCUCG,CCCGCGCCGAGGUGAAGUUCGAGGGCGACACCCUGGUGAACCGCAUCGAGCUGAAGG,0.2580875599550974,0,"-0.2,-2.11,-10.44,0,0,-210.86,0.15789473684210525,0,0.3157894736842105,0,0,0.1111111111111111,-2.24,0.0,0,1,0.16666666666666666,-2.36,0,0.05555555555555555,0,-3.42,0.0,0",-42.26,-11.67,-0.2,nan,73.7
UCACCAGGGUGUCGCCCUC,CCGCGCCGAGGUGAAGUUCGAGGGCGACACCCUGGUGAACCGCAUCGAGCUGAAGGG,0.4008572303296255,0,"0.9,-2.35,-12.44,1,0,-208.93999999999997,0.21052631578947367,0,0.2631578947368421,0,0,0.1111111111111111,-2.11,0.0,0,0,0.16666666666666666,-2.35,0,0.05555555555555555,0,-2.36,0.0,0",-41.8,-10.97,0.9,nan,68.4
UUCACCAGGGUGUCGCCCU,CGCGCCGAGGUGAAGUUCGAGGGCGACACCCUGGUGAACCGCAUCGAGCUGAAGGGC,0.5670986835391367,0,"0.7,-0.93,-6.82,1,0,-199.6,0.2631578947368421,1,0.2631578947368421,0,0,0.1111111111111111,-2.35,0.0,1,0,0.16666666666666666,-2.08,0,0.05555555555555555,0,-2.35,0.05555555555555555,0",-39.93,-9.61,0.7,nan,63.2
GUUCACCAGGGUGUCGCCC,GCGCCGAGGUGAAGUUCGAGGGCGACACCCUGGUGAACCGCAUCGAGCUGAAGGGCA,0.4520869476477192,0,"0.57,-2.24,-11.4,0,1,-207.95999999999998,0.21052631578947367,0,0.3157894736842105,0,0,0.1111111111111111,-0.93,0.0,1,0,0.16666666666666666,-3.26,0,0.05555555555555555,0,-2.24,0.05555555555555555,0",-40.99,-8.01,0.57,nan,68.4
GGUUCACCAGGGUGUCGCC,CGCCGAGGUGAAGUUCGAGGGCGACACCCUGGUGAACCGCAUCGAGCUGAAGGGCAU,0.6327176242473722,0,"0.0,-3.26,-13.39,0,1,-207.95999999999998,0.21052631578947367,0,0.3684210526315789,1,0,0.16666666666666666,-2.24,0.0,0,0,0.1111111111111111,-3.26,0,0.05555555555555555,0,-2.11,0.05555555555555555,0",-40.99,-9.04,0.0,nan,68.4
CGGUUCACCAGGGUGUCGC,GCCGAGGUGAAGUUCGAGGGCGACACCCUGGUGAACCGCAUCGAGCUGAAGGGCAUC,0.8261047045616899,1,"1.06,-2.36,-10.64,0,0,-205.20999999999998,0.21052631578947367,0,0.3684210526315789,0,0,0.16666666666666666,-3.26,0.0,0,1,0.05555555555555555,-3.42,0,0.05555555555555555,1,-2.24,0.05555555555555555,0",-40.09,-9.04,1.06,nan,68.4
GCGGUUCACCAGGGUGUCG,CCGAGGUGAAGUUCGAGGGCGACACCCUGGUGAACCGCAUCGAGCUGAAGGGCAUCG,0.3922849270333707,0,"-1.06,-3.42,-14.88,0,1,-205.20999999999998,0.21052631578947367,0,0.42105263157894735,0,1,0.16666666666666666,-2.36,0.0,0,0,0.05555555555555555,-2.36,0,0.05555555555555555,0,-3.26,0.05555555555555555,0",-40.09,-8.71,-1.06,nan,68.4
UGCGGUUCACCAGGGUGUC,CGAGGUGAAGUUCGAGGGCGACACCCUGGUGAACCGCAUCGAGCUGAAGGGCAUCGA,0.5240330645984285,0,"1.14,-2.11,-10.44,1,0,-201.29000000000002,0.2631578947368421,0,0.3684210526315789,0,0,0.16666666666666666,-3.42,0.0,0,0,0.05555555555555555,-2.35,0,0.05555555555555555,0,-3.26,0.05555555555555555,0",-39.39,-10.47,1.14,nan,63.2
AUGCGGUUCACCAGGGUGU,GAGGUGAAGUUCGAGGGCGACACCCUGGUGAACCGCAUCGAGCUGAAGGGCAUCGAC,0.7718134503520767,1,"0.69,-1.1,-9.38,0,0,-194.51,0.2631578947368421,0,0.3684210526315789,0,0,0.16666666666666666,-2.11,0.0,1,0,0.05555555555555555,-2.24,0,0.05555555555555555,0,-2.08,0.05555555555555555,0",-37.69,-9.33,0.69,nan,57.9
GAUGCGGUUCACCAGGGUG,AGGUGAAGUUCGAGGGCGACACCCUGGUGAACCGCAUCGAGCUGAAGGGCAUCGACU,0.6735381161342995,0,"-0.24,-2.35,-12.44,0,1,-202.98999999999998,0.21052631578947367,0,0.42105263157894735,0,0,0.16666666666666666,-1.1,0.0,0,0,0.05555555555555555,-2.11,0,0.05555555555555555,0,-2.11,0.05555555555555555,0",-38.7,-9.5,-0.24,nan,63.2
CGAUGCGGUUCACCAGGGU,GGUGAAGUUCGAGGGCGACACCCUGGUGAACCGCAUCGAGCUGAAGGGCAUCGACUU,0.5185222981936933,0,"-0.57,-2.36,-10.64,0,0,-199.47,0.21052631578947367,0,0.3684210526315789,0,0,0.16666666666666666,-2.35,0.0,0,1,0.05555555555555555,-2.24,0,0.05555555555555555,1,-3.26,0.05555555555555555,0",-38.5,-10.51,-0.57,nan,63.2
UCGAUGCGGUUCACCAGGG,GUGAAGUUCGAGGGCGACACCCUGGUGAACCGCAUCGAGCUGAAGGGCAUCGACUUC,0.8455964894376978,1,"1.36,-2.35,-12.44,1,0,-200.51,0.21052631578947367,0,0.3684210526315789,0,0,0.16666666666666666,-2.36,0.0,0,0,0.05555555555555555,-3.26,0,0.05555555555555555,0,-2.24,0.05555555555555555,0",-38.61,-9.61,1.36,nan,63.2
CUCGAUGCGGUUCACCAGG,UGAAGUUCGAGGGCGACACCCUGGUGAACCGCAUCGAGCUGAAGGGCAUCGACUUCA,0.654454536177161,0,"0.73,-2.08,-10.48,0,0,-201.32,0.21052631578947367,0,0.3157894736842105,0,0,0.1111111111111111,-2.35,0.0,1,1,0.05555555555555555,-3.26,0,0.05555555555555555,0,-2.11,0.05555555555555555,0",-37.88,-9.15,0.73,nan,63.2
GCUCGAUGCGGUUCACCAG,GAAGUUCGAGGGCGACACCCUGGUGAACCGCAUCGAGCUGAAGGGCAUCGACUUCAA,0.5676089396877233,0,"-0.89,-3.42,-14.88,0,1,-202.80999999999997,0.21052631578947367,0,0.3157894736842105,0,1,0.05555555555555555,-2.08,0.0,0,0,0.05555555555555555,-2.08,0,0.1111111111111111,0,-2.35,0.05555555555555555,0",-38.04,-8.26,-0.89,nan,63.2
AGCUCGAUGCGGUUCACCA,AAGUUCGAGGGCGACACCCUGGUGAACCGCAUCGAGCUGAAGGGCAUCGACUUCAAG,0.6294519848964181,0,"0.03,-2.08,-10.48,0,0,-195.37,0.21052631578947367,0,0.2631578947368421,0,0,0.05555555555555555,-3.42,0.0,0,0,0.05555555555555555,-2.11,0,0.1111111111111111,0,-0.93,0.05555555555555555,1",-37.14,-9.12,0.03,nan,57.9
CAGCUCGAUGCGGUUCACC,AGUUCGAGGGCGACACCCUGGUGAACCGCAUCGAGCUGAAGGGCAUCGACUUCAAGG,0.5892438003877948,0,"0.7,-2.11,-10.44,0,0,-202.81,0.21052631578947367,0,0.2631578947368421,0,0,0.05555555555555555,-2.08,0.0,0,1,0.05555555555555555,-3.26,0,0.1111111111111111,0,-2.24,0.05555555555555555,0",-38.04,-9.65,0.7,nan,63.2
UCAGCUCGAUGCGGUUCAC,GUUCGAGGGCGACACCCUGGUGAACCGCAUCGAGCUGAAGGGCAUCGACUUCAAGGA,0.7271150117358914,1,"0.79,-2.35,-12.44,1,0,-198.14,0.2631578947368421,0,0.2631578947368421,0,0,0.05555555555555555,-2.11,0.0,0,0,0.0,-2.24,0,0.1111111111111111,0,-3.26,0.05555555555555555,0",-36.68,-10.31,0.79,nan,57.9
UUCAGCUCGAUGCGGUUCA,UUCGAGGGCGACACCCUGGUGAACCGCAUCGAGCUGAAGGGCAUCGACUUCAAGGAG,0.7924277987549752,1,"0.73,-0.93,-6.82,1,0,-189.83999999999995,0.3157894736842105,1,0.2631578947368421,0,0,0.05555555555555555,-2.35,0.0,1,0,0.0,-2.11,0,0.1111111111111111,0,-2.36,0.1111111111111111,1",-34.92,-9.85,0.73,nan,52.6
CUUCAGCUCGAUGCGGUUC,UCGAGGGCGACACCCUGGUGAACCGCAUCGAGCUGAAGGGCAUCGACUUCAAGGAGG,0.7083375854679049,0,"0.27,-2.08,-10.48,0,0,-197.31999999999996,0.3157894736842105,0,0.2631578947368421,0,0,0.05555555555555555,-0.93,0.0,1,1,0.0,-2.35,0,0.1111111111111111,0,-3.42,0.1111111111111111,0",-35.79,-7.98,0.27,nan,57.9
CCUUCAGCUCGAUGCGGUU,CGAGGGCGACACCCUGGUGAACCGCAUCGAGCUGAAGGGCAUCGACUUCAAGGAGGA,0.5359730584753547,0,"-2.33,-3.26,-13.39,0,0,-194.54999999999998,0.3157894736842105,0,0.2631578947368421,0,0,0.05555555555555555,-2.08,0.0,0,1,0.05555555555555555,-0.93,1,0.1111111111111111,0,-2.11,0.1111111111111111,0",-36.25,-8.88,-2.33,nan,57.9
CCCUUCAGCUCGAUGCGGU,GAGGGCGACACCCUGGUGAACCGCAUCGAGCUGAAGGGCAUCGACUUCAAGGAGGAC,0.7152770690886826,1,"-1.47,-3.26,-13.39,0,0,-201.11999999999998,0.2631578947368421,0,0.2631578947368421,0,0,0.05555555555555555,-3.26,0.0,0,1,0.1111111111111111,-2.24,1,0.1111111111111111,0,-1.1,0.05555555555555555,0",-38.58,-8.72,-1.47,nan,63.2
GCCCUUCAGCUCGAUGCGG,AGGGCGACACCCUGGUGAACCGCAUCGAGCUGAAGGGCAUCGACUUCAAGGAGGACG,0.3827941626696601,0,"-0.16,-3.42,-14.88,0,1,-208.32,0.21052631578947367,0,0.3157894736842105,0,1,0.05555555555555555,-3.26,0.0,0,0,0.1111111111111111,-3.26,0,0.16666666666666666,0,-2.35,0.05555555555555555,0",-40.21,-9.45,-0.16,nan,68.4
UGCCCUUCAGCUCGAUGCG,GGGCGACACCCUGGUGAACCGCAUCGAGCUGAAGGGCAUCGACUUCAAGGAGGACGG,0.8256964996428208,1,"0.7,-2.11,-10.44,1,0,-201.64999999999998,0.2631578947368421,0,0.2631578947368421,0,0,0.0,-3.42,0.0,0,0,0.1111111111111111,-2.36,0,0.16666666666666666,0,-2.36,0.05555555555555555,0",-38.61,-11.21,0.7,nan,63.2
AUGCCCUUCAGCUCGAUGC,GGCGACACCCUGGUGAACCGCAUCGAGCUGAAGGGCAUCGACUUCAAGGAGGACGGC,0.853658536585366,1,"2.32,-1.1,-9.38,0,0,-200.39,0.2631578947368421,0,0.21052631578947367,0,0,0.0,-2.11,0.0,1,0,0.1111111111111111,-3.42,0,0.16666666666666666,0,-2.35,0.05555555555555555,0",-37.35,-10.07,2.32,nan,57.9
GAUGCCCUUCAGCUCGAUG,GCGACACCCUGGUGAACCGCAUCGAGCUGAAGGGCAUCGACUUCAAGGAGGACGGCA,0.7416062863557507,1,"-0.24,-2.35,-12.44,0,1,-201.67000000000002,0.2631578947368421,0,0.2631578947368421,0,0,0.0,-1.1,0.0,0,0,0.1111111111111111,-2.11,0,0.1111111111111111,0,-2.08,0.05555555555555555,0",-36.73,-10.24,-0.24,nan,57.9
CGAUGCCCUUCAGCUCGAU,CGACACCCUGGUGAACCGCAUCGAGCUGAAGGGCAUCGACUUCAAGGAGGACGGCAA,0.4765792427798755,0,"-1.26,-2.36,-10.64,0,0,-198.14999999999998,0.2631578947368421,0,0.21052631578947367,0,0,0.0,-2.35,0.0,0,1,0.1111111111111111,-1.1,0,0.1111111111111111,1,-3.42,0.05555555555555555,0",-36.53,-11.41,-1.26,nan,57.9
UCGAUGCCCUUCAGCUCGA,GACACCCUGGUGAACCGCAUCGAGCUGAAGGGCAUCGACUUCAAGGAGGACGGCAAC,0.5308704969894887,0,"0.0,-2.35,-12.44,1,0,-197.48999999999995,0.2631578947368421,0,0.21052631578947367,0,0,0.0,-2.36,0.0,0,0,0.1111111111111111,-2.35,0,0.1111111111111111,0,-2.08,0.05555555555555555,1",-37.33,-10.51,0.0,nan,57.9
GUCGAUGCCCUUCAGCUCG,ACACCCUGGUGAACCGCAUCGAGCUGAAGGGCAUCGACUUCAAGGAGGACGGCAACA,0.6687417083375855,0,"-0.33,-2.24,-11.4,0,1,-203.89,0.2631578947368421,0,0.2631578947368421,0,0,0.0,-2.35,0.0,1,0,0.1111111111111111,-2.36,0,0.1111111111111111,0,-2.11,0.05555555555555555,0",-38.12,-9.15,-0.33,nan,63.2
AGUCGAUGCCCUUCAGCUC,CACCCUGGUGAACCGCAUCGAGCUGAAGGGCAUCGACUUCAAGGAGGACGGCAACAU,0.6174099397897745,0,"1.17,-2.08,-10.48,0,0,-200.00999999999996,0.2631578947368421,0,0.21052631578947367,0,0,0.0,-2.24,0.0,0,0,0.1111111111111111,-2.35,0,0.1111111111111111,0,-2.35,0.05555555555555555,0",-37.39,-8.42,1.17,nan,57.9
AAGUCGAUGCCCUUCAGCU,ACCCUGGUGAACCGCAUCGAGCUGAAGGGCAUCGACUUCAAGGAGGACGGCAACAUC,0.8165118889682622,1,"0.7,-0.93,-6.82,0,0,-190.66999999999996,0.2631578947368421,0,0.21052631578947367,0,0,0.0,-2.08,0.0,0,0,0.1111111111111111,-2.08,0,0.1111111111111111,0,-0.93,0.05555555555555555,0",-35.52,-7.49,0.7,nan,52.6
GAAGUCGAUGCCCUUCAGC,CCCUGGUGAACCGCAUCGAGCUGAAGGGCAUCGACUUCAAGGAGGACGGCAACAUCC,0.6791509337687519,0,"0.62,-2.35,-12.44,0,1,-200.06999999999994,0.21052631578947367,0,0.2631578947368421,0,0,0.0,-0.93,0.0,0,0,0.1111111111111111,-3.42,0,0.1111111111111111,0,-2.08,0.05555555555555555,0",-36.69,-7.32,0.62,nan,57.9
UGAAGUCGAUGCCCUUCAG,CCUGGUGAACCGCAUCGAGCUGAAGGGCAUCGACUUCAAGGAGGACGGCAACAUCCU,0.7588529441779774,1,"0.87,-2.11,-10.44,1,0,-191.90999999999994,0.2631578947368421,0,0.2631578947368421,0,0,0.0,-2.35,0.0,0,0,0.1111111111111111,-2.08,0,0.05555555555555555,0,-3.26,0.05555555555555555,0",-34.93,-8.22,0.87,nan,52.6
UUGAAGUCGAUGCCCUUCA,CUGGUGAACCGCAUCGAGCUGAAGGGCAUCGACUUCAAGGAGGACGGCAACAUCCUG,0.6535360751097051,0,"0.73,-0.93,-6.82,1,0,-184.52999999999994,0.3157894736842105,1,0.21052631578947367,0,0,0.0,-2.11,0.0,1,0,0.1111111111111111,-2.11,0,0.05555555555555555,0,-3.26,0.1111111111111111,1",-33.33,-7.52,0.73,nan,47.4
CUUGAAGUCGAUGCCCUUC,UGGUGAACCGCAUCGAGCUGAAGGGCAUCGACUUCAAGGAGGACGGCAACAUCCUGG,0.6068986631288907,0,"0.27,-2.08,-10.48,0,0,-192.00999999999996,0.3157894736842105,0,0.21052631578947367,0,0,0.0,-0.93,0.0,1,1,0.1111111111111111,-2.35,0,0.05555555555555555,0,-3.42,0.1111111111111111,0",-34.2,-5.65,0.27,nan,52.6
CCUUGAAGUCGAUGCCCUU,GGUGAACCGCAUCGAGCUGAAGGGCAUCGACUUCAAGGAGGACGGCAACAUCCUGGG,0.4406572099193795,0,"-2.33,-3.26,-13.39,0,0,-189.23999999999998,0.3157894736842105,0,0.21052631578947367,0,0,0.0,-2.08,0.0,0,1,0.16666666666666666,-0.93,1,0.05555555555555555,0,-2.11,0.1111111111111111,0",-34.66,-6.39,-2.33,nan,52.6
UCCUUGAAGUCGAUGCCCU,GUGAACCGCAUCGAGCUGAAGGGCAUCGACUUCAAGGAGGACGGCAACAUCCUGGGG,0.8158995815899582,1,"-0.27,-2.35,-12.44,1,0,-191.13999999999996,0.3157894736842105,0,0.21052631578947367,0,0,0.0,-3.26,0.0,0,0,0.16666666666666666,-2.08,0,0.05555555555555555,0,-1.1,0.05555555555555555,0",-35.63,-7.12,-0.27,nan,52.6
CUCCUUGAAGUCGAUGCCC,UGAACCGCAUCGAGCUGAAGGGCAUCGACUUCAAGGAGGACGGCAACAUCCUGGGGC,0.5942443106439432,0,"0.73,-2.08,-10.48,0,0,-198.57999999999998,0.2631578947368421,0,0.21052631578947367,0,0,0.0,-2.35,0.0,1,1,0.16666666666666666,-3.26,0,0.05555555555555555,0,-2.35,0.05555555555555555,0",-36.53,-8.09,0.73,nan,57.9
CCUCCUUGAAGUCGAUGCC,GAACCGCAUCGAGCUGAAGGGCAUCGACUUCAAGGAGGACGGCAACAUCCUGGGGCA,0.8471272578834577,1,"0.0,-3.26,-13.39,0,0,-198.57999999999998,0.2631578947368421,0,0.21052631578947367,0,0,0.0,-2.08,0.0,0,1,0.16666666666666666,-3.26,1,0.05555555555555555,0,-2.36,0.05555555555555555,0",-36.53,-8.72,0.0,nan,57.9
UCCUCCUUGAAGUCGAUGC,AACCGCAUCGAGCUGAAGGGCAUCGACUUCAAGGAGGACGGCAACAUCCUGGGGCAC,0.9378508011021534,1,"1.52,-2.35,-12.44,1,0,-193.91000000000003,0.3157894736842105,0,0.21052631578947367,0,0,0.0,-3.26,0.0,0,0,0.1111111111111111,-3.42,0,0.05555555555555555,0,-2.35,0.05555555555555555,0",-35.17,-9.42,1.52,nan,52.6
GUCCUCCUUGAAGUCGAUG,ACCGCAUCGAGCUGAAGGGCAUCGACUUCAAGGAGGACGGCAACAUCCUGGGGCACA,0.5279110113276865,0,"-0.13,-2.24,-11.4,0,1,-194.14999999999998,0.3157894736842105,0,0.2631578947368421,0,0,0.0,-2.35,0.0,1,0,0.1111111111111111,-2.11,0,0.0,0,-2.24,0.05555555555555555,0",-34.44,-10.39,-0.13,nan,52.6
CGUCCUCCUUGAAGUCGAU,CCGCAUCGAGCUGAAGGGCAUCGACUUCAAGGAGGACGGCAACAUCCUGGGGCACAA,0.1996122053270742,0,"-1.26,-2.36,-10.64,0,0,-190.63,0.3157894736842105,0,0.21052631578947367,0,0,0.0,-2.24,0.0,0,1,0.1111111111111111,-1.1,0,0.0,1,-2.08,0.05555555555555555,0",-34.24,-11.45,-1.26,nan,52.6
CCGUCCUCCUUGAAGUCGA,CGCAUCGAGCUGAAGGGCAUCGACUUCAAGGAGGACGGCAACAUCCUGGGGCACAAG,0.451066435350546,0,"-1.36,-3.26,-13.39,0,0,-194.64,0.2631578947368421,0,0.21052631578947367,0,0,0.0,-2.36,0.0,0,1,0.16666666666666666,-2.35,1,0.0,0,-0.93,0.05555555555555555,1",-36.4,-10.55,-1.36,nan,57.9
GCCGUCCUCCUUGAAGUCG,GCAUCGAGCUGAAGGGCAUCGACUUCAAGGAGGACGGCAACAUCCUGGGGCACAAGC,0.4303500357179304,0,"-1.06,-3.42,-14.88,0,1,-200.8,0.2631578947368421,0,0.2631578947368421,0,1,0.0,-3.26,0.0,0,0,0.16666666666666666,-2.36,0,0.05555555555555555,0,-2.35,0.05555555555555555,0",-37.92,-11.01,-1.06,nan,63.2
UGCCGUCCUCCUUGAAGUC,CAUCGAGCUGAAGGGCAUCGACUUCAAGGAGGACGGCAACAUCCUGGGGCACAAGCU,0.5478110011225635,0,"1.14,-2.11,-10.44,1,0,-196.88,0.3157894736842105,0,0.21052631578947367,0,0,0.0,-3.42,0.0,0,0,0.16666666666666666,-2.35,0,0.05555555555555555,0,-2.11,0.05555555555555555,0",-37.22,-12.8,1.14,nan,57.9
UUGCCGUCCUCCUUGAAGU,AUCGAGCUGAAGGGCAUCGACUUCAAGGAGGACGGCAACAUCCUGGGGCACAAGCUG,0.8853964690274521,1,"0.86,-0.93,-6.82,1,0,-187.54,0.3684210526315789,1,0.21052631578947367,0,0,0.0,-2.11,0.0,1,0,0.16666666666666666,-2.24,0,0.05555555555555555,0,-0.93,0.1111111111111111,0",-35.35,-11.2,0.86,nan,52.6
GUUGCCGUCCUCCUUGAAG,UCGAGCUGAAGGGCAUCGACUUCAAGGAGGACGGCAACAUCCUGGGGCACAAGCUGG,0.6413919787733443,0,"-0.16,-2.24,-11.4,0,1,-194.97999999999996,0.3157894736842105,0,0.2631578947368421,0,0,0.0,-0.93,0.0,1,0,0.16666666666666666,-2.08,0,0.05555555555555555,0,-2.08,0.1111111111111111,0",-36.25,-9.33,-0.16,nan,57.9
UGUUGCCGUCCUCCUUGAA,CGAGCUGAAGGGCAUCGACUUCAAGGAGGACGGCAACAUCCUGGGGCACAAGCUGGA,0.6959893866721095,0,"-0.73,-2.11,-10.44,1,0,-187.49999999999997,0.3684210526315789,0,0.21052631578947367,0,0,0.0,-2.24,0.0,0,0,0.16666666666666666,-0.93,0,0.05555555555555555,0,-3.26,0.1111111111111111,1",-35.38,-10.23,-0.73,nan,52.6
AUGUUGCCGUCCUCCUUGA,GAGCUGAAGGGCAUCGACUUCAAGGAGGACGGCAACAUCCUGGGGCACAAGCUGGAG,0.9260128584549444,1,"0.8,-1.1,-9.38,0,0,-190.05999999999997,0.3684210526315789,0,0.21052631578947367,0,0,0.0,-2.11,0.0,1,0,0.16666666666666666,-2.35,0,0.05555555555555555,0,-2.35,0.1111111111111111,1",-35.55,-9.53,0.8,nan,52.6
GAUGUUGCCGUCCUCCUUG,AGCUGAAGGGCAUCGACUUCAAGGAGGACGGCAACAUCCUGGGGCACAAGCUGGAGU,0.7293601387896724,1,"-0.24,-2.35,-12.44,0,1,-197.49999999999997,0.3684210526315789,0,0.2631578947368421,0,0,0.0,-1.1,0.0,0,0,0.16666666666666666,-2.11,0,0.05555555555555555,0,-2.08,0.1111111111111111,0",-36.45,-7.37,-0.24,nan,57.9
GGAUGUUGCCGUCCUCCUU,GCUGAAGGGCAUCGACUUCAAGGAGGACGGCAACAUCCUGGGGCACAAGCUGGAGUA,0.3161547096642514,0,"-2.33,-3.26,-13.39,0,1,-196.73,0.3684210526315789,0,0.2631578947368421,1,0,0.05555555555555555,-2.35,0.0,0,0,0.16666666666666666,-0.93,0,0.05555555555555555,0,-3.26,0.1111111111111111,0",-37.15,-6.75,-2.33,nan,57.9
AGGAUGUUGCCGUCCUCCU,CUGAAGGGCAUCGACUUCAAGGAGGACGGCAACAUCCUGGGGCACAAGCUGGAGUAC,0.6997652821716501,0,"0.0,-2.08,-10.48,0,0,-196.67,0.3157894736842105,0,0.2631578947368421,0,0,0.05555555555555555,-3.26,0.0,0,0,0.16666666666666666,-2.08,0,0.05555555555555555,0,-2.35,0.05555555555555555,0",-37.85,-7.45,0.0,nan,57.9
CAGGAUGUUGCCGUCCUCC,UGAAGGGCAUCGACUUCAAGGAGGACGGCAACAUCCUGGGGCACAAGCUGGAGUACA,0.4155526074089193,0,"0.7,-2.11,-10.44,0,0,-204.07,0.2631578947368421,0,0.2631578947368421,0,0,0.05555555555555555,-2.08,0.0,0,1,0.16666666666666666,-3.26,0,0.05555555555555555,0,-2.24,0.05555555555555555,0",-38.78,-8.15,0.7,nan,63.2
CCAGGAUGUUGCCGUCCUC,GAAGGGCAUCGACUUCAAGGAGGACGGCAACAUCCUGGGGCACAAGCUGGAGUACAA,0.1554240228594754,0,"-0.46,-3.26,-13.39,0,0,-204.06999999999996,0.2631578947368421,0,0.2631578947368421,0,0,0.05555555555555555,-2.11,0.0,0,1,0.16666666666666666,-2.35,1,0.05555555555555555,0,-2.36,0.05555555555555555,0",-38.78,-8.92,-0.46,nan,63.2
CCCAGGAUGUUGCCGUCCU,AAGGGCAUCGACUUCAAGGAGGACGGCAACAUCCUGGGGCACAAGCUGGAGUACAAC,0.8226349627513012,1,"-1.63,-3.26,-13.39,0,0,-201.29999999999998,0.2631578947368421,0,0.2631578947368421,0,0,0.05555555555555555,-3.26,0.0,0,1,0.2222222222222222,-2.08,1,0.05555555555555555,0,-3.26,0.05555555555555555,0",-39.24,-9.62,-1.63,nan,63.2
CCCCAGGAUGUUGCCGUCC,AGGGCAUCGACUUCAAGGAGGACGGCAACAUCCUGGGGCACAAGCUGGAGUACAACU,0.8333503418716196,1,"0.0,-3.26,-13.39,0,0,-207.93,0.21052631578947367,0,0.2631578947368421,0,0,0.05555555555555555,-3.26,0.0,0,1,0.2777777777777778,-3.26,1,0.05555555555555555,0,-3.42,0.05555555555555555,0",-40.87,-11.78,0.0,nan,68.4
GCCCCAGGAUGUUGCCGUC,GGGCAUCGACUUCAAGGAGGACGGCAACAUCCUGGGGCACAAGCUGGAGUACAACUA,0.2881926727217063,0,"-0.62,-3.42,-14.88,0,1,-209.42,0.21052631578947367,0,0.3157894736842105,0,1,0.05555555555555555,-3.26,0.0,0,0,0.2222222222222222,-2.35,0,0.1111111111111111,0,-2.11,0.05555555555555555,0",-41.03,-13.14,-0.62,nan,68.4
UGCCCCAGGAUGUUGCCGU,GGCAUCGACUUCAAGGAGGACGGCAACAUCCUGGGGCACAAGCUGGAGUACAACUAC,0.8588631493009491,1,"0.13,-2.11,-10.44,1,0,-199.98,0.2631578947368421,0,0.3157894736842105,0,0,0.05555555555555555,-3.42,0.0,0,0,0.2222222222222222,-2.24,0,0.1111111111111111,0,-0.93,0.05555555555555555,0",-39.89,-13.3,0.13,nan,63.2
GUGCCCCAGGAUGUUGCCG,GCAUCGACUUCAAGGAGGACGGCAACAUCCUGGGGCACAAGCUGGAGUACAACUACA,0.5648535564853557,0,"-0.33,-2.24,-11.4,0,1,-207.41999999999996,0.21052631578947367,0,0.3684210526315789,0,0,0.05555555555555555,-2.11,0.0,1,0,0.2222222222222222,-2.36,0,0.1111111111111111,0,-2.24,0.05555555555555555,0",-40.79,-12.43,-0.33,nan,68.4
UGUGCCCCAGGAUGUUGCC,CAUCGACUUCAAGGAGGACGGCAACAUCCUGGGGCACAAGCUGGAGUACAACUACAA,0.6998673334013675,0,"1.6,-2.11,-10.44,1,0,-203.5,0.2631578947368421,0,0.3157894736842105,0,0,0.05555555555555555,-2.24,0.0,0,0,0.2222222222222222,-3.26,0,0.1111111111111111,0,-2.11,0.05555555555555555,0",-40.09,-13.46,1.6,nan,63.2
UUGUGCCCCAGGAUGUUGC,AUCGACUUCAAGGAGGACGGCAACAUCCUGGGGCACAAGCUGGAGUACAACUACAAC,0.8616185325033168,1,"2.49,-0.93,-6.82,1,0,-196.93,0.3157894736842105,1,0.3157894736842105,0,0,0.05555555555555555,-2.11,0.0,1,0,0.16666666666666666,-3.42,0,0.1111111111111111,0,-1.1,0.1111111111111111,0",-37.76,-11.86,2.49,nan,57.9
CUUGUGCCCCAGGAUGUUG,UCGACUUCAAGGAGGACGGCAACAUCCUGGGGCACAAGCUGGAGUACAACUACAACA,0.7854883151341974,1,"0.03,-2.08,-10.48,0,0,-196.25,0.3157894736842105,0,0.3157894736842105,0,0,0.05555555555555555,-0.93,0.0,1,1,0.16666666666666666,-2.11,0,0.05555555555555555,0,-2.35,0.1111111111111111,0",-36.87,-9.53,0.03,nan,57.9
GCUUGUGCCCCAGGAUGUU,CGACUUCAAGGAGGACGGCAACAUCCUGGGGCACAAGCUGGAGUACAACUACAACAG,0.4027962036942545,0,"-2.49,-3.42,-14.88,0,1,-196.97,0.3157894736842105,0,0.3157894736842105,0,1,0.05555555555555555,-2.08,0.0,0,0,0.16666666666666666,-0.93,0,0.1111111111111111,0,-3.26,0.1111111111111111,0",-37.73,-8.8,-2.49,nan,57.9
AGCUUGUGCCCCAGGAUGU,GACUUCAAGGAGGACGGCAACAUCCUGGGGCACAAGCUGGAGUACAACUACAACAGC,0.5664863761608327,0,"0.16,-2.08,-10.48,0,0,-196.91,0.2631578947368421,0,0.3157894736842105,0,0,0.05555555555555555,-3.42,0.0,0,0,0.16666666666666666,-2.24,0,0.1111111111111111,0,-2.08,0.05555555555555555,0",-38.43,-8.8,0.16,nan,57.9
CAGCUUGUGCCCCAGGAUG,ACUUCAAGGAGGACGGCAACAUCCUGGGGCACAAGCUGGAGUACAACUACAACAGCC,0.4604551484845392,0,"0.0,-2.11,-10.44,0,0,-203.39,0.21052631578947367,0,0.3157894736842105,0,0,0.05555555555555555,-2.08,0.0,0,1,0.16666666666666666,-2.11,0,0.1111111111111111,0,-2.11,0.05555555555555555,0",-39.2,-7.87,0.0,nan,63.2
CCAGCUUGUGCCCCAGGAU,CUUCAAGGAGGACGGCAACAUCCUGGGGCACAAGCUGGAGUACAACUACAACAGCCA,0.3357485457699765,0,"-2.16,-3.26,-13.39,0,0,-202.62,0.21052631578947367,0,0.2631578947368421,0,0,0.05555555555555555,-2.11,0.0,0,1,0.2222222222222222,-1.1,1,0.1111111111111111,0,-3.26,0.05555555555555555,0",-39.9,-8.64,-2.16,nan,63.2
UCCAGCUUGUGCCCCAGGA,UUCAAGGAGGACGGCAACAUCCUGGGGCACAAGCUGGAGUACAACUACAACAGCCAC,0.6596591488927442,0,"0.0,-2.35,-12.44,1,0,-201.95999999999998,0.21052631578947367,0,0.2631578947368421,0,0,0.05555555555555555,-3.26,0.0,0,0,0.2222222222222222,-2.35,0,0.1111111111111111,0,-3.26,0.05555555555555555,1",-40.7,-9.34,0.0,nan,63.2
CUCCAGCUUGUGCCCCAGG,UCAAGGAGGACGGCAACAUCCUGGGGCACAAGCUGGAGUACAACUACAACAGCCACA,0.2725788345749566,0,"0.73,-2.08,-10.48,0,0,-207.44,0.21052631578947367,0,0.2631578947368421,0,0,0.05555555555555555,-2.35,0.0,1,1,0.2222222222222222,-3.26,0,0.1111111111111111,0,-3.26,0.05555555555555555,0",-41.33,-10.31,0.73,nan,68.4
ACUCCAGCUUGUGCCCCAG,CAAGGAGGACGGCAACAUCCUGGGGCACAAGCUGGAGUACAACUACAACAGCCACAA,0.9273395244412695,1,"0.74,-2.24,-11.4,0,0,-201.72999999999993,0.21052631578947367,0,0.21052631578947367,0,0,0.0,-2.08,0.0,0,0,0.2222222222222222,-2.08,0,0.1111111111111111,0,-3.42,0.05555555555555555,0",-39.86,-11.21,0.74,nan,63.2
UACUCCAGCUUGUGCCCCA,AAGGAGGACGGCAACAUCCUGGGGCACAAGCUGGAGUACAACUACAACAGCCACAAC,0.6622104296356771,0,"0.33,-1.33,-7.69,1,0,-195.21999999999997,0.2631578947368421,0,0.15789473684210525,0,0,0.0,-2.24,0.05555555555555555,0,0,0.2222222222222222,-2.11,0,0.1111111111111111,0,-2.11,0.05555555555555555,1",-38.66,-9.58,0.33,nan,57.9
GUACUCCAGCUUGUGCCCC,AGGAGGACGGCAACAUCCUGGGGCACAAGCUGGAGUACAACUACAACAGCCACAACG,0.5184202469639759,0,"0.57,-2.24,-11.4,0,1,-203.61999999999995,0.2631578947368421,0,0.21052631578947367,0,0,0.0,-1.33,0.05555555555555555,1,0,0.2222222222222222,-3.26,0,0.1111111111111111,0,-2.24,0.05555555555555555,0",-39.69,-8.38,0.57,nan,63.2
UGUACUCCAGCUUGUGCCC,GGAGGACGGCAACAUCCUGGGGCACAAGCUGGAGUACAACUACAACAGCCACAACGU,0.906623124808654,1,"1.6,-2.11,-10.44,1,0,-196.95,0.3157894736842105,0,0.21052631578947367,0,0,0.0,-2.24,0.05555555555555555,0,0,0.16666666666666666,-3.26,0,0.1111111111111111,0,-2.11,0.05555555555555555,0",-38.09,-9.41,1.6,nan,57.9
UUGUACUCCAGCUUGUGCC,GAGGACGGCAACAUCCUGGGGCACAAGCUGGAGUACAACUACAACAGCCACAACGUC,0.9179508113072764,1,"2.33,-0.93,-6.82,1,0,-190.38,0.3684210526315789,1,0.21052631578947367,0,0,0.0,-2.11,0.05555555555555555,1,0,0.1111111111111111,-3.26,0,0.1111111111111111,0,-0.93,0.1111111111111111,0",-35.76,-7.81,2.33,nan,52.6
GUUGUACUCCAGCUUGUGC,AGGACGGCAACAUCCUGGGGCACAAGCUGGAGUACAACUACAACAGCCACAACGUCU,0.8767221145014797,1,"0.73,-2.24,-11.4,0,1,-192.10999999999999,0.3684210526315789,0,0.2631578947368421,0,0,0.0,-0.93,0.05555555555555555,1,0,0.05555555555555555,-3.42,0,0.1111111111111111,0,-2.08,0.1111111111111111,0",-35.19,-5.94,0.73,nan,52.6
AGUUGUACUCCAGCUUGUG,GGACGGCAACAUCCUGGGGCACAAGCUGGAGUACAACUACAACAGCCACAACGUCUA,0.7497703847331361,1,"0.93,-2.08,-10.48,0,0,-183.98999999999998,0.3684210526315789,0,0.2631578947368421,0,0,0.0,-2.24,0.05555555555555555,0,0,0.05555555555555555,-2.11,0,0.05555555555555555,0,-3.42,0.1111111111111111,0",-33.4,-7.0,0.93,nan,47.4
UAGUUGUACUCCAGCUUGU,GACGGCAACAUCCUGGGGCACAAGCUGGAGUACAACUACAACAGCCACAACGUCUAU,0.7925298499846923,1,"0.46,-1.33,-7.69,1,0,-177.51999999999998,0.42105263157894735,0,0.21052631578947367,0,0,0.0,-2.08,0.1111111111111111,0,0,0.05555555555555555,-2.24,0,0.05555555555555555,0,-2.08,0.1111111111111111,0",-32.17,-5.94,0.46,nan,42.1
GUAGUUGUACUCCAGCUUG,ACGGCAACAUCCUGGGGCACAAGCUGGAGUACAACUACAACAGCCACAACGUCUAUA,0.7919175426063884,1,"-0.13,-2.24,-11.4,0,1,-184.95999999999998,0.3684210526315789,0,0.2631578947368421,0,0,0.0,-1.33,0.1111111111111111,1,0,0.05555555555555555,-2.11,0,0.05555555555555555,0,-2.11,0.1111111111111111,0",-33.07,-5.94,-0.13,nan,47.4
UGUAGUUGUACUCCAGCUU,CGGCAACAUCCUGGGGCACAAGCUGGAGUACAACUACAACAGCCACAACGUCUAUAU,0.7569139708133483,1,"-0.73,-2.11,-10.44,1,0,-177.51999999999998,0.42105263157894735,0,0.21052631578947367,0,0,0.0,-2.24,0.1111111111111111,0,0,0.05555555555555555,-0.93,0,0.05555555555555555,0,-3.26,0.1111111111111111,0",-32.17,-6.84,-0.73,nan,42.1
UUGUAGUUGUACUCCAGCU,GGCAACAUCCUGGGGCACAAGCUGGAGUACAACUACAACAGCCACAACGUCUAUAUC,0.8326359832635984,1,"0.7,-0.93,-6.82,1,0,-177.51999999999998,0.42105263157894735,1,0.21052631578947367,0,0,0.0,-2.11,0.1111111111111111,1,0,0.05555555555555555,-2.08,0,0.05555555555555555,0,-2.35,0.1111111111111111,0",-32.17,-5.94,0.7,nan,42.1
GUUGUAGUUGUACUCCAGC,GCAACAUCCUGGGGCACAAGCUGGAGUACAACUACAACAGCCACAACGUCUAUAUCA,0.7142565567915093,0,"0.73,-2.24,-11.4,0,1,-185.88000000000002,0.3684210526315789,0,0.2631578947368421,0,0,0.0,-0.93,0.1111111111111111,1,0,0.05555555555555555,-3.42,0,0.05555555555555555,0,-2.08,0.1111111111111111,0",-33.23,-5.94,0.73,nan,47.4
UGUUGUAGUUGUACUCCAG,CAACAUCCUGGGGCACAAGCUGGAGUACAACUACAACAGCCACAACGUCUAUAUCAU,0.7785488315134198,1,"0.87,-2.11,-10.44,1,0,-177.72,0.42105263157894735,0,0.2631578947368421,0,0,0.0,-2.24,0.1111111111111111,0,0,0.05555555555555555,-2.08,0,0.0,0,-2.24,0.1111111111111111,0",-31.47,-6.84,0.87,nan,42.1
CUGUUGUAGUUGUACUCCA,AACAUCCUGGGGCACAAGCUGGAGUACAACUACAACAGCCACAACGUCUAUAUCAUG,0.5741402183896316,0,"-0.87,-2.08,-10.48,0,0,-177.71999999999997,0.42105263157894735,0,0.21052631578947367,0,0,0.0,-2.11,0.1111111111111111,1,1,0.05555555555555555,-2.11,0,0.0,0,-1.33,0.1111111111111111,1",-31.47,-5.97,-0.87,nan,42.1
GCUGUUGUAGUUGUACUCC,ACAUCCUGGGGCACAAGCUGGAGUACAACUACAACAGCCACAACGUCUAUAUCAUGG,0.7553832023675885,1,"-0.16,-3.42,-14.88,0,1,-185.88,0.42105263157894735,0,0.2631578947368421,0,1,0.0,-2.08,0.1111111111111111,0,0,0.05555555555555555,-3.26,0,0.05555555555555555,0,-2.24,0.1111111111111111,0",-33.23,-7.17,-0.16,nan,47.4
GGCUGUUGUAGUUGUACUC,CAUCCUGGGGCACAAGCUGGAGUACAACUACAACAGCCACAACGUCUAUAUCAUGGC,0.8707010919481579,1,"-0.46,-3.26,-13.39,0,1,-185.88,0.42105263157894735,0,0.3157894736842105,1,0,0.05555555555555555,-3.42,0.1111111111111111,0,0,0.0,-2.35,0,0.05555555555555555,0,-2.11,0.1111111111111111,0",-33.23,-8.8,-0.46,nan,47.4
UGGCUGUUGUAGUUGUACU,AUCCUGGGGCACAAGCUGGAGUACAACUACAACAGCCACAACGUCUAUAUCAUGGCC,0.8282477803857536,1,"-0.03,-2.11,-10.44,1,0,-176.44,0.47368421052631576,0,0.3157894736842105,0,0,0.05555555555555555,-3.26,0.1111111111111111,0,0,0.0,-2.08,0,0.05555555555555555,0,-0.93,0.1111111111111111,0",-32.09,-9.5,-0.03,nan,42.1
GUGGCUGUUGUAGUUGUAC,UCCUGGGGCACAAGCUGGAGUACAACUACAACAGCCACAACGUCUAUAUCAUGGCCG,0.7737524237167057,1,"0.0,-2.24,-11.4,0,1,-184.8,0.42105263157894735,0,0.3684210526315789,0,0,0.05555555555555555,-2.11,0.1111111111111111,1,0,0.0,-2.24,0,0.05555555555555555,0,-2.24,0.1111111111111111,0",-33.15,-10.23,0.0,nan,47.4
UGUGGCUGUUGUAGUUGUA,CCUGGGGCACAAGCUGGAGUACAACUACAACAGCCACAACGUCUAUAUCAUGGCCGA,0.7063986121032759,0,"-0.33,-2.11,-10.44,1,0,-176.4,0.47368421052631576,0,0.3684210526315789,0,0,0.05555555555555555,-2.24,0.1111111111111111,0,0,0.0,-1.33,0,0.05555555555555555,0,-2.08,0.1111111111111111,1",-32.12,-11.13,-0.33,nan,42.1
UUGUGGCUGUUGUAGUUGU,CUGGGGCACAAGCUGGAGUACAACUACAACAGCCACAACGUCUAUAUCAUGGCCGAC,0.7143586080212267,0,"0.86,-0.93,-6.82,1,0,-175.53,0.5263157894736842,1,0.3684210526315789,0,0,0.05555555555555555,-2.11,0.05555555555555555,1,0,0.0,-2.24,0,0.05555555555555555,0,-1.33,0.16666666666666666,0",-31.72,-10.23,0.86,nan,42.1
GUUGUGGCUGUUGUAGUUG,UGGGGCACAAGCUGGAGUACAACUACAACAGCCACAACGUCUAUAUCAUGGCCGACA,0.6956832329829575,0,"-0.13,-2.24,-11.4,0,1,-182.97,0.47368421052631576,0,0.42105263157894735,0,0,0.05555555555555555,-0.93,0.05555555555555555,1,0,0.0,-2.11,0,0.05555555555555555,0,-2.24,0.16666666666666666,0",-32.62,-9.53,-0.13,nan,47.4
CGUUGUGGCUGUUGUAGUU,GGGGCACAAGCUGGAGUACAACUACAACAGCCACAACGUCUAUAUCAUGGCCGACAA,0.6992550260230636,0,"-1.43,-2.36,-10.64,0,0,-179.45,0.47368421052631576,0,0.3684210526315789,0,0,0.05555555555555555,-2.24,0.05555555555555555,0,1,0.0,-0.93,0,0.05555555555555555,1,-2.11,0.16666666666666666,0",-32.42,-8.8,-1.43,nan,47.4
ACGUUGUGGCUGUUGUAGU,GGGCACAAGCUGGAGUACAACUACAACAGCCACAACGUCUAUAUCAUGGCCGACAAG,0.9324420859271356,1,"0.0,-2.24,-11.4,0,0,-180.31,0.42105263157894735,0,0.3684210526315789,0,0,0.05555555555555555,-2.36,0.05555555555555555,0,0,0.0,-2.24,0,0.05555555555555555,0,-0.93,0.1111111111111111,0",-33.28,-7.9,0.0,nan,47.4
GACGUUGUGGCUGUUGUAG,GGCACAAGCUGGAGUACAACUACAACAGCCACAACGUCUAUAUCAUGGCCGACAAGC,0.8728441677722217,1,"-0.27,-2.35,-12.44,0,1,-188.79,0.3684210526315789,0,0.42105263157894735,0,0,0.05555555555555555,-2.24,0.05555555555555555,0,0,0.0,-2.08,0,0.05555555555555555,0,-2.24,0.1111111111111111,0",-34.29,-7.13,-0.27,nan,52.6
AGACGUUGUGGCUGUUGUA,GCACAAGCUGGAGUACAACUACAACAGCCACAACGUCUAUAUCAUGGCCGACAAGCA,0.8093683028880498,1,"-0.3,-2.08,-10.48,0,0,-181.35,0.3684210526315789,0,0.3684210526315789,0,0,0.05555555555555555,-2.35,0.05555555555555555,0,0,0.0,-1.33,0,0.05555555555555555,0,-2.11,0.1111111111111111,1",-33.39,-8.14,-0.3,nan,47.4
UAGACGUUGUGGCUGUUGU,CACAAGCUGGAGUACAACUACAACAGCCACAACGUCUAUAUCAUGGCCGACAAGCAG,0.9379528523318706,1,"0.46,-1.33,-7.69,1,0,-181.35,0.42105263157894735,0,0.3684210526315789,0,0,0.05555555555555555,-2.08,0.05555555555555555,0,0,0.0,-2.24,0,0.05555555555555555,0,-2.08,0.1111111111111111,0",-33.39,-7.21,0.46,nan,47.4
AUAGACGUUGUGGCUGUUG,ACAAGCUGGAGUACAACUACAACAGCCACAACGUCUAUAUCAUGGCCGACAAGCAGA,0.7993672823757527,1,"1.46,-1.1,-9.38,0,0,-183.05,0.3684210526315789,0,0.3684210526315789,0,0,0.05555555555555555,-1.33,0.05555555555555555,1,0,0.0,-2.11,0,0.05555555555555555,0,-3.42,0.1111111111111111,0",-32.7,-7.61,1.46,nan,47.4
UAUAGACGUUGUGGCUGUU,CAAGCUGGAGUACAACUACAACAGCCACAACGUCUAUAUCAUGGCCGACAAGCAGAA,0.74619859169303,1,"-0.4,-1.33,-7.69,1,0,-176.58,0.42105263157894735,0,0.3157894736842105,0,0,0.05555555555555555,-1.1,0.1111111111111111,0,0,0.0,-0.93,0,0.05555555555555555,0,-3.26,0.1111111111111111,0",-31.47,-6.92,-0.4,nan,42.1
AUAUAGACGUUGUGGCUGU,AAGCUGGAGUACAACUACAACAGCCACAACGUCUAUAUCAUGGCCGACAAGCAGAAG,0.7586488417185427,1,"0.69,-1.1,-9.38,0,0,-179.14,0.3684210526315789,0,0.3157894736842105,0,0,0.05555555555555555,-1.33,0.1111111111111111,1,0,0.0,-2.24,0,0.05555555555555555,0,-2.11,0.05555555555555555,0",-31.64,-5.89,0.69,nan,42.1
GAUAUAGACGUUGUGGCUG,AGCUGGAGUACAACUACAACAGCCACAACGUCUAUAUCAUGGCCGACAAGCAGAAGA,0.734666802734973,1,"-0.24,-2.35,-12.44,0,1,-187.61999999999998,0.3157894736842105,0,0.3684210526315789,0,0,0.05555555555555555,-1.1,0.1111111111111111,0,0,0.0,-2.11,0,0.05555555555555555,0,-2.24,0.05555555555555555,0",-32.65,-4.3,-0.24,nan,47.4
UGAUAUAGACGUUGUGGCU,GCUGGAGUACAACUACAACAGCCACAACGUCUAUAUCAUGGCCGACAAGCAGAAGAA,0.7742626798652925,1,"-0.03,-2.11,-10.44,1,0,-180.17999999999998,0.3684210526315789,0,0.3157894736842105,0,0,0.05555555555555555,-2.35,0.1111111111111111,0,0,0.0,-2.08,0,0.05555555555555555,0,-2.11,0.05555555555555555,0",-31.75,-5.2,-0.03,nan,42.1
AUGAUAUAGACGUUGUGGC,CUGGAGUACAACUACAACAGCCACAACGUCUAUAUCAUGGCCGACAAGCAGAAGAAC,0.9866312889070314,1,"2.32,-1.1,-9.38,0,0,-182.8,0.3157894736842105,0,0.3157894736842105,0,0,0.05555555555555555,-2.11,0.1111111111111111,1,0,0.0,-3.42,0,0.05555555555555555,0,-0.93,0.05555555555555555,0",-31.22,-4.33,2.32,nan,42.1
CAUGAUAUAGACGUUGUGG,UGGAGUACAACUACAACAGCCACAACGUCUAUAUCAUGGCCGACAAGCAGAAGAACG,0.8974385141340954,1,"0.7,-2.11,-10.44,0,0,-182.07999999999998,0.3157894736842105,0,0.3157894736842105,0,0,0.05555555555555555,-1.1,0.1111111111111111,0,1,0.0,-3.26,0,0.0,0,-2.24,0.05555555555555555,0",-30.36,-4.1,0.7,nan,42.1
CCAUGAUAUAGACGUUGUG,GGAGUACAACUACAACAGCCACAACGUCUAUAUCAUGGCCGACAAGCAGAAGAACGG,0.6591488927441577,0,"-0.7,-3.26,-13.39,0,0,-182.07999999999998,0.3157894736842105,0,0.2631578947368421,0,0,0.0,-2.11,0.1111111111111111,0,1,0.05555555555555555,-2.11,1,0.0,0,-2.36,0.05555555555555555,0",-30.36,-5.56,-0.7,nan,42.1
GCCAUGAUAUAGACGUUGU,GAGUACAACUACAACAGCCACAACGUCUAUAUCAUGGCCGACAAGCAGAAGAACGGC,0.2804367792631901,0,"-1.63,-3.42,-14.88,0,1,-182.8,0.3157894736842105,0,0.2631578947368421,0,1,0.0,-3.26,0.1111111111111111,0,0,0.05555555555555555,-2.24,0,0.05555555555555555,0,-2.24,0.05555555555555555,0",-31.22,-7.49,-1.63,nan,42.1
GGCCAUGAUAUAGACGUUG,AGUACAACUACAACAGCCACAACGUCUAUAUCAUGGCCGACAAGCAGAAGAACGGCA,0.5409735687315033,0,"-0.7,-3.26,-13.39,0,1,-188.51000000000002,0.2631578947368421,0,0.3157894736842105,1,0,0.05555555555555555,-3.42,0.1111111111111111,0,0,0.05555555555555555,-2.11,0,0.05555555555555555,0,-2.35,0.05555555555555555,0",-32.69,-9.81,-0.7,nan,47.4
CGGCCAUGAUAUAGACGUU,GUACAACUACAACAGCCACAACGUCUAUAUCAUGGCCGACAAGCAGAAGAACGGCAU,0.3428921318501888,0,"-1.43,-2.36,-10.64,0,0,-184.98999999999998,0.2631578947368421,0,0.2631578947368421,0,0,0.05555555555555555,-3.26,0.1111111111111111,0,1,0.05555555555555555,-0.93,0,0.05555555555555555,1,-2.08,0.05555555555555555,0",-32.49,-11.17,-1.43,nan,47.4
UCGGCCAUGAUAUAGACGU,UACAACUACAACAGCCACAACGUCUAUAUCAUGGCCGACAAGCAGAAGAACGGCAUC,0.7010919481579754,0,"-0.11,-2.35,-12.44,1,0,-186.89000000000001,0.2631578947368421,0,0.2631578947368421,0,0,0.05555555555555555,-2.36,0.1111111111111111,0,0,0.05555555555555555,-2.24,0,0.05555555555555555,0,-1.33,0.0,0",-33.46,-10.97,-0.11,nan,47.4
GUCGGCCAUGAUAUAGACG,ACAACUACAACAGCCACAACGUCUAUAUCAUGGCCGACAAGCAGAAGAACGGCAUCA,0.566894581079702,0,"-0.33,-2.24,-11.4,0,1,-194.32999999999998,0.21052631578947367,0,0.3157894736842105,0,0,0.05555555555555555,-2.35,0.1111111111111111,1,0,0.05555555555555555,-2.36,0,0.05555555555555555,0,-1.1,0.0,0",-34.36,-11.77,-0.33,nan,52.6
UGUCGGCCAUGAUAUAGAC,CAACUACAACAGCCACAACGUCUAUAUCAUGGCCGACAAGCAGAAGAACGGCAUCAA,0.4464741300132667,0,"1.03,-2.11,-10.44,1,0,-190.40999999999997,0.2631578947368421,0,0.2631578947368421,0,0,0.05555555555555555,-2.24,0.1111111111111111,0,0,0.05555555555555555,-2.24,0,0.05555555555555555,0,-1.33,0.0,0",-33.66,-12.8,1.03,nan,47.4
UUGUCGGCCAUGAUAUAGA,AACUACAACAGCCACAACGUCUAUAUCAUGGCCGACAAGCAGAAGAACGGCAUCAAG,0.7112970711297072,0,"0.97,-0.93,-6.82,1,0,-182.10999999999996,0.3157894736842105,1,0.2631578947368421,0,0,0.05555555555555555,-2.11,0.1111111111111111,1,0,0.05555555555555555,-2.35,0,0.05555555555555555,0,-1.1,0.05555555555555555,1",-31.9,-11.2,0.97,nan,42.1
CUUGUCGGCCAUGAUAUAG,ACUACAACAGCCACAACGUCUAUAUCAUGGCCGACAAGCAGAAGAACGGCAUCAAGG,0.6174099397897745,0,"0.0,-2.08,-10.48,0,0,-187.58999999999997,0.3157894736842105,0,0.2631578947368421,0,0,0.05555555555555555,-0.93,0.1111111111111111,1,1,0.05555555555555555,-2.08,0,0.05555555555555555,0,-2.35,0.05555555555555555,0",-32.53,-8.71,0.0,nan,47.4
GCUUGUCGGCCAUGAUAUA,CUACAACAGCCACAACGUCUAUAUCAUGGCCGACAAGCAGAAGAACGGCAUCAAGGU,0.3476885396469028,0,"-2.09,-3.42,-14.88,0,1,-188.26999999999998,0.3157894736842105,0,0.2631578947368421,0,1,0.05555555555555555,-2.08,0.1111111111111111,0,0,0.05555555555555555,-1.33,0,0.1111111111111111,0,-2.11,0.05555555555555555,1",-33.42,-7.98,-2.09,nan,47.4
UGCUUGUCGGCCAUGAUAU,UACAACAGCCACAACGUCUAUAUCAUGGCCGACAAGCAGAAGAACGGCAUCAAGGUG,0.8728441677722217,1,"-0.56,-2.11,-10.44,1,0,-187.29999999999998,0.3684210526315789,0,0.2631578947368421,0,0,0.05555555555555555,-3.42,0.05555555555555555,0,0,0.05555555555555555,-1.1,0,0.1111111111111111,0,-1.1,0.05555555555555555,0",-33.75,-9.04,-0.56,nan,47.4
CUGCUUGUCGGCCAUGAUA,ACAACAGCCACAACGUCUAUAUCAUGGCCGACAAGCAGAAGAACGGCAUCAAGGUGA,0.6232268598836617,0,"-1.2,-2.08,-10.48,0,0,-192.11999999999998,0.3157894736842105,0,0.2631578947368421,0,0,0.05555555555555555,-2.11,0.05555555555555555,1,1,0.05555555555555555,-1.33,0,0.1111111111111111,0,-2.11,0.05555555555555555,1",-35.18,-7.9,-1.2,nan,52.6
UCUGCUUGUCGGCCAUGAU,CAACAGCCACAACGUCUAUAUCAUGGCCGACAAGCAGAAGAACGGCAUCAAGGUGAA,0.6742524747423206,0,"-0.8,-2.35,-12.44,1,0,-193.14999999999998,0.3684210526315789,0,0.2631578947368421,0,0,0.05555555555555555,-2.08,0.0,0,0,0.05555555555555555,-1.1,0,0.1111111111111111,0,-3.26,0.05555555555555555,0",-35.75,-8.64,-0.8,nan,52.6
UUCUGCUUGUCGGCCAUGA,AACAGCCACAACGUCUAUAUCAUGGCCGACAAGCAGAAGAACGGCAUCAAGGUGAAC,0.743953464639249,1,"0.97,-0.93,-6.82,1,0,-190.58999999999997,0.3684210526315789,1,0.2631578947368421,0,0,0.05555555555555555,-2.35,0.0,1,0,0.05555555555555555,-2.35,0,0.1111111111111111,0,-3.42,0.1111111111111111,1",-35.58,-7.98,0.97,nan,52.6
CUUCUGCUUGUCGGCCAUG,ACAGCCACAACGUCUAUAUCAUGGCCGACAAGCAGAAGAACGGCAUCAAGGUGAACU,0.3879987753852434,0,"0.03,-2.08,-10.48,0,0,-196.07,0.3684210526315789,0,0.2631578947368421,0,0,0.05555555555555555,-0.93,0.0,1,1,0.05555555555555555,-2.11,0,0.1111111111111111,0,-3.26,0.1111111111111111,0",-36.21,-7.98,0.03,nan,57.9
UCUUCUGCUUGUCGGCCAU,CAGCCACAACGUCUAUAUCAUGGCCGACAAGCAGAAGAACGGCAUCAAGGUGAACUU,0.6374119808143689,0,"-0.8,-2.35,-12.44,1,0,-190.62999999999994,0.42105263157894735,0,0.21052631578947367,0,0,0.05555555555555555,-2.08,0.0,0,0,0.05555555555555555,-1.1,0,0.1111111111111111,0,-2.36,0.1111111111111111,0",-35.55,-8.88,-0.8,nan,52.6
UUCUUCUGCUUGUCGGCCA,AGCCACAACGUCUAUAUCAUGGCCGACAAGCAGAAGAACGGCAUCAAGGUGAACUUC,0.8384529033574855,1,"0.73,-0.93,-6.82,1,0,-188.06999999999994,0.42105263157894735,1,0.21052631578947367,0,0,0.05555555555555555,-2.35,0.0,1,0,0.05555555555555555,-2.11,0,0.1111111111111111,0,-2.35,0.16666666666666666,1",-35.38,-7.36,0.73,nan,52.6
GUUCUUCUGCUUGUCGGCC,GCCACAACGUCUAUAUCAUGGCCGACAAGCAGAAGAACGGCAUCAAGGUGAACUUCA,0.6454740279620369,0,"0.57,-2.24,-11.4,0,1,-196.46999999999997,0.42105263157894735,0,0.2631578947368421,0,0,0.05555555555555555,-0.93,0.0,1,0,0.05555555555555555,-3.26,0,0.1111111111111111,0,-2.24,0.16666666666666666,0",-36.41,-5.73,0.57,nan,57.9
CGUUCUUCUGCUUGUCGGC,CCACAACGUCUAUAUCAUGGCCGACAAGCAGAAGAACGGCAUCAAGGUGAACUUCAA,0.9262169609143792,1,"1.06,-2.36,-10.64,0,0,-193.71999999999997,0.42105263157894735,0,0.2631578947368421,0,0,0.05555555555555555,-2.24,0.0,0,1,0.0,-3.42,0,0.1111111111111111,1,-2.11,0.16666666666666666,0",-35.51,-6.79,1.06,nan,57.9
CCGUUCUUCUGCUUGUCGG,CACAACGUCUAUAUCAUGGCCGACAAGCAGAAGAACGGCAUCAAGGUGAACUUCAAG,0.8561077660985815,1,"0.0,-3.26,-13.39,0,0,-192.22999999999996,0.42105263157894735,0,0.2631578947368421,0,0,0.05555555555555555,-2.36,0.0,0,1,0.05555555555555555,-3.26,1,0.05555555555555555,0,-0.93,0.16666666666666666,0",-35.35,-6.35,0.0,nan,57.9
GCCGUUCUUCUGCUUGUCG,ACAACGUCUAUAUCAUGGCCGACAAGCAGAAGAACGGCAUCAAGGUGAACUUCAAGA,0.7760996020002041,1,"-1.06,-3.42,-14.88,0,1,-193.72000000000003,0.42105263157894735,0,0.2631578947368421,0,1,0.0,-3.26,0.0,0,0,0.05555555555555555,-2.36,0,0.1111111111111111,0,-2.08,0.16666666666666666,0",-35.51,-8.68,-1.06,nan,57.9
UGCCGUUCUUCUGCUUGUC,CAACGUCUAUAUCAUGGCCGACAAGCAGAAGAACGGCAUCAAGGUGAACUUCAAGAU,0.8598836615981224,1,"1.14,-2.11,-10.44,1,0,-189.8,0.47368421052631576,0,0.21052631578947367,0,0,0.0,-3.42,0.0,0,0,0.05555555555555555,-2.35,0,0.1111111111111111,0,-3.42,0.16666666666666666,0",-34.81,-10.47,1.14,nan,52.6
AUGCCGUUCUUCUGCUUGU,AACGUCUAUAUCAUGGCCGACAAGCAGAAGAACGGCAUCAAGGUGAACUUCAAGAUC,0.7437493621798142,1,"0.69,-1.1,-9.38,0,0,-183.02,0.47368421052631576,0,0.21052631578947367,0,0,0.0,-2.11,0.0,1,0,0.05555555555555555,-2.24,0,0.1111111111111111,0,-2.11,0.16666666666666666,0",-33.11,-9.33,0.69,nan,47.4
GAUGCCGUUCUUCUGCUUG,ACGUCUAUAUCAUGGCCGACAAGCAGAAGAACGGCAUCAAGGUGAACUUCAAGAUCC,0.7374221859373407,1,"-0.24,-2.35,-12.44,0,1,-191.49999999999997,0.42105263157894735,0,0.2631578947368421,0,0,0.0,-1.1,0.0,0,0,0.05555555555555555,-2.11,0,0.1111111111111111,0,-2.08,0.16666666666666666,0",-34.12,-9.5,-0.24,nan,52.6
UGAUGCCGUUCUUCUGCUU,CGUCUAUAUCAUGGCCGACAAGCAGAAGAACGGCAUCAAGGUGAACUUCAAGAUCCG,0.805592407388509,1,"-0.73,-2.11,-10.44,1,0,-184.05999999999997,0.47368421052631576,0,0.21052631578947367,0,0,0.0,-2.35,0.0,0,0,0.05555555555555555,-0.93,0,0.1111111111111111,0,-2.35,0.16666666666666666,0",-33.22,-10.51,-0.73,nan,47.4
UUGAUGCCGUUCUUCUGCU,GUCUAUAUCAUGGCCGACAAGCAGAAGAACGGCAUCAAGGUGAACUUCAAGAUCCGC,0.7469129503010512,1,"0.7,-0.93,-6.82,1,0,-184.06,0.47368421052631576,1,0.21052631578947367,0,0,0.0,-2.11,0.0,1,0,0.05555555555555555,-2.08,0,0.1111111111111111,0,-0.93,0.16666666666666666,0",-33.22,-9.81,0.7,nan,47.4
CUUGAUGCCGUUCUUCUGC,UCUAUAUCAUGGCCGACAAGCAGAAGAACGGCAUCAAGGUGAACUUCAAGAUCCGCC,0.6342483926931319,0,"0.89,-2.08,-10.48,0,0,-191.49999999999997,0.42105263157894735,0,0.21052631578947367,0,0,0.0,-0.93,0.0,1,1,0.05555555555555555,-3.42,0,0.1111111111111111,0,-2.08,0.16666666666666666,0",-34.12,-7.48,0.89,nan,52.6
CCUUGAUGCCGUUCUUCUG,CUAUAUCAUGGCCGACAAGCAGAAGAACGGCAUCAAGGUGAACUUCAAGAUCCGCCA,0.7479334625982245,1,"-0.7,-3.26,-13.39,0,0,-190.00999999999996,0.42105263157894735,0,0.21052631578947367,0,0,0.0,-2.08,0.0,0,1,0.1111111111111111,-2.11,1,0.05555555555555555,0,-2.35,0.16666666666666666,0",-33.96,-6.59,-0.7,nan,52.6
ACCUUGAUGCCGUUCUUCU,UAUAUCAUGGCCGACAAGCAGAAGAACGGCAUCAAGGUGAACUUCAAGAUCCGCCAC,0.841514440249005,1,"-0.16,-2.24,-11.4,0,0,-183.52999999999997,0.42105263157894735,0,0.15789473684210525,0,0,0.0,-3.26,0.0,0,0,0.1111111111111111,-2.08,0,0.05555555555555555,0,-0.93,0.16666666666666666,0",-33.19,-7.29,-0.16,nan,47.4
CACCUUGAUGCCGUUCUUC,AUAUCAUGGCCGACAAGCAGAAGAACGGCAUCAAGGUGAACUUCAAGAUCCGCCACA,0.6983365649556078,0,"0.24,-2.11,-10.44,0,0,-190.92999999999995,0.3684210526315789,0,0.15789473684210525,0,0,0.0,-2.24,0.0,0,1,0.1111111111111111,-2.35,0,0.05555555555555555,0,-2.24,0.16666666666666666,0",-34.12,-7.98,0.24,nan,52.6
UCACCUUGAUGCCGUUCUU,UAUCAUGGCCGACAAGCAGAAGAACGGCAUCAAGGUGAACUUCAAGAUCCGCCACAA,0.7206857842637004,1,"-0.97,-2.35,-12.44,1,0,-183.48999999999995,0.42105263157894735,0,0.15789473684210525,0,0,0.0,-2.11,0.0,0,0,0.1111111111111111,-0.93,0,0.05555555555555555,0,-2.36,0.16666666666666666,0",-33.22,-8.64,-0.97,nan,47.4
UUCACCUUGAUGCCGUUCU,AUCAUGGCCGACAAGCAGAAGAACGGCAUCAAGGUGAACUUCAAGAUCCGCCACAAC,0.9334625982243088,1,"0.7,-0.93,-6.82,1,0,-183.48999999999995,0.42105263157894735,1,0.15789473684210525,0,0,0.0,-2.35,0.0,1,0,0.1111111111111111,-2.08,0,0.05555555555555555,0,-3.26,0.16666666666666666,0",-33.22,-7.98,0.7,nan,47.4
GUUCACCUUGAUGCCGUUC,UCAUGGCCGACAAGCAGAAGAACGGCAUCAAGGUGAACUUCAAGAUCCGCCACAACA,0.7580365343402389,1,"0.11,-2.24,-11.4,0,1,-191.85,0.3684210526315789,0,0.21052631578947367,0,0,0.0,-0.93,0.0,1,0,0.1111111111111111,-2.35,0,0.05555555555555555,0,-3.42,0.16666666666666666,0",-34.28,-7.98,0.11,nan,52.6
AGUUCACCUUGAUGCCGUU,CAUGGCCGACAAGCAGAAGAACGGCAUCAAGGUGAACUUCAAGAUCCGCCACAACAU,0.6046535360751097,0,"-0.7,-2.08,-10.48,0,0,-182.44999999999996,0.3684210526315789,0,0.21052631578947367,0,0,0.0,-2.24,0.0,0,0,0.1111111111111111,-0.93,0,0.05555555555555555,0,-2.11,0.16666666666666666,0",-33.11,-9.04,-0.7,nan,47.4
AAGUUCACCUUGAUGCCGU,AUGGCCGACAAGCAGAAGAACGGCAUCAAGGUGAACUUCAAGAUCCGCCACAACAUC,0.8880498010001021,1,"0.86,-0.93,-6.82,0,0,-182.44999999999996,0.3157894736842105,0,0.21052631578947367,0,0,0.0,-2.08,0.0,0,0,0.1111111111111111,-2.24,0,0.05555555555555555,0,-1.1,0.1111111111111111,0",-33.11,-7.41,0.86,nan,47.4
GAAGUUCACCUUGAUGCCG,UGGCCGACAAGCAGAAGAACGGCAUCAAGGUGAACUUCAAGAUCCGCCACAACAUCG,0.7206857842637004,1,"-0.44,-2.35,-12.44,0,1,-190.93,0.2631578947368421,0,0.2631578947368421,0,0,0.0,-0.93,0.0,0,0,0.1111111111111111,-2.36,0,0.05555555555555555,0,-2.35,0.1111111111111111,0",-34.12,-5.65,-0.44,nan,52.6
UGAAGUUCACCUUGAUGCC,GGCCGACAAGCAGAAGAACGGCAUCAAGGUGAACUUCAAGAUCCGCCACAACAUCGA,0.959893866721094,1,"1.6,-2.11,-10.44,1,0,-187.01,0.3157894736842105,0,0.21052631578947367,0,0,0.0,-2.35,0.0,0,0,0.1111111111111111,-3.26,0,0.05555555555555555,0,-2.11,0.1111111111111111,0",-33.42,-6.79,1.6,nan,47.4
UUGAAGUUCACCUUGAUGC,GCCGACAAGCAGAAGAACGGCAUCAAGGUGAACUUCAAGAUCCGCCACAACAUCGAG,0.924890294928054,1,"2.49,-0.93,-6.82,1,0,-180.44,0.3684210526315789,1,0.21052631578947367,0,0,0.0,-2.11,0.0,1,0,0.05555555555555555,-3.42,0,0.05555555555555555,0,-0.93,0.16666666666666666,0",-31.09,-5.65,2.49,nan,42.1
CUUGAAGUUCACCUUGAUG,CCGACAAGCAGAAGAACGGCAUCAAGGUGAACUUCAAGAUCCGCCACAACAUCGAGG,0.8725380140830697,1,"0.03,-2.08,-10.48,0,0,-179.76,0.3684210526315789,0,0.21052631578947367,0,0,0.0,-0.93,0.0,1,1,0.05555555555555555,-2.11,0,0.0,0,-2.08,0.16666666666666666,0",-30.2,-5.65,0.03,nan,42.1
UCUUGAAGUUCACCUUGAU,CGACAAGCAGAAGAACGGCAUCAAGGUGAACUUCAAGAUCCGCCACAACAUCGAGGA,0.7872231860393918,1,"-0.8,-2.35,-12.44,1,0,-174.32,0.42105263157894735,0,0.15789473684210525,0,0,0.0,-2.08,0.0,0,0,0.05555555555555555,-1.1,0,0.0,0,-3.26,0.16666666666666666,0",-29.54,-6.39,-0.8,nan,36.8
AUCUUGAAGUUCACCUUGA,GACAAGCAGAAGAACGGCAUCAAGGUGAACUUCAAGAUCCGCCACAACAUCGAGGAC,0.9799979589754058,1,"0.8,-1.1,-9.38,0,0,-174.31999999999996,0.3684210526315789,0,0.15789473684210525,0,0,0.0,-2.35,0.0,1,0,0.05555555555555555,-2.35,0,0.0,0,-2.24,0.16666666666666666,1",-29.54,-5.76,0.8,nan,36.8
GAUCUUGAAGUUCACCUUG,ACAAGCAGAAGAACGGCAUCAAGGUGAACUUCAAGAUCCGCCACAACAUCGAGGACG,0.956322073680988,1,"-0.24,-2.35,-12.44,0,1,-181.76000000000002,0.3684210526315789,0,0.21052631578947367,0,0,0.0,-1.1,0.0,0,0,0.05555555555555555,-2.11,0,0.0,0,-2.11,0.16666666666666666,0",-30.44,-5.93,-0.24,nan,42.1
GGAUCUUGAAGUUCACCUU,CAAGCAGAAGAACGGCAUCAAGGUGAACUUCAAGAUCCGCCACAACAUCGAGGACGG,0.9578528421267476,1,"-2.33,-3.26,-13.39,0,1,-180.98999999999998,0.3684210526315789,0,0.21052631578947367,1,0,0.05555555555555555,-2.35,0.0,0,0,0.05555555555555555,-0.93,0,0.0,0,-2.35,0.16666666666666666,0",-31.14,-6.83,-2.33,nan,42.1
CGGAUCUUGAAGUUCACCU,AAGCAGAAGAACGGCAUCAAGGUGAACUUCAAGAUCCGCCACAACAUCGAGGACGGC,0.951831819573426,1,"-0.73,-2.36,-10.64,0,0,-184.80999999999997,0.3157894736842105,0,0.21052631578947367,0,0,0.05555555555555555,-3.26,0.0,0,1,0.05555555555555555,-2.08,0,0.0,1,-0.93,0.1111111111111111,0",-32.57,-7.53,-0.73,nan,47.4
GCGGAUCUUGAAGUUCACC,AGCAGAAGAACGGCAUCAAGGUGAACUUCAAGAUCCGCCACAACAUCGAGGACGGCA,0.7408919277477294,1,"-0.16,-3.42,-14.88,0,1,-192.93,0.2631578947368421,0,0.2631578947368421,0,1,0.05555555555555555,-2.36,0.0,0,0,0.05555555555555555,-3.26,0,0.05555555555555555,0,-2.24,0.1111111111111111,0",-34.36,-8.96,-0.16,nan,52.6
GGCGGAUCUUGAAGUUCAC,GCAGAAGAACGGCAUCAAGGUGAACUUCAAGAUCCGCCACAACAUCGAGGACGGCAG,0.5792427798754975,0,"-0.57,-3.26,-13.39,0,1,-192.92999999999998,0.2631578947368421,0,0.3157894736842105,1,0,0.1111111111111111,-3.42,0.0,0,0,0.0,-2.24,0,0.05555555555555555,0,-2.08,0.1111111111111111,0",-34.36,-10.75,-0.57,nan,52.6
UGGCGGAUCUUGAAGUUCA,CAGAAGAACGGCAUCAAGGUGAACUUCAAGAUCCGCCACAACAUCGAGGACGGCAGC,0.7969180528625371,1,"0.0,-2.11,-10.44,1,0,-184.52999999999997,0.3157894736842105,0,0.3157894736842105,0,0,0.1111111111111111,-3.26,0.0,0,0,0.0,-2.11,0,0.05555555555555555,0,-0.93,0.1111111111111111,1",-33.33,-11.21,0.0,nan,47.4
GUGGCGGAUCUUGAAGUUC,AGAAGAACGGCAUCAAGGUGAACUUCAAGAUCCGCCACAACAUCGAGGACGGCAGCG,0.7658944790284723,1,"0.11,-2.24,-11.4,0,1,-192.92999999999998,0.3157894736842105,0,0.3684210526315789,0,0,0.1111111111111111,-2.11,0.0,1,0,0.0,-2.35,0,0.05555555555555555,0,-2.35,0.1111111111111111,0",-34.36,-11.77,0.11,nan,52.6
UGUGGCGGAUCUUGAAGUU,GAAGAACGGCAUCAAGGUGAACUUCAAGAUCCGCCACAACAUCGAGGACGGCAGCGU,0.6715991427696705,0,"-0.73,-2.11,-10.44,1,0,-183.48999999999998,0.3684210526315789,0,0.3684210526315789,0,0,0.1111111111111111,-2.24,0.0,0,0,0.0,-0.93,0,0.05555555555555555,0,-2.11,0.1111111111111111,0",-33.22,-12.56,-0.73,nan,47.4
UUGUGGCGGAUCUUGAAGU,AAGAACGGCAUCAAGGUGAACUUCAAGAUCCGCCACAACAUCGAGGACGGCAGCGUG,0.8626390448004899,1,"0.86,-0.93,-6.82,1,0,-183.48999999999998,0.3684210526315789,1,0.3684210526315789,0,0,0.1111111111111111,-2.11,0.0,1,0,0.0,-2.24,0,0.05555555555555555,0,-0.93,0.1111111111111111,0",-33.22,-10.96,0.86,nan,47.4
GUUGUGGCGGAUCUUGAAG,AGAACGGCAUCAAGGUGAACUUCAAGAUCCGCCACAACAUCGAGGACGGCAGCGUGC,0.7043575875089295,0,"-0.16,-2.24,-11.4,0,1,-190.92999999999995,0.3157894736842105,0,0.42105263157894735,0,0,0.1111111111111111,-0.93,0.0,1,0,0.0,-2.08,0,0.05555555555555555,0,-2.08,0.1111111111111111,0",-34.12,-9.53,-0.16,nan,52.6
UGUUGUGGCGGAUCUUGAA,GAACGGCAUCAAGGUGAACUUCAAGAUCCGCCACAACAUCGAGGACGGCAGCGUGCA,0.8356975201551179,1,"-0.73,-2.11,-10.44,1,0,-183.44999999999996,0.3684210526315789,0,0.3684210526315789,0,0,0.1111111111111111,-2.24,0.0,0,0,0.0,-0.93,0,0.05555555555555555,0,-2.35,0.1111111111111111,1",-33.25,-8.8,-0.73,nan,47.4
AUGUUGUGGCGGAUCUUGA,AACGGCAUCAAGGUGAACUUCAAGAUCCGCCACAACAUCGAGGACGGCAGCGUGCAG,0.8165118889682622,1,"0.8,-1.1,-9.38,0,0,-186.00999999999996,0.3684210526315789,0,0.3684210526315789,0,0,0.1111111111111111,-2.11,0.0,1,0,0.0,-2.35,0,0.05555555555555555,0,-1.1,0.1111111111111111,1",-33.42,-7.2,0.8,nan,47.4
GAUGUUGUGGCGGAUCUUG,ACGGCAUCAAGGUGAACUUCAAGAUCCGCCACAACAUCGAGGACGGCAGCGUGCAGC,0.5880191856311868,0,"-0.24,-2.35,-12.44,0,1,-193.44999999999996,0.3684210526315789,0,0.42105263157894735,0,0,0.1111111111111111,-1.1,0.0,0,0,0.0,-2.11,0,0.05555555555555555,0,-2.35,0.1111111111111111,0",-34.32,-5.74,-0.24,nan,52.6
CGAUGUUGUGGCGGAUCUU,CGGCAUCAAGGUGAACUUCAAGAUCCGCCACAACAUCGAGGACGGCAGCGUGCAGCU,0.6348607000714359,0,"-1.43,-2.36,-10.64,0,0,-189.92999999999998,0.3684210526315789,0,0.3684210526315789,0,0,0.1111111111111111,-2.35,0.0,0,1,0.0,-0.93,0,0.05555555555555555,1,-3.26,0.1111111111111111,0",-34.12,-6.75,-1.43,nan,52.6
UCGAUGUUGUGGCGGAUCU,GGCAUCAAGGUGAACUUCAAGAUCCGCCACAACAUCGAGGACGGCAGCGUGCAGCUC,0.8189611184814778,1,"-0.27,-2.35,-12.44,1,0,-191.82999999999996,0.3684210526315789,0,0.3684210526315789,0,0,0.1111111111111111,-2.36,0.0,0,0,0.0,-2.08,0,0.05555555555555555,0,-2.36,0.05555555555555555,0",-35.09,-6.55,-0.27,nan,52.6
CUCGAUGUUGUGGCGGAUC,GCAUCAAGGUGAACUUCAAGAUCCGCCACAACAUCGAGGACGGCAGCGUGCAGCUCG,0.5910807225227065,0,"0.27,-2.08,-10.48,0,0,-199.26999999999998,0.3157894736842105,0,0.3684210526315789,0,0,0.1111111111111111,-2.35,0.0,1,1,0.0,-2.35,0,0.05555555555555555,0,-3.42,0.05555555555555555,0",-35.99,-7.52,0.27,nan,57.9
CCUCGAUGUUGUGGCGGAU,CAUCAAGGUGAACUUCAAGAUCCGCCACAACAUCGAGGACGGCAGCGUGCAGCUCGC,0.3751403204408613,0,"-2.16,-3.26,-13.39,0,0,-196.49999999999994,0.3157894736842105,0,0.3684210526315789,0,0,0.1111111111111111,-2.08,0.0,0,1,0.05555555555555555,-1.1,1,0.05555555555555555,0,-3.26,0.05555555555555555,0",-36.45,-8.26,-2.16,nan,57.9
UCCUCGAUGUUGUGGCGGA,AUCAAGGUGAACUUCAAGAUCCGCCACAACAUCGAGGACGGCAGCGUGCAGCUCGCC,0.7936524135115828,1,"0.0,-2.35,-12.44,1,0,-195.83999999999997,0.3157894736842105,0,0.3684210526315789,0,0,0.1111111111111111,-3.26,0.0,0,0,0.05555555555555555,-2.35,0,0.05555555555555555,0,-2.11,0.05555555555555555,1",-37.25,-8.96,0.0,nan,57.9
GUCCUCGAUGUUGUGGCGG,UCAAGGUGAACUUCAAGAUCCGCCACAACAUCGAGGACGGCAGCGUGCAGCUCGCCG,0.2981936932340034,0,"0.57,-2.24,-11.4,0,1,-202.23999999999995,0.3157894736842105,0,0.42105263157894735,0,0,0.1111111111111111,-2.35,0.0,1,0,0.05555555555555555,-3.26,0,0.05555555555555555,0,-2.24,0.05555555555555555,0",-38.04,-9.76,0.57,nan,63.2
CGUCCUCGAUGUUGUGGCG,CAAGGUGAACUUCAAGAUCCGCCACAACAUCGAGGACGGCAGCGUGCAGCUCGCCGA,0.3715685274007552,0,"0.0,-2.36,-10.64,0,0,-199.48999999999995,0.3157894736842105,0,0.3684210526315789,0,0,0.05555555555555555,-2.24,0.0,0,1,0.05555555555555555,-2.36,0,0.05555555555555555,1,-2.11,0.05555555555555555,0",-37.14,-10.55,0.0,nan,63.2
CCGUCCUCGAUGUUGUGGC,AAGGUGAACUUCAAGAUCCGCCACAACAUCGAGGACGGCAGCGUGCAGCUCGCCGAC,0.7494642310439841,1,"0.16,-3.26,-13.39,0,0,-202.23999999999995,0.3157894736842105,0,0.3157894736842105,0,0,0.05555555555555555,-2.36,0.0,0,1,0.1111111111111111,-3.42,1,0.05555555555555555,0,-0.93,0.05555555555555555,0",-38.04,-10.55,0.16,nan,63.2
GCCGUCCUCGAUGUUGUGG,AGGUGAACUUCAAGAUCCGCCACAACAUCGAGGACGGCAGCGUGCAGCUCGCCGACC,0.5148484539238698,0,"-0.16,-3.42,-14.88,0,1,-202.24,0.3157894736842105,0,0.3684210526315789,0,1,0.05555555555555555,-3.26,0.0,0,0,0.1111111111111111,-3.26,0,0.05555555555555555,0,-2.24,0.05555555555555555,0",-38.04,-11.01,-0.16,nan,63.2
UGCCGUCCUCGAUGUUGUG,GGUGAACUUCAAGAUCCGCCACAACAUCGAGGACGGCAGCGUGCAGCUCGCCGACCA,0.4343300336769058,0,"0.9,-2.11,-10.44,1,0,-195.57,0.3684210526315789,0,0.3157894736842105,0,0,0.0,-3.42,0.0,0,0,0.1111111111111111,-2.11,0,0.05555555555555555,0,-2.11,0.05555555555555555,0",-36.44,-12.8,0.9,nan,57.9
CUGCCGUCCUCGAUGUUGU,GUGAACUUCAAGAUCCGCCACAACAUCGAGGACGGCAGCGUGCAGCUCGCCGACCAC,0.5078069190733748,0,"-0.74,-2.08,-10.48,0,0,-195.61,0.3684210526315789,0,0.2631578947368421,0,0,0.0,-2.11,0.0,1,1,0.1111111111111111,-2.24,0,0.05555555555555555,0,-1.1,0.05555555555555555,0",-36.41,-11.2,-0.74,nan,57.9
GCUGCCGUCCUCGAUGUUG,UGAACUUCAAGAUCCGCCACAACAUCGAGGACGGCAGCGUGCAGCUCGCCGACCACU,0.4191244004490254,0,"-0.86,-3.42,-14.88,0,1,-202.80999999999997,0.3157894736842105,0,0.3157894736842105,0,1,0.0,-2.08,0.0,0,0,0.1111111111111111,-2.11,0,0.1111111111111111,0,-2.35,0.05555555555555555,0",-38.04,-10.93,-0.86,nan,63.2
CGCUGCCGUCCUCGAUGUU,GAACUUCAAGAUCCGCCACAACAUCGAGGACGGCAGCGUGCAGCUCGCCGACCACUA,0.225227063986121,0,"-1.43,-2.36,-10.64,0,0,-199.29,0.3157894736842105,0,0.2631578947368421,0,0,0.0,-3.42,0.0,0,1,0.1111111111111111,-0.93,0,0.1111111111111111,1,-2.36,0.05555555555555555,0",-37.84,-12.56,-1.43,nan,63.2
ACGCUGCCGUCCUCGAUGU,AACUUCAAGAUCCGCCACAACAUCGAGGACGGCAGCGUGCAGCUCGCCGACCACUAC,0.4763751403204408,0,"0.0,-2.24,-11.4,0,0,-200.15,0.2631578947368421,0,0.2631578947368421,0,0,0.0,-2.36,0.0,0,0,0.1111111111111111,-2.24,0,0.1111111111111111,0,-2.35,0.0,0",-38.7,-12.56,0.0,nan,63.2
CACGCUGCCGUCCUCGAUG,ACUUCAAGAUCCGCCACAACAUCGAGGACGGCAGCGUGCAGCUCGCCGACCACUACC,0.5669966323094194,0,"0.0,-2.11,-10.44,0,0,-206.63,0.21052631578947367,0,0.2631578947368421,0,0,0.0,-2.24,0.0,0,1,0.1111111111111111,-2.11,0,0.1111111111111111,0,-2.08,0.0,0",-39.47,-11.09,0.0,nan,68.4
GCACGCUGCCGUCCUCGAU,CUUCAAGAUCCGCCACAACAUCGAGGACGGCAGCGUGCAGCUCGCCGACCACUACCA,0.3051331768547811,0,"-2.32,-3.42,-14.88,0,1,-207.35000000000002,0.21052631578947367,0,0.2631578947368421,0,1,0.0,-2.11,0.0,0,0,0.1111111111111111,-1.1,0,0.16666666666666666,0,-3.26,0.0,0",-40.33,-10.23,-2.32,nan,68.4
UGCACGCUGCCGUCCUCGA,UUCAAGAUCCGCCACAACAUCGAGGACGGCAGCGUGCAGCUCGCCGACCACUACCAG,0.3821818552913563,0,"0.24,-2.11,-10.44,1,0,-204.69,0.21052631578947367,0,0.2631578947368421,0,0,0.0,-3.42,0.0,0,0,0.1111111111111111,-2.35,0,0.16666666666666666,0,-2.35,0.0,1",-40.89,-11.09,0.24,nan,68.4
CUGCACGCUGCCGUCCUCG,UCAAGAUCCGCCACAACAUCGAGGACGGCAGCGUGCAGCUCGCCGACCACUACCAGC,0.281049086641494,0,"-0.17,-2.08,-10.48,0,0,-210.17000000000002,0.21052631578947367,0,0.2631578947368421,0,0,0.0,-2.11,0.0,1,1,0.1111111111111111,-2.36,0,0.16666666666666666,0,-2.24,0.0,0",-41.52,-11.12,-0.17,nan,73.7
GCUGCACGCUGCCGUCCUC,CAAGAUCCGCCACAACAUCGAGGACGGCAGCGUGCAGCUCGCCGACCACUACCAGCA,0.2052250229615267,0,"-0.62,-3.42,-14.88,0,1,-214.41,0.21052631578947367,0,0.2631578947368421,0,1,0.0,-2.08,0.0,0,0,0.1111111111111111,-2.35,0,0.2222222222222222,0,-2.36,0.0,0",-42.58,-10.23,-0.62,nan,73.7
AGCUGCACGCUGCCGUCCU,AAGAUCCGCCACAACAUCGAGGACGGCAGCGUGCAGCUCGCCGACCACUACCAGCAG,0.2676803755485253,0,"0.0,-2.08,-10.48,0,0,-205.01000000000002,0.21052631578947367,0,0.2631578947368421,0,0,0.0,-3.42,0.0,0,0,0.1111111111111111,-2.08,0,0.2222222222222222,0,-3.26,0.0,0",-41.41,-11.29,0.0,nan,68.4
GAGCUGCACGCUGCCGUCC,AGAUCCGCCACAACAUCGAGGACGGCAGCGUGCAGCUCGCCGACCACUACCAGCAGA,0.4078987651801204,0,"0.46,-2.35,-12.44,0,1,-214.41000000000003,0.15789473684210525,0,0.3157894736842105,0,0,0.0,-2.08,0.0,0,0,0.1111111111111111,-3.26,0,0.2222222222222222,0,-3.42,0.0,0",-42.58,-10.23,0.46,nan,73.7
CGAGCUGCACGCUGCCGUC,GAUCCGCCACAACAUCGAGGACGGCAGCGUGCAGCUCGCCGACCACUACCAGCAGAA,0.3109500969486682,0,"0.44,-2.36,-10.64,0,0,-211.66,0.15789473684210525,0,0.3157894736842105,0,0,0.0,-2.35,0.0,0,1,0.05555555555555555,-2.35,0,0.2222222222222222,1,-2.11,0.0,0",-41.68,-11.37,0.44,nan,73.7
GCGAGCUGCACGCUGCCGU,AUCCGCCACAACAUCGAGGACGGCAGCGUGCAGCUCGCCGACCACUACCAGCAGAAC,0.321767527298704,0,"-1.63,-3.42,-14.88,0,1,-210.37999999999997,0.15789473684210525,0,0.3684210526315789,0,1,0.0,-2.36,0.0,0,0,0.05555555555555555,-2.24,0,0.2777777777777778,0,-2.08,0.0,0",-42.3,-10.31,-1.63,nan,73.7
GGCGAGCUGCACGCUGCCG,UCCGCCACAACAUCGAGGACGGCAGCGUGCAGCUCGCCGACCACUACCAGCAGAACA,0.2844167772221656,0,"-0.9,-3.26,-13.39,0,1,-216.08999999999997,0.10526315789473684,0,0.42105263157894735,1,0,0.05555555555555555,-3.42,0.0,0,0,0.05555555555555555,-2.36,0,0.2777777777777778,0,-3.42,0.0,0",-43.77,-11.17,-0.9,nan,78.9
CGGCGAGCUGCACGCUGCC,CCGCCACAACAUCGAGGACGGCAGCGUGCAGCUCGCCGACCACUACCAGCAGAACAC,0.1591999183590162,0,"0.9,-2.36,-10.64,0,0,-216.08999999999997,0.10526315789473684,0,0.3684210526315789,0,0,0.05555555555555555,-3.26,0.0,0,1,0.05555555555555555,-3.26,0,0.2777777777777778,1,-2.36,0.0,0",-43.77,-12.8,0.9,nan,78.9
UCGGCGAGCUGCACGCUGC,CGCCACAACAUCGAGGACGGCAGCGUGCAGCUCGCCGACCACUACCAGCAGAACACC,0.4669864271864476,0,"1.52,-2.35,-12.44,1,0,-211.42,0.15789473684210525,0,0.3684210526315789,0,0,0.05555555555555555,-2.36,0.0,0,0,0.0,-3.42,0,0.2777777777777778,0,-2.24,0.0,0",-42.41,-11.74,1.52,nan,73.7
GUCGGCGAGCUGCACGCUG,GCCACAACAUCGAGGACGGCAGCGUGCAGCUCGCCGACCACUACCAGCAGAACACCC,0.3114603530972548,0,"-0.13,-2.24,-11.4,0,1,-211.66,0.15789473684210525,0,0.42105263157894735,0,0,0.05555555555555555,-2.35,0.0,1,0,0.0,-2.11,0,0.2222222222222222,0,-2.11,0.0,0",-41.68,-11.11,-0.13,nan,73.7
GGUCGGCGAGCUGCACGCU,CCACAACAUCGAGGACGGCAGCGUGCAGCUCGCCGACCACUACCAGCAGAACACCCC,0.3699357077252781,0,"-1.63,-3.26,-13.39,0,1,-210.89000000000001,0.15789473684210525,0,0.42105263157894735,1,0,0.1111111111111111,-2.24,0.0,0,0,0.0,-2.08,0,0.2222222222222222,0,-3.42,0.0,0",-42.38,-11.9,-1.63,nan,73.7
UGGUCGGCGAGCUGCACGC,CACAACAUCGAGGACGGCAGCGUGCAGCUCGCCGACCACUACCAGCAGAACACCCCC,0.6342483926931319,0,"1.76,-2.11,-10.44,1,0,-210.84999999999997,0.15789473684210525,0,0.42105263157894735,0,0,0.1111111111111111,-3.26,0.0,0,0,0.0,-3.42,0,0.2222222222222222,0,-2.11,0.0,0",-42.41,-12.8,1.76,nan,73.7
GUGGUCGGCGAGCUGCACG,ACAACAUCGAGGACGGCAGCGUGCAGCUCGCCGACCACUACCAGCAGAACACCCCCA,0.5557709970405144,0,"-0.33,-2.24,-11.4,0,1,-211.08999999999997,0.15789473684210525,0,0.47368421052631576,0,0,0.1111111111111111,-2.11,0.0,1,0,0.0,-2.36,0,0.16666666666666666,0,-2.08,0.0,0",-41.68,-11.04,-0.33,nan,73.7
AGUGGUCGGCGAGCUGCAC,CAACAUCGAGGACGGCAGCGUGCAGCUCGCCGACCACUACCAGCAGAACACCCCCAU,0.5808755995509747,0,"1.06,-2.08,-10.48,0,0,-207.20999999999998,0.15789473684210525,0,0.42105263157894735,0,0,0.1111111111111111,-2.24,0.0,0,0,0.0,-2.24,0,0.16666666666666666,0,-3.42,0.0,0",-40.95,-10.47,1.06,nan,68.4
UAGUGGUCGGCGAGCUGCA,AACAUCGAGGACGGCAGCGUGCAGCUCGCCGACCACUACCAGCAGAACACCCCCAUC,0.5756709868353914,0,"0.33,-1.33,-7.69,1,0,-199.77999999999997,0.21052631578947367,0,0.42105263157894735,0,0,0.1111111111111111,-2.08,0.05555555555555555,0,0,0.0,-2.11,0,0.16666666666666666,0,-2.08,0.0,1",-39.59,-9.74,0.33,nan,63.2
GUAGUGGUCGGCGAGCUGC,ACAUCGAGGACGGCAGCGUGCAGCUCGCCGACCACUACCAGCAGAACACCCCCAUCG,0.5227063986121033,0,"0.73,-2.24,-11.4,0,1,-208.17999999999995,0.21052631578947367,0,0.47368421052631576,0,0,0.1111111111111111,-1.33,0.05555555555555555,1,0,0.0,-3.42,0,0.16666666666666666,0,-2.35,0.0,0",-40.62,-8.27,0.73,nan,68.4
GGUAGUGGUCGGCGAGCUG,CAUCGAGGACGGCAGCGUGCAGCUCGCCGACCACUACCAGCAGAACACCCCCAUCGG,0.5095417899785692,0,"-0.7,-3.26,-13.39,0,1,-206.69,0.21052631578947367,0,0.5263157894736842,1,0,0.16666666666666666,-2.24,0.05555555555555555,0,0,0.0,-2.11,0,0.1111111111111111,0,-2.36,0.0,0",-40.46,-9.17,-0.7,nan,68.4
UGGUAGUGGUCGGCGAGCU,AUCGAGGACGGCAGCGUGCAGCUCGCCGACCACUACCAGCAGAACACCCCCAUCGGC,0.6596591488927442,0,"-0.03,-2.11,-10.44,1,0,-199.25,0.2631578947368421,0,0.47368421052631576,0,0,0.16666666666666666,-3.26,0.05555555555555555,0,0,0.0,-2.08,0,0.1111111111111111,0,-3.42,0.0,0",-39.56,-9.17,-0.03,nan,63.2
CUGGUAGUGGUCGGCGAGC,UCGAGGACGGCAGCGUGCAGCUCGCCGACCACUACCAGCAGAACACCCCCAUCGGCG,0.3508521277681397,0,"0.89,-2.08,-10.48,0,0,-206.68999999999997,0.21052631578947367,0,0.47368421052631576,0,0,0.16666666666666666,-2.11,0.05555555555555555,1,1,0.0,-3.42,0,0.1111111111111111,0,-3.26,0.0,0",-40.46,-8.27,0.89,nan,68.4
GCUGGUAGUGGUCGGCGAG,CGAGGACGGCAGCGUGCAGCUCGCCGACCACUACCAGCAGAACACCCCCAUCGGCGA,0.3297275232166548,0,"-0.89,-3.42,-14.88,0,1,-206.68999999999997,0.21052631578947367,0,0.5263157894736842,0,1,0.16666666666666666,-2.08,0.05555555555555555,0,0,0.0,-2.08,0,0.1111111111111111,0,-2.36,0.0,0",-40.46,-9.01,-0.89,nan,68.4
UGCUGGUAGUGGUCGGCGA,GAGGACGGCAGCGUGCAGCUCGCCGACCACUACCAGCAGAACACCCCCAUCGGCGAC,0.7564037146647619,1,"0.24,-2.11,-10.44,1,0,-199.20999999999998,0.2631578947368421,0,0.47368421052631576,0,0,0.16666666666666666,-3.42,0.05555555555555555,0,0,0.0,-2.35,0,0.1111111111111111,0,-2.35,0.0,1",-39.59,-9.9,0.24,nan,63.2
CUGCUGGUAGUGGUCGGCG,AGGACGGCAGCGUGCAGCUCGCCGACCACUACCAGCAGAACACCCCCAUCGGCGACG,0.3944280028574344,0,"-0.17,-2.08,-10.48,0,0,-204.69,0.2631578947368421,0,0.47368421052631576,0,0,0.16666666666666666,-2.11,0.05555555555555555,1,1,0.0,-2.36,0,0.1111111111111111,0,-2.24,0.0,0",-40.22,-10.23,-0.17,nan,68.4
UCUGCUGGUAGUGGUCGGC,GGACGGCAGCGUGCAGCUCGCCGACCACUACCAGCAGAACACCCCCAUCGGCGACGG,0.5989386672109399,0,"1.52,-2.35,-12.44,1,0,-202.76999999999998,0.3157894736842105,0,0.42105263157894735,0,0,0.16666666666666666,-2.08,0.05555555555555555,0,0,0.0,-3.42,0,0.1111111111111111,0,-3.26,0.0,0",-39.76,-10.97,1.52,nan,63.2
UUCUGCUGGUAGUGGUCGG,GACGGCAGCGUGCAGCUCGCCGACCACUACCAGCAGAACACCCCCAUCGGCGACGGC,0.7981426676191448,1,"2.33,-0.93,-6.82,1,0,-194.71000000000004,0.3684210526315789,1,0.42105263157894735,0,0,0.16666666666666666,-2.35,0.05555555555555555,1,0,0.0,-3.26,0,0.05555555555555555,0,-2.11,0.05555555555555555,0",-37.27,-9.61,2.33,nan,57.9
GUUCUGCUGGUAGUGGUCG,ACGGCAGCGUGCAGCUCGCCGACCACUACCAGCAGAACACCCCCAUCGGCGACGGCC,0.5862843147259925,0,"-0.33,-2.24,-11.4,0,1,-196.44,0.3684210526315789,0,0.42105263157894735,0,0,0.1111111111111111,-0.93,0.05555555555555555,1,0,0.0,-2.36,0,0.05555555555555555,0,-2.24,0.05555555555555555,0",-36.7,-7.98,-0.33,nan,57.9
UGUUCUGCUGGUAGUGGUC,CGGCAGCGUGCAGCUCGCCGACCACUACCAGCAGAACACCCCCAUCGGCGACGGCCC,0.7941626696601694,1,"1.14,-2.11,-10.44,1,0,-192.52,0.42105263157894735,0,0.3684210526315789,0,0,0.1111111111111111,-2.24,0.05555555555555555,0,0,0.0,-2.35,0,0.05555555555555555,0,-2.08,0.05555555555555555,0",-36.0,-9.04,1.14,nan,52.6
GUGUUCUGCUGGUAGUGGU,GGCAGCGUGCAGCUCGCCGACCACUACCAGCAGAACACCCCCAUCGGCGACGGCCCC,0.8083477905908766,1,"-0.9,-2.24,-11.4,0,1,-191.48,0.42105263157894735,0,0.42105263157894735,0,0,0.1111111111111111,-2.11,0.05555555555555555,1,0,0.0,-2.24,0,0.05555555555555555,0,-1.33,0.05555555555555555,0",-35.89,-7.28,-0.9,nan,52.6
GGUGUUCUGCUGGUAGUGG,GCAGCGUGCAGCUCGCCGACCACUACCAGCAGAACACCCCCAUCGGCGACGGCCCCG,0.5368915195428106,0,"0.0,-3.26,-13.39,0,1,-197.19,0.3684210526315789,0,0.47368421052631576,1,0,0.16666666666666666,-2.24,0.05555555555555555,0,0,0.0,-3.26,0,0.05555555555555555,0,-2.24,0.05555555555555555,0",-37.36,-7.41,0.0,nan,57.9
GGGUGUUCUGCUGGUAGUG,CAGCGUGCAGCUCGCCGACCACUACCAGCAGAACACCCCCAUCGGCGACGGCCCCGU,0.4763751403204408,0,"-0.7,-3.26,-13.39,0,1,-197.19000000000003,0.3684210526315789,0,0.47368421052631576,1,0,0.16666666666666666,-3.26,0.05555555555555555,0,0,0.0,-2.11,0,0.05555555555555555,0,-3.26,0.05555555555555555,0",-37.36,-9.04,-0.7,nan,57.9
GGGGUGUUCUGCUGGUAGU,AGCGUGCAGCUCGCCGACCACUACCAGCAGAACACCCCCAUCGGCGACGGCCCCGUG,0.383712623737116,0,"-1.47,-3.26,-13.39,0,1,-196.42,0.3684210526315789,0,0.47368421052631576,1,0,0.2222222222222222,-3.26,0.05555555555555555,0,0,0.0,-2.24,0,0.05555555555555555,0,-2.11,0.05555555555555555,0",-38.06,-9.5,-1.47,nan,57.9
GGGGGUGUUCUGCUGGUAG,GCGUGCAGCUCGCCGACCACUACCAGCAGAACACCCCCAUCGGCGACGGCCCCGUGC,0.5415858761098071,0,"-0.73,-3.26,-13.39,0,1,-202.13,0.3157894736842105,0,0.5263157894736842,1,0,0.2777777777777778,-3.26,0.05555555555555555,0,0,0.0,-2.08,0,0.05555555555555555,0,-2.08,0.05555555555555555,0",-39.53,-11.83,-0.73,nan,63.2
UGGGGGUGUUCUGCUGGUA,CGUGCAGCUCGCCGACCACUACCAGCAGAACACCCCCAUCGGCGACGGCCCCGUGCU,0.6590468415144403,0,"-0.33,-2.11,-10.44,1,0,-194.65,0.3684210526315789,0,0.47368421052631576,0,0,0.2777777777777778,-3.26,0.05555555555555555,0,0,0.0,-1.33,0,0.05555555555555555,0,-3.42,0.05555555555555555,1",-38.66,-13.3,-0.33,nan,57.9
AUGGGGGUGUUCUGCUGGU,GUGCAGCUCGCCGACCACUACCAGCAGAACACCCCCAUCGGCGACGGCCCCGUGCUG,0.5707725278089602,0,"0.69,-1.1,-9.38,0,0,-196.34,0.3684210526315789,0,0.47368421052631576,0,0,0.2777777777777778,-2.11,0.0,1,0,0.0,-2.24,0,0.05555555555555555,0,-2.11,0.05555555555555555,0",-38.43,-12.4,0.69,nan,57.9
GAUGGGGGUGUUCUGCUGG,UGCAGCUCGCCGACCACUACCAGCAGAACACCCCCAUCGGCGACGGCCCCGUGCUGC,0.385957750790897,0,"0.46,-2.35,-12.44,0,1,-204.82,0.3157894736842105,0,0.5263157894736842,0,0,0.2777777777777778,-1.1,0.0,0,0,0.0,-3.26,0,0.05555555555555555,0,-2.08,0.05555555555555555,0",-39.44,-11.71,0.46,nan,63.2
CGAUGGGGGUGUUCUGCUG,GCAGCUCGCCGACCACUACCAGCAGAACACCCCCAUCGGCGACGGCCCCGUGCUGCU,0.3111541994081028,0,"0.2,-2.36,-10.64,0,0,-202.06999999999996,0.3157894736842105,0,0.47368421052631576,0,0,0.2222222222222222,-2.35,0.0,0,1,0.0,-2.11,0,0.05555555555555555,1,-2.35,0.05555555555555555,0",-38.54,-11.25,0.2,nan,63.2
CCGAUGGGGGUGUUCUGCU,CAGCUCGCCGACCACUACCAGCAGAACACCCCCAUCGGCGACGGCCCCGUGCUGCUG,0.2939075415858761,0,"-1.63,-3.26,-13.39,0,0,-201.29999999999998,0.3157894736842105,0,0.42105263157894735,0,0,0.2222222222222222,-2.36,0.0,0,1,0.05555555555555555,-2.08,1,0.05555555555555555,0,-0.93,0.05555555555555555,0",-39.24,-10.35,-1.63,nan,63.2
GCCGAUGGGGGUGUUCUGC,AGCUCGCCGACCACUACCAGCAGAACACCCCCAUCGGCGACGGCCCCGUGCUGCUGC,0.3002347178283499,0,"0.0,-3.42,-14.88,0,1,-209.42,0.2631578947368421,0,0.47368421052631576,0,1,0.2222222222222222,-3.26,0.0,0,0,0.05555555555555555,-3.42,0,0.1111111111111111,0,-2.24,0.05555555555555555,0",-41.03,-10.35,0.0,nan,68.4
CGCCGAUGGGGGUGUUCUG,GCUCGCCGACCACUACCAGCAGAACACCCCCAUCGGCGACGGCCCCGUGCUGCUGCC,0.5418920297989591,0,"0.2,-2.36,-10.64,0,0,-205.17999999999998,0.2631578947368421,0,0.47368421052631576,0,0,0.2222222222222222,-3.42,0.0,0,1,0.05555555555555555,-2.11,0,0.05555555555555555,1,-2.11,0.05555555555555555,0",-39.97,-10.51,0.2,nan,68.4
UCGCCGAUGGGGGUGUUCU,CUCGCCGACCACUACCAGCAGAACACCCCCAUCGGCGACGGCCCCGUGCUGCUGCCC,0.5779161138891724,0,"-0.27,-2.35,-12.44,1,0,-199.73999999999998,0.3157894736842105,0,0.42105263157894735,0,0,0.2222222222222222,-2.36,0.0,0,0,0.05555555555555555,-2.08,0,0.05555555555555555,0,-2.24,0.05555555555555555,0",-39.31,-10.31,-0.27,nan,63.2
GUCGCCGAUGGGGGUGUUC,UCGCCGACCACUACCAGCAGAACACCCCCAUCGGCGACGGCCCCGUGCUGCUGCCCG,0.3451372589039698,0,"0.11,-2.24,-11.4,0,1,-208.09999999999997,0.2631578947368421,0,0.47368421052631576,0,0,0.2222222222222222,-2.35,0.0,1,0,0.05555555555555555,-2.35,0,0.05555555555555555,0,-3.26,0.05555555555555555,0",-40.37,-11.11,0.11,nan,68.4
CGUCGCCGAUGGGGGUGUU,CGCCGACCACUACCAGCAGAACACCCCCAUCGGCGACGGCCCCGUGCUGCUGCCCGA,0.189305031125625,0,"-1.43,-2.36,-10.64,0,0,-202.57999999999998,0.2631578947368421,0,0.47368421052631576,0,0,0.2222222222222222,-2.24,0.0,0,1,0.05555555555555555,-0.93,0,0.05555555555555555,1,-3.26,0.05555555555555555,0",-39.93,-11.9,-1.43,nan,68.4
CCGUCGCCGAUGGGGGUGU,GCCGACCACUACCAGCAGAACACCCCCAUCGGCGACGGCCCCGUGCUGCUGCCCGAC,0.2123686090417389,0,"-1.47,-3.26,-13.39,0,0,-209.14999999999998,0.21052631578947367,0,0.47368421052631576,0,0,0.2222222222222222,-2.36,0.0,0,1,0.1111111111111111,-2.24,1,0.05555555555555555,0,-3.26,0.0,0",-42.26,-11.9,-1.47,nan,73.7
GCCGUCGCCGAUGGGGGUG,CCGACCACUACCAGCAGAACACCCCCAUCGGCGACGGCCCCGUGCUGCUGCCCGACA,0.1976732319624451,0,"-0.86,-3.42,-14.88,0,1,-216.34999999999994,0.15789473684210525,0,0.5263157894736842,0,1,0.2222222222222222,-3.26,0.0,0,0,0.1111111111111111,-2.11,0,0.1111111111111111,0,-3.26,0.0,0",-43.89,-11.9,-0.86,nan,78.9
GGCCGUCGCCGAUGGGGGU,CGACCACUACCAGCAGAACACCCCCAUCGGCGACGGCCCCGUGCUGCUGCCCGACAA,0.3700377589549954,0,"-1.47,-3.26,-13.39,0,1,-215.57999999999996,0.15789473684210525,0,0.5263157894736842,1,0,0.2777777777777778,-3.42,0.0,0,0,0.1111111111111111,-2.24,0,0.1111111111111111,0,-2.11,0.0,0",-44.59,-11.9,-1.47,nan,78.9
GGGCCGUCGCCGAUGGGGG,GACCACUACCAGCAGAACACCCCCAUCGGCGACGGCCCCGUGCUGCUGCCCGACAAC,0.1781814470864374,0,"0.0,-3.26,-13.39,0,1,-221.28999999999996,0.10526315789473684,0,0.5789473684210527,1,0,0.3333333333333333,-3.26,0.0,0,0,0.1111111111111111,-3.26,0,0.1111111111111111,0,-1.1,0.0,0",-46.06,-12.8,0.0,nan,84.2
GGGGCCGUCGCCGAUGGGG,ACCACUACCAGCAGAACACCCCCAUCGGCGACGGCCCCGUGCUGCUGCCCGACAACC,0.1308296764976018,0,"0.0,-3.26,-13.39,0,1,-221.28999999999996,0.10526315789473684,0,0.5789473684210527,1,0,0.3333333333333333,-3.26,0.0,0,0,0.1111111111111111,-3.26,0,0.1111111111111111,0,-2.35,0.0,0",-46.06,-13.26,0.0,nan,84.2
CGGGGCCGUCGCCGAUGGG,CCACUACCAGCAGAACACCCCCAUCGGCGACGGCCCCGUGCUGCUGCCCGACAACCA,0.0385753648331462,0,"0.9,-2.36,-10.64,0,0,-218.53999999999996,0.10526315789473684,0,0.5263157894736842,0,0,0.2777777777777778,-3.26,0.0,0,1,0.1111111111111111,-3.26,0,0.1111111111111111,1,-2.36,0.0,0",-45.16,-14.73,0.9,nan,84.2
ACGGGGCCGUCGCCGAUGG,CACUACCAGCAGAACACCCCCAUCGGCGACGGCCCCGUGCUGCUGCCCGACAACCAC,0.1041943055413817,0,"1.47,-2.24,-11.4,0,0,-212.82999999999998,0.10526315789473684,0,0.47368421052631576,0,0,0.2222222222222222,-2.36,0.0,0,0,0.1111111111111111,-3.26,0,0.1111111111111111,0,-3.26,0.0,0",-43.69,-14.73,1.47,nan,78.9
CACGGGGCCGUCGCCGAUG,ACUACCAGCAGAACACCCCCAUCGGCGACGGCCCCGUGCUGCUGCCCGACAACCACU,0.3406470047964078,0,"0.0,-2.11,-10.44,0,0,-213.59999999999997,0.10526315789473684,0,0.42105263157894735,0,0,0.16666666666666666,-2.24,0.0,0,1,0.1111111111111111,-2.11,0,0.1111111111111111,0,-3.42,0.0,0",-42.99,-13.26,0.0,nan,78.9
GCACGGGGCCGUCGCCGAU,CUACCAGCAGAACACCCCCAUCGGCGACGGCCCCGUGCUGCUGCCCGACAACCACUA,0.3648331462394122,0,"-2.32,-3.42,-14.88,0,1,-214.31999999999994,0.10526315789473684,0,0.42105263157894735,0,1,0.16666666666666666,-2.11,0.0,0,0,0.1111111111111111,-1.1,0,0.16666666666666666,0,-2.36,0.0,0",-43.85,-12.4,-2.32,nan,78.9
AGCACGGGGCCGUCGCCGA,UACCAGCAGAACACCCCCAUCGGCGACGGCCCCGUGCUGCUGCCCGACAACCACUAC,0.290641902234922,0,"0.27,-2.08,-10.48,0,0,-211.69999999999993,0.05263157894736842,0,0.42105263157894735,0,0,0.16666666666666666,-3.42,0.0,0,0,0.1111111111111111,-2.35,0,0.16666666666666666,0,-2.35,0.0,1",-44.38,-12.56,0.27,nan,78.9
CAGCACGGGGCCGUCGCCG,ACCAGCAGAACACCCCCAUCGGCGACGGCCCCGUGCUGCUGCCCGACAACCACUACC,0.3580977650780692,0,"-0.2,-2.11,-10.44,0,0,-217.14,0.05263157894736842,0,0.42105263157894735,0,0,0.16666666666666666,-2.08,0.0,0,1,0.1111111111111111,-2.36,0,0.16666666666666666,0,-2.24,0.0,0",-45.04,-10.93,-0.2,nan,84.2
GCAGCACGGGGCCGUCGCC,CCAGCAGAACACCCCCAUCGGCGACGGCCCCGUGCUGCUGCCCGACAACCACUACCU,0.1925706704765792,0,"-0.16,-3.42,-14.88,0,1,-221.38,0.05263157894736842,0,0.42105263157894735,0,1,0.16666666666666666,-2.11,0.0,0,0,0.1111111111111111,-3.26,0,0.2222222222222222,0,-2.36,0.0,0",-46.1,-10.23,-0.16,nan,84.2
AGCAGCACGGGGCCGUCGC,CAGCAGAACACCCCCAUCGGCGACGGCCCCGUGCUGCUGCCCGACAACCACUACCUG,0.4290233697316052,0,"1.79,-2.08,-10.48,0,0,-214.75,0.05263157894736842,0,0.42105263157894735,0,0,0.16666666666666666,-3.42,0.0,0,0,0.05555555555555555,-3.42,0,0.2222222222222222,0,-3.26,0.0,0",-44.47,-11.29,1.79,nan,78.9
CAGCAGCACGGGGCCGUCG,AGCAGAACACCCCCAUCGGCGACGGCCCCGUGCUGCUGCCCGACAACCACUACCUGA,0.4126951729768344,0,"-0.2,-2.11,-10.44,0,0,-214.02999999999997,0.05263157894736842,0,0.42105263157894735,0,0,0.16666666666666666,-2.08,0.0,0,1,0.05555555555555555,-2.36,0,0.16666666666666666,0,-3.42,0.0,0",-43.61,-10.23,-0.2,nan,78.9
GCAGCAGCACGGGGCCGUC,GCAGAACACCCCCAUCGGCGACGGCCCCGUGCUGCUGCCCGACAACCACUACCUGAG,0.2699255026023063,0,"-0.62,-3.42,-14.88,0,1,-218.26999999999995,0.05263157894736842,0,0.42105263157894735,0,1,0.16666666666666666,-2.11,0.0,0,0,0.05555555555555555,-2.35,0,0.2222222222222222,0,-3.26,0.0,0",-44.67,-11.13,-0.62,nan,78.9
GGCAGCAGCACGGGGCCGU,CAGAACACCCCCAUCGGCGACGGCCCCGUGCUGCUGCCCGACAACCACUACCUGAGC,0.2001224614756608,0,"-1.47,-3.26,-13.39,0,1,-215.49999999999997,0.05263157894736842,0,0.47368421052631576,1,0,0.2222222222222222,-3.42,0.0,0,0,0.05555555555555555,-2.24,0,0.2222222222222222,0,-3.26,0.0,0",-45.13,-11.13,-1.47,nan,78.9
GGGCAGCAGCACGGGGCCG,AGAACACCCCCAUCGGCGACGGCCCCGUGCUGCUGCCCGACAACCACUACCUGAGCA,0.1432799265231146,0,"-0.9,-3.26,-13.39,0,1,-221.20999999999992,0.0,0,0.5263157894736842,1,0,0.2777777777777778,-3.26,0.0,0,0,0.05555555555555555,-2.36,0,0.2222222222222222,0,-3.26,0.0,0",-46.6,-11.86,-0.9,nan,84.2
CGGGCAGCAGCACGGGGCC,GAACACCCCCAUCGGCGACGGCCCCGUGCUGCUGCCCGACAACCACUACCUGAGCAC,0.2157362996224104,0,"0.9,-2.36,-10.64,0,0,-221.20999999999992,0.0,0,0.47368421052631576,0,0,0.2777777777777778,-3.26,0.0,0,1,0.05555555555555555,-3.26,0,0.2222222222222222,1,-2.36,0.0,0",-46.6,-13.46,0.9,nan,84.2
UCGGGCAGCAGCACGGGGC,AACACCCCCAUCGGCGACGGCCCCGUGCUGCUGCCCGACAACCACUACCUGAGCACC,0.3726910909276457,0,"1.52,-2.35,-12.44,1,0,-216.53999999999996,0.05263157894736842,0,0.47368421052631576,0,0,0.2777777777777778,-2.36,0.0,0,0,0.0,-3.42,0,0.2222222222222222,0,-2.24,0.0,0",-45.24,-12.4,1.52,nan,78.9
GUCGGGCAGCAGCACGGGG,ACACCCCCAUCGGCGACGGCCCCGUGCUGCUGCCCGACAACCACUACCUGAGCACCC,0.4928053883049291,0,"0.57,-2.24,-11.4,0,1,-216.77999999999997,0.05263157894736842,0,0.5263157894736842,0,0,0.2777777777777778,-2.35,0.0,1,0,0.0,-3.26,0,0.16666666666666666,0,-2.11,0.0,0",-44.51,-11.77,0.57,nan,78.9
UGUCGGGCAGCAGCACGGG,CACCCCCAUCGGCGACGGCCCCGUGCUGCUGCCCGACAACCACUACCUGAGCACCCA,0.3934074905602612,0,"1.6,-2.11,-10.44,1,0,-210.10999999999996,0.10526315789473684,0,0.47368421052631576,0,0,0.2222222222222222,-2.24,0.0,0,0,0.0,-3.26,0,0.16666666666666666,0,-3.42,0.0,0",-42.91,-12.8,1.6,nan,73.7
UUGUCGGGCAGCAGCACGG,ACCCCCAUCGGCGACGGCCCCGUGCUGCUGCCCGACAACCACUACCUGAGCACCCAG,0.7875293397285438,1,"2.33,-0.93,-6.82,1,0,-203.53999999999996,0.15789473684210525,1,0.42105263157894735,0,0,0.16666666666666666,-2.11,0.0,1,0,0.0,-3.26,0,0.16666666666666666,0,-2.08,0.05555555555555555,0",-40.58,-11.04,2.33,nan,68.4
GUUGUCGGGCAGCAGCACG,CCCCCAUCGGCGACGGCCCCGUGCUGCUGCCCGACAACCACUACCUGAGCACCCAGU,0.8151852229819371,1,"-0.33,-2.24,-11.4,0,1,-205.26999999999998,0.15789473684210525,0,0.42105263157894735,0,0,0.1111111111111111,-0.93,0.0,1,0,0.0,-2.36,0,0.16666666666666666,0,-2.11,0.05555555555555555,0",-40.01,-8.71,-0.33,nan,68.4
GGUUGUCGGGCAGCAGCAC,CCCCAUCGGCGACGGCCCCGUGCUGCUGCCCGACAACCACUACCUGAGCACCCAGUC,0.6374119808143689,0,"-0.57,-3.26,-13.39,0,1,-208.01999999999995,0.15789473684210525,0,0.42105263157894735,1,0,0.16666666666666666,-2.24,0.0,0,0,0.0,-2.24,0,0.16666666666666666,0,-3.42,0.05555555555555555,0",-40.91,-8.14,-0.57,nan,68.4
UGGUUGUCGGGCAGCAGCA,CCCAUCGGCGACGGCCCCGUGCUGCUGCCCGACAACCACUACCUGAGCACCCAGUCC,0.8861108276354731,1,"0.0,-2.11,-10.44,1,0,-199.61999999999998,0.21052631578947367,0,0.42105263157894735,0,0,0.16666666666666666,-3.26,0.0,0,0,0.0,-2.11,0,0.16666666666666666,0,-2.08,0.05555555555555555,1",-39.88,-9.04,0.0,nan,63.2
GUGGUUGUCGGGCAGCAGC,CCAUCGGCGACGGCCCCGUGCUGCUGCCCGACAACCACUACCUGAGCACCCAGUCCG,0.7436473109500971,1,"0.73,-2.24,-11.4,0,1,-208.01999999999998,0.21052631578947367,0,0.47368421052631576,0,0,0.16666666666666666,-2.11,0.0,1,0,0.0,-3.42,0,0.16666666666666666,0,-2.11,0.05555555555555555,0",-40.91,-7.9,0.73,nan,68.4
AGUGGUUGUCGGGCAGCAG,CAUCGGCGACGGCCCCGUGCUGCUGCCCGACAACCACUACCUGAGCACCCAGUCCGC,0.5531176650678641,0,"0.9,-2.08,-10.48,0,0,-199.89999999999998,0.21052631578947367,0,0.47368421052631576,0,0,0.16666666666666666,-2.24,0.0,0,0,0.0,-2.08,0,0.1111111111111111,0,-3.42,0.05555555555555555,0",-39.12,-8.8,0.9,nan,63.2
UAGUGGUUGUCGGGCAGCA,AUCGGCGACGGCCCCGUGCUGCUGCCCGACAACCACUACCUGAGCACCCAGUCCGCC,0.5788345749566283,0,"0.33,-1.33,-7.69,1,0,-193.39,0.2631578947368421,0,0.42105263157894735,0,0,0.16666666666666666,-2.08,0.05555555555555555,0,0,0.0,-2.11,0,0.1111111111111111,0,-3.26,0.05555555555555555,1",-37.92,-7.87,0.33,nan,57.9
GUAGUGGUUGUCGGGCAGC,UCGGCGACGGCCCCGUGCUGCUGCCCGACAACCACUACCUGAGCACCCAGUCCGCCC,0.5146443514644352,0,"0.73,-2.24,-11.4,0,1,-201.79,0.2631578947368421,0,0.47368421052631576,0,0,0.16666666666666666,-1.33,0.05555555555555555,1,0,0.0,-3.42,0,0.1111111111111111,0,-3.26,0.05555555555555555,0",-38.95,-8.27,0.73,nan,63.2
GGUAGUGGUUGUCGGGCAG,CGGCGACGGCCCCGUGCUGCUGCCCGACAACCACUACCUGAGCACCCAGUCCGCCCU,0.5234207572201245,0,"-0.73,-3.26,-13.39,0,1,-200.29999999999998,0.2631578947368421,0,0.5263157894736842,1,0,0.2222222222222222,-2.24,0.05555555555555555,0,0,0.0,-2.08,0,0.05555555555555555,0,-2.36,0.05555555555555555,0",-38.79,-9.17,-0.73,nan,63.2
AGGUAGUGGUUGUCGGGCA,GGCGACGGCCCCGUGCUGCUGCCCGACAACCACUACCUGAGCACCCAGUCCGCCCUG,0.6227166037350751,0,"0.03,-2.08,-10.48,0,0,-192.85999999999996,0.2631578947368421,0,0.47368421052631576,0,0,0.2222222222222222,-3.26,0.05555555555555555,0,0,0.0,-2.11,0,0.05555555555555555,0,-2.35,0.05555555555555555,1",-37.89,-9.17,0.03,nan,57.9
CAGGUAGUGGUUGUCGGGC,GCGACGGCCCCGUGCUGCUGCCCGACAACCACUACCUGAGCACCCAGUCCGCCCUGA,0.5374017756913971,0,"0.86,-2.11,-10.44,0,0,-200.29999999999995,0.2631578947368421,0,0.47368421052631576,0,0,0.2222222222222222,-2.08,0.05555555555555555,0,1,0.0,-3.42,0,0.05555555555555555,0,-2.24,0.05555555555555555,0",-38.79,-8.24,0.86,nan,63.2
UCAGGUAGUGGUUGUCGGG,CGACGGCCCCGUGCUGCUGCCCGACAACCACUACCUGAGCACCCAGUCCGCCCUGAG,0.8361057250739873,1,"1.36,-2.35,-12.44,1,0,-194.14,0.3157894736842105,0,0.47368421052631576,0,0,0.2222222222222222,-2.11,0.05555555555555555,0,0,0.0,-3.26,0,0.0,0,-2.11,0.05555555555555555,0",-37.27,-9.01,1.36,nan,57.9
CUCAGGUAGUGGUUGUCGG,GACGGCCCCGUGCUGCUGCCCGACAACCACUACCUGAGCACCCAGUCCGCCCUGAGC,0.9223390141851208,1,"0.73,-2.08,-10.48,0,0,-194.95,0.3157894736842105,0,0.42105263157894735,0,0,0.16666666666666666,-2.35,0.05555555555555555,1,1,0.0,-3.26,0,0.0,0,-0.93,0.05555555555555555,0",-36.54,-8.38,0.73,nan,57.9
GCUCAGGUAGUGGUUGUCG,ACGGCCCCGUGCUGCUGCCCGACAACCACUACCUGAGCACCCAGUCCGCCCUGAGCA,0.4711705276048576,0,"-1.06,-3.42,-14.88,0,1,-196.44,0.3157894736842105,0,0.42105263157894735,0,1,0.1111111111111111,-2.08,0.05555555555555555,0,0,0.0,-2.36,0,0.05555555555555555,0,-2.24,0.05555555555555555,0",-36.7,-9.58,-1.06,nan,57.9
UGCUCAGGUAGUGGUUGUC,CGGCCCCGUGCUGCUGCCCGACAACCACUACCUGAGCACCCAGUCCGCCCUGAGCAA,0.5347484437187469,0,"1.14,-2.11,-10.44,1,0,-192.52,0.3684210526315789,0,0.3684210526315789,0,0,0.1111111111111111,-3.42,0.05555555555555555,0,0,0.0,-2.35,0,0.05555555555555555,0,-3.26,0.05555555555555555,0",-36.0,-11.21,1.14,nan,52.6
GUGCUCAGGUAGUGGUUGU,GGCCCCGUGCUGCUGCCCGACAACCACUACCUGAGCACCCAGUCCGCCCUGAGCAAA,0.6416981324624963,0,"-0.9,-2.24,-11.4,0,1,-191.48000000000002,0.3684210526315789,0,0.42105263157894735,0,0,0.1111111111111111,-2.11,0.05555555555555555,1,0,0.0,-2.24,0,0.05555555555555555,0,-2.11,0.05555555555555555,0",-35.89,-9.61,-0.9,nan,52.6
GGUGCUCAGGUAGUGGUUG,GCCCCGUGCUGCUGCCCGACAACCACUACCUGAGCACCCAGUCCGCCCUGAGCAAAG,0.4148382488008981,0,"-0.7,-3.26,-13.39,0,1,-197.19000000000003,0.3157894736842105,0,0.47368421052631576,1,0,0.16666666666666666,-2.24,0.05555555555555555,0,0,0.0,-2.11,0,0.05555555555555555,0,-2.24,0.05555555555555555,0",-37.36,-9.77,-0.7,nan,57.9
GGGUGCUCAGGUAGUGGUU,CCCCGUGCUGCUGCCCGACAACCACUACCUGAGCACCCAGUCCGCCCUGAGCAAAGA,0.8119195836309828,1,"-2.33,-3.26,-13.39,0,1,-196.42,0.3157894736842105,0,0.47368421052631576,1,0,0.2222222222222222,-3.26,0.05555555555555555,0,0,0.0,-0.93,0,0.05555555555555555,0,-2.08,0.05555555555555555,0",-38.06,-11.37,-2.33,nan,57.9
UGGGUGCUCAGGUAGUGGU,CCCGUGCUGCUGCCCGACAACCACUACCUGAGCACCCAGUCCGCCCUGAGCAAAGAC,1.0,1,"0.13,-2.11,-10.44,1,0,-196.32000000000002,0.3157894736842105,0,0.47368421052631576,0,0,0.2222222222222222,-3.26,0.05555555555555555,0,0,0.0,-2.24,0,0.05555555555555555,0,-1.33,0.0,0",-38.79,-11.83,0.13,nan,57.9
CUGGGUGCUCAGGUAGUGG,CCGUGCUGCUGCCCGACAACCACUACCUGAGCACCCAGUCCGCCCUGAGCAAAGACC,0.7739565261761405,1,"0.73,-2.08,-10.48,0,0,-202.84000000000003,0.2631578947368421,0,0.47368421052631576,0,0,0.2222222222222222,-2.11,0.05555555555555555,1,1,0.0,-3.26,0,0.05555555555555555,0,-2.24,0.0,0",-39.53,-11.86,0.73,nan,63.2
ACUGGGUGCUCAGGUAGUG,CGUGCUGCUGCCCGACAACCACUACCUGAGCACCCAGUCCGCCCUGAGCAAAGACCC,0.5238289621389938,0,"0.77,-2.24,-11.4,0,0,-197.12999999999997,0.2631578947368421,0,0.42105263157894735,0,0,0.16666666666666666,-2.08,0.05555555555555555,0,0,0.0,-2.11,0,0.05555555555555555,0,-3.26,0.0,0",-38.06,-10.97,0.77,nan,57.9
GACUGGGUGCUCAGGUAGU,GUGCUGCUGCCCGACAACCACUACCUGAGCACCCAGUCCGCCCUGAGCAAAGACCCC,0.3763649351974691,0,"-1.01,-2.35,-12.44,0,1,-199.13000000000002,0.2631578947368421,0,0.42105263157894735,0,0,0.16666666666666666,-2.24,0.05555555555555555,0,0,0.0,-2.24,0,0.05555555555555555,0,-2.08,0.0,0",-38.3,-10.2,-1.01,nan,57.9
GGACUGGGUGCUCAGGUAG,UGCUGCUGCCCGACAACCACUACCUGAGCACCCAGUCCGCCCUGAGCAAAGACCCCA,0.6845596489437697,0,"-0.73,-3.26,-13.39,0,1,-204.83999999999997,0.21052631578947367,0,0.47368421052631576,1,0,0.2222222222222222,-2.35,0.05555555555555555,0,0,0.0,-2.08,0,0.05555555555555555,0,-2.11,0.0,0",-39.77,-11.21,-0.73,nan,63.2
CGGACUGGGUGCUCAGGUA,GCUGCUGCCCGACAACCACUACCUGAGCACCCAGUCCGCCCUGAGCAAAGACCCCAA,0.6600673538116135,0,"-1.03,-2.36,-10.64,0,0,-201.28,0.21052631578947367,0,0.42105263157894735,0,0,0.2222222222222222,-3.26,0.05555555555555555,0,1,0.0,-1.33,0,0.05555555555555555,1,-2.35,0.0,1",-39.6,-11.21,-1.03,nan,63.2
GCGGACUGGGUGCUCAGGU,CUGCUGCCCGACAACCACUACCUGAGCACCCAGUCCGCCCUGAGCAAAGACCCCAAC,0.7139504031023574,0,"-1.63,-3.42,-14.88,0,1,-208.47,0.21052631578947367,0,0.47368421052631576,0,1,0.2222222222222222,-2.36,0.0,0,0,0.0,-2.24,0,0.1111111111111111,0,-2.08,0.0,0",-41.69,-10.31,-1.63,nan,68.4
GGCGGACUGGGUGCUCAGG,UGCUGCCCGACAACCACUACCUGAGCACCCAGUCCGCCCUGAGCAAAGACCCCAACG,0.4145320951117461,0,"0.0,-3.26,-13.39,0,1,-214.17999999999995,0.15789473684210525,0,0.5263157894736842,1,0,0.2777777777777778,-3.42,0.0,0,0,0.0,-3.26,0,0.1111111111111111,0,-3.42,0.0,0",-43.16,-11.17,0.0,nan,73.7
GGGCGGACUGGGUGCUCAG,GCUGCCCGACAACCACUACCUGAGCACCCAGUCCGCCCUGAGCAAAGACCCCAACGA,0.4281049086641494,0,"-0.73,-3.26,-13.39,0,1,-214.17999999999998,0.15789473684210525,0,0.5263157894736842,1,0,0.2777777777777778,-3.26,0.0,0,0,0.0,-2.08,0,0.1111111111111111,0,-2.11,0.0,0",-43.16,-12.8,-0.73,nan,73.7
AGGGCGGACUGGGUGCUCA,CUGCCCGACAACCACUACCUGAGCACCCAGUCCGCCCUGAGCAAAGACCCCAACGAG,0.5081130727625268,0,"0.03,-2.08,-10.48,0,0,-206.74,0.15789473684210525,0,0.47368421052631576,0,0,0.2777777777777778,-3.26,0.0,0,0,0.0,-2.11,0,0.1111111111111111,0,-2.24,0.0,1",-42.26,-13.37,0.03,nan,68.4
CAGGGCGGACUGGGUGCUC,UGCCCGACAACCACUACCUGAGCACCCAGUCCGCCCUGAGCAAAGACCCCAACGAGA,0.4580059189713236,0,"0.24,-2.11,-10.44,0,0,-214.18,0.15789473684210525,0,0.47368421052631576,0,0,0.2777777777777778,-2.08,0.0,0,1,0.0,-2.35,0,0.1111111111111111,0,-3.26,0.0,0",-43.16,-13.1,0.24,nan,73.7
UCAGGGCGGACUGGGUGCU,GCCCGACAACCACUACCUGAGCACCCAGUCCGCCCUGAGCAAAGACCCCAACGAGAA,0.4409633636085315,0,"-0.27,-2.35,-12.44,1,0,-206.74,0.21052631578947367,0,0.47368421052631576,0,0,0.2777777777777778,-2.11,0.0,0,0,0.0,-2.08,0,0.1111111111111111,0,-3.26,0.0,0",-42.26,-12.4,-0.27,nan,68.4
CUCAGGGCGGACUGGGUGC,CCCGACAACCACUACCUGAGCACCCAGUCCGCCCUGAGCAAAGACCCCAACGAGAAG,0.6614960710276558,0,"0.89,-2.08,-10.48,0,0,-214.17999999999998,0.15789473684210525,0,0.47368421052631576,0,0,0.2777777777777778,-2.35,0.0,1,1,0.0,-3.42,0,0.1111111111111111,0,-2.11,0.0,0",-43.16,-11.94,0.89,nan,73.7
GCUCAGGGCGGACUGGGUG,CCGACAACCACUACCUGAGCACCCAGUCCGCCCUGAGCAAAGACCCCAACGAGAAGC,0.5268904990305133,0,"-0.86,-3.42,-14.88,0,1,-214.17999999999998,0.15789473684210525,0,0.5263157894736842,0,1,0.2777777777777778,-2.08,0.0,0,0,0.0,-2.11,0,0.1111111111111111,0,-2.08,0.0,0",-43.16,-11.05,-0.86,nan,73.7
UGCUCAGGGCGGACUGGGU,CGACAACCACUACCUGAGCACCCAGUCCGCCCUGAGCAAAGACCCCAACGAGAAGCG,0.5291356260842943,0,"0.13,-2.11,-10.44,1,0,-206.73999999999998,0.21052631578947367,0,0.47368421052631576,0,0,0.2777777777777778,-3.42,0.0,0,0,0.0,-2.24,0,0.1111111111111111,0,-2.24,0.0,0",-42.26,-11.21,0.13,nan,68.4
UUGCUCAGGGCGGACUGGG,GACAACCACUACCUGAGCACCCAGUCCGCCCUGAGCAAAGACCCCAACGAGAAGCGC,0.3477905908766199,0,"2.33,-0.93,-6.82,1,0,-205.88,0.21052631578947367,1,0.47368421052631576,0,0,0.2777777777777778,-2.11,0.0,1,0,0.0,-3.26,0,0.1111111111111111,0,-2.35,0.05555555555555555,0",-41.4,-9.61,2.33,nan,68.4
UUUGCUCAGGGCGGACUGG,ACAACCACUACCUGAGCACCCAGUCCGCCCUGAGCAAAGACCCCAACGAGAAGCGCG,0.7528319216246556,1,"2.33,-0.93,-6.82,1,0,-199.31,0.2631578947368421,1,0.42105263157894735,0,0,0.2222222222222222,-0.93,0.0,1,0,0.0,-3.26,0,0.1111111111111111,0,-3.26,0.1111111111111111,0",-39.07,-8.01,2.33,nan,63.2
CUUUGCUCAGGGCGGACUG,CAACCACUACCUGAGCACCCAGUCCGCCCUGAGCAAAGACCCCAACGAGAAGCGCGA,0.7940606184304522,1,"0.03,-2.08,-10.48,0,0,-200.12,0.2631578947368421,0,0.3684210526315789,0,0,0.16666666666666666,-0.93,0.0,1,1,0.0,-2.11,0,0.1111111111111111,0,-2.36,0.1111111111111111,0",-38.34,-7.28,0.03,nan,63.2
UCUUUGCUCAGGGCGGACU,AACCACUACCUGAGCACCCAGUCCGCCCUGAGCAAAGACCCCAACGAGAAGCGCGAU,0.8562098173282989,1,"-0.27,-2.35,-12.44,1,0,-194.68,0.3157894736842105,0,0.3157894736842105,0,0,0.16666666666666666,-2.08,0.0,0,0,0.0,-2.08,0,0.1111111111111111,0,-3.42,0.1111111111111111,0",-37.68,-7.01,-0.27,nan,57.9
GUCUUUGCUCAGGGCGGAC,ACCACUACCUGAGCACCCAGUCCGCCCUGAGCAAAGACCCCAACGAGAAGCGCGAUC,0.8223288090621492,1,"0.0,-2.24,-11.4,0,1,-203.04,0.2631578947368421,0,0.3684210526315789,0,0,0.16666666666666666,-2.35,0.0,1,0,0.0,-2.24,0,0.1111111111111111,0,-3.26,0.1111111111111111,0",-38.74,-7.28,0.0,nan,63.2
GGUCUUUGCUCAGGGCGGA,CCACUACCUGAGCACCCAGUCCGCCCUGAGCAAAGACCCCAACGAGAAGCGCGAUCA,0.5605674048372283,0,"-1.36,-3.26,-13.39,0,1,-201.30999999999995,0.2631578947368421,0,0.42105263157894735,1,0,0.2222222222222222,-2.24,0.0,0,0,0.0,-2.35,0,0.1111111111111111,0,-3.26,0.1111111111111111,1",-39.31,-6.55,-1.36,nan,63.2
GGGUCUUUGCUCAGGGCGG,CACUACCUGAGCACCCAGUCCGCCCUGAGCAAAGACCCCAACGAGAAGCGCGAUCAC,0.4591284824982141,0,"0.0,-3.26,-13.39,0,1,-205.97999999999996,0.2631578947368421,0,0.47368421052631576,1,0,0.2777777777777778,-3.26,0.0,0,0,0.0,-3.26,0,0.1111111111111111,0,-2.08,0.1111111111111111,0",-40.67,-7.25,0.0,nan,68.4
GGGGUCUUUGCUCAGGGCG,ACUACCUGAGCACCCAGUCCGCCCUGAGCAAAGACCCCAACGAGAAGCGCGAUCACA,0.6078171241963466,0,"-0.9,-3.26,-13.39,0,1,-205.97999999999996,0.2631578947368421,0,0.47368421052631576,1,0,0.2777777777777778,-3.26,0.0,0,0,0.0,-2.36,0,0.1111111111111111,0,-2.11,0.1111111111111111,0",-40.67,-9.58,-0.9,nan,68.4
UGGGGUCUUUGCUCAGGGC,CUACCUGAGCACCCAGUCCGCCCUGAGCAAAGACCCCAACGAGAAGCGCGAUCACAU,0.5348504949484642,0,"1.76,-2.11,-10.44,1,0,-202.06,0.3157894736842105,0,0.42105263157894735,0,0,0.2777777777777778,-3.26,0.0,0,0,0.0,-3.42,0,0.1111111111111111,0,-2.35,0.1111111111111111,0",-39.97,-11.91,1.76,nan,63.2
UUGGGGUCUUUGCUCAGGG,UACCUGAGCACCCAGUCCGCCCUGAGCAAAGACCCCAACGAGAAGCGCGAUCACAUG,0.8204918869272376,1,"2.33,-0.93,-6.82,1,0,-193.99999999999994,0.3684210526315789,1,0.42105263157894735,0,0,0.2777777777777778,-2.11,0.0,1,0,0.0,-3.26,0,0.05555555555555555,0,-2.08,0.16666666666666666,0",-37.48,-11.94,2.33,nan,57.9
GUUGGGGUCUUUGCUCAGG,ACCUGAGCACCCAGUCCGCCCUGAGCAAAGACCCCAACGAGAAGCGCGAUCACAUGG,0.5999591795081131,0,"0.57,-2.24,-11.4,0,1,-195.72999999999996,0.3684210526315789,0,0.42105263157894735,0,0,0.2222222222222222,-0.93,0.0,1,0,0.0,-3.26,0,0.05555555555555555,0,-3.42,0.16666666666666666,0",-36.91,-10.07,0.57,nan,57.9
CGUUGGGGUCUUUGCUCAG,CCUGAGCACCCAGUCCGCCCUGAGCAAAGACCCCAACGAGAAGCGCGAUCACAUGGU,0.5119910194917849,0,"0.17,-2.36,-10.64,0,0,-192.97999999999996,0.3684210526315789,0,0.3684210526315789,0,0,0.16666666666666666,-2.24,0.0,0,1,0.0,-2.08,0,0.05555555555555555,1,-2.11,0.16666666666666666,0",-36.01,-10.97,0.17,nan,57.9
UCGUUGGGGUCUUUGCUCA,CUGAGCACCCAGUCCGCCCUGAGCAAAGACCCCAACGAGAAGCGCGAUCACAUGGUC,0.8274313705480152,1,"-0.24,-2.35,-12.44,1,0,-187.49999999999997,0.42105263157894735,0,0.3157894736842105,0,0,0.16666666666666666,-2.36,0.0,0,0,0.0,-2.11,0,0.05555555555555555,0,-0.93,0.16666666666666666,1",-35.38,-10.07,-0.24,nan,52.6
CUCGUUGGGGUCUUUGCUC,UGAGCACCCAGUCCGCCCUGAGCAAAGACCCCAACGAGAAGCGCGAUCACAUGGUCC,0.8127359934687214,1,"0.27,-2.08,-10.48,0,0,-194.97999999999996,0.42105263157894735,0,0.3157894736842105,0,0,0.16666666666666666,-2.35,0.0,1,1,0.0,-2.35,0,0.05555555555555555,0,-0.93,0.16666666666666666,0",-36.25,-8.71,0.27,nan,57.9
UCUCGUUGGGGUCUUUGCU,GAGCACCCAGUCCGCCCUGAGCAAAGACCCCAACGAGAAGCGCGAUCACAUGGUCCU,0.8405959791815493,1,"-0.27,-2.35,-12.44,1,0,-187.53999999999996,0.47368421052631576,0,0.3157894736842105,0,0,0.16666666666666666,-2.08,0.0,0,0,0.0,-2.08,0,0.05555555555555555,0,-2.08,0.16666666666666666,0",-35.35,-7.98,-0.27,nan,52.6
UUCUCGUUGGGGUCUUUGC,AGCACCCAGUCCGCCCUGAGCAAAGACCCCAACGAGAAGCGCGAUCACAUGGUCCUG,0.9398918256964996,1,"2.49,-0.93,-6.82,1,0,-187.6,0.47368421052631576,1,0.3157894736842105,0,0,0.16666666666666666,-2.35,0.0,1,0,0.0,-3.42,0,0.05555555555555555,0,-2.35,0.2222222222222222,0",-34.65,-7.32,2.49,nan,52.6
CUUCUCGUUGGGGUCUUUG,GCACCCAGUCCGCCCUGAGCAAAGACCCCAACGAGAAGCGCGAUCACAUGGUCCUGC,0.7297683437085418,1,"0.03,-2.08,-10.48,0,0,-186.91999999999996,0.47368421052631576,0,0.3157894736842105,0,0,0.16666666666666666,-0.93,0.0,1,1,0.0,-2.11,0,0.0,0,-2.24,0.2222222222222222,0",-33.76,-7.32,0.03,nan,52.6
GCUUCUCGUUGGGGUCUUU,CACCCAGUCCGCCCUGAGCAAAGACCCCAACGAGAAGCGCGAUCACAUGGUCCUGCU,0.149198897846719,0,"-2.49,-3.42,-14.88,0,1,-187.64,0.47368421052631576,0,0.3157894736842105,0,1,0.16666666666666666,-2.08,0.0,0,0,0.0,-0.93,0,0.05555555555555555,0,-3.26,0.2222222222222222,0",-34.62,-8.06,-2.49,nan,52.6
CGCUUCUCGUUGGGGUCUU,ACCCAGUCCGCCCUGAGCAAAGACCCCAACGAGAAGCGCGAUCACAUGGUCCUGCUG,0.1156240432697214,0,"-1.43,-2.36,-10.64,0,0,-191.45999999999998,0.42105263157894735,0,0.3157894736842105,0,0,0.16666666666666666,-3.42,0.0,0,1,0.0,-0.93,0,0.05555555555555555,1,-3.26,0.16666666666666666,0",-36.05,-9.12,-1.43,nan,57.9
GCGCUUCUCGUUGGGGUCU,CCCAGUCCGCCCUGAGCAAAGACCCCAACGAGAAGCGCGAUCACAUGGUCCUGCUGG,0.1757322175732217,0,"-1.79,-3.42,-14.88,0,1,-199.51999999999998,0.3684210526315789,0,0.3684210526315789,0,1,0.16666666666666666,-2.36,0.0,0,0,0.0,-2.08,0,0.1111111111111111,0,-3.26,0.1111111111111111,0",-38.54,-8.68,-1.79,nan,63.2
CGCGCUUCUCGUUGGGGUC,CCAGUCCGCCCUGAGCAAAGACCCCAACGAGAAGCGCGAUCACAUGGUCCUGCUGGA,0.3248290641902235,0,"0.44,-2.36,-10.64,0,0,-203.4,0.3157894736842105,0,0.3684210526315789,0,0,0.16666666666666666,-3.42,0.0,0,1,0.0,-2.35,0,0.1111111111111111,1,-2.11,0.1111111111111111,0",-39.27,-10.47,0.44,nan,68.4
UCGCGCUUCUCGUUGGGGU,CAGUCCGCCCUGAGCAAAGACCCCAACGAGAAGCGCGAUCACAUGGUCCUGCUGGAG,0.8637616083273804,1,"-0.11,-2.35,-12.44,1,0,-195.95999999999995,0.3684210526315789,0,0.3684210526315789,0,0,0.16666666666666666,-2.36,0.0,0,0,0.0,-2.24,0,0.1111111111111111,0,-0.93,0.1111111111111111,0",-38.37,-10.03,-0.11,nan,63.2
AUCGCGCUUCUCGUUGGGG,AGUCCGCCCUGAGCAAAGACCCCAACGAGAAGCGCGAUCACAUGGUCCUGCUGGAGU,0.8637616083273804,1,"2.16,-1.1,-9.38,0,0,-197.65999999999997,0.3157894736842105,0,0.3684210526315789,0,0,0.16666666666666666,-2.35,0.0,1,0,0.0,-3.26,0,0.1111111111111111,0,-2.24,0.1111111111111111,0",-37.68,-11.0,2.16,nan,63.2
GAUCGCGCUUCUCGUUGGG,GUCCGCCCUGAGCAAAGACCCCAACGAGAAGCGCGAUCACAUGGUCCUGCUGGAGUU,0.7593632003265639,1,"0.46,-2.35,-12.44,0,1,-200.43,0.3157894736842105,0,0.3684210526315789,0,0,0.1111111111111111,-1.1,0.0,0,0,0.0,-3.26,0,0.1111111111111111,0,-2.36,0.1111111111111111,0",-37.22,-10.47,0.46,nan,63.2
UGAUCGCGCUUCUCGUUGG,UCCGCCCUGAGCAAAGACCCCAACGAGAAGCGCGAUCACAUGGUCCUGCUGGAGUUC,0.8565159710174509,1,"1.6,-2.11,-10.44,1,0,-193.76,0.3684210526315789,0,0.3157894736842105,0,0,0.05555555555555555,-2.35,0.0,0,0,0.0,-3.26,0,0.1111111111111111,0,-2.35,0.1111111111111111,0",-35.62,-9.85,1.6,nan,57.9
GUGAUCGCGCUUCUCGUUG,CCGCCCUGAGCAAAGACCCCAACGAGAAGCGCGAUCACAUGGUCCUGCUGGAGUUCG,0.8033472803347281,1,"-0.13,-2.24,-11.4,0,1,-195.48999999999998,0.3684210526315789,0,0.3157894736842105,0,0,0.0,-2.11,0.0,1,0,0.0,-2.11,0,0.1111111111111111,0,-2.08,0.1111111111111111,0",-35.05,-9.15,-0.13,nan,57.9
UGUGAUCGCGCUUCUCGUU,CGCCCUGAGCAAAGACCCCAACGAGAAGCGCGAUCACAUGGUCCUGCUGGAGUUCGU,0.7925298499846923,1,"-0.73,-2.11,-10.44,1,0,-188.04999999999998,0.42105263157894735,0,0.2631578947368421,0,0,0.0,-2.24,0.0,0,0,0.0,-0.93,0,0.1111111111111111,0,-2.35,0.1111111111111111,0",-34.15,-8.42,-0.73,nan,52.6
AUGUGAUCGCGCUUCUCGU,GCCCUGAGCAAAGACCCCAACGAGAAGCGCGAUCACAUGGUCCUGCUGGAGUUCGUG,0.8493723849372385,1,"0.69,-1.1,-9.38,0,0,-190.60999999999999,0.3684210526315789,0,0.2631578947368421,0,0,0.0,-2.11,0.0,1,0,0.0,-2.24,0,0.1111111111111111,0,-0.93,0.05555555555555555,0",-34.32,-7.72,0.69,nan,52.6
CAUGUGAUCGCGCUUCUCG,CCCUGAGCAAAGACCCCAACGAGAAGCGCGAUCACAUGGUCCUGCUGGAGUUCGUGA,0.8429431574650474,1,"-0.2,-2.11,-10.44,0,0,-197.08999999999997,0.3157894736842105,0,0.2631578947368421,0,0,0.0,-1.1,0.0,0,1,0.0,-2.36,0,0.1111111111111111,0,-2.08,0.05555555555555555,0",-35.09,-6.02,-0.2,nan,57.9
CCAUGUGAUCGCGCUUCUC,CCUGAGCAAAGACCCCAACGAGAAGCGCGAUCACAUGGUCCUGCUGGAGUUCGUGAC,0.5995509745892439,0,"-0.46,-3.26,-13.39,0,0,-199.83999999999995,0.3157894736842105,0,0.21052631578947367,0,0,0.0,-2.11,0.0,0,1,0.05555555555555555,-2.35,1,0.1111111111111111,0,-3.42,0.05555555555555555,0",-35.99,-7.48,-0.46,nan,57.9
ACCAUGUGAUCGCGCUUCU,CUGAGCAAAGACCCCAACGAGAAGCGCGAUCACAUGGUCCUGCUGGAGUUCGUGACC,0.4856618022247169,0,"-0.16,-2.24,-11.4,0,0,-191.35999999999996,0.3157894736842105,0,0.21052631578947367,0,0,0.0,-3.26,0.0,0,0,0.05555555555555555,-2.08,0,0.1111111111111111,0,-2.36,0.05555555555555555,0",-34.98,-8.84,-0.16,nan,52.6
GACCAUGUGAUCGCGCUUC,UGAGCAAAGACCCCAACGAGAAGCGCGAUCACAUGGUCCUGCUGGAGUUCGUGACCG,0.6237371160322482,0,"0.0,-2.35,-12.44,0,1,-200.75999999999996,0.2631578947368421,0,0.2631578947368421,0,0,0.0,-2.24,0.0,0,0,0.05555555555555555,-2.35,0,0.1111111111111111,0,-3.42,0.05555555555555555,0",-36.15,-8.07,0.0,nan,57.9
GGACCAUGUGAUCGCGCUU,GAGCAAAGACCCCAACGAGAAGCGCGAUCACAUGGUCCUGCUGGAGUUCGUGACCGC,0.4416777222165527,0,"-2.33,-3.26,-13.39,0,1,-197.98999999999998,0.2631578947368421,0,0.3157894736842105,1,0,0.05555555555555555,-2.35,0.0,0,0,0.05555555555555555,-0.93,0,0.1111111111111111,0,-2.36,0.05555555555555555,0",-36.61,-9.08,-2.33,nan,57.9
AGGACCAUGUGAUCGCGCU,AGCAAAGACCCCAACGAGAAGCGCGAUCACAUGGUCCUGCUGGAGUUCGUGACCGCC,0.6299622410450046,0,"0.0,-2.08,-10.48,0,0,-197.92999999999998,0.21052631578947367,0,0.3157894736842105,0,0,0.05555555555555555,-3.26,0.0,0,0,0.05555555555555555,-2.08,0,0.1111111111111111,0,-2.35,0.0,0",-37.31,-9.78,0.0,nan,57.9
CAGGACCAUGUGAUCGCGC,GCAAAGACCCCAACGAGAAGCGCGAUCACAUGGUCCUGCUGGAGUUCGUGACCGCCG,0.4839269313195224,0,"0.86,-2.11,-10.44,0,0,-205.32999999999998,0.15789473684210525,0,0.3157894736842105,0,0,0.05555555555555555,-2.08,0.0,0,1,0.05555555555555555,-3.42,0,0.1111111111111111,0,-1.1,0.0,0",-38.24,-10.31,0.86,nan,63.2
GCAGGACCAUGUGAUCGCG,CAAAGACCCCAACGAGAAGCGCGAUCACAUGGUCCUGCUGGAGUUCGUGACCGCCGC,0.2970711297071129,0,"-1.06,-3.42,-14.88,0,1,-205.32999999999998,0.15789473684210525,0,0.3684210526315789,0,1,0.05555555555555555,-2.11,0.0,0,0,0.05555555555555555,-2.36,0,0.1111111111111111,0,-2.35,0.0,0",-38.24,-11.21,-1.06,nan,63.2
AGCAGGACCAUGUGAUCGC,AAAGACCCCAACGAGAAGCGCGAUCACAUGGUCCUGCUGGAGUUCGUGACCGCCGCC,0.3944280028574344,0,"1.79,-2.08,-10.48,0,0,-201.45,0.15789473684210525,0,0.3157894736842105,0,0,0.05555555555555555,-3.42,0.0,0,0,0.05555555555555555,-3.42,0,0.1111111111111111,0,-2.11,0.0,0",-37.51,-11.37,1.79,nan,57.9
CAGCAGGACCAUGUGAUCG,AAGACCCCAACGAGAAGCGCGAUCACAUGGUCCUGCUGGAGUUCGUGACCGCCGCCG,0.5157669149913257,0,"-0.2,-2.11,-10.44,0,0,-200.73000000000002,0.15789473684210525,0,0.3157894736842105,0,0,0.05555555555555555,-2.08,0.0,0,1,0.05555555555555555,-2.36,0,0.05555555555555555,0,-2.24,0.0,0",-36.65,-10.31,-0.2,nan,57.9
CCAGCAGGACCAUGUGAUC,AGACCCCAACGAGAAGCGCGAUCACAUGGUCCUGCUGGAGUUCGUGACCGCCGCCGG,0.6419022349219309,0,"-0.46,-3.26,-13.39,0,0,-203.48,0.15789473684210525,0,0.2631578947368421,0,0,0.05555555555555555,-2.11,0.0,0,1,0.1111111111111111,-2.35,1,0.05555555555555555,0,-2.11,0.0,0",-37.55,-10.97,-0.46,nan,57.9
UCCAGCAGGACCAUGUGAU,GACCCCAACGAGAAGCGCGAUCACAUGGUCCUGCUGGAGUUCGUGACCGCCGCCGGG,0.7801816511888969,1,"-0.8,-2.35,-12.44,1,0,-196.04,0.21052631578947367,0,0.2631578947368421,0,0,0.05555555555555555,-3.26,0.0,0,0,0.1111111111111111,-1.1,0,0.05555555555555555,0,-1.1,0.0,0",-36.65,-10.97,-0.8,nan,52.6
CUCCAGCAGGACCAUGUGA,ACCCCAACGAGAAGCGCGAUCACAUGGUCCUGCUGGAGUUCGUGACCGCCGCCGGGA,0.3698336564955608,0,"-0.63,-2.08,-10.48,0,0,-200.85999999999999,0.15789473684210525,0,0.2631578947368421,0,0,0.05555555555555555,-2.35,0.0,1,1,0.1111111111111111,-2.35,0,0.05555555555555555,0,-2.11,0.0,1",-38.08,-10.34,-0.63,nan,57.9
ACUCCAGCAGGACCAUGUG,CCCCAACGAGAAGCGCGAUCACAUGGUCCUGCUGGAGUUCGUGACCGCCGCCGGGAU,0.8043677926319012,1,"0.77,-2.24,-11.4,0,0,-199.81999999999996,0.15789473684210525,0,0.2631578947368421,0,0,0.05555555555555555,-2.08,0.0,0,0,0.1111111111111111,-2.11,0,0.05555555555555555,0,-3.26,0.0,0",-37.97,-11.21,0.77,nan,57.9
AACUCCAGCAGGACCAUGU,CCCAACGAGAAGCGCGAUCACAUGGUCCUGCUGGAGUUCGUGACCGCCGCCGGGAUC,0.5754668843759567,0,"0.86,-0.93,-6.82,0,0,-192.48,0.15789473684210525,0,0.21052631578947367,0,0,0.05555555555555555,-2.24,0.0,0,0,0.1111111111111111,-2.24,0,0.05555555555555555,0,-2.24,0.0,0",-36.34,-9.58,0.86,nan,52.6
GAACUCCAGCAGGACCAUG,CCAACGAGAAGCGCGAUCACAUGGUCCUGCUGGAGUUCGUGACCGCCGCCGGGAUCA,0.7337483416675172,1,"-0.24,-2.35,-12.44,0,1,-200.95999999999998,0.10526315789473684,0,0.2631578947368421,0,0,0.05555555555555555,-0.93,0.0,0,0,0.1111111111111111,-2.11,0,0.05555555555555555,0,-2.35,0.0,0",-37.35,-7.98,-0.24,nan,57.9
CGAACUCCAGCAGGACCAU,CAACGAGAAGCGCGAUCACAUGGUCCUGCUGGAGUUCGUGACCGCCGCCGGGAUCAC,0.3146239412184917,0,"-1.26,-2.36,-10.64,0,0,-197.44,0.10526315789473684,0,0.21052631578947367,0,0,0.05555555555555555,-2.35,0.0,0,1,0.1111111111111111,-1.1,0,0.05555555555555555,1,-3.26,0.0,0",-37.15,-9.12,-1.26,nan,57.9
ACGAACUCCAGCAGGACCA,AACGAGAAGCGCGAUCACAUGGUCCUGCUGGAGUUCGUGACCGCCGCCGGGAUCACU,0.8791713440146955,1,"-0.13,-2.24,-11.4,0,0,-195.74,0.05263157894736842,0,0.21052631578947367,0,0,0.05555555555555555,-2.36,0.0,0,0,0.1111111111111111,-2.11,0,0.05555555555555555,0,-2.08,0.0,1",-37.84,-8.22,-0.13,nan,57.9
CACGAACUCCAGCAGGACC,ACGAGAAGCGCGAUCACAUGGUCCUGCUGGAGUUCGUGACCGCCGCCGGGAUCACUC,0.7606898663128892,1,"0.7,-2.11,-10.44,0,0,-203.18,0.05263157894736842,0,0.21052631578947367,0,0,0.05555555555555555,-2.24,0.0,0,1,0.1111111111111111,-3.26,0,0.05555555555555555,0,-2.11,0.0,0",-38.74,-7.21,0.7,nan,63.2
UCACGAACUCCAGCAGGAC,CGAGAAGCGCGAUCACAUGGUCCUGCUGGAGUUCGUGACCGCCGCCGGGAUCACUCU,0.4501479742830901,0,"0.79,-2.35,-12.44,1,0,-198.51000000000002,0.10526315789473684,0,0.21052631578947367,0,0,0.05555555555555555,-2.11,0.0,0,0,0.05555555555555555,-2.24,0,0.05555555555555555,0,-3.42,0.0,0",-37.38,-8.14,0.79,nan,57.9
GUCACGAACUCCAGCAGGA,GAGAAGCGCGAUCACAUGGUCCUGCUGGAGUUCGUGACCGCCGCCGGGAUCACUCUC,0.8698846821104195,1,"-0.79,-2.24,-11.4,0,1,-198.51,0.10526315789473684,0,0.2631578947368421,0,0,0.05555555555555555,-2.35,0.0,1,0,0.05555555555555555,-2.35,0,0.05555555555555555,0,-2.08,0.0,1",-37.38,-7.35,-0.79,nan,57.9
GGUCACGAACUCCAGCAGG,AGAAGCGCGAUCACAUGGUCCUGCUGGAGUUCGUGACCGCCGCCGGGAUCACUCUCG,0.5375038269211144,0,"0.0,-3.26,-13.39,0,1,-203.17999999999995,0.10526315789473684,0,0.3157894736842105,1,0,0.1111111111111111,-2.24,0.0,0,0,0.05555555555555555,-3.26,0,0.05555555555555555,0,-2.11,0.0,0",-38.74,-9.11,0.0,nan,63.2
CGGUCACGAACUCCAGCAG,GAAGCGCGAUCACAUGGUCCUGCUGGAGUUCGUGACCGCCGCCGGGAUCACUCUCGG,0.7728339626492501,1,"0.17,-2.36,-10.64,0,0,-200.43,0.10526315789473684,0,0.2631578947368421,0,0,0.05555555555555555,-3.26,0.0,0,1,0.05555555555555555,-2.08,0,0.05555555555555555,1,-3.26,0.0,0",-37.84,-10.47,0.17,nan,63.2
GCGGUCACGAACUCCAGCA,AAGCGCGAUCACAUGGUCCUGCUGGAGUUCGUGACCGCCGCCGGGAUCACUCUCGGC,0.3764669864271864,0,"-1.76,-3.42,-14.88,0,1,-201.10999999999999,0.10526315789473684,0,0.2631578947368421,0,1,0.05555555555555555,-2.36,0.0,0,0,0.05555555555555555,-2.11,0,0.1111111111111111,0,-2.35,0.0,1",-38.73,-10.47,-1.76,nan,63.2
GGCGGUCACGAACUCCAGC,AGCGCGAUCACAUGGUCCUGCUGGAGUUCGUGACCGCCGCCGGGAUCACUCUCGGCA,0.3158485559750995,0,"0.16,-3.26,-13.39,0,1,-207.78,0.10526315789473684,0,0.3157894736842105,1,0,0.1111111111111111,-3.42,0.0,0,0,0.05555555555555555,-3.42,0,0.1111111111111111,0,-2.08,0.0,0",-40.33,-11.2,0.16,nan,68.4
CGGCGGUCACGAACUCCAG,GCGCGAUCACAUGGUCCUGCUGGAGUUCGUGACCGCCGCCGGGAUCACUCUCGGCAU,0.4057556893560567,0,"0.17,-2.36,-10.64,0,0,-203.54,0.10526315789473684,0,0.3157894736842105,0,0,0.1111111111111111,-3.26,0.0,0,1,0.05555555555555555,-2.08,0,0.05555555555555555,1,-2.24,0.0,0",-39.27,-12.8,0.17,nan,68.4
GCGGCGGUCACGAACUCCA,CGCGAUCACAUGGUCCUGCUGGAGUUCGUGACCGCCGCCGGGAUCACUCUCGGCAUG,0.3357485457699765,0,"-1.76,-3.42,-14.88,0,1,-204.22000000000003,0.10526315789473684,0,0.3157894736842105,0,1,0.1111111111111111,-2.36,0.0,0,0,0.05555555555555555,-2.11,0,0.1111111111111111,0,-0.93,0.0,1",-40.16,-12.36,-1.76,nan,68.4
GGCGGCGGUCACGAACUCC,GCGAUCACAUGGUCCUGCUGGAGUUCGUGACCGCCGCCGGGAUCACUCUCGGCAUGG,0.4096336360853149,0,"0.0,-3.26,-13.39,0,1,-210.89,0.10526315789473684,0,0.3684210526315789,1,0,0.16666666666666666,-3.42,0.0,0,0,0.05555555555555555,-3.26,0,0.1111111111111111,0,-2.35,0.0,0",-41.76,-13.99,0.0,nan,73.7
CGGCGGCGGUCACGAACUC,CGAUCACAUGGUCCUGCUGGAGUUCGUGACCGCCGCCGGGAUCACUCUCGGCAUGGA,0.2888049801000102,0,"0.44,-2.36,-10.64,0,0,-208.14,0.10526315789473684,0,0.3684210526315789,0,0,0.16666666666666666,-3.26,0.0,0,1,0.0,-2.35,0,0.1111111111111111,1,-2.36,0.0,0",-40.86,-13.99,0.44,nan,73.7
CCGGCGGCGGUCACGAACU,GAUCACAUGGUCCUGCUGGAGUUCGUGACCGCCGCCGGGAUCACUCUCGGCAUGGAC,0.3061536891519543,0,"-1.63,-3.26,-13.39,0,0,-205.37,0.10526315789473684,0,0.3684210526315789,0,0,0.16666666666666666,-2.36,0.0,0,1,0.05555555555555555,-2.08,1,0.1111111111111111,0,-2.24,0.0,0",-41.32,-13.99,-1.63,nan,73.7
CCCGGCGGCGGUCACGAAC,AUCACAUGGUCCUGCUGGAGUUCGUGACCGCCGCCGGGAUCACUCUCGGCAUGGACG,0.3415654658638636,0,"-0.57,-3.26,-13.39,0,0,-211.99999999999997,0.05263157894736842,0,0.3684210526315789,0,0,0.16666666666666666,-3.26,0.0,0,1,0.1111111111111111,-2.24,1,0.1111111111111111,0,-2.11,0.0,0",-42.95,-13.83,-0.57,nan,78.9
UCCCGGCGGCGGUCACGAA,UCACAUGGUCCUGCUGGAGUUCGUGACCGCCGCCGGGAUCACUCUCGGCAUGGACGA,0.2972752321665476,0,"-0.97,-2.35,-12.44,1,0,-205.59999999999997,0.10526315789473684,0,0.3684210526315789,0,0,0.16666666666666666,-3.26,0.0,0,0,0.1111111111111111,-0.93,0,0.1111111111111111,0,-2.35,0.0,1",-42.16,-13.83,-0.97,nan,73.7
AUCCCGGCGGCGGUCACGA,CACAUGGUCCUGCUGGAGUUCGUGACCGCCGCCGGGAUCACUCUCGGCAUGGACGAG,0.3545259720379631,0,"0.8,-1.1,-9.38,0,0,-208.15999999999997,0.10526315789473684,0,0.3684210526315789,0,0,0.16666666666666666,-2.35,0.0,1,0,0.1111111111111111,-2.35,0,0.1111111111111111,0,-2.24,0.0,1",-42.33,-13.37,0.8,nan,73.7
GAUCCCGGCGGCGGUCACG,ACAUGGUCCUGCUGGAGUUCGUGACCGCCGCCGGGAUCACUCUCGGCAUGGACGAGC,0.2578834574956628,0,"-0.44,-2.35,-12.44,0,1,-215.59999999999997,0.10526315789473684,0,0.42105263157894735,0,0,0.16666666666666666,-1.1,0.0,0,0,0.1111111111111111,-2.36,0,0.1111111111111111,0,-3.26,0.0,0",-43.23,-11.05,-0.44,nan,78.9
UGAUCCCGGCGGCGGUCAC,CAUGGUCCUGCUGGAGUUCGUGACCGCCGCCGGGAUCACUCUCGGCAUGGACGAGCU,0.7101745076028168,0,"1.03,-2.11,-10.44,1,0,-211.68,0.15789473684210525,0,0.3684210526315789,0,0,0.16666666666666666,-2.35,0.0,0,0,0.1111111111111111,-2.24,0,0.1111111111111111,0,-2.36,0.0,0",-42.53,-10.59,1.03,nan,73.7
GUGAUCCCGGCGGCGGUCA,AUGGUCCUGCUGGAGUUCGUGACCGCCGCCGGGAUCACUCUCGGCAUGGACGAGCUG,0.1468517195632207,0,"-1.03,-2.24,-11.4,0,1,-211.67999999999998,0.15789473684210525,0,0.42105263157894735,0,0,0.16666666666666666,-2.11,0.0,1,0,0.1111111111111111,-2.11,0,0.1111111111111111,0,-3.42,0.0,1",-42.53,-9.89,-1.03,nan,73.7
AGUGAUCCCGGCGGCGGUC,UGGUCCUGCUGGAGUUCGUGACCGCCGCCGGGAUCACUCUCGGCAUGGACGAGCUGU,0.3115624043269722,0,"1.17,-2.08,-10.48,0,0,-211.71999999999994,0.15789473684210525,0,0.42105263157894735,0,0,0.16666666666666666,-2.24,0.0,0,0,0.1111111111111111,-2.35,0,0.1111111111111111,0,-3.26,0.0,0",-42.5,-9.32,1.17,nan,73.7
GAGUGAUCCCGGCGGCGGU,GGUCCUGCUGGAGUUCGUGACCGCCGCCGGGAUCACUCUCGGCAUGGACGAGCUGUA,0.5880191856311868,0,"-1.01,-2.35,-12.44,0,1,-211.71999999999994,0.15789473684210525,0,0.47368421052631576,0,0,0.16666666666666666,-2.08,0.0,0,0,0.1111111111111111,-2.24,0,0.1111111111111111,0,-2.36,0.0,0",-42.5,-7.69,-1.01,nan,73.7
AGAGUGAUCCCGGCGGCGG,GUCCUGCUGGAGUUCGUGACCGCCGCCGGGAUCACUCUCGGCAUGGACGAGCUGUAC,0.2748239616287376,0,"1.63,-2.08,-10.48,0,0,-210.79999999999995,0.10526315789473684,0,0.47368421052631576,0,0,0.16666666666666666,-2.35,0.0,0,0,0.1111111111111111,-3.26,0,0.1111111111111111,0,-3.42,0.0,0",-42.34,-7.69,1.63,nan,73.7
GAGAGUGAUCCCGGCGGCG,UCCUGCUGGAGUUCGUGACCGCCGCCGGGAUCACUCUCGGCAUGGACGAGCUGUACA,0.332380855189305,0,"-0.44,-2.35,-12.44,0,1,-213.56999999999994,0.10526315789473684,0,0.47368421052631576,0,0,0.1111111111111111,-2.08,0.0,0,0,0.1111111111111111,-2.36,0,0.1111111111111111,0,-3.26,0.0,0",-41.88,-8.22,-0.44,nan,73.7
CGAGAGUGAUCCCGGCGGC,CCUGCUGGAGUUCGUGACCGCCGCCGGGAUCACUCUCGGCAUGGACGAGCUGUACAA,0.4833146239412185,0,"1.06,-2.36,-10.64,0,0,-213.56999999999994,0.10526315789473684,0,0.42105263157894735,0,0,0.1111111111111111,-2.35,0.0,0,1,0.1111111111111111,-3.42,0,0.1111111111111111,1,-2.36,0.0,0",-41.88,-9.12,1.06,nan,73.7
CCGAGAGUGAUCCCGGCGG,CUGCUGGAGUUCGUGACCGCCGCCGGGAUCACUCUCGGCAUGGACGAGCUGUACAAG,0.3032962547198694,0,"0.0,-3.26,-13.39,0,0,-212.07999999999993,0.10526315789473684,0,0.42105263157894735,0,0,0.1111111111111111,-2.36,0.0,0,1,0.16666666666666666,-3.26,1,0.05555555555555555,0,-3.26,0.0,0",-41.72,-8.92,0.0,nan,73.7
GCCGAGAGUGAUCCCGGCG,UGCUGGAGUUCGUGACCGCCGCCGGGAUCACUCUCGGCAUGGACGAGCUGUACAAGU,0.3210531686906827,0,"-1.06,-3.42,-14.88,0,1,-213.56999999999994,0.10526315789473684,0,0.42105263157894735,0,1,0.05555555555555555,-3.26,0.0,0,0,0.16666666666666666,-2.36,0,0.1111111111111111,0,-3.26,0.0,0",-41.88,-10.39,-1.06,nan,73.7
UGCCGAGAGUGAUCCCGGC,GCUGGAGUUCGUGACCGCCGCCGGGAUCACUCUCGGCAUGGACGAGCUGUACAAGUA,0.1576691499132564,0,"1.76,-2.11,-10.44,1,0,-209.64999999999998,0.15789473684210525,0,0.3684210526315789,0,0,0.05555555555555555,-3.42,0.0,0,0,0.16666666666666666,-3.42,0,0.1111111111111111,0,-2.35,0.0,0",-41.18,-11.28,1.76,nan,68.4
AUGCCGAGAGUGAUCCCGG,CUGGAGUUCGUGACCGCCGCCGGGAUCACUCUCGGCAUGGACGAGCUGUACAAGUAA,0.2564547402796204,0,"2.16,-1.1,-9.38,0,0,-204.14999999999998,0.15789473684210525,0,0.3684210526315789,0,0,0.05555555555555555,-2.11,0.0,1,0,0.16666666666666666,-3.26,0,0.05555555555555555,0,-1.1,0.0,0",-38.86,-11.04,2.16,nan,63.2
CAUGCCGAGAGUGAUCCCG,UGGAGUUCGUGACCGCCGCCGGGAUCACUCUCGGCAUGGACGAGCUGUACAAGUAAX,0.3241147055822023,0,"-0.2,-2.11,-10.44,0,0,-204.91999999999996,0.15789473684210525,0,0.3157894736842105,0,0,0.0,-1.1,0.0,0,1,0.16666666666666666,-2.36,0,0.05555555555555555,0,-2.35,0.0,0",-38.16,-9.61,-0.2,nan,63.2
CCAUGCCGAGAGUGAUCCC,GGAGUUCGUGACCGCCGCCGGGAUCACUCUCGGCAUGGACGAGCUGUACAAGUAAXX,0.2486988468211042,0,"0.0,-3.26,-13.39,0,0,-207.66999999999996,0.15789473684210525,0,0.2631578947368421,0,0,0.0,-2.11,0.0,0,1,0.2222222222222222,-3.26,1,0.05555555555555555,0,-2.11,0.0,0",-39.06,-10.27,0.0,nan,63.2
UCCAUGCCGAGAGUGAUCC,GAGUUCGUGACCGCCGCCGGGAUCACUCUCGGCAUGGACGAGCUGUACAAGUAAXXX,0.6411878763139096,0,"1.36,-2.35,-12.44,1,0,-203.0,0.21052631578947367,0,0.2631578947368421,0,0,0.0,-3.26,0.0,0,0,0.16666666666666666,-3.26,0,0.05555555555555555,0,-2.24,0.0,0",-37.7,-11.17,1.36,nan,57.9
GUCCAUGCCGAGAGUGAUC,AGUUCGUGACCGCCGCCGGGAUCACUCUCGGCAUGGACGAGCUGUACAAGUAAXXXX,0.2659455046433309,0,"0.11,-2.24,-11.4,0,1,-204.73,0.21052631578947367,0,0.3157894736842105,0,0,0.0,-2.35,0.0,1,0,0.1111111111111111,-2.35,0,0.05555555555555555,0,-2.08,0.0,0",-37.13,-9.81,0.11,nan,57.9
CGUCCAUGCCGAGAGUGAU,GUUCGUGACCGCCGCCGGGAUCACUCUCGGCAUGGACGAGCUGUACAAGUAAXXXXX,0.2230839881620573,0,"-1.26,-2.36,-10.64,0,0,-199.20999999999998,0.21052631578947367,0,0.3157894736842105,0,0,0.0,-2.24,0.0,0,1,0.1111111111111111,-1.1,0,0.05555555555555555,1,-2.35,0.0,0",-36.69,-9.08,-1.26,nan,57.9
UCGUCCAUGCCGAGAGUGA,UUCGUGACCGCCGCCGGGAUCACUCUCGGCAUGGACGAGCUGUACAAGUAAXXXXXX,0.1160322481885906,0,"0.0,-2.35,-12.44,1,0,-198.54999999999998,0.21052631578947367,0,0.3157894736842105,0,0,0.0,-2.36,0.0,0,0,0.1111111111111111,-2.35,0,0.05555555555555555,0,-2.08,0.0,1",-37.49,-8.88,0.0,nan,57.9
CUCGUCCAUGCCGAGAGUG,UCGUGACCGCCGCCGGGAUCACUCUCGGCAUGGACGAGCUGUACAAGUAAXXXXXXX,0.2562506378201857,0,"0.03,-2.08,-10.48,0,0,-204.02999999999997,0.21052631578947367,0,0.3157894736842105,0,0,0.0,-2.35,0.0,1,1,0.1111111111111111,-2.11,0,0.05555555555555555,0,-2.35,0.0,0",-38.12,-9.68,0.03,nan,63.2
GCUCGUCCAUGCCGAGAGU,CGUGACCGCCGCCGGGAUCACUCUCGGCAUGGACGAGCUGUACAAGUAAXXXXXXXX,0.0932748239616287,0,"-1.63,-3.42,-14.88,0,1,-204.74999999999997,0.21052631578947367,0,0.3157894736842105,0,1,0.0,-2.08,0.0,0,0,0.1111111111111111,-2.24,0,0.1111111111111111,0,-2.36,0.0,0",-38.98,-10.55,-1.63,nan,63.2
AGCUCGUCCAUGCCGAGAG,GUGACCGCCGCCGGGAUCACUCUCGGCAUGGACGAGCUGUACAAGUAAXXXXXXXXX,0.6159812225737321,0,"0.9,-2.08,-10.48,0,0,-203.82999999999998,0.15789473684210525,0,0.3157894736842105,0,0,0.0,-3.42,0.0,0,0,0.1111111111111111,-2.08,0,0.1111111111111111,0,-3.26,0.0,0",-38.82,-10.71,0.9,nan,63.2
CAGCUCGUCCAUGCCGAGA,UGACCGCCGCCGGGAUCACUCUCGGCAUGGACGAGCUGUACAAGUAAXXXXXXXXXX,0.8479436677211961,1,"-0.66,-2.11,-10.44,0,0,-203.79,0.15789473684210525,0,0.2631578947368421,0,0,0.0,-2.08,0.0,0,1,0.1111111111111111,-2.35,0,0.1111111111111111,0,-3.42,0.0,1",-38.85,-9.54,-0.66,nan,63.2
ACAGCUCGUCCAUGCCGAG,GACCGCCGCCGGGAUCACUCUCGGCAUGGACGAGCUGUACAAGUAAXXXXXXXXXXX,0.3403408511072558,0,"0.74,-2.24,-11.4,0,0,-202.74999999999997,0.15789473684210525,0,0.2631578947368421,0,0,0.0,-2.11,0.0,0,0,0.1111111111111111,-2.08,0,0.1111111111111111,0,-2.11,0.0,0",-38.74,-10.31,0.74,nan,63.2
UACAGCUCGUCCAUGCCGA,ACCGCCGCCGGGAUCACUCUCGGCAUGGACGAGCUGUACAAGUAAXXXXXXXXXXXX,0.6816001632819677,0,"0.57,-1.33,-7.69,1,0,-196.23999999999995,0.21052631578947367,0,0.21052631578947367,0,0,0.0,-2.24,0.05555555555555555,0,0,0.1111111111111111,-2.35,0,0.1111111111111111,0,-1.1,0.0,1",-37.54,-9.74,0.57,nan,57.9
GUACAGCUCGUCCAUGCCG,CCGCCGCCGGGAUCACUCUCGGCAUGGACGAGCUGUACAAGUAAXXXXXXXXXXXXX,0.5791407286457803,0,"-0.33,-2.24,-11.4,0,1,-202.64,0.21052631578947367,0,0.2631578947368421,0,0,0.0,-1.33,0.05555555555555555,1,0,0.1111111111111111,-2.36,0,0.1111111111111111,0,-2.11,0.0,0",-38.33,-8.27,-0.33,nan,63.2
UGUACAGCUCGUCCAUGCC,CGCCGCCGGGAUCACUCUCGGCAUGGACGAGCUGUACAAGUAAXXXXXXXXXXXXXX,0.7517093580977651,1,"1.6,-2.11,-10.44,1,0,-198.71999999999997,0.2631578947368421,0,0.21052631578947367,0,0,0.0,-2.24,0.05555555555555555,0,0,0.1111111111111111,-3.26,0,0.1111111111111111,0,-3.26,0.0,0",-37.63,-9.33,1.6,nan,57.9
UUGUACAGCUCGUCCAUGC,GCCGCCGGGAUCACUCUCGGCAUGGACGAGCUGUACAAGUAAXXXXXXXXXXXXXXX,0.7825288294723952,1,"2.49,-0.93,-6.82,1,0,-192.14999999999998,0.3157894736842105,1,0.21052631578947367,0,0,0.0,-2.11,0.05555555555555555,1,0,0.05555555555555555,-3.42,0,0.1111111111111111,0,-2.35,0.05555555555555555,0",-35.3,-7.57,2.49,nan,52.6
CUUGUACAGCUCGUCCAUG,CCGCCGGGAUCACUCUCGGCAUGGACGAGCUGUACAAGUAAXXXXXXXXXXXXXXXX,0.5463822839065211,0,"0.03,-2.08,-10.48,0,0,-191.46999999999997,0.3157894736842105,0,0.21052631578947367,0,0,0.0,-0.93,0.05555555555555555,1,1,0.05555555555555555,-2.11,0,0.05555555555555555,0,-2.24,0.05555555555555555,0",-34.41,-5.97,0.03,nan,52.6
ACUUGUACAGCUCGUCCAU,CGCCGGGAUCACUCUCGGCAUGGACGAGCUGUACAAGUAAXXXXXXXXXXXXXXXXX,0.6983365649556078,0,"-0.69,-2.24,-11.4,0,0,-184.99,0.3157894736842105,0,0.15789473684210525,0,0,0.0,-2.08,0.05555555555555555,0,0,0.05555555555555555,-1.1,0,0.05555555555555555,0,-2.36,0.05555555555555555,0",-33.64,-6.84,-0.69,nan,47.4
UACUUGUACAGCUCGUCCA,GCCGGGAUCACUCUCGGCAUGGACGAGCUGUACAAGUAAXXXXXXXXXXXXXXXXXX,0.8460046943565671,1,"0.33,-1.33,-7.69,1,0,-183.3,0.3157894736842105,0,0.15789473684210525,0,0,0.0,-2.24,0.1111111111111111,0,0,0.05555555555555555,-2.11,0,0.05555555555555555,0,-2.35,0.05555555555555555,1",-33.87,-5.94,0.33,nan,47.4
UUACUUGUACAGCUCGUCC,CCGGGAUCACUCUCGGCAUGGACGAGCUGUACAAGUAAXXXXXXXXXXXXXXXXXXX,0.8518216144504541,1,"2.33,-0.93,-6.82,1,0,-183.40000000000003,0.3684210526315789,1,0.15789473684210525,0,0,0.0,-1.33,0.1111111111111111,1,0,0.05555555555555555,-3.26,0,0.05555555555555555,0,-2.08,0.1111111111111111,0",-33.14,-5.94,2.33,nan,47.4
