siRNA,mRNA,label,pred
CUAAUAUGUUAAUUGAUUU,AAAUUGAAAGGAAUUGUAUAAAUCAAUUAACAUAUUAGCUGAGUUGXXXXXXXXXXX,0.3445190156599553,0.45566413
AAUAUGUUAAUUGAUUUAU,UAAAAUUGAAAGGAAUUGUAUAAAUCAAUUAACAUAUUAGCUGAGUUGXXXXXXXXX,0.2863534675615212,0.49963522
GAUUUAUACAAUUCCUUUC,CUUAUUUUUAGAUAAAAUUGAAAGGAAUUGUAUAAAUCAAUUAACAUAUUAGCUGAG,0.3832960477255779,0.53476393
CAAUUCCUUUCAAUUUUAU,UUGGUCUGCUUAUUUUUAGAUAAAAUUGAAAGGAAUUGUAUAAAUCAAUUAACAUAU,0.2714392244593587,0.344754
CAGACCAAAAUUAAAUAAG,UGGAAUCUUAUGUAACUUUCUUAUUUAAUUUUGGUCUGCUUAUUUUUAGAUAAAAUU,0.3892617449664429,0.4467451
AGACCAAAAUUAAAUAAGA,AUGGAAUCUUAUGUAACUUUCUUAUUUAAUUUUGGUCUGCUUAUUUUUAGAUAAAAU,0.3296047725577927,0.45718345
ACCAAAAUUAAAUAAGAAA,AAAUGGAAUCUUAUGUAACUUUCUUAUUUAAUUUUGGUCUGCUUAUUUUUAGAUAAA,0.3288590604026846,0.39112237
CAAAAUUAAAUAAGAAAGU,UCAAAUGGAAUCUUAUGUAACUUUCUUAUUUAAUUUUGGUCUGCUUAUUUUUAGAUA,0.3251304996271439,0.43154582
UAAGAAAGUUACAUAAGAU,UUAUGUAUGCUCAAAUGGAAUCUUAUGUAACUUUCUUAUUUAAUUUUGGUCUGCUUA,0.4407158836689038,0.5971234
AAGUUACAUAAGAUUCCAU,UGGCCUUAUGUAUGCUCAAAUGGAAUCUUAUGUAACUUUCUUAUUUAAUUUUGGUCU,0.3810589112602535,0.51248664
ACAUAAGAUUCCAUUUGAG,UAUCAUGGCCUUAUGUAUGCUCAAAUGGAAUCUUAUGUAACUUUCUUAUUUAAUUUU,0.4138702460850112,0.5626674
AAGAUUCCAUUUGAGCAUA,AAAGUAUCAUGGCCUUAUGUAUGCUCAAAUGGAAUCUUAUGUAACUUUCUUAUUUAA,0.4079045488441462,0.52154934
CCAUUUGAGCAUACAUAAG,CACAUUAAAGUAUCAUGGCCUUAUGUAUGCUCAAAUGGAAUCUUAUGUAACUUUCUU,0.3281133482475764,0.41139987
CAUUUGAGCAUACAUAAGG,UCACAUUAAAGUAUCAUGGCCUUAUGUAUGCUCAAAUGGAAUCUUAUGUAACUUUCU,0.4854586129753915,0.618246
AUAAGGCCAUGAUACUUUA,AAGAAAUGGUGGUUCACAUUAAAGUAUCAUGGCCUUAUGUAUGCUCAAAUGGAAUCU,0.5659955257270693,0.57444596
GCCAUGAUACUUUAAUGUG,CUUCCAAGAAAUGGUGGUUCACAUUAAAGUAUCAUGGCCUUAUGUAUGCUCAAAUGG,0.465324384787472,0.44040075
UUAAUGUGAACCACCAUUU,AUGUCUUCUUUCUUCCAAGAAAUGGUGGUUCACAUUAAAGUAUCAUGGCCUUAUGUA,0.6398210290827739,0.68243515
UGUGAACCACCAUUUCUUG,UUGGAUGUCUUCUUUCUUCCAAGAAAUGGUGGUUCACAUUAAAGUAUCAUGGCCUUA,0.6331096196868009,0.65237546
GAACCACCAUUUCUUGGAA,CAUUUGGAUGUCUUCUUUCUUCCAAGAAAUGGUGGUUCACAUUAAAGUAUCAUGGCC,0.2856077554064131,0.290548
AUUUCUUGGAAGAAAGAAG,GAAUCGGACAUUUGGAUGUCUUCUUUCUUCCAAGAAAUGGUGGUUCACAUUAAAGUA,0.4004474272930649,0.62461764
UGGAAGAAAGAAGACAUCC,CUCUCUGAAUCGGACAUUUGGAUGUCUUCUUUCUUCCAAGAAAUGGUGGUUCACAUU,0.6204325130499627,0.6865446
GGAAGAAAGAAGACAUCCA,UCUCUCUGAAUCGGACAUUUGGAUGUCUUCUUUCUUCCAAGAAAUGGUGGUUCACAU,0.5100671140939598,0.456972
GAAAGAAGACAUCCAAAUG,ACUUUCUCUCUGAAUCGGACAUUUGGAUGUCUUCUUUCUUCCAAGAAAUGGUGGUUC,0.5488441461595824,0.57246834
AAGACAUCCAAAUGUCCGA,CAGGAACUUUCUCUCUGAAUCGGACAUUUGGAUGUCUUCUUUCUUCCAAGAAAUGGU,0.6189410887397464,0.66758716
CAUCCAAAUGUCCGAUUCA,UGGCCAGGAACUUUCUCUCUGAAUCGGACAUUUGGAUGUCUUCUUUCUUCCAAGAAA,0.2900820283370619,0.46078238
UUCCUGGCCAGUCAUCCAG,GAAGAGUGGAGAGAGUCUACUGGAUGACUGGCCAGGAACUUUCUCUCUGAAUCGGAC,0.5645041014168531,0.541477
CCUGGCCAGUCAUCCAGUA,UUGAAGAGUGGAGAGAGUCUACUGGAUGACUGGCCAGGAACUUUCUCUCUGAAUCGG,0.4116331096196868,0.3029885
AGUCAUCCAGUAGACUCUC,CUUCCCAUUGAAGAGUGGAGAGAGUCUACUGGAUGACUGGCCAGGAACUUUCUCUCU,0.5764354958985831,0.6092286
AGACUCUCUCCACUCUUCA,AUAAGCAUCACCUUCCCAUUGAAGAGUGGAGAGAGUCUACUGGAUGACUGGCCAGGA,0.5272184936614467,0.6466928
GGAAGGUGAUGCUUAUAUU,CUUUGUAGAGAUUUUUAAAAAUAUAAGCAUCACCUUCCCAUUGAAGAGUGGAGAGAG,0.3862788963460105,0.3896667
UCUACAAAGCUCACAUACA,CUAGGAUGUACUGUCUUGUUGUAUGUGAGCUUUGUAGAGAUUUUUAAAAAUAUAAGC,0.5615212527964206,0.6093805
CAACAAGACAGUACAUCCU,UCAUAUCAGUCACAAAUCUAGGAUGUACUGUCUUGUUGUAUGUGAGCUUUGUAGAGA,0.6092468307233407,0.5746878
ACAGUACAUCCUAGAUUUG,UAAAUGCUCAUAUCAGUCACAAAUCUAGGAUGUACUGUCUUGUUGUAUGUGAGCUUU,0.5920954511558538,0.5267109
UCCUAGAUUUGUGACUGAU,GACAGCCUUAAAUGCUCAUAUCAGUCACAAAUCUAGGAUGUACUGUCUUGUUGUAUG,0.5615212527964206,0.55301535
UUUGUGACUGAUAUGAGCA,UGAAAAUGACAGCCUUAAAUGCUCAUAUCAGUCACAAAUCUAGGAUGUACUGUCUUG,0.6234153616703952,0.7229165
UGUGACUGAUAUGAGCAUU,CUUGAAAAUGACAGCCUUAAAUGCUCAUAUCAGUCACAAAUCUAGGAUGUACUGUCU,0.5667412378821775,0.56928307
GCAUUUAAGGCUGUCAUUU,ACUAAACUUUUAUACUUGAAAAUGACAGCCUUAAAUGCUCAUAUCAGUCACAAAUCU,0.3154362416107382,0.29758546
UUUAAGGCUGUCAUUUUCA,AACACUAAACUUUUAUACUUGAAAAUGACAGCCUUAAAUGCUCAUAUCAGUCACAAA,0.5876211782252051,0.69773656
UUAAGGCUGUCAUUUUCAA,GAACACUAAACUUUUAUACUUGAAAAUGACAGCCUUAAAUGCUCAUAUCAGUCACAA,0.6495152870991797,0.611257
AAGUAUAAAAGUUUAGUGU,GCACAGAUUGGGUAAUGGAACACUAAACUUUUAUACUUGAAAAUGACAGCCUUAAAU,0.5674869500372857,0.5572763
UAAAAGUUUAGUGUUCCAU,CUACUGCACAGAUUGGGUAAUGGAACACUAAACUUUUAUACUUGAAAAUGACAGCCU,0.6122296793437733,0.6142094
GUGUUCCAUUACCCAAUCU,AUAGCUAUGUCUACUGCACAGAUUGGGUAAUGGAACACUAAACUUUUAUACUUGAAA,0.5369127516778524,0.46504453
UGUUCCAUUACCCAAUCUG,UAUAGCUAUGUCUACUGCACAGAUUGGGUAAUGGAACACUAAACUUUUAUACUUGAA,0.6435495898583147,0.6603442
GUUCCAUUACCCAAUCUGU,UUAUAGCUAUGUCUACUGCACAGAUUGGGUAAUGGAACACUAAACUUUUAUACUUGA,0.3512304250559284,0.4438984
UGUGCAGUAGACAUAGCUA,UUCACAUGACUUGAGCUUAUAGCUAUGUCUACUGCACAGAUUGGGUAAUGGAACACU,0.6472781506338553,0.55999744
UGCAGUAGACAUAGCUAUA,AAUUCACAUGACUUGAGCUUAUAGCUAUGUCUACUGCACAGAUUGGGUAAUGGAACA,0.5786726323639075,0.5599302
UAGCUAUAAGCUCAAGUCA,GGGCUUCUGUUAAUUCACAUGACUUGAGCUUAUAGCUAUGUCUACUGCACAGAUUGG,0.6331096196868009,0.68134654
AUAAGCUCAAGUCAUGUGA,UUGGUGGGCUUCUGUUAAUUCACAUGACUUGAGCUUAUAGCUAUGUCUACUGCACAG,0.6487695749440716,0.6726897
CUCAAGUCAUGUGAAUUAA,UGUCUUUGGUGGGCUUCUGUUAAUUCACAUGACUUGAGCUUAUAGCUAUGUCUACUG,0.4056674123788218,0.45411843
UAUAAUUUGGGCAACAGCA,CCUUUCCUACAUUUAAACUUGCUGUUGCCCAAAUUAUAAUUUUUUAAAUGUCUUUGG,0.6383296047725577,0.66852313
AUAAUUUGGGCAACAGCAA,GCCUUUCCUACAUUUAAACUUGCUGUUGCCCAAAUUAUAAUUUUUUAAAUGUCUUUG,0.622669649515287,0.5520927
GCAACAGCAAGUUUAAAUG,UUUUUUCUAGCCUUUCCUACAUUUAAACUUGCUGUUGCCCAAAUUAUAAUUUUUUAA,0.5563012677106637,0.5419355
ACAGCAAGUUUAAAUGUAG,ACAUUUUUUCUAGCCUUUCCUACAUUUAAACUUGCUGUUGCCCAAAUUAUAAUUUUU,0.6152125279642058,0.6238028
AUUGUUUCUCUAAAAUGCA,UUCAUUGUGAACAACCUAAUGCAUUUUAGAGAAACAAUCUCAUCACAUUUUUUCUAG,0.6331096196868009,0.64234173
AUGCAUUAGGUUGUUCACA,GUGUUAGACAAAGCUUCAUUGUGAACAACCUAAUGCAUUUUAGAGAAACAAUCUCAU,0.5622669649515287,0.5866744
UGCAUUAGGUUGUUCACAA,GGUGUUAGACAAAGCUUCAUUGUGAACAACCUAAUGCAUUUUAGAGAAACAAUCUCA,0.6189410887397464,0.53503644
UAACACCAUUAUCUGAUGC,CAUGCAUCAGAUAAUGGAUGCAUCAGAUAAUGGUGUUAGACAAAGCUUCAUUGUGAA,0.6920208799403431,0.75443614
AACACCAUUAUCUGAUGCA,CCAUGCAUCAGAUAAUGGAUGCAUCAGAUAAUGGUGUUAGACAAAGCUUCAUUGUGA,0.459358687546607,0.6558663
CAUUAUCUGAUGCAUCCAU,AUAUGCCAUGCAUCAGAUAAUGGAUGCAUCAGAUAAUGGUGUUAGACAAAGCUUCAU,0.6152125279642058,0.47728622
UAUCUGAUGCAUCCAUUAU,UGCAUAUGCCAUGCAUCAGAUAAUGGAUGCAUCAGAUAAUGGUGUUAGACAAAGCUU,0.6025354213273677,0.6580954
CUGAUGCAUCCAUUAUCUG,UAUUGCAUAUGCCAUGCAUCAGAUAAUGGAUGCAUCAGAUAAUGGUGUUAGACAAAG,0.5995525727069352,0.5819173
AUCCAUUAUCUGAUGCAUG,UCUGCCUUAUUGCAUAUGCCAUGCAUCAGAUAAUGGAUGCAUCAGAUAAUGGUGUUA,0.5391498881431768,0.6417973
CAUUAUCUGAUGCAUGGCA,GGAUCUGCCUUAUUGCAUAUGCCAUGCAUCAGAUAAUGGAUGCAUCAGAUAAUGGUG,0.4451901565995526,0.50867414
UUAUCUGAUGCAUGGCAUA,GUGGAUCUGCCUUAUUGCAUAUGCCAUGCAUCAGAUAAUGGAUGCAUCAGAUAAUGG,0.5645041014168531,0.67190826
AUGCAAUAAGGCAGAUCCA,UUCCUUGUUUGGUCUGCUGUGGAUCUGCCUUAUUGCAUAUGCCAUGCAUCAGAUAAU,0.6614466815809098,0.58016837
GCAAUAAGGCAGAUCCACA,XCUUCCUUGUUUGGUCUGCUGUGGAUCUGCCUUAUUGCAUAUGCCAUGCAUCAGAUA,0.5130499627143922,0.4870304
CAAUAAGGCAGAUCCACAG,XXCUUCCUUGUUUGGUCUGCUGUGGAUCUGCCUUAUUGCAUAUGCCAUGCAUCAGAU,0.5891126025354214,0.63224465
CGUCCCGUAGUAGUCGUCG,AGGGCUCAGACCUCUUCUACGACGACUACUACGGGACGGCGAGGUGGAGGAGGAGGX,0.4675615212527964,0.42682675
CCCGUAGUAGUCGUCGUAG,ACGAGGGCUCAGACCUCUUCUACGACGACUACUACGGGACGGCGAGGUGGAGGAGGA,0.5145413870246085,0.5223258
GUAGUCGUCGUAGAAGAGG,CGCCCGACGAGGGCUCAGACCUCUUCUACGACGACUACUACGGGACGGCGAGGUGGA,0.6167039522744221,0.5128183
UAGUCGUCGUAGAAGAGGU,GCGCCCGACGAGGGCUCAGACCUCUUCUACGACGACUACUACGGGACGGCGAGGUGG,0.6659209545115585,0.62095684
GUCGUAGAAGAGGUCUGAG,CGCCGGCGCCCGACGAGGGCUCAGACCUCUUCUACGACGACUACUACGGGACGGCGA,0.2774049217002237,0.51500416
AGAGGUCUGAGCCCUCGUC,GACCAAGGCGCCGGCGCCCGACGAGGGCUCAGACCUCUUCUACGACGACUACUACGG,0.3855331841909023,0.43265572
GUCUGAGCCCUCGUCGGGC,UGAAGACCAAGGCGCCGGCGCCCGACGAGGGCUCAGACCUCUUCUACGACGACUACU,0.2505592841163311,0.4420797
GUCGGGCGCCGGCGCCUUG,CCGAGUACUGCGUGAAGACCAAGGCGCCGGCGCCCGACGAGGGCUCAGACCUCUUCU,0.1998508575689783,0.3182504
GCGCCGGCGCCUUGGUCUU,GCUGGCCGAGUACUGCGUGAAGACCAAGGCGCCGGCGCCCGACGAGGGCUCAGACCU,0.1901565995525727,0.28387886
UGGUCUUCACGCAGUACUC,GGUGCCCACCACGCUGGCCGAGUACUGCGUGAAGACCAAGGCGCCGGCGCCCGACGA,0.5495898583146905,0.64596385
GUCUUCACGCAGUACUCGG,AAGGUGCCCACCACGCUGGCCGAGUACUGCGUGAAGACCAAGGCGCCGGCGCCCGAC,0.4399701715137956,0.539294
UUCACGCAGUACUCGGCCA,GUGAAGGUGCCCACCACGCUGGCCGAGUACUGCGUGAAGACCAAGGCGCCGGCGCCC,0.4862043251304996,0.56988597
CGCAGUACUCGGCCAGCGU,CGGCGUGAAGGUGCCCACCACGCUGGCCGAGUACUGCGUGAAGACCAAGGCGCCGGC,0.3907531692766592,0.4119135
GUCACGCUCCGCGUCCACC,AGCAGGUCCUGGGGACCAAGGUGGACGCGGAGCGUGACGGCGUGAAGGUGCCCACCA,0.3982102908277405,0.3702763
CCUUGGUCCCCAGGACCUG,CACAGACAUCAUCCGGAAGCAGGUCCUGGGGACCAAGGUGGACGCGGAGCGUGACGG,0.3206562266964951,0.3765975
GUCCCCAGGACCUGCUUCC,GAGUACACAGACAUCAUCCGGAAGCAGGUCCUGGGGACCAAGGUGGACGCGGAGCGU,0.4354958985831468,0.50736845
GCUUCCGGAUGAUGUCUGU,GGGGAAGGAUCGGGAGUACACAGACAUCAUCCGGAAGCAGGUCCUGGGGACCAAGGU,0.2602535421327367,0.45278996
GAUGAUGUCUGUGUACUCC,AGAGCAAGGGGAAGGAUCGGGAGUACACAGACAUCAUCCGGAAGCAGGUCCUGGGGA,0.5712155108128263,0.6664128
UGUGUACUCCCGAUCCUUC,AGUGGAAAGAGAGCAAGGGGAAGGAUCGGGAGUACACAGACAUCAUCCGGAAGCAGG,0.5540641312453393,0.71732616
GUGUACUCCCGAUCCUUCC,AAGUGGAAAGAGAGCAAGGGGAAGGAUCGGGAGUACACAGACAUCAUCCGGAAGCAG,0.4213273676360924,0.69165367
CCCGAUCCUUCCCCUUGCU,GUACAGGAAGUGGAAAGAGAGCAAGGGGAAGGAUCGGGAGUACACAGACAUCAUCCG,0.3072334079045488,0.4067717
UUUCCACUUCCUGUACAUC,CAAACGUGGACGCCUCCGUGAUGUACAGGAAGUGGAAAGAGAGCAAGGGGAAGGAUC,0.6181953765846383,0.73603946
CCUGUACAUCACGGAGGCG,UCUCGCCCGCAAACGUGGACGCCUCCGUGAUGUACAGGAAGUGGAAAGAGAGCAAGG,0.2714392244593587,0.42537394
CAUCACGGAGGCGUCCACG,ACACCUUCUCGCCCGCAAACGUGGACGCCUCCGUGAUGUACAGGAAGUGGAAAGAGA,0.5920954511558538,0.44426453
UCACGGAGGCGUCCACGUU,CAACACCUUCUCGCCCGCAAACGUGGACGCCUCCGUGAUGUACAGGAAGUGGAAAGA,0.4116331096196868,0.4933401
CGGGCGAGAAGGUGUUGGG,GAUCUCCCUCCUGAACGAGCCCAACACCUUCUCGCCCGCAAACGUGGACGCCUCCGU,0.3422818791946309,0.4341645
GUUGGGCUCGUUCAGGAGG,UUCUCCUGAGUGUGAUCUCCCUCCUGAACGAGCCCAACACCUUCUCGCCCGCAAACG,0.5085756897837436,0.47736248
UCGUUCAGGAGGGAGAUCA,AGGACCAUUCUCCUGAGUGUGAUCUCCCUCCUGAACGAGCCCAACACCUUCUCGCCC,0.5219985085756897,0.6041601
GGAGGGAGAUCACACUCAG,GAACGUCAGGACCAUUCUCCUGAGUGUGAUCUCCCUCCUGAACGAGCCCAACACCUU,0.1730052199850857,0.46301296
GAGGGAGAUCACACUCAGG,AGAACGUCAGGACCAUUCUCCUGAGUGUGAUCUCCCUCCUGAACGAGCCCAACACCU,0.4354958985831468,0.47690868
GGGAGAUCACACUCAGGAG,GCAGAACGUCAGGACCAUUCUCCUGAGUGUGAUCUCCCUCCUGAACGAGCCCAACAC,0.3154362416107382,0.46034524
UCACACUCAGGAGAAUGGU,CCCCACGCAGAACGUCAGGACCAUUCUCCUGAGUGUGAUCUCCCUCCUGAACGAGCC,0.6062639821029082,0.6282367
CACACUCAGGAGAAUGGUC,ACCCCACGCAGAACGUCAGGACCAUUCUCCUGAGUGUGAUCUCCCUCCUGAACGAGC,0.3348247576435496,0.5486061
CAGGAGAAUGGUCCUGACG,GGUGGAACCCCACGCAGAACGUCAGGACCAUUCUCCUGAGUGUGAUCUCCCUCCUGA,0.5376584638329605,0.5164201
AGGAGAAUGGUCCUGACGU,AGGUGGAACCCCACGCAGAACGUCAGGACCAUUCUCCUGAGUGUGAUCUCCCUCCUG,0.5384041759880686,0.5449832
CUGACGUUCUGCGUGGGGU,CUGCCCUCAGAGAGGUGGAACCCCACGCAGAACGUCAGGACCAUUCUCCUGAGUGUG,0.4310216256524981,0.50103325
UCUGCGUGGGGUUCCACCU,CGGGGAGCUGCCCUCAGAGAGGUGGAACCCCACGCAGAACGUCAGGACCAUUCUCCU,0.5413870246085011,0.60257864
CCACCUCUCUGAGGGCAGC,ACGACCCCCAGAGCGGGGAGCUGCCCUCAGAGAGGUGGAACCCCACGCAGAACGUCA,0.2930648769574944,0.42233276
GGUCGUCCACCGGCGGGUG,CGUGUGUAUCUCCAUCCUCCACCCGCCGGUGGACGACCCCCAGAGCGGGGAGCUGCC,0.1894108873974646,0.28119224
GUCGUCCACCGGCGGGUGG,ACGUGUGUAUCUCCAUCCUCCACCCGCCGGUGGACGACCCCCAGAGCGGGGAGCUGC,0.3296047725577927,0.3135028
CGUAGAUGUUAGGGUGCCA,UCGGUUCCUGACCAAGAUGUGGCACCCUAACAUCUACGAGACGGGGGACGUGUGUAU,0.1871737509321402,0.41850796
UGUUAGGGUGCCACAUCUU,AGCCUUUCGGUUCCUGACCAAGAUGUGGCACCCUAACAUCUACGAGACGGGGGACGU,0.273676360924683,0.58202016
GUGGAGAGUAUGGGUAGUC,GCGCCUCAAGUUCCCCAUCGACUACCCAUACUCUCCACCAGCCUUUCGGUUCCUGAC,0.4914243102162565,0.59339494
GUAUGGGUAGUCGAUGGGG,UCAAGGCGCGCCUCAAGUUCCCCAUCGACUACCCAUACUCUCCACCAGCCUUUCGGU,0.3348247576435496,0.51079565
GAUGGGGAACUUGAGGCGC,AGGGCGGCUACUUCAAGGCGCGCCUCAAGUUCCCCAUCGACUACCCAUACUCUCCAC,0.4325130499627144,0.50202495
AUGGGGAACUUGAGGCGCG,GAGGGCGGCUACUUCAAGGCGCGCCUCAAGUUCCCCAUCGACUACCCAUACUCUCCA,0.3810589112602535,0.4941483
CGCCUUGAAGUAGCCGCCC,CCCCCAACACCUACUACGAGGGCGGCUACUUCAAGGCGCGCCUCAAGUUCCCCAUCG,0.2222222222222222,0.44467196
GAAGUAGCCGCCCUCGUAG,UCGGGCCCCCCAACACCUACUACGAGGGCGGCUACUUCAAGGCGCGCCUCAAGUUCC,0.4459358687546607,0.5844402
AAGUAGCCGCCCUCGUAGU,UUCGGGCCCCCCAACACCUACUACGAGGGCGGCUACUUCAAGGCGCGCCUCAAGUUC,0.5495898583146905,0.52520305
CCUCCCAGUUGUAUAGAUC,GACACUGGUGGACGAGGGCGAUCUAUACAACUGGGAGGUGGCCAUCUUCGGGCCCCC,0.3109619686800894,0.57983613
UCCCAGUUGUAUAGAUCGC,GUGACACUGGUGGACGAGGGCGAUCUAUACAACUGGGAGGUGGCCAUCUUCGGGCCC,0.5518269947800151,0.6792767
GUUGUAUAGAUCGCCCUCG,UCCGCGUGACACUGGUGGACGAGGGCGAUCUAUACAACUGGGAGGUGGCCAUCUUCG,0.5421327367636093,0.5637627
UGUAUAGAUCGCCCUCGUC,AUUCCGCGUGACACUGGUGGACGAGGGCGAUCUAUACAACUGGGAGGUGGCCAUCUU,0.4794929157345265,0.5904345
UCGCCCUCGUCCACCAGUG,GUCGAGGGAUUCCGCGUGACACUGGUGGACGAGGGCGAUCUAUACAACUGGGAGGUG,0.5630126771066368,0.47741684
CGUCCACCAGUGUCACGCG,AGAGCCGGUCGAGGGAUUCCGCGUGACACUGGUGGACGAGGGCGAUCUAUACAACUG,0.5018642803877703,0.4130407
CCCUCGACCGGCUCUUCCU,XXXXXXXXCAAGGGGCUGCAGGAAGAGCCGGUCGAGGGAUUCCGCGUGACACUGGUG,0.3303504847129008,0.46684864
CGGCUCUUCCUGCAGCCCC,XXXXXXXXXXXXXXXXCAAGGGGCUGCAGGAAGAGCCGGUCGAGGGAUUCCGCGUGA,0.354958985831469,0.36759406
GUCUGUUUUAUAGAUCCGU,CCCUAGUGCCAGAGAUUGCACGGAUCUAUAAAACAGACAGAGXXXXXXXXXXXXXXX,0.5093214019388517,0.5944455
UUUAUAGAUCCGUGCAAUC,AUGACCCCCUAGUGCCAGAGAUUGCACGGAUCUAUAAAACAGACAGAGXXXXXXXXX,0.6890380313199106,0.74754393
AGAUCCGUGCAAUCUCUGG,CCCAGAUGACCCCCUAGUGCCAGAGAUUGCACGGAUCUAUAAAACAGACAGAGXXXX,0.6114839671886652,0.6068006
CGUGCAAUCUCUGGCACUA,CCAAACCCAGAUGACCCCCUAGUGCCAGAGAUUGCACGGAUCUAUAAAACAGACAGA,0.465324384787472,0.3227892
UGCAAUCUCUGGCACUAGG,AUCCAAACCCAGAUGACCCCCUAGUGCCAGAGAUUGCACGGAUCUAUAAAACAGACA,0.6428038777032066,0.59702605
GGGUCAUCUGGGUUUGGAU,AUUUGUUCACUGCUAUGUGAUCCAAACCCAGAUGACCCCCUAGUGCCAGAGAUUGCA,0.3318419090231171,0.336706
GGUCAUCUGGGUUUGGAUC,CAUUUGUUCACUGCUAUGUGAUCCAAACCCAGAUGACCCCCUAGUGCCAGAGAUUGC,0.4213273676360924,0.49423343
CUGGGUUUGGAUCACAUAG,UUUAUCCAUUUGUUCACUGCUAUGUGAUCCAAACCCAGAUGACCCCCUAGUGCCAGA,0.7143922445935869,0.52850133
GGGUUUGGAUCACAUAGCA,CUUUUAUCCAUUUGUUCACUGCUAUGUGAUCCAAACCCAGAUGACCCCCUAGUGCCA,0.3146905294556301,0.40556213
UUGGAUCACAUAGCAGUGA,AGUUCUUUUAUCCAUUUGUUCACUGCUAUGUGAUCCAAACCCAGAUGACCCCCUAGU,0.7099179716629381,0.6397393
CAUAGCAGUGAACAAAUGG,AUUUCUAAAGUUCUUUUAUCCAUUUGUUCACUGCUAUGUGAUCCAAACCCAGAUGAC,0.7046979865771812,0.63865
AUAGCAGUGAACAAAUGGA,AAUUUCUAAAGUUCUUUUAUCCAUUUGUUCACUGCUAUGUGAUCCAAACCCAGAUGA,0.7337807606263982,0.5922065
UAGCAGUGAACAAAUGGAU,CAAUUUCUAAAGUUCUUUUAUCCAUUUGUUCACUGCUAUGUGAUCCAAACCCAGAUG,0.7166293810589113,0.6283663
GCAGUGAACAAAUGGAUAA,AACAAUUUCUAAAGUUCUUUUAUCCAUUUGUUCACUGCUAUGUGAUCCAAACCCAGA,0.1759880686055182,0.33712167
GUGAACAAAUGGAUAAAAG,UUUAACAAUUUCUAAAGUUCUUUUAUCCAUUUGUUCACUGCUAUGUGAUCCAAACCC,0.2013422818791946,0.53737164
UGGAUAAAAGAACUUUAGA,GUCGCCUGCUUUAACAAUUUCUAAAGUUCUUUUAUCCAUUUGUUCACUGCUAUGUGA,0.4787472035794183,0.5684481
GAUAAAAGAACUUUAGAAA,UGGUCGCCUGCUUUAACAAUUUCUAAAGUUCUUUUAUCCAUUUGUUCACUGCUAUGU,0.2281879194630872,0.37415808
AAAAGAACUUUAGAAAUUG,CAGUGGUCGCCUGCUUUAACAAUUUCUAAAGUUCUUUUAUCCAUUUGUUCACUGCUA,0.6010439970171514,0.6831373
UUUAGAAAUUGUUAAAGCA,UAAGAUCACAGUGGUCGCCUGCUUUAACAAUUUCUAAAGUUCUUUUAUCCAUUUGUU,0.6860551826994781,0.6534939
UUAGAAAUUGUUAAAGCAG,CUAAGAUCACAGUGGUCGCCUGCUUUAACAAUUUCUAAAGUUCUUUUAUCCAUUUGU,0.6689038031319909,0.6975479
AUUGUUAAAGCAGGCGACC,GAUAUUCUAAGAUCACAGUGGUCGCCUGCUUUAACAAUUUCUAAAGUUCUUUUAUCC,0.6301267710663684,0.66699433
UUGUUAAAGCAGGCGACCA,CGAUAUUCUAAGAUCACAGUGGUCGCCUGCUUUAACAAUUUCUAAAGUUCUUUUAUC,0.6733780760626399,0.6950534
UGUUAAAGCAGGCGACCAC,UCGAUAUUCUAAGAUCACAGUGGUCGCCUGCUUUAACAAUUUCUAAAGUUCUUUUAU,0.7472035794183445,0.73788506
GGCGACCACUGUGAUCUUA,AGCAUUUGUCUCGAUAUUCUAAGAUCACAGUGGUCGCCUGCUUUAACAAUUUCUAAA,0.4146159582401194,0.38508976
CGACCACUGUGAUCUUAGA,GCAGCAUUUGUCUCGAUAUUCUAAGAUCACAGUGGUCGCCUGCUUUAACAAUUUCUA,0.3228933631618195,0.37647945
UGAUCUUAGAAUAUCGAGA,ACAGUAAUGGCAGCAUUUGUCUCGAUAUUCUAAGAUCACAGUGGUCGCCUGCUUUAA,0.7315436241610738,0.64845324
GAAUAUCGAGACAAAUGCU,AAAUAUUAACAGUAAUGGCAGCAUUUGUCUCGAUAUUCUAAGAUCACAGUGGUCGCC,0.5906040268456376,0.58729714
AAUAUCGAGACAAAUGCUG,CAAAUAUUAACAGUAAUGGCAGCAUUUGUCUCGAUAUUCUAAGAUCACAGUGGUCGC,0.7099179716629381,0.7004608
AUCGAGACAAAUGCUGCCA,AUCCAAAUAUUAACAGUAAUGGCAGCAUUUGUCUCGAUAUUCUAAGAUCACAGUGGU,0.7427293064876958,0.65173364
ACAAAUGCUGCCAUUACUG,UUUAUCAUCCAAAUAUUAACAGUAAUGGCAGCAUUUGUCUCGAUAUUCUAAGAUCAC,0.7263236390753169,0.71643627
UGCUGCCAUUACUGUUAAU,AAGAAUUUAUCAUCCAAAUAUUAACAGUAAUGGCAGCAUUUGUCUCGAUAUUCUAAG,0.4295302013422818,0.50624573
CUGUUAAUAUUUGGAUGAU,GCAUUUACAACAAGAAUUUAUCAUCCAAAUAUUAACAGUAAUGGCAGCAUUUGUCUC,0.23862788963460102,0.38563046
UAAUAUUUGGAUGAUAAAU,GGUUGCAUUUACAACAAGAAUUUAUCAUCCAAAUAUUAACAGUAAUGGCAGCAUUUG,0.5682326621923938,0.56780535
UUUGGAUGAUAAAUUCUUG,CCUAAGGUUGCAUUUACAACAAGAAUUUAUCAUCCAAAUAUUAACAGUAAUGGCAGC,0.6942580164056674,0.698266
GAUAAAUUCUUGUUGUAAA,CAAACCACCUAAGGUUGCAUUUACAACAAGAAUUUAUCAUCCAAAUAUUAACAGUAA,0.3639075316927666,0.36070088
AUAAAUUCUUGUUGUAAAU,UCAAACCACCUAAGGUUGCAUUUACAACAAGAAUUUAUCAUCCAAAUAUUAACAGUA,0.5548098434004475,0.5356976
UAAAUUCUUGUUGUAAAUG,UUCAAACCACCUAAGGUUGCAUUUACAACAAGAAUUUAUCAUCCAAAUAUUAACAGU,0.5219985085756897,0.64578694
AAUUCUUGUUGUAAAUGCA,CCUUCAAACCACCUAAGGUUGCAUUUACAACAAGAAUUUAUCAUCCAAAUAUUAACA,0.6211782252050708,0.59624046
AUUCUUGUUGUAAAUGCAA,CCCUUCAAACCACCUAAGGUUGCAUUUACAACAAGAAUUUAUCAUCCAAAUAUUAAC,0.5100671140939598,0.4921754
CUUGUUGUAAAUGCAACCU,UACCCCUUCAAACCACCUAAGGUUGCAUUUACAACAAGAAUUUAUCAUCCAAAUAUU,0.6457867263236391,0.46158516
UUGUUGUAAAUGCAACCUU,CUACCCCUUCAAACCACCUAAGGUUGCAUUUACAACAAGAAUUUAUCAUCCAAAUAU,0.6189410887397464,0.63161814
GUUGUAAAUGCAACCUUAG,GACUACCCCUUCAAACCACCUAAGGUUGCAUUUACAACAAGAAUUUAUCAUCCAAAU,0.6032811334824758,0.49486592
CAACCUUAGGUGGUUUGAA,UUUUCCUACAGACUACCCCUUCAAACCACCUAAGGUUGCAUUUACAACAAGAAUUUA,0.4802386278896346,0.30759797
ACCUUAGGUGGUUUGAAGG,CAUUUUCCUACAGACUACCCCUUCAAACCACCUAAGGUUGCAUUUACAACAAGAAUU,0.7046979865771812,0.6022038
GGUGGUUUGAAGGGGUAGU,ACAAUUCAUUUUCCUACAGACUACCCCUUCAAACCACCUAAGGUUGCAUUUACAACA,0.4705443698732289,0.3770187
GUGGUUUGAAGGGGUAGUC,GACAAUUCAUUUUCCUACAGACUACCCCUUCAAACCACCUAAGGUUGCAUUUACAAC,0.6532438478747203,0.53824264
UUGAAGGGGUAGUCUGUAG,UUUUUGACAAUUCAUUUUCCUACAGACUACCCCUUCAAACCACCUAAGGUUGCAUUU,0.7076808351976137,0.6759423
UGAAGGGGUAGUCUGUAGG,CUUUUUGACAAUUCAUUUUCCUACAGACUACCCCUUCAAACCACCUAAGGUUGCAUU,0.7449664429530202,0.65301293
UAGUCUGUAGGAAAAUGAA,GGUGUAUUCUUUUUGACAAUUCAUUUUCCUACAGACUACCCCUUCAAACCACCUAAG,0.6338553318419089,0.5135456
GUCUGUAGGAAAAUGAAUU,GCGGUGUAUUCUUUUUGACAAUUCAUUUUCCUACAGACUACCCCUUCAAACCACCUA,0.4645786726323639,0.4540344
CUGUAGGAAAAUGAAUUGU,AGGCGGUGUAUUCUUUUUGACAAUUCAUUUUCCUACAGACUACCCCUUCAAACCACC,0.5682326621923938,0.4971452
UGUAGGAAAAUGAAUUGUC,AAGGCGGUGUAUUCUUUUUGACAAUUCAUUUUCCUACAGACUACCCCUUCAAACCAC,0.6882923191648024,0.6714566
GUAGGAAAAUGAAUUGUCA,CAAGGCGGUGUAUUCUUUUUGACAAUUCAUUUUCCUACAGACUACCCCUUCAAACCA,0.4131245339299031,0.48183954
AAAAGAAUACACCGCCUUG,ACCUAAUGACAGCCCAUAUCAAGGCGGUGUAUUCUUUUUGACAAUUCAUUUUCCUAC,0.7792692020879941,0.6715167
AGAAUACACCGCCUUGAUA,GGGACCUAAUGACAGCCCAUAUCAAGGCGGUGUAUUCUUUUUGACAAUUCAUUUUCC,0.7419835943325876,0.5775695
CUUGAUAUGGGCUGUCAUU,AGCCACAAUUAUGGGACCUAAUGACAGCCCAUAUCAAGGCGGUGUAUUCUUUUUGAC,0.5965697240865027,0.44737157
UUGAUAUGGGCUGUCAUUA,AAGCCACAAUUAUGGGACCUAAUGACAGCCCAUAUCAAGGCGGUGUAUUCUUUUUGA,0.7285607755406414,0.6780214
GGGCUGUCAUUAGGUCCCA,CAUUGGCAAGCCACAAUUAUGGGACCUAAUGACAGCCCAUAUCAAGGCGGUGUAUUC,0.3624161073825503,0.33212855
GCUGUCAUUAGGUCCCAUA,UUCAUUGGCAAGCCACAAUUAUGGGACCUAAUGACAGCCCAUAUCAAGGCGGUGUAU,0.3310961968680089,0.3103175
UGUCAUUAGGUCCCAUAAU,GUUUCAUUGGCAAGCCACAAUUAUGGGACCUAAUGACAGCCCAUAUCAAGGCGGUGU,0.4780014914243102,0.5442051
GGUCCCAUAAUUGUGGCUU,GAUGAUAUGUUUCAUUGGCAAGCCACAAUUAUGGGACCUAAUGACAGCCCAUAUCAA,0.3877703206562267,0.3130932
GUCCCAUAAUUGUGGCUUG,GGAUGAUAUGUUUCAUUGGCAAGCCACAAUUAUGGGACCUAAUGACAGCCCAUAUCA,0.2624906785980611,0.4342442
UCCCAUAAUUGUGGCUUGC,GGGAUGAUAUGUUUCAUUGGCAAGCCACAAUUAUGGGACCUAAUGACAGCCCAUAUC,0.5652498135719612,0.61368936
CCCAUAAUUGUGGCUUGCC,GGGGAUGAUAUGUUUCAUUGGCAAGCCACAAUUAUGGGACCUAAUGACAGCCCAUAU,0.4489187173750932,0.48540577
UAAUUGUGGCUUGCCAAUG,AGUUGGGGAUGAUAUGUUUCAUUGGCAAGCCACAAUUAUGGGACCUAAUGACAGCCC,0.7479492915734526,0.6765631
UUGUGGCUUGCCAAUGAAA,UCCAGUUGGGGAUGAUAUGUUUCAUUGGCAAGCCACAAUUAUGGGACCUAAUGACAG,0.6360924683072334,0.5826823
UGUGGCUUGCCAAUGAAAC,GUCCAGUUGGGGAUGAUAUGUUUCAUUGGCAAGCCACAAUUAUGGGACCUAAUGACA,0.7076808351976137,0.6778289
UGGCUUGCCAAUGAAACAU,AGGUCCAGUUGGGGAUGAUAUGUUUCAUUGGCAAGCCACAAUUAUGGGACCUAAUGA,0.6763609246830724,0.6110394
GGCUUGCCAAUGAAACAUA,CAGGUCCAGUUGGGGAUGAUAUGUUUCAUUGGCAAGCCACAAUUAUGGGACCUAAUG,0.3333333333333333,0.3666424
GCCAAUGAAACAUAUCAUC,UUCUGCAGGUCCAGUUGGGGAUGAUAUGUUUCAUUGGCAAGCCACAAUUAUGGGACC,0.4929157345264728,0.49577945
CAAUGAAACAUAUCAUCCC,UGUUCUGCAGGUCCAGUUGGGGAUGAUAUGUUUCAUUGGCAAGCCACAAUUAUGGGA,0.7084265473527218,0.6901323
AUAUCAUCCCCAACUGGAC,CCAGCACAAUGUUCUGCAGGUCCAGUUGGGGAUGAUAUGUUUCAUUGGCAAGCCACA,0.6584638329604773,0.71424866
UAUCAUCCCCAACUGGACC,UCCAGCACAAUGUUCUGCAGGUCCAGUUGGGGAUGAUAUGUUUCAUUGGCAAGCCAC,0.6987322893363163,0.6601469
CCCCAACUGGACCUGCAGA,XXXXXXUCCAGCACAAUGUUCUGCAGGUCCAGUUGGGGAUGAUAUGUUUCAUUGGCA,0.2453392990305742,0.37717912
CCCAACUGGACCUGCAGAA,XXXXXXXUCCAGCACAAUGUUCUGCAGGUCCAGUUGGGGAUGAUAUGUUUCAUUGGC,0.3728560775540641,0.3565036
GACCUGCAGAACAUUGUGC,XXXXXXXXXXXXXXXUCCAGCACAAUGUUCUGCAGGUCCAGUUGGGGAUGAUAUGUU,0.7479492915734526,0.61530876
ACCUGCAGAACAUUGUGCU,XXXXXXXXXXXXXXXXUCCAGCACAAUGUUCUGCAGGUCCAGUUGGGGAUGAUAUGU,0.7568978374347501,0.6815456
CCUGCAGAACAUUGUGCUG,XXXXXXXXXXXXXXXXXUCCAGCACAAUGUUCUGCAGGUCCAGUUGGGGAUGAUAUG,0.6547352721849367,0.5269437
CUUUGUUCAACAAUGGCCG,GAAUAUGAGAAAAGAGUUUCGGCCAUUGUUGAACAAAGCXXXXXXXXXXXXXXXXXX,0.5704697986577182,0.70646244
GUUCAACAAUGGCCGAAAC,ACGAGAAUAUGAGAAAAGAGUUUCGGCCAUUGUUGAACAAAGCXXXXXXXXXXXXXX,0.459358687546607,0.63156855
CAAUGGCCGAAACUCUUUU,AAACAAACGAGAAUAUGAGAAAAGAGUUUCGGCCAUUGUUGAACAAAGCXXXXXXXX,0.3668903803131991,0.5539261
AUGGCCGAAACUCUUUUCU,GAAAACAAACGAGAAUAUGAGAAAAGAGUUUCGGCCAUUGUUGAACAAAGCXXXXXX,0.5801640566741239,0.69731075
UGGCCGAAACUCUUUUCUC,GGAAAACAAACGAGAAUAUGAGAAAAGAGUUUCGGCCAUUGUUGAACAAAGCXXXXX,0.6167039522744221,0.76021653
CGAAACUCUUUUCUCAUAU,AUCAGGAAAACAAACGAGAAUAUGAGAAAAGAGUUUCGGCCAUUGUUGAACAAAGCX,0.3452647278150634,0.50503916
AAACUCUUUUCUCAUAUUC,UUAUCAGGAAAACAAACGAGAAUAUGAGAAAAGAGUUUCGGCCAUUGUUGAACAAAG,0.586875466070097,0.76826346
ACUCUUUUCUCAUAUUCUC,CUUUAUCAGGAAAACAAACGAGAAUAUGAGAAAAGAGUUUCGGCCAUUGUUGAACAA,0.6234153616703952,0.75741607
CUCUUUUCUCAUAUUCUCG,GCUUUAUCAGGAAAACAAACGAGAAUAUGAGAAAAGAGUUUCGGCCAUUGUUGAACA,0.5480984340044742,0.71911067
UCUUUUCUCAUAUUCUCGU,AGCUUUAUCAGGAAAACAAACGAGAAUAUGAGAAAAGAGUUUCGGCCAUUGUUGAAC,0.6278896346010439,0.7222057
AUUCUCGUUUGUUUUCCUG,CCAGGCAGCACAGCUUUAUCAGGAAAACAAACGAGAAUAUGAGAAAAGAGUUUCGGC,0.6263982102908278,0.7241243
UUUGUUUUCCUGAUAAAGC,CCAAUAGCCAGGCAGCACAGCUUUAUCAGGAAAACAAACGAGAAUAUGAGAAAAGAG,0.5995525727069352,0.77972114
UUUCCUGAUAAAGCUGUGC,UCCAGCCAAUAGCCAGGCAGCACAGCUUUAUCAGGAAAACAAACGAGAAUAUGAGAA,0.6249067859806114,0.74384785
UCCUGAUAAAGCUGUGCUG,AGUCCAGCCAAUAGCCAGGCAGCACAGCUUUAUCAGGAAAACAAACGAGAAUAUGAG,0.5779269202087994,0.6546129
GAUAAAGCUGUGCUGCCUG,UAACAGUCCAGCCAAUAGCCAGGCAGCACAGCUUUAUCAGGAAAACAAACGAGAAUA,0.5600298284862043,0.57389516
AAAGCUGUGCUGCCUGGCU,UCCUAACAGUCCAGCCAAUAGCCAGGCAGCACAGCUUUAUCAGGAAAACAAACGAGA,0.5324384787472035,0.5328967
AGCUGUGCUGCCUGGCUAU,AAUCCUAACAGUCCAGCCAAUAGCCAGGCAGCACAGCUUUAUCAGGAAAACAAACGA,0.5309470544369873,0.41853425
GCUGUGCUGCCUGGCUAUU,GAAUCCUAACAGUCCAGCCAAUAGCCAGGCAGCACAGCUUUAUCAGGAAAACAAACG,0.3803131991051454,0.27022332
UGCUGCCUGGCUAUUGGCU,AACCGAAUCCUAACAGUCCAGCCAAUAGCCAGGCAGCACAGCUUUAUCAGGAAAACA,0.5659955257270693,0.50669175
CCUGGCUAUUGGCUGGACU,GGAUGAACCGAAUCCUAACAGUCCAGCCAAUAGCCAGGCAGCACAGCUUUAUCAGGA,0.5123042505592842,0.41157323
GGACUGUUAGGAUUCGGUU,AUUCAGUCUCUGCUGGAUGAACCGAAUCCUAACAGUCCAGCCAAUAGCCAGGCAGCA,0.37211036539895603,0.34343496
GACUGUUAGGAUUCGGUUC,AAUUCAGUCUCUGCUGGAUGAACCGAAUCCUAACAGUCCAGCCAAUAGCCAGGCAGC,0.5421327367636093,0.5640432
UUAGGAUUCGGUUCAUCCA,ACAUCAAUUCAGUCUCUGCUGGAUGAACCGAAUCCUAACAGUCCAGCCAAUAGCCAG,0.5540641312453393,0.7426463
AGGAUUCGGUUCAUCCAGC,UAACAUCAAUUCAGUCUCUGCUGGAUGAACCGAAUCCUAACAGUCCAGCCAAUAGCC,0.6077554064131245,0.5623393
GGUUCAUCCAGCAGAGACU,UCUAUCUUAACAUCAAUUCAGUCUCUGCUGGAUGAACCGAAUCCUAACAGUCCAGCC,0.3959731543624161,0.5295479
UUCAUCCAGCAGAGACUGA,CUUCUAUCUUAACAUCAAUUCAGUCUCUGCUGGAUGAACCGAAUCCUAACAGUCCAG,0.465324384787472,0.6086289
AUCCAGCAGAGACUGAAUU,UAUCUUCUAUCUUAACAUCAAUUCAGUCUCUGCUGGAUGAACCGAAUCCUAACAGUC,0.45339299030574204,0.5827238
CUGAAUUGAUGUUAAGAUA,CAACAUAUGAUGUAUCUUCUAUCUUAACAUCAAUUCAGUCUCUGCUGGAUGAACCGA,0.3765846383296047,0.4130447
UUAAGAUAGAAGAUACAUC,UCGAUGGAGUCCAACAUAUGAUGUAUCUUCUAUCUUAACAUCAAUUCAGUCUCUGCU,0.6316181953765846,0.704654
AUAGAAGAUACAUCAUAUG,CAGAAUCGAUGGAGUCCAACAUAUGAUGUAUCUUCUAUCUUAACAUCAAUUCAGUCU,0.6256524981357195,0.6592785
AUACAUCAUAUGUUGGACU,UAUCCUUCAGAAUCGAUGGAGUCCAACAUAUGAUGUAUCUUCUAUCUUAACAUCAAU,0.6234153616703952,0.64670676
AUGUUGGACUCCAUCGAUU,AUGUUUAGAUAUCCUUCAGAAUCGAUGGAGUCCAACAUAUGAUGUAUCUUCUAUCUU,0.5548098434004475,0.61554706
UGUUGGACUCCAUCGAUUC,UAUGUUUAGAUAUCCUUCAGAAUCGAUGGAGUCCAACAUAUGAUGUAUCUUCUAUCU,0.6271439224459359,0.7475136
GUUGGACUCCAUCGAUUCU,AUAUGUUUAGAUAUCCUUCAGAAUCGAUGGAGUCCAACAUAUGAUGUAUCUUCUAUC,0.4832214765100671,0.5519812
UUGGACUCCAUCGAUUCUG,CAUAUGUUUAGAUAUCCUUCAGAAUCGAUGGAGUCCAACAUAUGAUGUAUCUUCUAU,0.6435495898583147,0.68063277
GACUCCAUCGAUUCUGAAG,UAGCAUAUGUUUAGAUAUCCUUCAGAAUCGAUGGAGUCCAACAUAUGAUGUAUCUUC,0.5384041759880686,0.55936986
CUCCAUCGAUUCUGAAGGA,GGUAGCAUAUGUUUAGAUAUCCUUCAGAAUCGAUGGAGUCCAACAUAUGAUGUAUCU,0.3728560775540641,0.5007774
UCCAUCGAUUCUGAAGGAU,UGGUAGCAUAUGUUUAGAUAUCCUUCAGAAUCGAUGGAGUCCAACAUAUGAUGUAUC,0.575689783743475,0.58289707
CGAUUCUGAAGGAUAUCUA,GCUGAUGGUAGCAUAUGUUUAGAUAUCCUUCAGAAUCGAUGGAGUCCAACAUAUGAU,0.3571961222967934,0.40583056
CUGAAGGAUAUCUAAACAU,UGUAUGCUGAUGGUAGCAUAUGUUUAGAUAUCCUUCAGAAUCGAUGGAGUCCAACAU,0.3482475764354959,0.48641378
UGAAGGAUAUCUAAACAUA,GUGUAUGCUGAUGGUAGCAUAUGUUUAGAUAUCCUUCAGAAUCGAUGGAGUCCAACA,0.4735272184936615,0.58249164
UCUAAACAUAUGCUACCAU,CAUCCAAAUGUGUAUGCUGAUGGUAGCAUAUGUUUAGAUAUCCUUCAGAAUCGAUGG,0.517524235645041,0.5671971
UAUGCUACCAUCAGCAUAC,AAAUGUUUCAUCCAAAUGUGUAUGCUGAUGGUAGCAUAUGUUUAGAUAUCCUUCAGA,0.5645041014168531,0.74813557
CCAUCAGCAUACACAUUUG,UUAUCCAAAAUGUUUCAUCCAAAUGUGUAUGCUGAUGGUAGCAUAUGUUUAGAUAUC,0.4668158090976883,0.4932091
UCAGCAUACACAUUUGGAU,UUUUUAUCCAAAAUGUUUCAUCCAAAUGUGUAUGCUGAUGGUAGCAUAUGUUUAGAU,0.5443698732289336,0.5576393
GCAUACACAUUUGGAUGAA,AGGUUUUUAUCCAAAAUGUUUCAUCCAAAUGUGUAUGCUGAUGGUAGCAUAUGUUUA,0.343027591349739,0.30956993
CACAUUUGGAUGAAACAUU,CUGUUAGGUUUUUAUCCAAAAUGUUUCAUCCAAAUGUGUAUGCUGAUGGUAGCAUAU,0.4735272184936615,0.39067918
UUUGGAUGAAACAUUUUGG,CCAACUGUUAGGUUUUUAUCCAAAAUGUUUCAUCCAAAUGUGUAUGCUGAUGGUAGC,0.6308724832214765,0.69553125
GGAUGAAACAUUUUGGAUA,CCACCAACUGUUAGGUUUUUAUCCAAAAUGUUUCAUCCAAAUGUGUAUGCUGAUGGU,0.3594332587621178,0.36205226
AAAACCUAACAGUUGGUGG,UGAAGAAUAUCCAAAUAAACCACCAACUGUUAGGUUUUUAUCCAAAAUGUUUCAUCC,0.5197613721103653,0.65827256
AGUUGGUGGUUUAUUUGGA,UAGAAUUUUCUGAAGAAUAUCCAAAUAAACCACCAACUGUUAGGUUUUUAUCCAAAA,0.4608501118568233,0.4942293
GUUUAUUUGGAUAUUCUUC,ACUAGUAAUAGAAUUUUCUGAAGAAUAUCCAAAUAAACCACCAACUGUUAGGUUUUU,0.5794183445190156,0.6143507
UUAUUUGGAUAUUCUUCAG,AAACUAGUAAUAGAAUUUUCUGAAGAAUAUCCAAAUAAACCACCAACUGUUAGGUUU,0.5973154362416108,0.6922553
UUUGGAUAUUCUUCAGAAA,UUUAAACUAGUAAUAGAAUUUUCUGAAGAAUAUCCAAAUAAACCACCAACUGUUAGG,0.6152125279642058,0.5812129
UUGGAUAUUCUUCAGAAAA,UUUUAAACUAGUAAUAGAAUUUUCUGAAGAAUAUCCAAAUAAACCACCAACUGUUAG,0.6360924683072334,0.64836204
UGGAUAUUCUUCAGAAAAU,CUUUUAAACUAGUAAUAGAAUUUUCUGAAGAAUAUCCAAAUAAACCACCAACUGUUA,0.4750186428038777,0.5619354
UCAGAAAAUUCUAUUACUA,GAAGAUGGUACUUUUAAACUAGUAAUAGAAUUUUCUGAAGAAUAUCCAAAUAAACCA,0.5391498881431768,0.5405098
AAAAUUCUAUUACUAGUUU,UUUUGAAGAUGGUACUUUUAAACUAGUAAUAGAAUUUUCUGAAGAAUAUCCAAAUAA,0.3542132736763609,0.5114346
AAUUCUAUUACUAGUUUAA,CCUUUUGAAGAUGGUACUUUUAAACUAGUAAUAGAAUUUUCUGAAGAAUAUCCAAAU,0.3482475764354959,0.45835596
AUUACUAGUUUAAAAGUAC,GGGACACCUUUUGAAGAUGGUACUUUUAAACUAGUAAUAGAAUUUUCUGAAGAAUAU,0.6428038777032066,0.62573236
AUCUUCAAAAGGUGUCCCU,CAGUUAUAUUUGGACCAGAAGGGACACCUUUUGAAGAUGGUACUUUUAAACUAGUAA,0.5824011931394482,0.61527437
CUUCAAAAGGUGUCCCUUC,UGCAGUUAUAUUUGGACCAGAAGGGACACCUUUUGAAGAUGGUACUUUUAAACUAGU,0.5950782997762863,0.61463255
UUCUGGUCCAAAUAUAACU,ACAUCAUGCAGUGGAAUGCAGUUAUAUUUGGACCAGAAGGGACACCUUUUGAAGAUG,0.5891126025354214,0.7423208
UGGUCCAAAUAUAACUGCA,ACAACAUCAUGCAGUGGAAUGCAGUUAUAUUUGGACCAGAAGGGACACCUUUUGAAG,0.6092468307233407,0.6132323
GGUCCAAAUAUAACUGCAU,AACAACAUCAUGCAGUGGAAUGCAGUUAUAUUUGGACCAGAAGGGACACCUUUUGAA,0.3967188665175242,0.33275187
AAAUAUAACUGCAUUCCAC,CUGAAAACAACAUCAUGCAGUGGAAUGCAGUUAUAUUUGGACCAGAAGGGACACCUU,0.6308724832214765,0.70149356
AUAUAACUGCAUUCCACUG,AUCUGAAAACAACAUCAUGCAGUGGAAUGCAGUUAUAUUUGGACCAGAAGGGACACC,0.622669649515287,0.65201104
CAUUCCACUGCAUGAUGUU,UGGCGCACCAUCUGAAAACAACAUCAUGCAGUGGAAUGCAGUUAUAUUUGGACCAGA,0.4101416853094706,0.39702615
UCCACUGCAUGAUGUUGUU,CAGUGGCGCACCAUCUGAAAACAACAUCAUGCAGUGGAAUGCAGUUAUAUUUGGACC,0.4205816554809843,0.51382715
GCAUGAUGUUGUUUUCAGA,GGGUGUCAGUGGCGCACCAUCUGAAAACAACAUCAUGCAGUGGAAUGCAGUUAUAUU,0.3601789709172259,0.39148524
GAUGUUGUUUUCAGAUGGU,CUGUGGGUGUCAGUGGCGCACCAUCUGAAAACAACAUCAUGCAGUGGAAUGCAGUUA,0.3788217747949292,0.46260422
UGUUGUUUUCAGAUGGUGC,ACCUGUGGGUGUCAGUGGCGCACCAUCUGAAAACAACAUCAUGCAGUGGAAUGCAGU,0.5533184190902312,0.68961555
UUGUUUUCAGAUGGUGCGC,CCACCUGUGGGUGUCAGUGGCGCACCAUCUGAAAACAACAUCAUGCAGUGGAAUGCA,0.5428784489187174,0.676442
UUCAGAUGGUGCGCCACUG,AGGACCCACCUGUGGGUGUCAGUGGCGCACCAUCUGAAAACAACAUCAUGCAGUGGA,0.4608501118568233,0.60588235
GCCACUGACACCCACAGGU,AGCGGUUACAAGAGGACCCACCUGUGGGUGUCAGUGGCGCACCAUCUGAAAACAACA,0.5719612229679344,0.4283151
CACAGGUGGGUCCUCUUGU,UGCGGGAUUUCAAGCGGUUACAAGAGGACCCACCUGUGGGUGUCAGUGGCGCACCAU,0.4556301267710663,0.48921278
CUCUUGUAACCGCUUGAAA,XXXXXXXXCUCAUGCGGGAUUUCAAGCGGUUACAAGAGGACCCACCUGUGGGUGUCA,0.3392990305741983,0.4333066
UCUUGUAACCGCUUGAAAU,XXXXXXXXXCUCAUGCGGGAUUUCAAGCGGUUACAAGAGGACCCACCUGUGGGUGUC,0.5831469052945564,0.691209
GUAACCGCUUGAAAUCCCG,XXXXXXXXXXXXXCUCAUGCGGGAUUUCAAGCGGUUACAAGAGGACCCACCUGUGGG,0.6346010439970171,0.6856699
GGAGCCGAUGUAGCCACCC,ACGUGCAGCGCUCCAUGCGGGGUGGCUACAUCGGCUCCACCUACUUUGXXXXXXXXX,0.4332587621178225,0.4569244
AGCCGAUGUAGCCACCCCG,GAACGUGCAGCGCUCCAUGCGGGGUGGCUACAUCGGCUCCACCUACUUUGXXXXXXX,0.4049217002237136,0.42164937
GAUGUAGCCACCCCGCAUG,AGCAGAACGUGCAGCGCUCCAUGCGGGGUGGCUACAUCGGCUCCACCUACUUUGXXX,0.5048471290082028,0.5182509
GCAUGGAGCGCUGCACGUU,CCGGCGGCUGUUUGAGCAGAACGUGCAGCGCUCCAUGCGGGGUGGCUACAUCGGCUC,0.4563758389261745,0.43076944
UUCUGCUCAAACAGCCGCC,GAGGUCCUGCAGAACAACCGGCGGCUGUUUGAGCAGAACGUGCAGCGCUCCAUGCGG,0.5712155108128263,0.489922
AACAGCCGCCGGUUGUUCU,GAGGCCGCAGAGGUCCUGCAGAACAACCGGCGGCUGUUUGAGCAGAACGUGCAGCGC,0.4563758389261745,0.49659795
AGCCGCCGGUUGUUCUGCA,AAGGAGGCCGCAGAGGUCCUGCAGAACAACCGGCGGCUGUUUGAGCAGAACGUGCAG,0.5041014168530947,0.5299996
GCCGCCGGUUGUUCUGCAG,CAAGGAGGCCGCAGAGGUCCUGCAGAACAACCGGCGGCUGUUUGAGCAGAACGUGCA,0.4780014914243102,0.45518073
UGUUCUGCAGGACCUCUGC,CCCACUGAACAAGGAGGCCGCAGAGGUCCUGCAGAACAACCGGCGGCUGUUUGAGCA,0.5212527964205816,0.6023644
UUCUGCAGGACCUCUGCGG,GACCCACUGAACAAGGAGGCCGCAGAGGUCCUGCAGAACAACCGGCGGCUGUUUGAG,0.5003728560775541,0.5195712
CUGCAGGACCUCUGCGGCC,AGGACCCACUGAACAAGGAGGCCGCAGAGGUCCUGCAGAACAACCGGCGGCUGUUUG,0.4951528709917972,0.46935165
UGCAGGACCUCUGCGGCCU,GAGGACCCACUGAACAAGGAGGCCGCAGAGGUCCUGCAGAACAACCGGCGGCUGUUU,0.4876957494407159,0.52016836
UCUGCGGCCUCCUUGUUCA,CCCAACCCCGAGGACCCACUGAACAAGGAGGCCGCAGAGGUCCUGCAGAACAACCGG,0.4914243102162565,0.68998116
CUGCGGCCUCCUUGUUCAG,GCCCAACCCCGAGGACCCACUGAACAAGGAGGCCGCAGAGGUCCUGCAGAACAACCG,0.5115585384041761,0.44773233
CUCCUUGUUCAGUGGGUCC,UCUUGGAGCCCAACCCCGAGGACCCACUGAACAAGGAGGCCGCAGAGGUCCUGCAGA,0.4705443698732289,0.5729582
CAGUGGGUCCUCGGGGUUG,AGUAUCUCUUCUUGGAGCCCAACCCCGAGGACCCACUGAACAAGGAGGCCGCAGAGG,0.4683072334079045,0.40948653
CUCGGGGUUGGGCUCCAAG,AUGGCCUGCAGUAUCUCUUCUUGGAGCCCAACCCCGAGGACCCACUGAACAAGGAGG,0.4809843400447428,0.4127066
GGGGUUGGGCUCCAAGAAG,UUUAUGGCCUGCAGUAUCUCUUCUUGGAGCCCAACCCCGAGGACCCACUGAACAAGG,0.4571215510812826,0.41262376
GGGUUGGGCUCCAAGAAGA,AUUUAUGGCCUGCAGUAUCUCUUCUUGGAGCCCAACCCCGAGGACCCACUGAACAAG,0.41834451901566,0.42017746
GUUGGGCUCCAAGAAGAGA,UAAUUUAUGGCCUGCAGUAUCUCUUCUUGGAGCCCAACCCCGAGGACCCACUGAACA,0.5197613721103653,0.44657013
UUGGGCUCCAAGAAGAGAU,AUAAUUUAUGGCCUGCAGUAUCUCUUCUUGGAGCCCAACCCCGAGGACCCACUGAAC,0.5749440715883669,0.67174417
AGAAGAGAUACUGCAGGCC,GAUAAACUCCAUAAUUUAUGGCCUGCAGUAUCUCUUCUUGGAGCCCAACCCCGAGGA,0.5980611483967189,0.56250054
UACUGCAGGCCAUAAAUUA,GUCCUUACGAUAAACUCCAUAAUUUAUGGCCUGCAGUAUCUCUUCUUGGAGCCCAAC,0.4996271439224459,0.62563163
GGCCAUAAAUUAUGGAGUU,GAAGCCAGUCCUUACGAUAAACUCCAUAAUUUAUGGCCUGCAGUAUCUCUUCUUGGA,0.3706189410887398,0.32998505
AAAUUAUGGAGUUUAUCGU,GGACUGGAAGCCAGUCCUUACGAUAAACUCCAUAAUUUAUGGCCUGCAGUAUCUCUU,0.6129753914988814,0.65306216
UGGAGUUUAUCGUAAGGAC,CAGAGAGGACUGGAAGCCAGUCCUUACGAUAAACUCCAUAAUUUAUGGCCUGCAGUA,0.5719612229679344,0.64665204
GGAGUUUAUCGUAAGGACU,UCAGAGAGGACUGGAAGCCAGUCCUUACGAUAAACUCCAUAAUUUAUGGCCUGCAGU,0.4519015659955257,0.46366945
GUUUAUCGUAAGGACUGGC,UCCUCAGAGAGGACUGGAAGCCAGUCCUUACGAUAAACUCCAUAAUUUAUGGCCUGC,0.5108128262490679,0.57246137
AGGACUGGCUUCCAGUCCU,UGCCUCAACAUCCUCAGAGAGGACUGGAAGCCAGUCCUUACGAUAAACUCCAUAAUU,0.4034302759134974,0.4990565
AGGAUGUUGAGGCAGACGU,AACAUUGACCUCGAGGGCAACGUCUGCCUCAACAUCCUCAGAGAGGACUGGAAGCCA,0.5995525727069352,0.53670657
UUGAGGCAGACGUUGCCCU,CACCCCAACAUUGACCUCGAGGGCAACGUCUGCCUCAACAUCCUCAGAGAGGACUGG,0.592841163310962,0.51483184
CGAGGUCAAUGUUGGGGUG,GUGUGAGACAAUGGUCUAUCACCCCAACAUUGACCUCGAGGGCAACGUCUGCCUCAA,0.4660700969425801,0.39019874
GAGGUCAAUGUUGGGGUGA,AGUGUGAGACAAUGGUCUAUCACCCCAACAUUGACCUCGAGGGCAACGUCUGCCUCA,0.4876957494407159,0.4228859
AAUGUUGGGGUGAUAGACC,AGGUGAAGUGUGAGACAAUGGUCUAUCACCCCAACAUUGACCUCGAGGGCAACGUCU,0.5943325876211782,0.6454783
UGUUGGGGUGAUAGACCAU,CAAGGUGAAGUGUGAGACAAUGGUCUAUCACCCCAACAUUGACCUCGAGGGCAACGU,0.5316927665920954,0.57874846
UUGGGGUGAUAGACCAUUG,CCCAAGGUGAAGUGUGAGACAAUGGUCUAUCACCCCAACAUUGACCUCGAGGGCAAC,0.6420581655480985,0.658076
GGGGUGAUAGACCAUUGUC,CCCCCAAGGUGAAGUGUGAGACAAUGGUCUAUCACCCCAACAUUGACCUCGAGGGCA,0.4608501118568233,0.5255608
UAGACCAUUGUCUCACACU,CAUGAUCCCCCCAAGGUGAAGUGUGAGACAAUGGUCUAUCACCCCAACAUUGACCUC,0.6868008948545862,0.64229465
CAUUGUCUCACACUUCACC,ACCCGCAUGAUCCCCCCAAGGUGAAGUGUGAGACAAUGGUCUAUCACCCCAACAUUG,0.6092468307233407,0.6478921
CAUGCGGGUAACCCUGGCC,UGUGUUCAGUUUUAAGGUGGGCCAGGGUUACCCGCAUGAUCCCCCCAAGGUGAAGUG,0.5503355704697986,0.4849695
AUGCGGGUAACCCUGGCCC,UUGUGUUCAGUUUUAAGGUGGGCCAGGGUUACCCGCAUGAUCCCCCCAAGGUGAAGU,0.5913497390007457,0.489183
GCGGGUAACCCUGGCCCAC,GUUUGUGUUCAGUUUUAAGGUGGGCCAGGGUUACCCGCAUGAUCCCCCCAAGGUGAA,0.4205816554809843,0.3834077
GUAACCCUGGCCCACCUUA,GGAAGUUUGUGUUCAGUUUUAAGGUGGGCCAGGGUUACCCGCAUGAUCCCCCCAAGG,0.5212527964205816,0.3607166
GCCCACCUUAAAACUGAAC,ACAAGAGUGGGAAGUUUGUGUUCAGUUUUAAGGUGGGCCAGGGUUACCCGCAUGAUC,0.4019388516032812,0.42590913
CCUUAAAACUGAACACAAA,CUUCUACAAGAGUGGGAAGUUUGUGUUCAGUUUUAAGGUGGGCCAGGGUUACCCGCA,0.3810589112602535,0.37977588
ACACAAACUUCCCACUCUU,UCCUGAUGAGGGCUUCUACAAGAGUGGGAAGUUUGUGUUCAGUUUUAAGGUGGGCCA,0.6346010439970171,0.6907086
AAACUUCCCACUCUUGUAG,UCUGUCCUGAUGAGGGCUUCUACAAGAGUGGGAAGUUUGUGUUCAGUUUUAAGGUGG,0.651006711409396,0.6914887
ACUUCCCACUCUUGUAGAA,CAUCUGUCCUGAUGAGGGCUUCUACAAGAGUGGGAAGUUUGUGUUCAGUUUUAAGGU,0.5137956748695003,0.4133468
CUUCCCACUCUUGUAGAAG,UCAUCUGUCCUGAUGAGGGCUUCUACAAGAGUGGGAAGUUUGUGUUCAGUUUUAAGG,0.5659955257270693,0.5770999
UCUUGUAGAAGCCCUCAUC,CAAGCUGGUCAUCUGUCCUGAUGAGGGCUUCUACAAGAGUGGGAAGUUUGUGUUCAG,0.6167039522744221,0.64061993
UGUAGAAGCCCUCAUCAGG,CUUCAAGCUGGUCAUCUGUCCUGAUGAGGGCUUCUACAAGAGUGGGAAGUUUGUGUU,0.5809097688292321,0.65122753
UAGAAGCCCUCAUCAGGAC,AACUUCAAGCUGGUCAUCUGUCCUGAUGAGGGCUUCUACAAGAGUGGGAAGUUUGUG,0.5988068605518271,0.63390404
CCCUCAUCAGGACAGAUGA,CUCCUCAACUUCAAGCUGGUCAUCUGUCCUGAUGAGGGCUUCUACAAGAGUGGGAAG,0.4287844891871737,0.45395267
CCUCAUCAGGACAGAUGAC,CCUCCUCAACUUCAAGCUGGUCAUCUGUCCUGAUGAGGGCUUCUACAAGAGUGGGAA,0.4392244593586875,0.4910678
CAUCAGGACAGAUGACCAG,CGACCUCCUCAACUUCAAGCUGGUCAUCUGUCCUGAUGAGGGCUUCUACAAGAGUGG,0.5719612229679344,0.5852576
ACAGAUGACCAGCUUGAAG,AUCCAGACGACCUCCUCAACUUCAAGCUGGUCAUCUGUCCUGAUGAGGGCUUCUACA,0.5741983594332588,0.60382277
GUCGUCUGGAUCUGAGAAG,CCAAGACGUGUGAUAUCAGCUUCUCAGAUCCAGACGACCUCCUCAACUUCAAGCUGG,0.4891871737509322,0.5713096
GUCUGGAUCUGAGAAGCUG,UGCCCAAGACGUGUGAUAUCAGCUUCUCAGAUCCAGACGACCUCCUCAACUUCAAGC,0.5913497390007457,0.5717299
GAUCUGAGAAGCUGAUAUC,GAACCUGCCCAAGACGUGUGAUAUCAGCUUCUCAGAUCCAGACGACCUCCUCAACUU,0.4511558538404175,0.6195361
UCUGAGAAGCUGAUAUCAC,CUGAACCUGCCCAAGACGUGUGAUAUCAGCUUCUCAGAUCCAGACGACCUCCUCAAC,0.5242356450410142,0.69112116
GUCUUGGGCAGGUUCAGCU,AUCCAGAAGGACAUAAACGAGCUGAACCUGCCCAAGACGUGUGAUAUCAGCUUCUCA,0.5354213273676359,0.5662093
CUUGGGCAGGUUCAGCUCG,GGAUCCAGAAGGACAUAAACGAGCUGAACCUGCCCAAGACGUGUGAUAUCAGCUUCU,0.5361670395227442,0.53041637
UUGGGCAGGUUCAGCUCGU,CGGAUCCAGAAGGACAUAAACGAGCUGAACCUGCCCAAGACGUGUGAUAUCAGCUUC,0.4921700223713647,0.5903594
CGUUUAUGUCCUUCUGGAU,GUCGGCGGCGCAGCUGCGGAUCCAGAAGGACAUAAACGAGCUGAACCUGCCCAAGAC,0.4205816554809843,0.48526165
GAUCCGCAGCUGCGCCGCC,GCAGCAGCAAGAAGGCGUCGGCGGCGCAGCUGCGGAUCCAGAAGGACAUAAACGAGC,0.5346756152125279,0.39303195
AUCCGCAGCUGCGCCGCCG,GGCAGCAGCAAGAAGGCGUCGGCGGCGCAGCUGCGGAUCCAGAAGGACAUAAACGAG,0.5212527964205816,0.36403358
AGCUGCGCCGCCGACGCCU,ACCAAGGGCAGCAGCAAGAAGGCGUCGGCGGCGCAGCUGCGGAUCCAGAAGGACAUA,0.3855331841909023,0.3462074
CCGACGCCUUCUUGCUGCU,GGCGGGCGGCACCAAGGGCAGCAGCAAGAAGGCGUCGGCGGCGCAGCUGCGGAUCCA,0.395227442207308,0.49949923
GACGCCUUCUUGCUGCUGC,UCGGCGGGCGGCACCAAGGGCAGCAGCAAGAAGGCGUCGGCGGCGCAGCUGCGGAUC,0.4548844146159582,0.5122555
CGCCUUCUUGCUGCUGCCC,AGUCGGCGGGCGGCACCAAGGGCAGCAGCAAGAAGGCGUCGGCGGCGCAGCUGCGGA,0.4392244593586875,0.39238247
GCUGCCCUUGGUGCCGCCC,AGAAGGAGGAGGAGUCGGCGGGCGGCACCAAGGGCAGCAGCAAGAAGGCGUCGGCGG,0.4839671886651752,0.35599616
UUGGUGCCGCCCGCCGACU,CAGCAGAAGAAGGAGGAGGAGUCGGCGGGCGGCACCAAGGGCAGCAGCAAGAAGGCG,0.5488441461595824,0.4310779
UGGUGCCGCCCGCCGACUC,XCAGCAGAAGAAGGAGGAGGAGUCGGCGGGCGGCACCAAGGGCAGCAGCAAGAAGGC,0.395227442207308,0.41852745
UGCCGCCCGCCGACUCCUC,XXXXCAGCAGAAGAAGGAGGAGGAGUCGGCGGGCGGCACCAAGGGCAGCAGCAAGAA,0.4466815809097688,0.39902514
CCCGCCGACUCCUCCUCCU,XXXXXXXXXCAGCAGAAGAAGGAGGAGGAGUCGGCGGGCGGCACCAAGGGCAGCAGC,0.3109619686800894,0.40908635
GACUCCUCCUCCUUCUUCU,XXXXXXXXXXXXXXXCAGCAGAAGAAGGAGGAGGAGUCGGCGGGCGGCACCAAGGGC,0.4429530201342281,0.55552256
ACUGGAAGUCUGUGUCCGU,GAUGCCACCCGACGCCCUCACGGACACAGACUUCCAGUCXXXXXXXXXXXXXXXXXX,0.639075316927666,0.6033597
GUCUGUGUCCGUGAGGGCG,AGUUGCUGAUGCCACCCGACGCCCUCACGGACACAGACUUCCAGUCXXXXXXXXXXX,0.4407158836689038,0.46649802
CUCAUCUUGGGAUGAGGAU,CAGGGGAUGAGCCCCCAUCAUCCUCAUCCCAAGAUGAGGAGUUGCUGAUGCCACCCG,0.401193139448173,0.38789162
GGGGCUCAUCCCCUGAGCU,UGGGGAUGGGGCUCCUGGGAGCUCAGGGGAUGAGCCCCCAUCAUCCUCAUCCCAAGA,0.3206562266964951,0.3405406
CCUGAGCUCCCAGGAGCCC,GUGGACGGGGAUGGGGAUGGGGCUCCUGGGAGCUCAGGGGAUGAGCCCCCAUCAUCC,0.2706935123042505,0.3130584
CUCCCAGGAGCCCCAUCCC,UCAGAGGUGGACGGGGAUGGGGAUGGGGCUCCUGGGAGCUCAGGGGAUGAGCCCCCA,0.3228933631618195,0.37501374
CAUCCCCGUCCACCUCUGA,CGCUCAGGUGCUGCAGGACUCAGAGGUGGACGGGGAUGGGGAUGGGGCUCCUGGGAG,0.2199850857568978,0.34665394
UCUGAGUCCUGCAGCACCU,UCUGCGAAAUACAUCGCUCAGGUGCUGCAGGACUCAGAGGUGGACGGGGAUGGGGAU,0.4608501118568233,0.625518
AUUUCGCAGAUUUGGGGAC,GCCCCCCACUGCUGCUGCUGUCCCCAAAUCUGCGAAAUACAUCGCUCAGGUGCUGCA,0.6114839671886652,0.55352926
UUGCUUCUGGGGUCCACAG,GAGCACACGGAGACAGAUACUGUGGACCCCAGAAGCAAUGGACGGCCCCCCACUGCU,0.5622669649515287,0.5553577
UCUUGUAGUUGUGGGCACU,UGGACACUUCAAAUACCUCAGUGCCCACAACUACAAGAUUGAGCACACGGAGACAGA,0.6092468307233407,0.54856646
CACUGAGGUAUUUGAAGUG,CUGCCACGUCUGCUUUGGACACUUCAAAUACCUCAGUGCCCACAACUACAAGAUUGA,0.4101416853094706,0.4952797
CAGACGUGGCAGAGACAGA,CUGGUCAUCACCAUCGUCAUCUGUCUCUGCCACGUCUGCUUUGGACACUUCAAAUAC,0.5093214019388517,0.49339506
ACAUAGACGUGGGAGCUAG,CACCAUGCGCACGGGGUUCCUAGCUCCCACGUCUAUGUUCACAUUUGUGGUCCUGGU,0.4973900074571216,0.56299675
AUAGACGUGGGAGCUAGGA,UCCACCAUGCGCACGGGGUUCCUAGCUCCCACGUCUAUGUUCACAUUUGUGGUCCUG,0.5943325876211782,0.55403125
ACGUGGGAGCUAGGAACCC,CUUUUCCACCAUGCGCACGGGGUUCCUAGCUCCCACGUCUAUGUUCACAUUUGUGGU,0.4317673378076062,0.48186055
CAGAAGAGGCAGAGGAUGG,AACCAGGUGGUGGCCGCGCCCAUCCUCUGCCUCUUCUGGCUGCUCUUCUUUUCCACC,0.3967188665175242,0.50108564
CUUCUUGUCCAGCUUGGCC,UCUACUACGCCUACCUGCCGGCCAAGCUGGACAAGAAGAUCCACUCGGGGGCUGUGA,0.4847129008202834,0.62045825
UGUCCAGCUUGGCCGGCAG,CAAUCUCUACUACGCCUACCUGCCGGCCAAGCUGGACAAGAAGAUCCACUCGGGGGC,0.4862043251304996,0.5155443
CUACCAGGUGCUUCAGCAG,CUUCGGGCUCAUGUACAUGCUGCUGAAGCACCUGGUAGACAGGUACAAUCUCUACUA,0.5592841163310962,0.5337419
UACCAGGUGCUUCAGCAGC,CCUUCGGGCUCAUGUACAUGCUGCUGAAGCACCUGGUAGACAGGUACAAUCUCUACU,0.6144668158090977,0.58480793
AUGACCACCGUGAAGACGC,GCCUACGCCUGGAUGAUGUGCGUCUUCACGGUGGUCAUGACCUACAGUAUCACCUGC,0.5659955257270693,0.5293633
GCGUAGGCUGCGCCAAACU,CAUCAGGCCUACGAGUUCCAGUUUGGCGCAGCCUACGCCUGGAUGAUGUGCGUCUUC,0.4541387024608501,0.5117522
UGAUGCCGCUUCACGUUGC,CGCUCGGCCGCCGAGAGGCGCAACGUGAAGCGGCAUCAGGCCUACGAGUUCCAGUUU,0.5398956002982849,0.5256131
GCUUCACGUUGCGCCUCUC,CCUGGCGCGCUCGGCCGCCGAGAGGCGCAACGUGAAGCGGCAUCAGGCCUACGAGUU,0.4235645041014168,0.54589134
UUGCGCCUCUCGGCGGCCG,CGGCUCUGCCUGGCGCGCUCGGCCGCCGAGAGGCGCAACGUGAAGCGGCAUCAGGCC,0.5436241610738255,0.30851296
GGAUCAUGUACAUGAGCAG,CCUGCUGCGCAUCCCAGGCCUGCUCAUGUACAUGAUCCGGCUCUGCCUGGCGCGCUC,0.3653989560029828,0.5479596
UCAUGUACAUGAGCAGGCC,GGACCUGCUGCGCAUCCCAGGCCUGCUCAUGUACAUGAUCCGGCUCUGCCUGGCGCG,0.5361670395227442,0.5424583
AGCAGGUCCAUGGCGUUGC,AUUGCCUCAGCCUUUAUCGGCAACGCCAUGGACCUGCUGCGCAUCCCAGGCCUGCUC,0.5302013422818792,0.4767978
UCCAUGGCGUUGCCGAUAA,UACGUCAUUGCCUCAGCCUUUAUCGGCAACGCCAUGGACCUGCUGCGCAUCCCAGGC,0.4675615212527964,0.58751035
GAAAGUGUAGCACUUGUGC,GGGAGAACAGGACAACCAUGCACAAGUGCUACACUUUCCUCAUCUUCAUGGUGCUGC,0.6234153616703952,0.6068211
AAAGUGUAGCACUUGUGCA,GGGGAGAACAGGACAACCAUGCACAAGUGCUACACUUUCCUCAUCUUCAUGGUGCUG,0.7390007457121551,0.6640893
GGAGGGCCGAGAAGCACCA,CUUCCCCACCCUGCUGCUGUGGUGCUUCUCGGCCCUCCUUCCCACCAUCGUCUACUA,0.4854586129753915,0.46636805
GGUGGGGAAGAACUGGGUG,ACCUCAACAACCCCAUCAUCACCCAGUUCUUCCCCACCCUGCUGCUGUGGUGCUUCU,0.41834451901566,0.4471386
UCCAUGGUGGUGAUGAUGA,UUCCUCACCACUCCAGCCAUCAUCAUCACCACCAUGGACAAGUUCAACGUCACCAAG,0.5906040268456376,0.56131774
CCAUGGUGGUGAUGAUGAU,CUUCCUCACCACUCCAGCCAUCAUCAUCACCACCAUGGACAAGUUCAACGUCACCAA,0.4436987322893363,0.4065728
AUGAUGAUGGCUGGAGUGG,AUCCUCCUCUUCUUCCUCACCACUCCAGCCAUCAUCAUCACCACCAUGGACAAGUUC,0.5771812080536913,0.48774
GAUGAUGGCUGGAGUGGUG,UCAUCCUCCUCUUCUUCCUCACCACUCCAGCCAUCAUCAUCACCACCAUGGACAAGU,0.5234899328859061,0.52641374
UGGUGAGGAAGAAGAGGAG,CAAUGUCGUCCUCUUCAUCCUCCUCUUCUUCCUCACCACUCCAGCCAUCAUCAUCAC,0.5070842654735273,0.5266504
AGGAGGAUGAAGAGGACGA,CGCUGCCUGGUCAUCAAUGUCGUCCUCUUCAUCCUCCUCUUCUUCCUCACCACUCCA,0.4161073825503356,0.5292239
AGAUGAAGCCUCGGAUGGA,CAUCUACUGGGAGCACCUCUCCAUCCGAGGCUUCAUCUGGUGGCUGCGCUGCCUGGU,0.4869500372856077,0.5496513
GGCGUGGCUCCCCACGGCA,UAAAUGCCAGGGCUGCACCUGCCGUGGGGAGCCACGCCCCUCAUCCUGCAGCGAGUC,0.4675615212527964,0.33745643
AUUUACACACGUUGAAGUC,CACCGCCAUCAUCCUGAAGGACUUCAACGUGUGUAAAUGCCAGGGCUGCACCUGCCG,0.7576435495898584,0.7164664
CACGUUGAAGUCCUUCAGG,AGACUAUCACCGCCAUCAUCCUGAAGGACUUCAACGUGUGUAAAUGCCAGGGCUGCA,0.6301267710663684,0.5634525
AUAGUCUCAUUGUGGAAGG,CUUGGCAUGGCCUUUGUCACCUUCCACAAUGAGACUAUCACCGCCAUCAUCCUGAAG,0.5391498881431768,0.64297396
UUGUGGAAGGUGACAAAGG,GAGAAGCCUCUUGGCAUGGCCUUUGUCACCUUCCACAAUGAGACUAUCACCGCCAUC,0.5533184190902312,0.6303304
UCAAUGGCCUCCACCUGCU,UGUGUGGUGCGAGGCUGUGAGCAGGUGGAGGCCAUUGAGUACUACACAAAGCUGGAG,0.575689783743475,0.55920637
CCACCUGCUCACAGCCUCG,CCUCUGCUGCUGUGUGGUGCGAGGCUGUGAGCAGGUGGAGGCCAUUGAGUACUACAC,0.3146905294556301,0.4217103
UGAUCAUGGUAGGCACGUU,AAACCUCCAGAGCAAGGAGAACGUGCCUACCAUGAUCAACCCCAAGCCCUGUGGCCA,0.5973154362416108,0.51706743
GGAGGUUUGUGAAGUACAG,GAAGGCCGAGCGGGGAAAGCUGUACUUCACAAACCUCCAGAGCAAGGAGAACGUGCC,0.4280387770320656,0.5263714
CUCGGCCUUCUUCCUCUCU,GCCUAAUGUUCCUCGAUGCAGAGAGGAAGAAGGCCGAGCGGGGAAAGCUGUACUUCA,0.3683818046234153,0.42620966
CUUCUUCCUCUCUGCAUCG,UGGCUCGCCUAAUGUUCCUCGAUGCAGAGAGGAAGAAGGCCGAGCGGGGAAAGCUGU,0.4205816554809843,0.59043014
AUCGAGGAACAUUAGGCGA,GCCCGUGUUACAACGUGGCUCGCCUAAUGUUCCUCGAUGCAGAGAGGAAGAAGGCCG,0.5809097688292321,0.601836
CGAGCCACGUUGUAACACG,ACAGUUCUCGAAGCCCGCCCGUGUUACAACGUGGCUCGCCUAAUGUUCCUCGAUGCA,0.6830723340790456,0.6025879
AGCCACGUUGUAACACGGG,GCACAGUUCUCGAAGCCCGCCCGUGUUACAACGUGGCUCGCCUAAUGUUCCUCGAUG,0.5652498135719612,0.52754176
UGUGCAGUUGGGGUAGGCU,UCAAGAAGCAUUUUGAGGAAGCCUACCCCAACUGCACAGUUCUCGAAGCCCGCCCGU,0.5272184936614467,0.513025
CAAAAUGCUUCUUGAUCUU,CAAAUAUGCAGAGUCAGAAAAGAUCAAGAAGCAUUUUGAGGAAGCCUACCCCAACUG,0.4601043997017151,0.56427056
GCAUAUUUGGAGAUUCCAU,AAGCGGACCCUCUUCAUCAAUGGAAUCUCCAAAUAUGCAGAGUCAGAAAAGAUCAAG,0.586875466070097,0.4301167
GAUCAUCCUCCUUGUAGCG,UAGACACACCUCCAAGAUGCGCUACAAGGAGGAUGAUCUGGUGAAGCGGACCCUCUU,0.5913497390007457,0.50323
UGGAGGUGUGUCUACGCAU,GCUGCUCACCGUCUACAGCAUGCGUAGACACACCUCCAAGAUGCGCUACAAGGAGGA,0.5727069351230425,0.60514295
GACGGUGAGCAGCAGAUAC,ACACCUCCUUCGCCUUCCUGUAUCUGCUGCUCACCGUCUACAGCAUGCGUAGACACA,0.4876957494407159,0.55960274
GUUGUUCCCUGAUUUCAAG,GGAGAACCACCAUUGCCAACUUGAAAUCAGGGAACAACCUGCUAUGGCUGCACACCU,0.5302013422818792,0.52975994
AUGGUGGUUCUCCCAAAGC,CUGGAGAACAAUGCCUACAGCUUUGGGAGAACCACCAUUGCCAACUUGAAAUCAGGG,0.5652498135719612,0.58920956
GUUCUCCCAAAGCUGUAGG,GACCUGCUGGAGAACAAUGCCUACAGCUUUGGGAGAACCACCAUUGCCAACUUGAAA,0.610738255033557,0.5682666
GCACGAUGCCUACGGAGAG,GCUGGUGGUUGUGGGCGUCCUCUCCGUAGGCAUCGUGCUGCCUGUCAACUUCUCAGG,0.5652498135719612,0.5417665
CAGCAGCCCGAUGAUGUGC,ACUACCUGUCCUUUCAGCGGCACAUCAUCGGGCUGCUGGUGGUUGUGGGCGUCCUCU,0.5212527964205816,0.4667424
AAGGACAGGUAGUGCACGG,GACAAAUGUGGGGGCGAUGCCGUGCACUACCUGUCCUUUCAGCGGCACAUCAUCGGG,0.6472781506338553,0.49946344
GUCCCGGAUCUCAUCAUCC,CAGCCAUCUUCAGGAUAAAGGAUGAUGAGAUCCGGGACAAAUGUGGGGGCGAUGCCG,0.6659209545115585,0.58277094
CGGAUCUCAUCAUCCUUUA,CUGACAGCCAUCUUCAGGAUAAAGGAUGAUGAGAUCCGGGACAAAUGUGGGGGCGAU,0.1841909023117076,0.40986753
UGUCCCUUUGGUCAAAGUC,CUCUGUCUCCAGCUCCGUUGACUUUGACCAAAGGGACAAUGGUUUCUUCCUGGCUGA,0.6674123788217748,0.70839137
UUGGUCAAAGUCAACGGAG,GUCUCACCUCUGUCUCCAGCUCCGUUGACUUUGACCAAAGGGACAAUGGUUUCUUCC,0.7352721849366145,0.65785235
AGUCAACGGAGCUGGAGAC,GUAUGAGCGUCUCACCUCUGUCUCCAGCUCCGUUGACUUUGACCAAAGGGACAAUGG,0.5182699478001491,0.6035537
CUGGAGACAGAGGUGAGAC,AGCCAUGACCGGUAUGAGCGUCUCACCUCUGUCUCCAGCUCCGUUGACUUUGACCAA,0.6607009694258017,0.55827415
UGAGACGCUCAUACCGGUC,UAUGCACGGGGACAGCCAUGACCGGUAUGAGCGUCUCACCUCUGUCUCCAGCUCCGU,0.7382550335570469,0.54890144
UCAUACCGGUCAUGGCUGU,GCUUCAGCUAUGCACGGGGACAGCCAUGACCGGUAUGAGCGUCUCACCUCUGUCUCC,0.4205816554809843,0.50889516
GGCUGUCCCCGUGCAUAGC,XXAGGAAUAUGUGGCUUCAGCUAUGCACGGGGACAGCCAUGACCGGUAUGAGCGUCU,0.5458612975391499,0.45656055
GGAAGUCUGUGUCCGUGAG,GCUGAUGCCACCCGACGCCCUCACGGACACAGACUUCCAGUCXXXXXXXXXXXXXXX,0.4601043997017151,0.48803475
GUGAGGGCGUCGGGUGGCA,CAAGAUGAGGAGUUGCUGAUGCCACCCGACGCCCUCACGGACACAGACUUCCAGUCX,0.0947054436987323,0.3751166
CGUCGGGUGGCAUCAGCAA,CUCAUCCCAAGAUGAGGAGUUGCUGAUGCCACCCGACGCCCUCACGGACACAGACUU,0.2960477255779269,0.27390888
AACUCCUCAUCUUGGGAUG,GAUGAGCCCCCAUCAUCCUCAUCCCAAGAUGAGGAGUUGCUGAUGCCACCCGACGCC,0.395227442207308,0.53444713
AUCCCCUGAGCUCCCAGGA,ACGGGGAUGGGGAUGGGGCUCCUGGGAGCUCAGGGGAUGAGCCCCCAUCAUCCUCAU,0.3877703206562267,0.40845248
GUCCUGCAGCACCUGAGCG,CCAAAUCUGCGAAAUACAUCGCUCAGGUGCUGCAGGACUCAGAGGUGGACGGGGAUG,0.3445190156599553,0.47817755
CCUGAGCGAUGUAUUUCGC,UGCUGCUGUCCCCAAAUCUGCGAAAUACAUCGCUCAGGUGCUGCAGGACUCAGAGGU,0.2997762863534676,0.57454133
AGCGAUGUAUUUCGCAGAU,CUGCUGCUGCUGUCCCCAAAUCUGCGAAAUACAUCGCUCAGGUGCUGCAGGACUCAG,0.3765846383296047,0.5654147
UUCUGGGGUCCACAGUAUC,GAUUGAGCACACGGAGACAGAUACUGUGGACCCCAGAAGCAAUGGACGGCCCCCCAC,0.5503355704697986,0.58959204
AGUUGUGGGCACUGAGGUA,CUGCUUUGGACACUUCAAAUACCUCAGUGCCCACAACUACAAGAUUGAGCACACGGA,0.3825503355704698,0.44912928
UGACGAUGGUGAUGACCAG,UAUGUUCACAUUUGUGGUCCUGGUCAUCACCAUCGUCAUCUGUCUCUGCCACGUCUG,0.4996271439224459,0.5596273
CGUGCGCAUGGUGGAAAAG,GCCUCUUCUGGCUGCUCUUCUUUUCCACCAUGCGCACGGGGUUCCUAGCUCCCACGU,0.0,0.41174835
GCGCAUGGUGGAAAAGAAG,UCUGCCUCUUCUGGCUGCUCUUCUUUUCCACCAUGCGCACGGGGUUCCUAGCUCCCA,0.2960477255779269,0.4839479
GAGGAUGGGCGCGGCCACC,CGGGGGCUGUGAACCAGGUGGUGGCCGCGCCCAUCCUCUGCCUCUUCUGGCUGCUCU,0.3683818046234153,0.35072055
GGAUGGGCGCGGCCACCAC,CUCGGGGGCUGUGAACCAGGUGGUGGCCGCGCCCAUCCUCUGCCUCUUCUGGCUGCU,0.3452647278150634,0.36351293
GGCGCGGCCACCACCUGGU,AUCCACUCGGGGGCUGUGAACCAGGUGGUGGCCGCGCCCAUCCUCUGCCUCUUCUGG,0.4295302013422818,0.38257557
GCAGGUAGGCGUAGUAGAG,CCUGGUAGACAGGUACAAUCUCUACUACGCCUACCUGCCGGCCAAGCUGGACAAGAA,0.4205816554809843,0.5112928
ACGAUGAUGGGGCAGGUGA,GUGGUCAUGACCUACAGUAUCACCUGCCCCAUCAUCGUGCCCUUCGGGCUCAUGUAC,0.5443698732289336,0.484255
GGUGAUACUGUAGGUCAUG,UGUGCGUCUUCACGGUGGUCAUGACCUACAGUAUCACCUGCCCCAUCAUCGUGCCCU,0.4392244593586875,0.5261253
GUGAUACUGUAGGUCAUGA,AUGUGCGUCUUCACGGUGGUCAUGACCUACAGUAUCACCUGCCCCAUCAUCGUGCCC,0.4489187173750932,0.5079521
ACAUCAUCCAGGCGUAGGC,CGAGUUCCAGUUUGGCGCAGCCUACGCCUGGAUGAUGUGCGUCUUCACGGUGGUCAU,0.5391498881431768,0.53176904
CCGCUUCACGUUGCGCCUC,UGGCGCGCUCGGCCGCCGAGAGGCGCAACGUGAAGCGGCAUCAGGCCUACGAGUUCC,0.4436987322893363,0.47555217
CGCUUCACGUUGCGCCUCU,CUGGCGCGCUCGGCCGCCGAGAGGCGCAACGUGAAGCGGCAUCAGGCCUACGAGUUC,0.2662192393736017,0.45439082
ACGUUGCGCCUCUCGGCGG,CUCUGCCUGGCGCGCUCGGCCGCCGAGAGGCGCAACGUGAAGCGGCAUCAGGCCUAC,0.1625652498135719,0.33438796
GCAGAGCCGGAUCAUGUAC,GCAUCCCAGGCCUGCUCAUGUACAUGAUCCGGCUCUGCCUGGCGCGCUCGGCCGCCG,0.3489932885906041,0.4736043
GAUCAUGUACAUGAGCAGG,ACCUGCUGCGCAUCCCAGGCCUGCUCAUGUACAUGAUCCGGCUCUGCCUGGCGCGCU,0.5451155853840417,0.52033377
AUGUACAUGAGCAGGCCUG,AUGGACCUGCUGCGCAUCCCAGGCCUGCUCAUGUACAUGAUCCGGCUCUGCCUGGCG,0.5376584638329605,0.48044536
UGAGCAGGCCUGGGAUGCG,CAACGCCAUGGACCUGCUGCGCAUCCCAGGCCUGCUCAUGUACAUGAUCCGGCUCUG,0.5585384041759881,0.41771153
GCAGCAGGUCCAUGGCGUU,UGCCUCAGCCUUUAUCGGCAACGCCAUGGACCUGCUGCGCAUCCCAGGCCUGCUCAU,0.2028337061894109,0.2983193
CCAUGGCGUUGCCGAUAAA,CUACGUCAUUGCCUCAGCCUUUAUCGGCAACGCCAUGGACCUGCUGCGCAUCCCAGG,0.273676360924683,0.3282536
ACCAUGAAGAUGAGGAAAG,ACCAUGCACAAGUGCUACACUUUCCUCAUCUUCAUGGUGCUGCUCCUACCCUCGCUG,0.5421327367636093,0.5881604
CUUGUGCAUGGUUGUCCUG,GGACACGCUCUGGGGAGAACAGGACAACCAUGCACAAGUGCUACACUUUCCUCAUCU,0.4586129753914988,0.49688908
AUGGUUGUCCUGUUCUCCC,GCCCACUGGACACGCUCUGGGGAGAACAGGACAACCAUGCACAAGUGCUACACUUUC,0.4914243102162565,0.6188602
UUGUCCUGUUCUCCCCAGA,UGAAGCCCACUGGACACGCUCUGGGGAGAACAGGACAACCAUGCACAAGUGCUACAC,0.5070842654735273,0.62480694
CCUGUUCUCCCCAGAGCGU,UCUUUGAAGCCCACUGGACACGCUCUGGGGAGAACAGGACAACCAUGCACAAGUGCU,0.3601789709172259,0.3372573
AGCACCACAGCAGCAGGGU,CAUCACCCAGUUCUUCCCCACCCUGCUGCUGUGGUGCUUCUCGGCCCUCCUUCCCAC,0.436241610738255,0.47528642
AGAACUGGGUGAUGAUGGG,UGUGGAGUACCUCAACAACCCCAUCAUCACCCAGUUCUUCCCCACCCUGCUGCUGUG,0.5123042505592842,0.5259801
AACUUGUCCAUGGUGGUGA,ACCACUCCAGCCAUCAUCAUCACCACCAUGGACAAGUUCAACGUCACCAAGCCUGUG,0.5048471290082028,0.6239406
GUGGUGAUGAUGAUGGCUG,CUCUUCUUCCUCACCACUCCAGCCAUCAUCAUCACCACCAUGGACAAGUUCAACGUC,0.5540641312453393,0.5336136
AAGAAGAGGAGGAUGAAGA,CUGGUCAUCAAUGUCGUCCUCUUCAUCCUCCUCUUCUUCCUCACCACUCCAGCCAUC,0.4354958985831468,0.6166447
UGAAGAGGACGACAUUGAU,GUGGCUGCGCUGCCUGGUCAUCAAUGUCGUCCUCUUCAUCCUCCUCUUCUUCCUCAC,0.3668903803131991,0.63583046
GACGACAUUGAUGACCAGG,UCAUCUGGUGGCUGCGCUGCCUGGUCAUCAAUGUCGUCCUCUUCAUCCUCCUCUUCU,0.4504101416853094,0.5203454
UGAUGACCAGGCAGCGCAG,CCGAGGCUUCAUCUGGUGGCUGCGCUGCCUGGUCAUCAAUGUCGUCCUCUUCAUCCU,0.4929157345264728,0.4756624
GCAGCGCAGCCACCAGAUG,ACCUCUCCAUCCGAGGCUUCAUCUGGUGGCUGCGCUGCCUGGUCAUCAAUGUCGUCC,0.2184936614466815,0.43192488
CACCAGAUGAAGCCUCGGA,UACUGGGAGCACCUCUCCAUCCGAGGCUUCAUCUGGUGGCUGCGCUGCCUGGUCAUC,0.2177479492915734,0.5388065
UGUGCAGGGACUCGCUGCA,GGAGCCACGCCCCUCAUCCUGCAGCGAGUCCCUGCACAUCUCCAACUGGACCGUGUC,0.1931394481730052,0.5109287
CAGCCCUGGCAUUUACACA,AUCCUGAAGGACUUCAACGUGUGUAAAUGCCAGGGCUGCACCUGCCGUGGGGAGCCA,0.4981357196122297,0.4348379
GCCCUGGCAUUUACACACG,UCAUCCUGAAGGACUUCAACGUGUGUAAAUGCCAGGGCUGCACCUGCCGUGGGGAGC,0.3885160328113348,0.36743513
UGUGGAAGGUGACAAAGGC,UGAGAAGCCUCUUGGCAUGGCCUUUGUCACCUUCCACAAUGAGACUAUCACCGCCAU,0.540641312453393,0.65644324
CCAAGAGGCUUCUCAUUCA,AAGCGGGAGAAGGAGAAGGUGAAUGAGAAGCCUCUUGGCAUGGCCUUUGUCACCUUC,0.2945563012677107,0.531507
CAAGAGGCUUCUCAUUCAC,CAAGCGGGAGAAGGAGAAGGUGAAUGAGAAGCCUCUUGGCAUGGCCUUUGUCACCUU,0.5167785234899328,0.68875784
UCCUUCUCCCGCUUGUAGU,GAGCAGAAGCUGAAGGAAGACUACAAGCGGGAGAAGGAGAAGGUGAAUGAGAAGCCU,0.5369127516778524,0.74082863
CUCCAGCUUUGUGUAGUAC,AGCAGGUGGAGGCCAUUGAGUACUACACAAAGCUGGAGCAGAAGCUGAAGGAAGACU,0.4354958985831468,0.6252714
GGGGUUGAUCAUGGUAGGC,UCCAGAGCAAGGAGAACGUGCCUACCAUGAUCAACCCCAAGCCCUGUGGCCACCUCU,0.2953020134228188,0.45886764
UGGUAGGCACGUUCUCCUU,CUUCACAAACCUCCAGAGCAAGGAGAACGUGCCUACCAUGAUCAACCCCAAGCCCUG,0.5234899328859061,0.51554304
GGGUAGGCUUCCUCAAAAU,UCAGAAAAGAUCAAGAAGCAUUUUGAGGAAGCCUACCCCAACUGCACAGUUCUCGAA,0.2073079791200597,0.36099017
GUAGGCUUCCUCAAAAUGC,AGUCAGAAAAGAUCAAGAAGCAUUUUGAGGAAGCCUACCCCAACUGCACAGUUCUCG,0.651006711409396,0.6832115
GAUUCCAUUGAUGAAGAGG,AUGAUCUGGUGAAGCGGACCCUCUUCAUCAAUGGAAUCUCCAAAUAUGCAGAGUCAG,0.5510812826249067,0.6086852
CCGCUUCACCAGAUCAUCC,CCAAGAUGCGCUACAAGGAGGAUGAUCUGGUGAAGCGGACCCUCUUCAUCAAUGGAA,0.476510067114094,0.6639938
UUCACCAGAUCAUCCUCCU,ACCUCCAAGAUGCGCUACAAGGAGGAUGAUCUGGUGAAGCGGACCCUCUUCAUCAAU,0.5771812080536913,0.6967925
GAGCAGCAGAUACAGGAAG,GGCUGCACACCUCCUUCGCCUUCCUGUAUCUGCUGCUCACCGUCUACAGCAUGCGUA,0.5652498135719612,0.5163547
UUGUUCCCUGAUUUCAAGU,GGGAGAACCACCAUUGCCAACUUGAAAUCAGGGAACAACCUGCUAUGGCUGCACACC,0.2565249813571961,0.71033233
CAAGUUGGCAAUGGUGGUU,AUGCCUACAGCUUUGGGAGAACCACCAUUGCCAACUUGAAAUCAGGGAACAACCUGC,0.2550335570469799,0.3729284
GGCAAUGGUGGUUCUCCCA,AGAACAAUGCCUACAGCUUUGGGAGAACCACCAUUGCCAACUUGAAAUCAGGGAACA,0.3266219239373601,0.36707982
GAGAAGUUGACAGGCAGCA,GUCCUCUCCGUAGGCAUCGUGCUGCCUGUCAACUUCUCAGGGGACCUGCUGGAGAAC,0.4511558538404175,0.49133527
AGAGGACGCCCACAACCAC,GCACAUCAUCGGGCUGCUGGUGGUUGUGGGCGUCCUCUCCGUAGGCAUCGUGCUGCC,0.3989560029828486,0.44817415
GAUGUGCCGCUGAAAGGAC,GCGAUGCCGUGCACUACCUGUCCUUUCAGCGGCACAUCAUCGGGCUGCUGGUGGUUG,0.4854586129753915,0.55432177
ACCAUUGUCCCUUUGGUCA,UCUCCAGCUCCGUUGACUUUGACCAAAGGGACAAUGGUUUCUUCCUGGCUGACAGCC,0.5287099179716629,0.5064193
GUCAAAGUCAACGGAGCUG,AGCGUCUCACCUCUGUCUCCAGCUCCGUUGACUUUGACCAAAGGGACAAUGGUUUCU,0.6293810589112603,0.59213704
CAGCACACGAAUCAAGGAA,AAGACCAUACACUUGUCAAUUCCUUGAUUCGUGUGCUGCAGACAUUGCAGGAGUUCA,0.1648023862788963,0.4823535
AGCCAGCAGGGCAAUCCAG,GAGAUCACCUCCUACACCACUGGAUUGCCCUGCUGGCUGACUGCCCCAUCACUGCAC,0.4750186428038777,0.437461
UAAUGUCUCAUAAUAGGUU,AUUUCCUGGAAAAAGCACAAACCUAUUAUGAGACAUUAGAGAAGAAUGAAGUAGUCC,0.494407158836689,0.6354544
CUCCACAGAGCAACAGCGU,GAAAGAGCGAGGCAGUCUGACGCUGUUGCUCUGUGGAGAGUGUGGCCUUGUCUCGGC,0.4526472781506338,0.53897643
CUCAGGCUUAUGGAAGUGC,CAGUCAAUGGCAUUGUGAAGCACUUCCAUAAGCCUGAGAAAGAGCGAGGCAGUCUGA,0.586875466070097,0.5432351
GCUGGGAUGUGAGCAGCUC,GGAGCGGAUCCUAGUUGGGGAGCUGCUCACAUCCCAGCCUGAGGUGGAUGAGAGGCC,0.3176733780760626,0.47536367
CACAUACUCCACCAGCCAU,ACUCUGGGCUGUAUGCCAAAUGGCUGGUGGAGUAUGUGAUGGUCAGGAAUGAGAUCA,0.5361670395227442,0.45035082
GUAAGCUUCCCCAAGUUCU,GAGAUGACCUUCGAGUGCCAGAACUUGGGGAAGCUUACUACUGUCCAGAUUGGCCAU,0.6577181208053692,0.6351681
CUUCCCCAAGUUCUGGCAC,UGCUAGAGAUGACCUUCGAGUGCCAGAACUUGGGGAAGCUUACUACUGUCCAGAUUG,0.3124533929903057,0.5241994
UGUCUCACCCAAUUCUCCU,ACCCAUGGAUCUGUAUAUCAGGAGAAUUGGGUGAGACACAGAUCAUGCAGAUUCCCA,0.5257270693512304,0.6754879
UCUUGCUUGGUACGAUCAG,CCUGAUCCCGUACCACAUUCUGAUCGUACCAAGCAAGAAGCUGGGGGGCUCCAUGUU,0.4079045488441462,0.64751065
UAAUCGACGGCAUUGAAAG,UUCCUCUAUCACCUCCUGUCUUUCAAUGCCGUCGAUUACUUUUGCUUCACCAAUGUC,0.5727069351230425,0.7869954
CGACGGCAUUGAAAGACAG,GCAGUUCCUCUAUCACCUCCUGUCUUUCAAUGCCGUCGAUUACUUUUGCUUCACCAA,0.3534675615212528,0.55435747
UCCCCGAUGUUCUGGAUGU,CUGAUUCAGGAUAUGAGGCACAUCCAGAACAUCGGGGAAAUCAAGACUGAUGUGGGA,0.3310961968680089,0.5873002
GAAUCAGGGAGAUCCUCAG,CAGCUCACUCAUGCCUCCCCUGAGGAUCUCCCUGAUUCAGGAUAUGAGGCACAUCCA,0.4519015659955257,0.51104426
GGGACCAUAAGGCUGAUUU,ACUACAAGUGAAACAGGGGAAAUCAGCCUUAUGGUCCCACCUGUUACAUUAUCAGGA,0.3124533929903057,0.34518746
ACCAUAAGGCUGAUUUCCC,UGGACUACAAGUGAAACAGGGGAAAUCAGCCUUAUGGUCCCACCUGUUACAUUAUCA,0.4556301267710663,0.65771145
UUAUUGCGGCAUUCCUUCA,AAGUUUGUAGAGGGCCUGCUGAAGGAAUGCCGCAAUAAGACCAAGAGGAUGCUGGUG,0.5794183445190156,0.7475373
ACAGUUUGGGCUGGCGGAU,CAGGACUAUGGGCAGCACUAUCCGCCAGCCCAAACUGUCCAACCUCUCUCCAUCAGU,0.3049962714392244,0.36540753
UGGAUGUACUUCUCCCUCU,CUGCGUUUAGAUAAUGACCAGAGGGAGAAGUACAUCCAGGAAGCCAGGACUAUGGGC,0.6017897091722596,0.69402343
CACUUGUUGCUGGCUGGCC,UCUGAUGUACUUUCCACUGGGCCAGCCAGCAACAAGUGGACGAAAAGGAAUGCCCCU,0.5495898583146905,0.5136506
CCUUGUCCAAUCUUCAUGU,AUUCACCCACAUUUACUUGACAUGAAGAUUGGACAAGGGAAAUAUGAGCCGGGCUUC,0.5257270693512304,0.48206002
GAAUUGCAGUAUGGUCAAU,UGAGCUGCGUCUGGCAAAAAUUGACCAUACUGCAAUUCACCCACAUUUACUUGACAU,0.3422818791946309,0.37069336
GAUGUACGGAGAGUAGGUG,AGGCUGUUGAAUGUUCGGACACCUACUCUCCGUACAUCCAUGUACCAGAAGUGUACC,0.4079045488441462,0.50532085
GUAGGUGUCCGAACAUUCA,GUUGACAAGAUCAGGCUGUUGAAUGUUCGGACACCUACUCUCCGUACAUCCAUGUAC,0.3653989560029828,0.52148277
UUAUUUUGUUGUCAAUGAA,GACCCAGAUGUUUGCAUCUUUCAUUGACAACAAAAUAAUGUGUCAUGAUGAUGAUGA,0.7293064876957495,0.654834
UGAAAGAUGCAAACAUCUG,CUCAAGAUUCCUGGAGACCCAGAUGUUUGCAUCUUUCAUUGACAACAAAAUAAUGUG,0.5615212527964206,0.7047714
AGAUGCAAACAUCUGGGUC,UCCUCUCAAGAUUCCUGGAGACCCAGAUGUUUGCAUCUUUCAUUGACAACAAAAUAA,0.5361670395227442,0.6122998
CUUGAGAGGAAGGGCAGGU,UCAGAUCAGCCUGAGCCCUACCUGCCCUUCCUCUCAAGAUUCCUGGAGACCCAGAUG,0.3967188665175242,0.4906258
GUUUUGCAUUUGCUCCCUG,AGGAAUCCUGGUUUACCAACAGGGAGCAAAUGCAAAACUUUGAUAAAGCAUCUUUUC,0.5063385533184191,0.49809405
UUUGCAUUUGCUCCCUGUU,UAAGGAAUCCUGGUUUACCAACAGGGAGCAAAUGCAAAACUUUGAUAAAGCAUCUUU,0.3668903803131991,0.6472284
UAUCCUGGCUGGGUUGGAU,AGAUUAUGAGGCGUUUGUCAUCCAACCCAGCCAGGAUAAGGAAUCCUGGUUUACCAA,0.3862788963460105,0.47690606
GUAAAUCCUGAGUUCUUCU,UCAAAGUUCAGUGUGAUGAAGAAGAACUCAGGAUUUACCAGCUAAACAUUCAGAUCC,0.3333333333333333,0.61156267
UUUCCAGGCUCACCCCAGU,GCAAGCCUUGGUCAAGAGAACUGGGGUGAGCCUGGAAAAGUUGGAAGUGCGUGAAGA,0.2766592095451156,0.6077729
UUCCAGGCUCACCCCAGUU,UGCAAGCCUUGGUCAAGAGAACUGGGGUGAGCCUGGAAAAGUUGGAAGUGCGUGAAG,0.4354958985831468,0.57353354
CAAGGCUUGCAGCCGGGCA,UUAAGGAGAAUGAAACUAUUGCCCGGCUGCAAGCCUUGGUCAAGAGAACUGGGGUGA,0.4205816554809843,0.4394884
CGUAGGAAUGCAAAGGGGA,GAAUGGGAACAUUGCUGGCUCCCCUUUGCAUUCCUACGAGCUUCUUAAGGAGAAUGA,0.3333333333333333,0.42442977
GGCCCGCAGCCUCUUCAGC,GCAGUGAGAGUGCCUCCAAGCUGAAGAGGCUGCGGGCCUCUGAGCUUGUCUCGGACA,0.27889634601044,0.43706706
UUCAGCUUGGAGGCACUCU,GGGAAUCUUCAUUGCAGUGAGAGUGCCUCCAAGCUGAAGAGGCUGCGGGCCUCUGAG,0.4988814317673378,0.5848232
GUUGGGGAACUGUGGCAAG,UCAUUGAGUUGCCAGAGGACUUGCCACAGUUCCCCAACAAAUUGGAGUUUGUCCAGG,0.3773303504847129,0.4804672
GGCAAGUCCUCUGGCAACU,AUUGACAACCACUUCAUUGAGUUGCCAGAGGACUUGCCACAGUUCCCCAACAAAUUG,0.5346756152125279,0.5048321
CACAAAGCAGAGGUUAGCC,AGCUGGAGCUGCCUCAAGAGGCUAACCUCUGCUUUGUGGACAUUGACAACCACUUCA,0.5234899328859061,0.598533
CAGAGGUUAGCCUCUUGAG,CGGUCAAAGCUGGAGCUGCCUCAAGAGGCUAACCUCUGCUUUGUGGACAUUGACAAC,0.3900074571215511,0.4602732
AGUCAUCAGUCUCUGGUAA,UCCUGCUCUACUCACAGCAUUACCAGAGACUGAUGACUGUGGCGGAGACGAUUACAG,0.2147651006711409,0.47567895
UGGCCCAUAGACCCCAGAA,CUGGCCGGUCCUUGAAGUUUUCUGGGGUCUAUGGGCCAAUAAUCUGCCAGAGACCAA,0.47129008202833705,0.48115143
AGGAGGUGGGAGCGGCACC,UAUACAACGUACUCUACGAGGUGCCGCUCCCACCUCCUGGCCGGUCCUUGAAGUUUU,0.29082774049217,0.36976656
UGCCUGGUGGAGUUGCUCC,AGGCAUGUCGGAGCGUGCUGGAGCAACUCCACCAGGCAGUCACUUCACCUCAGCCCC,0.4630872483221476,0.5185963
UCCAGCACGCUCCGACAUG,CCCAUGUCUUUCAUGAAGGCAUGUCGGAGCGUGCUGGAGCAACUCCACCAGGCAGUC,0.45339299030574204,0.4998602
UGCACUUAGAGACGUAGAG,UGACAUUAGCCGGGACACUCUCUACGUCUCUAAGUGCAUCUGCCUCAUCACACCCAU,0.5093214019388517,0.61373407
UGUGAGGGCAAACCCAAAU,GGGAGGAUGGCUCUCGGACAUUUGGGUUUGCCCUCACAUUUUAUGAAGAGGUGACUA,0.5384041759880686,0.6043001
UGUGAUAAUAAAGGCAUGG,AUCCCAGGGAGCCCCAAUUCCAUGCCUUUAUUAUCACAAGGGAGGAUGGCUCUCGGA,0.540641312453393,0.6325593
AAGGCAUGGAAUUGGGGCU,ACCCAGGCUGAUCCCAGGGAGCCCCAAUUCCAUGCCUUUAUUAUCACAAGGGAGGAU,0.4295302013422818,0.526328
CUGGGAUCAGCCUGGGUCU,CCGAAAGGGCUGGCAUUCAAGACCCAGGCUGAUCCCAGGGAGCCCCAAUUCCAUGCC,0.5600298284862043,0.39072153
CCUACUGCAUCUUGGUCAA,AACGUAGAAUGGAAUCCCUUUGACCAAGAUGCAGUAGGAAUGCUAUGUAUGCCGAAA,0.4317673378076062,0.33415368
AAAAUUUUCUCCUUCAGUC,GCCCUUUCAUUUCAAGUACGACUGAAGGAGAAAAUUUUGAGCAGACACCAUUGAGAA,0.6771066368381805,0.7869484
AAGGGCUGGCACCAUCCCU,CAUACAGGCUUCUAAAGCCAGGGAUGGUGCCAGCCCUUUCAUUUCAAGUACGACUGA,0.6241610738255033,0.49843082
CCAUCCCUGGCUUUAGAAG,UUAUGCCAGUACAUACAGGCUUCUAAAGCCAGGGAUGGUGCCAGCCCUUUCAUUUCA,0.3460104399701715,0.37548402
ACUGGCAUAAUGCCGACAG,CGGGCUGGAGCCGGACGAGCUGUCGGCAUUAUGCCAGUACAUACAGGCUUCUAAAGC,0.5443698732289336,0.53002685
GUGAUGUUGAACUCCUGCA,AUUCGUGUGCUGCAGACAUUGCAGGAGUUCAACAUCACXXXXXXXXXXXXXXXXXXX,0.4660700969425801,0.59973323
AAUGUCUGCAGCACACGAA,ACACUUGUCAAUUCCUUGAUUCGUGUGCUGCAGACAUUGCAGGAGUUCAACAUCACX,0.2997762863534676,0.5922311
GAGGUGAUCUCUGGCUCCC,UUCAGAUGCUGGUGUGCUUGGGAGCCAGAGAUCACCUCCUACACCACUGGAUUGCCC,0.3706189410887398,0.5276857
AUCGGCAGAAGUUCCGGGC,GGAAAACUGGCAUACAAGAGCCCGGAACUUCUGCCGAUUUGUCACUGCAAUCAACAA,0.5287099179716629,0.5837115
AGUGCUUCACAAUGCCAUU,GUCCAUCGGGGAGGCAGUCAAUGGCAUUGUGAAGCACUUCCAUAAGCCUGAGAAAGA,0.4511558538404175,0.58124703
GACUGCUGCAGCGGCGGGG,GAUGAGAGGCCAUGCCGGACCCCGCCGCUGCAGCAGUCCCCCAGUGUCAUCCGGAGG,0.4608501118568233,0.3584319
UCCGGCAUGGCCUCUCAUC,CACAUCCCAGCCUGAGGUGGAUGAGAGGCCAUGCCGGACCCCGCCGCUGCAGCAGUC,0.4697986577181208,0.49600974
AUGGCCUCUCAUCCACCUC,GCUGCUCACAUCCCAGCCUGAGGUGGAUGAGAGGCCAUGCCGGACCCCGCCGCUGCA,0.5548098434004475,0.4781717
CAGCUCCCCAACUAGGAUC,AUGAUGGAAGCCUGGAGCGGAUCCUAGUUGGGGAGCUGCUCACAUCCCAGCCUGAGG,0.4966442953020135,0.5601677
GCUUCCAUCAUCCAUGCCC,GUGGCCGGUGGUUAGGGAAGGGCAUGGAUGAUGGAAGCCUGGAGCGGAUCCUAGUUG,0.4056674123788218,0.5310235
UCCACCAGCCAUUUGGCAU,CAUGAUAACUCUGGGCUGUAUGCCAAAUGGCUGGUGGAGUAUGUGAUGGUCAGGAAU,0.5182699478001491,0.54097486
AUCCAUGGGUUGGCAGUGA,AAGCUGGGGGGCUCCAUGUUCACUGCCAACCCAUGGAUCUGUAUAUCAGGAGAAUUG,0.4310216256524981,0.44441065
AAUCGACGGCAUUGAAAGA,GUUCCUCUAUCACCUCCUGUCUUUCAAUGCCGUCGAUUACUUUUGCUUCACCAAUGU,0.3929903057419836,0.685275
GAAAGACAGGAGGUGAUAG,ACGAGAAGGAGCAGUUCCUCUAUCACCUCCUGUCUUUCAAUGCCGUCGAUUACUUUU,0.4705443698732289,0.5581658
GGAUGUGCCUCAUAUCCUG,CCUGAGGAUCUCCCUGAUUCAGGAUAUGAGGCACAUCCAGAACAUCGGGGAAAUCAA,0.3482475764354959,0.55651456
GGAGGCAUGAGUGAGCUGG,GAACGUAGGAAGUCUGAUGCCAGCUCACUCAUGCCUCCCCUGAGGAUCUCCCUGAUU,0.4802386278896346,0.47289017
CCUACGUUCUGAAUCAAGA,UCAGUACCUCAGGAAUACUUCUUGAUUCAGAACGUAGGAAGUCUGAUGCCAGCUCAC,0.2170022371364653,0.49606407
UUUCUCUGCCGGUUGUCCU,UCCCACCUGUUACAUUAUCAGGACAACCGGCAGAGAAAACUCACAUCAGGAAGCCUC,0.4996271439224459,0.7042738
AACAGGUGGGACCAUAAGG,GUGAAACAGGGGAAAUCAGCCUUAUGGUCCCACCUGUUACAUUAUCAGGACAACCGG,0.4660700969425801,0.5312215
GAUCCUUUCCAGGAGAUCA,CCCUGAUUGCCAGCCUUUGUGAUCUCCUGGAAAGGAUCUGGAGUCAUGGACUACAAG,0.3288590604026846,0.50854015
UUUCCAGGAGAUCACAAAG,GAACACCCUGAUUGCCAGCCUUUGUGAUCUCCUGGAAAGGAUCUGGAGUCAUGGACU,0.4906785980611484,0.6712662
AGGAGAUCACAAAGGCUGG,GAAGAGAACACCCUGAUUGCCAGCCUUUGUGAUCUCCUGGAAAGGAUCUGGAGUCAU,0.3512304250559284,0.5372005
GAUCACAAAGGCUGGCAAU,GGUGGAAGAGAACACCCUGAUUGCCAGCCUUUGUGAUCUCCUGGAAAGGAUCUGGAG,0.3616703952274422,0.3970982
UCUUGGUCUUAUUGCGGCA,AGAGGGCCUGCUGAAGGAAUGCCGCAAUAAGACCAAGAGGAUGCUGGUGGAAAAGAU,0.5167785234899328,0.73484147
GAUGUACUUCUCCCUCUGG,ACCUGCGUUUAGAUAAUGACCAGAGGGAGAAGUACAUCCAGGAAGCCAGGACUAUGG,0.2572706935123042,0.5488436
CUCUGGUCAUUAUCUAAAC,CAGCACACAGAACACCUGCGUUUAGAUAAUGACCAGAGGGAGAAGUACAUCCAGGAA,0.3832960477255779,0.5834378
CAGUGGAAAGUACAUCAGA,CUUCUUCCCUAAGCUGCAGUCUGAUGUACUUUCCACUGGGCCAGCCAGCAACAAGUG,0.3571961222967934,0.53537166
AUUCAACAGCCUGAUCUUG,UAUUUGAUUCCCGAGUUGACAAGAUCAGGCUGUUGAAUGUUCGGACACCUACUCUCC,0.4153616703952275,0.61720586
GGUCUCCAGGAAUCUUGAG,AGCCCUACCUGCCCUUCCUCUCAAGAUUCCUGGAGACCCAGAUGUUUGCAUCUUUCA,0.4817300521998509,0.40201664
GCUUUAUCAAAGUUUUGCA,UUUACCAACAGGGAGCAAAUGCAAAACUUUGAUAAAGCAUCUUUUCUGUCAGAUCAG,0.343027591349739,0.39098325
GGAUGACAAACGCCUCAUA,CACUCAGAUGUUUGCAGAUUAUGAGGCGUUUGUCAUCCAACCCAGCCAGGAUAAGGA,0.3348247576435496,0.33945364
GCCUCAUAAUCUGCAAACA,GCAAAUCGUUUCACUCAGAUGUUUGCAGAUUAUGAGGCGUUUGUCAUCCAACCCAGC,0.2870991797166294,0.37680107
UGCAAACAUCUGAGUGAAA,GGGAAGUUUUUGCAAAUCGUUUCACUCAGAUGUUUGCAGAUUAUGAGGCGUUUGUCA,0.3161819537658464,0.49810997
AACUUCCCGGAUCUGAAUG,UCAGGAUUUACCAGCUAAACAUUCAGAUCCGGGAAGUUUUUGCAAAUCGUUUCACUC,0.5570469798657718,0.6037909
UUCUUCUUCAUCACACUGA,GCAAUAAGGAUCUCAAAGUUCAGUGUGAUGAAGAAGAACUCAGGAUUUACCAGCUAA,0.5607755406413124,0.7325125
ACUUUGAGAUCCUUAUUGC,GUGCGUGAAGACCCCAGCAGCAAUAAGGAUCUCAAAGUUCAGUGUGAUGAAGAAGAA,0.4936614466815809,0.7759771
UCCUUAUUGCUGCUGGGGU,AAGUUGGAAGUGCGUGAAGACCCCAGCAGCAAUAAGGAUCUCAAAGUUCAGUGUGAU,0.4839671886651752,0.51433223
ACGCACUUCCAACUUUUCC,AGAGAACUGGGGUGAGCCUGGAAAAGUUGGAAGUGCGUGAAGACCCCAGCAGCAAUA,0.45339299030574204,0.7206199
CUUAAGAAGCUCGUAGGAA,UUGCUGGCUCCCCUUUGCAUUCCUACGAGCUUCUUAAGGAGAAUGAAACUAUUGCCC,0.4459358687546607,0.48892555
UUAAGAAGCUCGUAGGAAU,AUUGCUGGCUCCCCUUUGCAUUCCUACGAGCUUCUUAAGGAGAAUGAAACUAUUGCC,0.4876957494407159,0.72908723
GAAGCUCGUAGGAAUGCAA,GAACAUUGCUGGCUCCCCUUUGCAUUCCUACGAGCUUCUUAAGGAGAAUGAAACUAU,0.3788217747949292,0.39404494
AGCCAGCAAUGUUCCCAUU,GCUUGUCUCGGACAAGAGGAAUGGGAACAUUGCUGGCUCCCCUUUGCAUUCCUACGA,0.3251304996271439,0.4046641
GCCAGCAAUGUUCCCAUUC,AGCUUGUCUCGGACAAGAGGAAUGGGAACAUUGCUGGCUCCCCUUUGCAUUCCUACG,0.3378076062639821,0.45559004
GCAAUGUUCCCAUUCCUCU,UCUGAGCUUGUCUCGGACAAGAGGAAUGGGAACAUUGCUGGCUCCCCUUUGCAUUCC,0.3997017151379567,0.4630312
CAAUGUUCCCAUUCCUCUU,CUCUGAGCUUGUCUCGGACAAGAGGAAUGGGAACAUUGCUGGCUCCCCUUUGCAUUC,0.3728560775540641,0.4789776
GCCCGCAGCCUCUUCAGCU,UGCAGUGAGAGUGCCUCCAAGCUGAAGAGGCUGCGGGCCUCUGAGCUUGUCUCGGAC,0.4093959731543624,0.4695663
CCAAUUUGUUGGGGAACUG,GUUGCCAGAGGACUUGCCACAGUUCCCCAACAAAUUGGAGUUUGUCCAGGAAGUCUC,0.5063385533184191,0.5084111
CAAUGAAGUGGUUGUCAAU,UAACCUCUGCUUUGUGGACAUUGACAACCACUUCAUUGAGUUGCCAGAGGACUUGCC,0.3631618195376584,0.47418
AGCUUUGACCGGUCAUCCA,GGUUUGCAUUCCAAUGGCCUGGAUGACCGGUCAAAGCUGGAGCUGCCUCAAGAGGCU,0.5048471290082028,0.60211056
AUCUAAGAAAUGCAGGAGA,UCCCUAUUCUCCCAGCUUCUCUCCUGCAUUUCUUAGAUGCUCCUGUUCCAUACCUGA,0.3825503355704698,0.5938443
UUUGACAGGAAAGUCAAAU,GUACCAAUGAGCUUCCCCUAUUUGACUUUCCUGUCAAAGAGGUUUUUGAACUGCUCG,0.4004474272930649,0.7019381
UAUUGGCCCAUAGACCCCA,GCCGGUCCUUGAAGUUUUCUGGGGUCUAUGGGCCAAUAAUCUGCCAGAGACCAAGUA,0.4973900074571216,0.5914136
CCAGGAGGUGGGAGCGGCA,UACAACGUACUCUACGAGGUGCCGCUCCCACCUCCUGGCCGGUCCUUGAAGUUUUCU,0.1856823266219239,0.33647665
UGUAUAUGUAGCUCUCAAG,UCAGCCCCCUCCACUGCCCCUUGAGAGCUACAUAUACAACGUACUCUACGAGGUGCC,0.5533184190902312,0.6643366
CAUAGGAGUUGAAGCGCUG,CACUCCUGUGACCAAACUGCAGCGCUUCAACUCCUAUGACAUUAGCCGGGACACUCU,0.37211036539895603,0.58696276
UGCAGUUUGGUCACAGGAG,AUGGAGGAUGGUGAAGACACUCCUGUGACCAAACUGCAGCGCUUCAACUCCUAUGAC,0.6002982848620433,0.5467279
CAGGAGUGUCUUCACCAUC,AGACCAGAGCAGCAUGGAGGAUGGUGAAGACACUCCUGUGACCAAACUGCAGCGCUU,0.6181953765846383,0.58426434
ACUCAGCAUUGUGCAUGUG,UGCAAUGCAGACCCUCUACCACAUGCACAAUGCUGAGUAUGAUGUCCUACAUGCUCC,0.5190156599552572,0.47468984
AUUGUGCAUGUGGUAGAGG,UCUGCAGUGCAAUGCAGACCCUCUACCACAUGCACAAUGCUGAGUAUGAUGUCCUAC,0.5093214019388517,0.5392454
GCAUUGCACUGCAGAUCUG,UGAAGAGGUGACUAGCAAGCAGAUCUGCAGUGCAAUGCAGACCCUCUACCACAUGCA,0.4198359433258761,0.4682406
CUUGCUAGUCACCUCUUCA,GGUUUGCCCUCACAUUUUAUGAAGAGGUGACUAGCAAGCAGAUCUGCAGUGCAAUGC,0.5115585384041761,0.6110075
AUGUGAGGGCAAACCCAAA,GGAGGAUGGCUCUCGGACAUUUGGGUUUGCCCUCACAUUUUAUGAAGAGGUGACUAG,0.5473527218493661,0.5246142
AUGUCCGAGAGCCAUCCUC,UGCCUUUAUUAUCACAAGGGAGGAUGGCUCUCGGACAUUUGGGUUUGCCCUCACAUU,0.4168530947054437,0.53722507
GGCUCCCUGGGAUCAGCCU,GGGCUGGCAUUCAAGACCCAGGCUGAUCCCAGGGAGCCCCAAUUCCAUGCCUUUAUU,0.4280387770320656,0.31915036
UGGGUCUUGAAUGCCAGCC,AUGCUAUGUAUGCCGAAAGGGCUGGCAUUCAAGACCCAGGCUGAUCCCAGGGAGCCC,0.5652498135719612,0.5561459
AUUUGAAUGUUCUUCUCAA,AAAUUUUGAGCAGACACCAUUGAGAAGAACAUUCAAAUCUAAGGUCCUUGCACGAUA,0.4079045488441462,0.605501
CAUAAUGCCGACAGCUCGU,GAGACCGGGCUGGAGCCGGACGAGCUGUCGGCAUUAUGCCAGUACAUACAGGCUUCU,0.4034302759134974,0.6322502
CGGUCUCCGUGUCCAGUCC,CGACUACUUUGUCAUCUGCGGACUGGACACGGAGACCGGGCUGGAGCCGGACGAGCU,0.4504101416853094,0.41617212
AGAGUAUUCUUCAGCUAGG,AGCACCCGCUUCGGGCUGACCUAGCUGAAGAAUACUCUAAGGACCGUAAAAAAUUCU,0.476510067114094,0.7055109
AGUAUUCUUCAGCUAGGUC,UGAGCACCCGCUUCGGGCUGACCUAGCUGAAGAAUACUCUAAGGACCGUAAAAAAUU,0.7576435495898584,0.63071275
AUUCUUCAGCUAGGUCAGC,GCCUGAGCACCCGCUUCGGGCUGACCUAGCUGAAGAAUACUCUAAGGACCGUAAAAA,0.5227442207307978,0.61956054
CUUCAGCUAGGUCAGCCCG,CCAGCCUGAGCACCCGCUUCGGGCUGACCUAGCUGAAGAAUACUCUAAGGACCGUAA,0.4571215510812826,0.4709562
UCAGCUAGGUCAGCCCGAA,CCCCAGCCUGAGCACCCGCUUCGGGCUGACCUAGCUGAAGAAUACUCUAAGGACCGU,0.3653989560029828,0.59084463
UAGGUCAGCCCGAAGCGGG,AUGACCCCCAGCCUGAGCACCCGCUUCGGGCUGACCUAGCUGAAGAAUACUCUAAGG,0.4645786726323639,0.4823652
GGUCAGCCCGAAGCGGGUG,GAAUGACCCCCAGCCUGAGCACCCGCUUCGGGCUGACCUAGCUGAAGAAUACUCUAA,0.4474272930648769,0.40832075
UCAGCCCGAAGCGGGUGCU,GUGAAUGACCCCCAGCCUGAGCACCCGCUUCGGGCUGACCUAGCUGAAGAAUACUCU,0.2803877703206562,0.41638032
GCCCGAAGCGGGUGCUCAG,CUGGUGAAUGACCCCCAGCCUGAGCACCCGCUUCGGGCUGACCUAGCUGAAGAAUAC,0.3855331841909023,0.45763594
CGAAGCGGGUGCUCAGGCU,GCACUGGUGAAUGACCCCCAGCCUGAGCACCCGCUUCGGGCUGACCUAGCUGAAGAA,0.3452647278150634,0.43504074
GAAGCGGGUGCUCAGGCUG,AGCACUGGUGAAUGACCCCCAGCCUGAGCACCCGCUUCGGGCUGACCUAGCUGAAGA,0.2766592095451156,0.4697842
GUCAUUCACCAGUGCUAUG,ACCAAGUAAUCCAGUCCCUCAUAGCACUGGUGAAUGACCCCCAGCCUGAGCACCCGC,0.6032811334824758,0.5276498
UCAUUCACCAGUGCUAUGA,GACCAAGUAAUCCAGUCCCUCAUAGCACUGGUGAAUGACCCCCAGCCUGAGCACCCG,0.5779269202087994,0.70235264
CAUUCACCAGUGCUAUGAG,CGACCAAGUAAUCCAGUCCCUCAUAGCACUGGUGAAUGACCCCCAGCCUGAGCACCC,0.5749440715883669,0.5088993
GAGGGACUGGAUUACUUGG,AGCCAGCAACCAAAACCGACCAAGUAAUCCAGUCCCUCAUAGCACUGGUGAAUGACC,0.4578672632363907,0.49545676
AGGGACUGGAUUACUUGGU,AAGCCAGCAACCAAAACCGACCAAGUAAUCCAGUCCCUCAUAGCACUGGUGAAUGAC,0.651006711409396,0.52753466
CUGGAUUACUUGGUCGGUU,ACUGGAAGCCAGCAACCAAAACCGACCAAGUAAUCCAGUCCCUCAUAGCACUGGUGA,0.4966442953020135,0.4467628
GAUUACUUGGUCGGUUUUG,AAAACUGGAAGCCAGCAACCAAAACCGACCAAGUAAUCCAGUCCCUCAUAGCACUGG,0.4190902311707681,0.5147394
AUUACUUGGUCGGUUUUGG,GAAAACUGGAAGCCAGCAACCAAAACCGACCAAGUAAUCCAGUCCCUCAUAGCACUG,0.6308724832214765,0.65073764
ACUUGGUCGGUUUUGGUUG,GCCGAAAACUGGAAGCCAGCAACCAAAACCGACCAAGUAAUCCAGUCCCUCAUAGCA,0.6487695749440716,0.64449614
UGGUCGGUUUUGGUUGCUG,AGUGCCGAAAACUGGAAGCCAGCAACCAAAACCGACCAAGUAAUCCAGUCCCUCAUA,0.4474272930648769,0.55206114
CGGUUUUGGUUGCUGGCUU,AAUUAGUGCCGAAAACUGGAAGCCAGCAACCAAAACCGACCAAGUAAUCCAGUCCCU,0.3109619686800894,0.3201356
GUUUUGGUUGCUGGCUUCC,GUAAUUAGUGCCGAAAACUGGAAGCCAGCAACCAAAACCGACCAAGUAAUCCAGUCC,0.5443698732289336,0.57822853
UGGUUGCUGGCUUCCAGUU,GCCAGUAAUUAGUGCCGAAAACUGGAAGCCAGCAACCAAAACCGACCAAGUAAUCCA,0.5354213273676359,0.5171896
UUUCGGCACUAAUUACUGG,AAAGGGGCAGGUCUGUCUGCCAGUAAUUAGUGCCGAAAACUGGAAGCCAGCAACCAA,0.6174496644295302,0.683993
CACUAAUUACUGGCAGACA,CGACGAAAAGGGGCAGGUCUGUCUGCCAGUAAUUAGUGCCGAAAACUGGAAGCCAGC,0.3855331841909023,0.46205324
ACUAAUUACUGGCAGACAG,UCGACGAAAAGGGGCAGGUCUGUCUGCCAGUAAUUAGUGCCGAAAACUGGAAGCCAG,0.3914988814317673,0.64700866
UAAUUACUGGCAGACAGAC,CAUCGACGAAAAGGGGCAGGUCUGUCUGCCAGUAAUUAGUGCCGAAAACUGGAAGCC,0.6785980611483967,0.7241993
AAUUACUGGCAGACAGACC,ACAUCGACGAAAAGGGGCAGGUCUGUCUGCCAGUAAUUAGUGCCGAAAACUGGAAGC,0.5540641312453393,0.63087326
UACUGGCAGACAGACCUGC,CAAACAUCGACGAAAAGGGGCAGGUCUGUCUGCCAGUAAUUAGUGCCGAAAACUGGA,0.3929903057419836,0.57397723
CCUGCCCCUUUUCGUCGAU,AAAGAUCUAUCACCCAAACAUCGACGAAAAGGGGCAGGUCUGUCUGCCAGUAAUUAG,0.23862788963460102,0.32267708
UGCCCCUUUUCGUCGAUGU,ACAAAGAUCUAUCACCCAAACAUCGACGAAAAGGGGCAGGUCUGUCUGCCAGUAAUU,0.4809843400447428,0.6496282
CCUUUUCGUCGAUGUUUGG,UAAAACAAAGAUCUAUCACCCAAACAUCGACGAAAAGGGGCAGGUCUGUCUGCCAGU,0.4429530201342281,0.55607474
CGUCGAUGUUUGGGUGAUA,CACAUUUAAAACAAAGAUCUAUCACCCAAACAUCGACGAAAAGGGGCAGGUCUGUCU,0.4250559284116331,0.30241778
AUGUUUGGGUGAUAGAUCU,AAGAUCACAUUUAAAACAAAGAUCUAUCACCCAAACAUCGACGAAAAGGGGCAGGUC,0.5451155853840417,0.7055661
UUUGGGUGAUAGAUCUUUG,CCGAAGAUCACAUUUAAAACAAAGAUCUAUCACCCAAACAUCGACGAAAAGGGGCAG,0.6174496644295302,0.74486166
GGGUGAUAGAUCUUUGUUU,CCACCGAAGAUCACAUUUAAAACAAAGAUCUAUCACCCAAACAUCGACGAAAAGGGG,0.3736017897091722,0.37212056
AUAGAUCUUUGUUUUAAAU,UCAAACCACCGAAGAUCACAUUUAAAACAAAGAUCUAUCACCCAAACAUCGACGAAA,0.48844146159582397,0.5811489
UUUUAAAUGUGAUCUUCGG,AGAGUACCCAUUCAAACCACCGAAGAUCACAUUUAAAACAAAGAUCUAUCACCCAAA,0.6219239373601789,0.7565031
UGAUCUUCGGUGGUUUGAA,CUUUCCAGCAGAGUACCCAUUCAAACCACCGAAGAUCACAUUUAAAACAAAGAUCUA,0.4914243102162565,0.5243736
UCGGUGGUUUGAAUGGGUA,AAUCAACUUUCCAGCAGAGUACCCAUUCAAACCACCGAAGAUCACAUUUAAAACAAA,0.5354213273676359,0.49599573
UUGAAUGGGUACUCUGCUG,AGAAUCGAAAUCAACUUUCCAGCAGAGUACCCAUUCAAACCACCGAAGAUCACAUUU,0.6711409395973155,0.69087875
UCUGAAGGCUCCCUUAUCA,UUCCUGACAACCCUCCAUAUGAUAAGGGAGCCUUCAGAAUCGAAAUCAACUUUCCAG,0.8195376584638331,0.69850755
CUCCCUUAUCAUAUGGAGG,GCUUAUUGUUCCUGACAACCCUCCAUAUGAUAAGGGAGCCUUCAGAAUCGAAAUCAA,0.6055182699478002,0.61837864
AUAUGGAGGGUUGUCAGGA,CUUGGCAAGGGCUUAUUGUUCCUGACAACCCUCCAUAUGAUAAGGGAGCCUUCAGAA,0.5197613721103653,0.5821466
GGAACAAUAAGCCCUUGCC,GAAGCUAAUUUAUUGACUUGGCAAGGGCUUAUUGUUCCUGACAACCCUCCAUAUGAU,0.5920954511558538,0.5579092
UAAGCCCUUGCCAAGUCAA,GGUUGAUGAAGCUAAUUUAUUGACUUGGCAAGGGCUUAUUGUUCCUGACAACCCUCC,0.4615958240119314,0.5502179
AAGCCCUUGCCAAGUCAAU,AGGUUGAUGAAGCUAAUUUAUUGACUUGGCAAGGGCUUAUUGUUCCUGACAACCCUC,0.4377330350484713,0.46500525
AGCCCUUGCCAAGUCAAUA,CAGGUUGAUGAAGCUAAUUUAUUGACUUGGCAAGGGCUUAUUGUUCCUGACAACCCU,0.5615212527964206,0.501422
GCCAAGUCAAUAAAUUAGC,UAACAUCCAGGUUGAUGAAGCUAAUUUAUUGACUUGGCAAGGGCUUAUUGUUCCUGA,0.3445190156599553,0.5957876
AAUUAGCUUCAUCAACCUG,GAAAAACUUCCGUAACAUCCAGGUUGAUGAAGCUAAUUUAUUGACUUGGCAAGGGCU,0.72110365398956,0.63683486
UUAGCUUCAUCAACCUGGA,AUGAAAAACUUCCGUAACAUCCAGGUUGAUGAAGCUAAUUUAUUGACUUGGCAAGGG,0.8314690529455631,0.7572473
AUCAACCUGGAUGUUACGG,XXXXUGGGAUGAAAAACUUCCGUAACAUCCAGGUUGAUGAAGCUAAUUUAUUGACUU,0.4578672632363907,0.5477355
UUUGGCAGUAAAUCGUGUA,CCCAGCUCAAGCAGAGGCCUACACGAUUUACUGCCAAAACAGAGXXXXXXXXXXXXX,0.6927665920954512,0.7063109
GGCAGUAAAUCGUGUAGGC,AGACCCAGCUCAAGCAGAGGCCUACACGAUUUACUGCCAAAACAGAGXXXXXXXXXX,0.505592841163311,0.5774593
UAAAUCGUGUAGGCCUCUG,AUCCAAGACCCAGCUCAAGCAGAGGCCUACACGAUUUACUGCCAAAACAGAGXXXXX,0.6249067859806114,0.6530412
GUAGGCCUCUGCUUGAGCU,AACCAAAUAUCCAAGACCCAGCUCAAGCAGAGGCCUACACGAUUUACUGCCAAAACA,0.6674123788217748,0.542003
CUGCUUGAGCUGGGUCUUG,UCUAAAUGAACCAAAUAUCCAAGACCCAGCUCAAGCAGAGGCCUACACGAUUUACUG,0.5652498135719612,0.5042819
UGGGUCUUGGAUAUUUGGU,UACAGGAACUUCUAAAUGAACCAAAUAUCCAAGACCCAGCUCAAGCAGAGGCCUACA,0.6256524981357195,0.6195966
GGGUCUUGGAUAUUUGGUU,AUACAGGAACUUCUAAAUGAACCAAAUAUCCAAGACCCAGCUCAAGCAGAGGCCUAC,0.3646532438478747,0.34355962
UAUUUGGUUCAUUUAGAAG,CCUAUUAGGAAUACAGGAACUUCUAAAUGAACCAAAUAUCCAAGACCCAGCUCAAGC,0.6621923937360179,0.6712463
CAUUUAGAAGUUCCUGUAU,CAAACAGAUCCUAUUAGGAAUACAGGAACUUCUAAAUGAACCAAAUAUCCAAGACCC,0.3885160328113348,0.3634683
AGUUCCUGUAUUCCUAAUA,AUCACAAUCAAACAGAUCCUAUUAGGAAUACAGGAACUUCUAAAUGAACCAAAUAUC,0.5361670395227442,0.42877868
UGUAUUCCUAAUAGGAUCU,CCAGCCAUCACAAUCAAACAGAUCCUAUUAGGAAUACAGGAACUUCUAAAUGAACCA,0.674123788217748,0.6478979
GUAUUCCUAAUAGGAUCUG,GCCAGCCAUCACAAUCAAACAGAUCCUAUUAGGAAUACAGGAACUUCUAAAUGAACC,0.5548098434004475,0.4926504
UAGGAUCUGUUUGAUUGUG,AGGACUGGAGGCCAGCCAUCACAAUCAAACAGAUCCUAUUAGGAAUACAGGAACUUC,0.6517524235645041,0.6309413
CUGUUUGAUUGUGAUGGCU,AGGACAAGGACUGGAGGCCAGCCAUCACAAUCAAACAGAUCCUAUUAGGAAUACAGG,0.4481730052199851,0.54107434
GUUUGAUUGUGAUGGCUGG,GGAGGACAAGGACUGGAGGCCAGCCAUCACAAUCAAACAGAUCCUAUUAGGAAUACA,0.4175988068605519,0.57094294
UGGCCUCCAGUCCUUGUCC,GCCUGUCCAUCUUAGAGGAGGACAAGGACUGGAGGCCAGCCAUCACAAUCAAACAGA,0.6405667412378822,0.5348216
UCCAGUCCUUGUCCUCCUC,AGUGUGCCUGUCCAUCUUAGAGGAGGACAAGGACUGGAGGCCAGCCAUCACAAUCAA,0.5257270693512304,0.5449818
UCUAAGAUGGACAGGCACA,GUGUACCCUUCGGGGACAGUGUGCCUGUCCAUCUUAGAGGAGGACAAGGACUGGAGG,0.5667412378821775,0.59901077
AAGAUGGACAGGCACACUG,AAUGUGUACCCUUCGGGGACAGUGUGCCUGUCCAUCUUAGAGGAGGACAAGGACUGG,0.5973154362416108,0.552519
AGAUGGACAGGCACACUGU,GAAUGUGUACCCUUCGGGGACAGUGUGCCUGUCCAUCUUAGAGGAGGACAAGGACUG,0.4414615958240119,0.5563526
GGACAGGCACACUGUCCCC,ACCCGAAUGUGUACCCUUCGGGGACAGUGUGCCUGUCCAUCUUAGAGGAGGACAAGG,0.3564504101416853,0.4937817
GGCACACUGUCCCCGAAGG,AUUUCACCCGAAUGUGUACCCUUCGGGGACAGUGUGCCUGUCCAUCUUAGAGGAGGA,0.3810589112602535,0.41550782
UCCCCGAAGGGUACACAUU,ACCACCAUUAUUUCACCCGAAUGUGUACCCUUCGGGGACAGUGUGCCUGUCCAUCUU,0.4444444444444444,0.43227446
CCCGAAGGGUACACAUUCG,GAACCACCAUUAUUUCACCCGAAUGUGUACCCUUCGGGGACAGUGUGCCUGUCCAUC,0.3363161819537658,0.50342834
GGGUACACAUUCGGGUGAA,AAAUUCGAACCACCAUUAUUUCACCCGAAUGUGUACCCUUCGGGGACAGUGUGCCUG,0.3698732289336316,0.33868104
UACACAUUCGGGUGAAAUA,UGUAAAUUCGAACCACCAUUAUUUCACCCGAAUGUGUACCCUUCGGGGACAGUGUGC,0.5883668903803132,0.603631
AUUCGGGUGAAAUAAUGGU,CAAAAUGUAAAUUCGAACCACCAUUAUUUCACCCGAAUGUGUACCCUUCGGGGACAG,0.6584638329604773,0.6433395
GAAAUAAUGGUGGUUCGAA,UUCGCCACCAAAAUGUAAAUUCGAACCACCAUUAUUUCACCCGAAUGUGUACCCUUC,0.4407158836689038,0.3970206
AAAUAAUGGUGGUUCGAAU,CUUCGCCACCAAAAUGUAAAUUCGAACCACCAUUAUUUCACCCGAAUGUGUACCCUU,0.6040268456375839,0.62626487
AAUGGUGGUUCGAAUUUAC,CCAUCUUCGCCACCAAAAUGUAAAUUCGAACCACCAUUAUUUCACCCGAAUGUGUAC,0.6651752423564504,0.7221338
UGGUGGUUCGAAUUUACAU,AUCCAUCUUCGCCACCAAAAUGUAAAUUCGAACCACCAUUAUUUCACCCGAAUGUGU,0.5592841163310962,0.66150236
GUGGUUCGAAUUUACAUUU,UUAUCCAUCUUCGCCACCAAAAUGUAAAUUCGAACCACCAUUAUUUCACCCGAAUGU,0.4019388516032812,0.4227153
UUCGAAUUUACAUUUUGGU,AUGAUUAUCCAUCUUCGCCACCAAAAUGUAAAUUCGAACCACCAUUAUUUCACCCGA,0.6442953020134228,0.6960128
UGGCGAAGAUGGAUAAUCA,UACGGAUGCUUUUCAAAGAUGAUUAUCCAUCUUCGCCACCAAAAUGUAAAUUCGAAC,0.4399701715137956,0.671148
CGAAGAUGGAUAAUCAUCU,AACUACGGAUGCUUUUCAAAGAUGAUUAUCCAUCUUCGCCACCAAAAUGUAAAUUCG,0.3929903057419836,0.56549734
AUGGAUAAUCAUCUUUGAA,GUUUAAACUACGGAUGCUUUUCAAAGAUGAUUAUCCAUCUUCGCCACCAAAAUGUAA,0.4862043251304996,0.5602244
CAUCUUUGAAAAGCAUCCG,AGGAGGCUUGUUUAAACUACGGAUGCUUUUCAAAGAUGAUUAUCCAUCUUCGCCACC,0.651006711409396,0.5890631
AAAAGCAUCCGUAGUUUAA,CCGUGGGAAGGAGGCUUGUUUAAACUACGGAUGCUUUUCAAAGAUGAUUAUCCAUCU,0.3743475018642804,0.60607827
AGCAUCCGUAGUUUAAACA,ACUCCGUGGGAAGGAGGCUUGUUUAAACUACGGAUGCUUUUCAAAGAUGAUUAUCCA,0.5078299776286354,0.5578891
AUCCGUAGUUUAAACAAGC,GGGACUCCGUGGGAAGGAGGCUUGUUUAAACUACGGAUGCUUUUCAAAGAUGAUUAU,0.6875466070096943,0.7164896
CGUAGUUUAAACAAGCCUC,AAAGGGACUCCGUGGGAAGGAGGCUUGUUUAAACUACGGAUGCUUUUCAAAGAUGAU,0.5458612975391499,0.5682403
GUAGUUUAAACAAGCCUCC,GAAAGGGACUCCGUGGGAAGGAGGCUUGUUUAAACUACGGAUGCUUUUCAAAGAUGA,0.6152125279642058,0.6342053
UAAACAAGCCUCCUUCCCA,AGGAAAGAAAGGGACUCCGUGGGAAGGAGGCUUGUUUAAACUACGGAUGCUUUUCAA,0.5816554809843401,0.71026045
CAAGCCUCCUUCCCACGGA,UUCCAGGAAAGAAAGGGACUCCGUGGGAAGGAGGCUUGUUUAAACUACGGAUGCUUU,0.3907531692766592,0.44573918
UCCUUCCCACGGAGUCCCU,GCGCCAUUCCAGGAAAGAAAGGGACUCCGUGGGAAGGAGGCUUGUUUAAACUACGGA,0.5376584638329605,0.40779996
UUCCCACGGAGUCCCUUUC,AGUGCGCCAUUCCAGGAAAGAAAGGGACUCCGUGGGAAGGAGGCUUGUUUAAACUAC,0.6659209545115585,0.6460786
UCCCACGGAGUCCCUUUCU,GAGUGCGCCAUUCCAGGAAAGAAAGGGACUCCGUGGGAAGGAGGCUUGUUUAAACUA,0.4705443698732289,0.54558176
CCCACGGAGUCCCUUUCUU,GGAGUGCGCCAUUCCAGGAAAGAAAGGGACUCCGUGGGAAGGAGGCUUGUUUAAACU,0.3400447427293065,0.38009256
CACGGAGUCCCUUUCUUUC,UGGGAGUGCGCCAUUCCAGGAAAGAAAGGGACUCCGUGGGAAGGAGGCUUGUUUAAA,0.3959731543624161,0.68277717
GAGUCCCUUUCUUUCCUGG,GAACUGGGAGUGCGCCAUUCCAGGAAAGAAAGGGACUCCGUGGGAAGGAGGCUUGUU,0.4093959731543624,0.53869617
UCCCUUUCUUUCCUGGAAU,CAUGAACUGGGAGUGCGCCAUUCCAGGAAAGAAAGGGACUCCGUGGGAAGGAGGCUU,0.6256524981357195,0.6177453
UUCCUGGAAUGGCGCACUC,GAUGAACCUCAUGAACUGGGAGUGCGCCAUUCCAGGAAAGAAAGGGACUCCGUGGGA,0.5413870246085011,0.58966196
GCACUCCCAGUUCAUGAGG,AUCCCGAUGGCACGAUGAACCUCAUGAACUGGGAGUGCGCCAUUCCAGGAAAGAAAG,0.5384041759880686,0.4470162
CACUCCCAGUUCAUGAGGU,AAUCCCGAUGGCACGAUGAACCUCAUGAACUGGGAGUGCGCCAUUCCAGGAAAGAAA,0.4384787472035794,0.48412544
ACUCCCAGUUCAUGAGGUU,AAAUCCCGAUGGCACGAUGAACCUCAUGAACUGGGAGUGCGCCAUUCCAGGAAAGAA,0.2572706935123042,0.45758054
CAGUUCAUGAGGUUCAUCG,ACAAAAAAUCCCGAUGGCACGAUGAACCUCAUGAACUGGGAGUGCGCCAUUCCAGGA,0.5831469052945564,0.67545134
UUCAUGAGGUUCAUCGUGC,CCAACAAAAAAUCCCGAUGGCACGAUGAACCUCAUGAACUGGGAGUGCGCCAUUCCA,0.6293810589112603,0.6517696
AGGUUCAUCGUGCCAUCGG,GCUGUCCCAACAAAAAAUCCCGAUGGCACGAUGAACCUCAUGAACUGGGAGUGCGCC,0.6099925428784488,0.5322005
GGUUCAUCGUGCCAUCGGG,GGCUGUCCCAACAAAAAAUCCCGAUGGCACGAUGAACCUCAUGAACUGGGAGUGCGC,0.4101416853094706,0.51926064
GUUCAUCGUGCCAUCGGGA,UGGCUGUCCCAACAAAAAAUCCCGAUGGCACGAUGAACCUCAUGAACUGGGAGUGCG,0.3639075316927666,0.46570668
GACAGCCACGAAACCAAAU,XXXXXXXGAAAGACCACCCAUUUGGUUUCGUGGCUGUCCCAACAAAAAAUCCCGAUG,0.3847874720357942,0.4478684
GCCACGAAACCAAAUGGGU,XXXXXXXXXXXGAAAGACCACCCAUUUGGUUUCGUGGCUGUCCCAACAAAAAAUCCC,0.4243102162565249,0.5071423
CCACGAAACCAAAUGGGUG,XXXXXXXXXXXXGAAAGACCACCCAUUUGGUUUCGUGGCUGUCCCAACAAAAAAUCC,0.6368381804623415,0.62753874
GAAACCAAAUGGGUGGUCU,XXXXXXXXXXXXXXXXGAAAGACCACCCAUUUGGUUUCGUGGCUGUCCCAACAAAAA,0.5950782997762863,0.5654889
UUCUUAUCGCGCUCGCCAG,CCCAUGGCCAAGAAGCAUGCUGGCGAGCGCGAUAAGAAGCUGGCGGXXXXXXXXXXX,0.6144668158090977,0.6331778
UUAUCGCGCUCGCCAGCAU,GGUCCCAUGGCCAAGAAGCAUGCUGGCGAGCGCGAUAAGAAGCUGGCGGXXXXXXXX,0.5316927665920954,0.62874347
GCCAGCAUGCUUCUUGGCC,GAGGGGCUGAGGGUCCCAUGGCCAAGAAGCAUGCUGGCGAGCGCGAUAAGAAGCUGG,0.4265473527218493,0.5322109
GCCAUGGGACCCUCAGCCC,GCCCCAGGGGGCCCGGGAGGGGCUGAGGGUCCCAUGGCCAAGAAGCAUGCUGGCGAG,0.3407904548844146,0.37289894
CCAUGGGACCCUCAGCCCC,GGCCCCAGGGGGCCCGGGAGGGGCUGAGGGUCCCAUGGCCAAGAAGCAUGCUGGCGA,0.3191648023862788,0.3839605
AUGGGACCCUCAGCCCCUC,GGGGCCCCAGGGGGCCCGGGAGGGGCUGAGGGUCCCAUGGCCAAGAAGCAUGCUGGC,0.3355704697986577,0.39061275
GGCCCCAGGGUCGGUGGAG,CCAGUGGCACUGAAGCUUCCUCCACCGACCCUGGGGCCCCAGGGGGCCCGGGAGGGG,0.3281133482475764,0.34095123
AGGGUCGGUGGAGGAAGCU,CCCUGGCCAGUGGCACUGAAGCUUCCUCCACCGACCCUGGGGCCCCAGGGGGCCCGG,0.3683818046234153,0.3578343
GUGGAGGAAGCUUCAGUGC,GGUCGGGCCCUGGCCAGUGGCACUGAAGCUUCCUCCACCGACCCUGGGGCCCCAGGG,0.436241610738255,0.50386643
AAGCUUCAGUGCCACUGGC,CGAAGCCGGUCGGGCCCUGGCCAGUGGCACUGAAGCUUCCUCCACCGACCCUGGGGC,0.4317673378076062,0.46919385
GUGCCACUGGCCAGGGCCC,GGCAGGGCCGAAGCCGGUCGGGCCCUGGCCAGUGGCACUGAAGCUUCCUCCACCGAC,0.3206562266964951,0.3458993
ACUGGCCAGGGCCCGACCG,CCAGCGGCAGGGCCGAAGCCGGUCGGGCCCUGGCCAGUGGCACUGAAGCUUCCUCCA,0.3094705443698732,0.29216948
GGCCAGGGCCCGACCGGCU,GGCCCAGCGGCAGGGCCGAAGCCGGUCGGGCCCUGGCCAGUGGCACUGAAGCUUCCU,0.3206562266964951,0.30419326
GCCCGACCGGCUUCGGCCC,GCCGGCGGGCCCAGCGGCAGGGCCGAAGCCGGUCGGGCCCUGGCCAGUGGCACUGAA,0.2714392244593587,0.2988472
CCCGACCGGCUUCGGCCCU,CGCCGGCGGGCCCAGCGGCAGGGCCGAAGCCGGUCGGGCCCUGGCCAGUGGCACUGA,0.366144668158091,0.2648112
UUCGGCCCUGCCGCUGGGC,UCCACGGGGGCGCCGGCGGGCCCAGCGGCAGGGCCGAAGCCGGUCGGGCCCUGGCCA,0.3131991051454139,0.29966715
CGUGGAUCUCUGUGAGCAG,GUAUGCAGCUCGGGCCCGUCUGCUCACAGAGAUCCACGGGGGCGCCGGCGGGCCCAG,0.4086502609992543,0.4389442
AUCUCUGUGAGCAGACGGG,GAGGAGUAUGCAGCUCGGGCCCGUCUGCUCACAGAGAUCCACGGGGGCGCCGGCGGG,0.5227442207307978,0.43431357
GUGAGCAGACGGGCCCGAG,AACUACGAGGAGUAUGCAGCUCGGGCCCGUCUGCUCACAGAGAUCCACGGGGGCGCC,0.4101416853094706,0.43503842
ACGGGCCCGAGCUGCAUAC,UCUUGGAGAACUACGAGGAGUAUGCAGCUCGGGCCCGUCUGCUCACAGAGAUCCACG,0.3504847129008203,0.46278062
CGGGCCCGAGCUGCAUACU,CUCUUGGAGAACUACGAGGAGUAUGCAGCUCGGGCCCGUCUGCUCACAGAGAUCCAC,0.3713646532438479,0.32840672
GGGCCCGAGCUGCAUACUC,GCUCUUGGAGAACUACGAGGAGUAUGCAGCUCGGGCCCGUCUGCUCACAGAGAUCCA,0.3982102908277405,0.4973228
CCCGAGCUGCAUACUCCUC,CCUGCUCUUGGAGAACUACGAGGAGUAUGCAGCUCGGGCCCGUCUGCUCACAGAGAU,0.4228187919463086,0.50457495
CUGCAUACUCCUCGUAGUU,GGGCCGCCUGCUCUUGGAGAACUACGAGGAGUAUGCAGCUCGGGCCCGUCUGCUCAC,0.2982848620432513,0.5104516
AUACUCCUCGUAGUUCUCC,AGGCGGGCCGCCUGCUCUUGGAGAACUACGAGGAGUAUGCAGCUCGGGCCCGUCUGC,0.4198359433258761,0.54411995
UCGUAGUUCUCCAAGAGCA,AACGAGGAGGCGGGCCGCCUGCUCUUGGAGAACUACGAGGAGUAUGCAGCUCGGGCC,0.5801640566741239,0.7502432
GUAGUUCUCCAAGAGCAGG,UCAACGAGGAGGCGGGCCGCCUGCUCUUGGAGAACUACGAGGAGUAUGCAGCUCGGG,0.5272184936614467,0.5768466
UAGUUCUCCAAGAGCAGGC,CUCAACGAGGAGGCGGGCCGCCUGCUCUUGGAGAACUACGAGGAGUAUGCAGCUCGG,0.5667412378821775,0.6049342
UCUCCAAGAGCAGGCGGCC,UGCACUCAACGAGGAGGCGGGCCGCCUGCUCUUGGAGAACUACGAGGAGUAUGCAGC,0.517524235645041,0.5455774
AGGCGGCCCGCCUCCUCGU,AACCCCGAGUCUGCACUCAACGAGGAGGCGGGCCGCCUGCUCUUGGAGAACUACGAG,0.3303504847129008,0.29297918
CCGCCUCCUCGUUGAGUGC,CCACCCUAACCCCGAGUCUGCACUCAACGAGGAGGCGGGCCGCCUGCUCUUGGAGAA,0.3616703952274422,0.43507165
CCUCGUUGAGUGCAGACUC,GCUGAUCCACCCUAACCCCGAGUCUGCACUCAACGAGGAGGCGGGCCGCCUGCUCUU,0.5331841909023117,0.5519057
CUCGUUGAGUGCAGACUCG,UGCUGAUCCACCCUAACCCCGAGUCUGCACUCAACGAGGAGGCGGGCCGCCUGCUCU,0.5264727815063386,0.5648669
GAGUGCAGACUCGGGGUUA,AGUGCCUGCUGAUCCACCCUAACCCCGAGUCUGCACUCAACGAGGAGGCGGGCCGCC,0.2945563012677107,0.3816125
GACUCGGGGUUAGGGUGGA,ACCAUCAAGUGCCUGCUGAUCCACCCUAACCCCGAGUCUGCACUCAACGAGGAGGCG,0.2938105891126025,0.37223962
GGGUGGAUCAGCAGGCACU,CACGUACUGCUGACCAUCAAGUGCCUGCUGAUCCACCCUAACCCCGAGUCUGCACUC,0.4153616703952275,0.43678978
GUGGAUCAGCAGGCACUUG,GACACGUACUGCUGACCAUCAAGUGCCUGCUGAUCCACCCUAACCCCGAGUCUGCAC,0.4735272184936615,0.43714386
GAUGGUCAGCAGUACGUGU,CGGCUGAGCUGGGCAUCCGACACGUACUGCUGACCAUCAAGUGCCUGCUGAUCCACC,0.44220730797912,0.4742378
AUGGUCAGCAGUACGUGUC,ACGGCUGAGCUGGGCAUCCGACACGUACUGCUGACCAUCAAGUGCCUGCUGAUCCAC,0.6375838926174496,0.5616119
GGAUGCCCAGCUCAGCCGU,CGUGCUCAAGAGGGACUGGACGGCUGAGCUGGGCAUCCGACACGUACUGCUGACCAU,0.3900074571215511,0.37938818
CCUCUUGAGCACGUUGACG,GCGCCAAUGGCGAGAUCUGCGUCAACGUGCUCAAGAGGGACUGGACGGCUGAGCUGG,0.4705443698732289,0.5902356
UCUUGAGCACGUUGACGCA,GGGCGCCAAUGGCGAGAUCUGCGUCAACGUGCUCAAGAGGGACUGGACGGCUGAGCU,0.5555555555555556,0.6910795
CUUGAGCACGUUGACGCAG,UGGGCGCCAAUGGCGAGAUCUGCGUCAACGUGCUCAAGAGGGACUGGACGGCUGAGC,0.505592841163311,0.57093084
GUUGACGCAGAUCUCGCCA,ACCCGAACGUGGGCGCCAAUGGCGAGAUCUGCGUCAACGUGCUCAAGAGGGACUGGA,0.6383296047725577,0.61611646
UCUCGCCAUUGGCGCCCAC,CAAGAUCUUCCACCCGAACGUGGGCGCCAAUGGCGAGAUCUGCGUCAACGUGCUCAA,0.4056674123788218,0.44710642
CAUUGGCGCCCACGUUCGG,CCUGACCAAGAUCUUCCACCCGAACGUGGGCGCCAAUGGCGAGAUCUGCGUCAACGU,0.3348247576435496,0.419355
CCACGUUCGGGUGGAAGAU,GGGCUACUUCCUGACCAAGAUCUUCCACCCGAACGUGGGCGCCAAUGGCGAGAUCUG,0.2356450410141685,0.40474427
CGUUCGGGUGGAAGAUCUU,CAAGGGCUACUUCCUGACCAAGAUCUUCCACCCGAACGUGGGCGCCAAUGGCGAGAU,0.4504101416853094,0.3787593
UCUUGGUCAGGAAGUAGCC,CCCUGCCUCCCCACCCAAGGGCUACUUCCUGACCAAGAUCUUCCACCCGAACGUGGG,0.6838180462341537,0.6094884
AGGAAGUAGCCCUUGGGUG,AAGGACUUCCCUGCCUCCCCACCCAAGGGCUACUUCCUGACCAAGAUCUUCCACCCG,0.6077554064131245,0.52417284
GGAAGUAGCCCUUGGGUGG,GAAGGACUUCCCUGCCUCCCCACCCAAGGGCUACUUCCUGACCAAGAUCUUCCACCC,0.4079045488441462,0.502086
AGUAGCCCUUGGGUGGGGA,GGGGAAGGACUUCCCUGCCUCCCCACCCAAGGGCUACUUCCUGACCAAGAUCUUCCA,0.3646532438478747,0.37074083
AGCCCUUGGGUGGGGAGGC,GCUGGGGAAGGACUUCCCUGCCUCCCCACCCAAGGGCUACUUCCUGACCAAGAUCUU,0.3452647278150634,0.39446804
GGGGAGGCAGGGAAGUCCU,AUGAAACUCCUGCUGGGGAAGGACUUCCCUGCCUCCCCACCCAAGGGCUACUUCCUG,0.4116331096196868,0.3713725
CAGGGAAGUCCUUCCCCAG,GUUCCGCAUGAAACUCCUGCUGGGGAAGGACUUCCCUGCCUCCCCACCCAAGGGCUA,0.3012677106636838,0.4856618
AGGGAAGUCCUUCCCCAGC,UGUUCCGCAUGAAACUCCUGCUGGGGAAGGACUUCCCUGCCUCCCCACCCAAGGGCU,0.4019388516032812,0.5294964
UUCCCCAGCAGGAGUUUCA,GCUGGAGGUCUGUUCCGCAUGAAACUCCUGCUGGGGAAGGACUUCCCUGCCUCCCCA,0.4026845637583893,0.63601947
GAGUUUCAUGCGGAACAGA,GGACCCCAUAUGCUGGAGGUCUGUUCCGCAUGAAACUCCUGCUGGGGAAGGACUUCC,0.3154362416107382,0.43695074
CAUGCGGAACAGACCUCCA,CUGAGGGGACCCCAUAUGCUGGAGGUCUGUUCCGCAUGAAACUCCUGCUGGGGAAGG,0.436241610738255,0.53161985
GACCUCCAGCAUAUGGGGU,CAUCGAGGGCCCUGAGGGGACCCCAUAUGCUGGAGGUCUGUUCCGCAUGAAACUCCU,0.37211036539895603,0.4240085
CCAGCAUAUGGGGUCCCCU,GUCACCAUCGAGGGCCCUGAGGGGACCCCAUAUGCUGGAGGUCUGUUCCGCAUGAAA,0.2721849366144668,0.38108885
CAUAUGGGGUCCCCUCAGG,CCAGGUCACCAUCGAGGGCCCUGAGGGGACCCCAUAUGCUGGAGGUCUGUUCCGCAU,0.1879194630872483,0.45458186
AUAUGGGGUCCCCUCAGGG,UCCAGGUCACCAUCGAGGGCCCUGAGGGGACCCCAUAUGCUGGAGGUCUGUUCCGCA,0.3467561521252796,0.42517582
GGGUCCCCUCAGGGCCCUC,CGACCUCCAGGUCACCAUCGAGGGCCCUGAGGGGACCCCAUAUGCUGGAGGUCUGUU,0.3325876211782252,0.30794308
UCAGGGCCCUCGAUGGUGA,GACCUCACCGACCUCCAGGUCACCAUCGAGGGCCCUGAGGGGACCCCAUAUGCUGGA,0.26771066368381796,0.45726395
CAGGGCCCUCGAUGGUGAC,GGACCUCACCGACCUCCAGGUCACCAUCGAGGGCCCUGAGGGGACCCCAUAUGCUGG,0.3363161819537658,0.3796573
UGAGGUCCUCCUCGUUGGG,CGAUGGCAUCAAGGUCUUUCCCAACGAGGAGGACCUCACCGACCUCCAGGUCACCAU,0.4026845637583893,0.46297163
GAGGUCCUCCUCGUUGGGA,CCGAUGGCAUCAAGGUCUUUCCCAACGAGGAGGACCUCACCGACCUCCAGGUCACCA,0.2662192393736017,0.400259
AGGUCCUCCUCGUUGGGAA,CCCGAUGGCAUCAAGGUCUUUCCCAACGAGGAGGACCUCACCGACCUCCAGGUCACC,0.3102162565249813,0.48672906
GUCCUCCUCGUUGGGAAAG,CACCCGAUGGCAUCAAGGUCUUUCCCAACGAGGAGGACCUCACCGACCUCCAGGUCA,0.2527964205816555,0.47526455
CCUCGUUGGGAAAGACCUU,AGACCCACCCGAUGGCAUCAAGGUCUUUCCCAACGAGGAGGACCUCACCGACCUCCA,0.395227442207308,0.40164647
UGGGAAAGACCUUGAUGCC,GACCGCAGACCCACCCGAUGGCAUCAAGGUCUUUCCCAACGAGGAGGACCUCACCGA,0.4272930648769574,0.64423835
GGAAAGACCUUGAUGCCAU,CUGACCGCAGACCCACCCGAUGGCAUCAAGGUCUUUCCCAACGAGGAGGACCUCACC,0.4213273676360924,0.58539295
GACCUUGAUGCCAUCGGGU,CGACACUGACCGCAGACCCACCCGAUGGCAUCAAGGUCUUUCCCAACGAGGAGGACC,0.4951528709917972,0.47265837
CCUUGAUGCCAUCGGGUGG,GACGACACUGACCGCAGACCCACCCGAUGGCAUCAAGGUCUUUCCCAACGAGGAGGA,0.3519761372110365,0.55535924
UGAUGCCAUCGGGUGGGUC,GGUGACGACACUGACCGCAGACCCACCCGAUGGCAUCAAGGUCUUUCCCAACGAGGA,0.4601043997017151,0.4497468
GCCAUCGGGUGGGUCUGCG,AGGAGGUGACGACACUGACCGCAGACCCACCCGAUGGCAUCAAGGUCUUUCCCAACG,0.384041759880686,0.38427594
GGGUGGGUCUGCGGUCAGU,XXXXCAAGGAGGUGACGACACUGACCGCAGACCCACCCGAUGGCAUCAAGGUCUUUC,0.3251304996271439,0.38215375
UGCGGUCAGUGUCGUCACC,XXXXXXXXXXXXXCAAGGAGGUGACGACACUGACCGCAGACCCACCCGAUGGCAUCA,0.6614466815809098,0.4913258
UCCGAAUCGGAGGGUGAAC,UCAGAAAGAAUGCCGAAGAGUUCACCCUCCGAUUCGGAGUGXXXXXXXXXXXXXXXX,0.4556301267710663,0.6820404
CCGAAUCGGAGGGUGAACU,UUCAGAAAGAAUGCCGAAGAGUUCACCCUCCGAUUCGGAGUGXXXXXXXXXXXXXXX,0.4123788217747949,0.6628248
CGGAGGGUGAACUCUUCGG,GAGCUGUUCAGAAAGAAUGCCGAAGAGUUCACCCUCCGAUUCGGAGUGXXXXXXXXX,0.4668158090976883,0.5303757
GAGGGUGAACUCUUCGGCA,CGGAGCUGUUCAGAAAGAAUGCCGAAGAGUUCACCCUCCGAUUCGGAGUGXXXXXXX,0.4466815809097688,0.5967235
GGGUGAACUCUUCGGCAUU,UCCGGAGCUGUUCAGAAAGAAUGCCGAAGAGUUCACCCUCCGAUUCGGAGUGXXXXX,0.3847874720357942,0.48157954
CUUCGGCAUUCUUUCUGAA,GACACAGAAUCCGGAGCUGUUCAGAAAGAAUGCCGAAGAGUUCACCCUCCGAUUCGG,0.43027591349739003,0.4652692
AUUCUUUCUGAACAGCUCC,ACCUGCUGACACAGAAUCCGGAGCUGUUCAGAAAGAAUGCCGAAGAGUUCACCCUCC,0.8031319910514542,0.75879675
AACAGCUCCGGAUUCUGUG,GACCUCGCUGACCUGCUGACACAGAAUCCGGAGCUGUUCAGAAAGAAUGCCGAAGAG,0.7293064876957495,0.6530158
ACAGCUCCGGAUUCUGUGU,GGACCUCGCUGACCUGCUGACACAGAAUCCGGAGCUGUUCAGAAAGAAUGCCGAAGA,0.6368381804623415,0.6108782
AGCUCCGGAUUCUGUGUCA,AUGGACCUCGCUGACCUGCUGACACAGAAUCCGGAGCUGUUCAGAAAGAAUGCCGAA,0.4086502609992543,0.55773205
GCUCCGGAUUCUGUGUCAG,GAUGGACCUCGCUGACCUGCUGACACAGAAUCCGGAGCUGUUCAGAAAGAAUGCCGA,0.5935868754660701,0.5085966
GUCAGCAGGUCAGCGAGGU,AGGGAGCCCCUGCGGAUGGACCUCGCUGACCUGCUGACACAGAAUCCGGAGCUGUUC,0.4369873228933631,0.50473374
GCAGGUCAGCGAGGUCCAU,UAUCAGGGAGCCCCUGCGGAUGGACCUCGCUGACCUGCUGACACAGAAUCCGGAGCU,0.3266219239373601,0.29680163
AGGUCAGCGAGGUCCAUCC,AAUAUCAGGGAGCCCCUGCGGAUGGACCUCGCUGACCUGCUGACACAGAAUCCGGAG,0.6002982848620433,0.5684438
GGUCAGCGAGGUCCAUCCG,GAAUAUCAGGGAGCCCCUGCGGAUGGACCUCGCUGACCUGCUGACACAGAAUCCGGA,0.5339299030574198,0.3989607
AGCGAGGUCCAUCCGCAGG,GACCGAAUAUCAGGGAGCCCCUGCGGAUGGACCUCGCUGACCUGCUGACACAGAAUC,0.6099925428784488,0.45088068
GCGAGGUCCAUCCGCAGGG,AGACCGAAUAUCAGGGAGCCCCUGCGGAUGGACCUCGCUGACCUGCUGACACAGAAU,0.4451901565995526,0.4716658
GGUCCAUCCGCAGGGGCUC,GAAUAGACCGAAUAUCAGGGAGCCCCUGCGGAUGGACCUCGCUGACCUGCUGACACA,0.4168530947054437,0.43674198
CCAUCCGCAGGGGCUCCCU,GGUGAAUAGACCGAAUAUCAGGGAGCCCCUGCGGAUGGACCUCGCUGACCUGCUGAC,0.4481730052199851,0.32137313
GGGGCUCCCUGAUAUUCGG,CAAUGUGCUGGUGAAUAGACCGAAUAUCAGGGAGCCCCUGCGGAUGGACCUCGCUGA,0.3728560775540641,0.4753938
UGAUAUUCGGUCUAUUCAC,GGAGGCCCUCAAUGUGCUGGUGAAUAGACCGAAUAUCAGGGAGCCCCUGCGGAUGGA,0.6703952274422074,0.79018515
CGGUCUAUUCACCAGCACA,AAGUCCUGGAGGCCCUCAAUGUGCUGGUGAAUAGACCGAAUAUCAGGGAGCCCCUGC,0.4399701715137956,0.49970835
CUAUUCACCAGCACAUUGA,UGCCAAGUCCUGGAGGCCCUCAAUGUGCUGGUGAAUAGACCGAAUAUCAGGGAGCCC,0.5152870991797166,0.6416107
GCACAUUGAGGGCCUCCAG,CACCAAGACUUGCCAAGUCCUGGAGGCCCUCAAUGUGCUGGUGAAUAGACCGAAUAU,0.3594332587621178,0.36660713
ACAUUGAGGGCCUCCAGGA,UGCACCAAGACUUGCCAAGUCCUGGAGGCCCUCAAUGUGCUGGUGAAUAGACCGAAU,0.5533184190902312,0.5351753
CCUCCAGGACUUGGCAAGU,CUGGAAGCCUUGCACCAAGACUUGCCAAGUCCUGGAGGCCCUCAAUGUGCUGGUGAA,0.2371364653243848,0.33649176
UGGCAAGUCUUGGUGCAAG,AGCAGUGAGAACUGGAAGCCUUGCACCAAGACUUGCCAAGUCCUGGAGGCCCUCAAU,0.668158090976883,0.61123794
UCUUGGUGCAAGGCUUCCA,CAUCAUCAGCAGUGAGAACUGGAAGCCUUGCACCAAGACUUGCCAAGUCCUGGAGGC,0.5794183445190156,0.5803652
UGGUGCAAGGCUUCCAGUU,GCCCAUCAUCAGCAGUGAGAACUGGAAGCCUUGCACCAAGACUUGCCAAGUCCUGGA,0.5801640566741239,0.5400735
CUUCCAGUUCUCACUGCUG,AGAUUUGCCUGCCCAUCAUCAGCAGUGAGAACUGGAAGCCUUGCACCAAGACUUGCC,0.5585384041759881,0.5373225
UCCAGUUCUCACUGCUGAU,ACAGAUUUGCCUGCCCAUCAUCAGCAGUGAGAACUGGAAGCCUUGCACCAAGACUUG,0.6181953765846383,0.63341683
CCAGUUCUCACUGCUGAUG,GACAGAUUUGCCUGCCCAUCAUCAGCAGUGAGAACUGGAAGCCUUGCACCAAGACUU,0.4899328859060403,0.43947107
CAGUUCUCACUGCUGAUGA,GGACAGAUUUGCCUGCCCAUCAUCAGCAGUGAGAACUGGAAGCCUUGCACCAAGACU,0.4571215510812826,0.5349685
UCUCACUGCUGAUGAUGGG,GAACGGACAGAUUUGCCUGCCCAUCAUCAGCAGUGAGAACUGGAAGCCUUGCACCAA,0.5518269947800151,0.5640986
GAUGAUGGGCAGGCAAAUC,ACGUGGACGAGAACGGACAGAUUUGCCUGCCCAUCAUCAGCAGUGAGAACUGGAAGC,0.5316927665920954,0.566026
CUCGUCCACGUUGGGGUGG,AAUUCACAACCAAGAUCUACCACCCCAACGUGGACGAGAACGGACAGAUUUGCCUGC,0.5041014168530947,0.43302715
UCGUCCACGUUGGGGUGGU,AAAUUCACAACCAAGAUCUACCACCCCAACGUGGACGAGAACGGACAGAUUUGCCUG,0.4839671886651752,0.52308834
CGUCCACGUUGGGGUGGUA,CAAAUUCACAACCAAGAUCUACCACCCCAACGUGGACGAGAACGGACAGAUUUGCCU,0.27889634601044,0.2809718
UCCACGUUGGGGUGGUAGA,AUCAAAUUCACAACCAAGAUCUACCACCCCAACGUGGACGAGAACGGACAGAUUUGC,0.395227442207308,0.58555263
UGGGGUGGUAGAUCUUGGU,UCCCAUGAUCAAAUUCACAACCAAGAUCUACCACCCCAACGUGGACGAGAACGGACA,0.6771066368381805,0.6083997
GGGGUGGUAGAUCUUGGUU,CUCCCAUGAUCAAAUUCACAACCAAGAUCUACCACCCCAACGUGGACGAGAACGGAC,0.3251304996271439,0.38544628
GUGGUAGAUCUUGGUUGUG,AGCCUCCCAUGAUCAAAUUCACAACCAAGAUCUACCACCCCAACGUGGACGAGAACG,0.3415361670395228,0.55335265
GUAGAUCUUGGUUGUGAAU,UCAAGCCUCCCAUGAUCAAAUUCACAACCAAGAUCUACCACCCCAACGUGGACGAGA,0.3803131991051454,0.56710815
GAUCUUGGUUGUGAAUUUG,CGUUCAAGCCUCCCAUGAUCAAAUUCACAACCAAGAUCUACCACCCCAACGUGGACG,0.6405667412378822,0.6164339
UUGUGAAUUUGAUCAUGGG,GGAGUAUCCGUUCAAGCCUCCCAUGAUCAAAUUCACAACCAAGAUCUACCACCCCAA,0.7099179716629381,0.6954569
UUGAUCAUGGGAGGCUUGA,UUCCCGCCGGAGUAUCCGUUCAAGCCUCCCAUGAUCAAAUUCACAACCAAGAUCUAC,0.6465324384787472,0.66213465
UGAUCAUGGGAGGCUUGAA,CUUCCCGCCGGAGUAUCCGUUCAAGCCUCCCAUGAUCAAAUUCACAACCAAGAUCUA,0.5309470544369873,0.5501608
GGAGGCUUGAACGGAUACU,CGCAUCAGCUUCCCGCCGGAGUAUCCGUUCAAGCCUCCCAUGAUCAAAUUCACAACC,0.4004474272930649,0.5110669
AGGCUUGAACGGAUACUCC,UGCGCAUCAGCUUCCCGCCGGAGUAUCCGUUCAAGCCUCCCAUGAUCAAAUUCACAA,0.6308724832214765,0.60596925
ACGGAUACUCCGGCGGGAA,CUUCAACCUGCGCAUCAGCUUCCCGCCGGAGUAUCCGUUCAAGCCUCCCAUGAUCAA,0.3206562266964951,0.42587343
CGGAUACUCCGGCGGGAAG,CCUUCAACCUGCGCAUCAGCUUCCCGCCGGAGUAUCCGUUCAAGCCUCCCAUGAUCA,0.2841163310961969,0.40902585
ACUCCGGCGGGAAGCUGAU,GAAAGCCUUCAACCUGCGCAUCAGCUUCCCGCCGGAGUAUCCGUUCAAGCCUCCCAU,0.3900074571215511,0.4060992
GGGAAGCUGAUGCGCAGGU,UACCACCUGAAAGCCUUCAACCUGCGCAUCAGCUUCCCGCCGGAGUAUCCGUUCAAG,0.5287099179716629,0.43191805
GGAAGCUGAUGCGCAGGUU,CUACCACCUGAAAGCCUUCAACCUGCGCAUCAGCUUCCCGCCGGAGUAUCCGUUCAA,0.3847874720357942,0.41272265
UGCGCAGGUUGAAGGCUUU,CCAACCUCCCUACCACCUGAAAGCCUUCAACCUGCGCAUCAGCUUCCCGCCGGAGUA,0.5205070842654735,0.511118
GUAGGGAGGUUGGUCGGGU,UGUGGCACGCUCUCCUCCUACCCGACCAACCUCCCUACCACCUGAAAGCCUUCAACC,0.4772557792692021,0.46011955
GGGAGGUUGGUCGGGUAGG,UGGUGUGGCACGCUCUCCUCCUACCCGACCAACCUCCCUACCACCUGAAAGCCUUCA,0.4146159582401194,0.4428
GAGGUUGGUCGGGUAGGAG,CCUGGUGUGGCACGCUCUCCUCCUACCCGACCAACCUCCCUACCACCUGAAAGCCUU,0.4735272184936615,0.42657888
GGUUGGUCGGGUAGGAGGA,GUCCUGGUGUGGCACGCUCUCCUCCUACCCGACCAACCUCCCUACCACCUGAAAGCC,0.3691275167785235,0.38889816
UUGGUCGGGUAGGAGGAGA,AUGUCCUGGUGUGGCACGCUCUCCUCCUACCCGACCAACCUCCCUACCACCUGAAAG,0.5958240119313946,0.5235673
GUCGGGUAGGAGGAGAGCG,CCAAUGUCCUGGUGUGGCACGCUCUCCUCCUACCCGACCAACCUCCCUACCACCUGA,0.5495898583146905,0.45655555
GGUAGGAGGAGAGCGUGCC,GAUGCCAAUGUCCUGGUGUGGCACGCUCUCCUCCUACCCGACCAACCUCCCUACCAC,0.4660700969425801,0.49478754
UAGGAGGAGAGCGUGCCAC,AUGAUGCCAAUGUCCUGGUGUGGCACGCUCUCCUCCUACCCGACCAACCUCCCUACC,0.7225950782997763,0.5162067
AGGAGAGCGUGCCACACCA,AGCGAUGAUGCCAAUGUCCUGGUGUGGCACGCUCUCCUCCUACCCGACCAACCUCCC,0.6674123788217748,0.5530156
GAGCGUGCCACACCAGGAC,GUCCAGCGAUGAUGCCAAUGUCCUGGUGUGGCACGCUCUCCUCCUACCCGACCAACC,0.5533184190902312,0.50922257
CAGGACAUUGGCAUCAUCG,ACCUGCGGAACCUGUCCAGCGAUGAUGCCAAUGUCCUGGUGUGGCACGCUCUCCUCC,0.7240865026099925,0.5992727
AGGACAUUGGCAUCAUCGC,UACCUGCGGAACCUGUCCAGCGAUGAUGCCAAUGUCCUGGUGUGGCACGCUCUCCUC,0.7994034302759135,0.5949195
GGACAUUGGCAUCAUCGCU,AUACCUGCGGAACCUGUCCAGCGAUGAUGCCAAUGUCCUGGUGUGGCACGCUCUCCU,0.651006711409396,0.50392234
GGCAUCAUCGCUGGACAGG,CUCCCCCAUACCUGCGGAACCUGUCCAGCGAUGAUGCCAAUGUCCUGGUGUGGCACG,0.5786726323639075,0.47110435
CGCUGGACAGGUUCCGCAG,XXXXXXGCCUCCCCCAUACCUGCGGAACCUGUCCAGCGAUGAUGCCAAUGUCCUGGU,0.5674869500372857,0.47984388
CUGGACAGGUUCCGCAGGU,XXXXXXXXGCCUCCCCCAUACCUGCGGAACCUGUCCAGCGAUGAUGCCAAUGUCCUG,0.5503355704697986,0.5681928
ACAGGUUCCGCAGGUAUGG,XXXXXXXXXXXXGCCUCCCCCAUACCUGCGGAACCUGUCCAGCGAUGAUGCCAAUGU,0.6584638329604773,0.57032126
AUUUCUCUUUGUGUUGGAU,UCUGAUUCAGAAGGGCGUCAUCCAACACAAAGAGAAAUGCAACCAXXXXXXXXXXXX,0.5152870991797166,0.63805276
UUCUCUUUGUGUUGGAUGA,GAUCUGAUUCAGAAGGGCGUCAUCCAACACAAAGAGAAAUGCAACCAXXXXXXXXXX,0.6935123042505593,0.715325
CUCUUUGUGUUGGAUGACG,CUGAUCUGAUUCAGAAGGGCGUCAUCCAACACAAAGAGAAAUGCAACCAXXXXXXXX,0.6435495898583147,0.5992566
UUGUGUUGGAUGACGCCCU,AUCCCUGAUCUGAUUCAGAAGGGCGUCAUCCAACACAAAGAGAAAUGCAACCAXXXX,0.7986577181208053,0.65379184
CCCUUCUGAAUCAGAUCAG,UGGCUGGCAGUGGAAAUCCCUGAUCUGAUUCAGAAGGGCGUCAUCCAACACAAAGAG,0.5458612975391499,0.58688587
UGAAUCAGAUCAGGGAUUU,GGUCCAUGGCUGGCAGUGGAAAUCCCUGAUCUGAUUCAGAAGGGCGUCAUCCAACAC,0.6040268456375839,0.6390587
UCAGGGAUUUCCACUGCCA,CUGGGGCUGGGUCCAUGGCUGGCAGUGGAAAUCCCUGAUCUGAUUCAGAAGGGCGUC,0.5324384787472035,0.60795695
AGGGAUUUCCACUGCCAGC,CUCUGGGGCUGGGUCCAUGGCUGGCAGUGGAAAUCCCUGAUCUGAUUCAGAAGGGCG,0.3616703952274422,0.5686622
ACUGCCAGCCAUGGACCCA,CAUCUCAUGGCUCUGGGGCUGGGUCCAUGGCUGGCAGUGGAAAUCCCUGAUCUGAUU,0.2624906785980611,0.41721928
CUGCCAGCCAUGGACCCAG,UCAUCUCAUGGCUCUGGGGCUGGGUCCAUGGCUGGCAGUGGAAAUCCCUGAUCUGAU,0.4511558538404175,0.41414684
UGGACCCAGCCCCAGAGCC,UUGGACUAGCUCAUCUCAUGGCUCUGGGGCUGGGUCCAUGGCUGGCAGUGGAAAUCC,0.5212527964205816,0.39255244
AGCCCCAGAGCCAUGAGAU,CCCAAAUUUGGACUAGCUCAUCUCAUGGCUCUGGGGCUGGGUCCAUGGCUGGCAGUG,0.401193139448173,0.42206645
AGCCAUGAGAUGAGCUAGU,GGAAUGUGCCCAAAUUUGGACUAGCUCAUCUCAUGGCUCUGGGGCUGGGUCCAUGGC,0.401193139448173,0.5224771
CCAUGAGAUGAGCUAGUCC,CAGGAAUGUGCCCAAAUUUGGACUAGCUCAUCUCAUGGCUCUGGGGCUGGGUCCAUG,0.4601043997017151,0.5745434
UCCAAAUUUGGGCACAUUC,UCAAACCUUUGUGGGCCAGGAAUGUGCCCAAAUUUGGACUAGCUCAUCUCAUGGCUC,0.5063385533184191,0.62523717
AUUUGGGCACAUUCCUGGC,UCAUUUCAAACCUUUGUGGGCCAGGAAUGUGCCCAAAUUUGGACUAGCUCAUCUCAU,0.575689783743475,0.5785379
AUUCCUGGCCCACAAAGGU,GCCUGACGGAUCAUUUCAAACCUUUGUGGGCCAGGAAUGUGCCCAAAUUUGGACUAG,0.4243102162565249,0.540291
ACAAAGGUUUGAAAUGAUC,UGGCAAAAUAUGCCUGACGGAUCAUUUCAAACCUUUGUGGGCCAGGAAUGUGCCCAA,0.7367636092468307,0.6461767
AAGGUUUGAAAUGAUCCGU,GGGUGGCAAAAUAUGCCUGACGGAUCAUUUCAAACCUUUGUGGGCCAGGAAUGUGCC,0.790454884414616,0.60900784
AGGUUUGAAAUGAUCCGUC,GGGGUGGCAAAAUAUGCCUGACGGAUCAUUUCAAACCUUUGUGGGCCAGGAAUGUGC,0.9149888143176734,0.620391
GUUUGAAAUGAUCCGUCAG,CAGGGGUGGCAAAAUAUGCCUGACGGAUCAUUUCAAACCUUUGUGGGCCAGGAAUGU,0.4899328859060403,0.58850473
UUGAAAUGAUCCGUCAGGC,UACAGGGGUGGCAAAAUAUGCCUGACGGAUCAUUUCAAACCUUUGUGGGCCAGGAAU,0.8747203579418344,0.6847698
CCGUCAGGCAUAUUUUGCC,AGCAAAGAUGUACAGGGGUGGCAAAAUAUGCCUGACGGAUCAUUUCAAACCUUUGUG,0.7449664429530202,0.64309597
UGCCACCCCUGUACAUCUU,GCUGGAUGGAAAGACAGCAAAGAUGUACAGGGGUGGCAAAAUAUGCCUGACGGAUCA,0.4645786726323639,0.48099986
CACCCCUGUACAUCUUUGC,UGAGCUGGAUGGAAAGACAGCAAAGAUGUACAGGGGUGGCAAAAUAUGCCUGACGGA,0.8061148396718867,0.60851485
CCUGUACAUCUUUGCUGUC,UUCCUGAGCUGGAUGGAAAGACAGCAAAGAUGUACAGGGGUGGCAAAAUAUGCCUGA,0.3736017897091722,0.48501432
UGUACAUCUUUGCUGUCUU,AGUUCCUGAGCUGGAUGGAAAGACAGCAAAGAUGUACAGGGGUGGCAAAAUAUGCCU,0.8396718866517523,0.66369885
AUCUUUGCUGUCUUUCCAU,AUUGCAGUUCCUGAGCUGGAUGGAAAGACAGCAAAGAUGUACAGGGGUGGCAAAAUA,0.5212527964205816,0.6323492
CUUUGCUGUCUUUCCAUCC,AAAUUGCAGUUCCUGAGCUGGAUGGAAAGACAGCAAAGAUGUACAGGGGUGGCAAAA,0.7651006711409396,0.7039624
UCUUUCCAUCCAGCUCAGG,UGCCCCAGAAAUUGCAGUUCCUGAGCUGGAUGGAAAGACAGCAAAGAUGUACAGGGG,0.8956002982848621,0.5460839
CAUCCAGCUCAGGAACUGC,UACUACUGCCCCAGAAAUUGCAGUUCCUGAGCUGGAUGGAAAGACAGCAAAGAUGUA,0.5973154362416108,0.5903397
CCAGCUCAGGAACUGCAAU,UCCUACUACUGCCCCAGAAAUUGCAGUUCCUGAGCUGGAUGGAAAGACAGCAAAGAU,0.459358687546607,0.35030377
GAACUGCAAUUUCUGGGGC,UAUCACAUAUCCUACUACUGCCCCAGAAAUUGCAGUUCCUGAGCUGGAUGGAAAGAC,0.4601043997017151,0.5358151
AACUGCAAUUUCUGGGGCA,CUAUCACAUAUCCUACUACUGCCCCAGAAAUUGCAGUUCCUGAGCUGGAUGGAAAGA,0.3348247576435496,0.57145095
UGCAAUUUCUGGGGCAGUA,UUCCUAUCACAUAUCCUACUACUGCCCCAGAAAUUGCAGUUCCUGAGCUGGAUGGAA,0.3892617449664429,0.54287255
UGGGGCAGUAGUAGGAUAU,AGUUUGACAUUCCUAUCACAUAUCCUACUACUGCCCCAGAAAUUGCAGUUCCUGAGC,0.5831469052945564,0.48548415
CAGUAGUAGGAUAUGUGAU,CAUCGAGUUUGACAUUCCUAUCACAUAUCCUACUACUGCCCCAGAAAUUGCAGUUCC,0.5160328113348247,0.46208173
AUAUGUGAUAGGAAUGUCA,AUGAGUUUGACAUCGAGUUUGACAUUCCUAUCACAUAUCCUACUACUGCCCCAGAAA,0.8545861297539149,0.61856973
GAUAGGAAUGUCAAACUCG,UGAAAUAUGAGUUUGACAUCGAGUUUGACAUUCCUAUCACAUAUCCUACUACUGCCC,0.7136465324384788,0.59408444
UCAAACUCGAUGUCAAACU,CAUGACCUCCUGAAAUAUGAGUUUGACAUCGAGUUUGACAUUCCUAUCACAUAUCCU,0.9067859806114841,0.7403174
GAUGUCAAACUCAUAUUUC,GGUAUAUCCAUGACCUCCUGAAAUAUGAGUUUGACAUCGAGUUUGACAUUCCUAUCA,0.4988814317673378,0.5906079
AUGUCAAACUCAUAUUUCA,UGGUAUAUCCAUGACCUCCUGAAAUAUGAGUUUGACAUCGAGUUUGACAUUCCUAUC,0.5615212527964206,0.65019536
AACUCAUAUUUCAGGAGGU,AAAUGCUGGUAUAUCCAUGACCUCCUGAAAUAUGAGUUUGACAUCGAGUUUGACAUU,0.3243847874720358,0.5972807
CAGGAGGUCAUGGAUAUAC,GGUGGUUUGGAAAAUGCUGGUAUAUCCAUGACCUCCUGAAAUAUGAGUUUGACAUCG,0.7158836689038031,0.5527081
GGAGGUCAUGGAUAUACCA,UCGGUGGUUUGGAAAAUGCUGGUAUAUCCAUGACCUCCUGAAAUAUGAGUUUGACAU,0.2341536167039522,0.39854988
AUAUACCAGCAUUUUCCAA,AAGGAAGGAACUCGGUGGUUUGGAAAAUGCUGGUAUAUCCAUGACCUCCUGAAAUAU,0.4235645041014168,0.5478012
UUUCCAAACCACCGAGUUC,CUGGAGUCCAACAAGGAAGGAACUCGGUGGUUUGGAAAAUGCUGGUAUAUCCAUGAC,0.7285607755406414,0.7583742
CCAAACCACCGAGUUCCUU,CGACUGGAGUCCAACAAGGAAGGAACUCGGUGGUUUGGAAAAUGCUGGUAUAUCCAU,0.2401193139448173,0.46708617
AACCACCGAGUUCCUUCCU,UUCCGACUGGAGUCCAACAAGGAAGGAACUCGGUGGUUUGGAAAAUGCUGGUAUAUC,0.4608501118568233,0.5824155
GUUCCUUCCUUGUUGGACU,AACGAUUGGUUCCGACUGGAGUCCAACAAGGAAGGAACUCGGUGGUUUGGAAAAUGC,0.622669649515287,0.62589854
CUUCCUUGUUGGACUCCAG,UGACAACGAUUGGUUCCGACUGGAGUCCAACAAGGAAGGAACUCGGUGGUUUGGAAA,0.494407158836689,0.5562604
UGGACUCCAGUCGGAACCA,CAAGAAUGCUGACAACGAUUGGUUCCGACUGGAGUCCAACAAGGAAGGAACUCGGUG,0.5361670395227442,0.5957179
UCGGAACCAAUCGUUGUCA,UGGAGAACAACAAGAAUGCUGACAACGAUUGGUUCCGACUGGAGUCCAACAAGGAAG,0.5674869500372857,0.6720476
GGAACCAAUCGUUGUCAGC,UGUGGAGAACAACAAGAAUGCUGACAACGAUUGGUUCCGACUGGAGUCCAACAAGGA,0.5816554809843401,0.6196322
CGUUGUCAGCAUUCUUGUU,UAUCCGGUAUGUGGAGAACAACAAGAAUGCUGACAACGAUUGGUUCCGACUGGAGUC,0.3228933631618195,0.38929436
UUGUCAGCAUUCUUGUUGU,CUUAUCCGGUAUGUGGAGAACAACAAGAAUGCUGACAACGAUUGGUUCCGACUGGAG,0.6442953020134228,0.7554351
CAUUCUUGUUGUUCUCCAC,UCAGUCCCUUAUCCGGUAUGUGGAGAACAACAAGAAUGCUGACAACGAUUGGUUCCG,0.5137956748695003,0.6072253
GUUGUUCUCCACAUACCGG,AGGAAUAUCAGUCCCUUAUCCGGUAUGUGGAGAACAACAAGAAUGCUGACAACGAUU,0.5391498881431768,0.5862666
UCUCCACAUACCGGAUAAG,GAAGGAGGAAUAUCAGUCCCUUAUCCGGUAUGUGGAGAACAACAAGAAUGCUGACAA,0.5846383296047726,0.57443446
ACAUACCGGAUAAGGGACU,CGACUGAAGGAGGAAUAUCAGUCCCUUAUCCGGUAUGUGGAGAACAACAAGAAUGCU,0.5563012677106637,0.56784195
CAUACCGGAUAAGGGACUG,GCGACUGAAGGAGGAAUAUCAGUCCCUUAUCCGGUAUGUGGAGAACAACAAGAAUGC,0.5876211782252051,0.55703163
AUACCGGAUAAGGGACUGA,AGCGACUGAAGGAGGAAUAUCAGUCCCUUAUCCGGUAUGUGGAGAACAACAAGAAUG,0.6629381058911259,0.61764985
UACCGGAUAAGGGACUGAU,CAGCGACUGAAGGAGGAAUAUCAGUCCCUUAUCCGGUAUGUGGAGAACAACAAGAAU,0.7390007457121551,0.64325774
CUGAUAUUCCUCCUUCAGU,GUGAGUUGUGGGUGCAGCGACUGAAGGAGGAAUAUCAGUCCCUUAUCCGGUAUGUGG,0.5607755406413124,0.65751684
AUAUUCCUCCUUCAGUCGC,AUCGUGAGUUGUGGGUGCAGCGACUGAAGGAGGAAUAUCAGUCCCUUAUCCGGUAUG,0.7949291573452648,0.5761422
UAUUCCUCCUUCAGUCGCU,GAUCGUGAGUUGUGGGUGCAGCGACUGAAGGAGGAAUAUCAGUCCCUUAUCCGGUAU,0.6942580164056674,0.67453384
AUUCCUCCUUCAGUCGCUG,AGAUCGUGAGUUGUGGGUGCAGCGACUGAAGGAGGAAUAUCAGUCCCUUAUCCGGUA,0.7494407158836688,0.62872297
UCCUUCAGUCGCUGCACCC,CCCCGAGAUCGUGAGUUGUGGGUGCAGCGACUGAAGGAGGAAUAUCAGUCCCUUAUC,0.6405667412378822,0.56133
AGUCGCUGCACCCACAACU,GCCGGACCCCGAGAUCGUGAGUUGUGGGUGCAGCGACUGAAGGAGGAAUAUCAGUCC,0.5995525727069352,0.6330651
UCACGAUCUCGGGGUCCGG,XXXXXXXXXXXGACUAACGCCGGACCCCGAGAUCGUGAGUUGUGGGUGCAGCGACUG,0.4220730797912005,0.45288983
UUUCUUUUCUAUGCCUACU,AAAGGAAGGCCAGUCAGCUAGUAGGCAUAGAAAAGAAAUUUXXXXXXXXXXXXXXXX,0.7576435495898584,0.7637382
CUUUUCUAUGCCUACUAGC,AGAAAAGGAAGGCCAGUCAGCUAGUAGGCAUAGAAAAGAAAUUUXXXXXXXXXXXXX,0.790454884414616,0.7082821
UACUAGCUGACUGGCCUUC,ACAACUCAACACAGAAAAGGAAGGCCAGUCAGCUAGUAGGCAUAGAAAAGAAAUUUX,0.6853094705443699,0.65203905
CCUUCCUUUUCUGUGUUGA,UGACUCCAGAGUACACAACUCAACACAGAAAAGGAAGGCCAGUCAGCUAGUAGGCAU,0.48844146159582397,0.38412693
UGUUGAGUUGUGUACUCUG,UACCAGAGGCUGGUGACUCCAGAGUACACAACUCAACACAGAAAAGGAAGGCCAGUC,0.6189410887397464,0.6864728
UUGUGUACUCUGGAGUCAC,GAUAAUCUACCAGAGGCUGGUGACUCCAGAGUACACAACUCAACACAGAAAAGGAAG,0.8053691275167786,0.70838314
GUGUACUCUGGAGUCACCA,UUGAUAAUCUACCAGAGGCUGGUGACUCCAGAGUACACAACUCAACACAGAAAAGGA,0.5988068605518271,0.53110397
GUCACCAGCCUCUGGUAGA,AGGAAGAGAUGCUUGAUAAUCUACCAGAGGCUGGUGACUCCAGAGUACACAACUCAA,0.4735272184936615,0.514221
UCACCAGCCUCUGGUAGAU,GAGGAAGAGAUGCUUGAUAAUCUACCAGAGGCUGGUGACUCCAGAGUACACAACUCA,0.7233407904548844,0.62517846
CUCUGGUAGAUUAUCAAGC,AGGCUGAUGAGGAAGAGAUGCUUGAUAAUCUACCAGAGGCUGGUGACUCCAGAGUAC,0.7531692766592095,0.6659853
AGAUUAUCAAGCAUCUCUU,AAACAAAAGGCUGAUGAGGAAGAGAUGCUUGAUAAUCUACCAGAGGCUGGUGACUCC,0.7412378821774795,0.69123214
GAUUAUCAAGCAUCUCUUC,GAAACAAAAGGCUGAUGAGGAAGAGAUGCUUGAUAAUCUACCAGAGGCUGGUGACUC,0.6405667412378822,0.62403536
UUAUCAAGCAUCUCUUCCU,CAGAAACAAAAGGCUGAUGAGGAAGAGAUGCUUGAUAAUCUACCAGAGGCUGGUGAC,0.8426547352721848,0.8303042
AUCAAGCAUCUCUUCCUCA,GACAGAAACAAAAGGCUGAUGAGGAAGAGAUGCUUGAUAAUCUACCAGAGGCUGGUG,0.6830723340790456,0.70010155
CAAGCAUCUCUUCCUCAUC,AAGACAGAAACAAAAGGCUGAUGAGGAAGAGAUGCUUGAUAAUCUACCAGAGGCUGG,0.7091722595078299,0.74410546
GCAUCUCUUCCUCAUCAGC,UGCAAGACAGAAACAAAAGGCUGAUGAGGAAGAGAUGCUUGAUAAUCUACCAGAGGC,0.5503355704697986,0.59182775
UUUCUGUCUUGCAUGCUUC,AUGCCAGACAGUGGACAGAGAAGCAUGCAAGACAGAAACAAAAGGCUGAUGAGGAAG,0.7240865026099925,0.8084943
CUGUCCACUGUCUGGCAUU,UAAGCCAGCCUUCCUCAAGAAUGCCAGACAGUGGACAGAGAAGCAUGCAAGACAGAA,0.5779269202087994,0.43833536
GUCCACUGUCUGGCAUUCU,AAUAAGCCAGCCUUCCUCAAGAAUGCCAGACAGUGGACAGAGAAGCAUGCAAGACAG,0.7084265473527218,0.48082262
UCUGGCAUUCUUGAGGAAG,UUAAAUAUAAUAAGCCAGCCUUCCUCAAGAAUGCCAGACAGUGGACAGAGAAGCAUG,0.5667412378821775,0.5684987
AUUAUAUUUAAAUUCUGAG,CGCUCAUGGCUGACAUAUCCUCAGAAUUUAAAUAUAAUAAGCCAGCCUUCCUCAAGA,0.6405667412378822,0.604716
UUAAAUUCUGAGGAUAUGU,GAUGACCCGCUCAUGGCUGACAUAUCCUCAGAAUUUAAAUAUAAUAAGCCAGCCUUC,0.8501118568232662,0.69979566
AGCCAUGAGCGGGUCAUCA,UCAUGUCAGAACCCAACCCUGAUGACCCGCUCAUGGCUGACAUAUCCUCAGAAUUUA,0.5637583892617449,0.4435203
CCAUGAGCGGGUCAUCAGG,GCUCAUGUCAGAACCCAACCCUGAUGACCCGCUCAUGGCUGACAUAUCCUCAGAAUU,0.622669649515287,0.47347817
CAUGAGCGGGUCAUCAGGG,UGCUCAUGUCAGAACCCAACCCUGAUGACCCGCUCAUGGCUGACAUAUCCUCAGAAU,0.6800894854586129,0.50877583
AUGAGCGGGUCAUCAGGGU,CUGCUCAUGUCAGAACCCAACCCUGAUGACCCGCUCAUGGCUGACAUAUCCUCAGAA,0.7509321401938851,0.5146701
GGGUCAUCAGGGUUGGGUU,AUUCAGCUGCUCAUGUCAGAACCCAACCCUGAUGACCCGCUCAUGGCUGACAUAUCC,0.3929903057419836,0.32637084
UGGGUUCUGACAUGAGCAG,UGUGUUGACCUCUAUUCAGCUGCUCAUGUCAGAACCCAACCCUGAUGACCCGCUCAU,0.7792692020879941,0.5597888
GGUUCUGACAUGAGCAGCU,ACUGUGUUGACCUCUAUUCAGCUGCUCAUGUCAGAACCCAACCCUGAUGACCCGCUC,0.5920954511558538,0.49796003
GCAGCUGAAUAGAGGUCAA,CCUCAACAUCGCAACUGUGUUGACCUCUAUUCAGCUGCUCAUGUCAGAACCCAACCC,0.3668903803131991,0.31391236
UAGAGGUCAACACAGUUGC,GAGACCAUCCCUCAACAUCGCAACUGUGUUGACCUCUAUUCAGCUGCUCAUGUCAGA,0.8538404175988069,0.71089387
GGUCAACACAGUUGCGAUG,CUUGGAGACCAUCCCUCAACAUCGCAACUGUGUUGACCUCUAUUCAGCUGCUCAUGU,0.6323639075316928,0.48880905
AACACAGUUGCGAUGUUGA,GGUGCUUGGAGACCAUCCCUCAACAUCGCAACUGUGUUGACCUCUAUUCAGCUGCUC,0.7651006711409396,0.66363215
ACAGUUGCGAUGUUGAGGG,AAAGGUGCUUGGAGACCAUCCCUCAACAUCGCAACUGUGUUGACCUCUAUUCAGCUG,0.7919463087248323,0.6325748
GGGAUGGUCUCCAAGCACC,UCUCAAAUUGCCACCAAAAGGUGCUUGGAGACCAUCCCUCAACAUCGCAACUGUGUU,0.5995525727069352,0.5557999
GGAUGGUCUCCAAGCACCU,UUCUCAAAUUGCCACCAAAAGGUGCUUGGAGACCAUCCCUCAACAUCGCAACUGUGU,0.4891871737509322,0.45190713
GAUGGUCUCCAAGCACCUU,GUUCUCAAAUUGCCACCAAAAGGUGCUUGGAGACCAUCCCUCAACAUCGCAACUGUG,0.4511558538404175,0.35283965
GUCUCCAAGCACCUUUUGG,GGAUGUUCUCAAAUUGCCACCAAAAGGUGCUUGGAGACCAUCCCUCAACAUCGCAAC,0.6331096196868009,0.56001025
AGCACCUUUUGGUGGCAAU,UUUGUCUGGAUGUUCUCAAAUUGCCACCAAAAGGUGCUUGGAGACCAUCCCUCAACA,0.3266219239373601,0.4211801
CUUUUGGUGGCAAUUUGAG,AAGGAUUUGUCUGGAUGUUCUCAAAUUGCCACCAAAAGGUGCUUGGAGACCAUCCCU,0.5108128262490679,0.51140785
UGGUGGCAAUUUGAGAACA,CUGGAAGGAUUUGUCUGGAUGUUCUCAAAUUGCCACCAAAAGGUGCUUGGAGACCAU,0.3974645786726324,0.5384454
GGCAAUUUGAGAACAUCCA,UCUGCUGGAAGGAUUUGUCUGGAUGUUCUCAAAUUGCCACCAAAAGGUGCUUGGAGA,0.5361670395227442,0.41176477
CAAUUUGAGAACAUCCAGA,AUUCUGCUGGAAGGAUUUGUCUGGAUGUUCUCAAAUUGCCACCAAAAGGUGCUUGGA,0.6025354213273677,0.5071606
GAGAACAUCCAGACAAAUC,ACAUUGAUUCUGCUGGAAGGAUUUGUCUGGAUGUUCUCAAAUUGCCACCAAAAGGUG,0.5592841163310962,0.6452797
AACAUCCAGACAAAUCCUU,CAAACAUUGAUUCUGCUGGAAGGAUUUGUCUGGAUGUUCUCAAAUUGCCACCAAAAG,0.5958240119313946,0.58948743
CAUCCAGACAAAUCCUUCC,UCCAAACAUUGAUUCUGCUGGAAGGAUUUGUCUGGAUGUUCUCAAAUUGCCACCAAA,0.7166293810589113,0.65454113
GACAAAUCCUUCCAGCAGA,UUAUCAUCCAAACAUUGAUUCUGCUGGAAGGAUUUGUCUGGAUGUUCUCAAAUUGCC,0.6547352721849367,0.58311945
AAUCCUUCCAGCAGAAUCA,CAAUUUAUCAUCCAAACAUUGAUUCUGCUGGAAGGAUUUGUCUGGAUGUUCUCAAAU,0.7114093959731543,0.6876767
AAUCAAUGUUUGGAUGAUA,CCGAUUUCUCACUCCAAUUUAUCAUCCAAACAUUGAUUCUGCUGGAAGGAUUUGUCU,0.5026099925428785,0.5804394
UGUUUGGAUGAUAAAUUGG,UCAGAUCCGAUUUCUCACUCCAAUUUAUCAUCCAAACAUUGAUUCUGCUGGAAGGAU,0.7554064131245338,0.66413635
UUUGGAUGAUAAAUUGGAG,CCUCAGAUCCGAUUUCUCACUCCAAUUUAUCAUCCAAACAUUGAUUCUGCUGGAAGG,0.7986577181208053,0.6958068
GGAUGAUAAAUUGGAGUGA,CCUCCUCAGAUCCGAUUUCUCACUCCAAUUUAUCAUCCAAACAUUGAUUCUGCUGGA,0.4235645041014168,0.40951788
AAAUUGGAGUGAGAAAUCG,AUUUGAACCUCCUCAGAUCCGAUUUCUCACUCCAAUUUAUCAUCCAAACAUUGAUUC,0.796420581655481,0.72771245
AUUGGAGUGAGAAAUCGGA,CCAUUUGAACCUCCUCAGAUCCGAUUUCUCACUCCAAUUUAUCAUCCAAACAUUGAU,0.8150633855331841,0.66876227
AAAUCGGAUCUGAGGAGGU,CUGAGAGGUACCCAUUUGAACCUCCUCAGAUCCGAUUUCUCACUCCAAUUUAUCAUC,0.7486950037285608,0.56553847
UCGGAUCUGAGGAGGUUCA,UUCCUGAGAGGUACCCAUUUGAACCUCCUCAGAUCCGAUUUCUCACUCCAAUUUAUC,0.7837434750186427,0.5144529
CGGAUCUGAGGAGGUUCAA,AUUCCUGAGAGGUACCCAUUUGAACCUCCUCAGAUCCGAUUUCUCACUCCAAUUUAU,0.4213273676360924,0.3113751
GAGGUUCAAAUGGGUACCU,AGAAGUUAUCAUUCCUGAGAGGUACCCAUUUGAACCUCCUCAGAUCCGAUUUCUCAC,0.4705443698732289,0.41084385
UUCAAAUGGGUACCUCUCA,AGCUAGAAGUUAUCAUUCCUGAGAGGUACCCAUUUGAACCUCCUCAGAUCCGAUUUC,0.6517524235645041,0.6981684
CAAAUGGGUACCUCUCAGG,UAAGCUAGAAGUUAUCAUUCCUGAGAGGUACCCAUUUGAACCUCCUCAGAUCCGAUU,0.5853840417598807,0.6109663
AUGGGUACCUCUCAGGAAU,UUUUAAGCUAGAAGUUAUCAUUCCUGAGAGGUACCCAUUUGAACCUCCUCAGAUCCG,0.8508575689783744,0.6352913
ACCUCUCAGGAAUGAUAAC,AGGUGUUUUUAAGCUAGAAGUUAUCAUUCCUGAGAGGUACCCAUUUGAACCUCCUCA,0.5622669649515287,0.52583
CUCUCAGGAAUGAUAACUU,AAAGGUGUUUUUAAGCUAGAAGUUAUCAUUCCUGAGAGGUACCCAUUUGAACCUCCU,0.5920954511558538,0.4273516
AUGAUAACUUCUAGCUUAA,CCUUAUGAGAAAGGUGUUUUUAAGCUAGAAGUUAUCAUUCCUGAGAGGUACCCAUUU,0.6703952274422074,0.5725114
AAAACACCUUUCUCAUAAG,UUAGGUGGAGCCAACACACCUUAUGAGAAAGGUGUUUUUAAGCUAGAAGUUAUCAUU,0.6897837434750187,0.6500987
CCUUUCUCAUAAGGUGUGU,CAAAUAUUAGGUGGAGCCAACACACCUUAUGAGAAAGGUGUUUUUAAGCUAGAAGUU,0.5570469798657718,0.44343534
GUGUUGGCUCCACCUAAUA,GAUGACCUGCGAGCUCAAAUAUUAGGUGGAGCCAACACACCUUAUGAGAAAGGUGUU,0.4280387770320656,0.40999886
CUCCACCUAAUAUUUGAGC,CCAAAUGGAUGACCUGCGAGCUCAAAUAUUAGGUGGAGCCAACACACCUUAUGAGAA,0.6495152870991797,0.6258619
CACCUAAUAUUUGAGCUCG,AGACCAAAUGGAUGACCUGCGAGCUCAAAUAUUAGGUGGAGCCAACACACCUUAUGA,0.6711409395973155,0.5708607
ACCUAAUAUUUGAGCUCGC,AAGACCAAAUGGAUGACCUGCGAGCUCAAAUAUUAGGUGGAGCCAACACACCUUAUG,0.5339299030574198,0.6693073
UAAUAUUUGAGCUCGCAGG,AUAAAGACCAAAUGGAUGACCUGCGAGCUCAAAUAUUAGGUGGAGCCAACACACCUU,0.7613721103653989,0.6940847
AUAUUUGAGCUCGCAGGUC,AGAUAAAGACCAAAUGGAUGACCUGCGAGCUCAAAUAUUAGGUGGAGCCAACACACC,0.7516778523489933,0.61677915
UCGCAGGUCAUCCAUUUGG,CAUGUUGGCAAGAUAAAGACCAAAUGGAUGACCUGCGAGCUCAAAUAUUAGGUGGAG,0.7106636838180462,0.6689108
GUCAUCCAUUUGGUCUUUA,GCAUCACAUGUUGGCAAGAUAAAGACCAAAUGGAUGACCUGCGAGCUCAAAUAUUAG,0.47129008202833705,0.42231348
GGUCUUUAUCUUGCCAACA,GCCACCCCCAGGCAUCACAUGUUGGCAAGAUAAAGACCAAAUGGAUGACCUGCGAGC,0.5652498135719612,0.37384808
CUUGCCAACAUGUGAUGCC,XXXXXXXXXGCCACCCCCAGGCAUCACAUGUUGGCAAGAUAAAGACCAAAUGGAUGA,0.651006711409396,0.67362434
UGCCAACAUGUGAUGCCUG,XXXXXXXXXXXGCCACCCCCAGGCAUCACAUGUUGGCAAGAUAAAGACCAAAUGGAU,0.6771066368381805,0.5861855
ACCAUUUUGUUUUCUUUGG,GCGAACAUGUAACAAGAAUCCAAAGAAAACAAAAUGGUGGUAUCAUXXXXXXXXXXX,0.7554064131245338,0.65438575
UUUGUUUUCUUUGGAUUCU,UAUGUGCGAACAUGUAACAAGAAUCCAAAGAAAACAAAAUGGUGGUAUCAUXXXXXX,0.7882177479492916,0.73610365
UUUCUUUGGAUUCUUGUUA,CUUUUUAUGUGCGAACAUGUAACAAGAAUCCAAAGAAAACAAAAUGGUGGUAUCAUX,0.8545861297539149,0.6907944
UUCUUGUUACAUGUUCGCA,CCGGAUAAUUCUUUUUAUGUGCGAACAUGUAACAAGAAUCCAAAGAAAACAAAAUGG,0.7747949291573453,0.7042403
UCUUGUUACAUGUUCGCAC,ACCGGAUAAUUCUUUUUAUGUGCGAACAUGUAACAAGAAUCCAAAGAAAACAAAAUG,0.9336316181953764,0.7127084
UUGUUACAUGUUCGCACAU,CCACCGGAUAAUUCUUUUUAUGUGCGAACAUGUAACAAGAAUCCAAAGAAAACAAAA,0.6614466815809098,0.6707275
AAAAGAAUUAUCCGGUGGU,GCUGCAAGGAAAAGAGACGACCACCGGAUAAUUCUUUUUAUGUGCGAACAUGUAACA,0.72110365398956,0.66448694
AAAGAAUUAUCCGGUGGUC,AGCUGCAAGGAAAAGAGACGACCACCGGAUAAUUCUUUUUAUGUGCGAACAUGUAAC,0.7188665175242356,0.6863962
UAUCCGGUGGUCGUCUCUU,GCUUUCCAGCUGCAAGGAAAAGAGACGACCACCGGAUAAUUCUUUUUAUGUGCGAAC,0.6167039522744221,0.61086464
UGGUCGUCUCUUUUCCUUG,UUAGCAUGCUUUCCAGCUGCAAGGAAAAGAGACGACCACCGGAUAAUUCUUUUUAUG,0.8187919463087249,0.6931964
GGUCGUCUCUUUUCCUUGC,AUUAGCAUGCUUUCCAGCUGCAAGGAAAAGAGACGACCACCGGAUAAUUCUUUUUAU,0.8359433258762118,0.56434196
UUUCCUUGCAGCUGGAAAG,UCUUAGCAUUAUUAGCAUGCUUUCCAGCUGCAAGGAAAAGAGACGACCACCGGAUAA,0.7680835197613721,0.72574836
UCCUUGCAGCUGGAAAGCA,UGUCUUAGCAUUAUUAGCAUGCUUUCCAGCUGCAAGGAAAAGAGACGACCACCGGAU,0.8225205070842655,0.517788
AGCUGGAAAGCAUGCUAAU,AUCAGUUUGUCUUAGCAUUAUUAGCAUGCUUUCCAGCUGCAAGGAAAAGAGACGACC,0.5033557046979866,0.44465697
GGAAAGCAUGCUAAUAAUG,UCCAAUCAGUUUGUCUUAGCAUUAUUAGCAUGCUUUCCAGCUGCAAGGAAAAGAGAC,0.6950037285607756,0.4762652
AAAGCAUGCUAAUAAUGCU,AGUCCAAUCAGUUUGUCUUAGCAUUAUUAGCAUGCUUUCCAGCUGCAAGGAAAAGAG,0.6323639075316928,0.67392904
AAUGCUAAGACAAACUGAU,CCCCAGCGCUCUCAGUCCAAUCAGUUUGUCUUAGCAUUAUUAGCAUGCUUUCCAGCU,0.7979120059656973,0.6317837
AUGCUAAGACAAACUGAUU,UCCCCAGCGCUCUCAGUCCAAUCAGUUUGUCUUAGCAUUAUUAGCAUGCUUUCCAGC,0.7770320656226697,0.5869557
CUAAGACAAACUGAUUGGA,UGGUCCCCAGCGCUCUCAGUCCAAUCAGUUUGUCUUAGCAUUAUUAGCAUGCUUUCC,0.6338553318419089,0.48298612
AGACAAACUGAUUGGACUG,GACUGGUCCCCAGCGCUCUCAGUCCAAUCAGUUUGUCUUAGCAUUAUUAGCAUGCUU,0.9060402684563761,0.6962047
CUGAUUGGACUGAGAGCGC,AACAGAAGACUGGUCCCCAGCGCUCUCAGUCCAAUCAGUUUGUCUUAGCAUUAUUAG,0.8113348247576436,0.5718205
GAGAGCGCUGGGGACCAGU,UUAUCCAUUCUAACAGAAGACUGGUCCCCAGCGCUCUCAGUCCAAUCAGUUUGUCUU,0.6942580164056674,0.4507784
GCGCUGGGGACCAGUCUUC,CUGUUUAUCCAUUCUAACAGAAGACUGGUCCCCAGCGCUCUCAGUCCAAUCAGUUUG,0.6002982848620433,0.42457056
CGCUGGGGACCAGUCUUCU,UCUGUUUAUCCAUUCUAACAGAAGACUGGUCCCCAGCGCUCUCAGUCCAAUCAGUUU,0.6592095451155854,0.36541477
GGGGACCAGUCUUCUGUUA,CAUAUCUGUUUAUCCAUUCUAACAGAAGACUGGUCCCCAGCGCUCUCAGUCCAAUCA,0.482475764354959,0.29795447
GGACCAGUCUUCUGUUAGA,GUCAUAUCUGUUUAUCCAUUCUAACAGAAGACUGGUCCCCAGCGCUCUCAGUCCAAU,0.546607009694258,0.41996318
AGUCUUCUGUUAGAAUGGA,CAAUGGUCAUAUCUGUUUAUCCAUUCUAACAGAAGACUGGUCCCCAGCGCUCUCAGU,0.4780014914243102,0.49369982
UCUUCUGUUAGAAUGGAUA,AGCAAUGGUCAUAUCUGUUUAUCCAUUCUAACAGAAGACUGGUCCCCAGCGCUCUCA,0.6256524981357195,0.5218348
CUGUUAGAAUGGAUAAACA,UUAUAGCAAUGGUCAUAUCUGUUUAUCCAUUCUAACAGAAGACUGGUCCCCAGCGCU,0.4936614466815809,0.46139503
UUAGAAUGGAUAAACAGAU,UGUUUAUAGCAAUGGUCAUAUCUGUUUAUCCAUUCUAACAGAAGACUGGUCCCCAGC,0.7203579418344519,0.6805507
UAGAAUGGAUAAACAGAUA,AUGUUUAUAGCAAUGGUCAUAUCUGUUUAUCCAUUCUAACAGAAGACUGGUCCCCAG,0.6405667412378822,0.56030214
UGACCAUUGCUAUAAACAU,AAUAUUCCUGUUCAUCCUCAUGUUUAUAGCAAUGGUCAUAUCUGUUUAUCCAUUCUA,0.7173750932140194,0.5939448
UUGCUAUAAACAUGAGGAU,GGUGAAAAUAUUCCUGUUCAUCCUCAUGUUUAUAGCAAUGGUCAUAUCUGUUUAUCC,0.7777777777777777,0.6303026
GCUAUAAACAUGAGGAUGA,CUGGUGAAAAUAUUCCUGUUCAUCCUCAUGUUUAUAGCAAUGGUCAUAUCUGUUUAU,0.5876211782252051,0.44058302
UAUAAACAUGAGGAUGAAC,UACUGGUGAAAAUAUUCCUGUUCAUCCUCAUGUUUAUAGCAAUGGUCAUAUCUGUUU,0.7859806114839673,0.65841633
UAAACAUGAGGAUGAACAG,UUUACUGGUGAAAAUAUUCCUGUUCAUCCUCAUGUUUAUAGCAAUGGUCAUAUCUGU,0.8396718866517523,0.69228494
AACAUGAGGAUGAACAGGA,UGUUUACUGGUGAAAAUAUUCCUGUUCAUCCUCAUGUUUAUAGCAAUGGUCAUAUCU,0.8076062639821029,0.6328073
ACAUGAGGAUGAACAGGAA,AUGUUUACUGGUGAAAAUAUUCCUGUUCAUCCUCAUGUUUAUAGCAAUGGUCAUAUC,0.5443698732289336,0.4178439
AUGAGGAUGAACAGGAAUA,UCAUGUUUACUGGUGAAAAUAUUCCUGUUCAUCCUCAUGUUUAUAGCAAUGGUCAUA,0.7755406413124535,0.568568
GGAUGAACAGGAAUAUUUU,CAGGUCAUGUUUACUGGUGAAAAUAUUCCUGUUCAUCCUCAUGUUUAUAGCAAUGGU,0.3989560029828486,0.37330616
UGAACAGGAAUAUUUUCAC,CCUCAGGUCAUGUUUACUGGUGAAAAUAUUCCUGUUCAUCCUCAUGUUUAUAGCAAU,0.6114839671886652,0.6839095
AACAGGAAUAUUUUCACCA,CUCCUCAGGUCAUGUUUACUGGUGAAAAUAUUCCUGUUCAUCCUCAUGUUUAUAGCA,0.8583146905294556,0.622463
ACAGGAAUAUUUUCACCAG,UCUCCUCAGGUCAUGUUUACUGGUGAAAAUAUUCCUGUUCAUCCUCAUGUUUAUAGC,0.8038777032065624,0.57221955
AGGAAUAUUUUCACCAGUA,ACUCUCCUCAGGUCAUGUUUACUGGUGAAAAUAUUCCUGUUCAUCCUCAUGUUUAUA,0.7039522744220731,0.51087415
GAAUAUUUUCACCAGUAAA,UGACUCUCCUCAGGUCAUGUUUACUGGUGAAAAUAUUCCUGUUCAUCCUCAUGUUUA,0.6800894854586129,0.40604463
UUCACCAGUAAACAUGACC,AUCCUUUUGACUCUCCUCAGGUCAUGUUUACUGGUGAAAAUAUUCCUGUUCAUCCUC,0.7695749440715884,0.701611
GACCUGAGGAGAGUCAAAA,AAUUUAGUAGUCGAUAUCCUUUUGACUCUCCUCAGGUCAUGUUUACUGGUGAAAAUA,0.7084265473527218,0.45770463
CUGAGGAGAGUCAAAAGGA,UUAAAUUUAGUAGUCGAUAUCCUUUUGACUCUCCUCAGGUCAUGUUUACUGGUGAAA,0.5846383296047726,0.5971524
GAGAGUCAAAAGGAUAUCG,UCUAUUUAAAUUUAGUAGUCGAUAUCCUUUUGACUCUCCUCAGGUCAUGUUUACUGG,0.639075316927666,0.5659665
AGAGUCAAAAGGAUAUCGA,UUCUAUUUAAAUUUAGUAGUCGAUAUCCUUUUGACUCUCCUCAGGUCAUGUUUACUG,0.5570469798657718,0.5923526
AGUCAAAAGGAUAUCGACU,ACUUCUAUUUAAAUUUAGUAGUCGAUAUCCUUUUGACUCUCCUCAGGUCAUGUUUAC,0.6070096942580163,0.66768044
CAAAAGGAUAUCGACUACU,UCAACUUCUAUUUAAAUUUAGUAGUCGAUAUCCUUUUGACUCUCCUCAGGUCAUGUU,0.9209545115585384,0.6135874
UAUCGACUACUAAAUUUAA,GAAAAAUUUCAACUUCUAUUUAAAUUUAGUAGUCGAUAUCCUUUUGACUCUCCUCAG,0.5958240119313946,0.49633402
AUCGACUACUAAAUUUAAA,GGAAAAAUUUCAACUUCUAUUUAAAUUUAGUAGUCGAUAUCCUUUUGACUCUCCUCA,0.6562266964951529,0.50505143
GACUACUAAAUUUAAAUAG,AGGGGAAAAAUUUCAACUUCUAUUUAAAUUUAGUAGUCGAUAUCCUUUUGACUCUCC,0.622669649515287,0.44859803
CUAAAUUUAAAUAGAAGUU,UAUGAAGGGGAAAAAUUUCAACUUCUAUUUAAAUUUAGUAGUCGAUAUCCUUUUGAC,0.7166293810589113,0.41634804
UUAAAUAGAAGUUGAAAUU,ACCUUAUAUGAAGGGGAAAAAUUUCAACUUCUAUUUAAAUUUAGUAGUCGAUAUCCU,0.727069351230425,0.62744415
UUCCCCUUCAUAUAAGGUA,ACAUGGAAGGUGCACCAGGUACCUUAUAUGAAGGGGAAAAAUUUCAACUUCUAUUUA,0.8284862043251305,0.6245012
AUAUAAGGUACCUGGUGCA,GGAUUGUAGACAUGGAAGGUGCACCAGGUACCUUAUAUGAAGGGGAAAAAUUUCAAC,0.5816554809843401,0.6715557
UAAGGUACCUGGUGCACCU,AGUGGAUUGUAGACAUGGAAGGUGCACCAGGUACCUUAUAUGAAGGGGAAAAAUUUC,0.6950037285607756,0.71608096
UACCUGGUGCACCUUCCAU,UACACAGUGGAUUGUAGACAUGGAAGGUGCACCAGGUACCUUAUAUGAAGGGGAAAA,0.6420581655480985,0.54277503
CUGGUGCACCUUCCAUGUC,AAUUACACAGUGGAUUGUAGACAUGGAAGGUGCACCAGGUACCUUAUAUGAAGGGGA,0.7076808351976137,0.5431825
GGUGCACCUUCCAUGUCUA,UCAAUUACACAGUGGAUUGUAGACAUGGAAGGUGCACCAGGUACCUUAUAUGAAGGG,0.2900820283370619,0.3712293
CAUGUCUACAAUCCACUGU,GUGUUCAAAAUUCAAUUACACAGUGGAUUGUAGACAUGGAAGGUGCACCAGGUACCU,0.8232662192393737,0.4927116
AUGUCUACAAUCCACUGUG,AGUGUUCAAAAUUCAAUUACACAGUGGAUUGUAGACAUGGAAGGUGCACCAGGUACC,0.8590604026845637,0.66243696
UGUCUACAAUCCACUGUGU,GAGUGUUCAAAAUUCAAUUACACAGUGGAUUGUAGACAUGGAAGGUGCACCAGGUAC,0.7404921700223713,0.56788915
UCUACAAUCCACUGUGUAA,AAGAGUGUUCAAAAUUCAAUUACACAGUGGAUUGUAGACAUGGAAGGUGCACCAGGU,0.6905294556301268,0.5544138
UACAAUCCACUGUGUAAUU,AGAAGAGUGUUCAAAAUUCAAUUACACAGUGGAUUGUAGACAUGGAAGGUGCACCAG,0.8337061894108875,0.622778
CACUGUGUAAUUGAAUUUU,UUAAAUGAGAAGAGUGUUCAAAAUUCAAUUACACAGUGGAUUGUAGACAUGGAAGGU,0.5727069351230425,0.36109787
GUGUAAUUGAAUUUUGAAC,GACCUUAAAUGAGAAGAGUGUUCAAAAUUCAAUUACACAGUGGAUUGUAGACAUGGA,0.5488441461595824,0.52826566
AUUGAAUUUUGAACACUCU,GGAAUGACCUUAAAUGAGAAGAGUGUUCAAAAUUCAAUUACACAGUGGAUUGUAGAC,0.8135719612229679,0.63903487
UUGAAUUUUGAACACUCUU,UGGAAUGACCUUAAAUGAGAAGAGUGUUCAAAAUUCAAUUACACAGUGGAUUGUAGA,0.8463832960477256,0.6959657
AAUUUUGAACACUCUUCUC,UCCUGGAAUGACCUUAAAUGAGAAGAGUGUUCAAAAUUCAAUUACACAGUGGAUUGU,0.8620432513049963,0.6953099
CUCUUCUCAUUUAAGGUCA,XXUGACCCACCUCCUGGAAUGACCUUAAAUGAGAAGAGUGUUCAAAAUUCAAUUACA,0.5592841163310962,0.5313351
UCUUCUCAUUUAAGGUCAU,XXXUGACCCACCUCCUGGAAUGACCUUAAAUGAGAAGAGUGUUCAAAAUUCAAUUAC,0.5137956748695003,0.48326728
CUCAUUUAAGGUCAUUCCA,XXXXXXXUGACCCACCUCCUGGAAUGACCUUAAAUGAGAAGAGUGUUCAAAAUUCAA,0.7188665175242356,0.5446608
UUUAAGGUCAUUCCAGGAG,XXXXXXXXXXXUGACCCACCUCCUGGAAUGACCUUAAAUGAGAAGAGUGUUCAAAAU,0.7479492915734526,0.66648394
UUAAGGUCAUUCCAGGAGG,XXXXXXXXXXXXUGACCCACCUCCUGGAAUGACCUUAAAUGAGAAGAGUGUUCAAAA,0.7404921700223713,0.60321987
AAUAUGUAUUCGUUUGCCA,AUAUUCCGACGAAUAUAUCUGGCAAACGAAUACAUAUUUXXXXXXXXXXXXXXXXXX,0.8202833706189412,0.6833814
UGUAUUCGUUUGCCAGAUA,UCUUAUAUUCCGACGAAUAUAUCUGGCAAACGAAUACAUAUUUXXXXXXXXXXXXXX,0.6830723340790456,0.58464533
AUUCGUUUGCCAGAUAUAU,AGCUCUUAUAUUCCGACGAAUAUAUCUGGCAAACGAAUACAUAUUUXXXXXXXXXXX,0.715137956748695,0.6298639
AUUCGUCGGAAUAUAAGAG,CUGACUUUGGCAUUGGCAGCUCUUAUAUUCCGACGAAUAUAUCUGGCAAACGAAUAC,0.7367636092468307,0.6767241
CUGCCAAUGCCAAAGUCAG,AGCUGUACUGAUUGUCAUCCUGACUUUGGCAUUGGCAGCUCUUAUAUUCCGACGAAU,0.56972408650261,0.6042224
GGAUGACAAUCAGUACAGC,CACUGAUCAUGGUGGGUCAGCUGUACUGAUUGUCAUCCUGACUUUGGCAUUGGCAGC,0.465324384787472,0.4957737
CAGUACAGCUGACCCACCA,GAGACAACCACACUGAUCAUGGUGGGUCAGCUGUACUGAUUGUCAUCCUGACUUUGG,0.6219239373601789,0.51856405
GGUUGUCUCUUGGCUGGUG,ACCAGAUGUAAUCCAGGGCCACCAGCCAAGAGACAACCACACUGAUCAUGGUGGGUC,0.4161073825503356,0.37249178
UUGGCUGGUGGCCCUGGAU,GUCUACUUCACCAGAUGUAAUCCAGGGCCACCAGCCAAGAGACAACCACACUGAUCA,0.5667412378821775,0.46644357
ACAUCUGGUGAAGUAGACA,CAGCAGAGUCAGAGAAGGUUGUCUACUUCACCAGAUGUAAUCCAGGGCCACCAGCCA,0.5451155853840417,0.60172987
GAAGUAGACAACCUUCUCU,CGGGCCCAGCAGCAGAGUCAGAGAAGGUUGUCUACUUCACCAGAUGUAAUCCAGGGC,0.5876211782252051,0.6161579
ACUCUGCUGCUGGGCCCGG,CCAUGAGCCCUCGACAGCGCCGGGCCCAGCAGCAGAGUCAGAGAAGGUUGUCUACUU,0.3534675615212528,0.34563467
CUGCUGCUGGGCCCGGCGC,CCUCCAUGAGCCCUCGACAGCGCCGGGCCCAGCAGCAGAGUCAGAGAAGGUUGUCUA,0.2632363907531693,0.32210147
UUCUUAGCUACAGGUUGGG,GCAUCCUUUCAUCAACCUACCCAACCUGUAGCUAAGAAUACCUCCAUGAGCCCUCGA,0.5853840417598807,0.6880166
AGGUUGGGUAGGUUGAUGA,AUUCCUCAGCAGCAUCCUUUCAUCAACCUACCCAACCUGUAGCUAAGAAUACCUCCA,0.3571961222967934,0.5576835
UGGGUAGGUUGAUGAAAGG,CAGAAUUCCUCAGCAGCAUCCUUUCAUCAACCUACCCAACCUGUAGCUAAGAAUACC,0.4190902311707681,0.6604702
UGGCCGUAGCACCCUGGAA,AGAUGAUAUACCUACAACAUUCCAGGGUGCUACGGCCAGUACAUCGUACGGACUCCA,0.5600298284862043,0.4145104
GGUAUAUCAUCUUGUAAAU,CACUCUUUUUCACUAACUGAUUUACAAGAUGAUAUACCUACAACAUUCCAGGGUGCU,0.354958985831469,0.34661874
UUGUAAAUCAGUUAGUGAA,CAGACUUAAACCACUCUUUUUCACUAACUGAUUUACAAGAUGAUAUACCUACAACAU,0.5033557046979866,0.61496186
AGUGGUUUAAGUCUGACUC,AUCUGGAAAGACUAUCUCUGAGUCAGACUUAAACCACUCUUUUUCACUAACUGAUUU,0.6614466815809098,0.6473111
UUCCAGAUGAAUUGACUUC,GCAAAUAAGCUUUAAGGCAGAAGUCAAUUCAUCUGGAAAGACUAUCUCUGAGUCAGA,0.5615212527964206,0.7366547
UCCAGAUGAAUUGACUUCU,GGCAAAUAAGCUUUAAGGCAGAAGUCAAUUCAUCUGGAAAGACUAUCUCUGAGUCAG,0.5935868754660701,0.61446536
CCAGAUGAAUUGACUUCUG,AGGCAAAUAAGCUUUAAGGCAGAAGUCAAUUCAUCUGGAAAGACUAUCUCUGAGUCA,0.4511558538404175,0.46033645
CAGAUGAAUUGACUUCUGC,UAGGCAAAUAAGCUUUAAGGCAGAAGUCAAUUCAUCUGGAAAGACUAUCUCUGAGUC,0.4056674123788218,0.65982527
CUGCCUUAAAGCUUAUUUG,AGCCAAAGAACUGGCUAGGCAAAUAAGCUUUAAGGCAGAAGUCAAUUCAUCUGGAAA,0.4175988068605519,0.54914117
GUUCUUUGGCUUCUUGGUC,AAGCGAUUCAAGCCAAGCUGACCAAGAAGCCAAAGAACUGGCUAGGCAAAUAAGCUU,0.4228187919463086,0.6715661
UCUUUGGCUUCUUGGUCAG,GGAAGCGAUUCAAGCCAAGCUGACCAAGAAGCCAAAGAACUGGCUAGGCAAAUAAGC,0.5451155853840417,0.7548695
GCUUCCAGAUUUUAAAGGC,CCAUGAAGGAUGUCCUGUUGCCUUUAAAAUCUGGAAGCGAUUCAAGCCAAGCUGACC,0.3758389261744966,0.56162375
UUCCAGAUUUUAAAGGCAA,UGCCAUGAAGGAUGUCCUGUUGCCUUUAAAAUCUGGAAGCGAUUCAAGCCAAGCUGA,0.5257270693512304,0.64054453
UCCAGAUUUUAAAGGCAAC,CUGCCAUGAAGGAUGUCCUGUUGCCUUUAAAAUCUGGAAGCGAUUCAAGCCAAGCUG,0.4116331096196868,0.6146956
GCAAGUGCUCUUCUUUCCU,UCUCUAGAUUACACUCCUGAGGAAAGAAGAGCACUUGCCAAAAAAUCACAAGAUUUC,0.5272184936614467,0.50729096
AACCUAUGGCUCCCUCUCC,UGGGUUUAUGCCAACAAAAGGAGAGGGAGCCAUAGGUUCUCUAGAUUACACUCCUGA,0.4548844146159582,0.5653894
UGGCUCCCUCUCCUUUUGU,CAUCAUUGGGUUUAUGCCAACAAAAGGAGAGGGAGCCAUAGGUUCUCUAGAUUACAC,0.3109619686800894,0.5471111
CCCUCUCCUUUUGUUGGCA,UUAGCCAUCAUUGGGUUUAUGCCAACAAAAGGAGAGGGAGCCAUAGGUUCUCUAGAU,0.2140193885160328,0.35555393
UGAUGGCUAAUAAUGCUGU,GCCUUCGUGGAGUAUAAGGACAGCAUUAUUAGCCAUCAUUGGGUUUAUGCCAACAAA,0.4079045488441462,0.60262483
UGGCUAAUAAUGCUGUCCU,GCAGCCUUCGUGGAGUAUAAGGACAGCAUUAUUAGCCAUCAUUGGGUUUAUGCCAAC,0.55779269202088,0.65479386
UAAUGCUGUCCUUAUACUC,AAACUUGGCAGCCUUCGUGGAGUAUAAGGACAGCAUUAUUAGCCAUCAUUGGGUUUA,0.6815809097688292,0.78247875
AGGAUGAUGGCCUGAGAUG,GCAAGAAAAUCUGUUUGAGCAUCUCAGGCCAUCAUCCUGAAACUUGGCAGCCUUCGU,0.482475764354959,0.5365031
AUGAUGGCCUGAGAUGCUC,UGGGCAAGAAAAUCUGUUUGAGCAUCUCAGGCCAUCAUCCUGAAACUUGGCAGCCUU,0.4780014914243102,0.60150814
UGGCCUGAGAUGCUCAAAC,GAAGUGGGCAAGAAAAUCUGUUUGAGCAUCUCAGGCCAUCAUCCUGAAACUUGGCAG,0.5413870246085011,0.6217865
CCUGAGAUGCUCAAACAGA,UUUGAAGUGGGCAAGAAAAUCUGUUUGAGCAUCUCAGGCCAUCAUCCUGAAACUUGG,0.4175988068605519,0.4562657
CCCACUUCAAAUCGACCAU,AUUAUUCUCCUAACGGCUAAUGGUCGAUUUGAAGUGGGCAAGAAAAUCUGUUUGAGC,0.4198359433258761,0.4716295
CACUUCAAAUCGACCAUUA,GCAUUAUUCUCCUAACGGCUAAUGGUCGAUUUGAAGUGGGCAAGAAAAUCUGUUUGA,0.3452647278150634,0.45911795
AAUCGACCAUUAGCCGUUA,CCACCAAGCAUUAUUCUCCUAACGGCUAAUGGUCGAUUUGAAGUGGGCAAGAAAAUC,0.6263982102908278,0.56101215
UAAUGCUUGGUGGUUUCAU,ACUGCCACCAGAGUAUCCCAUGAAACCACCAAGCAUUAUUCUCCUAACGGCUAAUGG,0.5078299776286354,0.61729574
CAUGGGAUACUCUGGUGGC,AUCACGGGCGGAUAGUACUGCCACCAGAGUAUCCCAUGAAACCACCAAGCAUUAUUC,0.3997017151379567,0.5329367
ACUAUCCGCCCGUGAUAAA,UCCGAUUUUGAUGGAGGAGUUUAUCACGGGCGGAUAGUACUGCCACCAGAGUAUCCC,0.3862788963460105,0.5337308
ACUCCUCCAUCAAAAUCGG,GUUAGAGGGCCCCCAGACUCCGAUUUUGAUGGAGGAGUUUAUCACGGGCGGAUAGUA,0.3579418344519015,0.65340835
GGCUGCGCAUGGUAAUGAU,GAAUUGAAAGAUCCAACAGAUCAUUACCAUGCGCAGCCUUUAGAGGAUAACCUUUUU,0.4116331096196868,0.36343965
GAGCUGUCUGUUUGAACAU,GUACAAACAAAAUCCCGAAAUGUUCAAACAGACAGCUCGACXXXXXXXXXXXXXXXX,0.4817300521998509,0.57313704
CUGUCUGUUUGAACAUUUC,UCAGUACAAACAAAAUCCCGAAAUGUUCAAACAGACAGCUCGACXXXXXXXXXXXXX,0.5712155108128263,0.6586649
UCUGUUUGAACAUUUCGGG,AAAUCAGUACAAACAAAAUCCCGAAAUGUUCAAACAGACAGCUCGACXXXXXXXXXX,0.6912751677852349,0.7373585
UUUGAACAUUUCGGGAUUU,UAGCAAAUCAGUACAAACAAAAUCCCGAAAUGUUCAAACAGACAGCUCGACXXXXXX,0.5503355704697986,0.66145307
UUUCGGGAUUUUGUUUGUA,UGCUGUAGUAGCAAAUCAGUACAAACAAAAUCCCGAAAUGUUCAAACAGACAGCUCG,0.4929157345264728,0.6509166
UUCGGGAUUUUGUUUGUAC,AUGCUGUAGUAGCAAAUCAGUACAAACAAAAUCCCGAAAUGUUCAAACAGACAGCUC,0.5510812826249067,0.7335272
CGGGAUUUUGUUUGUACUG,GGAUGCUGUAGUAGCAAAUCAGUACAAACAAAAUCCCGAAAUGUUCAAACAGACAGC,0.5227442207307978,0.47457865
UUGUUUGUACUGAUUUGCU,AUCCACAGGAUGCUGUAGUAGCAAAUCAGUACAAACAAAAUCCCGAAAUGUUCAAAC,0.5801640566741239,0.72256285
UUGUACUGAUUUGCUACUA,GAUGAUCCACAGGAUGCUGUAGUAGCAAAUCAGUACAAACAAAAUCCCGAAAUGUUC,0.6554809843400448,0.67650604
UGUACUGAUUUGCUACUAC,AGAUGAUCCACAGGAUGCUGUAGUAGCAAAUCAGUACAAACAAAAUCCCGAAAUGUU,0.6868008948545862,0.68600845
ACUGAUUUGCUACUACAGC,GCCAGAUGAUCCACAGGAUGCUGUAGUAGCAAAUCAGUACAAACAAAAUCCCGAAAU,0.6517524235645041,0.70168185
GAUUUGCUACUACAGCAUC,AGAGCCAGAUGAUCCACAGGAUGCUGUAGUAGCAAAUCAGUACAAACAAAAUCCCGA,0.48844146159582397,0.612401
UUUGCUACUACAGCAUCCU,GCAGAGCCAGAUGAUCCACAGGAUGCUGUAGUAGCAAAUCAGUACAAACAAAAUCCC,0.6868008948545862,0.7876537
UUGCUACUACAGCAUCCUG,UGCAGAGCCAGAUGAUCCACAGGAUGCUGUAGUAGCAAAUCAGUACAAACAAAAUCC,0.6935123042505593,0.6806108
UGCUACUACAGCAUCCUGU,CUGCAGAGCCAGAUGAUCCACAGGAUGCUGUAGUAGCAAAUCAGUACAAACAAAAUC,0.6703952274422074,0.69252026
CUACAGCAUCCUGUGGAUC,GGCAGCUGCAGAGCCAGAUGAUCCACAGGAUGCUGUAGUAGCAAAUCAGUACAAACA,0.5041014168530947,0.6080514
AGCAUCCUGUGGAUCAUCU,UAUUGGCAGCUGCAGAGCCAGAUGAUCCACAGGAUGCUGUAGUAGCAAAUCAGUACA,0.5070842654735273,0.5974548
CAUCCUGUGGAUCAUCUGG,ACUAUUGGCAGCUGCAGAGCCAGAUGAUCCACAGGAUGCUGUAGUAGCAAAUCAGUA,0.4973900074571216,0.60751355
AUCCUGUGGAUCAUCUGGC,CACUAUUGGCAGCUGCAGAGCCAGAUGAUCCACAGGAUGCUGUAGUAGCAAAUCAGU,0.5585384041759881,0.5988361
UGUGGAUCAUCUGGCUCUG,CAAGCACUAUUGGCAGCUGCAGAGCCAGAUGAUCCACAGGAUGCUGUAGUAGCAAAU,0.6152125279642058,0.67946166
AUCUGGCUCUGCAGCUGCC,UGUCAUUGCAAGCACUAUUGGCAGCUGCAGAGCCAGAUGAUCCACAGGAUGCUGUAG,0.6099925428784488,0.4944944
UGGCUCUGCAGCUGCCAAU,UAUUGUCAUUGCAAGCACUAUUGGCAGCUGCAGAGCCAGAUGAUCCACAGGAUGCUG,0.6338553318419089,0.58160615
CUCUGCAGCUGCCAAUAGU,UAUUAUUGUCAUUGCAAGCACUAUUGGCAGCUGCAGAGCCAGAUGAUCCACAGGAUG,0.4623415361670395,0.60838985
UAGUGCUUGCAAUGACAAU,UGACUCUCCGCACGGUAUUAUUGUCAUUGCAAGCACUAUUGGCAGCUGCAGAGCCAG,0.6368381804623415,0.62593865
AGUGCUUGCAAUGACAAUA,AUGACUCUCCGCACGGUAUUAUUGUCAUUGCAAGCACUAUUGGCAGCUGCAGAGCCA,0.6651752423564504,0.5852174
UGACAAUAAUACCGUGCGG,GGGCAGCUGCAAUGACUCUCCGCACGGUAUUAUUGUCAUUGCAAGCACUAUUGGCAG,0.4720357941834452,0.6537665
AUACCGUGCGGAGAGUCAU,AGAUCAAUGGGCAGCUGCAAUGACUCUCCGCACGGUAUUAUUGUCAUUGCAAGCACU,0.639075316927666,0.60608387
UGCGGAGAGUCAUUGCAGC,CCUGAAAGAUCAAUGGGCAGCUGCAAUGACUCUCCGCACGGUAUUAUUGUCAUUGCA,0.6495152870991797,0.5790663
GGAGAGUCAUUGCAGCUGC,UAUCCUGAAAGAUCAAUGGGCAGCUGCAAUGACUCUCCGCACGGUAUUAUUGUCAUU,0.3534675615212528,0.5606083
GAGAGUCAUUGCAGCUGCC,AUAUCCUGAAAGAUCAAUGGGCAGCUGCAAUGACUCUCCGCACGGUAUUAUUGUCAU,0.4295302013422818,0.51299447
GAGUCAUUGCAGCUGCCCA,GGAUAUCCUGAAAGAUCAAUGGGCAGCUGCAAUGACUCUCCGCACGGUAUUAUUGUC,0.3296047725577927,0.48458168
AUUGCAGCUGCCCAUUGAU,UGUUUGGAUAUCCUGAAAGAUCAAUGGGCAGCUGCAAUGACUCUCCGCACGGUAUUA,0.360924683072334,0.6076326
GCUGCCCAUUGAUCUUUCA,GCUAUUUGUUUGGAUAUCCUGAAAGAUCAAUGGGCAGCUGCAAUGACUCUCCGCACG,0.4272930648769574,0.35287723
CUGCCCAUUGAUCUUUCAG,GGCUAUUUGUUUGGAUAUCCUGAAAGAUCAAUGGGCAGCUGCAAUGACUCUCCGCAC,0.5906040268456376,0.58701485
UCUUUCAGGAUAUCCAAAC,UCCGUCACAGGGGCUAUUUGUUUGGAUAUCCUGAAAGAUCAAUGGGCAGCUGCAAUG,0.6495152870991797,0.718708
CUUUCAGGAUAUCCAAACA,UUCCGUCACAGGGGCUAUUUGUUUGGAUAUCCUGAAAGAUCAAUGGGCAGCUGCAAU,0.4377330350484713,0.48087016
UUCAGGAUAUCCAAACAAA,AGUUCCGUCACAGGGGCUAUUUGUUUGGAUAUCCUGAAAGAUCAAUGGGCAGCUGCA,0.5883668903803132,0.63683033
UAUCCAAACAAAUAGCCCC,UAAUAUUAGUUCCGUCACAGGGGCUAUUUGUUUGGAUAUCCUGAAAGAUCAAUGGGC,0.6055182699478002,0.754514
AUCCAAACAAAUAGCCCCU,CUAAUAUUAGUUCCGUCACAGGGGCUAUUUGUUUGGAUAUCCUGAAAGAUCAAUGGG,0.529455630126771,0.6899531
AAUAGCCCCUGUGACGGAA,UAUGGCAUCCUAAUAUUAGUUCCGUCACAGGGGCUAUUUGUUUGGAUAUCCUGAAAG,0.4138702460850112,0.48810774
UGACGGAACUAAUAUUAGG,UAUCACUAAAAUAUGGCAUCCUAAUAUUAGUUCCGUCACAGGGGCUAUUUGUUUGGA,0.5585384041759881,0.6900271
ACGGAACUAAUAUUAGGAU,UUUAUCACUAAAAUAUGGCAUCCUAAUAUUAGUUCCGUCACAGGGGCUAUUUGUUUG,0.3967188665175242,0.4395438
AACUAAUAUUAGGAUGCCA,CCGGUUUAUCACUAAAAUAUGGCAUCCUAAUAUUAGUUCCGUCACAGGGGCUAUUUG,0.459358687546607,0.6124774
UAUUAGGAUGCCAUAUUUU,UAAGGUCCGGUUUAUCACUAAAAUAUGGCAUCCUAAUAUUAGUUCCGUCACAGGGGC,0.5018642803877703,0.6385813
UAGGAUGCCAUAUUUUAGU,CCCUAAGGUCCGGUUUAUCACUAAAAUAUGGCAUCCUAAUAUUAGUUCCGUCACAGG,0.5667412378821775,0.70072746
CAUAUUUUAGUGAUAAACC,UUUAAUCCCCCUAAGGUCCGGUUUAUCACUAAAAUAUGGCAUCCUAAUAUUAGUUCC,0.6055182699478002,0.62809056
UAUUUUAGUGAUAAACCGG,CAUUUAAUCCCCCUAAGGUCCGGUUUAUCACUAAAAUAUGGCAUCCUAAUAUUAGUU,0.6689038031319909,0.7162083
AUUUUAGUGAUAAACCGGA,CCAUUUAAUCCCCCUAAGGUCCGGUUUAUCACUAAAAUAUGGCAUCCUAAUAUUAGU,0.5443698732289336,0.608912
AUUAAAUGGGUAUGUUUCU,AACUAGAGAUAAAAAUACCAGAAACAUACCCAUUUAAUCCCCCUAAGGUCCGGUUUA,0.5391498881431768,0.6186179
UAAAUGGGUAUGUUUCUGG,CCAACUAGAGAUAAAAAUACCAGAAACAUACCCAUUUAAUCCCCCUAAGGUCCGGUU,0.5398956002982849,0.6981509
AUGGGUAUGUUUCUGGUAU,AUACCAACUAGAGAUAAAAAUACCAGAAACAUACCCAUUUAAUCCCCCUAAGGUCCG,0.5689783743475019,0.5684158
UUUUAUCUCUAGUUGGUAU,CACCAUAUGAAGGAGGAAGAUACCAACUAGAGAUAAAAAUACCAGAAACAUACCCAU,0.5853840417598807,0.6854435
UCUAGUUGGUAUCUUCCUC,CCAGACACACCAUAUGAAGGAGGAAGAUACCAACUAGAGAUAAAAAUACCAGAAACA,0.5913497390007457,0.76295567
UAGUUGGUAUCUUCCUCCU,CUCCAGACACACCAUAUGAAGGAGGAAGAUACCAACUAGAGAUAAAAAUACCAGAAA,0.5622669649515287,0.7275735
AGUUGGUAUCUUCCUCCUU,CCUCCAGACACACCAUAUGAAGGAGGAAGAUACCAACUAGAGAUAAAAAUACCAGAA,0.5078299776286354,0.5055543
UUGGUAUCUUCCUCCUUCA,GACCUCCAGACACACCAUAUGAAGGAGGAAGAUACCAACUAGAGAUAAAAAUACCAG,0.6167039522744221,0.7832948
CUUCCUCCUUCAUAUGGUG,AUAGCAGGACCUCCAGACACACCAUAUGAAGGAGGAAGAUACCAACUAGAGAUAAAA,0.5182699478001491,0.5361242
CUCCUUCAUAUGGUGUGUC,AGAAAUAGCAGGACCUCCAGACACACCAUAUGAAGGAGGAAGAUACCAACUAGAGAU,0.4787472035794183,0.5766771
UCCUUCAUAUGGUGUGUCU,GAGAAAUAGCAGGACCUCCAGACACACCAUAUGAAGGAGGAAGAUACCAACUAGAGA,0.6040268456375839,0.6286281
CCUUCAUAUGGUGUGUCUG,GGAGAAAUAGCAGGACCUCCAGACACACCAUAUGAAGGAGGAAGAUACCAACUAGAG,0.5428784489187174,0.5057722
UUCAUAUGGUGUGUCUGGA,GAGGAGAAAUAGCAGGACCUCCAGACACACCAUAUGAAGGAGGAAGAUACCAACUAG,0.5510812826249067,0.68937194
CAUAUGGUGUGUCUGGAGG,AAGAGGAGAAAUAGCAGGACCUCCAGACACACCAUAUGAAGGAGGAAGAUACCAACU,0.4988814317673378,0.5708187
UGGUGUGUCUGGAGGUCCU,AAUUAAGAGGAGAAAUAGCAGGACCUCCAGACACACCAUAUGAAGGAGGAAGAUACC,0.5563012677106637,0.59364915
UGUCUGGAGGUCCUGCUAU,UACAGAAUUAAGAGGAGAAAUAGCAGGACCUCCAGACACACCAUAUGAAGGAGGAAG,0.5205070842654735,0.58278584
GUCUGGAGGUCCUGCUAUU,UUACAGAAUUAAGAGGAGAAAUAGCAGGACCUCCAGACACACCAUAUGAAGGAGGAA,0.41834451901566,0.4312883
UCUGGAGGUCCUGCUAUUU,UUUACAGAAUUAAGAGGAGAAAUAGCAGGACCUCCAGACACACCAUAUGAAGGAGGA,0.4876957494407159,0.50975436
AGGUCCUGCUAUUUCUCCU,AGAAUUUUACAGAAUUAAGAGGAGAAAUAGCAGGACCUCCAGACACACCAUAUGAAG,0.517524235645041,0.6568597
GGUCCUGCUAUUUCUCCUC,GAGAAUUUUACAGAAUUAAGAGGAGAAAUAGCAGGACCUCCAGACACACCAUAUGAA,0.4086502609992543,0.47821656
CUAUUUCUCCUCUUAAUUC,UGUAGAUGAGAAUUUUACAGAAUUAAGAGGAGAAAUAGCAGGACCUCCAGACACACC,0.5533184190902312,0.6611172
UCCUCUUAAUUCUGUAAAA,UAGAUCUUGUAGAUGAGAAUUUUACAGAAUUAAGAGGAGAAAUAGCAGGACCUCCAG,0.354958985831469,0.4061749
UGUAAAAUUCUCAUCUACA,AUCAAAUUAAAGUAGAUCUUGUAGAUGAGAAUUUUACAGAAUUAAGAGGAGAAAUAG,0.6674123788217748,0.6982138
GUAAAAUUCUCAUCUACAA,AAUCAAAUUAAAGUAGAUCUUGUAGAUGAGAAUUUUACAGAAUUAAGAGGAGAAAUA,0.4108873974645787,0.46792585
UAAAAUUCUCAUCUACAAG,AAAUCAAAUUAAAGUAGAUCUUGUAGAUGAGAAUUUUACAGAAUUAAGAGGAGAAAU,0.6808351976137211,0.7461138
AAAAUUCUCAUCUACAAGA,AAAAUCAAAUUAAAGUAGAUCUUGUAGAUGAGAAUUUUACAGAAUUAAGAGGAGAAA,0.6293810589112603,0.67128456
AAAUUCUCAUCUACAAGAU,AAAAAUCAAAUUAAAGUAGAUCUUGUAGAUGAGAAUUUUACAGAAUUAAGAGGAGAA,0.6062639821029082,0.7119617
UUCUCAUCUACAAGAUCUA,AGCAAAAAUCAAAUUAAAGUAGAUCUUGUAGAUGAGAAUUUUACAGAAUUAAGAGGA,0.639075316927666,0.7435951
CUCAUCUACAAGAUCUACU,CGAGCAAAAAUCAAAUUAAAGUAGAUCUUGUAGAUGAGAAUUUUACAGAAUUAAGAG,0.6577181208053692,0.6566016
UCAUCUACAAGAUCUACUU,ACGAGCAAAAAUCAAAUUAAAGUAGAUCUUGUAGAUGAGAAUUUUACAGAAUUAAGA,0.6629381058911259,0.71543944
CUACAAGAUCUACUUUAAU,GGAGACGAGCAAAAAUCAAAUUAAAGUAGAUCUUGUAGAUGAGAAUUUUACAGAAUU,0.3415361670395228,0.48254132
GGUCUUUGUCCCAUAUGCU,GUGGUGGACACACUUGGCCAGCAUAUGGGACAAAGACCUCCUGUCCCUGAGCCUUXX,0.3959731543624161,0.40677798
GUCUUUGUCCCAUAUGCUG,GGUGGUGGACACACUUGGCCAGCAUAUGGGACAAAGACCUCCUGUCCCUGAGCCUUX,0.3855331841909023,0.5540401
GUCCCAUAUGCUGGCCAAG,UGAGCAGGUGGUGGACACACUUGGCCAGCAUAUGGGACAAAGACCUCCUGUCCCUGA,0.3877703206562267,0.44955507
GCCAAGUGUGUCCACCACC,UCUCUGCUCUGACUGAGCAGGUGGUGGACACACUUGGCCAGCAUAUGGGACAAAGAC,0.3892617449664429,0.47853622
ACCACCUGCUCAGUCAGAG,CGGCCUUGCUCCAUCUCUGCUCUGACUGAGCAGGUGGUGGACACACUUGGCCAGCAU,0.3489932885906041,0.55768067
CUCAGUCAGAGCAGAGAUG,AGUCUCCUCGGCCUUGCUCCAUCUCUGCUCUGACUGAGCAGGUGGUGGACACACUUG,0.3184190902311707,0.48040745
CGAGGAGACUGGACAGCCA,GAAGGGGCAGAGCUACCACUGGCUGUCCAGUCUCCUCGGCCUUGCUCCAUCUCUGCU,0.5026099925428785,0.3898556
UGAUGGAGGGCUGGGUGGC,GUCACUACUCCCAGGAUCAGCCACCCAGCCCUCCAUCAGGUGAAGGACCAACUUUGG,0.45339299030574204,0.45991558
UGGAGGGCUGGGUGGCUGA,CUAGUCACUACUCCCAGGAUCAGCCACCCAGCCCUCCAUCAGGUGAAGGACCAACUU,0.3818046234153617,0.45798466
GGUGGCUGAUCCUGGGAGU,CCUCCCCCACCUAGUCACUACUCCCAGGAUCAGCCACCCAGCCCUCCAUCAGGUGAA,0.3333333333333333,0.4123033
GCUGAUCCUGGGAGUAGUG,GAUCCCUCCCCCACCUAGUCACUACUCCCAGGAUCAGCCACCCAGCCCUCCAUCAGG,0.3460104399701715,0.4038075
GAUCCUGGGAGUAGUGACU,CCAGAUCCCUCCCCCACCUAGUCACUACUCCCAGGAUCAGCCACCCAGCCCUCCAUC,0.4817300521998509,0.42897457
CUGGCCCAAGACAAGGGCA,GUAGAUGGCCUGUGACCCUUGCCCUUGUCUUGGGCCAGAUCCCUCCCCCACCUAGUC,0.2759134973900075,0.4250699
AAGACAAGGGCAAGGGUCA,CCCUCAAGUAGAUGGCCUGUGACCCUUGCCCUUGUCUUGGGCCAGAUCCCUCCCCCA,0.4019388516032812,0.54435277
UCACAGGCCAUCUACUUGA,GCGUACUCCAAAGCAUCCCUCAAGUAGAUGGCCUGUGACCCUUGCCCUUGUCUUGGG,0.5003728560775541,0.69244915
UUGUCGAACUUCUUAUGGC,AACAAAAACAAGCUCUACAGCCAUAAGAAGUUCGACAAGGUGCGUACUCCAAAGCAU,0.6607009694258017,0.7757845
UAUGGCUGUAGAGCUUGUU,GUUAACGUUCAUGAACAAAAACAAGCUCUACAGCCAUAAGAAGUUCGACAAGGUGCG,0.5712155108128263,0.715305
CCAGUCACACAGGAAGGAG,UGACCUCCAUCGGGGUGGGCUCCUUCCUGUGUGACUGGAUUUUGUUAACGUUCAUGA,0.3542132736763609,0.47009453
GGAGCCCACCCCGAUGGAG,AUCUGGCCACUGCUCUGACCUCCAUCGGGGUGGGCUCCUUCCUGUGUGACUGGAUUU,0.2870991797166294,0.38041604
GAGGUCAGAGCAGUGGCCA,AUUCCCACCAUCAUCAAUCUGGCCACUGCUCUGACCUCCAUCGGGGUGGGCUCCUUC,0.4250559284116331,0.40542617
GCAGUGGCCAGAUUGAUGA,UUCAGUCUCAUUCCCACCAUCAUCAAUCUGGCCACUGCUCUGACCUCCAUCGGGGUG,0.3214019388516033,0.53437084
GGGAAUGAGACUGAAUUUC,UCGUGCAUGGACAGGCAGGGAAAUUCAGUCUCAUUCCCACCAUCAUCAAUCUGGCCA,0.2960477255779269,0.48442733
GAAUGAGACUGAAUUUCCC,UAUCGUGCAUGGACAGGCAGGGAAAUUCAGUCUCAUUCCCACCAUCAUCAAUCUGGC,0.5413870246085011,0.69146067
GAGACUGAAUUUCCCUGCC,AUGUUAUCGUGCAUGGACAGGCAGGGAAAUUCAGUCUCAUUCCCACCAUCAUCAAUC,0.384041759880686,0.5688418
CCAUGCACGAUAACAUCGA,AAAGCCUAUGGGAUUCGAAUCGAUGUUAUCGUGCAUGGACAGGCAGGGAAAUUCAGU,0.4280387770320656,0.5628553
AUUCGAAUCCCAUAGGCUU,ACCACUCGAACUCUCAUCAAAGCCUAUGGGAUUCGAAUCGAUGUUAUCGUGCAUGGA,0.5667412378821775,0.6912338
GAUGAGAGUUCGAGUGGUG,ACAAGAUAAACGGCACUACCACCACUCGAACUCUCAUCAAAGCCUAUGGGAUUCGAA,0.482475764354959,0.6036829
GAGUUCGAGUGGUGGUAGU,GUAUUACAAGAUAAACGGCACUACCACCACUCGAACUCUCAUCAAAGCCUAUGGGAU,0.3251304996271439,0.4555933
GUAGUGCCGUUUAUCUUGU,UUCAGGUUUGCCAAGUAUUACAAGAUAAACGGCACUACCACCACUCGAACUCUCAUC,0.3773303504847129,0.5446998
UAUCUUGUAAUACUUGGCA,CAGGCUACAACUUCAGGUUUGCCAAGUAUUACAAGAUAAACGGCACUACCACCACUC,0.5727069351230425,0.65119165
AUCUUGUAAUACUUGGCAA,UCAGGCUACAACUUCAGGUUUGCCAAGUAUUACAAGAUAAACGGCACUACCACCACU,0.4228187919463086,0.51677006
GGCAAACCUGAAGUUGUAG,AAAGCAGCGUGUCCCCAGGCUACAACUUCAGGUUUGCCAAGUACUACAAAAUGGAAA,0.4250559284116331,0.5097968
AGCCUGAGGAGGCAGGGUC,GAGGCUCGACCCCAAGUAUGACCCUGCCUCCUCAGGCUACAACUUCAGGUUUGCCAA,0.4615958240119314,0.46252182
UUGCACUCUGAUUCAGACA,UGGAACUGUGACCUGGACUUGUCUGAAUCAGAGUGCAACCCCAAAUAUUCUUUCCGG,0.6032811334824758,0.7067983
ACAAGUCCAGGUCACAGUU,UGGAGUCAUCAUCAACUGGAACUGUGACCUGGACUUGUCUGAAUCAGAGUGCAACCC,0.2878448918717375,0.46387425
GUCCAGGUCACAGUUCCAG,UCAUUGGAGUCAUCAUCAACUGGAACUGUGACCUGGACUUGUCUGAAUCAGAGUGCA,0.5242356450410142,0.5228112
GUUCCAGUUGAUGAUGACU,ACAAGGGCGGUGUCAUUGGAGUCAUCAUCAACUGGAACUGUGACCUGGACUUGUCUG,0.2513049962714392,0.54691756
AUGAUGACUCCAAUGACAC,GAACUGGCACACAAGGGCGGUGUCAUUGGAGUCAUCAUCAACUGGAACUGUGACCUG,0.4399701715137956,0.70220774
GUUCUGUGAAGUUCUCUCC,UUUCAUUGUUGAGAAGGCAGGAGAGAACUUCACAGAACUGGCACACAAGGGCGGUGU,0.4601043997017151,0.6869468
GUUCUCUCCUGCCUUCUCA,UCAGGCUGGGUUUCAUUGUUGAGAAGGCAGGAGAGAACUUCACAGAACUGGCACACA,0.2408650260999254,0.5270356
UCCUGCCUUCUCAACAAUG,CCAUCUUCAGGCUGGGUUUCAUUGUUGAGAAGGCAGGAGAGAACUUCACAGAACUGG,0.4578672632363907,0.5848378
CAACAAUGAAACCCAGCCU,CCCAUACUGUCCCAUCUUCAGGCUGGGUUUCAUUGUUGAGAAGGCAGGAGAGAACUU,0.4839671886651752,0.57059425
AUGGGUCAGAGUCCUGAUC,CCUCAAGCAUUGCACAUUUGAUCAGGACUCUGACCCAUACUGUCCCAUCUUCAGGCU,0.6062639821029082,0.5592867
AUGUGCAAUGCUUGAGGUA,UGCAAGCCAGAAGAGUGACUACCUCAAGCAUUGCACAUUUGAUCAGGACUCUGACCC,0.5391498881431768,0.5349443
UCACUCUUCUGGCUUGCAA,AAGUUCUCAAAGGGCAACAUUGCAAGCCAGAAGAGUGACUACCUCAAGCAUUGCACA,0.5428784489187174,0.5191291
GAACUUGAACUUGGGGUAG,UCAUCAAGAACAGCAUCCACUACCCCAAGUUCAAGUUCUCAAAGGGCAACAUUGCAA,0.4683072334079045,0.5669165
UGGAUGCUGUUCUUGAUGA,GCCCCAAAUUUCACCAUCCUCAUCAAGAACAGCAUCCACUACCCCAAGUUCAAGUUC,0.4004474272930649,0.72516906
GAUGAGGAUGGUGAAAUUU,UUCUGGGUAAAAUGGCCCCAAAUUUCACCAUCCUCAUCAAGAACAGCAUCCACUACC,0.1759880686055182,0.39557064
CCCAGAAAAUGGUUGUCAG,CCGGUGGAGGAUGGAACUUCUGACAACCAUUUUCUGGGUAAAAUGGCCCCAAAUUUC,0.3005219985085757,0.48807773
GAAAAUGGUUGUCAGAAGU,GUGCCCGGUGGAGGAUGGAACUUCUGACAACCAUUUUCUGGGUAAAAUGGCCCCAAA,0.2498135719612229,0.54522526
GUUCCAUCCUCCACCGGGC,UGCGAGGUGUCAGCCUGGUGCCCGGUGGAGGAUGGAACUUCUGACAACCAUUUUCUG,0.360924683072334,0.46064314
GACACCUCGCAGGUCUUGG,CCCUAUUACCAUGGGGACUCCAAGACCUGCGAGGUGUCAGCCUGGUGCCCGGUGGAG,0.5123042505592842,0.49154395
AUAGGGUACACAGUGCCCU,AAGGCAAUGGGAUUCGCACAGGGCACUGUGUACCCUAUUACCAUGGGGACUCCAAGA,0.4101416853094706,0.5783054
AGUGCCCUGUGCGAAUCCC,GCUGGACAUGCAAGGCAAUGGGAUUCGCACAGGGCACUGUGUACCCUAUUACCAUGG,0.4921700223713647,0.46311632
UGCGAAUCCCAUUGCCUUG,UGCCGGACAGCUGGACAUGCAAGGCAAUGGGAUUCGCACAGGGCACUGUGUACCCUA,0.4802386278896346,0.6375859
CAUUGCCUUGCAUGUCCAG,CGACUGUAUUGCCGGACAGCUGGACAUGCAAGGCAAUGGGAUUCGCACAGGGCACUG,0.4116331096196868,0.46048298
CCUUGCAUGUCCAGCUGUC,GACGACGACUGUAUUGCCGGACAGCUGGACAUGCAAGGCAAUGGGAUUCGCACAGGG,0.2632363907531693,0.5339469
UCUGAAUGGCAGGUAGAGC,GAGAGCAUGAGGGUUCACAGCUCUACCUGCCAUUCAGACGACGACUGUAUUGCCGGA,0.5920954511558538,0.62541556
GAAUGGCAGGUAGAGCUGU,CCAGAGAGCAUGAGGGUUCACAGCUCUACCUGCCAUUCAGACGACGACUGUAUUGCC,0.3154362416107382,0.47757295
UGGCAGGUAGAGCUGUGAA,UGCCCAGAGAGCAUGAGGGUUCACAGCUCUACCUGCCAUUCAGACGACGACUGUAUU,0.3855331841909023,0.50757265
AUGUUCCCAAGGUCUGGGA,CAGGAUCGAGGUUACCCCUUCCCAGACCUUGGGAACAUGCCCAGAGAGCAUGAGGGU,0.3758389261744966,0.48912665
AAGGGGUAACCUCGAUCCU,UGUAGUCAGCAUCAUCACCAGGAUCGAGGUUACCCCUUCCCAGACCUUGGGAACAUG,0.5727069351230425,0.5363352
UCGAUCCUGGUGAUGAUGC,GAGGGGGGCAGUGUAGUCAGCAUCAUCACCAGGAUCGAGGUUACCCCUUCCCAGACC,0.5853840417598807,0.543259
GAUGAUGCUGACUACACUG,UAAAGCCCCCGGAGGGGGGCAGUGUAGUCAGCAUCAUCACCAGGAUCGAGGUUACCC,0.5846383296047726,0.61579835
GGGGCUUUACGUAUUCCUC,AGACAAAGUGUGGGACGUGGAGGAAUACGUAAAGCCCCCGGAGGGGGGCAGUGUAGU,0.2602535421327367,0.5115947
GUCCCACACUUUGUCUUCC,UCAAGGGGAUCACCAUGUCGGAAGACAAAGUGUGGGACGUGGAGGAAUACGUAAAGC,0.5182699478001491,0.6207283
UCCCACACUUUGUCUUCCG,GUCAAGGGGAUCACCAUGUCGGAAGACAAAGUGUGGGACGUGGAGGAAUACGUAAAG,0.4817300521998509,0.69457805
UGGUGAUCCCCUUGACUUU,GGAGAGCUCCAUCAUCACCAAAGUCAAGGGGAUCACCAUGUCGGAAGACAAAGUGUG,0.4936614466815809,0.63728994
CUUGACUUUGGUGAUGAUG,AGACCGGACCGGAGAGCUCCAUCAUCACCAAAGUCAAGGGGAUCACCAUGUCGGAAG,0.5331841909023117,0.59759086
UGAUGAUGGAGCUCUCCGG,CCAGGACAGCGAGACCGGACCGGAGAGCUCCAUCAUCACCAAAGUCAAGGGGAUCAC,0.4041759880686055,0.5837938
CCGGUCUCGCUGUCCUGGU,UUCAUCGUGCAGAAAAGCUACCAGGACAGCGAGACCGGACCGGAGAGCUCCAUCAUC,0.3691275167785235,0.47824663
GUCUCGCUGUCCUGGUAGC,GUCUUCAUCGUGCAGAAAAGCUACCAGGACAGCGAGACCGGACCGGAGAGCUCCAUC,0.4511558538404175,0.50875455
CUGGUAGCUUUUCUGCACG,UCGUGUGGUACGUCUUCAUCGUGCAGAAAAGCUACCAGGACAGCGAGACCGGACCGG,0.6002982848620433,0.6793927
UGGUAGCUUUUCUGCACGA,UUCGUGUGGUACGUCUUCAUCGUGCAGAAAAGCUACCAGGACAGCGAGACCGGACCG,0.5533184190902312,0.6714316
UUCUGCACGAUGAAGACGU,CUGCUUUACUUCGUGUGGUACGUCUUCAUCGUGCAGAAAAGCUACCAGGACAGCGAG,0.6353467561521253,0.6864217
GAAGUAAAGCAGGAUGAGA,UGCACCGCAUGGUGCAGCUUCUCAUCCUGCUUUACUUCGUGUGGUACGUCUUCAUCG,0.4571215510812826,0.6163413
CAGGCGCCGAUUCCGCACC,XGACGCCUAAGGUGAUCGUGGUGCGGAAUCGGCGCCUGGGAUUCGUGCACCGCAUGG,0.5167785234899328,0.44951507
UAGCCUAGUCCAUGCUCUA,CCCAAGCCAUAGAAACAGCUAGAGCAUGGACUAGGCUAUAUGCCXXXXXXXXXXXXX,0.5503355704697986,0.6900249
UCCAUGCUCUAGCUGUUUC,CAACGAAGCCCAAGCCAUAGAAACAGCUAGAGCAUGGACUAGGCUAUAUGCCXXXXX,0.7479492915734526,0.6680823
AUGCUCUAGCUGUUUCUAU,GACCAACGAAGCCCAAGCCAUAGAAACAGCUAGAGCAUGGACUAGGCUAUAUGCCXX,0.6845637583892618,0.6676561
UGCUCUAGCUGUUUCUAUG,AGACCAACGAAGCCCAAGCCAUAGAAACAGCUAGAGCAUGGACUAGGCUAUAUGCCX,0.7106636838180462,0.7536876
CUAGCUGUUUCUAUGGCUU,UGGAAGACCAACGAAGCCCAAGCCAUAGAAACAGCUAGAGCAUGGACUAGGCUAUAU,0.674123788217748,0.44820324
GCUGUUUCUAUGGCUUGGG,CAGUGGAAGACCAACGAAGCCCAAGCCAUAGAAACAGCUAGAGCAUGGACUAGGCUA,0.4489187173750932,0.48442796
UGUUUCUAUGGCUUGGGCU,AGCAGUGGAAGACCAACGAAGCCCAAGCCAUAGAAACAGCUAGAGCAUGGACUAGGC,0.6838180462341537,0.65963507
GUUUCUAUGGCUUGGGCUU,GAGCAGUGGAAGACCAACGAAGCCCAAGCCAUAGAAACAGCUAGAGCAUGGACUAGG,0.4556301267710663,0.4804957
UUUCUAUGGCUUGGGCUUC,GGAGCAGUGGAAGACCAACGAAGCCCAAGCCAUAGAAACAGCUAGAGCAUGGACUAG,0.6733780760626399,0.70908874
UUCUAUGGCUUGGGCUUCG,CGGAGCAGUGGAAGACCAACGAAGCCCAAGCCAUAGAAACAGCUAGAGCAUGGACUA,0.6271439224459359,0.6450906
UCUAUGGCUUGGGCUUCGU,GCGGAGCAGUGGAAGACCAACGAAGCCCAAGCCAUAGAAACAGCUAGAGCAUGGACU,0.5779269202087994,0.6619792
UAUGGCUUGGGCUUCGUUG,UAGCGGAGCAGUGGAAGACCAACGAAGCCCAAGCCAUAGAAACAGCUAGAGCAUGGA,0.7009694258016406,0.65591437
UUGGGCUUCGUUGGUCUUC,AUGAUGUAGCGGAGCAGUGGAAGACCAACGAAGCCCAAGCCAUAGAAACAGCUAGAG,0.6368381804623415,0.62191147
CUUCGUUGGUCUUCCACUG,AGCAAAUGAUGUAGCGGAGCAGUGGAAGACCAACGAAGCCCAAGCCAUAGAAACAGC,0.5816554809843401,0.724457
GGUCUUCCACUGCUCCGCU,AUCCAUUAGCAAAUGAUGUAGCGGAGCAGUGGAAGACCAACGAAGCCCAAGCCAUAG,0.3273676360924683,0.38938954
GUCUUCCACUGCUCCGCUA,GAUCCAUUAGCAAAUGAUGUAGCGGAGCAGUGGAAGACCAACGAAGCCCAAGCCAUA,0.2997762863534676,0.4575268
CUGCUCCGCUACAUCAUUU,AUCCAGAUGAUCCAUUAGCAAAUGAUGUAGCGGAGCAGUGGAAGACCAACGAAGCCC,0.3221476510067114,0.52282494
UGCUCCGCUACAUCAUUUG,AAUCCAGAUGAUCCAUUAGCAAAUGAUGUAGCGGAGCAGUGGAAGACCAACGAAGCC,0.4787472035794183,0.7400235
GCUCCGCUACAUCAUUUGC,CAAUCCAGAUGAUCCAUUAGCAAAUGAUGUAGCGGAGCAGUGGAAGACCAACGAAGC,0.3713646532438479,0.58391464
CGCUACAUCAUUUGCUAAU,CUCCCAAUCCAGAUGAUCCAUUAGCAAAUGAUGUAGCGGAGCAGUGGAAGACCAACG,0.2550335570469799,0.43278491
GCUACAUCAUUUGCUAAUG,GCUCCCAAUCCAGAUGAUCCAUUAGCAAAUGAUGUAGCGGAGCAGUGGAAGACCAAC,0.2252050708426547,0.5253124
CUACAUCAUUUGCUAAUGG,UGCUCCCAAUCCAGAUGAUCCAUUAGCAAAUGAUGUAGCGGAGCAGUGGAAGACCAA,0.5809097688292321,0.6375366
CAUCAUUUGCUAAUGGAUC,AAGUGCUCCCAAUCCAGAUGAUCCAUUAGCAAAUGAUGUAGCGGAGCAGUGGAAGAC,0.4571215510812826,0.67470706
AUCAUUUGCUAAUGGAUCA,UAAGUGCUCCCAAUCCAGAUGAUCCAUUAGCAAAUGAUGUAGCGGAGCAGUGGAAGA,0.5234899328859061,0.68014455
UGCUAAUGGAUCAUCUGGA,CCUUGUUAAGUGCUCCCAAUCCAGAUGAUCCAUUAGCAAAUGAUGUAGCGGAGCAGU,0.6405667412378822,0.672644
UGGAUCAUCUGGAUUGGGA,UCCAGGCCUUGUUAAGUGCUCCCAAUCCAGAUGAUCCAUUAGCAAAUGAUGUAGCGG,0.5846383296047726,0.65077204
GGAUCAUCUGGAUUGGGAG,AUCCAGGCCUUGUUAAGUGCUCCCAAUCCAGAUGAUCCAUUAGCAAAUGAUGUAGCG,0.4377330350484713,0.46914184
GAUAGCAGAACUGUGCGGA,UGGUCCCCAGCACUGCAGAUCCGCACAGUUCUGCUAUCGAUCCAGGCCUUGUUAAGU,0.4735272184936615,0.5060016
AUAGCAGAACUGUGCGGAU,GUGGUCCCCAGCACUGCAGAUCCGCACAGUUCUGCUAUCGAUCCAGGCCUUGUUAAG,0.4041759880686055,0.5675347
CAGAACUGUGCGGAUCUGC,AUAAGUGGUCCCCAGCACUGCAGAUCCGCACAGUUCUGCUAUCGAUCCAGGCCUUGU,0.6435495898583147,0.5753773
AUCUGCAGUGCUGGGGACC,GAUAUUUUGAAAGAUAAGUGGUCCCCAGCACUGCAGAUCCGCACAGUUCUGCUAUCG,0.4638329604772558,0.4796468
CUGCAGUGCUGGGGACCAC,UAGAUAUUUUGAAAGAUAAGUGGUCCCCAGCACUGCAGAUCCGCACAGUUCUGCUAU,0.4429530201342281,0.4697857
GCAGUGCUGGGGACCACUU,UCUAGAUAUUUUGAAAGAUAAGUGGUCCCCAGCACUGCAGAUCCGCACAGUUCUGCU,0.3594332587621178,0.27739027
GGGGACCACUUAUCUUUCA,AGAAUAUGUCUAGAUAUUUUGAAAGAUAAGUGGUCCCCAGCACUGCAGAUCCGCACA,0.2572706935123042,0.37301174
GACCACUUAUCUUUCAAAA,GGAAGAAUAUGUCUAGAUAUUUUGAAAGAUAAGUGGUCCCCAGCACUGCAGAUCCGC,0.2647278150633855,0.33867416
CUUAUCUUUCAAAAUAUCU,AGUUGGGAAGAAUAUGUCUAGAUAUUUUGAAAGAUAAGUGGUCCCCAGCACUGCAGA,0.4258016405667412,0.5851226
UUAUCUUUCAAAAUAUCUA,AAGUUGGGAAGAAUAUGUCUAGAUAUUUUGAAAGAUAAGUGGUCCCCAGCACUGCAG,0.6010439970171514,0.63437665
UAUCUUUCAAAAUAUCUAG,CAAGUUGGGAAGAAUAUGUCUAGAUAUUUUGAAAGAUAAGUGGUCCCCAGCACUGCA,0.6383296047725577,0.67714185
UUUCAAAAUAUCUAGACAU,UAGACAAGUUGGGAAGAAUAUGUCUAGAUAUUUUGAAAGAUAAGUGGUCCCCAGCAC,0.5659955257270693,0.65093315
CUAGACAUAUUCUUCCCAA,UCAUCCUAAUGUAGACAAGUUGGGAAGAAUAUGUCUAGAUAUUUUGAAAGAUAAGUG,0.3937360178970917,0.46888348
UUCUUCCCAACUUGUCUAC,CAAAAUUUAUCAUCCUAAUGUAGACAAGUUGGGAAGAAUAUGUCUAGAUAUUUUGAA,0.7009694258016406,0.71134794
UUCCCAACUUGUCUACAUU,GACCAAAAUUUAUCAUCCUAAUGUAGACAAGUUGGGAAGAAUAUGUCUAGAUAUUUU,0.6994780014914243,0.6487504
CCAACUUGUCUACAUUAGG,CAUGACCAAAAUUUAUCAUCCUAAUGUAGACAAGUUGGGAAGAAUAUGUCUAGAUAU,0.517524235645041,0.5079242
UUGUCUACAUUAGGAUGAU,CGUUUCAUGACCAAAAUUUAUCAUCCUAAUGUAGACAAGUUGGGAAGAAUAUGUCUA,0.3460104399701715,0.6458132
CUACAUUAGGAUGAUAAAU,AGUACGUUUCAUGACCAAAAUUUAUCAUCCUAAUGUAGACAAGUUGGGAAGAAUAUG,0.3668903803131991,0.42105836
UAGGAUGAUAAAUUUUGGU,CCCUAAAGUACGUUUCAUGACCAAAAUUUAUCAUCCUAAUGUAGACAAGUUGGGAAG,0.6085011185682326,0.622281
AAAUUUUGGUCAUGAAACG,AAUGGCAGCCCCUAAAGUACGUUUCAUGACCAAAAUUUAUCAUCCUAAUGUAGACAA,0.7457121551081283,0.6958547
AAUUUUGGUCAUGAAACGU,CAAUGGCAGCCCCUAAAGUACGUUUCAUGACCAAAAUUUAUCAUCCUAAUGUAGACA,0.6868008948545862,0.6409107
GUCAUGAAACGUACUUUAG,GAAUACCCAAUGGCAGCCCCUAAAGUACGUUUCAUGACCAAAAUUUAUCAUCCUAAU,0.592841163310962,0.537851
UUAGGGGCUGCCAUUGGGU,CUAUUCCUUCCAGAAGAAUACCCAAUGGCAGCCCCUAAAGUACGUUUCAUGACCAAA,0.4772557792692021,0.60130477
GGCUGCCAUUGGGUAUUCU,UUGAACUAUUCCUUCCAGAAGAAUACCCAAUGGCAGCCCCUAAAGUACGUUUCAUGA,0.3333333333333333,0.38785076
GGGUAUUCUUCUGGAAGGA,ACUUUUAAACUUGAACUAUUCCUUCCAGAAGAAUACCCAAUGGCAGCCCCUAAAGUA,0.2751677852348993,0.37528095
UAUUCUUCUGGAAGGAAUA,GGGACUUUUAAACUUGAACUAUUCCUUCCAGAAGAAUACCCAAUGGCAGCCCCUAAA,0.6189410887397464,0.57240987
CUUCUGGAAGGAAUAGUUC,GGGAGGGACUUUUAAACUUGAACUAUUCCUUCCAGAAGAAUACCCAAUGGCAGCCCC,0.6524981357196122,0.5726028
CUGGAAGGAAUAGUUCAAG,UGAGGGAGGGACUUUUAAACUUGAACUAUUCCUUCCAGAAGAAUACCCAAUGGCAGC,0.6323639075316928,0.53098947
UGGAAGGAAUAGUUCAAGU,UUGAGGGAGGGACUUUUAAACUUGAACUAUUCCUUCCAGAAGAAUACCCAAUGGCAG,0.7166293810589113,0.6512709
GAAGGAAUAGUUCAAGUUU,CUUUGAGGGAGGGACUUUUAAACUUGAACUAUUCCUUCCAGAAGAAUACCCAAUGGC,0.3251304996271439,0.39618552
GGAAUAGUUCAAGUUUAAA,CCCCUUUGAGGGAGGGACUUUUAAACUUGAACUAUUCCUUCCAGAAGAAUACCCAAU,0.2229679343773303,0.34211907
AGUUCAAGUUUAAAAGUCC,GAUUCCCCCUUUGAGGGAGGGACUUUUAAACUUGAACUAUUCCUUCCAGAAGAAUAC,0.6502609992542878,0.70379835
AAAAGUCCCUCCCUCAAAG,CUGGCCCUCAGGAUUCCCCCUUUGAGGGAGGGACUUUUAAACUUGAACUAUUCCUUC,0.5264727815063386,0.64467955
GAAUCCUGAGGGCCAGCAA,CGUUAUUUUCAUGUGGUCAUUGCUGGCCCUCAGGAUUCCCCCUUUGAGGGAGGGACU,0.3743475018642804,0.34851834
GAGGGCCAGCAAUGACCAC,CAACGCCCGUUAUUUUCAUGUGGUCAUUGCUGGCCCUCAGGAUUCCCCCUUUGAGGG,0.4034302759134974,0.45700455
GGGCCAGCAAUGACCACAU,AGCAACGCCCGUUAUUUUCAUGUGGUCAUUGCUGGCCCUCAGGAUUCCCCCUUUGAG,0.3512304250559284,0.3312402
GCCAGCAAUGACCACAUGA,AGAGCAACGCCCGUUAUUUUCAUGUGGUCAUUGCUGGCCCUCAGGAUUCCCCCUUUG,0.3773303504847129,0.44729558
CCAGCAAUGACCACAUGAA,GAGAGCAACGCCCGUUAUUUUCAUGUGGUCAUUGCUGGCCCUCAGGAUUCCCCCUUU,0.2945563012677107,0.32687658
CAGCAAUGACCACAUGAAA,UGAGAGCAACGCCCGUUAUUUUCAUGUGGUCAUUGCUGGCCCUCAGGAUUCCCCCUU,0.29679343773303496,0.35158524
GCAAUGACCACAUGAAAAU,GAUGAGAGCAACGCCCGUUAUUUUCAUGUGGUCAUUGCUGGCCCUCAGGAUUCCCCC,0.3512304250559284,0.39619198
ACAUGAAAAUAACGGGCGU,GCCGAACCAGAUGAGAGCAACGCCCGUUAUUUUCAUGUGGUCAUUGCUGGCCCUCAG,0.465324384787472,0.5844759
AUGAAAAUAACGGGCGUUG,AAGCCGAACCAGAUGAGAGCAACGCCCGUUAUUUUCAUGUGGUCAUUGCUGGCCCUC,0.6495152870991797,0.62712365
GGGCGUUGCUCUCAUCUGG,UCCUGGCAUCAAAGCCGAACCAGAUGAGAGCAACGCCCGUUAUUUUCAUGUGGUCAU,0.4906785980611484,0.528102
UGCUCUCAUCUGGUUCGGC,ACCAGUUCCUGGCAUCAAAGCCGAACCAGAUGAGAGCAACGCCCGUUAUUUUCAUGU,0.6159582401193139,0.547453
CUCUCAUCUGGUUCGGCUU,GAACCAGUUCCUGGCAUCAAAGCCGAACCAGAUGAGAGCAACGCCCGUUAUUUUCAU,0.6584638329604773,0.5134893
AUCUGGUUCGGCUUUGAUG,UGGCAGAACCAGUUCCUGGCAUCAAAGCCGAACCAGAUGAGAGCAACGCCCGUUAUU,0.6316181953765846,0.64183563
UGGUUCGGCUUUGAUGCCA,XGCUGGCAGAACCAGUUCCUGGCAUCAAAGCCGAACCAGAUGAGAGCAACGCCCGUU,0.6085011185682326,0.5861449
CGGCUUUGAUGCCAGGAAC,XXXXXXGCUGGCAGAACCAGUUCCUGGCAUCAAAGCCGAACCAGAUGAGAGCAACGC,0.5831469052945564,0.47445098
GCUUUGAUGCCAGGAACUG,XXXXXXXXGCUGGCAGAACCAGUUCCUGGCAUCAAAGCCGAACCAGAUGAGAGCAAC,0.4578672632363907,0.47962132
UUUGAUGCCAGGAACUGGU,XXXXXXXXXXGCUGGCAGAACCAGUUCCUGGCAUCAAAGCCGAACCAGAUGAGAGCA,0.7263236390753169,0.71553445
UGAUGCCAGGAACUGGUUC,XXXXXXXXXXXXGCUGGCAGAACCAGUUCCUGGCAUCAAAGCCGAACCAGAUGAGAG,0.2684563758389262,0.5787461
GAUGCCAGGAACUGGUUCU,XXXXXXXXXXXXXGCUGGCAGAACCAGUUCCUGGCAUCAAAGCCGAACCAGAUGAGA,0.4526472781506338,0.5760005
UUUUCUUACACAGCGGGCA,GAGAAUUUAAAAGAAAAGUUGCCCGCUGUGUAAGAAAAAGCCAAGAGXXXXXXXXXX,0.7032065622669649,0.74172586
CUUACACAGCGGGCAACUU,AAUGGAGAAUUUAAAAGAAAAGUUGCCCGCUGUGUAAGAAAAAGCCAAGAGXXXXXX,0.5891126025354214,0.47246662
UUACACAGCGGGCAACUUU,AAAUGGAGAAUUUAAAAGAAAAGUUGCCCGCUGUGUAAGAAAAAGCCAAGAGXXXXX,0.7002237136465324,0.76027346
GGGCAACUUUUCUUUUAAA,GGAAGAUAGAAAUGGAGAAUUUAAAAGAAAAGUUGCCCGCUGUGUAAGAAAAAGCCA,0.3243847874720358,0.32396698
ACUUUUCUUUUAAAUUCUC,UGGAGGGAAGAUAGAAAUGGAGAAUUUAAAAGAAAAGUUGCCCGCUGUGUAAGAAAA,0.4205816554809843,0.6864805
UUUUCUUUUAAAUUCUCCA,AAUGGAGGGAAGAUAGAAAUGGAGAAUUUAAAAGAAAAGUUGCCCGCUGUGUAAGAA,0.5533184190902312,0.74888647
AAAUUCUCCAUUUCUAUCU,CUGCGAAAGAAUGGAGGGAAGAUAGAAAUGGAGAAUUUAAAAGAAAAGUUGCCCGCU,0.7606263982102909,0.7649667
UUUCUAUCUUCCCUCCAUU,AAUGUUGAUGCUGCGAAAGAAUGGAGGGAAGAUAGAAAUGGAGAAUUUAAAAGAAAA,0.6405667412378822,0.81371063
UUCCCUCCAUUCUUUCGCA,CACCUGCUAAUGUUGAUGCUGCGAAAGAAUGGAGGGAAGAUAGAAAUGGAGAAUUUA,0.5421327367636093,0.7081801
CCCUCCAUUCUUUCGCAGC,CUCACCUGCUAAUGUUGAUGCUGCGAAAGAAUGGAGGGAAGAUAGAAAUGGAGAAUU,0.4757643549589858,0.58346504
CCUCCAUUCUUUCGCAGCA,ACUCACCUGCUAAUGUUGAUGCUGCGAAAGAAUGGAGGGAAGAUAGAAAUGGAGAAU,0.2565249813571961,0.45559993
UCUUUCGCAGCAUCAACAU,AAUGGAGACUCACCUGCUAAUGUUGAUGCUGCGAAAGAAUGGAGGGAAGAUAGAAAU,0.7770320656226697,0.6888809
CUUUCGCAGCAUCAACAUU,UAAUGGAGACUCACCUGCUAAUGUUGAUGCUGCGAAAGAAUGGAGGGAAGAUAGAAA,0.6972408650260999,0.52058375
CAGCAUCAACAUUAGCAGG,AGACCCUAAUGGAGACUCACCUGCUAAUGUUGAUGCUGCGAAAGAAUGGAGGGAAGA,0.727069351230425,0.6125392
AGCAUCAACAUUAGCAGGU,CAGACCCUAAUGGAGACUCACCUGCUAAUGUUGAUGCUGCGAAAGAAUGGAGGGAAG,0.7002237136465324,0.6523795
AACAUUAGCAGGUGAGUCU,UGCUGGCAGACCCUAAUGGAGACUCACCUGCUAAUGUUGAUGCUGCGAAAGAAUGGA,0.6047725577926921,0.72347856
GCAGGUGAGUCUCCAUUAG,AUUUCUAUGCUGGCAGACCCUAAUGGAGACUCACCUGCUAAUGUUGAUGCUGCGAAA,0.5361670395227442,0.44639406
UGAGUCUCCAUUAGGGUCU,GUGUCAUUUCUAUGCUGGCAGACCCUAAUGGAGACUCACCUGCUAAUGUUGAUGCUG,0.6696495152870992,0.674219
AGGGUCUGCCAGCAUAGAA,CCAUCAUGAUUAGUGUCAUUUCUAUGCUGGCAGACCCUAAUGGAGACUCACCUGCUA,0.4548844146159582,0.45285794
CCAGCAUAGAAAUGACACU,UGUGGAAACCAUCAUGAUUAGUGUCAUUUCUAUGCUGGCAGACCCUAAUGGAGACUC,0.354958985831469,0.42230645
AGCAUAGAAAUGACACUAA,ACUGUGGAAACCAUCAUGAUUAGUGUCAUUUCUAUGCUGGCAGACCCUAAUGGAGAC,0.4026845637583893,0.42550215
AUAGAAAUGACACUAAUCA,CACACUGUGGAAACCAUCAUGAUUAGUGUCAUUUCUAUGCUGGCAGACCCUAAUGGA,0.5853840417598807,0.6331406
GACACUAAUCAUGAUGGUU,UCCCUAUCCACACUGUGGAAACCAUCAUGAUUAGUGUCAUUUCUAUGCUGGCAGACC,0.4876957494407159,0.37188926
ACACUAAUCAUGAUGGUUU,CUCCCUAUCCACACUGUGGAAACCAUCAUGAUUAGUGUCAUUUCUAUGCUGGCAGAC,0.4988814317673378,0.46270072
ACUAAUCAUGAUGGUUUCC,GGCUCCCUAUCCACACUGUGGAAACCAUCAUGAUUAGUGUCAUUUCUAUGCUGGCAG,0.4056674123788218,0.5479958
AUGAUGGUUUCCACAGUGU,GAACGCUGGCUCCCUAUCCACACUGUGGAAACCAUCAUGAUUAGUGUCAUUUCUAUG,0.6659209545115585,0.56316584
GAUGGUUUCCACAGUGUGG,AGGAACGCUGGCUCCCUAUCCACACUGUGGAAACCAUCAUGAUUAGUGUCAUUUCUA,0.6420581655480985,0.54722774
AUGGUUUCCACAGUGUGGA,GAGGAACGCUGGCUCCCUAUCCACACUGUGGAAACCAUCAUGAUUAGUGUCAUUUCU,0.6360924683072334,0.6217752
GGUUUCCACAGUGUGGAUA,CAGAGGAACGCUGGCUCCCUAUCCACACUGUGGAAACCAUCAUGAUUAGUGUCAUUU,0.3072334079045488,0.33835003
UCCACAGUGUGGAUAGGGA,AAGCCAGAGGAACGCUGGCUCCCUAUCCACACUGUGGAAACCAUCAUGAUUAGUGUC,0.4630872483221476,0.5173583
CCACAGUGUGGAUAGGGAG,AAAGCCAGAGGAACGCUGGCUCCCUAUCCACACUGUGGAAACCAUCAUGAUUAGUGU,0.4690529455630127,0.42316628
GUGUGGAUAGGGAGCCAGC,UAUGAAAAGCCAGAGGAACGCUGGCUCCCUAUCCACACUGUGGAAACCAUCAUGAUU,0.4772557792692021,0.5181213
GGGAGCCAGCGUUCCUCUG,AAGUAUGGUUAUGAAAAGCCAGAGGAACGCUGGCUCCCUAUCCACACUGUGGAAACC,0.3169276659209545,0.38688287
AGCCAGCGUUCCUCUGGCU,GAUAAGUAUGGUUAUGAAAAGCCAGAGGAACGCUGGCUCCCUAUCCACACUGUGGAA,0.2818791946308724,0.4246046
GCCAGCGUUCCUCUGGCUU,AGAUAAGUAUGGUUAUGAAAAGCCAGAGGAACGCUGGCUCCCUAUCCACACUGUGGA,0.26771066368381796,0.2708737
CAGCGUUCCUCUGGCUUUU,GAAGAUAAGUAUGGUUAUGAAAAGCCAGAGGAACGCUGGCUCCCUAUCCACACUGUG,0.2431021625652498,0.39129084
GCGUUCCUCUGGCUUUUCA,GGGAAGAUAAGUAUGGUUAUGAAAAGCCAGAGGAACGCUGGCUCCCUAUCCACACUG,0.26771066368381796,0.3547652
UCCUCUGGCUUUUCAUAAC,CCUGGGGAAGAUAAGUAUGGUUAUGAAAAGCCAGAGGAACGCUGGCUCCCUAUCCAC,0.3676360924683072,0.6864543
UCUGGCUUUUCAUAACCAU,GAGCCUGGGGAAGAUAAGUAUGGUUAUGAAAAGCCAGAGGAACGCUGGCUCCCUAUC,0.2923191648023863,0.55689996
CUGGCUUUUCAUAACCAUA,UGAGCCUGGGGAAGAUAAGUAUGGUUAUGAAAAGCCAGAGGAACGCUGGCUCCCUAU,0.2371364653243848,0.40598413
UUUUCAUAACCAUACUUAU,CUUCAUGAGCCUGGGGAAGAUAAGUAUGGUUAUGAAAAGCCAGAGGAACGCUGGCUC,0.5167785234899328,0.6955685
UUUCAUAACCAUACUUAUC,UCUUCAUGAGCCUGGGGAAGAUAAGUAUGGUUAUGAAAAGCCAGAGGAACGCUGGCU,0.6539895600298284,0.7757628
CCAUACUUAUCUUCCCCAG,AUUUCUAUUCUUCAUGAGCCUGGGGAAGAUAAGUAUGGUUAUGAAAAGCCAGAGGAA,0.4101416853094706,0.46898067
UACUUAUCUUCCCCAGGCU,UGCAUUUCUAUUCUUCAUGAGCCUGGGGAAGAUAAGUAUGGUUAUGAAAAGCCAGAG,0.5861297539149889,0.66915137
UAUCUUCCCCAGGCUCAUG,UGUGUGCAUUUCUAUUCUUCAUGAGCCUGGGGAAGAUAAGUAUGGUUAUGAAAAGCC,0.5667412378821775,0.5852223
AUCUUCCCCAGGCUCAUGA,AUGUGUGCAUUUCUAUUCUUCAUGAGCCUGGGGAAGAUAAGUAUGGUUAUGAAAAGC,0.56972408650261,0.56752706
GGCUCAUGAAGAAUAGAAA,AAAAAUGGUGAUGUGUGCAUUUCUAUUCUUCAUGAGCCUGGGGAAGAUAAGUAUGGU,0.2199850857568978,0.33989993
AAUAGAAAUGCACACAUCA,CAAAUGUUGAUAAAAAUGGUGAUGUGUGCAUUUCUAUUCUUCAUGAGCCUGGGGAAG,0.55779269202088,0.67322534
UAGAAAUGCACACAUCACC,CCCAAAUGUUGAUAAAAAUGGUGAUGUGUGCAUUUCUAUUCUUCAUGAGCCUGGGGA,0.7061894108873974,0.7481319
AGAAAUGCACACAUCACCA,ACCCAAAUGUUGAUAAAAAUGGUGAUGUGUGCAUUUCUAUUCUUCAUGAGCCUGGGG,0.6338553318419089,0.6450155
UUUUAUCAACAUUUGGGUG,AUUCAUUACAGAAAUCUGGCACCCAAAUGUUGAUAAAAAUGGUGAUGUGUGCAUUUC,0.5451155853840417,0.6955594
UCAACAUUUGGGUGCCAGA,AUGAAAUUCAUUACAGAAAUCUGGCACCCAAAUGUUGAUAAAAAUGGUGAUGUGUGC,0.5473527218493661,0.5908154
AACAUUUGGGUGCCAGAUU,AAAUGAAAUUCAUUACAGAAAUCUGGCACCCAAAUGUUGAUAAAAAUGGUGAUGUGU,0.5473527218493661,0.54207456
GUGCCAGAUUUCUGUAAUG,GACCUCCUAAAAUGAAAUUCAUUACAGAAAUCUGGCACCCAAAUGUUGAUAAAAAUG,0.3736017897091722,0.52488244
AUUUCUGUAAUGAAUUUCA,CCCCUCCGACCUCCUAAAAUGAAAUUCAUUACAGAAAUCUGGCACCCAAAUGUUGAU,0.459358687546607,0.60458374
UAAUGAAUUUCAUUUUAGG,AGAUUAUCCCCUCCGACCUCCUAAAAUGAAAUUCAUUACAGAAAUCUGGCACCCAAA,0.5190156599552572,0.71472925
AUGAAUUUCAUUUUAGGAG,AAAGAUUAUCCCCUCCGACCUCCUAAAAUGAAAUUCAUUACAGAAAUCUGGCACCCA,0.6554809843400448,0.6359279
GAAUUUCAUUUUAGGAGGU,CAAAAGAUUAUCCCCUCCGACCUCCUAAAAUGAAAUUCAUUACAGAAAUCUGGCACC,0.2945563012677107,0.43753514
AUUUUAGGAGGUCGGAGGG,ACUUUCCCAAAAGAUUAUCCCCUCCGACCUCCUAAAAUGAAAUUCAUUACAGAAAUC,0.465324384787472,0.6053027
GAGGUCGGAGGGGAUAAUC,UCAUCUUACUUUCCCAAAAGAUUAUCCCCUCCGACCUCCUAAAAUGAAAUUCAUUAC,0.6316181953765846,0.5436883
AGGUCGGAGGGGAUAAUCU,CUCAUCUUACUUUCCCAAAAGAUUAUCCCCUCCGACCUCCUAAAAUGAAAUUCAUUA,0.6278896346010439,0.57517993
CACCUUCAUAAAGUGUAUC,CCUUAUUAUUGGCCCUCCAGAUACACUUUAUGAAGGUGGUGUUUUUAAGGCUCAUCU,0.4921700223713647,0.5595661
ACCUUCAUAAAGUGUAUCU,UCCUUAUUAUUGGCCCUCCAGAUACACUUUAUGAAGGUGGUGUUUUUAAGGCUCAUC,0.586875466070097,0.6006552
UAAAGUGUAUCUGGAGGGC,UGGGAAGUCCUUAUUAUUGGCCCUCCAGAUACACUUUAUGAAGGUGGUGUUUUUAAG,0.5607755406413124,0.6101094
GUGUAUCUGGAGGGCCAAU,CCGAUGGGAAGUCCUUAUUAUUGGCCCUCCAGAUACACUUUAUGAAGGUGGUGUUUU,0.2692020879940343,0.3946198
GGAGGGCCAAUAAUAAGGA,GAUCUCUACCGAUGGGAAGUCCUUAUUAUUGGCCCUCCAGAUACACUUUAUGAAGGU,0.3333333333333333,0.397998
GGCCAAUAAUAAGGACUUC,CAAUGAUCUCUACCGAUGGGAAGUCCUUAUUAUUGGCCCUCCAGAUACACUUUAUGA,0.6532438478747203,0.47493193
GCCAAUAAUAAGGACUUCC,ACAAUGAUCUCUACCGAUGGGAAGUCCUUAUUAUUGGCCCUCCAGAUACACUUUAUG,0.529455630126771,0.5762334
UAAGGACUUCCCAUCGGUA,AAUAGAUGACAAUGAUCUCUACCGAUGGGAAGUCCUUAUUAUUGGCCCUCCAGAUAC,0.6942580164056674,0.67093396
GGACUUCCCAUCGGUAGAG,UUUAAUAGAUGACAAUGAUCUCUACCGAUGGGAAGUCCUUAUUAUUGGCCCUCCAGA,0.5093214019388517,0.50955135
ACUUCCCAUCGGUAGAGAU,GGUUUAAUAGAUGACAAUGAUCUCUACCGAUGGGAAGUCCUUAUUAUUGGCCCUCCA,0.5048471290082028,0.4663946
CCAUCGGUAGAGAUCAUUG,CUGCAGGUUUAAUAGAUGACAAUGAUCUCUACCGAUGGGAAGUCCUUAUUAUUGGCC,0.6465324384787472,0.5052957
AUCGGUAGAGAUCAUUGUC,UUCUGCAGGUUUAAUAGAUGACAAUGAUCUCUACCGAUGGGAAGUCCUUAUUAUUGG,0.7695749440715884,0.68979615
CGGUAGAGAUCAUUGUCAU,UUUUCUGCAGGUUUAAUAGAUGACAAUGAUCUCUACCGAUGGGAAGUCCUUAUUAUU,0.3020134228187919,0.39359903
UUGUCAUCUAUUAAACCUG,CCAGUGGAAGGCUUUUCUGCAGGUUUAAUAGAUGACAAUGAUCUCUACCGAUGGGAA,0.727069351230425,0.75115865
CAUCUAUUAAACCUGCAGA,AAAUCCAGUGGAAGGCUUUUCUGCAGGUUUAAUAGAUGACAAUGAUCUCUACCGAUG,0.4519015659955257,0.5200777
UCUAUUAAACCUGCAGAAA,AAAAAUCCAGUGGAAGGCUUUUCUGCAGGUUUAAUAGAUGACAAUGAUCUCUACCGA,0.3855331841909023,0.48614356
UUAAACCUGCAGAAAAGCC,CAACAAAAAUCCAGUGGAAGGCUUUUCUGCAGGUUUAAUAGAUGACAAUGAUCUCUA,0.6211782252050708,0.7152134
GAAAAGCCUUCCACUGGAU,XXXXXAGAACUCAACAAAAAUCCAGUGGAAGGCUUUUCUGCAGGUUUAAUAGAUGAC,0.4876957494407159,0.48141938
CACUGUCUGGCUAUCCUGU,ACCAACAGAGCAGAACACGACAGGAUAGCCAGACAGUGGACCAAXXXXXXXXXXXXX,0.4116331096196868,0.51595485
CUGUCUGGCUAUCCUGUCG,UGACCAACAGAGCAGAACACGACAGGAUAGCCAGACAGUGGACCAAXXXXXXXXXXX,0.5816554809843401,0.6489597
UGUCGUGUUCUGCUCUGUU,AGCCACUCAGUAUUUGACCAACAGAGCAGAACACGACAGGAUAGCCAGACAGUGGAC,0.5734526472781507,0.571086
UCGUGUUCUGCUCUGUUGG,AUAGCCACUCAGUAUUUGACCAACAGAGCAGAACACGACAGGAUAGCCAGACAGUGG,0.6621923937360179,0.70882654
GUUGGUCAAAUACUGAGUG,CUCUGGUUGGAAGCAUAGCCACUCAGUAUUUGACCAACAGAGCAGAACACGACAGGA,0.6495152870991797,0.5370939
UGGUCAAAUACUGAGUGGC,UCCUCUGGUUGGAAGCAUAGCCACUCAGUAUUUGACCAACAGAGCAGAACACGACAG,0.6778523489932886,0.69106364
UCAAAUACUGAGUGGCUAU,GGAUCCUCUGGUUGGAAGCAUAGCCACUCAGUAUUUGACCAACAGAGCAGAACACGA,0.6614466815809098,0.6186679
GCUUCCAACCAGAGGAUCC,UGACAGACUGCAACCCUGCGGAUCCUCUGGUUGGAAGCAUAGCCACUCAGUAUUUGA,0.4459358687546607,0.5258705
UCCAACCAGAGGAUCCGCA,UUUUGACAGACUGCAACCCUGCGGAUCCUCUGGUUGGAAGCAUAGCCACUCAGUAUU,0.5652498135719612,0.51554507
CAGAGGAUCCGCAGGGUUG,GUUCCCUUUUGACAGACUGCAACCCUGCGGAUCCUCUGGUUGGAAGCAUAGCCACUC,0.4198359433258761,0.5541991
GGAUCCGCAGGGUUGCAGU,AUUUGUUCCCUUUUGACAGACUGCAACCCUGCGGAUCCUCUGGUUGGAAGCAUAGCC,0.5302013422818792,0.43220916
GGGUUGCAGUCUGUCAAAA,UUGCUGUCUAUUUGUUCCCUUUUGACAGACUGCAACCCUGCGGAUCCUCUGGUUGGA,0.3750932140193885,0.30699885
CUGUCAAAAGGGAACAAAU,UUCAAAGGUUUUGCUGUCUAUUUGUUCCCUUUUGACAGACUGCAACCCUGCGGAUCC,0.3564504101416853,0.4419387
UGUCAAAAGGGAACAAAUA,UUUCAAAGGUUUUGCUGUCUAUUUGUUCCCUUUUGACAGACUGCAACCCUGCGGAUC,0.337061894108874,0.5052325
AAAAGGGAACAAAUAGACA,ACUAUUUCAAAGGUUUUGCUGUCUAUUUGUUCCCUUUUGACAGACUGCAACCCUGCG,0.6413124533929903,0.59957445
AGGGAACAAAUAGACAGCA,UUGACUAUUUCAAAGGUUUUGCUGUCUAUUUGUUCCCUUUUGACAGACUGCAACCCU,0.5473527218493661,0.5430989
ACAAAUAGACAGCAAAACC,CCGCUUUGACUAUUUCAAAGGUUUUGCUGUCUAUUUGUUCCCUUUUGACAGACUGCA,0.7069351230425056,0.6982764
AUAGACAGCAAAACCUUUG,AGUCCCGCUUUGACUAUUUCAAAGGUUUUGCUGUCUAUUUGUUCCCUUUUGACAGAC,0.6890380313199106,0.7121842
GCAAAACCUUUGAAAUAGU,CAACUGGAGUCCCGCUUUGACUAUUUCAAAGGUUUUGCUGUCUAUUUGUUCCCUUUU,0.255779269202088,0.46426854
AAAUAGUCAAAGCGGGACU,CAUCCUUAAAGACAACUGGAGUCCCGCUUUGACUAUUUCAAAGGUUUUGCUGUCUAU,0.4228187919463086,0.68414587
AUAGUCAAAGCGGGACUCC,GACAUCCUUAAAGACAACUGGAGUCCCGCUUUGACUAUUUCAAAGGUUUUGCUGUCU,0.5160328113348247,0.5848181
AGUCAAAGCGGGACUCCAG,UGGACAUCCUUAAAGACAACUGGAGUCCCGCUUUGACUAUUUCAAAGGUUUUGCUGU,0.5369127516778524,0.581339
GGGACUCCAGUUGUCUUUA,UCAUCUGUCUGGACAUCCUUAAAGACAACUGGAGUCCCGCUUUGACUAUUUCAAAGG,0.3266219239373601,0.33994848
ACUCCAGUUGUCUUUAAGG,GAGUCAUCUGUCUGGACAUCCUUAAAGACAACUGGAGUCCCGCUUUGACUAUUUCAA,0.4392244593586875,0.62119746
GGAUGUCCAGACAGAUGAC,CAACAUCAACAGUCAGGGAGUCAUCUGUCUGGACAUCCUUAAAGACAACUGGAGUCC,0.3266219239373601,0.44482833
UGUCCAGACAGAUGACUCC,CUGCAACAUCAACAGUCAGGGAGUCAUCUGUCUGGACAUCCUUAAAGACAACUGGAG,0.5637583892617449,0.6584278
CAGACAGAUGACUCCCUGA,AUCACUGCAACAUCAACAGUCAGGGAGUCAUCUGUCUGGACAUCCUUAAAGACAACU,0.3653989560029828,0.4602492
AGACAGAUGACUCCCUGAC,UAUCACUGCAACAUCAACAGUCAGGGAGUCAUCUGUCUGGACAUCCUUAAAGACAAC,0.6219239373601789,0.63363487
AGAUGACUCCCUGACUGUU,AAUCUAUCACUGCAACAUCAACAGUCAGGGAGUCAUCUGUCUGGACAUCCUUAAAGA,0.436241610738255,0.47049332
AUGACUCCCUGACUGUUGA,AGAAUCUAUCACUGCAACAUCAACAGUCAGGGAGUCAUCUGUCUGGACAUCCUUAAA,0.5570469798657718,0.61189616
UGACUCCCUGACUGUUGAU,CAGAAUCUAUCACUGCAACAUCAACAGUCAGGGAGUCAUCUGUCUGGACAUCCUUAA,0.5257270693512304,0.5417781
ACUCCCUGACUGUUGAUGU,ACCAGAAUCUAUCACUGCAACAUCAACAGUCAGGGAGUCAUCUGUCUGGACAUCCUU,0.5212527964205816,0.5381928
CCCUGACUGUUGAUGUUGC,CGCACCAGAAUCUAUCACUGCAACAUCAACAGUCAGGGAGUCAUCUGUCUGGACAUC,0.4929157345264728,0.48048857
CUGUUGAUGUUGCAGUGAU,ACUUUCCGCACCAGAAUCUAUCACUGCAACAUCAACAGUCAGGGAGUCAUCUGUCUG,0.5197613721103653,0.48786008
AGUGAUAGAUUCUGGUGCG,GCCACCAAAGGUUACUUUCCGCACCAGAAUCUAUCACUGCAACAUCAACAGUCAGGG,0.5473527218493661,0.6447311
GAUAGAUUCUGGUGCGGAA,UAAGCCACCAAAGGUUACUUUCCGCACCAGAAUCUAUCACUGCAACAUCAACAGUCA,0.3169276659209545,0.4056872
GAUUCUGGUGCGGAAAGUA,CAUUUAAGCCACCAAAGGUUACUUUCCGCACCAGAAUCUAUCACUGCAACAUCAACA,0.3668903803131991,0.38393933
UCUGGUGCGGAAAGUAACC,AUCCAUUUAAGCCACCAAAGGUUACUUUCCGCACCAGAAUCUAUCACUGCAACAUCA,0.6815809097688292,0.70037156
GGUGCGGAAAGUAACCUUU,AUUAUCCAUUUAAGCCACCAAAGGUUACUUUCCGCACCAGAAUCUAUCACUGCAACA,0.378076062639821,0.34013525
CGGAAAGUAACCUUUGGUG,UCAGAUUAUCCAUUUAAGCCACCAAAGGUUACUUUCCGCACCAGAAUCUAUCACUGC,0.4384787472035794,0.47946286
AACCUUUGGUGGCUUAAAU,CAUUUUCAUCAGAUUAUCCAUUUAAGCCACCAAAGGUUACUUUCCGCACCAGAAUCU,0.4787472035794183,0.52796465
UGGUGGCUUAAAUGGAUAA,AUAUCACAUUUUCAUCAGAUUAUCCAUUUAAGCCACCAAAGGUUACUUUCCGCACCA,0.2140193885160328,0.4196143
GCUUAAAUGGAUAAUCUGA,UCUGGAUAUCACAUUUUCAUCAGAUUAUCCAUUUAAGCCACCAAAGGUUACUUUCCG,0.284862043251305,0.40753537
CUGAUGAAAAUGUGAUAUC,AGGUGGUGUGUUUUUUCUGGAUAUCACAUUUUCAUCAGAUUAUCCAUUUAAGCCACC,0.4295302013422818,0.57899123
UGAAAAUGUGAUAUCCAGA,AUGAAGGUGGUGUGUUUUUUCUGGAUAUCACAUUUUCAUCAGAUUAUCCAUUUAAGC,0.5130499627143922,0.6186505
AAAACACACCACCUUCAUA,UGGUCCACCGGGUUCUGUAUAUGAAGGUGGUGUGUUUUUUCUGGAUAUCACAUUUUC,0.3736017897091722,0.59383607
ACACCACCUUCAUAUACAG,AUACUUGGUCCACCGGGUUCUGUAUAUGAAGGUGGUGUGUUUUUUCUGGAUAUCACA,0.2744220730797912,0.618409
CAGAACCCGGUGGACCAAG,UGAAUGGAGAUCAACUAUACUUGGUCCACCGGGUUCUGUAUAUGAAGGUGGUGUGUU,0.5100671140939598,0.5292078
UGGACCAAGUAUAGUUGAU,AUAACAUUUAUGAAUGGAGAUCAACUAUACUUGGUCCACCGGGUUCUGUAUAUGAAG,0.4436987322893363,0.58322084
GACCAAGUAUAGUUGAUCU,AGAUAACAUUUAUGAAUGGAGAUCAACUAUACUUGGUCCACCGGGUUCUGUAUAUGA,0.3937360178970917,0.51060456
UAUAGUUGAUCUCCAUUCA,CUAAAGGAGAUAACAUUUAUGAAUGGAGAUCAACUAUACUUGGUCCACCGGGUUCUG,0.6748695003728561,0.6971901
AUUCAUAAAUGUUAUCUCC,UUGCAGUGCUGGGCCUAAAGGAGAUAACAUUUAUGAAUGGAGAUCAACUAUACUUGG,0.5652498135719612,0.6942719
UCAUAAAUGUUAUCUCCUU,AAUUGCAGUGCUGGGCCUAAAGGAGAUAACAUUUAUGAAUGGAGAUCAACUAUACUU,0.3877703206562267,0.5291881
UAUCUCCUUUAGGCCCAGC,UCCUCCUCCUAAUUGCAGUGCUGGGCCUAAAGGAGAUAACAUUUAUGAAUGGAGAUC,0.5011185682326622,0.5936706
UCCUUUAGGCCCAGCACUG,UUGAUCCUCCUCCUAAUUGCAGUGCUGGGCCUAAAGGAGAUAACAUUUAUGAAUGGA,0.5458612975391499,0.568358
AGGCCCAGCACUGCAAUUA,UAACCCUUGAUCCUCCUCCUAAUUGCAGUGCUGGGCCUAAAGGAGAUAACAUUUAUG,0.3527218493661446,0.40064362
CCAGCACUGCAAUUAGGAG,GAAAUAACCCUUGAUCCUCCUCCUAAUUGCAGUGCUGGGCCUAAAGGAGAUAACAUU,0.3810589112602535,0.4451344
GCACUGCAAUUAGGAGGAG,GCUGAAAUAACCCUUGAUCCUCCUCCUAAUUGCAGUGCUGGGCCUAAAGGAGAUAAC,0.255779269202088,0.3672913
CACUGCAAUUAGGAGGAGG,AGCUGAAAUAACCCUUGAUCCUCCUCCUAAUUGCAGUGCUGGGCCUAAAGGAGAUAA,0.4668158090976883,0.54348606
AUUAGGAGGAGGAUCAAGG,AGGAGCUAGCUGAAAUAACCCUUGAUCCUCCUCCUAAUUGCAGUGCUGGGCCUAAAG,0.6085011185682326,0.6183343
AUCAAGGGUUAUUUCAGCU,AAAGAAUUCAGAAGGAGCUAGCUGAAAUAACCCUUGAUCCUCCUCCUAAUUGCAGUG,0.6114839671886652,0.65632176
GGUUAUUUCAGCUAGCUCC,GUGCUAAAAGAAUUCAGAAGGAGCUAGCUGAAAUAACCCUUGAUCCUCCUCCUAAUU,0.6002982848620433,0.6291894
UAUUUCAGCUAGCUCCUUC,CUAGUGCUAAAAGAAUUCAGAAGGAGCUAGCUGAAAUAACCCUUGAUCCUCCUCCUA,0.6599552572706935,0.7828822
UUCAGCUAGCUCCUUCUGA,CCACUAGUGCUAAAAGAAUUCAGAAGGAGCUAGCUGAAAUAACCCUUGAUCCUCCUC,0.6517524235645041,0.68811935
CAGCUAGCUCCUUCUGAAU,AUCCACUAGUGCUAAAAGAAUUCAGAAGGAGCUAGCUGAAAUAACCCUUGAUCCUCC,0.3154362416107382,0.43056533
AGCUAGCUCCUUCUGAAUU,UAUCCACUAGUGCUAAAAGAAUUCAGAAGGAGCUAGCUGAAAUAACCCUUGAUCCUC,0.5309470544369873,0.538404
UUCUGAAUUCUUUUAGCAC,ACUGCUAAGUUAUCCACUAGUGCUAAAAGAAUUCAGAAGGAGCUAGCUGAAAUAACC,0.6077554064131245,0.7613714
ACUAGUGGAUAACUUAGCA,AACUCUCUAGCAAAACCACUGCUAAGUUAUCCACUAGUGCUAAAAGAAUUCAGAAGG,0.6174496644295302,0.6019884
GCAGUGGUUUUGCUAGAGA,CAGAAGAAAAACACCAAACUCUCUAGCAAAACCACUGCUAAGUUAUCCACUAGUGCU,0.26771066368381796,0.36734608
GUGGUUUUGCUAGAGAGUU,CAGCAGAAGAAAAACACCAAACUCUCUAGCAAAACCACUGCUAAGUUAUCCACUAGU,0.3907531692766592,0.42086762
GUUUUGCUAGAGAGUUUGG,ACCCAGCAGAAGAAAAACACCAAACUCUCUAGCAAAACCACUGCUAAGUUAUCCACU,0.5205070842654735,0.5580451
UUUGCUAGAGAGUUUGGUG,CCACCCAGCAGAAGAAAAACACCAAACUCUCUAGCAAAACCACUGCUAAGUUAUCCA,0.6278896346010439,0.7126077
UUGCUAGAGAGUUUGGUGU,GCCACCCAGCAGAAGAAAAACACCAAACUCUCUAGCAAAACCACUGCUAAGUUAUCC,0.6718866517524236,0.68447244
CUGGGUGGCAGAAGGUUUU,CUGAAGAACAAGAGGAAAGAAAACCUUCUGCCACCCAGCAGAAGAAAAACACCAAAC,0.2393736017897091,0.37825152
UCUUUCCUCUUGUUCUUCA,ACCCAGCCGCUCCAGAGCCUGAAGAACAAGAGGAAAGAAAACCUUCUGCCACCCAGC,0.6659209545115585,0.7050341
UCCUCUUGUUCUUCAGGCU,CGAGACCCAGCCGCUCCAGAGCCUGAAGAACAAGAGGAAAGAAAACCUUCUGCCACC,0.6636838180462342,0.6522014
UGGAGCGGCUGGGUCUCGC,GCAGUUCAGAUGCGGACCAGCGAGACCCAGCCGCUCCAGAGCCUGAAGAACAAGAGG,0.5160328113348247,0.44184992
CGGCUGGGUCUCGCUGGUC,CAGUGGCAGUUCAGAUGCGGACCAGCGAGACCCAGCCGCUCCAGAGCCUGAAGAACA,0.4079045488441462,0.37512
CGCAUCUGAACUGCCACUG,XXXXXXXXXXXXXXXXCAGCAGUGGCAGUUCAGAUGCGGACCAGCGAGACCCAGCCG,0.395227442207308,0.5247625
GUCCUUCGGGCGGCUGAGG,UAAAGAAAAUAUGAAACUCCCUCAGCCGCCCGAAGGACAGXXXXXXXXXXXXXXXXX,0.4116331096196868,0.40523547
CCUUCGGGCGGCUGAGGGA,UCUAAAGAAAAUAUGAAACUCCCUCAGCCGCCCGAAGGACAGXXXXXXXXXXXXXXX,0.3475018642803878,0.42055997
UUUCAUAUUUUCUUUAGAC,AGCUUCGGCGCCUAAUGAUGUCUAAAGAAAAUAUGAAACUCCCUCAGCCGCCCGAAG,0.5615212527964206,0.7675874
UUCUUUAGACAUCAUUAGG,UCCUGCAAGAGCUUCGGCGCCUAAUGAUGUCUAAAGAAAAUAUGAAACUCCCUCAGC,0.7091722595078299,0.7336795
UCUUUAGACAUCAUUAGGC,GUCCUGCAAGAGCUUCGGCGCCUAAUGAUGUCUAAAGAAAAUAUGAAACUCCCUCAG,0.7046979865771812,0.7554919
AGACAUCAUUAGGCGCCGA,AAGUUGUCCUGCAAGAGCUUCGGCGCCUAAUGAUGUCUAAAGAAAAUAUGAAACUCC,0.5876211782252051,0.5377992
UUAGGCGCCGAAGCUCUUG,UAGCAUCAAAGUUGUCCUGCAAGAGCUUCGGCGCCUAAUGAUGUCUAAAGAAAAUAU,0.6271439224459359,0.6530165
UAGGCGCCGAAGCUCUUGC,AUAGCAUCAAAGUUGUCCUGCAAGAGCUUCGGCGCCUAAUGAUGUCUAAAGAAAAUA,0.6159582401193139,0.6091628
CGAAGCUCUUGCAGGACAA,AAUUCAUAUAGCAUCAAAGUUGUCCUGCAAGAGCUUCGGCGCCUAAUGAUGUCUAAA,0.3870246085011186,0.40189454
CUCUUGCAGGACAACUUUG,GGCAGAAUUCAUAUAGCAUCAAAGUUGUCCUGCAAGAGCUUCGGCGCCUAAUGAUGU,0.5331841909023117,0.5879675
UCUUGCAGGACAACUUUGA,UGGCAGAAUUCAUAUAGCAUCAAAGUUGUCCUGCAAGAGCUUCGGCGCCUAAUGAUG,0.6696495152870992,0.6791429
GGACAACUUUGAUGCUAUA,AGCAAAAUGGCAGAAUUCAUAUAGCAUCAAAGUUGUCCUGCAAGAGCUUCGGCGCCU,0.3504847129008203,0.3355411
ACAACUUUGAUGCUAUAUG,CUAGCAAAAUGGCAGAAUUCAUAUAGCAUCAAAGUUGUCCUGCAAGAGCUUCGGCGC,0.5794183445190156,0.6495211
CAACUUUGAUGCUAUAUGA,GCUAGCAAAAUGGCAGAAUUCAUAUAGCAUCAAAGUUGUCCUGCAAGAGCUUCGGCG,0.3653989560029828,0.5539169
CUUUGAUGCUAUAUGAAUU,AGUGCUAGCAAAAUGGCAGAAUUCAUAUAGCAUCAAAGUUGUCCUGCAAGAGCUUCG,0.5219985085756897,0.48216087
UGAUGCUAUAUGAAUUCUG,AUCAGUGCUAGCAAAAUGGCAGAAUUCAUAUAGCAUCAAAGUUGUCCUGCAAGAGCU,0.6711409395973155,0.7118539
GAUGCUAUAUGAAUUCUGC,UAUCAGUGCUAGCAAAAUGGCAGAAUUCAUAUAGCAUCAAAGUUGUCCUGCAAGAGC,0.6114839671886652,0.6358351
UGCUAUAUGAAUUCUGCCA,CAUAUCAGUGCUAGCAAAAUGGCAGAAUUCAUAUAGCAUCAAAGUUGUCCUGCAAGA,0.6689038031319909,0.62734187
GAAUUCUGCCAUUUUGCUA,CCAAGAGCCAUAUCAGUGCUAGCAAAAUGGCAGAAUUCAUAUAGCAUCAAAGUUGUC,0.4697986577181208,0.50518835
UUCUGCCAUUUUGCUAGCA,GACCCAAGAGCCAUAUCAGUGCUAGCAAAAUGGCAGAAUUCAUAUAGCAUCAAAGUU,0.5324384787472035,0.6272836
UGCCAUUUUGCUAGCACUG,GUGGACCCAAGAGCCAUAUCAGUGCUAGCAAAAUGGCAGAAUUCAUAUAGCAUCAAA,0.6524981357196122,0.66890824
UUGCUAGCACUGAUAUGGC,UGGAGUGGUGGACCCAAGAGCCAUAUCAGUGCUAGCAAAAUGGCAGAAUUCAUAUAG,0.6868008948545862,0.7322365
GCUAGCACUGAUAUGGCUC,AAUGGAGUGGUGGACCCAAGAGCCAUAUCAGUGCUAGCAAAAUGGCAGAAUUCAUAU,0.6778523489932886,0.6308931
CUAGCACUGAUAUGGCUCU,UAAUGGAGUGGUGGACCCAAGAGCCAUAUCAGUGCUAGCAAAAUGGCAGAAUUCAUA,0.6733780760626399,0.5840754
UAGCACUGAUAUGGCUCUU,CUAAUGGAGUGGUGGACCCAAGAGCCAUAUCAGUGCUAGCAAAAUGGCAGAAUUCAU,0.6293810589112603,0.66407394
UAUGGCUCUUGGGUCCACC,UAAAUAGUUCUAAUGGAGUGGUGGACCCAAGAGCCAUAUCAGUGCUAGCAAAAUGGC,0.6271439224459359,0.5803915
UUGGGUCCACCACUCCAUU,GAAUGGAGUAAAUAGUUCUAAUGGAGUGGUGGACCCAAGAGCCAUAUCAGUGCUAGC,0.622669649515287,0.6027876
CCACCACUCCAUUAGAACU,UAAUAUGAAUGGAGUAAAUAGUUCUAAUGGAGUGGUGGACCCAAGAGCCAUAUCAGU,0.4235645041014168,0.48486862
GUUACAAAUCUUACAAAGG,AAAUACCCAGAAGCACCCCCCUUUGUAAGAUUUGUAACAAAAAUUAAUAUGAAUGGA,0.4757643549589858,0.5592959
GGUCCACAUUCUAUUUUAA,GAAAACCGAAUAUACAGCCUUAAAAUAGAAUGUGGACCUAAAUACCCAGAAGCACCC,0.2893363161819537,0.25897765
UAUUUUAAGGCUGUAUAUU,GAACAAUUUAUGAAAACCGAAUAUACAGCCUUAAAAUAGAAUGUGGACCUAAAUACC,0.6181953765846383,0.52761716
UUUUAAGGCUGUAUAUUCG,AAGAACAAUUUAUGAAAACCGAAUAUACAGCCUUAAAAUAGAAUGUGGACCUAAAUA,0.6666666666666667,0.7392277
UAAGGCUGUAUAUUCGGUU,UCCAAGAACAAUUUAUGAAAACCGAAUAUACAGCCUUAAAAUAGAAUGUGGACCUAA,0.7166293810589113,0.66651464
CAUAAAUUGUUCUUGGAGG,GACAGGGAUGAUAAUUGGGCCUCCAAGAACAAUUUAUGAAAACCGAAUAUACAGCCU,0.4705443698732289,0.5808101
AUAAAUUGUUCUUGGAGGC,GGACAGGGAUGAUAAUUGGGCCUCCAAGAACAAUUUAUGAAAACCGAAUAUACAGCC,0.5704697986577182,0.67809224
AAUUGUUCUUGGAGGCCCA,GAUGGACAGGGAUGAUAAUUGGGCCUCCAAGAACAAUUUAUGAAAACCGAAUAUACA,0.4258016405667412,0.5351351
GGAGGCCCAAUUAUCAUCC,ACACUUACAAGAUGGACAGGGAUGAUAAUUGGGCCUCCAAGAACAAUUUAUGAAAAC,0.5257270693512304,0.5547165
UUAUCAUCCCUGUCCAUCU,CGAAGACAUGACACUUACAAGAUGGACAGGGAUGAUAAUUGGGCCUCCAAGAACAAU,0.6711409395973155,0.76433724
CAUCCCUGUCCAUCUUGUA,AUGACGAAGACAUGACACUUACAAGAUGGACAGGGAUGAUAAUUGGGCCUCCAAGAA,0.3929903057419836,0.34935728
UCAUGUCUUCGUCAUCUUC,CACAGUUAGCUGGGGUCUAGAAGAUGACGAAGACAUGACACUUACAAGAUGGACAGG,0.7084265473527218,0.68135494
UGUCUUCGUCAUCUUCUAG,UGGCACAGUUAGCUGGGGUCUAGAAGAUGACGAAGACAUGACACUUACAAGAUGGAC,0.6621923937360179,0.65992576
GUCUUCGUCAUCUUCUAGA,AUGGCACAGUUAGCUGGGGUCUAGAAGAUGACGAAGACAUGACACUUACAAGAUGGA,0.4325130499627144,0.56275904
UCUUCGUCAUCUUCUAGAC,GAUGGCACAGUUAGCUGGGGUCUAGAAGAUGACGAAGACAUGACACUUACAAGAUGG,0.6860551826994781,0.7853142
UUCGUCAUCUUCUAGACCC,GAGAUGGCACAGUUAGCUGGGGUCUAGAAGAUGACGAAGACAUGACACUUACAAGAU,0.7181208053691275,0.70887655
CGUCAUCUUCUAGACCCCA,AGGAGAUGGCACAGUUAGCUGGGGUCUAGAAGAUGACGAAGACAUGACACUUACAAG,0.2893363161819537,0.4330226
CAUCUUCUAGACCCCAGCU,AGUAGGAGAUGGCACAGUUAGCUGGGGUCUAGAAGAUGACGAAGACAUGACACUUAC,0.5443698732289336,0.54918367
AUCUUCUAGACCCCAGCUA,GAGUAGGAGAUGGCACAGUUAGCUGGGGUCUAGAAGAUGACGAAGACAUGACACUUA,0.6174496644295302,0.59932107
GCUAACUGUGCCAUCUCCU,AAGAAGGCCAGAAAGGAGUAGGAGAUGGCACAGUUAGCUGGGGUCUAGAAGAUGACG,0.4541387024608501,0.6620009
UAACUGUGCCAUCUCCUAC,CGAAGAAGGCCAGAAAGGAGUAGGAGAUGGCACAGUUAGCUGGGGUCUAGAAGAUGA,0.6621923937360179,0.7934945
UGUGCCAUCUCCUACUCCU,AACUCGAAGAAGGCCAGAAAGGAGUAGGAGAUGGCACAGUUAGCUGGGGUCUAGAAG,0.6882923191648024,0.7324612
CCAUCUCCUACUCCUUUCU,GAAGAACUCGAAGAAGGCCAGAAAGGAGUAGGAGAUGGCACAGUUAGCUGGGGUCUA,0.4369873228933631,0.7000173
UACUCCUUUCUGGCCUUCU,GACUGUUGGAAGAACUCGAAGAAGGCCAGAAAGGAGUAGGAGAUGGCACAGUUAGCU,0.6420581655480985,0.7145199
GGCCUUCUUCGAGUUCUUC,UCGCAAUUUCCGACUGUUGGAAGAACUCGAAGAAGGCCAGAAAGGAGUAGGAGAUGG,0.401193139448173,0.57459706
CCUUCUUCGAGUUCUUCCA,CCUCGCAAUUUCCGACUGUUGGAAGAACUCGAAGAAGGCCAGAAAGGAGUAGGAGAU,0.4466815809097688,0.5701119
GUUCUUCCAACAGUCGGAA,AGUAAAAGUCCCUCGCAAUUUCCGACUGUUGGAAGAACUCGAAGAAGGCCAGAAAGG,0.3900074571215511,0.3876947
UUCCAACAGUCGGAAAUUG,AAGGAGUAAAAGUCCCUCGCAAUUUCCGACUGUUGGAAGAACUCGAAGAAGGCCAGA,0.7106636838180462,0.69435644
CAACAGUCGGAAAUUGCGA,GCAAAGGAGUAAAAGUCCCUCGCAAUUUCCGACUGUUGGAAGAACUCGAAGAAGGCC,0.6383296047725577,0.632344
CAGUCGGAAAUUGCGAGGG,ACUGCAAAGGAGUAAAAGUCCCUCGCAAUUUCCGACUGUUGGAAGAACUCGAAGAAG,0.6301267710663684,0.544297
UCGGAAAUUGCGAGGGACU,UUCACUGCAAAGGAGUAAAAGUCCCUCGCAAUUUCCGACUGUUGGAAGAACUCGAAG,0.7158836689038031,0.69161576
AUUGCGAGGGACUUUUACU,GAAAAUUUCACUGCAAAGGAGUAAAAGUCCCUCGCAAUUUCCGACUGUUGGAAGAAC,0.6785980611483967,0.7099504
UGCGAGGGACUUUUACUCC,UAGAAAAUUUCACUGCAAAGGAGUAAAAGUCCCUCGCAAUUUCCGACUGUUGGAAGA,0.6614466815809098,0.67284673
GAGGGACUUUUACUCCUUU,ACCUAGAAAAUUUCACUGCAAAGGAGUAAAAGUCCCUCGCAAUUUCCGACUGUUGGA,0.4891871737509322,0.43179035
UUUACUCCUUUGCAGUGAA,AGACUUGAACCUAGAAAAUUUCACUGCAAAGGAGUAAAAGUCCCUCGCAAUUUCCGA,0.6070096942580163,0.66599214
UACUCCUUUGCAGUGAAAU,GAAGACUUGAACCUAGAAAAUUUCACUGCAAAGGAGUAAAAGUCCCUCGCAAUUUCC,0.7084265473527218,0.5882456
CUCCUUUGCAGUGAAAUUU,AGGAAGACUUGAACCUAGAAAAUUUCACUGCAAAGGAGUAAAAGUCCCUCGCAAUUU,0.3415361670395228,0.39757317
CCUUUGCAGUGAAAUUUUC,GAAGGAAGACUUGAACCUAGAAAAUUUCACUGCAAAGGAGUAAAAGUCCCUCGCAAU,0.6241610738255033,0.43890285
UUGCAGUGAAAUUUUCUAG,GAUGAAGGAAGACUUGAACCUAGAAAAUUUCACUGCAAAGGAGUAAAAGUCCCUCGC,0.7158836689038031,0.6992832
GCAGUGAAAUUUUCUAGGU,GUGAUGAAGGAAGACUUGAACCUAGAAAAUUUCACUGCAAAGGAGUAAAAGUCCCUC,0.2721849366144668,0.3749855
CAGUGAAAUUUUCUAGGUU,AGUGAUGAAGGAAGACUUGAACCUAGAAAAUUUCACUGCAAAGGAGUAAAAGUCCCU,0.3683818046234153,0.40451637
GUGAAAUUUUCUAGGUUCA,UGAGUGAUGAAGGAAGACUUGAACCUAGAAAAUUUCACUGCAAAGGAGUAAAAGUCC,0.3206562266964951,0.46610686
GAAAUUUUCUAGGUUCAAG,ACUGAGUGAUGAAGGAAGACUUGAACCUAGAAAAUUUCACUGCAAAGGAGUAAAAGU,0.3989560029828486,0.56016856
AUUUUCUAGGUUCAAGUCU,XXXACUGAGUGAUGAAGGAAGACUUGAACCUAGAAAAUUUCACUGCAAAGGAGUAAA,0.5324384787472035,0.6838813
UCUAGGUUCAAGUCUUCCU,XXXXXXXACUGAGUGAUGAAGGAAGACUUGAACCUAGAAAAUUUCACUGCAAAGGAG,0.5816554809843401,0.71206325
AGUCUUCCUUCAUCACUCA,XXXXXXXXXXXXXXXXXACUGAGUGAUGAAGGAAGACUUGAACCUAGAAAAUUUCAC,0.4645786726323639,0.5756436
GCUUGGUUCGUUUCCAAGG,CCACCUGCCCAUUGUGUUCCCUUGGAAACGAACCAAGCCAXXXXXXXXXXXXXXXXX,0.6398210290827739,0.6188359
CAAGGGAACACAAUGGGCA,CACCAGAGCCUGCCCCACCUGCCCAUUGUGUUCCCUUGGAAACGAACCAAGCCAXXX,0.7114093959731543,0.48321962
GGUGGGGCAGGCUCUGGUG,UCACCAGAGUGGAAACUCACACCAGAGCCUGCCCCACCUGCCCAUUGUGUUCCCUUG,0.674123788217748,0.3599091
GUGGGGCAGGCUCUGGUGU,GUCACCAGAGUGGAAACUCACACCAGAGCCUGCCCCACCUGCCCAUUGUGUUCCCUU,0.5428784489187174,0.35276398
GUGUGAGUUUCCACUCUGG,CUACGGGAGUCAAAGGUCACCAGAGUGGAAACUCACACCAGAGCCUGCCCCACCUGC,0.7106636838180462,0.50663865
GUGAGUUUCCACUCUGGUG,GCCUACGGGAGUCAAAGGUCACCAGAGUGGAAACUCACACCAGAGCCUGCCCCACCU,0.6920208799403431,0.53011876
GUUUCCACUCUGGUGACCU,AAACGCCUACGGGAGUCAAAGGUCACCAGAGUGGAAACUCACACCAGAGCCUGCCCC,0.7032065622669649,0.51851165
CUCUGGUGACCUUUGACUC,UGGAUGCAAACGCCUACGGGAGUCAAAGGUCACCAGAGUGGAAACUCACACCAGAGC,0.6405667412378822,0.6237679
ACCUUUGACUCCCGUAGGC,CACACCCGUGGAUGCAAACGCCUACGGGAGUCAAAGGUCACCAGAGUGGAAACUCAC,0.6823266219239374,0.60477525
UUGACUCCCGUAGGCGUUU,UAUGCACACCCGUGGAUGCAAACGCCUACGGGAGUCAAAGGUCACCAGAGUGGAAAC,0.6979865771812082,0.61941224
CACGGGUGUGCAUACCCUG,GGGCAGCGGGAGAGAGCAACAGGGUAUGCACACCCGUGGAUGCAAACGCCUACGGGA,0.5264727815063386,0.45330325
GGUGUGCAUACCCUGUUGC,UCAGGGGCAGCGGGAGAGAGCAACAGGGUAUGCACACCCGUGGAUGCAAACGCCUAC,0.540641312453393,0.506448
CAUACCCUGUUGCUCUCUC,AAXGGUUCAGGGGCAGCGGGAGAGAGCAACAGGGUAUGCACACCCGUGGAUGCAAAC,0.6375838926174496,0.6001232
CCUGUUGCUCUCUCCCGCU,GCUGGAAXGGUUCAGGGGCAGCGGGAGAGAGCAACAGGGUAUGCACACCCGUGGAUG,0.3243847874720358,0.41015902
GUUGCUCUCUCCCGCUGCC,AGGGCUGGAAXGGUUCAGGGGCAGCGGGAGAGAGCAACAGGGUAUGCACACCCGUGG,0.4615958240119314,0.4450517
CUCUCUCCCGCUGCCCCUG,GGAGAGGGCUGGAAXGGUUCAGGGGCAGCGGGAGAGAGCAACAGGGUAUGCACACCC,0.4936614466815809,0.33552068
CACUCCGACCCCUGACAGG,CUACAGUUUCUUUCCCCUGCCUGUCAGGGGUCGGAGUGGAGAGGGCUGGAAXGGUUC,0.540641312453393,0.46218008
ACCCCUGACAGGCAGGGGA,UGGCAGACUACAGUUUCUUUCCCCUGCCUGUCAGGGGUCGGAGUGGAGAGGGCUGGA,0.3146905294556301,0.3525124
GGGAAAGAAACUGUAGUCU,ACAUGGUGUGGAAUCUGGCAGACUACAGUUUCUUUCCCCUGCCUGUCAGGGGUCGGA,0.4146159582401194,0.46436638
AAAGAAACUGUAGUCUGCC,GCCACAUGGUGUGGAAUCUGGCAGACUACAGUUUCUUUCCCCUGCCUGUCAGGGGUC,0.6413124533929903,0.7399356
AACUGUAGUCUGCCAGAUU,UCUCUGCCACAUGGUGUGGAAUCUGGCAGACUACAGUUUCUUUCCCCUGCCUGUCAG,0.6092468307233407,0.5259116
CAGAUUCCACACCAUGUGG,CGGUGGCUCUGUCUCUCUGCCACAUGGUGUGGAAUCUGGCAGACUACAGUUUCUUUC,0.2997762863534676,0.47962067
CACACCAUGUGGCAGAGAG,AGGGUGCCGGUGGCUCUGUCUCUCUGCCACAUGGUGUGGAAUCUGGCAGACUACAGU,0.3482475764354959,0.5079707
AUGUGGCAGAGAGACAGAG,GCAGGCAGGGUGCCGGUGGCUCUGUCUCUCUGCCACAUGGUGUGGAAUCUGGCAGAC,0.4645786726323639,0.4534398
GUGGCAGAGAGACAGAGCC,CAGCAGGCAGGGUGCCGGUGGCUCUGUCUCUCUGCCACAUGGUGUGGAAUCUGGCAG,0.3415361670395228,0.47524318
UGGCAGAGAGACAGAGCCA,GCAGCAGGCAGGGUGCCGGUGGCUCUGUCUCUCUGCCACAUGGUGUGGAAUCUGGCA,0.5704697986577182,0.5047753
GCAGAGAGACAGAGCCACC,AGGCAGCAGGCAGGGUGCCGGUGGCUCUGUCUCUCUGCCACAUGGUGUGGAAUCUGG,0.5331841909023117,0.50124043
CCUGCUGCCUGUCCCCUGG,GUCUGUGGCAGGAGAUAGCCCAGGGGACAGGCAGCAGGCAGGGUGCCGGUGGCUCUG,0.3400447427293065,0.34273836
CCCUGGGCUAUCUCCUGCC,UUCUCUGAAGCUGGUCUGUGGCAGGAGAUAGCCCAGGGGACAGGCAGCAGGCAGGGU,0.5048471290082028,0.4564535
CUGCCACAGACCAGCUUCA,AGAGGACUCCUUCCUUCUCUGAAGCUGGUCUGUGGCAGGAGAUAGCCCAGGGGACAG,0.3310961968680089,0.4140045
CUUCAGAGAAGGAAGGAGU,CCAAUUCAUCUGACAGAGGACUCCUUCCUUCUCUGAAGCUGGUCUGUGGCAGGAGAU,0.378076062639821,0.54521763
AGAGAAGGAAGGAGUCCUC,UAGCCCAAUUCAUCUGACAGAGGACUCCUUCCUUCUCUGAAGCUGGUCUGUGGCAGG,0.6055182699478002,0.5612778
GCUAGAGAUGGAAGUCUCA,CAUCCACCUUCCCUGCUUCUGAGACUUCCAUCUCUAGCCCAAUUCAUCUGACAGAGG,0.2453392990305742,0.39140642
GAAGUCUCAGAAGCAGGGA,CUUCUGCCUUCAUCCACCUUCCCUGCUUCUGAGACUUCCAUCUCUAGCCCAAUUCAU,0.5063385533184191,0.51104313
AGGGAAGGUGGAUGAAGGC,UAGGCUUUGGAGCCCUUCUGCCUUCAUCCACCUUCCCUGCUUCUGAGACUUCCAUCU,0.639075316927666,0.5400656
GCAGAAGGGCUCCAAAGCC,UCUGAGCAAUAUCCCCAUAGGCUUUGGAGCCCUUCUGCCUUCAUCCACCUUCCCUGC,0.5495898583146905,0.5051468
GCUCCAAAGCCUAUGGGGA,ACUUAACUUCUGAGCAAUAUCCCCAUAGGCUUUGGAGCCCUUCUGCCUUCAUCCACC,0.2669649515287099,0.35745975
UGGGGAUAUUGCUCAGAAG,GAAUGAGCUCCUUACUUAACUUCUGAGCAAUAUCCCCAUAGGCUUUGGAGCCCUUCU,0.6935123042505593,0.5604959
UAUUGCUCAGAAGUUAAGU,UCUGAGGAAUGAGCUCCUUACUUAACUUCUGAGCAAUAUCCCCAUAGGCUUUGGAGC,0.6763609246830724,0.6826368
GUUAAGUAAGGAGCUCAUU,GGAAUUCUUGCCUCUGAGGAAUGAGCUCCUUACUUAACUUCUGAGCAAUAUCCCCAU,0.5279642058165548,0.39929575
CUCAUUCCUCAGAGGCAAG,UACAGAACACCCAGGAAUUCUUGCCUCUGAGGAAUGAGCUCCUUACUUAACUUCUGA,0.4459358687546607,0.521843
AAGAAUUCCUGGGUGUUCU,AAUCCGCCCCACCCUUUACAGAACACCCAGGAAUUCUUGCCUCUGAGGAAUGAGCUC,0.6301267710663684,0.6625701
UGGGUGUUCUGUAAAGGGU,AGGAGUCCCAAUCCGCCCCACCCUUUACAGAACACCCAGGAAUUCUUGCCUCUGAGG,0.645041014168531,0.5965442
UAAAGGGUGGGGCGGAUUG,GGUGCCCACUUAGGAGUCCCAAUCCGCCCCACCCUUUACAGAACACCCAGGAAUUCU,0.5980611483967189,0.5842792
CCUAAGUGGGCACCCUAAA,CUCCAGGCCUCCUUUUUCUUUUAGGGUGCCCACUUAGGAGUCCCAAUCCGCCCCACC,0.3639075316927666,0.32287526
AGACGCCUCAAGGGAGGCA,UGCAGUUGGAGAUUCAGAUUGCCUCCCUUGAGGCGUCUGCCCUCCAGGCCUCCUUUU,0.2542878448918718,0.45016238
GACGCCUCAAGGGAGGCAA,UUGCAGUUGGAGAUUCAGAUUGCCUCCCUUGAGGCGUCUGCCCUCCAGGCCUCCUUU,0.2781506338553318,0.36663228
CUGAAUCUCCAACUGCAAA,CACCAGUUUAGAAGGUCCGUUUGCAGUUGGAGAUUCAGAUUGCCUCCCUUGAGGCGU,0.3624161073825503,0.49905607
CUUCUAAACUGGUGGAAUC,UGAGAAGAAACUUGCUCCAGAUUCCACCAGUUUAGAAGGUCCGUUUGCAGUUGGAGA,0.6263982102908278,0.6839406
AAUCUGGAGCAAGUUUCUU,GUUCCUUGUGGACUCUGAGAAGAAACUUGCUCCAGAUUCCACCAGUUUAGAAGGUCC,0.5891126025354214,0.6199167
UCUGGAGCAAGUUUCUUCU,AUGUUCCUUGUGGACUCUGAGAAGAAACUUGCUCCAGAUUCCACCAGUUUAGAAGGU,0.6711409395973155,0.7283462
UUUCUUCUCAGAGUCCACA,CCUCUUCACUGAUGUUCCUUGUGGACUCUGAGAAGAAACUUGCUCCAGAUUCCACCA,0.6375838926174496,0.7210378
UCAGAGUCCACAAGGAACA,UUCGUACCCUCUUCACUGAUGUUCCUUGUGGACUCUGAGAAGAAACUUGCUCCAGAU,0.7032065622669649,0.7319795
GUCCACAAGGAACAUCAGU,GAAAGUUCGUACCCUCUUCACUGAUGUUCCUUGUGGACUCUGAGAAGAAACUUGCUC,0.4116331096196868,0.5770432
ACGAACUUUCUCAGCCCCG,CAGGAGUCCCCAGUGAUCCCGGGGCUGAGAAAGUUCGUACCCUCUUCACUGAUGUUC,0.7099179716629381,0.568234
GAACUUUCUCAGCCCCGGG,GGCAGGAGUCCCCAGUGAUCCCGGGGCUGAGAAAGUUCGUACCCUCUUCACUGAUGU,0.6368381804623415,0.5472622
UCUCAGCCCCGGGAUCACU,ACCGAGGGCAGGAGUCCCCAGUGAUCCCGGGGCUGAGAAAGUUCGUACCCUCUUCAC,0.7076808351976137,0.4199613
GGUACAACUCUCCCUCAAG,CCCUCUUUCUGGAUUUAGGCUUGAGGGAGAGUUGUACCGAGGGCAGGAGUCCCCAGU,0.4727815063385533,0.5696928
CAACUCUCCCUCAAGCCUA,AGUCCCCUCUUUCUGGAUUUAGGCUUGAGGGAGAGUUGUACCGAGGGCAGGAGUCCC,0.5719612229679344,0.56127894
UCUCCCUCAAGCCUAAAUC,CCUUAGUCCCCUCUUUCUGGAUUUAGGCUUGAGGGAGAGUUGUACCGAGGGCAGGAG,0.6771066368381805,0.7303728
UCCCUCAAGCCUAAAUCCA,GCCCUUAGUCCCCUCUUUCUGGAUUUAGGCUUGAGGGAGAGUUGUACCGAGGGCAGG,0.6070096942580163,0.64927596
CCAGAAAGAGGGGACUAAG,UCCCCGUCCCUGAGGAGCCCUUAGUCCCCUCUUUCUGGAUUUAGGCUUGAGGGAGAG,0.6524981357196122,0.4676892
CUAAGGGCUCCUCAGGGAC,UGCUCUCUGGAGUCUCCCCGUCCCUGAGGAGCCCUUAGUCCCCUCUUUCUGGAUUUA,0.6398210290827739,0.51794165
GGGAGACUCCAGAGAGCAA,CUGUGACCUCCAUCUACUCUUGCUCUCUGGAGUCUCCCCGUCCCUGAGGAGCCCUUA,0.4354958985831468,0.34798884
ACUCCAGAGAGCAAGAGUA,CCCUCCUGUGACCUCCAUCUACUCUUGCUCUCUGGAGUCUCCCCGUCCCUGAGGAGC,0.4317673378076062,0.50764835
AGAGUAGAUGGAGGUCACA,UCAGCACCUUGUGCCCUCCUGUGACCUCCAUCUACUCUUGCUCUCUGGAGUCUCCCC,0.7218493661446681,0.5007177
AUGGAGGUCACAGGAGGGC,GCCACCGUCAGCACCUUGUGCCCUCCUGUGACCUCCAUCUACUCUUGCUCUCUGGAG,0.6636838180462342,0.44357464
AUGGGAGAGGAAGCACACA,UUUCAUUGUUCCUGUGAACUGUGUGCUUCCUCUCCCAUGCCACCGUCAGCACCUUGU,0.7770320656226697,0.50391096
CACAGUUCACAGGAACAAU,GGUCGUUCGUGGUCGUUUCAUUGUUCCUGUGAACUGUGUGCUUCCUCUCCCAUGCCA,0.5734526472781507,0.47094235
CAGUUCACAGGAACAAUGA,XUGGUCGUUCGUGGUCGUUUCAUUGUUCCUGUGAACUGUGUGCUUCCUCUCCCAUGC,0.4973900074571216,0.54718584
UCACAGGAACAAUGAAACG,XXXXXUGGUCGUUCGUGGUCGUUUCAUUGUUCCUGUGAACUGUGUGCUUCCUCUCCC,0.4041759880686055,0.6079548
UGAAACGACCACGAACGAC,XXXXXXXXXXXXXXXXXUGGUCGUUCGUGGUCGUUUCAUUGUUCCUGUGAACUGUGU,0.2930648769574944,0.54000986
UUUGUUUUCAACAUGGUAA,GCAUUUGAGGUCAAAACCCUUACCAUGUUGAAAACAAAAUCUUACAUGUUAAUAAAA,0.6808351976137211,0.6269582
CAACAUGGUAAGGGUUUUG,CCUGAUAAGCAUUUGAGGUCAAAACCCUUACCAUGUUGAAAACAAAAUCUUACAUGU,0.5242356450410142,0.48943397
CAUGGUAAGGGUUUUGACC,AGACCUGAUAAGCAUUUGAGGUCAAAACCCUUACCAUGUUGAAAACAAAAUCUUACA,0.6301267710663684,0.63652027
AUGGUAAGGGUUUUGACCU,CAGACCUGAUAAGCAUUUGAGGUCAAAACCCUUACCAUGUUGAAAACAAAAUCUUAC,0.639075316927666,0.6653725
CCUCAAAUGCUUAUCAGGU,AGCUAUAAAUGUGUGGCAGACCUGAUAAGCAUUUGAGGUCAAAACCCUUACCAUGUU,0.3489932885906041,0.4987438
CGCCUCUUCCUUGAAGUUU,AAAACCUGCAAUGGACCCAAAACUUCAAGGAAGAGGCGUCUUCAAGGUUCAUAUGUA,0.494407158836689,0.34307402
AUUGCAGGUUUUCCUUCUC,GCAAUACCCUUUGUGUACUGAGAAGGAAAACCUGCAAUGGACCCAAAACUUCAAGGA,0.5898583146905295,0.68769556
ACACAAAGGGUAUUGCAAG,GGGCGUAAAAUGAAAGAUCCUUGCAAUACCCUUUGUGUACUGAGAAGGAAAACCUGC,0.5525727069351231,0.61953986
CAAAGGGUAUUGCAAGGAU,CCUGGGCGUAAAAUGAAAGAUCCUUGCAAUACCCUUUGUGUACUGAGAAGGAAAACC,0.494407158836689,0.38926476
CCUCAAAUAUAUGGGGAUA,GUUCGUCUGUACAAGUUGGUAUCCCCAUAUAUUUGAGGAGAUCCUGGGCGUAAAAUG,0.3624161073825503,0.3318032
UCAAAUAUAUGGGGAUACC,UUGUUCGUCUGUACAAGUUGGUAUCCCCAUAUAUUUGAGGAGAUCCUGGGCGUAAAA,0.5689783743475019,0.6851713
CAACUUGUACAGACGAACA,GGUAUGGGAGAUGAGGUCUUGUUCGUCUGUACAAGUUGGUAUCCCCAUAUAUUUGAG,0.6323639075316928,0.54755914
AACUUGUACAGACGAACAA,CGGUAUGGGAGAUGAGGUCUUGUUCGUCUGUACAAGUUGGUAUCCCCAUAUAUUUGA,0.4138702460850112,0.6259996
ACUUGUACAGACGAACAAG,CCGGUAUGGGAGAUGAGGUCUUGUUCGUCUGUACAAGUUGGUAUCCCCAUAUAUUUG,0.4049217002237136,0.6336646
UACAGACGAACAAGACCUC,GGAACCCGGUAUGGGAGAUGAGGUCUUGUUCGUCUGUACAAGUUGGUAUCCCCAUAU,0.5421327367636093,0.6822502
GACCUCAUCUCCCAUACCG,UUUUAAAUGAAACGGAACCCGGUAUGGGAGAUGAGGUCUUGUUCGUCUGUACAAGUU,0.6323639075316928,0.56205183
UCUCCCAUACCGGGUUCCG,AACUCAUUUUUAAAUGAAACGGAACCCGGUAUGGGAGAUGAGGUCUUGUUCGUCUGU,0.3713646532438479,0.50346804
AAAAUGAGUUAGGCUGUCC,CUGCCUGAUGAGUUUGUUGGGACAGCCUAACUCAUUUUUAAAUGAAACGGAACCCGG,0.4683072334079045,0.6719085
CAAACUCAUCAGGCAGGUU,GUGCUACACUAUCUAUUAUAACCUGCCUGAUGAGUUUGUUGGGACAGCCUAACUCAU,0.3877703206562267,0.36956388
GCAGGUUAUAAUAGAUAGU,UUUAAAUUUUAUGUGCUACACUAUCUAUUAUAACCUGCCUGAUGAGUUUGUUGGGAC,0.3146905294556301,0.35415834
AGUGUAGCACAUAAAAUUU,UGUAUUUUGUGCAAAUUUUAAAUUUUAUGUGCUACACUAUCUAUUAUAACCUGCCUG,0.3489932885906041,0.4609978
AUACAUCUCUCCUCCUUUG,UUUAAUUUCUGUGUGAGACCAAAGGAGGAGAGAUGUAUUUUGUGCAAAUUUUAAAUU,0.7397464578672632,0.71088743
UCCUCCUUUGGUCUCACAC,UGGGGGGACUUUAAUUUCUGUGUGAGACCAAAGGAGGAGAGAUGUAUUUUGUGCAAA,0.7307979120059657,0.66235036
AGAAACAAUACAAUCCUCC,AUGACCUGGGAGAAGGGUCGGAGGAUUGUAUUGUUUCUAUGGGGGGACUUUAAUUUC,0.7807606263982102,0.7283489
AAACAAUACAAUCCUCCGA,UGAUGACCUGGGAGAAGGGUCGGAGGAUUGUAUUGUUUCUAUGGGGGGACUUUAAUU,0.4079045488441462,0.6810941
UCCGACCCUUCUCCCAGGU,UACACGGCUAGGACUGAUGACCUGGGAGAAGGGUCGGAGGAUUGUAUUGUUUCUAUG,0.5786726323639075,0.4713275
CCCUUCUCCCAGGUCAUCA,GGCCUUACACGGCUAGGACUGAUGACCUGGGAGAAGGGUCGGAGGAUUGUAUUGUUU,0.2475764354958986,0.4591004
GUCCUAGCCGUGUAAGGCC,UCAUCUGGGACUGUGGAUGGGCCUUACACGGCUAGGACUGAUGACCUGGGAGAAGGG,0.4474272930648769,0.5596486
AUUGCUGCAUGGAGUCCUC,AGCUGCGUUAAUUCUAGAAGAGGACUCCAUGCAGCAAUGGCAGAAGAAGGGCCCAGA,0.3340790454884415,0.64819753
GGUGAGCUCCAACUCCAAG,GGUCCCUGUGACACUGAGACUUGGAGUUGGAGCUCACCGCCUCUGAAAGUUCUGAAG,0.4116331096196868,0.508307
UCCAACUCCAAGUCUCAGU,AACUUUGGGUCCCUGUGACACUGAGACUUGGAGUUGGAGCUCACCGCCUCUGAAAGU,0.6614466815809098,0.65705097
AAGUCUCAGUGUCACAGGG,AGCUCCCUGAACUUUGGGUCCCUGUGACACUGAGACUUGGAGUUGGAGCUCACCGCC,0.4914243102162565,0.49159613
GUCUCAGUGUCACAGGGAC,AUAGCUCCCUGAACUUUGGGUCCCUGUGACACUGAGACUUGGAGUUGGAGCUCACCG,0.3206562266964951,0.4750712
AGUGUCACAGGGACCCAAA,ACCUGAUAGCUCCCUGAACUUUGGGUCCCUGUGACACUGAGACUUGGAGUUGGAGCU,0.3788217747949292,0.4136364
GUCACAGGGACCCAAAGUU,GUGACCUGAUAGCUCCCUGAACUUUGGGUCCCUGUGACACUGAGACUUGGAGUUGGA,0.1998508575689783,0.4151772
GCACCUCAAAUUCAGGAAC,UCAUUCCUGGCUUUGGUGUGUUCCUGAAUUUGAGGUGCUUUGCUCUUUCUUGGGUGA,0.1722595078299776,0.49141374
CUCAAAUUCAGGAACACAC,ACGUUCAUUCCUGGCUUUGGUGUGUUCCUGAAUUUGAGGUGCUUUGCUCUUUCUUGG,0.2438478747203579,0.6220153
CCAGGAAUGAACGUUAUUC,AUUGUAAGCCUGUGCCAGUGAAUAACGUUCAUUCCUGGCUUUGGUGUGUUCCUGAAU,0.4981357196122297,0.5424422
AUGUGAGCGCAUUUUCCAA,UGGGGAAAAUAACUUUGAUUUGGAAAAUGCGCUCACAUACGGGAAUUAAGGCCUAGA,0.2885906040268456,0.60209996
UGUGAGCGCAUUUUCCAAA,UUGGGGAAAAUAACUUUGAUUUGGAAAAUGCGCUCACAUACGGGAAUUAAGGCCUAG,0.354958985831469,0.5476546
CAUUUUCCAAAUCAAAGUU,UUGUUUGXUUGGGGAAAAUAACUUUGAUUUGGAAAAUGCGCUCACAUACGGGAAUUA,0.3750932140193885,0.41898793
UUCCAAAUCAAAGUUAUUU,UUUUUUGUUUGXUUGGGGAAAAUAACUUUGAUUUGGAAAAUGCGCUCACAUACGGGA,0.5234899328859061,0.6319283
UCCAAAUCAAAGUUAUUUU,UUUUUUUGUUUGXUUGGGGAAAAUAACUUUGAUUUGGAAAAUGCGCUCACAUACGGG,0.5212527964205816,0.54162985
AAACUCAUAUCGAGGUCGU,CUGCUAUGGUCUGCGGXUGACGACCUCGAUAUGAGUUUUUGAUUAUUCAGUGGUUCC,0.5219985085756897,0.671536
AGACCAUAGCAGAAACGUA,ACUCUGUUCUCACUGACACUACGUUUCUGCUAUGGUCUGCGGXUGACGACCUCGAUA,0.4675615212527964,0.59561723
GAAGACAGAGGGGAAAAGA,UUCUUUCUUUAUUUUUUUUUCUUUUCCCCUCUGUCUUCACUCUGUUCUCACUGACAC,0.2632363907531693,0.6052131
GAAAACAAAGGCUCUCUGG,CACCCUGGAGAAGCUGAAACCAGAGAGCCUUUGUUUUCCUUUUUUCUUUCUUUAUUU,0.668158090976883,0.6070837
AAGGCUCUCUGGUUUCAGC,GACAUGACACCCUGGAGAAGCUGAAACCAGAGAGCCUUUGUUUUCCUUUUUUCUUUC,0.7606263982102909,0.5833117
UUUCAGCUUCUCCAGGGUG,UGGCGAUUGGCUGACAUGACACCCUGGAGAAGCUGAAACCAGAGAGCCUUUGUUUUC,0.4973900074571216,0.57142097
AGGGUGUCAUGUCAGCCAA,UCUGGUUGAGUGAUGGCGAUUGGCUGACAUGACACCCUGGAGAAGCUGAAACCAGAG,0.4876957494407159,0.43683395
UCGCCAUCACUCAACCAGA,CGGUUUCCAGCCAAUGGAUUCUGGUUGAGUGAUGGCGAUUGGCUGACAUGACACCCU,0.5645041014168531,0.64199036
UGGAAACCGCGGACGGCUC,GAGAAGAGCGAGUCUUCGUGAGCCGUCCGCGGUUUCCAGCCAAUGGAUUCUGGUUGA,0.5227442207307978,0.54896784
GAAACCGCGGACGGCUCAC,UAGAGAAGAGCGAGUCUUCGUGAGCCGUCCGCGGUUUCCAGCCAAUGGAUUCUGGUU,0.5384041759880686,0.55233115
CGCGGACGGCUCACGAAGA,GCGGAUAGAGAAGAGCGAGUCUUCGUGAGCCGUCCGCGGUUUCCAGCCAAUGGAUUC,0.2639821029082774,0.43142268
AUCCGCCGCACGAGCUGCA,AAGAUGGCCGAGAUGCUGGUGCAGCUCGUGCGGCGGAUAGAGAAGAGCGAGUCUUCG,0.2513049962714392,0.49561343
CGAGCUGCACCAGCAUCUC,GGAGAUGGCGAAGAUGGCCGAGAUGCUGGUGCAGCUCGUGCGGCGGAUAGAGAAGAG,0.2401193139448173,0.5635569
CCAGCAUCUCGGCCAUCUU,GAAGGCGCAGGAGAUGGCGAAGAUGGCCGAGAUGCUGGUGCAGCUCGUGCGGCGGAU,0.2468307233407904,0.64646906
GGCCAUCUUCGCCAUCUCC,AGGCCGACGAGAAGGCGCAGGAGAUGGCGAAGAUGGCCGAGAUGCUGGUGCAGCUCG,0.5398956002982849,0.44068685
CCAUCUUCGCCAUCUCCUG,GAAGGCCGACGAGAAGGCGCAGGAGAUGGCGAAGAUGGCCGAGAUGCUGGUGCAGCU,0.610738255033557,0.6179615
CGCCCUGCAGGUGGUUGAG,GGCCUCUGAGGAGAGCGCUCUCAACCACCUGCAGGGCGCGGGCGGCGCCGAGCCCCG,0.3221476510067114,0.33415782
GAGAGCGCUCUCCUCAGAG,UCAAGACGCAGGUAGAGGCCUCUGAGGAGAGCGCUCUCAACCACCUGCAGGGCGCGG,0.3639075316927666,0.49885833
GCUCUCCUCAGAGGCCUCU,UCCAGAUCAAGACGCAGGUAGAGGCCUCUGAGGAGAGCGCUCUCAACCACCUGCAGG,0.5167785234899328,0.36614054
ACCUGCGUCUUGAUCUGGA,GAGAUGGACAAUAUGCUGAUCCAGAUCAAGACGCAGGUAGAGGCCUCUGAGGAGAGC,0.4071588366890381,0.66259146
CAUAUUGUCCAUCUCCCAC,UGCGCAACCGGGGCAAGCUGUGGGAGAUGGACAAUAUGCUGAUCCAGAUCAAGACGC,0.5943325876211782,0.6576823
UCUCCCACAGCUUGCCCCG,ACGCGCGCCCGUGCGCAACCGGGGCAAGCUGUGGGAGAUGGACAAUAUGCUGAUCCA,0.5190156599552572,0.47643214
CUCCCACAGCUUGCCCCGG,GACGCGCGCCCGUGCGCAACCGGGGCAAGCUGUGGGAGAUGGACAAUAUGCUGAUCC,0.3348247576435496,0.39399785
GCGCACGGGCGCGCGUCCG,CGUCGCUGACGCGCGAGCGCGGACGCGCGCCCGUGCGCAACCGGGGCAAGCUGUGGG,0.1469052945563012,0.2850413
CGCGCUCGCGCGUCAGCGA,GAUGCGCGAGGACAUCGCGUCGCUGACGCGCGAGCGCGGACGCGCGCCCGUGCGCAA,0.1043997017151379,0.3292822
UCUCGUGGAUGACGGGCAG,GGACUUCGAGCAGUUUCUGCUGCCCGUCAUCCACGAGAUGCGCGAGGACAUCGCGUC,0.5279642058165548,0.50439656
AUGACGGGCAGCAGAAACU,CCGGAGGAGGACUUCGAGCAGUUUCUGCUGCCCGUCAUCCACGAGAUGCGCGAGGAC,0.4936614466815809,0.5493721
AGCAGAAACUGCUCGAAGU,GUGCUGGAGCCGGAGGAGGACUUCGAGCAGUUUCUGCUGCCCGUCAUCCACGAGAUG,0.3832960477255779,0.7144503
AGCACCUCCACCUCCUCGG,GCAGUGGAGCUGGCGGAGCCCGAGGAGGUGGAGGUGCUGGAGCCGGAGGAGGACUUC,0.4392244593586875,0.3870117
GCCGCAUCUCCGCUGCUUU,GAGUGUCGUGCAGACAAGCAAAGCAGCGGAGAUGCGGCCCCUGGACGCAGUGGAGCU,0.2654735272184936,0.40849304
CGCAUCUCCGCUGCUUUGC,CUGAGUGUCGUGCAGACAAGCAAAGCAGCGGAGAUGCGGCCCCUGGACGCAGUGGAG,0.55779269202088,0.52690995
UCUCCGCUGCUUUGCUUGU,GUCACUGAGUGUCGUGCAGACAAGCAAAGCAGCGGAGAUGCGGCCCCUGGACGCAGU,0.4668158090976883,0.54838115
UAUUAACAUGUAAGAUUUU,CCCUUACCAUGUUGAAAACAAAAUCUUACAUGUUAAUAAAAGUAUCGUUUGXXXXXX,0.5704697986577182,0.5493187
UAAGGGUUUUGACCUCAAA,GUGGCAGACCUGAUAAGCAUUUGAGGUCAAAACCCUUACCAUGUUGAAAACAAAAUC,0.6159582401193139,0.56358624
ACAUUUAUAGCUUGACUAC,GCGUCUUCAAGGUUCAUAUGUAGUCAAGCUAUAAAUGUGUGGCAGACCUGAUAAGCA,0.6584638329604773,0.64752024
UAUAGCUUGACUACAUAUG,AAGAGGCGUCUUCAAGGUUCAUAUGUAGUCAAGCUAUAAAUGUGUGGCAGACCUGAU,0.7554064131245338,0.71879774
UUGACUACAUAUGAACCUU,UCAAGGAAGAGGCGUCUUCAAGGUUCAUAUGUAGUCAAGCUAUAAAUGUGUGGCAGA,0.6368381804623415,0.7082798
GACGCCUCUUCCUUGAAGU,AACCUGCAAUGGACCCAAAACUUCAAGGAAGAGGCGUCUUCAAGGUUCAUAUGUAGU,0.6152125279642058,0.57808477
GUUUUGGGUCCAUUGCAGG,UGUGUACUGAGAAGGAAAACCUGCAAUGGACCCAAAACUUCAAGGAAGAGGCGUCUU,0.6428038777032066,0.58586097
GGUAUUGCAAGGAUCUUUC,GAGAUCCUGGGCGUAAAAUGAAAGAUCCUUGCAAUACCCUUUGUGUACUGAGAAGGA,0.6159582401193139,0.5494197
AUAUGGGGAUACCAACUUG,GAGGUCUUGUUCGUCUGUACAAGUUGGUAUCCCCAUAUAUUUGAGGAGAUCCUGGGC,0.4660700969425801,0.5958941
GAGUUAGGCUGUCCCAACA,AUAACCUGCCUGAUGAGUUUGUUGGGACAGCCUAACUCAUUUUUAAAUGAAACGGAA,0.6383296047725577,0.4423065
AUCAGGCAGGUUAUAAUAG,AUUUUAUGUGCUACACUAUCUAUUAUAACCUGCCUGAUGAGUUUGUUGGGACAGCCU,0.6562266964951529,0.56779486
GGCAGGUUAUAAUAGAUAG,UUAAAUUUUAUGUGCUACACUAUCUAUUAUAACCUGCCUGAUGAGUUUGUUGGGACA,0.674123788217748,0.42239672
CAUAGAAACAAUACAAUCC,ACCUGGGAGAAGGGUCGGAGGAUUGUAUUGUUUCUAUGGGGGGACUUUAAUUUCUGU,0.6957494407158837,0.65003043
UCCCAGGUCAUCAGUCCUA,UGGAUGGGCCUUACACGGCUAGGACUGAUGACCUGGGAGAAGGGUCGGAGGAUUGUA,0.5249813571961223,0.5159258
CCCAGGUCAUCAGUCCUAG,GUGGAUGGGCCUUACACGGCUAGGACUGAUGACCUGGGAGAAGGGUCGGAGGAUUGU,0.4705443698732289,0.4955914
CAUCAGUCCUAGCCGUGUA,UGGGACUGUGGAUGGGCCUUACACGGCUAGGACUGAUGACCUGGGAGAAGGGUCGGA,0.4608501118568233,0.47099665
CACAGUCCCAGAUGAAGUC,AUGGCAGAAGAAGGGCCCAGACUUCAUCUGGGACUGUGGAUGGGCCUUACACGGCUA,0.6144668158090977,0.5828815
UUCUUCUGCCAUUGCUGCA,AUUCUAGAAGAGGACUCCAUGCAGCAAUGGCAGAAGAAGGGCCCAGACUUCAUCUGG,0.5436241610738255,0.7204736
CUUCUGCCAUUGCUGCAUG,UAAUUCUAGAAGAGGACUCCAUGCAGCAAUGGCAGAAGAAGGGCCCAGACUUCAUCU,0.5898583146905295,0.5527345
UGCAUGGAGUCCUCUUCUA,GAAGAAGCUGCGUUAAUUCUAGAAGAGGACUCCAUGCAGCAAUGGCAGAAGAAGGGC,0.5115585384041761,0.6935111
GAACUUUCAGAGGCGGUGA,UGAGACUUGGAGUUGGAGCUCACCGCCUCUGAAAGUUCUGAAGAAGCUGCGUUAAUU,0.3392990305741983,0.545322
GGCGGUGAGCUCCAACUCC,CCCUGUGACACUGAGACUUGGAGUUGGAGCUCACCGCCUCUGAAAGUUCUGAAGAAG,0.3728560775540641,0.54702437
CUCCAACUCCAAGUCUCAG,ACUUUGGGUCCCUGUGACACUGAGACUUGGAGUUGGAGCUCACCGCCUCUGAAAGUU,0.6077554064131245,0.5356101
CCAACUCCAAGUCUCAGUG,GAACUUUGGGUCCCUGUGACACUGAGACUUGGAGUUGGAGCUCACCGCCUCUGAAAG,0.5786726323639075,0.53614116
GGGACCCAAAGUUCAGGGA,UCUUGGGUGACCUGAUAGCUCCCUGAACUUUGGGUCCCUGUGACACUGAGACUUGGA,0.3974645786726324,0.36213246
GUUCAGGGAGCUAUCAGGU,CUUUGCUCUUUCUUGGGUGACCUGAUAGCUCCCUGAACUUUGGGUCCCUGUGACACU,0.5108128262490679,0.4717156
GGGAGCUAUCAGGUCACCC,AGGUGCUUUGCUCUUUCUUGGGUGACCUGAUAGCUCCCUGAACUUUGGGUCCCUGUG,0.6495152870991797,0.48769787
GCUAUCAGGUCACCCAAGA,UUUGAGGUGCUUUGCUCUUUCUUGGGUGACCUGAUAGCUCCCUGAACUUUGGGUCCC,0.3400447427293065,0.4304602
AGGUCACCCAAGAAAGAGC,CCUGAAUUUGAGGUGCUUUGCUCUUUCUUGGGUGACCUGAUAGCUCCCUGAACUUUG,0.7143922445935869,0.6055592
GAACACACCAAAGCCAGGA,GCCAGUGAAUAACGUUCAUUCCUGGCUUUGGUGUGUUCCUGAAUUUGAGGUGCUUUG,0.4988814317673378,0.5504432
ACACCAAAGCCAGGAAUGA,CUGUGCCAGUGAAUAACGUUCAUUCCUGGCUUUGGUGUGUUCCUGAAUUUGAGGUGC,0.3922445935868754,0.52543813
GUAUGUGAGCGCAUUUUCC,GGGAAAAUAACUUUGAUUUGGAAAAUGCGCUCACAUACGGGAAUUAAGGCCUAGAUU,0.6465324384787472,0.655173
AGCGCAUUUUCCAAAUCAA,UUGXUUGGGGAAAAUAACUUUGAUUUGGAAAAUGCGCUCACAUACGGGAAUUAAGGC,0.5078299776286354,0.48467714
CCAUAGCAGAAACGUAGUG,UUCACUCUGUUCUCACUGACACUACGUUUCUGCUAUGGUCUGCGGXUGACGACCUCG,0.4325130499627144,0.5533182
AGCAGAAACGUAGUGUCAG,UGUCUUCACUCUGUUCUCACUGACACUACGUUUCUGCUAUGGUCUGCGGXUGACGAC,0.7404921700223713,0.62377805
AACGUAGUGUCAGUGAGAA,CCCCUCUGUCUUCACUCUGUUCUCACUGACACUACGUUUCUGCUAUGGUCUGCGGXU,0.5384041759880686,0.58136934
CGUAGUGUCAGUGAGAACA,UUCCCCUCUGUCUUCACUCUGUUCUCACUGACACUACGUUUCUGCUAUGGUCUGCGG,0.5137956748695003,0.493128
CAGAGUGAAGACAGAGGGG,CUUUAUUUUUUUUUCUUUUCCCCUCUGUCUUCACUCUGUUCUCACUGACACUACGUU,0.6524981357196122,0.5256318
AAGGAAAACAAAGGCUCUC,CCUGGAGAAGCUGAAACCAGAGAGCCUUUGUUUUCCUUUUUUCUUUCUUUAUUUUUU,0.7934377330350485,0.696508
ACAAAGGCUCUCUGGUUUC,AUGACACCCUGGAGAAGCUGAAACCAGAGAGCCUUUGUUUUCCUUUUUUCUUUCUUU,0.6413124533929903,0.6282298
UCAGCCAAUCGCCAUCACU,AGCCAAUGGAUUCUGGUUGAGUGAUGGCGAUUGGCUGACAUGACACCCUGGAGAAGC,0.6398210290827739,0.60514617
UUCUCUAUCCGCCGCACGA,GCCGAGAUGCUGGUGCAGCUCGUGCGGCGGAUAGAGAAGAGCGAGUCUUCGUGAGCC,0.6502609992542878,0.6959636
UCUAUCCGCCGCACGAGCU,AUGGCCGAGAUGCUGGUGCAGCUCGUGCGGCGGAUAGAGAAGAGCGAGUCUUCGUGA,0.5943325876211782,0.5437902
CCGCCGCACGAGCUGCACC,CGAAGAUGGCCGAGAUGCUGGUGCAGCUCGUGCGGCGGAUAGAGAAGAGCGAGUCUU,0.6592095451155854,0.45194742
UCUCGGCCAUCUUCGCCAU,CGACGAGAAGGCGCAGGAGAUGGCGAAGAUGGCCGAGAUGCUGGUGCAGCUCGUGCG,0.586875466070097,0.50600773
GCGCCUUCUCGUCGGCCUU,CCGCGGCCCCAGGGCGGAGAAGGCCGACGAGAAGGCGCAGGAGAUGGCGAAGAUGGC,0.4705443698732289,0.460926
CGUCGGCCUUCUCCGCCCU,CGCCGAGCCCCGCGGCCCCAGGGCGGAGAAGGCCGACGAGAAGGCGCAGGAGAUGGC,0.1782252050708426,0.2634231
CGGCCUUCUCCGCCCUGGG,CGGCGCCGAGCCCCGCGGCCCCAGGGCGGAGAAGGCCGACGAGAAGGCGCAGGAGAU,0.4891871737509322,0.3274171
GCGGGGCUCGGCGCCGCCC,UCAACCACCUGCAGGGCGCGGGCGGCGCCGAGCCCCGCGGCCCCAGGGCGGAGAAGG,0.5585384041759881,0.23056273
GCCGCCCGCGCCCUGCAGG,AGGAGAGCGCUCUCAACCACCUGCAGGGCGCGGGCGGCGCCGAGCCCCGCGGCCCCA,0.4541387024608501,0.28056112
GGCCUCUACCUGCGUCUUG,ACAAUAUGCUGAUCCAGAUCAAGACGCAGGUAGAGGCCUCUGAGGAGAGCGCUCUCA,0.5458612975391499,0.5073562
CUCUACCUGCGUCUUGAUC,UGGACAAUAUGCUGAUCCAGAUCAAGACGCAGGUAGAGGCCUCUGAGGAGAGCGCUC,0.5369127516778524,0.5737665
UGGAUCAGCAUAUUGUCCA,CGGGGCAAGCUGUGGGAGAUGGACAAUAUGCUGAUCCAGAUCAAGACGCAGGUAGAG,0.6823266219239374,0.75026804
UAUUGUCCAUCUCCCACAG,CGUGCGCAACCGGGGCAAGCUGUGGGAGAUGGACAAUAUGCUGAUCCAGAUCAAGAC,0.6181953765846383,0.6442123
CCAUCUCCCACAGCUUGCC,CGCGCCCGUGCGCAACCGGGGCAAGCUGUGGGAGAUGGACAAUAUGCUGAUCCAGAU,0.6040268456375839,0.55485415
CCCGGUUGCGCACGGGCGC,GACGCGCGAGCGCGGACGCGCGCCCGUGCGCAACCGGGGCAAGCUGUGGGAGAUGGA,0.4123788217747949,0.37613335
UCAGCGACGCGAUGUCCUC,CGUCAUCCACGAGAUGCGCGAGGACAUCGCGUCGCUGACGCGCGAGCGCGGACGCGC,0.5809097688292321,0.5306116
CGUGGAUGACGGGCAGCAG,GGAGGACUUCGAGCAGUUUCUGCUGCCCGUCAUCCACGAGAUGCGCGAGGACAUCGC,0.2945563012677107,0.40631717
GUGGAUGACGGGCAGCAGA,AGGAGGACUUCGAGCAGUUUCUGCUGCCCGUCAUCCACGAGAUGCGCGAGGACAUCG,0.2632363907531693,0.502357
CAGCAGAAACUGCUCGAAG,UGCUGGAGCCGGAGGAGGACUUCGAGCAGUUUCUGCUGCCCGUCAUCCACGAGAUGC,0.4466815809097688,0.6890276
UCCGGCUCCAGCACCUCCA,CUGGCGGAGCCCGAGGAGGUGGAGGUGCUGGAGCCGGAGGAGGACUUCGAGCAGUUU,0.5152870991797166,0.46520907
UCCGCCAGCUCCACUGCGU,GCGGAGAUGCGGCCCCUGGACGCAGUGGAGCUGGCGGAGCCCGAGGAGGUGGAGGUG,0.56972408650261,0.47724435
CCGCCAGCUCCACUGCGUC,AGCGGAGAUGCGGCCCCUGGACGCAGUGGAGCUGGCGGAGCCCGAGGAGGUGGAGGU,0.48844146159582397,0.49003312
GGCCGCAUCUCCGCUGCUU,AGUGUCGUGCAGACAAGCAAAGCAGCGGAGAUGCGGCCCCUGGACGCAGUGGAGCUG,0.3191648023862788,0.40168133
GCUUUGCUUGUCUGCACGA,CGAGCUCGGUCACUGAGUGUCGUGCAGACAAGCAAAGCAGCGGAGAUGCGGCCCCUG,0.5041014168530947,0.472309
GCUUGUCUGCACGACACUC,CGGCCCGAGCUCGGUCACUGAGUGUCGUGCAGACAAGCAAAGCAGCGGAGAUGCGGC,0.4832214765100671,0.5590501
GACCGAGCUCGGGCCGAGU,AGCGGCGGAAGUUUUGAAGACUCGGCCCGAGCUCGGUCACUGAGUGUCGUGCAGACA,0.4586129753914988,0.36354175
GUCUUCAAAACUUCCGCCG,AGGCAGAAAGUUGGAACAGCGGCGGAAGUUUUGAAGACUCGGCCCGAGCUCGGUCAC,0.7069351230425056,0.6409937
AAAACUUCCGCCGCUGUUC,XXUCCGAGGCAGAAAGUUGGAACAGCGGCGGAAGUUUUGAAGACUCGGCCCGAGCUC,0.6286353467561521,0.73742926
CUGCCUCUCAGCGGAUGUA,GGGCUGGGGACAAGGCGUCUACAUCCGCUGAGAGGCAGGGGCAGUUCUGGGAGAGAA,0.2945563012677107,0.3878147
CAGCCCUCCAGCUCAUUCU,CCGGUUCUGGGGCGCAAUAAGAAUGAGCUGGAGGGCUGGGGACAAGGCGUCUACAUC,0.5615212527964206,0.560665
AGCCCUCCAGCUCAUUCUU,GCCGGUUCUGGGGCGCAAUAAGAAUGAGCUGGAGGGCUGGGGACAAGGCGUCUACAU,0.4041759880686055,0.477011
UUGCGCCCCAGAACCGGCC,UACUGUGCGGAGGGUGGUGGGCCGGUUCUGGGGCGCAAUAAGAAUGAGCUGGAGGGC,0.5935868754660701,0.43170327
GGCCCACCACCCUCCGCAC,CGGAAUAAGGCCCGCUACUGUGCGGAGGGUGGUGGGCCGGUUCUGGGGCGCAAUAAG,0.3907531692766592,0.33541018
CCUCCUCUUCCCAGGAGCC,UACACCACCAGCUCGGCAGGGCUCCUGGGAAGAGGAGGAAGAUUAUGAGGAGGAGAU,0.3482475764354959,0.41978768
GAGUCUCCUGGCUCCGUGU,GGGAGCCGAAACUCUGUCUACACGGAGCCAGGAGACUCGUGUGUGGACAUGGAGACA,0.3639075316927666,0.3654175
AGUCUCCUGGCUCCGUGUA,CGGGAGCCGAAACUCUGUCUACACGGAGCCAGGAGACUCGUGUGUGGACAUGGAGAC,0.4093959731543624,0.34391436
CCGUGUAGACAGAGUUUCG,UGCUGACACCCCCGGGAGCCGAAACUCUGUCUACACGGAGCCAGGAGACUCGUGUGU,0.3281133482475764,0.51246804
UCAAAGGUGUCUUGGCGGG,GGCACCCUGUGGGCGCUAUCCCGCCAAGACACCUUUGAUGCUGACACCCCCGGGAGC,0.4295302013422818,0.5107212
AGGUGUCUUGGCGGGAUAG,GGCAGGCACCCUGUGGGCGCUAUCCCGCCAAGACACCUUUGAUGCUGACACCCCCGG,0.5272184936614467,0.40374148
GGCCAGGUGGGUGGUUGCU,GCCCCCAGGCCUUUACCCCAGCAACCACCCACCUGGCCGGGCAGGCACCCUGUGGGC,0.2356450410141685,0.32909057
GGGGCUGGCCCAGCUCCCC,CAGUGUGCACGAGUACCCCGGGGAGCUGGGCCAGCCCCCAGGCCUUUACCCCAGCAA,0.1431767337807606,0.3200038
GGUAGCCAUGGUGCGGUUC,CGCCACCCAAUCCGCUGCUGAACCGCACCAUGGCUACCGCCGCUCUGGCUGUCAGCC,0.3653989560029828,0.43852553
UCAGCAGCGGAUUGGGUGG,ACACCCGCCUAGCAGGACGCCACCCAAUCCGCUGCUGAACCGCACCAUGGCUACCGC,0.6077554064131245,0.5211994
CUUCCAGUAGGCUUCCAAG,GCGAGCACCUGGCGGAGUACUUGGAAGCCUACUGGAAGGCCACACACCCGCCUAGCA,0.4541387024608501,0.57521284
AGGCAUCUUCCAAUUGGUU,UGACAUAAUCCUGGACGAGAACCAAUUGGAAGAUGCCUGCGAGCACCUGGCGGAGUA,0.3728560775540641,0.41714644
CAAUUGGUUCUCGUCCAGG,CCGAAAUGUUUGACAUAAUCCUGGACGAGAACCAAUUGGAAGAUGCCUGCGAGCACC,0.5980611483967189,0.6308934
UGAUGAGCCUCUGCAGUAC,CAAGAUCACAUCCCCCAAGGUACUGCAGAGGCUCAUCAAAUCCCGAGGGAAGUCUCA,0.5488441461595824,0.68059564
AGCGAGGUUUUAGAGAGCU,ACCAUCAACCACCCAGCCCAGCUCUCUAAAACCUCGCUGGCCCCCAUCAUUGUUUAC,0.41834451901566,0.60161227
GAUCCGCUCGAUUUCACUC,CCAGCCUGGCUGAGGUACAGAGUGAAAUCGAGCGGAUCUUCGAGCUGGCCCGGACCU,0.6331096196868009,0.70045215
AUUUCACUCUGUACCUCAG,AACACUCGCUCCAGCCUGGCUGAGGUACAGAGUGAAAUCGAGCGGAUCUUCGAGCUG,0.4407158836689038,0.68583083
CACUCUGUACCUCAGCCAG,CUCCAACACUCGCUCCAGCCUGGCUGAGGUACAGAGUGAAAUCGAGCGGAUCUUCGA,0.2595078299776286,0.47356606
GCGAGUGUUGGAGCGCUCG,CCAGCAAACACAUUAUCAUCGAGCGCUCCAACACUCGCUCCAGCCUGGCUGAGGUAC,0.1133482475764355,0.43052635
AUAAUGUGUUUGCUGGGGU,AAGCGCUCGGUCCUCAACAACCCCAGCAAACACAUUAUCAUCGAGCGCUCCAACACU,0.4727815063385533,0.5921543
UUGAGCGAUGGUCCCACCA,UCCAUGAGGCCCAUCAUCCUGGUGGGACCAUCGCUCAAGGGCUAUGAGGUAACUGAC,0.5309470544369873,0.5630512
GGGGCACGUGCUCUGUCGA,UGCCAAACAGAAGCAGAAGUCGACAGAGCACGUGCCCCCCUAUGACGUGGUGCCUUC,0.2975391498881432,0.32356367
UUCUGCUUCUGUUUGGCAC,CGCCCCACACCCCCCGCCAGUGCCAAACAGAAGCAGAAGUCGACAGAGCACGUGCCC,0.6122296793437733,0.67780435
UGCUGGAGCUGAGGCGGUU,GGAACAGACGCUGCGCCAAAACCGCCUCAGCUCCAGCAAGUCAGGUGACAACUCCAG,0.3445190156599553,0.54565865
GAGCUGAGGCGGUUUUGGC,CUGCAGGAACAGACGCUGCGCCAAAACCGCCUCAGCUCCAGCAAGUCAGGUGACAAC,0.4034302759134974,0.58687574
AGCAGGCGAAGGCUGUCCA,AUCCCCAGCCCUGUCAAACUGGACAGCCUUCGCCUGCUGCAGGAACAGACGCUGCGC,0.2945563012677107,0.43455717
GACAGGGCUGGGGAUGAAA,AGGAAGGCUGUGAGGUUGGUUUCAUCCCCAGCCCUGUCAAACUGGACAGCCUUCGCC,0.122296793437733,0.33587274
UCCUUCACCAGCCUCCCGA,UACAAUAAUGACUGGUGGAUCGGGAGGCUGGUGAAGGAAGGCUGUGAGGUUGGUUUC,0.5495898583146905,0.610483
CAGCCUCCCGAUCCACCAG,AGGAGAAAUACAAUAAUGACUGGUGGAUCGGGAGGCUGGUGAAGGAAGGCUGUGAGG,0.3035048471290081,0.46144596
UUCUCCUUGAUGUGCAGGA,ACCUUUGAGCCCAAGGACUUCCUGCACAUCAAGGAGAAAUACAAUAAUGACUGGUGG,0.7009694258016406,0.6722429
AUGUGCAGGAAGUCCUUGG,GUGGCCAUCACCUUUGAGCCCAAGGACUUCCUGCACAUCAAGGAGAAAUACAAUAAU,0.47129008202833705,0.6084804
ACUGGCACCUCAUCUCCUG,GUUGGCUACAAUCCGUCUCCAGGAGAUGAGGUGCCAGUGCAGGGAGUGGCCAUCACC,0.6219239373601789,0.5372185
ACGGAUUGUAGCCAACAUU,GGCCUUUGCUGUUCGGACAAAUGUUGGCUACAAUCCGUCUCCAGGAGAUGAGGUGCC,0.6778523489932886,0.585211
CUUUCUCGAGCUGGGCUAA,GGAGGCAGAGCGCCAGGCCUUAGCCCAGCUCGAGAAAGCCAAGACCAAACCAGUGGC,0.4750186428038777,0.38738275
UUCUCGAGCUGGGCUAAGG,AAGGAGGCAGAGCGCCAGGCCUUAGCCCAGCUCGAGAAAGCCAAGACCAAACCAGUG,0.5727069351230425,0.62719965
GACACGUCGGAGUCUGACG,GAGUCCUACACGAGCCGGCCGUCAGACUCCGACGUGUCCCUGGAGGAGGACCGGGAA,0.5741983594332588,0.52674043
CGGAGUCUGACGGCCGGCU,CUCAGCAGAGUCCUACACGAGCCGGCCGUCAGACUCCGACGUGUCCCUGGAGGAGGA,0.3296047725577927,0.34849948
GGCUCGUGUAGGACUCUGC,CUUUGUCCGUCAGGGCUCAGCAGAGUCCUACACGAGCCGGCCGUCAGACUCCGACGU,0.5920954511558538,0.5528996
GACCUUUUGAACCGCCCUU,GGCAAAUACAGCAAGAGGAAAGGGCGGUUCAAAAGGUCAGAUGGGAGCACCUCCUCA,0.43027591349739003,0.556478
CUGUAUUUGCCCUGUGGGC,AUGGAGGUCUUCGACCCCAGCCCACAGGGCAAAUACAGCAAGAGGAAAGGGCGGUUC,0.5652498135719612,0.587891
AGACCUCCAUAGGGAUCUC,XXXXXXXXCACCUUCCCAAGAGAUCCCUAUGGAGGUCUUCGACCCCAGCCCACAGGG,0.5331841909023117,0.5164176
UGUCGUCCUUUGUAAGACU,AGAUCAUUCAGAAGACUUCAGUCUUACAAAGGACGACAXXXXXXXXXXXXXXXXXXX,0.7360178970917226,0.754528
UCCUUUGUAAGACUGAAGU,CAAGGAGAUCAUUCAGAAGACUUCAGUCUUACAAAGGACGACAXXXXXXXXXXXXXX,0.8344519015659956,0.6741636
CCUUUGUAAGACUGAAGUC,UCAAGGAGAUCAUUCAGAAGACUUCAGUCUUACAAAGGACGACAXXXXXXXXXXXXX,0.6927665920954512,0.62357277
AAGACUGAAGUCUUCUGAA,CUACCUAUCAAGGAGAUCAUUCAGAAGACUUCAGUCUUACAAAGGACGACAXXXXXX,0.6897837434750187,0.6116254
ACUGAAGUCUUCUGAAUGA,ACCCUACCUAUCAAGGAGAUCAUUCAGAAGACUUCAGUCUUACAAAGGACGACAXXX,0.4079045488441462,0.58029366
UGAAUGAUCUCCUUGAUAG,GUUCUGUGAUGUACCCUACCUAUCAAGGAGAUCAUUCAGAAGACUUCAGUCUUACAA,0.859806114839672,0.77456707
UGAUCUCCUUGAUAGGUAG,CCCAGUUCUGUGAUGUACCCUACCUAUCAAGGAGAUCAUUCAGAAGACUUCAGUCUU,0.8530947054436987,0.6641269
AUCUCCUUGAUAGGUAGGG,UUCCCAGUUCUGUGAUGUACCCUACCUAUCAAGGAGAUCAUUCAGAAGACUUCAGUC,0.7643549589858314,0.5605105
AUAGGUAGGGUACAUCACA,ACUCUUCUGUUCCCAGUUCUGUGAUGUACCCUACCUAUCAAGGAGAUCAUUCAGAAG,0.8008948545861299,0.65491134
AGGUAGGGUACAUCACAGA,UCACUCUUCUGUUCCCAGUUCUGUGAUGUACCCUACCUAUCAAGGAGAUCAUUCAGA,0.4116331096196868,0.5057478
GUAGGGUACAUCACAGAAC,GGUCACUCUUCUGUUCCCAGUUCUGUGAUGUACCCUACCUAUCAAGGAGAUCAUUCA,0.7815063385533184,0.5684833
UAGGGUACAUCACAGAACU,GGGUCACUCUUCUGUUCCCAGUUCUGUGAUGUACCCUACCUAUCAAGGAGAUCAUUC,0.8680089485458613,0.7163379
UCACAGAACUGGGAACAGA,UCUGGGUCUGGGUCACUCUUCUGUUCCCAGUUCUGUGAUGUACCCUACCUAUCAAGG,0.7427293064876958,0.6024397
GAACUGGGAACAGAAGAGU,CACUCUCUGGGUCUGGGUCACUCUUCUGUUCCCAGUUCUGUGAUGUACCCUACCUAU,0.6070096942580163,0.42316332
CAGAAGAGUGACCCAGACC,UGAACUUGGCCACUCUCUGGGUCUGGGUCACUCUUCUGUUCCCAGUUCUGUGAUGUA,0.5503355704697986,0.57477033
AAGAGUGACCCAGACCCAG,UCAUGAACUUGGCCACUCUCUGGGUCUGGGUCACUCUUCUGUUCCCAGUUCUGUGAU,0.6532438478747203,0.51587415
GUGACCCAGACCCAGAGAG,CCACUCAUGAACUUGGCCACUCUCUGGGUCUGGGUCACUCUUCUGUUCCCAGUUCUG,0.5451155853840417,0.4459499
UGACCCAGACCCAGAGAGU,GCCACUCAUGAACUUGGCCACUCUCUGGGUCUGGGUCACUCUUCUGUUCCCAGUUCU,0.4608501118568233,0.5274839
CCCAGACCCAGAGAGUGGC,GUUGCCACUCAUGAACUUGGCCACUCUCUGGGUCUGGGUCACUCUUCUGUUCCCAGU,0.4720357941834452,0.46451098
CCAGACCCAGAGAGUGGCC,UGUUGCCACUCAUGAACUUGGCCACUCUCUGGGUCUGGGUCACUCUUCUGUUCCCAG,0.3087248322147651,0.41794696
GGCCAAGUUCAUGAGUGGC,CGUGAACUUCCUGUUUGUUGCCACUCAUGAACUUGGCCACUCUCUGGGUCUGGGUCA,0.4638329604772558,0.5167823
UCAUGAGUGGCAACAAACA,GACUCAGGCGUGAACUUCCUGUUUGUUGCCACUCAUGAACUUGGCCACUCUCUGGGU,0.7815063385533184,0.626434
GAGUGGCAACAAACAGGAA,UGAGGACUCAGGCGUGAACUUCCUGUUUGUUGCCACUCAUGAACUUGGCCACUCUCU,0.2803877703206562,0.3370085
GGCAACAAACAGGAAGUUC,AUGGUGAGGACUCAGGCGUGAACUUCCUGUUUGUUGCCACUCAUGAACUUGGCCACU,0.3997017151379567,0.52656716
GCAACAAACAGGAAGUUCA,GAUGGUGAGGACUCAGGCGUGAACUUCCUGUUUGUUGCCACUCAUGAACUUGGCCAC,0.2513049962714392,0.475671
AAACAGGAAGUUCACGCCU,GGACGGAUGGUGAGGACUCAGGCGUGAACUUCCUGUUUGUUGCCACUCAUGAACUUG,0.6793437733035049,0.60919803
AGGAAGUUCACGCCUGAGU,UACUGGACGGAUGGUGAGGACUCAGGCGUGAACUUCCUGUUUGUUGCCACUCAUGAA,0.5451155853840417,0.56745577
GAAGUUCACGCCUGAGUCC,AGUACUGGACGGAUGGUGAGGACUCAGGCGUGAACUUCCUGUUUGUUGCCACUCAUG,0.5249813571961223,0.5935106
UUCACGCCUGAGUCCUCAC,GAUGAGUACUGGACGGAUGGUGAGGACUCAGGCGUGAACUUCCUGUUUGUUGCCACU,0.6666666666666667,0.6153172
UCACGCCUGAGUCCUCACC,GGAUGAGUACUGGACGGAUGGUGAGGACUCAGGCGUGAACUUCCUGUUUGUUGCCAC,0.7054436987322893,0.5248207
CACGCCUGAGUCCUCACCA,AGGAUGAGUACUGGACGGAUGGUGAGGACUCAGGCGUGAACUUCCUGUUUGUUGCCA,0.5205070842654735,0.5233256
ACGCCUGAGUCCUCACCAU,AAGGAUGAGUACUGGACGGAUGGUGAGGACUCAGGCGUGAACUUCCUGUUUGUUGCC,0.4899328859060403,0.42602417
CGCCUGAGUCCUCACCAUC,CAAGGAUGAGUACUGGACGGAUGGUGAGGACUCAGGCGUGAACUUCCUGUUUGUUGC,0.4608501118568233,0.48639846
GAGUCCUCACCAUCCGUCC,UUUGACAAGGAUGAGUACUGGACGGAUGGUGAGGACUCAGGCGUGAACUUCCUGUUU,0.6047725577926921,0.5295396
AGUCCUCACCAUCCGUCCA,CUUUGACAAGGAUGAGUACUGGACGGAUGGUGAGGACUCAGGCGUGAACUUCCUGUU,0.3914988814317673,0.43574828
UCCUCACCAUCCGUCCAGU,CACUUUGACAAGGAUGAGUACUGGACGGAUGGUGAGGACUCAGGCGUGAACUUCCUG,0.3467561521252796,0.4963002
CCUCACCAUCCGUCCAGUA,UCACUUUGACAAGGAUGAGUACUGGACGGAUGGUGAGGACUCAGGCGUGAACUUCCU,0.2431021625652498,0.28849027
UCACCAUCCGUCCAGUACU,GCUCACUUUGACAAGGAUGAGUACUGGACGGAUGGUGAGGACUCAGGCGUGAACUUC,0.6748695003728561,0.6813967
ACCAUCCGUCCAGUACUCA,AUGCUCACUUUGACAAGGAUGAGUACUGGACGGAUGGUGAGGACUCAGGCGUGAACU,0.4705443698732289,0.50521237
CCAUCCGUCCAGUACUCAU,GAUGCUCACUUUGACAAGGAUGAGUACUGGACGGAUGGUGAGGACUCAGGCGUGAAC,0.3124533929903057,0.42968723
CAUCCGUCCAGUACUCAUC,AGAUGCUCACUUUGACAAGGAUGAGUACUGGACGGAUGGUGAGGACUCAGGCGUGAA,0.6517524235645041,0.67827034
CCGUCCAGUACUCAUCCUU,CGGAGAUGCUCACUUUGACAAGGAUGAGUACUGGACGGAUGGUGAGGACUCAGGCGU,0.5652498135719612,0.43879887
CAUCCUUGUCAAAGUGAGC,GCCAGGCCUCGGCGGAGAUGCUCACUUUGACAAGGAUGAGUACUGGACGGAUGGUGA,0.7583892617449663,0.6883505
UCAAAGUGAGCAUCUCCGC,GCACCGGGGCCAGGCCUCGGCGGAGAUGCUCACUUUGACAAGGAUGAGUACUGGACG,0.8090976882923191,0.68696177
AAAGUGAGCAUCUCCGCCG,UUGCACCGGGGCCAGGCCUCGGCGGAGAUGCUCACUUUGACAAGGAUGAGUACUGGA,0.8829231916480238,0.57866436
GUGAGCAUCUCCGCCGAGG,CCUUUGCACCGGGGCCAGGCCUCGGCGGAGAUGCUCACUUUGACAAGGAUGAGUACU,0.5376584638329605,0.47830787
UGAGCAUCUCCGCCGAGGC,GCCUUUGCACCGGGGCCAGGCCUCGGCGGAGAUGCUCACUUUGACAAGGAUGAGUAC,0.6726323639075317,0.56074214
AGCAUCUCCGCCGAGGCCU,AUGCCUUUGCACCGGGGCCAGGCCUCGGCGGAGAUGCUCACUUUGACAAGGAUGAGU,0.5108128262490679,0.41730937
AUCUCCGCCGAGGCCUGGC,GCCAUGCCUUUGCACCGGGGCCAGGCCUCGGCGGAGAUGCUCACUUUGACAAGGAUG,0.2692020879940343,0.38013545
UCCGCCGAGGCCUGGCCCC,UAGGCCAUGCCUUUGCACCGGGGCCAGGCCUCGGCGGAGAUGCUCACUUUGACAAGG,0.3788217747949292,0.3378441
GCCGAGGCCUGGCCCCGGU,CUCUAGGCCAUGCCUUUGCACCGGGGCCAGGCCUCGGCGGAGAUGCUCACUUUGACA,0.0820283370618941,0.2853283
CUGGCCCCGGUGCAAAGGC,AGGAAACACUCUAGGCCAUGCCUUUGCACCGGGGCCAGGCCUCGGCGGAGAUGCUCA,0.2431021625652498,0.3962633
UGGCCCCGGUGCAAAGGCA,CAGGAAACACUCUAGGCCAUGCCUUUGCACCGGGGCCAGGCCUCGGCGGAGAUGCUC,0.4407158836689038,0.42992613
AAAGGCAUGGCCUAGAGUG,CAUUUGAUGGGCCAGGAAACACUCUAGGCCAUGCCUUUGCACCGGGGCCAGGCCUCG,0.7516778523489933,0.5686522
GCAUGGCCUAGAGUGUUUC,UUCCCAUUUGAUGGGCCAGGAAACACUCUAGGCCAUGCCUUUGCACCGGGGCCAGGC,0.4004474272930649,0.45306325
CAUGGCCUAGAGUGUUUCC,CUUCCCAUUUGAUGGGCCAGGAAACACUCUAGGCCAUGCCUUUGCACCGGGGCCAGG,0.6689038031319909,0.545705
GGCCUAGAGUGUUUCCUGG,CAACUUCCCAUUUGAUGGGCCAGGAAACACUCUAGGCCAUGCCUUUGCACCGGGGCC,0.2520507084265473,0.47345316
CCUAGAGUGUUUCCUGGCC,GACAACUUCCCAUUUGAUGGGCCAGGAAACACUCUAGGCCAUGCCUUUGCACCGGGG,0.4064131245339299,0.5012458
CUAGAGUGUUUCCUGGCCC,AGACAACUUCCCAUUUGAUGGGCCAGGAAACACUCUAGGCCAUGCCUUUGCACCGGG,0.622669649515287,0.57322496
GUUUCCUGGCCCAUCAAAU,AUCACGGAGACAACUUCCCAUUUGAUGGGCCAGGAAACACUCUAGGCCAUGCCUUUG,0.0782997762863534,0.45071667
UGGCCCAUCAAAUGGGAAG,GGGGAGAUCACGGAGACAACUUCCCAUUUGAUGGGCCAGGAAACACUCUAGGCCAUG,0.6338553318419089,0.6274344
GCCCAUCAAAUGGGAAGUU,AAGGGGAGAUCACGGAGACAACUUCCCAUUUGAUGGGCCAGGAAACACUCUAGGCCA,0.0014914243102162,0.28323242
GUUGUCUCCGUGAUCUCCC,UCAUAAUUGGCUUCGCAAGGGGAGAUCACGGAGACAACUUCCCAUUUGAUGGGCCAG,0.7024608501118568,0.64573157
UGUCUCCGUGAUCUCCCCU,CAUCAUAAUUGGCUUCGCAAGGGGAGAUCACGGAGACAACUUCCCAUUUGAUGGGCC,0.7591349739000746,0.5190312
CUCCGUGAUCUCCCCUUGC,AGACAUCAUAAUUGGCUUCGCAAGGGGAGAUCACGGAGACAACUUCCCAUUUGAUGG,0.6748695003728561,0.51495624
UCCGUGAUCUCCCCUUGCG,CAGACAUCAUAAUUGGCUUCGCAAGGGGAGAUCACGGAGACAACUUCCCAUUUGAUG,0.7255779269202088,0.60349864
CGUGAUCUCCCCUUGCGAA,UGCAGACAUCAUAAUUGGCUUCGCAAGGGGAGAUCACGGAGACAACUUCCCAUUUGA,0.1998508575689783,0.28909
UGAUCUCCCCUUGCGAAGC,ACUGCAGACAUCAUAAUUGGCUUCGCAAGGGGAGAUCACGGAGACAACUUCCCAUUU,0.785234899328859,0.6224622
CCUUGCGAAGCCAAUUAUG,GUUGGGGGACUGCAGACAUCAUAAUUGGCUUCGCAAGGGGAGAUCACGGAGACAACU,0.4705443698732289,0.50516975
CUUGCGAAGCCAAUUAUGA,AGUUGGGGGACUGCAGACAUCAUAAUUGGCUUCGCAAGGGGAGAUCACGGAGACAAC,0.5630126771066368,0.5805387
GAAGCCAAUUAUGAUGUCU,GGGUUAGUUGGGGGACUGCAGACAUCAUAAUUGGCUUCGCAAGGGGAGAUCACGGAG,0.7412378821774795,0.549701
AAGCCAAUUAUGAUGUCUG,AGGGUUAGUUGGGGGACUGCAGACAUCAUAAUUGGCUUCGCAAGGGGAGAUCACGGA,0.7658463832960477,0.70013624
AGCCAAUUAUGAUGUCUGC,GAGGGUUAGUUGGGGGACUGCAGACAUCAUAAUUGGCUUCGCAAGGGGAGAUCACGG,0.715137956748695,0.64652026
CCCCAACUAACCCUCUUGA,UGCAAAUCCCACUGXAACUUCAAGAGGGUUAGUUGGGGGACUGCAGACAUCAUAAUU,0.3042505592841163,0.3450817
AGUGGGAUUUGCAUACUCC,XXXXXXXXXXXXXXAAUGUGGAGUAUGCAAAUCCCACUGXAACUUCAAGAGGGUUAG,0.72110365398956,0.61691654
CUGGAAUGCCACUUAGGAC,UUCUCACUAAUGCCAAACAGUCCUAAGUGGCAUUCCAGAACXXXXXXXXXXXXXXXX,0.8165548098434005,0.6349255
GAAUGCCACUUAGGACUGU,GAAUUCUCACUAAUGCCAAACAGUCCUAAGUGGCAUUCCAGAACXXXXXXXXXXXXX,0.4899328859060403,0.47183046
UGCCACUUAGGACUGUUUG,GCAGAAUUCUCACUAAUGCCAAACAGUCCUAAGUGGCAUUCCAGAACXXXXXXXXXX,0.6055182699478002,0.61723083
UUAGGACUGUUUGGCAUUA,GAUGUUGCAGAAUUCUCACUAAUGCCAAACAGUCCUAAGUGGCAUUCCAGAACXXXX,0.7829977628635347,0.58711374
UGGCAUUAGUGAGAAUUCU,GUGGAGUGCCAGAUGUUGCAGAAUUCUCACUAAUGCCAAACAGUCCUAAGUGGCAUU,0.7971662938105891,0.60305256
GCAUUAGUGAGAAUUCUGC,GUGUGGAGUGCCAGAUGUUGCAGAAUUCUCACUAAUGCCAAACAGUCCUAAGUGGCA,0.7032065622669649,0.56980324
CAUUAGUGAGAAUUCUGCA,GGUGUGGAGUGCCAGAUGUUGCAGAAUUCUCACUAAUGCCAAACAGUCCUAAGUGGC,0.5436241610738255,0.5344189
UUAGUGAGAAUUCUGCAAC,CAGGUGUGGAGUGCCAGAUGUUGCAGAAUUCUCACUAAUGCCAAACAGUCCUAAGUG,0.9105145413870248,0.7342791
AGUGAGAAUUCUGCAACAU,CCCAGGUGUGGAGUGCCAGAUGUUGCAGAAUUCUCACUAAUGCCAAACAGUCCUAAG,0.5980611483967189,0.5380091
GUGAGAAUUCUGCAACAUC,GCCCAGGUGUGGAGUGCCAGAUGUUGCAGAAUUCUCACUAAUGCCAAACAGUCCUAA,0.8903803131991052,0.6263564
GAAUUCUGCAACAUCUGGC,AGAAGCCCAGGUGUGGAGUGCCAGAUGUUGCAGAAUUCUCACUAAUGCCAAACAGUC,0.7464578672632363,0.6722257
UUCUGCAACAUCUGGCACU,UGCAGAAGCCCAGGUGUGGAGUGCCAGAUGUUGCAGAAUUCUCACUAAUGCCAAACA,0.8575689783743474,0.6682431
UCUGCAACAUCUGGCACUC,AUGCAGAAGCCCAGGUGUGGAGUGCCAGAUGUUGCAGAAUUCUCACUAAUGCCAAAC,0.7755406413124535,0.7021857
UGCAACAUCUGGCACUCCA,UAAUGCAGAAGCCCAGGUGUGGAGUGCCAGAUGUUGCAGAAUUCUCACUAAUGCCAA,0.6808351976137211,0.65550464
AACAUCUGGCACUCCACAC,AGAUAAUGCAGAAGCCCAGGUGUGGAGUGCCAGAUGUUGCAGAAUUCUCACUAAUGC,0.7002237136465324,0.6212813
UCUGGCACUCCACACCUGG,AUGGAGAUAAUGCAGAAGCCCAGGUGUGGAGUGCCAGAUGUUGCAGAAUUCUCACUA,0.6383296047725577,0.5319526
CUGGCACUCCACACCUGGG,CAUGGAGAUAAUGCAGAAGCCCAGGUGUGGAGUGCCAGAUGUUGCAGAAUUCUCACU,0.4526472781506338,0.45489126
GCACUCCACACCUGGGCUU,UGUCAUGGAGAUAAUGCAGAAGCCCAGGUGUGGAGUGCCAGAUGUUGCAGAAUUCUC,0.3542132736763609,0.27232778
CACUCCACACCUGGGCUUC,GUGUCAUGGAGAUAAUGCAGAAGCCCAGGUGUGGAGUGCCAGAUGUUGCAGAAUUCU,0.7009694258016406,0.4616932
CCACACCUGGGCUUCUGCA,CCCCGUGUCAUGGAGAUAAUGCAGAAGCCCAGGUGUGGAGUGCCAGAUGUUGCAGAA,0.4571215510812826,0.34498614
ACACCUGGGCUUCUGCAUU,CCCCCCGUGUCAUGGAGAUAAUGCAGAAGCCCAGGUGUGGAGUGCCAGAUGUUGCAG,0.6420581655480985,0.40920073
CUUCUGCAUUAUCUCCAUG,GAAAGCUGUCCCCCCGUGUCAUGGAGAUAAUGCAGAAGCCCAGGUGUGGAGUGCCAG,0.727069351230425,0.5602824
UCUGCAUUAUCUCCAUGAC,UGGAAAGCUGUCCCCCCGUGUCAUGGAGAUAAUGCAGAAGCCCAGGUGUGGAGUGCC,0.8575689783743474,0.67743605
UGCAUUAUCUCCAUGACAC,ACUGGAAAGCUGUCCCCCCGUGUCAUGGAGAUAAUGCAGAAGCCCAGGUGUGGAGUG,0.83668903803132,0.74770004
GGACAGCUUUCCAGUCUCC,AGAAGUUCUUCGGUUUGCCGGAGACUGGAAAGCUGUCCCCCCGUGUCAUGGAGAUAA,0.6614466815809098,0.5301692
GCUUUCCAGUCUCCGGCAA,AAUGCAGAAGUUCUUCGGUUUGCCGGAGACUGGAAAGCUGUCCCCCCGUGUCAUGGA,0.0141685309470544,0.29381716
UUCCAGUCUCCGGCAAACC,GGAAAUGCAGAAGUUCUUCGGUUUGCCGGAGACUGGAAAGCUGUCCCCCCGUGUCAU,0.7665920954511559,0.6461425
UCCGGCAAACCGAAGAACU,AAACUGAGGGAAAUGCAGAAGUUCUUCGGUUUGCCGGAGACUGGAAAGCUGUCCCCC,0.401193139448173,0.6538269
CCGGCAAACCGAAGAACUU,CAAACUGAGGGAAAUGCAGAAGUUCUUCGGUUUGCCGGAGACUGGAAAGCUGUCCCC,0.0134228187919463,0.43129244
GAACUUCUGCAUUUCCCUC,CCAGUGCAGUGGACAAACUGAGGGAAAUGCAGAAGUUCUUCGGUUUGCCGGAGACUG,0.727069351230425,0.6323113
AACUUCUGCAUUUCCCUCA,ACCAGUGCAGUGGACAAACUGAGGGAAAUGCAGAAGUUCUUCGGUUUGCCGGAGACU,0.773303504847129,0.68460363
ACUUCUGCAUUUCCCUCAG,CACCAGUGCAGUGGACAAACUGAGGGAAAUGCAGAAGUUCUUCGGUUUGCCGGAGAC,0.6219239373601789,0.64875054
UCUGCAUUUCCCUCAGUUU,GGCCACCAGUGCAGUGGACAAACUGAGGGAAAUGCAGAAGUUCUUCGGUUUGCCGGA,0.8657718120805369,0.68941385
CAUUUCCCUCAGUUUGUCC,AGAAGGCCACCAGUGCAGUGGACAAACUGAGGGAAAUGCAGAAGUUCUUCGGUUUGC,0.6189410887397464,0.65990967
CCCUCAGUUUGUCCACUGC,AACAAAGAAGGCCACCAGUGCAGUGGACAAACUGAGGGAAAUGCAGAAGUUCUUCGG,0.2408650260999254,0.52578986
UCAGUUUGUCCACUGCACU,UAAAACAAAGAAGGCCACCAGUGCAGUGGACAAACUGAGGGAAAUGCAGAAGUUCUU,0.8210290827740492,0.709393
CAGUUUGUCCACUGCACUG,CUAAAACAAAGAAGGCCACCAGUGCAGUGGACAAACUGAGGGAAAUGCAGAAGUUCU,0.7457121551081283,0.6099967
CCACUGCACUGGUGGCCUU,UCACGACUCUAAAACAAAGAAGGCCACCAGUGCAGUGGACAAACUGAGGGAAAUGCA,0.1662938105891126,0.28681982
GCACUGGUGGCCUUCUUUG,UACCUUCACGACUCUAAAACAAAGAAGGCCACCAGUGCAGUGGACAAACUGAGGGAA,0.284862043251305,0.43731007
ACUGGUGGCCUUCUUUGUU,UUUACCUUCACGACUCUAAAACAAAGAAGGCCACCAGUGCAGUGGACAAACUGAGGG,0.6495152870991797,0.53731805
UGGUGGCCUUCUUUGUUUU,AUUUUACCUUCACGACUCUAAAACAAAGAAGGCCACCAGUGCAGUGGACAAACUGAG,0.3407904548844146,0.5479578
UGGCCUUCUUUGUUUUAGA,GAAAUUUUACCUUCACGACUCUAAAACAAAGAAGGCCACCAGUGCAGUGGACAAACU,0.7136465324384788,0.6507098
CUUCUUUGUUUUAGAGUCG,UUAGGAAAUUUUACCUUCACGACUCUAAAACAAAGAAGGCCACCAGUGCAGUGGACA,0.8448918717375093,0.66120785
CUUUGUUUUAGAGUCGUGA,AUCUUAGGAAAUUUUACCUUCACGACUCUAAAACAAAGAAGGCCACCAGUGCAGUGG,0.8053691275167786,0.5520267
UGUUUUAGAGUCGUGAAGG,AUUAUCUUAGGAAAUUUUACCUUCACGACUCUAAAACAAAGAAGGCCACCAGUGCAG,0.9410887397464579,0.70838165
UUUUAGAGUCGUGAAGGUA,GAAUUAUCUUAGGAAAUUUUACCUUCACGACUCUAAAACAAAGAAGGCCACCAGUGC,0.8202833706189412,0.67893183
UUUAGAGUCGUGAAGGUAA,AGAAUUAUCUUAGGAAAUUUUACCUUCACGACUCUAAAACAAAGAAGGCCACCAGUG,0.9753914988814318,0.64553994
UUAGAGUCGUGAAGGUAAA,CAGAAUUAUCUUAGGAAAUUUUACCUUCACGACUCUAAAACAAAGAAGGCCACCAGU,0.8202833706189412,0.6793878
GAGUCGUGAAGGUAAAAUU,GCGCAGAAUUAUCUUAGGAAAUUUUACCUUCACGACUCUAAAACAAAGAAGGCCACC,0.5674869500372857,0.40659702
AGUCGUGAAGGUAAAAUUU,GGCGCAGAAUUAUCUUAGGAAAUUUUACCUUCACGACUCUAAAACAAAGAAGGCCAC,0.5548098434004475,0.47746977
UCGUGAAGGUAAAAUUUCC,CAGGCGCAGAAUUAUCUUAGGAAAUUUUACCUUCACGACUCUAAAACAAAGAAGGCC,0.9463087248322148,0.7480183
GUGAAGGUAAAAUUUCCUA,AACAGGCGCAGAAUUAUCUUAGGAAAUUUUACCUUCACGACUCUAAAACAAAGAAGG,0.6428038777032066,0.47691494
AGGUAAAAUUUCCUAAGAU,UGGGAACAGGCGCAGAAUUAUCUUAGGAAAUUUUACCUUCACGACUCUAAAACAAAG,0.5935868754660701,0.48514175
GGUAAAAUUUCCUAAGAUA,GUGGGAACAGGCGCAGAAUUAUCUUAGGAAAUUUUACCUUCACGACUCUAAAACAAA,0.2117822520507084,0.36412504
AAAUUUCCUAAGAUAAUUC,UUCAGUGGGAACAGGCGCAGAAUUAUCUUAGGAAAUUUUACCUUCACGACUCUAAAA,0.8665175242356451,0.6959899
UUUCCUAAGAUAAUUCUGC,CACUUCAGUGGGAACAGGCGCAGAAUUAUCUUAGGAAAUUUUACCUUCACGACUCUA,0.9813571961222968,0.7521738
CCUAAGAUAAUUCUGCGCC,CCGCACUUCAGUGGGAACAGGCGCAGAAUUAUCUUAGGAAAUUUUACCUUCACGACU,1.0,0.640398
CUAAGAUAAUUCUGCGCCU,ACCGCACUUCAGUGGGAACAGGCGCAGAAUUAUCUUAGGAAAUUUUACCUUCACGAC,0.4921700223713647,0.59256
AAGAUAAUUCUGCGCCUGU,UGACCGCACUUCAGUGGGAACAGGCGCAGAAUUAUCUUAGGAAAUUUUACCUUCACG,0.5637583892617449,0.6439213
AUAAUUCUGCGCCUGUUCC,AAGUGACCGCACUUCAGUGGGAACAGGCGCAGAAUUAUCUUAGGAAAUUUUACCUUC,0.7762863534675615,0.6466178
UAAUUCUGCGCCUGUUCCC,GAAGUGACCGCACUUCAGUGGGAACAGGCGCAGAAUUAUCUUAGGAAAUUUUACCUU,0.6979865771812082,0.6897264
AAUUCUGCGCCUGUUCCCA,AGAAGUGACCGCACUUCAGUGGGAACAGGCGCAGAAUUAUCUUAGGAAAUUUUACCU,0.3489932885906041,0.55263025
CUGUUCCCACUGAAGUGCG,AGGAAGCCGGAGAAGUGACCGCACUUCAGUGGGAACAGGCGCAGAAUUAUCUUAGGA,0.6793437733035049,0.5508791
UGUUCCCACUGAAGUGCGG,CAGGAAGCCGGAGAAGUGACCGCACUUCAGUGGGAACAGGCGCAGAAUUAUCUUAGG,0.6830723340790456,0.55046904
CACUGAAGUGCGGUCACUU,CUGUCCCAGGAAGCCGGAGAAGUGACCGCACUUCAGUGGGAACAGGCGCAGAAUUAU,0.5943325876211782,0.4643899
ACUGAAGUGCGGUCACUUC,ACUGUCCCAGGAAGCCGGAGAAGUGACCGCACUUCAGUGGGAACAGGCGCAGAAUUA,0.3020134228187919,0.5805618
CUGAAGUGCGGUCACUUCU,CACUGUCCCAGGAAGCCGGAGAAGUGACCGCACUUCAGUGGGAACAGGCGCAGAAUU,0.2453392990305742,0.6184306
AGUGCGGUCACUUCUCCGG,CUGCCACUGUCCCAGGAAGCCGGAGAAGUGACCGCACUUCAGUGGGAACAGGCGCAG,0.7039522744220731,0.55410695
GGUCACUUCUCCGGCUUCC,UGGCCCUGCCACUGUCCCAGGAAGCCGGAGAAGUGACCGCACUUCAGUGGGAACAGG,0.6189410887397464,0.55566007
CACUUCUCCGGCUUCCUGG,GCCUGGCCCUGCCACUGUCCCAGGAAGCCGGAGAAGUGACCGCACUUCAGUGGGAAC,0.5384041759880686,0.50194883
ACUUCUCCGGCUUCCUGGG,UGCCUGGCCCUGCCACUGUCCCAGGAAGCCGGAGAAGUGACCGCACUUCAGUGGGAA,0.4787472035794183,0.41330928
GGCUUCCUGGGACAGUGGC,XXXCAGGCUGCCUGGCCCUGCCACUGUCCCAGGAAGCCGGAGAAGUGACCGCACUUC,0.4921700223713647,0.40743786
UUCCUGGGACAGUGGCAGG,XXXXXXCAGGCUGCCUGGCCCUGCCACUGUCCCAGGAAGCCGGAGAAGUGACCGCAC,0.5063385533184191,0.4481475
UGGGACAGUGGCAGGGCCA,XXXXXXXXXXCAGGCUGCCUGGCCCUGCCACUGUCCCAGGAAGCCGGAGAAGUGACC,0.6979865771812082,0.41865116
AGUGGCAGGGCCAGGCAGC,XXXXXXXXXXXXXXXXCAGGCUGCCUGGCCCUGCCACUGUCCCAGGAAGCCGGAGAA,0.4794929157345265,0.40629274
GGCCGAGCGGCCUCGGUCC,UCGGAGCUCAAGGACUUCGGGACCGAGGCCGCUCGGCCGCAGAAGGGCCGGAAGCCG,0.378076062639821,0.36953485
GGCCUCGGUCCCGAAGUCC,ACAACCAGUCGGAGCUCAAGGACUUCGGGACCGAGGCCGCUCGGCCGCAGAAGGGCC,0.401193139448173,0.42260617
CCUCGGUCCCGAAGUCCUU,CCACAACCAGUCGGAGCUCAAGGACUUCGGGACCGAGGCCGCUCGGCCGCAGAAGGG,0.4377330350484713,0.43823478
UCGGUCCCGAAGUCCUUGA,UUCCACAACCAGUCGGAGCUCAAGGACUUCGGGACCGAGGCCGCUCGGCCGCAGAAG,0.4571215510812826,0.60791874
CGGUCCCGAAGUCCUUGAG,CUUCCACAACCAGUCGGAGCUCAAGGACUUCGGGACCGAGGCCGCUCGGCCGCAGAA,0.4668158090976883,0.42716852
GUCCCGAAGUCCUUGAGCU,CGCUUCCACAACCAGUCGGAGCUCAAGGACUUCGGGACCGAGGCCGCUCGGCCGCAG,0.482475764354959,0.64691156
CCCGAAGUCCUUGAGCUCC,CCCGCUUCCACAACCAGUCGGAGCUCAAGGACUUCGGGACCGAGGCCGCUCGGCCGC,0.5592841163310962,0.5377739
CGAAGUCCUUGAGCUCCGA,CACCCGCUUCCACAACCAGUCGGAGCUCAAGGACUUCGGGACCGAGGCCGCUCGGCC,0.4608501118568233,0.43847647
GAGCUCCGACUGGUUGUGG,GCAAGCGCCUCACCCGCUUCCACAACCAGUCGGAGCUCAAGGACUUCGGGACCGAGG,0.6025354213273677,0.4631646
AGCGGGUGAGGCGCUUGCA,CCUGGUGGCCUCGUGCAAGUGCAAGCGCCUCACCCGCUUCCACAACCAGUCGGAGCU,0.4936614466815809,0.47353205
GGUGAGGCGCUUGCACUUG,UGCGCCUGGUGGCCUCGUGCAAGUGCAAGCGCCUCACCCGCUUCCACAACCAGUCGG,0.5130499627143922,0.47697178
ACUUGCACGAGGCCACCAG,GCGCGCGCGCAAGGUGCGCCUGGUGGCCUCGUGCAAGUGCAAGCGCCUCACCCGCUU,0.3914988814317673,0.4447081
GAGGCCACCAGGCGCACCU,GAGGCGCCGCGCGCGCGCAAGGUGCGCCUGGUGGCCUCGUGCAAGUGCAAGCGCCUC,0.5309470544369873,0.39009652
CCAGGCGCACCUUGCGCGC,CGGUGGUGAGGCGCCGCGCGCGCGCAAGGUGCGCCUGGUGGCCUCGUGCAAGUGCAA,0.3079791200596569,0.35010263
CGCACCUUGCGCGCGCGCG,UGUCCCGGUGGUGAGGCGCCGCGCGCGCGCAAGGUGCGCCUGGUGGCCUCGUGCAAG,0.4519015659955257,0.306535
CACCUUGCGCGCGCGCGGC,UGUGUCCCGGUGGUGAGGCGCCGCGCGCGCGCAAGGUGCGCCUGGUGGCCUCGUGCA,0.4258016405667412,0.31459656
GCGCGCGCGGCGCCUCACC,GCAGCUGCUGUGUCCCGGUGGUGAGGCGCCGCGCGCGCGCAAGGUGCGCCUGGUGGC,0.1938851603281133,0.28732267
GCGCGCGGCGCCUCACCAC,GUGCAGCUGCUGUGUCCCGGUGGUGAGGCGCCGCGCGCGCGCAAGGUGCGCCUGGUG,0.4862043251304996,0.3520819
CGCGGCGCCUCACCACCGG,CGCGUGCAGCUGCUGUGUCCCGGUGGUGAGGCGCCGCGCGCGCGCAAGGUGCGCCUG,0.2669649515287099,0.27521157
CGCCUCACCACCGGGACAC,CGCAGCGCGUGCAGCUGCUGUGUCCCGGUGGUGAGGCGCCGCGCGCGCGCAAGGUGC,0.4690529455630127,0.3734894
CCACCGGGACACAGCAGCU,UACCGCGCGCAGCGCGUGCAGCUGCUGUGUCCCGGUGGUGAGGCGCCGCGCGCGCGC,0.4921700223713647,0.3617907
CACGCGCUGCGCGCGGUAG,UCCGCUGCAUCCCCGACCGCUACCGCGCGCAGCGCGUGCAGCUGCUGUGUCCCGGUG,0.3765846383296047,0.39419997
ACGCGCUGCGCGCGGUAGC,UUCCGCUGCAUCCCCGACCGCUACCGCGCGCAGCGCGUGCAGCUGCUGUGUCCCGGU,0.3862788963460105,0.3747735
GUCGGGCCCACUAGGUCGC,UCGGCCGCGGCAAGUGGUGGCGACCUAGUGGGCCCGACUUCCGCUGCAUCCCCGACC,0.4921700223713647,0.38842368
CCACUAGGUCGCCACCACU,AACGCCAUCGGCCGCGGCAAGUGGUGGCGACCUAGUGGGCCCGACUUCCGCUGCAUC,0.5883668903803132,0.39530435
ACUAGGUCGCCACCACUUG,CCAACGCCAUCGGCCGCGGCAAGUGGUGGCGACCUAGUGGGCCCGACUUCCGCUGCA,0.4809843400447428,0.5280668
CACCACUUGCCGCGGCCGA,CGCCUGCUGCCCAACGCCAUCGGCCGCGGCAAGUGGUGGCGACCUAGUGGGCCCGAC,0.4921700223713647,0.38200235
GCGGCCGAUGGCGUUGGGC,GCGGCCCGGCGCGCCUGCUGCCCAACGCCAUCGGCCGCGGCAAGUGGUGGCGACCUA,0.4794929157345265,0.34957495
UGGCGUUGGGCAGCAGGCG,CGGCCAGUGCGGCCCGGCGCGCCUGCUGCCCAACGCCAUCGGCCGCGGCAAGUGGUG,0.4817300521998509,0.3721526
UUGGGCAGCAGGCGCGCCG,UGCUCCGGCCAGUGCGGCCCGGCGCGCCUGCUGCCCAACGCCAUCGGCCGCGGCAAG,0.6308724832214765,0.3367554
GCAGGCGCGCCGGGCCGCA,GCUGGUGUGCUCCGGCCAGUGCGGCCCGGCGCGCCUGCUGCCCAACGCCAUCGGCCG,0.3885160328113348,0.28500867
GGGCCGCACUGGCCGGAGC,CCGGUCACCGAGCUGGUGUGCUCCGGCCAGUGCGGCCCGGCGCGCCUGCUGCCCAAC,0.395227442207308,0.3605243
CACACCAGCUCGGUGACCG,CCGUGCCGCAGCGCCAAGCCGGUCACCGAGCUGGUGUGCUCCGGCCAGUGCGGCCCG,0.3892617449664429,0.4576158
CUCGGUGACCGGCUUGGCG,CCGAUGGGCCGUGCCGCAGCGCCAAGCCGGUCACCGAGCUGGUGUGCUCCGGCCAGU,0.4407158836689038,0.4223413
GGUGACCGGCUUGGCGCUG,UGACCGAUGGGCCGUGCCGCAGCGCCAAGCCGGUCACCGAGCUGGUGUGCUCCGGCC,0.3765846383296047,0.34339863
GACCGGCUUGGCGCUGCGG,ACGUGACCGAUGGGCCGUGCCGCAGCGCCAAGCCGGUCACCGAGCUGGUGUGCUCCG,0.3825503355704698,0.32337007
CGGCUUGGCGCUGCGGCAC,GCUACGUGACCGAUGGGCCGUGCCGCAGCGCCAAGCCGGUCACCGAGCUGGUGUGCU,0.3698732289336316,0.35603026
GCUUGGCGCUGCGGCACGG,CCGCUACGUGACCGAUGGGCCGUGCCGCAGCGCCAAGCCGGUCACCGAGCUGGUGUG,0.3765846383296047,0.33950055
GCUGCGGCACGGCCCAUCG,ACUUCACCCGCUACGUGACCGAUGGGCCGUGCCGCAGCGCCAAGCCGGUCACCGAGC,0.3803131991051454,0.32329142
CUGCGGCACGGCCCAUCGG,CACUUCACCCGCUACGUGACCGAUGGGCCGUGCCGCAGCGCCAAGCCGGUCACCGAG,0.4049217002237136,0.35360467
CCCAUCGGUCACGUAGCGG,GCCGCGAGCUGCACUUCACCCGCUACGUGACCGAUGGGCCGUGCCGCAGCGCCAAGC,0.482475764354959,0.40123948
CCAUCGGUCACGUAGCGGG,UGCCGCGAGCUGCACUUCACCCGCUACGUGACCGAUGGGCCGUGCCGCAGCGCCAAG,0.5786726323639075,0.4608218
CGGUCACGUAGCGGGUGAA,CAGCUGCCGCGAGCUGCACUUCACCCGCUACGUGACCGAUGGGCCGUGCCGCAGCGC,0.4287844891871737,0.3340463
GGUCACGUAGCGGGUGAAG,ACAGCUGCCGCGAGCUGCACUUCACCCGCUACGUGACCGAUGGGCCGUGCCGCAGCG,0.4429530201342281,0.46100995
GUAGCGGGUGAAGUGCAGC,CCGAGUACAGCUGCCGCGAGCUGCACUUCACCCGCUACGUGACCGAUGGGCCGUGCC,0.5622669649515287,0.54102457
GGGUGAAGUGCAGCUCGCG,CGUGUCCGAGUACAGCUGCCGCGAGCUGCACUUCACCCGCUACGUGACCGAUGGGCC,0.4086502609992543,0.5125344
GGUGAAGUGCAGCUCGCGG,ACGUGUCCGAGUACAGCUGCCGCGAGCUGCACUUCACCCGCUACGUGACCGAUGGGC,0.4981357196122297,0.512405
GCAGCUGUACUCGGACACG,ACCCCUUUGAGACCAAAGACGUGUCCGAGUACAGCUGCCGCGAGCUGCACUUCACCC,0.4086502609992543,0.4240328
CAGCUGUACUCGGACACGU,CACCCCUUUGAGACCAAAGACGUGUCCGAGUACAGCUGCCGCGAGCUGCACUUCACC,0.5585384041759881,0.55160785
AGCUGUACUCGGACACGUC,CCACCCCUUUGAGACCAAAGACGUGUCCGAGUACAGCUGCCGCGAGCUGCACUUCAC,0.5652498135719612,0.6101197
CUGUACUCGGACACGUCUU,CACCACCCCUUUGAGACCAAAGACGUGUCCGAGUACAGCUGCCGCGAGCUGCACUUC,0.6495152870991797,0.5883949
CUUUGGUCUCAAAGGGGUG,CGGAGGGCGGCCUCCCCACCACCCCUUUGAGACCAAAGACGUGUCCGAGUACAGCUG,0.5384041759880686,0.5425901
GGUGGUGGGGAGGCCGCCC,GAACCGGGCGGAGAACGGAGGGCGGCCUCCCCACCACCCCUUUGAGACCAAAGACGU,0.4794929157345265,0.3586769
GGGAGGCCGCCCUCCGUUC,AGACCAUGAACCGGGCGGAGAACGGAGGGCGGCCUCCCCACCACCCCUUUGAGACCA,0.3922445935868754,0.35454068
UCUCCGCCCGGUUCAUGGU,GGAGCUGGAGAACAACAAGACCAUGAACCGGGCGGAGAACGGAGGGCGGCCUCCCCA,0.5182699478001491,0.4983611
UCCGCCCGGUUCAUGGUCU,CCGGAGCUGGAGAACAACAAGACCAUGAACCGGGCGGAGAACGGAGGGCGGCCUCCC,0.5876211782252051,0.4609222
CCCGGUUCAUGGUCUUGUU,UCCACCGGAGCUGGAGAACAACAAGACCAUGAACCGGGCGGAGAACGGAGGGCGGCC,0.5197613721103653,0.38919887
CGGUUCAUGGUCUUGUUGU,CCUCCACCGGAGCUGGAGAACAACAAGACCAUGAACCGGGCGGAGAACGGAGGGCGG,0.3892617449664429,0.5782226
GUUGUUCUCCAGCUCCGGU,GAGAGUACCCCGAGCCUCCACCGGAGCUGGAGAACAACAAGACCAUGAACCGGGCGG,0.6211782252050708,0.53159577
UGUUCUCCAGCUCCGGUGG,CGGAGAGUACCCCGAGCCUCCACCGGAGCUGGAGAACAACAAGACCAUGAACCGGGC,0.6465324384787472,0.5033563
UCUCCAGCUCCGGUGGAGG,GCUCGGAGAGUACCCCGAGCCUCCACCGGAGCUGGAGAACAACAAGACCAUGAACCG,0.5130499627143922,0.50238436
GCUCGGGGUACUCUCCGAG,CACGGAAAUCAUCCCCGAGCUCGGAGAGUACCCCGAGCCUCCACCGGAGCUGGAGAA,0.3310961968680089,0.40047058
CUCUCCGAGCUCGGGGAUG,AGAAUGAUGCCACGGAAAUCAUCCCCGAGCUCGGAGAGUACCCCGAGCCUCCACCGG,0.3795674869500373,0.41344857
CCGAGCUCGGGGAUGAUUU,UUCAAGAAUGAUGCCACGGAAAUCAUCCCCGAGCUCGGAGAGUACCCCGAGCCUCCA,0.3713646532438479,0.45168653
UCCGUGGCAUCAUUCUUGA,GGCCAGGGGUGGCAGGCGUUCAAGAAUGAUGCCACGGAAAUCAUCCCCGAGCUCGGA,0.5123042505592842,0.7203186
UGGCAUCAUUCUUGAACGC,GGAGGGCCAGGGGUGGCAGGCGUUCAAGAAUGAUGCCACGGAAAUCAUCCCCGAGCU,0.6964951528709918,0.694042
CAUCAUUCUUGAACGCCUG,AGUGGAGGGCCAGGGGUGGCAGGCGUUCAAGAAUGAUGCCACGGAAAUCAUCCCCGA,0.6144668158090977,0.7006556
CUUGAACGCCUGCCACCCC,UCCGUGUAGUGGAGGGCCAGGGGUGGCAGGCGUUCAAGAAUGAUGCCACGGAAAUCA,0.3631618195376584,0.5422768
AACGCCUGCCACCCCUGGC,XXCUUCCGUGUAGUGGAGGGCCAGGGGUGGCAGGCGUUCAAGAAUGAUGCCACGGAA,0.5794183445190156,0.41306108
CCUGCCACCCCUGGCCCUC,XXXXXXCUUCCGUGUAGUGGAGGGCCAGGGGUGGCAGGCGUUCAAGAAUGAUGCCAC,0.5302013422818792,0.34521782
GCCACCCCUGGCCCUCCAC,XXXXXXXXXCUUCCGUGUAGUGGAGGGCCAGGGGUGGCAGGCGUUCAAGAAUGAUGC,0.3937360178970917,0.33647946
CACCCCUGGCCCUCCACUA,XXXXXXXXXXXCUUCCGUGUAGUGGAGGGCCAGGGGUGGCAGGCGUUCAAGAAUGAU,0.5369127516778524,0.3810937
ACCCCUGGCCCUCCACUAC,XXXXXXXXXXXXCUUCCGUGUAGUGGAGGGCCAGGGGUGGCAGGCGUUCAAGAAUGA,0.4735272184936615,0.4832751
CCUGGCCCUCCACUACACG,XXXXXXXXXXXXXXXCUUCCGUGUAGUGGAGGGCCAGGGGUGGCAGGCGUUCAAGAA,0.4526472781506338,0.37286752
CUGGCCCUCCACUACACGG,XXXXXXXXXXXXXXXXCUUCCGUGUAGUGGAGGGCCAGGGGUGGCAGGCGUUCAAGA,0.4116331096196868,0.44727823
CUGACAGCGCCACCGCAGC,AGUCCGUGCACCUCACGGUGCUGCGGUGGCGCUGUCAGCGGCGCGGGGGCCAGCGCU,0.6002982848620433,0.4319715
CCACCGCAGCACCGUGAGG,AGCCGUCCAAGUCCGUGCACCUCACGGUGCUGCGGUGGCGCUGUCAGCGGCGCGGGG,0.5227442207307978,0.3827076
ACCGCAGCACCGUGAGGUG,CAAGCCGUCCAAGUCCGUGCACCUCACGGUGCUGCGGUGGCGCUGUCAGCGGCGCGG,0.4198359433258761,0.44389245
GAGGUGCACGGACUUGGAC,AGGGCAUGGUGUGCAAGCCGUCCAAGUCCGUGCACCUCACGGUGCUGCGGUGGCGCU,0.4153616703952275,0.4815752
GUGCACGGACUUGGACGGC,CCGAGGGCAUGGUGUGCAAGCCGUCCAAGUCCGUGCACCUCACGGUGCUGCGGUGGC,0.4929157345264728,0.41944888
GGACUUGGACGGCUUGCAC,CCGUGCCCGAGGGCAUGGUGUGCAAGCCGUCCAAGUCCGUGCACCUCACGGUGCUGC,0.5622669649515287,0.47879833
UGGACGGCUUGCACACCAU,GUGCUCCGUGCCCGAGGGCAUGGUGUGCAAGCCGUCCAAGUCCGUGCACCUCACGGU,0.6428038777032066,0.5612492
ACGGCUUGCACACCAUGCC,CUCGUGCUCCGUGCCCGAGGGCAUGGUGUGCAAGCCGUCCAAGUCCGUGCACCUCAC,0.5898583146905295,0.5218366
GGCUUGCACACCAUGCCCU,CGCUCGUGCUCCGUGCCCGAGGGCAUGGUGUGCAAGCCGUCCAAGUCCGUGCACCUC,0.5645041014168531,0.46676862
CGGAGCACGAGCGCUUACU,GAAGGUGGGCAGCUGCUUCAGUAAGCGCUCGUGCUCCGUGCCCGAGGGCAUGGUGUG,0.3803131991051454,0.47253802
CACGAGCGCUUACUGAAGC,UACGUGAAGGUGGGCAGCUGCUUCAGUAAGCGCUCGUGCUCCGUGCCCGAGGGCAUG,0.6316181953765846,0.604438
GCGCUUACUGAAGCAGCUG,CGCGCUACGUGAAGGUGGGCAGCUGCUUCAGUAAGCGCUCGUGCUCCGUGCCCGAGG,0.4213273676360924,0.5676207
CGCUUACUGAAGCAGCUGC,CCGCGCUACGUGAAGGUGGGCAGCUGCUUCAGUAAGCGCUCGUGCUCCGUGCCCGAG,0.4705443698732289,0.51121205
CGCGGCCAAAAGCGGCUGC,UACGCGUGGAACGACCUGGGCAGCCGCUUUUGGCCGCGCUACGUGAAGGUGGGCAGC,0.3460104399701715,0.4061953
AAAAGCGGCUGCCCAGGUC,CGUGCUGUACGCGUGGAACGACCUGGGCAGCCGCUUUUGGCCGCGCUACGUGAAGGU,0.5749440715883669,0.44949558
AAGCGGCUGCCCAGGUCGU,CCCGUGCUGUACGCGUGGAACGACCUGGGCAGCCGCUUUUGGCCGCGCUACGUGAAG,0.3810589112602535,0.40879333
GCGGCUGCCCAGGUCGUUC,GCCCCGUGCUGUACGCGUGGAACGACCUGGGCAGCCGCUUUUGGCCGCGCUACGUGA,0.4407158836689038,0.45609224
CGGCUGCCCAGGUCGUUCC,UGCCCCGUGCUGUACGCGUGGAACGACCUGGGCAGCCGCUUUUGGCCGCGCUACGUG,0.384041759880686,0.37116086
CCAGGUCGUUCCACGCGUA,GACAUUCUGCCCCGUGCUGUACGCGUGGAACGACCUGGGCAGCCGCUUUUGGCCGCG,0.3862788963460105,0.39454305
UCGUUCCACGCGUACAGCA,UCGCAGACAUUCUGCCCCGUGCUGUACGCGUGGAACGACCUGGGCAGCCGCUUUUGG,0.6353467561521253,0.61733997
UCCACGCGUACAGCACGGG,GUGGUCGCAGACAUUCUGCCCCGUGCUGUACGCGUGGAACGACCUGGGCAGCCGCUU,0.4496644295302013,0.4247295
GCGUACAGCACGGGGCAGA,UGGCUGUGGUCGCAGACAUUCUGCCCCGUGCUGUACGCGUGGAACGACCUGGGCAGC,0.4548844146159582,0.43565854
GUACAGCACGGGGCAGAAU,UGUGGCUGUGGUCGCAGACAUUCUGCCCCGUGCUGUACGCGUGGAACGACCUGGGCA,0.3803131991051454,0.410697
ACAGCACGGGGCAGAAUGU,GAUGUGGCUGUGGUCGCAGACAUUCUGCCCCGUGCUGUACGCGUGGAACGACCUGGG,0.4474272930648769,0.46473488
ACGGGGCAGAAUGUCUGCG,UUACAGAUGUGGCUGUGGUCGCAGACAUUCUGCCCCGUGCUGUACGCGUGGAACGAC,0.395227442207308,0.47269928
CGGGGCAGAAUGUCUGCGA,GUUACAGAUGUGGCUGUGGUCGCAGACAUUCUGCCCCGUGCUGUACGCGUGGAACGA,0.354958985831469,0.45689338
GGCAGAAUGUCUGCGACCA,GAAGUUACAGAUGUGGCUGUGGUCGCAGACAUUCUGCCCCGUGCUGUACGCGUGGAA,0.3020134228187919,0.52994835
CAGAAUGUCUGCGACCACA,AGGAAGUUACAGAUGUGGCUGUGGUCGCAGACAUUCUGCCCCGUGCUGUACGCGUGG,0.4287844891871737,0.57687443
UGUCUGCGACCACAGCCAC,UGCGGAGGAAGUUACAGAUGUGGCUGUGGUCGCAGACAUUCUGCCCCGUGCUGUACG,0.6211782252050708,0.5039353
CUGCGACCACAGCCACAUC,AGCUGCGGAGGAAGUUACAGAUGUGGCUGUGGUCGCAGACAUUCUGCCCCGUGCUGU,0.6092468307233407,0.515269
UAACUUCCUCCGCAGCUUC,AGAAGCAGCGCCUAAGCAAGAAGCUGCGGAGGAAGUUACAGAUGUGGCUGUGGUCGC,0.7606263982102909,0.70985407
UCCUCCGCAGCUUCUUGCU,GGGCAAGAAGCAGCGCCUAAGCAAGAAGCUGCGGAGGAAGUUACAGAUGUGGCUGUG,0.7285607755406414,0.65194505
CGCAGCUUCUUGCUUAGGC,GCCCAGGGCAAGAAGCAGCGCCUAAGCAAGAAGCUGCGGAGGAAGUUACAGAUGUGG,0.639075316927666,0.62481666
GCUUCUUGCUUAGGCGCUG,CUUGGCCCAGGGCAAGAAGCAGCGCCUAAGCAAGAAGCUGCGGAGGAAGUUACAGAU,0.4668158090976883,0.65383327
CUUGCUUAGGCGCUGCUUC,AGGGCUUGGCCCAGGGCAAGAAGCAGCGCCUAAGCAAGAAGCUGCGGAGGAAGUUAC,0.6189410887397464,0.7104492
UUAGGCGCUGCUUCUUGCC,CUCCGAGGGCUUGGCCCAGGGCAAGAAGCAGCGCCUAAGCAAGAAGCUGCGGAGGAA,0.6808351976137211,0.5967489
UAGGCGCUGCUUCUUGCCC,UCUCCGAGGGCUUGGCCCAGGGCAAGAAGCAGCGCCUAAGCAAGAAGCUGCGGAGGA,0.6957494407158837,0.5171767
GCUUCUUGCCCUGGGCCAA,GCUAGAGUUCUCCGAGGGCUUGGCCCAGGGCAAGAAGCAGCGCCUAAGCAAGAAGCU,0.3064876957494407,0.3012622
CAAGCCCUCGGAGAACUCU,CGAGCGAGAUCAAAGGGCUAGAGUUCUCCGAGGGCUUGGCCCAGGGCAAGAAGCAGC,0.4108873974645787,0.5606402
GAACUCUAGCCCUUUGAUC,CGGGGGCCAUGCCGAGCGAGAUCAAAGGGCUAGAGUUCUCCGAGGGCUUGGCCCAGG,0.5838926174496645,0.6983202
UCUAGCCCUUUGAUCUCGC,CCGUCGGGGGCCAUGCCGAGCGAGAUCAAAGGGCUAGAGUUCUCCGAGGGCUUGGCC,0.72110365398956,0.5520696
CCCCGACGGCCGCUGCCGC,CGGAGCUGGACCAGCUGCUGCGGCAGCGGCCGUCGGGGGCCAUGCCGAGCGAGAUCA,0.5257270693512304,0.29975617
CCGCUGCCGCAGCAGCUGG,AGGACCUGGCGGAGCUGGACCAGCUGCUGCGGCAGCGGCCGUCGGGGGCCAUGCCGA,0.5838926174496645,0.31679177
GCUGCCGCAGCAGCUGGUC,GGAGGACCUGGCGGAGCUGGACCAGCUGCUGCGGCAGCGGCCGUCGGGGGCCAUGCC,0.4116331096196868,0.41233748
GCAGCAGCUGGUCCAGCUC,GGGCGCGGAGGACCUGGCGGAGCUGGACCAGCUGCUGCGGCAGCGGCCGUCGGGGGC,0.5354213273676359,0.5024599
GCUGGUCCAGCUCCGCCAG,AGCUGGGGGCGCGGAGGACCUGGCGGAGCUGGACCAGCUGCUGCGGCAGCGGCCGUC,0.4377330350484713,0.34762305
GCGAGGUGGCCAUGAAGCC,CGGGGGCCACUACGACCCAGGCUUCAUGGCCACCUCGCCCCCCGAGGACCGGCCCGG,0.4817300521998509,0.4096964
UGGCCAUGAAGCCUGGGUC,GCUGCUCGGGGGCCACUACGACCCAGGCUUCAUGGCCACCUCGCCCCCCGAGGACCG,0.6159582401193139,0.48539472
CCCGAGCAGCGAGCGCAGC,AGGAUCUGAACGAGACGCUGCUGCGCUCGCUGCUCGGGGGCCACUACGACCCAGGCU,0.5003728560775541,0.40919206
GAGCAGCGAGCGCAGCAGC,AAAAGGAUCUGAACGAGACGCUGCUGCGCUCGCUGCUCGGGGGCCACUACGACCCAG,0.5876211782252051,0.4328122
AGCAGCGAGCGCAGCAGCG,GAAAAGGAUCUGAACGAGACGCUGCUGCGCUCGCUGCUCGGGGGCCACUACGACCCA,0.5473527218493661,0.4168361
CAGCGAGCGCAGCAGCGUC,AGGAAAAGGAUCUGAACGAGACGCUGCUGCGCUCGCUGCUCGGGGGCCACUACGACC,0.5287099179716629,0.4876501
GCGCAGCAGCGUCUCGUUC,ACCCCAAGGAAAAGGAUCUGAACGAGACGCUGCUGCGCUCGCUGCUCGGGGGCCACU,0.5525727069351231,0.4580625
GCAGCAGCGUCUCGUUCAG,UGACCCCAAGGAAAAGGAUCUGAACGAGACGCUGCUGCGCUCGCUGCUCGGGGGCCA,0.3497390007457121,0.5042831
GUUCAGAUCCUUUUCCUUG,CAGACCCUAUCUUUGACCCCAAGGAAAAGGAUCUGAACGAGACGCUGCUGCGCUCGC,0.7091722595078299,0.684129
CCUUGGGGUCAAAGAUAGG,CCUCAUCGAACACCCAGACCCUAUCUUUGACCCCAAGGAAAAGGAUCUGAACGAGAC,0.6644295302013423,0.5211652
GGGUCAAAGAUAGGGUCUG,GUGGACCUCAUCGAACACCCAGACCCUAUCUUUGACCCCAAGGAAAAGGAUCUGAAC,0.6621923937360179,0.47960877
GGGUCUGGGUGUUCGAUGA,AACCUGCCCCUGGUGGACCUCAUCGAACACCCAGACCCUAUCUUUGACCCCAAGGAA,0.505592841163311,0.36126676
GUCUGGGUGUUCGAUGAGG,ACAACCUGCCCCUGGUGGACCUCAUCGAACACCCAGACCCUAUCUUUGACCCCAAGG,0.5913497390007457,0.49587896
UCUGGGUGUUCGAUGAGGU,GACAACCUGCCCCUGGUGGACCUCAUCGAACACCCAGACCCUAUCUUUGACCCCAAG,0.7591349739000746,0.5818974
UGUUCGAUGAGGUCCACCA,CCCAGCGACAACCUGCCCCUGGUGGACCUCAUCGAACACCCAGACCCUAUCUUUGAC,0.7188665175242356,0.661167
UUCGAUGAGGUCCACCAGG,CACCCAGCGACAACCUGCCCCUGGUGGACCUCAUCGAACACCCAGACCCUAUCUUUG,0.6092468307233407,0.493442
GGGGCAGGUUGUCGCUGGG,UCUCCACAUCCGCCCGGCACCCAGCGACAACCUGCCCCUGGUGGACCUCAUCGAACA,0.5078299776286354,0.41628024
UUGUCGCUGGGUGCCGGGC,CAGCACUAUCUCCACAUCCGCCCGGCACCCAGCGACAACCUGCCCCUGGUGGACCUC,0.6592095451155854,0.39498928
UCGCUGGGUGCCGGGCGGA,GGCCAGCACUAUCUCCACAUCCGCCCGGCACCCAGCGACAACCUGCCCCUGGUGGAC,0.5369127516778524,0.35667777
CGCUGGGUGCCGGGCGGAU,CGGCCAGCACUAUCUCCACAUCCGCCCGGCACCCAGCGACAACCUGCCCCUGGUGGA,0.3184190902311707,0.29541677
GGGUGCCGGGCGGAUGUGG,CCGGCGGCCAGCACUAUCUCCACAUCCGCCCGGCACCCAGCGACAACCUGCCCCUGG,0.3832960477255779,0.31945872
GCCGGGCGGAUGUGGAGAU,XCGGCCGGCGGCCAGCACUAUCUCCACAUCCGCCCGGCACCCAGCGACAACCUGCCC,0.4489187173750932,0.30629063
GGGCGGAUGUGGAGAUAGU,XXXXCGGCCGGCGGCCAGCACUAUCUCCACAUCCGCCCGGCACCCAGCGACAACCUG,0.3937360178970917,0.43827653
GGAGAUAGUGCUGGCCGCC,XXXXXXXXXXXXXXCGGCCGGCGGCCAGCACUAUCUCCACAUCCGCCCGGCACCCAG,0.6517524235645041,0.4979844
GAUAGUGCUGGCCGCCGGC,XXXXXXXXXXXXXXXXXCGGCCGGCGGCCAGCACUAUCUCCACAUCCGCCCGGCACC,0.6129753914988814,0.4137155
UUCCAGAGCUCGGCAGCAU,GAUAGUCCCUUGAACACACAUGCUGCCGAGCUCUGGAAAAACCCCACAGCUUUUAAG,0.6301267710663684,0.61222154
UCCAGAGCUCGGCAGCAUG,UGAUAGUCCCUUGAACACACAUGCUGCCGAGCUCUGGAAAAACCCCACAGCUUUUAA,0.6748695003728561,0.5445291
AGCUCGGCAGCAUGUGUGU,AACAUUGAUAGUCCCUUGAACACACAUGCUGCCGAGCUCUGGAAAAACCCCACAGCU,0.5816554809843401,0.48703036
CUCGGCAGCAUGUGUGUUC,CCAACAUUGAUAGUCCCUUGAACACACAUGCUGCCGAGCUCUGGAAAAACCCCACAG,0.668158090976883,0.5921303
UCGGCAGCAUGUGUGUUCA,CCCAACAUUGAUAGUCCCUUGAACACACAUGCUGCCGAGCUCUGGAAAAACCCCACA,0.645041014168531,0.6071143
AUGUGUGUUCAAGGGACUA,UAGGAGAACCCAACAUUGAUAGUCCCUUGAACACACAUGCUGCCGAGCUCUGGAAAA,0.5674869500372857,0.56124675
UUCAAGGGACUAUCAAUGU,AGCCUUCUAGGAGAACCCAACAUUGAUAGUCCCUUGAACACACAUGCUGCCGAGCUC,0.6771066368381805,0.6916601
UCAAGGGACUAUCAAUGUU,GAGCCUUCUAGGAGAACCCAACAUUGAUAGUCCCUUGAACACACAUGCUGCCGAGCU,0.6942580164056674,0.6234522
CUAUCAAUGUUGGGUUCUC,UCCAUCCAGAGCCUUCUAGGAGAACCCAACAUUGAUAGUCCCUUGAACACACAUGCU,0.494407158836689,0.6082176
AUCAAUGUUGGGUUCUCCU,UCUCCAUCCAGAGCCUUCUAGGAGAACCCAACAUUGAUAGUCCCUUGAACACACAUG,0.7024608501118568,0.63353
AAUGUUGGGUUCUCCUAGA,UGCUCUCCAUCCAGAGCCUUCUAGGAGAACCCAACAUUGAUAGUCCCUUGAACACAC,0.6621923937360179,0.6088146
UGUUGGGUUCUCCUAGAAG,UCUGCUCUCCAUCCAGAGCCUUCUAGGAGAACCCAACAUUGAUAGUCCCUUGAACAC,0.6420581655480985,0.61151683
UUGGGUUCUCCUAGAAGGC,AUUCUGCUCUCCAUCCAGAGCCUUCUAGGAGAACCCAACAUUGAUAGUCCCUUGAAC,0.6920208799403431,0.67645806
GUUCUCCUAGAAGGCUCUG,GACCAUUCUGCUCUCCAUCCAGAGCCUUCUAGGAGAACCCAACAUUGAUAGUCCCUU,0.5630126771066368,0.49748048
UCCUAGAAGGCUCUGGAUG,UCAGGACCAUUCUGCUCUCCAUCCAGAGCCUUCUAGGAGAACCCAACAUUGAUAGUC,0.5861297539149889,0.6092073
UAGAAGGCUCUGGAUGGAG,AUGUCAGGACCAUUCUGCUCUCCAUCCAGAGCCUUCUAGGAGAACCCAACAUUGAUA,0.610738255033557,0.5748719
CUGGAUGGAGAGCAGAAUG,CCCUGUAUGAUGUCAGGACCAUUCUGCUCUCCAUCCAGAGCCUUCUAGGAGAACCCA,0.5943325876211782,0.4980446
GGAGAGCAGAAUGGUCCUG,GGUCUGCCCUGUAUGAUGUCAGGACCAUUCUGCUCUCCAUCCAGAGCCUUCUAGGAG,0.3385533184190902,0.41671297
AGCAGAAUGGUCCUGACAU,AAGUGGUCUGCCCUGUAUGAUGUCAGGACCAUUCUGCUCUCCAUCCAGAGCCUUCUA,0.4213273676360924,0.5171046
GCAGAAUGGUCCUGACAUC,AAAGUGGUCUGCCCUGUAUGAUGUCAGGACCAUUCUGCUCUCCAUCCAGAGCCUUCU,0.3639075316927666,0.45158812
GAAUGGUCCUGACAUCAUA,GGAAAAGUGGUCUGCCCUGUAUGAUGUCAGGACCAUUCUGCUCUCCAUCCAGAGCCU,0.2393736017897091,0.4433686
GGUCCUGACAUCAUACAGG,UGAAGGAAAAGUGGUCUGCCCUGUAUGAUGUCAGGACCAUUCUGCUCUCCAUCCAGA,0.3131991051454139,0.51112646
CCUGACAUCAUACAGGGCA,UCCUGAAGGAAAAGUGGUCUGCCCUGUAUGAUGUCAGGACCAUUCUGCUCUCCAUCC,0.3788217747949292,0.45649707
ACAUCAUACAGGGCAGACC,GACAUCCUGAAGGAAAAGUGGUCUGCCCUGUAUGAUGUCAGGACCAUUCUGCUCUCC,0.4138702460850112,0.5761151
CAUCAUACAGGGCAGACCA,GGACAUCCUGAAGGAAAAGUGGUCUGCCCUGUAUGAUGUCAGGACCAUUCUGCUCUC,0.2132736763609246,0.52102226
UCAUACAGGGCAGACCACU,CUGGACAUCCUGAAGGAAAAGUGGUCUGCCCUGUAUGAUGUCAGGACCAUUCUGCUC,0.4556301267710663,0.6029725
GGCAGACCACUUUUCCUUC,ACAUAUGCCUGGACAUCCUGAAGGAAAAGUGGUCUGCCCUGUAUGAUGUCAGGACCA,0.4720357941834452,0.4554924
GACCACUUUUCCUUCAGGA,GGUAACAUAUGCCUGGACAUCCUGAAGGAAAAGUGGUCUGCCCUGUAUGAUGUCAGG,0.5354213273676359,0.39634055
CACUUUUCCUUCAGGAUGU,CAGGGUAACAUAUGCCUGGACAUCCUGAAGGAAAAGUGGUCUGCCCUGUAUGAUGUC,0.3445190156599553,0.4504673
UUCCUUCAGGAUGUCCAGG,ACACCCAGGGUAACAUAUGCCUGGACAUCCUGAAGGAAAAGUGGUCUGCCCUGUAUG,0.5533184190902312,0.555066
UCCUUCAGGAUGUCCAGGC,GACACCCAGGGUAACAUAUGCCUGGACAUCCUGAAGGAAAAGUGGUCUGCCCUGUAU,0.6398210290827739,0.57786965
CCUUCAGGAUGUCCAGGCA,GGACACCCAGGGUAACAUAUGCCUGGACAUCCUGAAGGAAAAGUGGUCUGCCCUGUA,0.3668903803131991,0.28654033
AGGAUGUCCAGGCAUAUGU,AACGUGGACACCCAGGGUAACAUAUGCCUGGACAUCCUGAAGGAAAAGUGGUCUGCC,0.5645041014168531,0.5556148
GGCAUAUGUUACCCUGGGU,CUAUCACCCCAACGUGGACACCCAGGGUAACAUAUGCCUGGACAUCCUGAAGGAAAA,0.2953020134228188,0.36375138
UUACCCUGGGUGUCCACGU,ACGCCCUGCUAUCACCCCAACGUGGACACCCAGGGUAACAUAUGCCUGGACAUCCUG,0.6189410887397464,0.58994204
GGGUGUCCACGUUGGGGUG,GUUCCUCACGCCCUGCUAUCACCCCAACGUGGACACCCAGGGUAACAUAUGCCUGGA,0.0865026099925428,0.33206367
GUCCACGUUGGGGUGAUAG,UGAAGUUCCUCACGCCCUGCUAUCACCCCAACGUGGACACCCAGGGUAACAUAUGCC,0.575689783743475,0.47448272
UCCACGUUGGGGUGAUAGC,GUGAAGUUCCUCACGCCCUGCUAUCACCCCAACGUGGACACCCAGGGUAACAUAUGC,0.6666666666666667,0.5561673
CGUUGGGGUGAUAGCAGGG,CACAGUGAAGUUCCUCACGCCCUGCUAUCACCCCAACGUGGACACCCAGGGUAACAU,0.3959731543624161,0.41933578
GUUGGGGUGAUAGCAGGGC,CCACAGUGAAGUUCCUCACGCCCUGCUAUCACCCCAACGUGGACACCCAGGGUAACA,0.4727815063385533,0.46790057
UAGCAGGGCGUGAGGAACU,UACAAUGCGCCCACAGUGAAGUUCCUCACGCCCUGCUAUCACCCCAACGUGGACACC,0.6293810589112603,0.5611384
AGCAGGGCGUGAGGAACUU,UUACAAUGCGCCCACAGUGAAGUUCCUCACGCCCUGCUAUCACCCCAACGUGGACAC,0.3803131991051454,0.44112104
GCAGGGCGUGAGGAACUUC,CUUACAAUGCGCCCACAGUGAAGUUCCUCACGCCCUGCUAUCACCCCAACGUGGACA,0.3049962714392244,0.4252335
GUGAGGAACUUCACUGUGG,GGCUACCCUUACAAUGCGCCCACAGUGAAGUUCCUCACGCCCUGCUAUCACCCCAAC,0.5540641312453393,0.55465156
GAGGAACUUCACUGUGGGC,GUGGCUACCCUUACAAUGCGCCCACAGUGAAGUUCCUCACGCCCUGCUAUCACCCCA,0.3482475764354959,0.48872244
GGAACUUCACUGUGGGCGC,CAGUGGCUACCCUUACAAUGCGCCCACAGUGAAGUUCCUCACGCCCUGCUAUCACCC,0.5287099179716629,0.50575
ACUUCACUGUGGGCGCAUU,CCCCAGUGGCUACCCUUACAAUGCGCCCACAGUGAAGUUCCUCACGCCCUGCUAUCA,0.4295302013422818,0.4055203
UUCACUGUGGGCGCAUUGU,UUCCCCAGUGGCUACCCUUACAAUGCGCCCACAGUGAAGUUCCUCACGCCCUGCUAU,0.6987322893363163,0.60613734
GUGGGCGCAUUGUAAGGGU,CUAGAGUUCCCCAGUGGCUACCCUUACAAUGCGCCCACAGUGAAGUUCCUCACGCCC,0.3534675615212528,0.46356234
CGCAUUGUAAGGGUAGCCA,UCUCGCUAGAGUUCCCCAGUGGCUACCCUUACAAUGCGCCCACAGUGAAGUUCCUCA,0.4571215510812826,0.43884525
GCAUUGUAAGGGUAGCCAC,CUCUCGCUAGAGUUCCCCAGUGGCUACCCUUACAAUGCGCCCACAGUGAAGUUCCUC,0.6547352721849367,0.5269285
CAUUGUAAGGGUAGCCACU,GCUCUCGCUAGAGUUCCCCAGUGGCUACCCUUACAAUGCGCCCACAGUGAAGUUCCU,0.5734526472781507,0.560265
UGUAAGGGUAGCCACUGGG,UAAGCUCUCGCUAGAGUUCCCCAGUGGCUACCCUUACAAUGCGCCCACAGUGAAGUU,0.639075316927666,0.5510254
GUAAGGGUAGCCACUGGGG,AUAAGCUCUCGCUAGAGUUCCCCAGUGGCUACCCUUACAAUGCGCCCACAGUGAAGU,0.5048471290082028,0.492317
GUAGCCACUGGGGAACUCU,UGAGGUAUAAGCUCUCGCUAGAGUUCCCCAGUGGCUACCCUUACAAUGCGCCCACAG,0.6487695749440716,0.48744076
UAGCCACUGGGGAACUCUA,CUGAGGUAUAAGCUCUCGCUAGAGUUCCCCAGUGGCUACCCUUACAAUGCGCCCACA,0.5011185682326622,0.5323651
GCCACUGGGGAACUCUAGC,ACCUGAGGUAUAAGCUCUCGCUAGAGUUCCCCAGUGGCUACCCUUACAAUGCGCCCA,0.5145413870246085,0.48495942
CCACUGGGGAACUCUAGCG,GACCUGAGGUAUAAGCUCUCGCUAGAGUUCCCCAGUGGCUACCCUUACAAUGCGCCC,0.6480238627889635,0.48957154
GAACUCUAGCGAGAGCUUA,UAUAUGAAGACCUGAGGUAUAAGCUCUCGCUAGAGUUCCCCAGUGGCUACCCUUACA,0.4489187173750932,0.47339174
UCUAGCGAGAGCUUAUACC,ACAGUAUAUGAAGACCUGAGGUAUAAGCUCUCGCUAGAGUUCCCCAGUGGCUACCCU,0.6808351976137211,0.70084
CUAGCGAGAGCUUAUACCU,AACAGUAUAUGAAGACCUGAGGUAUAAGCUCUCGCUAGAGUUCCCCAGUGGCUACCC,0.6890380313199106,0.63595134
AGCGAGAGCUUAUACCUCA,GGAACAGUAUAUGAAGACCUGAGGUAUAAGCUCUCGCUAGAGUUCCCCAGUGGCUAC,0.6010439970171514,0.6699275
GCGAGAGCUUAUACCUCAG,UGGAACAGUAUAUGAAGACCUGAGGUAUAAGCUCUCGCUAGAGUUCCCCAGUGGCUA,0.5652498135719612,0.57817525
GAGAGCUUAUACCUCAGGU,GCUGGAACAGUAUAUGAAGACCUGAGGUAUAAGCUCUCGCUAGAGUUCCCCAGUGGC,0.6032811334824758,0.54971635
GAGCUUAUACCUCAGGUCU,CAGCUGGAACAGUAUAUGAAGACCUGAGGUAUAAGCUCUCGCUAGAGUUCCCCAGUG,0.5346756152125279,0.48947433
AGCUUAUACCUCAGGUCUU,GCAGCUGGAACAGUAUAUGAAGACCUGAGGUAUAAGCUCUCGCUAGAGUUCCCCAGU,0.3460104399701715,0.5541537
CCUCAGGUCUUCAUAUACU,UCCAUGGAGCAGCUGGAACAGUAUAUGAAGACCUGAGGUAUAAGCUCUCGCUAGAGU,0.575689783743475,0.5001611
CUCAGGUCUUCAUAUACUG,AUCCAUGGAGCAGCUGGAACAGUAUAUGAAGACCUGAGGUAUAAGCUCUCGCUAGAG,0.6129753914988814,0.66892713
UCAGGUCUUCAUAUACUGU,CAUCCAUGGAGCAGCUGGAACAGUAUAUGAAGACCUGAGGUAUAAGCUCUCGCUAGA,0.656972408650261,0.62455386
AGGUCUUCAUAUACUGUUC,ACCAUCCAUGGAGCAGCUGGAACAGUAUAUGAAGACCUGAGGUAUAAGCUCUCGCUA,0.6480238627889635,0.6554435
CUUCAUAUACUGUUCCAGC,XGGGACCAUCCAUGGAGCAGCUGGAACAGUAUAUGAAGACCUGAGGUAUAAGCUCUC,0.674123788217748,0.68459016
UUCAUAUACUGUUCCAGCU,XXGGGACCAUCCAUGGAGCAGCUGGAACAGUAUAUGAAGACCUGAGGUAUAAGCUCU,0.727069351230425,0.74658775
UAUACUGUUCCAGCUGCUC,XXXXXXGGGACCAUCCAUGGAGCAGCUGGAACAGUAUAUGAAGACCUGAGGUAUAAG,0.6353467561521253,0.6894534
ACUGUUCCAGCUGCUCCAU,XXXXXXXXXGGGACCAUCCAUGGAGCAGCUGGAACAGUAUAUGAAGACCUGAGGUAU,0.6301267710663684,0.40864292
CCAGCUGCUCCAUGGAUGG,XXXXXXXXXXXXXXXGGGACCAUCCAUGGAGCAGCUGGAACAGUAUAUGAAGACCUG,0.6017897091722596,0.530838
CAGCUGCUCCAUGGAUGGU,XXXXXXXXXXXXXXXXGGGACCAUCCAUGGAGCAGCUGGAACAGUAUAUGAAGACCU,0.4630872483221476,0.46173558
UGGGUUGGUCAAAGCCGCG,AUGAGACUACGCUGAAAAUCGCGGCUUUGACCAACCCAGUGUACCCCAGCGACCAGA,0.6293810589112603,0.6108866
CACUCCCACAGAAGUAAAG,UCAUCAGCUCUGUGGCGGCCUUUACUUCUGUGGGAGUGGGAACUGUUCUCUGUGACA,0.5048471290082028,0.51209724
AAGCCUUCAGGAGGGUGCG,GGAAAAUGGCAGUGAGUACCGCACCCUCCUGAAGGCUUUUGGCAUCCGCUUCGACGU,0.5063385533184191,0.51530194
AACCUGAAGUUGUAGCCUG,GAGAAAAGCAGCGUGUCCCCAGGCUACAACUUCAGGUUUGCCAAGUACUACAAAAUG,0.7121551081282624,0.64585054
AAACGCUGUCGAGCCGGGU,CAUCCCCAAAUACUCCUUCACCCGGCUCGACAGCGUUUCUGAGAAAAGCAGCGUGUC,0.7017151379567487,0.52001595
UCGAGCCGGGUGAAGGAGU,GACCAGUGCAUCCCCAAAUACUCCUUCACCCGGCUCGACAGCGUUUCUGAGAAAAGC,0.5980611483967189,0.49289337
CCCAGGCCUUGUCCAAGUC,UAAGAUCGGCUGGGUGUGCGACUUGGACAAGGCCUGGGACCAGUGCAUCCCCAAAUA,0.6935123042505593,0.433122
UUGACCACGUCCCCUACCC,CCUUUCUGCCCCAUCUUGCGGGUAGGGGACGUGGUCAAGUUUGCGGGGCAGGAUUUU,0.7076808351976137,0.49329838
AGAUGGGGCAGAAAGGGUC,CCGCUUCCACCCGGACAAGGACCCUUUCUGCCCCAUCUUGCGGGUAGGGGACGUGGU,0.4906785980611484,0.49780115
UGUCCGGGUGGAAGCGGCA,AGCCAGGGACAUGAAGACCUGCCGCUUCCACCCGGACAAGGACCCUUUCUGCCCCAU,0.6987322893363163,0.47988945
AACGGAUGCUGUUCUUGAU,UGAGAACUUCACUAUUUUCAUCAAGAACAGCAUCCGUUUCCCCCUCUUCAACUUUGA,0.5264727815063386,0.6334027
UUGAUGAAAAUAGUGAAGU,AUCAUGAUGGAAGCUGAGAACUUCACUAUUUUCAUCAAGAACAGCAUCCGUUUCCCC,0.6927665920954512,0.6793683
CAUCAUGAUGGGCGUUUCC,CCACGGAGGUGGACACAGUGGAAACGCCCAUCAUGAUGGAAGCUGAGAACUUCACUA,0.55779269202088,0.6331866
GUUUCCACUGUGUCCACCU,CAGGGCUGGUGCCCCACGGAGGUGGACACAGUGGAAACGCCCAUCAUGAUGGAAGCU,0.6815809097688292,0.57800144
CCACCUCCGUGGGGCACCA,GACCUGUGAGAUCCAGGGCUGGUGCCCCACGGAGGUGGACACAGUGGAAACGCCCAU,0.1006711409395973,0.24982318
GCCCGCACUGGCUGUCUGA,GGAGAAAUACCGCUGUGUAUCAGACAGCCAGUGCGGGCCUGAGCGCUUGCCAGGUGG,0.1774794929157345,0.3762145
ACACAGCGGUAUUUCUCCU,GGAUUCUGCCCAGAGAGUGAGGAGAAAUACCGCUGUGUAUCAGACAGCCAGUGCGGG,0.5354213273676359,0.6507536
CACAGCGGUAUUUCUCCUC,AGGAUUCUGCCCAGAGAGUGAGGAGAAAUACCGCUGUGUAUCAGACAGCCAGUGCGG,0.5026099925428785,0.5935314
CCUCACUCUCUGGGCAGAA,UGAAAAUCAGAUGCAAGGAUUCUGCCCAGAGAGUGAGGAGAAAUACCGCUGUGUAUC,0.3303504847129008,0.27303782
UCACUCUCUGGGCAGAAUC,ACUGAAAAUCAGAUGCAAGGAUUCUGCCCAGAGAGUGAGGAGAAAUACCGCUGUGUA,0.7225950782997763,0.6956158
UCUCUGGGCAGAAUCCUUG,UGUUACUGAAAAUCAGAUGCAAGGAUUCUGCCCAGAGAGUGAGGAGAAAUACCGCUG,0.7591349739000746,0.67122114
AGAAUCCUUGCAUCUGAUU,CAAGAUGAUUGUUACUGAAAAUCAGAUGCAAGGAUUCUGCCCAGAGAGUGAGGAGAA,0.5906040268456376,0.5562622
UCAGUAACAAUCAUCUUGG,UCGGUCUUUGUCAUCAUCACCAAGAUGAUUGUUACUGAAAAUCAGAUGCAAGGAUUC,0.7375093214019388,0.7650871
AUGACAAAGACCGAGGUGC,UACGUGACGCCACCUCAGGGCACCUCGGUCUUUGUCAUCAUCACCAAGAUGAUUGUU,0.6405667412378822,0.5534192
GAGGUGCCCUGAGGUGGCG,GAUGUGUCUGAUUACGUGACGCCACCUCAGGGCACCUCGGUCUUUGUCAUCAUCACC,0.0969425801640566,0.332196
GGCGUCACGUAAUCAGACA,GCCAACAGAGUCAUGGAUGUGUCUGAUUACGUGACGCCACCUCAGGGCACCUCGGUC,0.3214019388516033,0.46159315
GUCACGUAAUCAGACACAU,UACGCCAACAGAGUCAUGGAUGUGUCUGAUUACGUGACGCCACCUCAGGGCACCUCG,0.2527964205816555,0.43858895
CAUGACUCUGUUGGCGUAG,AGGUGAAGGGCUCCGGACUCUACGCCAACAGAGUCAUGGAUGUGUCUGAUUACGUGA,0.3982102908277405,0.5809287
AAUGGCUGUGUCCCGUACC,UGCACGAGAAGGCUUACCAGGUACGGGACACAGCCAUUGAGUCCUCGGUGGUAACCA,0.4563758389261745,0.5668099
UGCAAGAAAACCCACCCUA,CUGAUCAUCUCCUACUUUGUAGGGUGGGUUUUCUUGCACGAGAAGGCUUACCAGGUA,0.6129753914988814,0.64216995
GAGAUGAUCAGAAGCUGAA,GGGAUCAUCAACCGAGUAGUUCAGCUUCUGAUCAUCUCCUACUUUGUAGGGUGGGUU,0.3489932885906041,0.51917475
CUGAACUACUCGGUUGAUG,AGAGCUGGACCAUCGGGAUCAUCAACCGAGUAGUUCAGCUUCUGAUCAUCUCCUACU,0.5570469798657718,0.61473006
CUCGGUUGAUGAUCCCGAU,GGUUGUGAAGAGCUGGACCAUCGGGAUCAUCAACCGAGUAGUUCAGCUUCUGAUCAU,0.2930648769574944,0.50272715
GGUUGAUGAUCCCGAUGGU,GGUGGUUGUGAAGAGCUGGACCAUCGGGAUCAUCAACCGAGUAGUUCAGCUUCUGAU,0.1871737509321402,0.45500138
CUCUUCACAACCACCGACU,XXXXXXXXXXXXACCACCAAGUCGGUGGUUGUGAAGAGCUGGACCAUCGGGAUCAUC,0.4839671886651752,0.67603964
CGGUGGACUGCUUCUCCGC,CCCCAGCGACCAGACCACAGCGGAGAAGCAGUCCACCGXXXXXXXXXXXXXXXXXXX,0.6099925428784488,0.5452733
GACUGCUUCUCCGCUGUGG,GUGUACCCCAGCGACCAGACCACAGCGGAGAAGCAGUCCACCGXXXXXXXXXXXXXX,0.4675615212527964,0.5333824
GCGAUUUUCAGCGUAGUCU,AAGUUUGAGGAGGUGAAUGAGACUACGCUGAAAAUCGCGGCUUUGACCAACCCAGUG,0.5749440715883669,0.5908467
CAGCGUAGUCUCAUUCACC,AAGCCAAGAAGUUUGAGGAGGUGAAUGAGACUACGCUGAAAAUCGCGGCUUUGACCA,0.651006711409396,0.7385061
AACUUCUUGGCUUUGUACU,UUCCUCAAGGGGGCCGACCAGUACAAAGCCAAGAAGUUUGAGGAGGUGAAUGAGACU,0.7419835943325876,0.74594766
UUCUUGGCUUUGUACUGGU,AACUUCCUCAAGGGGGCCGACCAGUACAAAGCCAAGAAGUUUGAGGAGGUGAAUGAG,0.6181953765846383,0.7051958
GGCUUUGUACUGGUCGGCC,UGCUCAACUUCCUCAAGGGGGCCGACCAGUACAAAGCCAAGAAGUUUGAGGAGGUGA,0.5070842654735273,0.50219196
UUGAGGAAGUUGAGCAGGA,ACUGUUCUCUGUGACAUCAUCCUGCUCAACUUCCUCAAGGGGGCCGACCAGUACAAA,0.6733780760626399,0.6442413
UCCCACAGAAGUAAAGGCC,CCAUCAUCAGCUCUGUGGCGGCCUUUACUUCUGUGGGAGUGGGAACUGUUCUCUGUG,0.5980611483967189,0.603541
CCACAGAAGUAAAGGCCGC,CACCAUCAUCAGCUCUGUGGCGGCCUUUACUUCUGUGGGAGUGGGAACUGUUCUCUG,0.4578672632363907,0.56435025
GAUGAUGGUGGGGAUGAUG,GGAAUGCUGGCAAGUUCAACAUCAUCCCCACCAUCAUCAGCUCUGUGGCGGCCUUUA,0.2870991797166294,0.40492514
CUUCAGGAGGGUGCGGUAC,AAAUGGAAAAUGGCAGUGAGUACCGCACCCUCCUGAAGGCUUUUGGCAUCCGCUUCG,0.2766592095451156,0.51587516
GGGACACGCUGCUUUUCUC,CCGGCUCGACAGCGUUUCUGAGAAAAGCAGCGUGUCCCCAGGCUACAACUUCAGGUU,0.5093214019388517,0.5495016
UCUCAGAAACGCUGUCGAG,CAAAUACUCCUUCACCCGGCUCGACAGCGUUUCUGAGAAAAGCAGCGUGUCCCCAGG,0.4787472035794183,0.6718763
CAGAAACGCUGUCGAGCCG,CCCCAAAUACUCCUUCACCCGGCUCGACAGCGUUUCUGAGAAAAGCAGCGUGUCCCC,0.6413124533929903,0.57015836
AGAAACGCUGUCGAGCCGG,UCCCCAAAUACUCCUUCACCCGGCUCGACAGCGUUUCUGAGAAAAGCAGCGUGUCCC,0.7307979120059657,0.47366267
AGGAGUAUUUGGGGAUGCA,GGACAAGGCCUGGGACCAGUGCAUCCCCAAAUACUCCUUCACCCGGCUCGACAGCGU,0.4198359433258761,0.47909266
AAGUCGCACACCCAGCCGA,GGAGUUCUGGGCAUUAAGAUCGGCUGGGUGUGCGACUUGGACAAGGCCUGGGACCAG,0.5749440715883669,0.52043486
CACACCCAGCCGAUCUUAA,ACGGGGGGAGUUCUGGGCAUUAAGAUCGGCUGGGUGUGCGACUUGGACAAGGCCUGG,0.4131245339299031,0.53919226
CCAGCCGAUCUUAAUGCCC,CGCGCACGGGGGGAGUUCUGGGCAUUAAGAUCGGCUGGGUGUGCGACUUGGACAAGG,0.4451901565995526,0.5933599
UGCGCGCCAGUUUGGCAAA,CAAGUUUGCGGGGCAGGAUUUUGCCAAACUGGCGCGCACGGGGGGAGUUCUGGGCAU,0.2781506338553318,0.4215904
UGGCAAAAUCCUGCCCCGC,AGGGGACGUGGUCAAGUUUGCGGGGCAGGAUUUUGCCAAACUGGCGCGCACGGGGGG,0.505592841163311,0.5811166
GCAAAAUCCUGCCCCGCAA,GUAGGGGACGUGGUCAAGUUUGCGGGGCAGGAUUUUGCCAAACUGGCGCGCACGGGG,0.2490678598061148,0.50458056
GACCACGUCCCCUACCCGC,ACCCUUUCUGCCCCAUCUUGCGGGUAGGGGACGUGGUCAAGUUUGCGGGGCAGGAUU,0.2774049217002237,0.44329858
ACGUCCCCUACCCGCAAGA,AAGGACCCUUUCUGCCCCAUCUUGCGGGUAGGGGACGUGGUCAAGUUUGCGGGGCAG,0.5659955257270693,0.48786056
CCGCAAGAUGGGGCAGAAA,UCCACCCGGACAAGGACCCUUUCUGCCCCAUCUUGCGGGUAGGGGACGUGGUCAAGU,0.2624906785980611,0.32003883
GGUGGAAGCGGCAGGUCUU,CCUGACAGCCAGGGACAUGAAGACCUGCCGCUUCCACCCGGACAAGGACCCUUUCUG,0.2975391498881432,0.37749657
UCUUCAUGUCCCUGGCUGU,AAACCUCCUUCCCAACCUGACAGCCAGGGACAUGAAGACCUGCCGCUUCCACCCGGA,0.5824011931394482,0.514345
UUCAUGUCCCUGGCUGUCA,GGAAACCUCCUUCCCAACCUGACAGCCAGGGACAUGAAGACCUGCCGCUUCCACCCG,0.6748695003728561,0.5914254
CAUGUCCCUGGCUGUCAGG,AGGGAAACCUCCUUCCCAACCUGACAGCCAGGGACAUGAAGACCUGCCGCUUCCACC,0.2490678598061148,0.41927359
UGGCUGUCAGGUUGGGAAG,CUUUGAGAAGGGAAACCUCCUUCCCAACCUGACAGCCAGGGACAUGAAGACCUGCCG,0.494407158836689,0.5134991
UUCUUGAUGAAAAUAGUGA,AUGAUGGAAGCUGAGAACUUCACUAUUUUCAUCAAGAACAGCAUCCGUUUCCCCCUC,0.5935868754660701,0.6654084
UAGUGAAGUUCUCAGCUUC,GGAAACGCCCAUCAUGAUGGAAGCUGAGAACUUCACUAUUUUCAUCAAGAACAGCAU,0.6621923937360179,0.77365226
CCAUCAUGAUGGGCGUUUC,CACGGAGGUGGACACAGUGGAAACGCCCAUCAUGAUGGAAGCUGAGAACUUCACUAU,0.3631618195376584,0.48404095
AGCCCUGGAUCUCACAGGU,CUACAGCUCUGUGCUCCGGACCUGUGAGAUCCAGGGCUGGUGCCCCACGGAGGUGGA,0.3743475018642804,0.42768672
ACAGGUCCGGAGCACAGAG,GCCGCUGCGUGAACUACAGCUCUGUGCUCCGGACCUGUGAGAUCCAGGGCUGGUGCC,0.3124533929903057,0.44555724
GUCCGGAGCACAGAGCUGU,ACUGGCCGCUGCGUGAACUACAGCUCUGUGCUCCGGACCUGUGAGAUCCAGGGCUGG,0.4414615958240119,0.4604342
CACAGAGCUGUAGUUCACG,GGAUCCUCACUGGCCGCUGCGUGAACUACAGCUCUGUGCUCCGGACCUGUGAGAUCC,0.3131991051454139,0.5550384
UGUAGUUCACGCAGCGGCC,AGGUGGGGGGAUCCUCACUGGCCGCUGCGUGAACUACAGCUCUGUGCUCCGGACCUG,0.5391498881431768,0.5303975
ACGCAGCGGCCAGUGAGGA,CGCUUGCCAGGUGGGGGGAUCCUCACUGGCCGCUGCGUGAACUACAGCUCUGUGCUC,0.122296793437733,0.3479709
CCUUGCAUCUGAUUUUCAG,AUCACCAAGAUGAUUGUUACUGAAAAUCAGAUGCAAGGAUUCUGCCCAGAGAGUGAG,0.6375838926174496,0.58443236
AUCUGAUUUUCAGUAACAA,GUCAUCAUCACCAAGAUGAUUGUUACUGAAAAUCAGAUGCAAGGAUUCUGCCCAGAG,0.4034302759134974,0.5194422
UCUGAUUUUCAGUAACAAU,UGUCAUCAUCACCAAGAUGAUUGUUACUGAAAAUCAGAUGCAAGGAUUCUGCCCAGA,0.5563012677106637,0.5313399
UGAUGAUGACAAAGACCGA,GACGCCACCUCAGGGCACCUCGGUCUUUGUCAUCAUCACCAAGAUGAUUGUUACUGA,0.5428784489187174,0.61978954
CCGAGGUGCCCUGAGGUGG,UGUGUCUGAUUACGUGACGCCACCUCAGGGCACCUCGGUCUUUGUCAUCAUCACCAA,0.5234899328859061,0.37532488
AGGUGCCCUGAGGUGGCGU,GGAUGUGUCUGAUUACGUGACGCCACCUCAGGGCACCUCGGUCUUUGUCAUCAUCAC,0.06413124533929901,0.3607717
GGUGGCGUCACGUAAUCAG,AACAGAGUCAUGGAUGUGUCUGAUUACGUGACGCCACCUCAGGGCACCUCGGUCUUU,0.3728560775540641,0.48069036
UCCAUGACUCUGUUGGCGU,GUGAAGGGCUCCGGACUCUACGCCAACAGAGUCAUGGAUGUGUCUGAUUACGUGACG,0.6651752423564504,0.629464
UUGGCGUAGAGUCCGGAGC,GUGGUAACCAAGGUGAAGGGCUCCGGACUCUACGCCAACAGAGUCAUGGAUGUGUCU,0.651006711409396,0.5935794
GAGCCCUUCACCUUGGUUA,GCCAUUGAGUCCUCGGUGGUAACCAAGGUGAAGGGCUCCGGACUCUACGCCAACAGA,0.1208053691275167,0.39403015
AAAACCCACCCUACAAAGU,CAGCUUCUGAUCAUCUCCUACUUUGUAGGGUGGGUUUUCUUGCACGAGAAGGCUUAC,0.6666666666666667,0.6135584
GAUGAUCAGAAGCUGAACU,UCGGGAUCAUCAACCGAGUAGUUCAGCUUCUGAUCAUCUCCUACUUUGUAGGGUGGG,0.5391498881431768,0.6130061
AUCAGAAGCUGAACUACUC,ACCAUCGGGAUCAUCAACCGAGUAGUUCAGCUUCUGAUCAUCUCCUACUUUGUAGGG,0.6845637583892618,0.76121753
GAAGCUGAACUACUCGGUU,CUGGACCAUCGGGAUCAUCAACCGAGUAGUUCAGCUUCUGAUCAUCUCCUACUUUGU,0.4623415361670395,0.5112218
GAUGAUCCCGAUGGUCCAG,AGUCGGUGGUUGUGAAGAGCUGGACCAUCGGGAUCAUCAACCGAGUAGUUCAGCUUC,0.4526472781506338,0.4993185
