siRNA,mRNA,label,y,td
CUAAUAUGUUAAUUGAUUU,AAAUUGAAAGGAAUUGUAUAAAUCAAUUAACAUAUUAGCUGAGXXXXXXXXXXXXXX,0.3445190156599553,0,"-1.6
AAUAUGUUAAUUGAUUUAU,UAAAAUUGAAAGGAAUUGUAUAAAUCAAUUAACAUAUUAGCUGAGXXXXXXXXXXXX,0.2863534675615212,0,"0.17
GAUUUAUACAAUUCCUUUC,CUUAUUUUUAGAUAAAAUUGAAAGGAAUUGUAUAAAUCAAUUAACAUAUXXXXXXXX,0.3832960477255779,0,"0.0
CAAUUCCUUUCAAUUUUAU,UUGGUCUGCUUAUUUUUAGAUAAAAUUGAAAGGAAUUGUAUAAAUCAAUUAACAUAU,0.2714392244593587,0,"-1.46
CAGACCAAAAUUAAAUAAG,UGGAAUCUUAUGUAACUUUCUUAUUUAAUUUUGGUCUGCUUAXXXXXXXXXXXXXXX,0.3892617449664429,0,"-0.03
AGACCAAAAUUAAAUAAGA,AUGGAAUCUUAUGUAACUUUCUUAUUUAAUUUUGGUCUXXXXXXXXXXXXXXXXXXX,0.3296047725577927,0,"0.27
ACCAAAAUUAAAUAAGAAA,AAAUGGAAUCUUAUGUAACUUUCUUAUUUAAUUUUGGUCUXXXXXXXXXXXXXXXXX,0.3288590604026846,0,"-0.86
CAAAAUUAAAUAAGAAAGU,UCAAAUGGAAUCUUAUGUAACUUUCUUAUUUAAUUUUGGUCUXXXXXXXXXXXXXXX,0.3251304996271439,0,"-0.77
UAAGAAAGUUACAUAAGAU,UUAUGUAUGCUCAAAUGGAAUCUUAUGUAACUUUCUUAUUUAAXXXXXXXXXXXXXX,0.4407158836689038,0,"-0.23
AAGUUACAUAAGAUUCCAU,UGGCCUUAUGUAUGCUCAAAUGGAAUCUUAUGUAACUUUCUXXXXXXXXXXXXXXXX,0.3810589112602535,0,"0.17
ACAUAAGAUUCCAUUUGAG,UAUCAUGGCCUUAUGUAUGCUCAAAUGGAAUCUUAUGUAACUUUCUXXXXXXXXXXX,0.4138702460850112,0,"0.74
AAGAUUCCAUUUGAGCAUA,AAAGUAUCAUGGCCUUAUGUAUGCUCAAAUGGAAUCUUAUGUAACUUUCUXXXXXXX,0.4079045488441462,0,"0.4
CCAUUUGAGCAUACAUAAG,CACAUUAAAGUAUCAUGGCCUUAUGUAUGCUCAAAUGGXXXXXXXXXXXXXXXXXXX,0.3281133482475764,0,"-0.73
CAUUUGAGCAUACAUAAGG,UCACAUUAAAGUAUCAUGGCCUUAUGUAUGCUCAAAUGGXXXXXXXXXXXXXXXXXX,0.4854586129753915,0,"0.7
AUAAGGCCAUGAUACUUUA,AAGAAAUGGUGGUUCACAUUAAAGUAUCAUGGCCUUAUGUAXXXXXXXXXXXXXXXX,0.5659955257270693,1,"0.23
GCCAUGAUACUUUAAUGUG,CUUCCAAGAAAUGGUGGUUCACAUUAAAGUAUCAUGGCCXXXXXXXXXXXXXXXXXX,0.465324384787472,0,"-0.86
UUAAUGUGAACCACCAUUU,AUGUCUUCUUUCUUCCAAGAAAUGGUGGUUCACAUUAAAGUAXXXXXXXXXXXXXXX,0.6398210290827739,1,"0.0
UGUGAACCACCAUUUCUUG,UUGGAUGUCUUCUUUCUUCCAAGAAAUGGUGGUUCACAUXXXXXXXXXXXXXXXXXX,0.6331096196868009,1,"0.9
GAACCACCAUUUCUUGGAA,CAUUUGGAUGUCUUCUUUCUUCCAAGAAAUGGUGGUUCXXXXXXXXXXXXXXXXXXX,0.2856077554064131,0,"-1.87
AUUUCUUGGAAGAAAGAAG,GAAUCGGACAUUUGGAUGUCUUCUUUCUUCCAAGAAAUGGUXXXXXXXXXXXXXXXX,0.4004474272930649,0,"1.43
UGGAAGAAAGAAGACAUCC,CUCUCUGAAUCGGACAUUUGGAUGUCUUCUUUCUUCCAAGAAAXXXXXXXXXXXXXX,0.6204325130499627,1,"1.6
GGAAGAAAGAAGACAUCCA,UCUCUCUGAAUCGGACAUUUGGAUGUCUUCUUUCUUCCAAGAAAXXXXXXXXXXXXX,0.5100671140939598,0,"-1.6
GAAAGAAGACAUCCAAAUG,ACUUUCUCUCUGAAUCGGACAUUUGGAUGUCUUCUUUCUUCCAAGAAAXXXXXXXXX,0.5488441461595824,1,"-0.24
AAGACAUCCAAAUGUCCGA,CAGGAACUUUCUCUCUGAAUCGGACAUUUGGAUGUCUUCUUUCUUCCAAGAAAXXXX,0.6189410887397464,1,"0.97
CAUCCAAAUGUCCGAUUCA,UGGCCAGGAACUUUCUCUCUGAAUCGGACAUUUGGAUGUCUUCUUUCUUCCAAGAAA,0.2900820283370619,0,"-0.9
UUCCUGGCCAGUCAUCCAG,GAAGAGUGGAGAGAGUCUACUGGAUGACUGGCCAGGAACUUUCUCUCUXXXXXXXXX,0.5645041014168531,1,"1.6
CCUGGCCAGUCAUCCAGUA,UUGAAGAGUGGAGAGAGUCUACUGGAUGACUGGCCAGGAXXXXXXXXXXXXXXXXXX,0.4116331096196868,0,"-1.93
AGUCAUCCAGUAGACUCUC,CUUCCCAUUGAAGAGUGGAGAGAGUCUACUGGAUGACUGGCCAGGAXXXXXXXXXXX,0.5764354958985831,1,"1.17
AGACUCUCUCCACUCUUCA,AUAAGCAUCACCUUCCCAUUGAAGAGUGGAGAGAGUCUACUGGAUGACUGGCCAGGA,0.5272184936614467,1,"0.03
GGAAGGUGAUGCUUAUAUU,CUUUGUAGAGAUUUUUAAAAAUAUAAGCAUCACCUUCCCAUUGAAGAGUGGAGAGAG,0.3862788963460105,0,"-2.33
UCUACAAAGCUCACAUACA,CUAGGAUGUACUGUCUUGUUGUAUGUGAGCUUUGUAGAGAXXXXXXXXXXXXXXXXX,0.5615212527964206,1,"-0.24
CAACAAGACAGUACAUCCU,UCAUAUCAGUCACAAAUCUAGGAUGUACUGUCUUGUUGUAUGXXXXXXXXXXXXXXX,0.6092468307233407,1,"-0.93
ACAGUACAUCCUAGAUUUG,UAAAUGCUCAUAUCAGUCACAAAUCUAGGAUGUACUGUCUXXXXXXXXXXXXXXXXX,0.5920954511558538,1,"0.77
UCCUAGAUUUGUGACUGAU,GACAGCCUUAAAUGCUCAUAUCAGUCACAAAUCUAGGAUGUACUGUCUXXXXXXXXX,0.5615212527964206,1,"-0.8
UUUGUGACUGAUAUGAGCA,UGAAAAUGACAGCCUUAAAUGCUCAUAUCAGUCACAAAXXXXXXXXXXXXXXXXXXX,0.6234153616703952,1,"0.73
UGUGACUGAUAUGAGCAUU,CUUGAAAAUGACAGCCUUAAAUGCUCAUAUCAGUCACAAXXXXXXXXXXXXXXXXXX,0.5667412378821775,1,"-0.73
GCAUUUAAGGCUGUCAUUU,ACUAAACUUUUAUACUUGAAAAUGACAGCCUUAAAUGCUCAUAUCAGUCACAAXXXX,0.3154362416107382,0,"-2.49
UUUAAGGCUGUCAUUUUCA,AACACUAAACUUUUAUACUUGAAAAUGACAGCCUUAAAUXXXXXXXXXXXXXXXXXX,0.5876211782252051,1,"0.73
UUAAGGCUGUCAUUUUCAA,GAACACUAAACUUUUAUACUUGAAAAUGACAGCCUUAAAUXXXXXXXXXXXXXXXXX,0.6495152870991797,1,"0.0
AAGUAUAAAAGUUUAGUGU,GCACAGAUUGGGUAAUGGAACACUAAACUUUUAUACUUGAXXXXXXXXXXXXXXXXX,0.5674869500372857,1,"0.86
UAAAAGUUUAGUGUUCCAU,CUACUGCACAGAUUGGGUAAUGGAACACUAAACUUUUAUACUUGAXXXXXXXXXXXX,0.6122296793437733,1,"-0.23
GUGUUCCAUUACCCAAUCU,AUAGCUAUGUCUACUGCACAGAUUGGGUAAUGGAACACUXXXXXXXXXXXXXXXXXX,0.5369127516778524,1,"-1.06
UGUUCCAUUACCCAAUCUG,UAUAGCUAUGUCUACUGCACAGAUUGGGUAAUGGAACAXXXXXXXXXXXXXXXXXXX,0.6435495898583147,1,"0.9
GUUCCAUUACCCAAUCUGU,UUAUAGCUAUGUCUACUGCACAGAUUGGGUAAUGGAACAXXXXXXXXXXXXXXXXXX,0.3512304250559284,0,"-0.9
UGUGCAGUAGACAUAGCUA,UUCACAUGACUUGAGCUUAUAGCUAUGUCUACUGCACAGXXXXXXXXXXXXXXXXXX,0.6472781506338553,1,"-0.33
UGCAGUAGACAUAGCUAUA,AAUUCACAUGACUUGAGCUUAUAGCUAUGUCUACUGCACAGXXXXXXXXXXXXXXXX,0.5786726323639075,1,"-0.33
UAGCUAUAAGCUCAAGUCA,GGGCUUCUGUUAAUUCACAUGACUUGAGCUUAUAGCUAUGUCUACUGXXXXXXXXXX,0.6331096196868009,1,"0.33
AUAAGCUCAAGUCAUGUGA,UUGGUGGGCUUCUGUUAAUUCACAUGACUUGAGCUUAUAGCUAUGUCUACUGXXXXX,0.6487695749440716,1,"0.8
CUCAAGUCAUGUGAAUUAA,UGUCUUUGGUGGGCUUCUGUUAAUUCACAUGACUUGAGCUUAUAGCUAUGUCUACUG,0.4056674123788218,0,"-1.6
UAUAAUUUGGGCAACAGCA,CCUUUCCUACAUUUAAACUUGCUGUUGCCCAAAUUAUAAUUUUUXXXXXXXXXXXXX,0.6383296047725577,1,"0.33
AUAAUUUGGGCAACAGCAA,GCCUUUCCUACAUUUAAACUUGCUGUUGCCCAAAUUAUAAUUUUUXXXXXXXXXXXX,0.622669649515287,1,"-0.17
GCAACAGCAAGUUUAAAUG,UUUUUUCUAGCCUUUCCUACAUUUAAACUUGCUGUUGCCCAAAUUAUAAUUUUUXXX,0.5563012677106637,1,"-0.86
ACAGCAAGUUUAAAUGUAG,ACAUUUUUUCUAGCCUUUCCUACAUUUAAACUUGCUGUUGCCCAAAUUAUAAUUUUU,0.6152125279642058,1,"0.74
AUUGUUUCUCUAAAAUGCA,UUCAUUGUGAACAACCUAAUGCAUUUUAGAGAAACAAUCUCAXXXXXXXXXXXXXXX,0.6331096196868009,1,"0.56
AUGCAUUAGGUUGUUCACA,GUGUUAGACAAAGCUUCAUUGUGAACAACCUAAUGCAUUUUAGAGAAACAAUCUCAX,0.5622669649515287,1,"0.56
UGCAUUAGGUUGUUCACAA,GGUGUUAGACAAAGCUUCAUUGUGAACAACCUAAUGCAUUUUAGAGAAACAAUCUCA,0.6189410887397464,1,"-0.73
UAACACCAUUAUCUGAUGC,CAUGCAUCAGAUAAUGGAUGCAUCAGAUAAUGGUGUUAXXXXXXXXXXXXXXXXXXX,0.6920208799403431,1,"2.09
AACACCAUUAUCUGAUGCA,CCAUGCAUCAGAUAAUGGAUGCAUCAGAUAAUGGUGUUAXXXXXXXXXXXXXXXXXX,0.459358687546607,0,"0.73
CAUUAUCUGAUGCAUCCAU,AUAUGCCAUGCAUCAGAUAAUGGAUGCAUCAGAUAAUGGXXXXXXXXXXXXXXXXXX,0.6152125279642058,1,"-1.46
UAUCUGAUGCAUCCAUUAU,UGCAUAUGCCAUGCAUCAGAUAAUGGAUGCAUCAGAUAAUGGXXXXXXXXXXXXXXX,0.6025354213273677,1,"-0.23
CUGAUGCAUCCAUUAUCUG,UAUUGCAUAUGCCAUGCAUCAGAUAAUGGAUGCAUCAGAUAAUGGXXXXXXXXXXXX,0.5995525727069352,1,"0.03
AUCCAUUAUCUGAUGCAUG,UCUGCCUUAUUGCAUAUGCCAUGCAUCAGAUAAUGGAUGCAUCAGAUAAUGGXXXXX,0.5391498881431768,1,"1.46
CAUUAUCUGAUGCAUGGCA,GGAUCUGCCUUAUUGCAUAUGCCAUGCAUCAGAUAAUGGAUGCAUCAGAUAAUGGXX,0.4451901565995526,0,"-0.9
UUAUCUGAUGCAUGGCAUA,GUGGAUCUGCCUUAUUGCAUAUGCCAUGCAUCAGAUAAUXXXXXXXXXXXXXXXXXX,0.5645041014168531,1,"0.4
AUGCAAUAAGGCAGAUCCA,UUCCUUGUUUGGUCUGCUGUGGAUCUGCCUUAUUGCAUAUGCCAUGCAUCAGAUXXX,0.6614466815809098,1,"0.56
GCAAUAAGGCAGAUCCACA,XCUUCCUUGUUUGGUCUGCUGUGGAUCUGCCUUAUUGCAUAUGCCAUGCAUCAGAUX,0.5130499627143922,0,"-1.76
CAAUAAGGCAGAUCCACAG,XXCUUCCUUGUUUGGUCUGCUGUGGAUCUGCCUUAUUGCAUAUGCCAUGCAUCAGAU,0.5891126025354214,1,"-0.03
CGUCCCGUAGUAGUCGUCG,AGGGCUCAGACCUCUUCUACGACGACUACUACGGGACGGCGAXXXXXXXXXXXXXXX,0.4675615212527964,0,"0.0
CCCGUAGUAGUCGUCGUAG,ACGAGGGCUCAGACCUCUUCUACGACGACUACUACGGGACGGCGAXXXXXXXXXXXX,0.5145413870246085,0,"-0.73
GUAGUCGUCGUAGAAGAGG,CGCCCGACGAGGGCUCAGACCUCUUCUACGACGACUACUXXXXXXXXXXXXXXXXXX,0.6167039522744221,1,"0.57
UAGUCGUCGUAGAAGAGGU,GCGCCCGACGAGGGCUCAGACCUCUUCUACGACGACUACUXXXXXXXXXXXXXXXXX,0.6659209545115585,1,"0.46
GUCGUAGAAGAGGUCUGAG,CGCCGGCGCCCGACGAGGGCUCAGACCUCUUCUACGACGACUACUXXXXXXXXXXXX,0.2774049217002237,0,"-0.16
AGAGGUCUGAGCCCUCGUC,GACCAAGGCGCCGGCGCCCGACGAGGGCUCAGACCUCUUCUXXXXXXXXXXXXXXXX,0.3855331841909023,0,"1.17
GUCUGAGCCCUCGUCGGGC,UGAAGACCAAGGCGCCGGCGCCCGACGAGGGCUCAGACCUXXXXXXXXXXXXXXXXX,0.2505592841163311,0,"0.73
GUCGGGCGCCGGCGCCUUG,CCGAGUACUGCGUGAAGACCAAGGCGCCGGCGCCCGACXXXXXXXXXXXXXXXXXXX,0.1998508575689783,0,"-0.13
GCGCCGGCGCCUUGGUCUU,GCUGGCCGAGUACUGCGUGAAGACCAAGGCGCCGGCGCCCXXXXXXXXXXXXXXXXX,0.1901565995525727,0,"-2.49
UGGUCUUCACGCAGUACUC,GGUGCCCACCACGCUGGCCGAGUACUGCGUGAAGACCAAGGCGCCGGCXXXXXXXXX,0.5495898583146905,1,"1.14
GUCUUCACGCAGUACUCGG,AAGGUGCCCACCACGCUGGCCGAGUACUGCGUGAAGACCAAGGCGCCGGCXXXXXXX,0.4399701715137956,0,"0.57
UUCACGCAGUACUCGGCCA,GUGAAGGUGCCCACCACGCUGGCCGAGUACUGCGUGAAGACCAAGGCGCCGGCXXXX,0.4862043251304996,0,"0.73
CGCAGUACUCGGCCAGCGU,CGGCGUGAAGGUGCCCACCACGCUGGCCGAGUACUGCGUGAAGACCAAGGCGCCGGC,0.3907531692766592,0,"-0.57
GUCACGCUCCGCGUCCACC,AGCAGGUCCUGGGGACCAAGGUGGACGCGGAGCGUGACGGXXXXXXXXXXXXXXXXX,0.3982102908277405,0,"0.57
CCUUGGUCCCCAGGACCUG,CACAGACAUCAUCCGGAAGCAGGUCCUGGGGACCAAGGUXXXXXXXXXXXXXXXXXX,0.3206562266964951,0,"-0.7
GUCCCCAGGACCUGCUUCC,GAGUACACAGACAUCAUCCGGAAGCAGGUCCUGGGGACCAAGGUXXXXXXXXXXXXX,0.4354958985831468,0,"0.57
GCUUCCGGAUGAUGUCUGU,GGGGAAGGAUCGGGAGUACACAGACAUCAUCCGGAAGCAGXXXXXXXXXXXXXXXXX,0.2602535421327367,0,"-1.63
GAUGAUGUCUGUGUACUCC,AGAGCAAGGGGAAGGAUCGGGAGUACACAGACAUCAUCCGXXXXXXXXXXXXXXXXX,0.5712155108128263,1,"0.46
UGUGUACUCCCGAUCCUUC,AGUGGAAAGAGAGCAAGGGGAAGGAUCGGGAGUACACAGACAUCAUCCGXXXXXXXX,0.5540641312453393,1,"1.14
GUGUACUCCCGAUCCUUCC,AAGUGGAAAGAGAGCAAGGGGAAGGAUCGGGAGUACACAGACAUCAUCCGXXXXXXX,0.4213273676360924,0,"0.57
CCCGAUCCUUCCCCUUGCU,GUACAGGAAGUGGAAAGAGAGCAAGGGGAAGGAUCGGGAGUACACAGACAUCAUCCG,0.3072334079045488,0,"-1.63
UUUCCACUUCCUGUACAUC,CAAACGUGGACGCCUCCGUGAUGUACAGGAAGUGGAAAGAXXXXXXXXXXXXXXXXX,0.6181953765846383,1,"1.87
CCUGUACAUCACGGAGGCG,UCUCGCCCGCAAACGUGGACGCCUCCGUGAUGUACAGGAAGUGGAAAGAXXXXXXXX,0.2714392244593587,0,"-0.9
CAUCACGGAGGCGUCCACG,ACACCUUCUCGCCCGCAAACGUGGACGCCUCCGUGAUGUACAGGAAGUGGAAAGAXX,0.5920954511558538,1,"-0.2
UCACGGAGGCGUCCACGUU,CAACACCUUCUCGCCCGCAAACGUGGACGCCUCCGUGAUGUACAGGAAGUGGAAAGA,0.4116331096196868,0,"-0.97
CGGGCGAGAAGGUGUUGGG,GAUCUCCCUCCUGAACGAGCCCAACACCUUCUCGCCCGCAAACGXXXXXXXXXXXXX,0.3422818791946309,0,"0.9
GUUGGGCUCGUUCAGGAGG,UUCUCCUGAGUGUGAUCUCCCUCCUGAACGAGCCCAACACXXXXXXXXXXXXXXXXX,0.5085756897837436,0,"0.57
UCGUUCAGGAGGGAGAUCA,AGGACCAUUCUCCUGAGUGUGAUCUCCCUCCUGAACGAGCXXXXXXXXXXXXXXXXX,0.5219985085756897,1,"-0.24
GGAGGGAGAUCACACUCAG,GAACGUCAGGACCAUUCUCCUGAGUGUGAUCUCCCUCCUGXXXXXXXXXXXXXXXXX,0.1730052199850857,0,"-0.73
GAGGGAGAUCACACUCAGG,AGAACGUCAGGACCAUUCUCCUGAGUGUGAUCUCCCUCCUGXXXXXXXXXXXXXXXX,0.4354958985831468,0,"0.46
GGGAGAUCACACUCAGGAG,GCAGAACGUCAGGACCAUUCUCCUGAGUGUGAUCUCCCUCCUGXXXXXXXXXXXXXX,0.3154362416107382,0,"-0.73
UCACACUCAGGAGAAUGGU,CCCCACGCAGAACGUCAGGACCAUUCUCCUGAGUGUGAUCUCCCUCCUGXXXXXXXX,0.6062639821029082,1,"-0.11
CACACUCAGGAGAAUGGUC,ACCCCACGCAGAACGUCAGGACCAUUCUCCUGAGUGUGXXXXXXXXXXXXXXXXXXX,0.3348247576435496,0,"0.24
CAGGAGAAUGGUCCUGACG,GGUGGAACCCCACGCAGAACGUCAGGACCAUUCUCCUGAGUGUGXXXXXXXXXXXXX,0.5376584638329605,1,"-0.2
AGGAGAAUGGUCCUGACGU,AGGUGGAACCCCACGCAGAACGUCAGGACCAUUCUCCUXXXXXXXXXXXXXXXXXXX,0.5384041759880686,1,"0.16
CUGACGUUCUGCGUGGGGU,CUGCCCUCAGAGAGGUGGAACCCCACGCAGAACGUCAGGACCAUUCUCCUXXXXXXX,0.4310216256524981,0,"-0.74
UCUGCGUGGGGUUCCACCU,CGGGGAGCUGCCCUCAGAGAGGUGGAACCCCACGCAGAACGUCAXXXXXXXXXXXXX,0.5413870246085011,1,"-0.27
CCACCUCUCUGAGGGCAGC,ACGACCCCCAGAGCGGGGAGCUGCCCUCAGAGAGGUGGAACCCCACGCAGAACGUCA,0.2930648769574944,0,"0.16
GGUCGUCCACCGGCGGGUG,CGUGUGUAUCUCCAUCCUCCACCCGCCGGUGGACGACCCCCAGAGCGGGGAGCUGCX,0.1894108873974646,0,"-0.7
GUCGUCCACCGGCGGGUGG,ACGUGUGUAUCUCCAUCCUCCACCCGCCGGUGGACGACCCCCAGAGCGGGGAGCUGC,0.3296047725577927,0,"0.57
CGUAGAUGUUAGGGUGCCA,UCGGUUCCUGACCAAGAUGUGGCACCCUAACAUCUACGAGACGGGGGACGUXXXXXX,0.1871737509321402,0,"-0.7
UGUUAGGGUGCCACAUCUU,AGCCUUUCGGUUCCUGACCAAGAUGUGGCACCCUAACAUCUACGAGACGGGGGACGU,0.273676360924683,0,"-0.73
GUGGAGAGUAUGGGUAGUC,GCGCCUCAAGUUCCCCAUCGACUACCCAUACUCUCCACXXXXXXXXXXXXXXXXXXX,0.4914243102162565,0,"0.11
GUAUGGGUAGUCGAUGGGG,UCAAGGCGCGCCUCAAGUUCCCCAUCGACUACCCAUACUCUCCAXXXXXXXXXXXXX,0.3348247576435496,0,"0.57
GAUGGGGAACUUGAGGCGC,AGGGCGGCUACUUCAAGGCGCGCCUCAAGUUCCCCAUCGXXXXXXXXXXXXXXXXXX,0.4325130499627144,0,"0.62
AUGGGGAACUUGAGGCGCG,GAGGGCGGCUACUUCAAGGCGCGCCUCAAGUUCCCCAUCGXXXXXXXXXXXXXXXXX,0.3810589112602535,0,"1.26
CGCCUUGAAGUAGCCGCCC,CCCCCAACACCUACUACGAGGGCGGCUACUUCAAGGCGCGCCUCAAGUUCXXXXXXX,0.2222222222222222,0,"0.9
GAAGUAGCCGCCCUCGUAG,UCGGGCCCCCCAACACCUACUACGAGGGCGGCUACUUCAAGGCGCGCCUCAAGUUCX,0.4459358687546607,0,"-0.27
AAGUAGCCGCCCUCGUAGU,UUCGGGCCCCCCAACACCUACUACGAGGGCGGCUACUUCAAGGCGCGCCUCAAGUUC,0.5495898583146905,1,"0.86
CCUCCCAGUUGUAUAGAUC,GACACUGGUGGACGAGGGCGAUCUAUACAACUGGGAGGUGXXXXXXXXXXXXXXXXX,0.3109619686800894,0,"-0.46
UCCCAGUUGUAUAGAUCGC,GUGACACUGGUGGACGAGGGCGAUCUAUACAACUGGGAGGUGXXXXXXXXXXXXXXX,0.5518269947800151,1,"1.52
GUUGUAUAGAUCGCCCUCG,UCCGCGUGACACUGGUGGACGAGGGCGAUCUAUACAACUGXXXXXXXXXXXXXXXXX,0.5421327367636093,1,"-0.33
UGUAUAGAUCGCCCUCGUC,AUUCCGCGUGACACUGGUGGACGAGGGCGAUCUAUACAACUGXXXXXXXXXXXXXXX,0.4794929157345265,0,"1.14
UCGCCCUCGUCCACCAGUG,GUCGAGGGAUUCCGCGUGACACUGGUGGACGAGGGCGAUCUAUACAACUGXXXXXXX,0.5630126771066368,1,"0.66
CGUCCACCAGUGUCACGCG,AGAGCCGGUCGAGGGAUUCCGCGUGACACUGGUGGACGAGGGCGAUCUAUACAACUG,0.5018642803877703,0,"0.0
CCCUCGACCGGCUCUUCCU,XXXXXXXXCAAGGGGCUGCAGGAAGAGCCGGUCGAGGGAUUCCGCGUGAXXXXXXXX,0.3303504847129008,0,"-1.63
CGGCUCUUCCUGCAGCCCC,XXXXXXXXXXXXXXXXCAAGGGGCUGCAGGAAGAGCCGGUCGAGGGAUUCCGCGUGA,0.354958985831469,0,"0.9
GUCUGUUUUAUAGAUCCGU,CCCUAGUGCCAGAGAUUGCACGGAUCUAUAAAACAGACAXXXXXXXXXXXXXXXXXX,0.5093214019388517,0,"-0.9
UUUAUAGAUCCGUGCAAUC,AUGACCCCCUAGUGCCAGAGAUUGCACGGAUCUAUAAAACAGACAXXXXXXXXXXXX,0.6890380313199106,1,"1.87
AGAUCCGUGCAAUCUCUGG,CCCAGAUGACCCCCUAGUGCCAGAGAUUGCACGGAUCUAUAAAACAGACAXXXXXXX,0.6114839671886652,1,"1.63
CGUGCAAUCUCUGGCACUA,CCAAACCCAGAUGACCCCCUAGUGCCAGAGAUUGCACGGAUCUAUAAAACAGACAXX,0.465324384787472,0,"-1.03
UGCAAUCUCUGGCACUAGG,AUCCAAACCCAGAUGACCCCCUAGUGCCAGAGAUUGCAXXXXXXXXXXXXXXXXXXX,0.6428038777032066,1,"1.6
GGGUCAUCUGGGUUUGGAU,AUUUGUUCACUGCUAUGUGAUCCAAACCCAGAUGACCCCCUAGUXXXXXXXXXXXXX,0.3318419090231171,0,"-2.16
GGUCAUCUGGGUUUGGAUC,CAUUUGUUCACUGCUAUGUGAUCCAAACCCAGAUGACCCCCUAGUXXXXXXXXXXXX,0.4213273676360924,0,"-0.46
CUGGGUUUGGAUCACAUAG,UUUAUCCAUUUGUUCACUGCUAUGUGAUCCAAACCCAGAXXXXXXXXXXXXXXXXXX,0.7143922445935869,1,"0.0
GGGUUUGGAUCACAUAGCA,CUUUUAUCCAUUUGUUCACUGCUAUGUGAUCCAAACCCXXXXXXXXXXXXXXXXXXX,0.3146905294556301,0,"-1.6
UUGGAUCACAUAGCAGUGA,AGUUCUUUUAUCCAUUUGUUCACUGCUAUGUGAUCCAAACCCXXXXXXXXXXXXXXX,0.7099179716629381,1,"0.97
CAUAGCAGUGAACAAAUGG,AUUUCUAAAGUUCUUUUAUCCAUUUGUUCACUGCUAUGUXXXXXXXXXXXXXXXXXX,0.7046979865771812,1,"0.7
AUAGCAGUGAACAAAUGGA,AAUUUCUAAAGUUCUUUUAUCCAUUUGUUCACUGCUAUGUXXXXXXXXXXXXXXXXX,0.7337807606263982,1,"0.8
UAGCAGUGAACAAAUGGAU,CAAUUUCUAAAGUUCUUUUAUCCAUUUGUUCACUGCUAXXXXXXXXXXXXXXXXXXX,0.7166293810589113,1,"-0.23
GCAGUGAACAAAUGGAUAA,AACAAUUUCUAAAGUUCUUUUAUCCAUUUGUUCACUGCUAXXXXXXXXXXXXXXXXX,0.1759880686055182,0,"-2.49
GUGAACAAAUGGAUAAAAG,UUUAACAAUUUCUAAAGUUCUUUUAUCCAUUUGUUCACUGCUAXXXXXXXXXXXXXX,0.2013422818791946,0,"-0.16
UGGAUAAAAGAACUUUAGA,GUCGCCUGCUUUAACAAUUUCUAAAGUUCUUUUAUCCAUUUGUXXXXXXXXXXXXXX,0.4787472035794183,0,"0.24
GAUAAAAGAACUUUAGAAA,UGGUCGCCUGCUUUAACAAUUUCUAAAGUUCUUUUAUCXXXXXXXXXXXXXXXXXXX,0.2281879194630872,0,"-1.87
AAAAGAACUUUAGAAAUUG,CAGUGGUCGCCUGCUUUAACAAUUUCUAAAGUUCUUUUAUXXXXXXXXXXXXXXXXX,0.6010439970171514,1,"1.63
UUUAGAAAUUGUUAAAGCA,UAAGAUCACAGUGGUCGCCUGCUUUAACAAUUUCUAAAXXXXXXXXXXXXXXXXXXX,0.6860551826994781,1,"0.73
UUAGAAAUUGUUAAAGCAG,CUAAGAUCACAGUGGUCGCCUGCUUUAACAAUUUCUAAAXXXXXXXXXXXXXXXXXX,0.6689038031319909,1,"1.6
AUUGUUAAAGCAGGCGACC,GAUAUUCUAAGAUCACAGUGGUCGCCUGCUUUAACAAUUUCUAXXXXXXXXXXXXXX,0.6301267710663684,1,"2.16
UUGUUAAAGCAGGCGACCA,CGAUAUUCUAAGAUCACAGUGGUCGCCUGCUUUAACAAUUUCUAXXXXXXXXXXXXX,0.6733780760626399,1,"0.73
UGUUAAAGCAGGCGACCAC,UCGAUAUUCUAAGAUCACAGUGGUCGCCUGCUUUAACAAUUUCUAXXXXXXXXXXXX,0.7472035794183445,1,"1.03
GGCGACCACUGUGAUCUUA,AGCAUUUGUCUCGAUAUUCUAAGAUCACAGUGGUCGCCXXXXXXXXXXXXXXXXXXX,0.4146159582401194,0,"-1.93
CGACCACUGUGAUCUUAGA,GCAGCAUUUGUCUCGAUAUUCUAAGAUCACAGUGGUCGCXXXXXXXXXXXXXXXXXX,0.3228933631618195,0,"-0.46
UGAUCUUAGAAUAUCGAGA,ACAGUAAUGGCAGCAUUUGUCUCGAUAUUCUAAGAUCACXXXXXXXXXXXXXXXXXX,0.7315436241610738,1,"0.24
GAAUAUCGAGACAAAUGCU,AAAUAUUAACAGUAAUGGCAGCAUUUGUCUCGAUAUUCUAAGXXXXXXXXXXXXXXX,0.5906040268456376,1,"-1.17
AAUAUCGAGACAAAUGCUG,CAAAUAUUAACAGUAAUGGCAGCAUUUGUCUCGAUAUUCUAAGXXXXXXXXXXXXXX,0.7099179716629381,1,"1.63
AUCGAGACAAAUGCUGCCA,AUCCAAAUAUUAACAGUAAUGGCAGCAUUUGUCUCGAUAUUCUAAGXXXXXXXXXXX,0.7427293064876958,1,"0.56
ACAAAUGCUGCCAUUACUG,UUUAUCAUCCAAAUAUUAACAGUAAUGGCAGCAUUUGUCUCXXXXXXXXXXXXXXXX,0.7263236390753169,1,"0.77
UGCUGCCAUUACUGUUAAU,AAGAAUUUAUCAUCCAAAUAUUAACAGUAAUGGCAGCAUUUGXXXXXXXXXXXXXXX,0.4295302013422818,0,"-0.56
CUGUUAAUAUUUGGAUGAU,GCAUUUACAACAAGAAUUUAUCAUCCAAAUAUUAACAGUXXXXXXXXXXXXXXXXXX,0.23862788963460102,0,"-1.43
UAAUAUUUGGAUGAUAAAU,GGUUGCAUUUACAACAAGAAUUUAUCAUCCAAAUAUUAACXXXXXXXXXXXXXXXXX,0.5682326621923938,1,"-0.23
UUUGGAUGAUAAAUUCUUG,CCUAAGGUUGCAUUUACAACAAGAAUUUAUCAUCCAAAUXXXXXXXXXXXXXXXXXX,0.6942580164056674,1,"1.63
GAUAAAUUCUUGUUGUAAA,CAAACCACCUAAGGUUGCAUUUACAACAAGAAUUUAUCAUCCAAAUXXXXXXXXXXX,0.3639075316927666,0,"-1.87
AUAAAUUCUUGUUGUAAAU,UCAAACCACCUAAGGUUGCAUUUACAACAAGAAUUUAUCAUCCAAAUXXXXXXXXXX,0.5548098434004475,1,"0.0
UAAAUUCUUGUUGUAAAUG,UUCAAACCACCUAAGGUUGCAUUUACAACAAGAAUUUAXXXXXXXXXXXXXXXXXXX,0.5219985085756897,1,"1.23
AAUUCUUGUUGUAAAUGCA,CCUUCAAACCACCUAAGGUUGCAUUUACAACAAGAAUUXXXXXXXXXXXXXXXXXXX,0.6211782252050708,1,"0.73
AUUCUUGUUGUAAAUGCAA,CCCUUCAAACCACCUAAGGUUGCAUUUACAACAAGAAUUXXXXXXXXXXXXXXXXXX,0.5100671140939598,0,"-0.17
CUUGUUGUAAAUGCAACCU,UACCCCUUCAAACCACCUAAGGUUGCAUUUACAACAAGAAUUXXXXXXXXXXXXXXX,0.6457867263236391,1,"-0.9
UUGUUGUAAAUGCAACCUU,CUACCCCUUCAAACCACCUAAGGUUGCAUUUACAACAAGAAUUXXXXXXXXXXXXXX,0.6189410887397464,1,"0.0
GUUGUAAAUGCAACCUUAG,GACUACCCCUUCAAACCACCUAAGGUUGCAUUUACAACXXXXXXXXXXXXXXXXXXX,0.6032811334824758,1,"-0.16
CAACCUUAGGUGGUUUGAA,UUUUCCUACAGACUACCCCUUCAAACCACCUAAGGUUGCAUUXXXXXXXXXXXXXXX,0.4802386278896346,0,"-1.63
ACCUUAGGUGGUUUGAAGG,CAUUUUCCUACAGACUACCCCUUCAAACCACCUAAGGUUGCAUUXXXXXXXXXXXXX,0.7046979865771812,1,"1.47
GGUGGUUUGAAGGGGUAGU,ACAAUUCAUUUUCCUACAGACUACCCCUUCAAACCACCXXXXXXXXXXXXXXXXXXX,0.4705443698732289,0,"-1.47
GUGGUUUGAAGGGGUAGUC,GACAAUUCAUUUUCCUACAGACUACCCCUUCAAACCACXXXXXXXXXXXXXXXXXXX,0.6532438478747203,1,"0.11
UUGAAGGGGUAGUCUGUAG,UUUUUGACAAUUCAUUUUCCUACAGACUACCCCUUCAAACCAXXXXXXXXXXXXXXX,0.7076808351976137,1,"1.6
UGAAGGGGUAGUCUGUAGG,CUUUUUGACAAUUCAUUUUCCUACAGACUACCCCUUCAAACCAXXXXXXXXXXXXXX,0.7449664429530202,1,"1.6
UAGUCUGUAGGAAAAUGAA,GGUGUAUUCUUUUUGACAAUUCAUUUUCCUACAGACUACCCCUUCAAACCAXXXXXX,0.6338553318419089,1,"-0.4
GUCUGUAGGAAAAUGAAUU,GCGGUGUAUUCUUUUUGACAAUUCAUUUUCCUACAGACUACCCCUUCAAACCAXXXX,0.4645786726323639,0,"-1.76
CUGUAGGAAAAUGAAUUGU,AGGCGGUGUAUUCUUUUUGACAAUUCAUUUUCCUACAGACUACCCCUUCAAACCAXX,0.5682326621923938,1,"-0.74
UGUAGGAAAAUGAAUUGUC,AAGGCGGUGUAUUCUUUUUGACAAUUCAUUUUCCUACAGACUACCCCUUCAAACCAX,0.6882923191648024,1,"1.14
GUAGGAAAAUGAAUUGUCA,CAAGGCGGUGUAUUCUUUUUGACAAUUCAUUUUCCUACXXXXXXXXXXXXXXXXXXX,0.4131245339299031,0,"-1.03
AAAAGAAUACACCGCCUUG,ACCUAAUGACAGCCCAUAUCAAGGCGGUGUAUUCUUUUUGAXXXXXXXXXXXXXXXX,0.7792692020879941,1,"1.63
AGAAUACACCGCCUUGAUA,GGGACCUAAUGACAGCCCAUAUCAAGGCGGUGUAUUCUUUUUGAXXXXXXXXXXXXX,0.7419835943325876,1,"-0.3
CUUGAUAUGGGCUGUCAUU,AGCCACAAUUAUGGGACCUAAUGACAGCCCAUAUCAAGGCGGUGUXXXXXXXXXXXX,0.5965697240865027,1,"-1.6
UUGAUAUGGGCUGUCAUUA,AAGCCACAAUUAUGGGACCUAAUGACAGCCCAUAUCAAXXXXXXXXXXXXXXXXXXX,0.7285607755406414,1,"0.4
GGGCUGUCAUUAGGUCCCA,CAUUGGCAAGCCACAAUUAUGGGACCUAAUGACAGCCCXXXXXXXXXXXXXXXXXXX,0.3624161073825503,0,"-1.6
GCUGUCAUUAGGUCCCAUA,UUCAUUGGCAAGCCACAAUUAUGGGACCUAAUGACAGCCCXXXXXXXXXXXXXXXXX,0.3310961968680089,0,"-2.09
UGUCAUUAGGUCCCAUAAU,GUUUCAUUGGCAAGCCACAAUUAUGGGACCUAAUGACAXXXXXXXXXXXXXXXXXXX,0.4780014914243102,0,"-0.56
GGUCCCAUAAUUGUGGCUU,GAUGAUAUGUUUCAUUGGCAAGCCACAAUUAUGGGACCXXXXXXXXXXXXXXXXXXX,0.3877703206562267,0,"-2.33
GUCCCAUAAUUGUGGCUUG,GGAUGAUAUGUUUCAUUGGCAAGCCACAAUUAUGGGACCXXXXXXXXXXXXXXXXXX,0.2624906785980611,0,"-0.13
UCCCAUAAUUGUGGCUUGC,GGGAUGAUAUGUUUCAUUGGCAAGCCACAAUUAUGGGAXXXXXXXXXXXXXXXXXXX,0.5652498135719612,1,"1.52
CCCAUAAUUGUGGCUUGCC,GGGGAUGAUAUGUUUCAUUGGCAAGCCACAAUUAUGGGAXXXXXXXXXXXXXXXXXX,0.4489187173750932,0,"0.0
UAAUUGUGGCUUGCCAAUG,AGUUGGGGAUGAUAUGUUUCAUUGGCAAGCCACAAUUAUGGGAXXXXXXXXXXXXXX,0.7479492915734526,1,"1.23
UUGUGGCUUGCCAAUGAAA,UCCAGUUGGGGAUGAUAUGUUUCAUUGGCAAGCCACAAUUAUGGGAXXXXXXXXXXX,0.6360924683072334,1,"0.0
UGUGGCUUGCCAAUGAAAC,GUCCAGUUGGGGAUGAUAUGUUUCAUUGGCAAGCCACAXXXXXXXXXXXXXXXXXXX,0.7076808351976137,1,"1.03
UGGCUUGCCAAUGAAACAU,AGGUCCAGUUGGGGAUGAUAUGUUUCAUUGGCAAGCCACXXXXXXXXXXXXXXXXXX,0.6763609246830724,1,"-0.56
GGCUUGCCAAUGAAACAUA,CAGGUCCAGUUGGGGAUGAUAUGUUUCAUUGGCAAGCCACXXXXXXXXXXXXXXXXX,0.3333333333333333,0,"-1.93
GCCAAUGAAACAUAUCAUC,UUCUGCAGGUCCAGUUGGGGAUGAUAUGUUUCAUUGGCXXXXXXXXXXXXXXXXXXX,0.4929157345264728,0,"-0.62
CAAUGAAACAUAUCAUCCC,UGUUCUGCAGGUCCAGUUGGGGAUGAUAUGUUUCAUUGGCXXXXXXXXXXXXXXXXX,0.7084265473527218,1,"0.7
AUAUCAUCCCCAACUGGAC,CCAGCACAAUGUUCUGCAGGUCCAGUUGGGGAUGAUAUGXXXXXXXXXXXXXXXXXX,0.6584638329604773,1,"1.59
UAUCAUCCCCAACUGGACC,UCCAGCACAAUGUUCUGCAGGUCCAGUUGGGGAUGAUAUGXXXXXXXXXXXXXXXXX,0.6987322893363163,1,"1.93
CCCCAACUGGACCUGCAGA,XXXXXXUCCAGCACAAUGUUCUGCAGGUCCAGUUGGGGAUGAUAUGXXXXXXXXXXX,0.2453392990305742,0,"-1.36
CCCAACUGGACCUGCAGAA,XXXXXXXUCCAGCACAAUGUUCUGCAGGUCCAGUUGGGGAUGAUAUGXXXXXXXXXX,0.3728560775540641,0,"-2.33
GACCUGCAGAACAUUGUGC,XXXXXXXXXXXXXXXUCCAGCACAAUGUUCUGCAGGUCCAGUUGGGGAUGAUAUGXX,0.7479492915734526,1,"0.62
ACCUGCAGAACAUUGUGCU,XXXXXXXXXXXXXXXXUCCAGCACAAUGUUCUGCAGGUCCAGUUGGGGAUGAUAUGX,0.7568978374347501,1,"-0.16
CCUGCAGAACAUUGUGCUG,XXXXXXXXXXXXXXXXXUCCAGCACAAUGUUCUGCAGGUCCAGUUGGGGAUGAUAUG,0.6547352721849367,1,"-0.7
CUUUGUUCAACAAUGGCCG,GAAUAUGAGAAAAGAGUUUCGGCCAUUGUUGAACAAAGXXXXXXXXXXXXXXXXXXX,0.5704697986577182,1,"-0.17
GUUCAACAAUGGCCGAAAC,ACGAGAAUAUGAGAAAAGAGUUUCGGCCAUUGUUGAACXXXXXXXXXXXXXXXXXXX,0.459358687546607,0,"0.0
CAAUGGCCGAAACUCUUUU,AAACAAACGAGAAUAUGAGAAAAGAGUUUCGGCCAUUGUUGAACXXXXXXXXXXXXX,0.3668903803131991,0,"-1.63
AUGGCCGAAACUCUUUUCU,GAAAACAAACGAGAAUAUGAGAAAAGAGUUUCGGCCAUUGUUGAACXXXXXXXXXXX,0.5801640566741239,1,"0.53
UGGCCGAAACUCUUUUCUC,GGAAAACAAACGAGAAUAUGAGAAAAGAGUUUCGGCCAUUGUUGAACXXXXXXXXXX,0.6167039522744221,1,"1.14
CGAAACUCUUUUCUCAUAU,AUCAGGAAAACAAACGAGAAUAUGAGAAAAGAGUUUCGGCXXXXXXXXXXXXXXXXX,0.3452647278150634,0,"-1.26
AAACUCUUUUCUCAUAUUC,UUAUCAGGAAAACAAACGAGAAUAUGAGAAAAGAGUUUCGGCXXXXXXXXXXXXXXX,0.586875466070097,1,"1.87
ACUCUUUUCUCAUAUUCUC,CUUUAUCAGGAAAACAAACGAGAAUAUGAGAAAAGAGUUUCGGCXXXXXXXXXXXXX,0.6234153616703952,1,"1.01
CUCUUUUCUCAUAUUCUCG,GCUUUAUCAGGAAAACAAACGAGAAUAUGAGAAAAGAGXXXXXXXXXXXXXXXXXXX,0.5480984340044742,1,"-0.17
UCUUUUCUCAUAUUCUCGU,AGCUUUAUCAGGAAAACAAACGAGAAUAUGAGAAAAGAGXXXXXXXXXXXXXXXXXX,0.6278896346010439,1,"-0.11
AUUCUCGUUUGUUUUCCUG,CCAGGCAGCACAGCUUUAUCAGGAAAACAAACGAGAAUAXXXXXXXXXXXXXXXXXX,0.6263982102908278,1,"1.46
UUUGUUUUCCUGAUAAAGC,CCAAUAGCCAGGCAGCACAGCUUUAUCAGGAAAACAAACGXXXXXXXXXXXXXXXXX,0.5995525727069352,1,"2.49
UUUCCUGAUAAAGCUGUGC,UCCAGCCAAUAGCCAGGCAGCACAGCUUUAUCAGGAAAACAXXXXXXXXXXXXXXXX,0.6249067859806114,1,"2.49
UCCUGAUAAAGCUGUGCUG,AGUCCAGCCAAUAGCCAGGCAGCACAGCUUUAUCAGGAXXXXXXXXXXXXXXXXXXX,0.5779269202087994,1,"0.66
GAUAAAGCUGUGCUGCCUG,UAACAGUCCAGCCAAUAGCCAGGCAGCACAGCUUUAUCAGGAXXXXXXXXXXXXXXX,0.5600298284862043,1,"-0.24
AAAGCUGUGCUGCCUGGCU,UCCUAACAGUCCAGCCAAUAGCCAGGCAGCACAGCUUUAUCAGGAXXXXXXXXXXXX,0.5324384787472035,1,"0.7
AGCUGUGCUGCCUGGCUAU,AAUCCUAACAGUCCAGCCAAUAGCCAGGCAGCACAGCUUUAUCAGGAXXXXXXXXXX,0.5309470544369873,1,"-0.53
GCUGUGCUGCCUGGCUAUU,GAAUCCUAACAGUCCAGCCAAUAGCCAGGCAGCACAGCUUUAUCAGGAXXXXXXXXX,0.3803131991051454,0,"-2.49
UGCUGCCUGGCUAUUGGCU,AACCGAAUCCUAACAGUCCAGCCAAUAGCCAGGCAGCAXXXXXXXXXXXXXXXXXXX,0.5659955257270693,1,"-0.03
CCUGGCUAUUGGCUGGACU,GGAUGAACCGAAUCCUAACAGUCCAGCCAAUAGCCAGGCAGCXXXXXXXXXXXXXXX,0.5123042505592842,0,"-1.63
GGACUGUUAGGAUUCGGUU,AUUCAGUCUCUGCUGGAUGAACCGAAUCCUAACAGUCCAGXXXXXXXXXXXXXXXXX,0.37211036539895603,0,"-2.33
GACUGUUAGGAUUCGGUUC,AAUUCAGUCUCUGCUGGAUGAACCGAAUCCUAACAGUCXXXXXXXXXXXXXXXXXXX,0.5421327367636093,1,"0.0
UUAGGAUUCGGUUCAUCCA,ACAUCAAUUCAGUCUCUGCUGGAUGAACCGAAUCCUAACAGUCXXXXXXXXXXXXXX,0.5540641312453393,1,"0.73
AGGAUUCGGUUCAUCCAGC,UAACAUCAAUUCAGUCUCUGCUGGAUGAACCGAAUCCUAACAGUCXXXXXXXXXXXX,0.6077554064131245,1,"1.79
GGUUCAUCCAGCAGAGACU,UCUAUCUUAACAUCAAUUCAGUCUCUGCUGGAUGAACCGAXXXXXXXXXXXXXXXXX,0.3959731543624161,0,"-1.63
UUCAUCCAGCAGAGACUGA,CUUCUAUCUUAACAUCAAUUCAGUCUCUGCUGGAUGAACCGAXXXXXXXXXXXXXXX,0.465324384787472,0,"0.97
AUCCAGCAGAGACUGAAUU,UAUCUUCUAUCUUAACAUCAAUUCAGUCUCUGCUGGAUGAACCGAXXXXXXXXXXXX,0.45339299030574204,0,"-0.17
CUGAAUUGAUGUUAAGAUA,CAACAUAUGAUGUAUCUUCUAUCUUAACAUCAAUUCAGUCUXXXXXXXXXXXXXXXX,0.3765846383296047,0,"-1.2
UUAAGAUAGAAGAUACAUC,UCGAUGGAGUCCAACAUAUGAUGUAUCUUCUAUCUUAACAUCAAUXXXXXXXXXXXX,0.6316181953765846,1,"1.87
AUAGAAGAUACAUCAUAUG,CAGAAUCGAUGGAGUCCAACAUAUGAUGUAUCUUCUAUXXXXXXXXXXXXXXXXXXX,0.6256524981357195,1,"1.46
AUACAUCAUAUGUUGGACU,UAUCCUUCAGAAUCGAUGGAGUCCAACAUAUGAUGUAUCXXXXXXXXXXXXXXXXXX,0.6234153616703952,1,"0.53
AUGUUGGACUCCAUCGAUU,AUGUUUAGAUAUCCUUCAGAAUCGAUGGAGUCCAACAUXXXXXXXXXXXXXXXXXXX,0.5548098434004475,1,"-0.17
UGUUGGACUCCAUCGAUUC,UAUGUUUAGAUAUCCUUCAGAAUCGAUGGAGUCCAACAXXXXXXXXXXXXXXXXXXX,0.6271439224459359,1,"1.14
GUUGGACUCCAUCGAUUCU,AUAUGUUUAGAUAUCCUUCAGAAUCGAUGGAGUCCAACAXXXXXXXXXXXXXXXXXX,0.4832214765100671,0,"-1.06
UUGGACUCCAUCGAUUCUG,CAUAUGUUUAGAUAUCCUUCAGAAUCGAUGGAGUCCAACAXXXXXXXXXXXXXXXXX,0.6435495898583147,1,"1.63
GACUCCAUCGAUUCUGAAG,UAGCAUAUGUUUAGAUAUCCUUCAGAAUCGAUGGAGUCCAACAXXXXXXXXXXXXXX,0.5384041759880686,1,"-0.27
CUCCAUCGAUUCUGAAGGA,GGUAGCAUAUGUUUAGAUAUCCUUCAGAAUCGAUGGAGUCCAACAXXXXXXXXXXXX,0.3728560775540641,0,"-0.63
UCCAUCGAUUCUGAAGGAU,UGGUAGCAUAUGUUUAGAUAUCCUUCAGAAUCGAUGGAGUCCAACAXXXXXXXXXXX,0.575689783743475,1,"-0.8
CGAUUCUGAAGGAUAUCUA,GCUGAUGGUAGCAUAUGUUUAGAUAUCCUUCAGAAUCGAUGGXXXXXXXXXXXXXXX,0.3571961222967934,0,"-1.03
CUGAAGGAUAUCUAAACAU,UGUAUGCUGAUGGUAGCAUAUGUUUAGAUAUCCUUCAGAXXXXXXXXXXXXXXXXXX,0.3482475764354959,0,"-1.43
UGAAGGAUAUCUAAACAUA,GUGUAUGCUGAUGGUAGCAUAUGUUUAGAUAUCCUUCAGAXXXXXXXXXXXXXXXXX,0.4735272184936615,0,"-0.33
UCUAAACAUAUGCUACCAU,CAUCCAAAUGUGUAUGCUGAUGGUAGCAUAUGUUUAGAUXXXXXXXXXXXXXXXXXX,0.517524235645041,0,"-0.8
UAUGCUACCAUCAGCAUAC,AAAUGUUUCAUCCAAAUGUGUAUGCUGAUGGUAGCAUAUXXXXXXXXXXXXXXXXXX,0.5645041014168531,1,"1.36
CCAUCAGCAUACACAUUUG,UUAUCCAAAAUGUUUCAUCCAAAUGUGUAUGCUGAUGGUXXXXXXXXXXXXXXXXXX,0.4668158090976883,0,"-0.7
UCAGCAUACACAUUUGGAU,UUUUUAUCCAAAAUGUUUCAUCCAAAUGUGUAUGCUGAUGGUXXXXXXXXXXXXXXX,0.5443698732289336,1,"-0.8
GCAUACACAUUUGGAUGAA,AGGUUUUUAUCCAAAAUGUUUCAUCCAAAUGUGUAUGCUGAUGGUXXXXXXXXXXXX,0.343027591349739,0,"-2.49
CACAUUUGGAUGAAACAUU,CUGUUAGGUUUUUAUCCAAAAUGUUUCAUCCAAAUGUGUAUGCUGAUGGUXXXXXXX,0.4735272184936615,0,"-1.63
UUUGGAUGAAACAUUUUGG,CCAACUGUUAGGUUUUUAUCCAAAAUGUUUCAUCCAAAUGUGUAUGCUGAUGGUXXX,0.6308724832214765,1,"2.33
GGAUGAAACAUUUUGGAUA,CCACCAACUGUUAGGUUUUUAUCCAAAAUGUUUCAUCCXXXXXXXXXXXXXXXXXXX,0.3594332587621178,0,"-1.93
AAAACCUAACAGUUGGUGG,UGAAGAAUAUCCAAAUAAACCACCAACUGUUAGGUUUUUXXXXXXXXXXXXXXXXXX,0.5197613721103653,0,"2.33
AGUUGGUGGUUUAUUUGGA,UAGAAUUUUCUGAAGAAUAUCCAAAUAAACCACCAACUGUUAXXXXXXXXXXXXXXX,0.4608501118568233,0,"0.27
GUUUAUUUGGAUAUUCUUC,ACUAGUAAUAGAAUUUUCUGAAGAAUAUCCAAAUAAACCAXXXXXXXXXXXXXXXXX,0.5794183445190156,1,"0.11
UUAUUUGGAUAUUCUUCAG,AAACUAGUAAUAGAAUUUUCUGAAGAAUAUCCAAAUAAXXXXXXXXXXXXXXXXXXX,0.5973154362416108,1,"1.6
UUUGGAUAUUCUUCAGAAA,UUUAAACUAGUAAUAGAAUUUUCUGAAGAAUAUCCAAAUXXXXXXXXXXXXXXXXXX,0.6152125279642058,1,"0.0
UUGGAUAUUCUUCAGAAAA,UUUUAAACUAGUAAUAGAAUUUUCUGAAGAAUAUCCAAAUXXXXXXXXXXXXXXXXX,0.6360924683072334,1,"0.0
UGGAUAUUCUUCAGAAAAU,CUUUUAAACUAGUAAUAGAAUUUUCUGAAGAAUAUCCAAAUXXXXXXXXXXXXXXXX,0.4750186428038777,0,"-0.56
UCAGAAAAUUCUAUUACUA,GAAGAUGGUACUUUUAAACUAGUAAUAGAAUUUUCUGAAGAAUAUXXXXXXXXXXXX,0.5391498881431768,1,"-0.57
AAAAUUCUAUUACUAGUUU,UUUUGAAGAUGGUACUUUUAAACUAGUAAUAGAAUUUUCUGAAGAAUAUXXXXXXXX,0.3542132736763609,0,"0.0
AAUUCUAUUACUAGUUUAA,CCUUUUGAAGAUGGUACUUUUAAACUAGUAAUAGAAUUUUCUGAAGAAUAUXXXXXX,0.3482475764354959,0,"0.0
AUUACUAGUUUAAAAGUAC,GGGACACCUUUUGAAGAUGGUACUUUUAAACUAGUAAUAGAAUUUUCUGAAGAAUAU,0.6428038777032066,1,"1.59
AUCUUCAAAAGGUGUCCCU,CAGUUAUAUUUGGACCAGAAGGGACACCUUUUGAAGAUGXXXXXXXXXXXXXXXXXX,0.5824011931394482,1,"0.53
CUUCAAAAGGUGUCCCUUC,UGCAGUUAUAUUUGGACCAGAAGGGACACCUUUUGAAGXXXXXXXXXXXXXXXXXXX,0.5950782997762863,1,"0.27
UUCUGGUCCAAAUAUAACU,ACAUCAUGCAGUGGAAUGCAGUUAUAUUUGGACCAGAAGGGACACCXXXXXXXXXXX,0.5891126025354214,1,"0.7
UGGUCCAAAUAUAACUGCA,ACAACAUCAUGCAGUGGAAUGCAGUUAUAUUUGGACCAGAXXXXXXXXXXXXXXXXX,0.6092468307233407,1,"0.0
GGUCCAAAUAUAACUGCAU,AACAACAUCAUGCAGUGGAAUGCAGUUAUAUUUGGACCXXXXXXXXXXXXXXXXXXX,0.3967188665175242,0,"-2.16
AAAUAUAACUGCAUUCCAC,CUGAAAACAACAUCAUGCAGUGGAAUGCAGUUAUAUUUGGACCXXXXXXXXXXXXXX,0.6308724832214765,1,"1.76
AUAUAACUGCAUUCCACUG,AUCUGAAAACAACAUCAUGCAGUGGAAUGCAGUUAUAUUXXXXXXXXXXXXXXXXXX,0.622669649515287,1,"1.46
CAUUCCACUGCAUGAUGUU,UGGCGCACCAUCUGAAAACAACAUCAUGCAGUGGAAUGCAXXXXXXXXXXXXXXXXX,0.4101416853094706,0,"-1.63
UCCACUGCAUGAUGUUGUU,CAGUGGCGCACCAUCUGAAAACAACAUCAUGCAGUGGAXXXXXXXXXXXXXXXXXXX,0.4205816554809843,0,"-0.97
GCAUGAUGUUGUUUUCAGA,GGGUGUCAGUGGCGCACCAUCUGAAAACAACAUCAUGCAGUGGAXXXXXXXXXXXXX,0.3601789709172259,0,"-1.52
GAUGUUGUUUUCAGAUGGU,CUGUGGGUGUCAGUGGCGCACCAUCUGAAAACAACAUCAUGCAGUGGAXXXXXXXXX,0.3788217747949292,0,"-1.01
UGUUGUUUUCAGAUGGUGC,ACCUGUGGGUGUCAGUGGCGCACCAUCUGAAAACAACAXXXXXXXXXXXXXXXXXXX,0.5533184190902312,1,"1.76
UUGUUUUCAGAUGGUGCGC,CCACCUGUGGGUGUCAGUGGCGCACCAUCUGAAAACAACAXXXXXXXXXXXXXXXXX,0.5428784489187174,1,"2.49
UUCAGAUGGUGCGCCACUG,AGGACCCACCUGUGGGUGUCAGUGGCGCACCAUCUGAAAACAACAXXXXXXXXXXXX,0.4608501118568233,0,"1.63
GCCACUGACACCCACAGGU,AGCGGUUACAAGAGGACCCACCUGUGGGUGUCAGUGGCGCACCAUXXXXXXXXXXXX,0.5719612229679344,1,"-1.63
CACAGGUGGGUCCUCUUGU,UGCGGGAUUUCAAGCGGUUACAAGAGGACCCACCUGUGGGXXXXXXXXXXXXXXXXX,0.4556301267710663,0,"-0.77
CUCUUGUAACCGCUUGAAA,XXXXXXXXCUCAUGCGGGAUUUCAAGCGGUUACAAGAGGACCCACCUGUGGGXXXXX,0.3392990305741983,0,"-1.6
UCUUGUAACCGCUUGAAAU,XXXXXXXXXCUCAUGCGGGAUUUCAAGCGGUUACAAGAGGACCCACCUGUGGGXXXX,0.5831469052945564,1,"-0.8
GUAACCGCUUGAAAUCCCG,XXXXXXXXXXXXXCUCAUGCGGGAUUUCAAGCGGUUACAAGAGGACCCACCUGUGGG,0.6346010439970171,1,"-0.33
GGAGCCGAUGUAGCCACCC,ACGUGCAGCGCUCCAUGCGGGGUGGCUACAUCGGCUCCACCUACUUUGXXXXXXXXX,0.4332587621178225,0,"0.0
AGCCGAUGUAGCCACCCCG,GAACGUGCAGCGCUCCAUGCGGGGUGGCUACAUCGGCUCXXXXXXXXXXXXXXXXXX,0.4049217002237136,0,"0.73
GAUGUAGCCACCCCGCAUG,AGCAGAACGUGCAGCGCUCCAUGCGGGGUGGCUACAUCGGCUCXXXXXXXXXXXXXX,0.5048471290082028,0,"-0.24
GCAUGGAGCGCUGCACGUU,CCGGCGGCUGUUUGAGCAGAACGUGCAGCGCUCCAUGCGGXXXXXXXXXXXXXXXXX,0.4563758389261745,0,"-2.49
UUCUGCUCAAACAGCCGCC,GAGGUCCUGCAGAACAACCGGCGGCUGUUUGAGCAGAACGUGCAXXXXXXXXXXXXX,0.5712155108128263,1,"2.33
AACAGCCGCCGGUUGUUCU,GAGGCCGCAGAGGUCCUGCAGAACAACCGGCGGCUGUUUXXXXXXXXXXXXXXXXXX,0.4563758389261745,0,"0.7
AGCCGCCGGUUGUUCUGCA,AAGGAGGCCGCAGAGGUCCUGCAGAACAACCGGCGGCUGUUUXXXXXXXXXXXXXXX,0.5041014168530947,0,"0.03
GCCGCCGGUUGUUCUGCAG,CAAGGAGGCCGCAGAGGUCCUGCAGAACAACCGGCGGCUGUUUXXXXXXXXXXXXXX,0.4780014914243102,0,"-0.89
UGUUCUGCAGGACCUCUGC,CCCACUGAACAAGGAGGCCGCAGAGGUCCUGCAGAACAACCGXXXXXXXXXXXXXXX,0.5212527964205816,0,"1.76
UUCUGCAGGACCUCUGCGG,GACCCACUGAACAAGGAGGCCGCAGAGGUCCUGCAGAACAACCGXXXXXXXXXXXXX,0.5003728560775541,0,"2.33
CUGCAGGACCUCUGCGGCC,AGGACCCACUGAACAAGGAGGCCGCAGAGGUCCUGCAGAXXXXXXXXXXXXXXXXXX,0.4951528709917972,0,"0.73
UGCAGGACCUCUGCGGCCU,GAGGACCCACUGAACAAGGAGGCCGCAGAGGUCCUGCAGAXXXXXXXXXXXXXXXXX,0.4876957494407159,0,"-0.03
UCUGCGGCCUCCUUGUUCA,CCCAACCCCGAGGACCCACUGAACAAGGAGGCCGCAGAGGXXXXXXXXXXXXXXXXX,0.4914243102162565,0,"-0.24
CUGCGGCCUCCUUGUUCAG,GCCCAACCCCGAGGACCCACUGAACAAGGAGGCCGCAGAGGXXXXXXXXXXXXXXXX,0.5115585384041761,0,"0.0
CUCCUUGUUCAGUGGGUCC,UCUUGGAGCCCAACCCCGAGGACCCACUGAACAAGGAGGXXXXXXXXXXXXXXXXXX,0.4705443698732289,0,"0.73
CAGUGGGUCCUCGGGGUUG,AGUAUCUCUUCUUGGAGCCCAACCCCGAGGACCCACUGAACXXXXXXXXXXXXXXXX,0.4683072334079045,0,"0.0
CUCGGGGUUGGGCUCCAAG,AUGGCCUGCAGUAUCUCUUCUUGGAGCCCAACCCCGAGGAXXXXXXXXXXXXXXXXX,0.4809843400447428,0,"0.0
GGGGUUGGGCUCCAAGAAG,UUUAUGGCCUGCAGUAUCUCUUCUUGGAGCCCAACCCCGAGGAXXXXXXXXXXXXXX,0.4571215510812826,0,"-0.73
GGGUUGGGCUCCAAGAAGA,AUUUAUGGCCUGCAGUAUCUCUUCUUGGAGCCCAACCCCGAGGAXXXXXXXXXXXXX,0.41834451901566,0,"-1.36
GUUGGGCUCCAAGAAGAGA,UAAUUUAUGGCCUGCAGUAUCUCUUCUUGGAGCCCAACXXXXXXXXXXXXXXXXXXX,0.5197613721103653,0,"-0.79
UUGGGCUCCAAGAAGAGAU,AUAAUUUAUGGCCUGCAGUAUCUCUUCUUGGAGCCCAACXXXXXXXXXXXXXXXXXX,0.5749440715883669,1,"0.17
AGAAGAGAUACUGCAGGCC,GAUAAACUCCAUAAUUUAUGGCCUGCAGUAUCUCUUCUUGGAXXXXXXXXXXXXXXX,0.5980611483967189,1,"1.63
UACUGCAGGCCAUAAAUUA,GUCCUUACGAUAAACUCCAUAAUUUAUGGCCUGCAGUAXXXXXXXXXXXXXXXXXXX,0.4996271439224459,0,"0.0
GGCCAUAAAUUAUGGAGUU,GAAGCCAGUCCUUACGAUAAACUCCAUAAUUUAUGGCCUGCXXXXXXXXXXXXXXXX,0.3706189410887398,0,"-2.33
AAAUUAUGGAGUUUAUCGU,GGACUGGAAGCCAGUCCUUACGAUAAACUCCAUAAUUUAUGGCCUGCXXXXXXXXXX,0.6129753914988814,1,"0.86
UGGAGUUUAUCGUAAGGAC,CAGAGAGGACUGGAAGCCAGUCCUUACGAUAAACUCCAUAAUUXXXXXXXXXXXXXX,0.5719612229679344,1,"1.03
GGAGUUUAUCGUAAGGACU,UCAGAGAGGACUGGAAGCCAGUCCUUACGAUAAACUCCAUAAUUXXXXXXXXXXXXX,0.4519015659955257,0,"-1.63
GUUUAUCGUAAGGACUGGC,UCCUCAGAGAGGACUGGAAGCCAGUCCUUACGAUAAACUCCAUAAUUXXXXXXXXXX,0.5108128262490679,0,"0.73
AGGACUGGCUUCCAGUCCU,UGCCUCAACAUCCUCAGAGAGGACUGGAAGCCAGUCCUUACGAUAAACUCCAUAAUU,0.4034302759134974,0,"0.0
AGGAUGUUGAGGCAGACGU,AACAUUGACCUCGAGGGCAACGUCUGCCUCAACAUCCUCAGAGAGGACUGGXXXXXX,0.5995525727069352,1,"0.16
UUGAGGCAGACGUUGCCCU,CACCCCAACAUUGACCUCGAGGGCAACGUCUGCCUCAAXXXXXXXXXXXXXXXXXXX,0.592841163310962,1,"0.7
CGAGGUCAAUGUUGGGGUG,GUGUGAGACAAUGGUCUAUCACCCCAACAUUGACCUCGAGGGCAXXXXXXXXXXXXX,0.4660700969425801,0,"0.2
GAGGUCAAUGUUGGGGUGA,AGUGUGAGACAAUGGUCUAUCACCCCAACAUUGACCUCXXXXXXXXXXXXXXXXXXX,0.4876957494407159,0,"-0.9
AAUGUUGGGGUGAUAGACC,AGGUGAAGUGUGAGACAAUGGUCUAUCACCCCAACAUUGXXXXXXXXXXXXXXXXXX,0.5943325876211782,1,"2.33
UGUUGGGGUGAUAGACCAU,CAAGGUGAAGUGUGAGACAAUGGUCUAUCACCCCAACAUUGXXXXXXXXXXXXXXXX,0.5316927665920954,1,"-0.56
UUGGGGUGAUAGACCAUUG,CCCAAGGUGAAGUGUGAGACAAUGGUCUAUCACCCCAACAUUGXXXXXXXXXXXXXX,0.6420581655480985,1,"1.63
GGGGUGAUAGACCAUUGUC,CCCCCAAGGUGAAGUGUGAGACAAUGGUCUAUCACCCCAACAUUGXXXXXXXXXXXX,0.4608501118568233,0,"-0.46
UAGACCAUUGUCUCACACU,CAUGAUCCCCCCAAGGUGAAGUGUGAGACAAUGGUCUAUCACCCCAACAUUGXXXXX,0.6868008948545862,1,"0.3
CAUUGUCUCACACUUCACC,ACCCGCAUGAUCCCCCCAAGGUGAAGUGUGAGACAAUGGUCUAUCACCCCAACAUUG,0.6092468307233407,1,"0.7
CAUGCGGGUAACCCUGGCC,UGUGUUCAGUUUUAAGGUGGGCCAGGGUUACCCGCAUGAUCXXXXXXXXXXXXXXXX,0.5503355704697986,1,"0.7
AUGCGGGUAACCCUGGCCC,UUGUGUUCAGUUUUAAGGUGGGCCAGGGUUACCCGCAUGAUCXXXXXXXXXXXXXXX,0.5913497390007457,1,"2.16
GCGGGUAACCCUGGCCCAC,GUUUGUGUUCAGUUUUAAGGUGGGCCAGGGUUACCCGCAXXXXXXXXXXXXXXXXXX,0.4205816554809843,0,"-0.73
GUAACCCUGGCCCACCUUA,GGAAGUUUGUGUUCAGUUUUAAGGUGGGCCAGGGUUACCCGCAXXXXXXXXXXXXXX,0.5212527964205816,0,"-1.36
GCCCACCUUAAAACUGAAC,ACAAGAGUGGGAAGUUUGUGUUCAGUUUUAAGGUGGGCCAXXXXXXXXXXXXXXXXX,0.4019388516032812,0,"-0.73
CCUUAAAACUGAACACAAA,CUUCUACAAGAGUGGGAAGUUUGUGUUCAGUUUUAAGGXXXXXXXXXXXXXXXXXXX,0.3810589112602535,0,"-2.33
ACACAAACUUCCCACUCUU,UCCUGAUGAGGGCUUCUACAAGAGUGGGAAGUUUGUGUUXXXXXXXXXXXXXXXXXX,0.6346010439970171,1,"-0.86
AAACUUCCCACUCUUGUAG,UCUGUCCUGAUGAGGGCUUCUACAAGAGUGGGAAGUUUGUGXXXXXXXXXXXXXXXX,0.651006711409396,1,"1.6
ACUUCCCACUCUUGUAGAA,CAUCUGUCCUGAUGAGGGCUUCUACAAGAGUGGGAAGUUUGUGXXXXXXXXXXXXXX,0.5137956748695003,0,"-0.86
CUUCCCACUCUUGUAGAAG,UCAUCUGUCCUGAUGAGGGCUUCUACAAGAGUGGGAAGXXXXXXXXXXXXXXXXXXX,0.5659955257270693,1,"0.0
UCUUGUAGAAGCCCUCAUC,CAAGCUGGUCAUCUGUCCUGAUGAGGGCUUCUACAAGAGUGGXXXXXXXXXXXXXXX,0.6167039522744221,1,"0.9
UGUAGAAGCCCUCAUCAGG,CUUCAAGCUGGUCAUCUGUCCUGAUGAGGGCUUCUACAXXXXXXXXXXXXXXXXXXX,0.5809097688292321,1,"1.6
UAGAAGCCCUCAUCAGGAC,AACUUCAAGCUGGUCAUCUGUCCUGAUGAGGGCUUCUACAXXXXXXXXXXXXXXXXX,0.5988068605518271,1,"1.36
CCCUCAUCAGGACAGAUGA,CUCCUCAACUUCAAGCUGGUCAUCUGUCCUGAUGAGGGCUUCUACAXXXXXXXXXXX,0.4287844891871737,0,"-1.36
CCUCAUCAGGACAGAUGAC,CCUCCUCAACUUCAAGCUGGUCAUCUGUCCUGAUGAGGGCUUCUACAXXXXXXXXXX,0.4392244593586875,0,"-0.57
CAUCAGGACAGAUGACCAG,CGACCUCCUCAACUUCAAGCUGGUCAUCUGUCCUGAUGAGGGCUUCUACAXXXXXXX,0.5719612229679344,1,"-0.03
ACAGAUGACCAGCUUGAAG,AUCCAGACGACCUCCUCAACUUCAAGCUGGUCAUCUGUCCUGAUGAGGGCUUCUACA,0.5741983594332588,1,"0.74
GUCGUCUGGAUCUGAGAAG,CCAAGACGUGUGAUAUCAGCUUCUCAGAUCCAGACGACCUCCUCAACXXXXXXXXXX,0.4891871737509322,0,"-0.16
GUCUGGAUCUGAGAAGCUG,UGCCCAAGACGUGUGAUAUCAGCUUCUCAGAUCCAGACGACCUCCUCAACXXXXXXX,0.5913497390007457,1,"-0.13
GAUCUGAGAAGCUGAUAUC,GAACCUGCCCAAGACGUGUGAUAUCAGCUUCUCAGAUCCAGACGACCUCCUCAACXX,0.4511558538404175,0,"0.0
UCUGAGAAGCUGAUAUCAC,CUGAACCUGCCCAAGACGUGUGAUAUCAGCUUCUCAGAUCCAGACGACCUCCUCAAC,0.5242356450410142,1,"0.79
GUCUUGGGCAGGUUCAGCU,AUCCAGAAGGACAUAAACGAGCUGAACCUGCCCAAGACXXXXXXXXXXXXXXXXXXX,0.5354213273676359,1,"-1.06
CUUGGGCAGGUUCAGCUCG,GGAUCCAGAAGGACAUAAACGAGCUGAACCUGCCCAAGACXXXXXXXXXXXXXXXXX,0.5361670395227442,1,"-0.17
UUGGGCAGGUUCAGCUCGU,CGGAUCCAGAAGGACAUAAACGAGCUGAACCUGCCCAAGACXXXXXXXXXXXXXXXX,0.4921700223713647,0,"0.86
CGUUUAUGUCCUUCUGGAU,GUCGGCGGCGCAGCUGCGGAUCCAGAAGGACAUAAACGAGXXXXXXXXXXXXXXXXX,0.4205816554809843,0,"-1.26
GAUCCGCAGCUGCGCCGCC,GCAGCAGCAAGAAGGCGUCGGCGGCGCAGCUGCGGAUCXXXXXXXXXXXXXXXXXXX,0.5346756152125279,1,"0.46
AUCCGCAGCUGCGCCGCCG,GGCAGCAGCAAGAAGGCGUCGGCGGCGCAGCUGCGGAUCXXXXXXXXXXXXXXXXXX,0.5212527964205816,0,"1.26
AGCUGCGCCGCCGACGCCU,ACCAAGGGCAGCAGCAAGAAGGCGUCGGCGGCGCAGCUGCGGAXXXXXXXXXXXXXX,0.3855331841909023,0,"0.0
CCGACGCCUUCUUGCUGCU,GGCGGGCGGCACCAAGGGCAGCAGCAAGAAGGCGUCGGCGGXXXXXXXXXXXXXXXX,0.395227442207308,0,"-1.63
GACGCCUUCUUGCUGCUGC,UCGGCGGGCGGCACCAAGGGCAGCAGCAAGAAGGCGUCGGCGGXXXXXXXXXXXXXX,0.4548844146159582,0,"0.62
CGCCUUCUUGCUGCUGCCC,AGUCGGCGGGCGGCACCAAGGGCAGCAGCAAGAAGGCGXXXXXXXXXXXXXXXXXXX,0.4392244593586875,0,"0.9
GCUGCCCUUGGUGCCGCCC,AGAAGGAGGAGGAGUCGGCGGGCGGCACCAAGGGCAGCAGCXXXXXXXXXXXXXXXX,0.4839671886651752,0,"-0.16
UUGGUGCCGCCCGCCGACU,CAGCAGAAGAAGGAGGAGGAGUCGGCGGGCGGCACCAAGGGCXXXXXXXXXXXXXXX,0.5488441461595824,1,"0.7
UGGUGCCGCCCGCCGACUC,XCAGCAGAAGAAGGAGGAGGAGUCGGCGGGCGGCACCAAGGGCXXXXXXXXXXXXXX,0.395227442207308,0,"1.14
UGCCGCCCGCCGACUCCUC,XXXXCAGCAGAAGAAGGAGGAGGAGUCGGCGGGCGGCACCAAGGGCXXXXXXXXXXX,0.4466815809097688,0,"1.14
CCCGCCGACUCCUCCUCCU,XXXXXXXXXCAGCAGAAGAAGGAGGAGGAGUCGGCGGGCGGCACCAAGGGCXXXXXX,0.3109619686800894,0,"-1.63
GACUCCUCCUCCUUCUUCU,XXXXXXXXXXXXXXXCAGCAGAAGAAGGAGGAGGAGUCGGCGGGCGGCACCAAGGGC,0.4429530201342281,0,"-1.17
ACUGGAAGUCUGUGUCCGU,GAUGCCACCCGACGCCCUCACGGACACAGACUUCCAGUCXXXXXXXXXXXXXXXXXX,0.639075316927666,1,"0.0
GUCUGUGUCCGUGAGGGCG,AGUUGCUGAUGCCACCCGACGCCCUCACGGACACAGACUUXXXXXXXXXXXXXXXXX,0.4407158836689038,0,"-0.33
CUCAUCUUGGGAUGAGGAU,XXXXXGAUGAGCCCCCAUCAUCCUCAUCCCAAGAUGAGGAGUUGCUGAUGCCACCCG,0.401193139448173,0,"-1.43
GGGGCUCAUCCCCUGAGCU,UGGGGAUGGGGCUCCUGGGAGCUCAGGGGAUGAGCCCCCAUCAUCCUCAUXXXXXXX,0.3206562266964951,0,"-1.63
CCUGAGCUCCCAGGAGCCC,XXXXACGGGGAUGGGGAUGGGGCUCCUGGGAGCUCAGGGGAUGAGCCCCCAUCAUCC,0.2706935123042505,0,"0.0
CUCCCAGGAGCCCCAUCCC,XXXXXXXXXXACGGGGAUGGGGAUGGGGCUCCUGGGAGCUCAGGGGAUGAGCCCCCA,0.3228933631618195,0,"0.73
CAUCCCCGUCCACCUCUGA,CGCUCAGGUGCUGCAGGACUCAGAGGUGGACGGGGAUGXXXXXXXXXXXXXXXXXXX,0.2199850857568978,0,"-0.66
UCUGAGUCCUGCAGCACCU,UCUGCGAAAUACAUCGCUCAGGUGCUGCAGGACUCAGAGGUXXXXXXXXXXXXXXXX,0.4608501118568233,0,"-0.27
AUUUCGCAGAUUUGGGGAC,XXXXXXXXCUGCUGCUGCUGUCCCCAAAUCUGCGAAAUACAUCGCUCAGGUGCUGCA,0.6114839671886652,1,"1.59
UUGCUUCUGGGGUCCACAG,GAGCACACGGAGACAGAUACUGUGGACCCCAGAAGCAAUGGACGGCCCCCCACXXXX,0.5622669649515287,1,"1.6
UCUUGUAGUUGUGGGCACU,UGGACACUUCAAAUACCUCAGUGCCCACAACUACAAGAUUGAGCACACGGAXXXXXX,0.6092468307233407,1,"-0.27
CACUGAGGUAUUUGAAGUG,XXXXXXXXXCUGCUUUGGACACUUCAAAUACCUCAGUGCCCACAACUACAAGAUUGA,0.4101416853094706,0,"0.0
CAGACGUGGCAGAGACAGA,CUGGUCAUCACCAUCGUCAUCUGUCUCUGCCACGUCUGXXXXXXXXXXXXXXXXXXX,0.5093214019388517,0,"-0.66
ACAUAGACGUGGGAGCUAG,CACCAUGCGCACGGGGUUCCUAGCUCCCACGUCUAUGUUCACAUUUGUGGUXXXXXX,0.4973900074571216,0,"0.74
AUAGACGUGGGAGCUAGGA,UCCACCAUGCGCACGGGGUUCCUAGCUCCCACGUCUAUGUUCACAUUUGUGGUXXXX,0.5943325876211782,1,"0.8
ACGUGGGAGCUAGGAACCC,CUUUUCCACCAUGCGCACGGGGUUCCUAGCUCCCACGUXXXXXXXXXXXXXXXXXXX,0.4317673378076062,0,"1.47
CAGAAGAGGCAGAGGAUGG,AACCAGGUGGUGGCCGCGCCCAUCCUCUGCCUCUUCUGGXXXXXXXXXXXXXXXXXX,0.3967188665175242,0,"0.7
CUUCUUGUCCAGCUUGGCC,UCUACUACGCCUACCUGCCGGCCAAGCUGGACAAGAAGAUCCACUCGGGGGCXXXXX,0.4847129008202834,0,"0.73
UGUCCAGCUUGGCCGGCAG,CAAUCUCUACUACGCCUACCUGCCGGCCAAGCUGGACAAGAAXXXXXXXXXXXXXXX,0.4862043251304996,0,"0.87
CUACCAGGUGCUUCAGCAG,CUUCGGGCUCAUGUACAUGCUGCUGAAGCACCUGGUAGACAGGUACAAUCUCUACUX,0.5592841163310962,1,"0.0
UACCAGGUGCUUCAGCAGC,CCUUCGGGCUCAUGUACAUGCUGCUGAAGCACCUGGUAGACAGGUACAAUCUCUACU,0.6144668158090977,1,"2.09
AUGACCACCGUGAAGACGC,GCCUACGCCUGGAUGAUGUGCGUCUUCACGGUGGUCAUXXXXXXXXXXXXXXXXXXX,0.5659955257270693,1,"2.32
GCGUAGGCUGCGCCAAACU,XXXXXXXXXXXCGAGUUCCAGUUUGGCGCAGCCUACGCCUGGAUGAUGUGCGUCUUC,0.4541387024608501,0,"-1.79
UGAUGCCGCUUCACGUUGC,CGCUCGGCCGCCGAGAGGCGCAACGUGAAGCGGCAUCAGGCCUACXXXXXXXXXXXX,0.5398956002982849,1,"1.76
GCUUCACGUUGCGCCUCUC,CCUGGCGCGCUCGGCCGCCGAGAGGCGCAACGUGAAGCGGCAUCAGGCCUACXXXXX,0.4235645041014168,0,"-0.62
UUGCGCCUCUCGGCGGCCG,XXXCUCUGCCUGGCGCGCUCGGCCGCCGAGAGGCGCAACGUGAAGCGGCAUCAGGCC,0.5436241610738255,1,"1.43
GGAUCAUGUACAUGAGCAG,CCUGCUGCGCAUCCCAGGCCUGCUCAUGUACAUGAUCCGGCUCUGXXXXXXXXXXXX,0.3653989560029828,0,"-0.73
UCAUGUACAUGAGCAGGCC,GGACCUGCUGCGCAUCCCAGGCCUGCUCAUGUACAUGAUCCGGCUCUGXXXXXXXXX,0.5361670395227442,1,"1.36
AGCAGGUCCAUGGCGUUGC,AUUGCCUCAGCCUUUAUCGGCAACGCCAUGGACCUGCUGCGCAUCCCAGGXXXXXXX,0.5302013422818792,1,"1.79
UCCAUGGCGUUGCCGAUAA,UACGUCAUUGCCUCAGCCUUUAUCGGCAACGCCAUGGACCUGCUGCGCAUCCCAGGX,0.4675615212527964,0,"-0.97
GAAAGUGUAGCACUUGUGC,GGGAGAACAGGACAACCAUGCACAAGUGCUACACUUUCXXXXXXXXXXXXXXXXXXX,0.6234153616703952,1,"0.62
AAAGUGUAGCACUUGUGCA,GGGGAGAACAGGACAACCAUGCACAAGUGCUACACUUUCXXXXXXXXXXXXXXXXXX,0.7390007457121551,1,"0.73
GGAGGGCCGAGAAGCACCA,CUUCCCCACCCUGCUGCUGUGGUGCUUCUCGGCCCUCCUUCCCACXXXXXXXXXXXX,0.4854586129753915,0,"-1.6
GGUGGGGAAGAACUGGGUG,ACCUCAACAACCCCAUCAUCACCCAGUUCUUCCCCACCCUGCUGCUGUGXXXXXXXX,0.41834451901566,0,"-0.7
UCCAUGGUGGUGAUGAUGA,UUCCUCACCACUCCAGCCAUCAUCAUCACCACCAUGGACAAGUUCAACGUCXXXXXX,0.5906040268456376,1,"0.0
CCAUGGUGGUGAUGAUGAU,CUUCCUCACCACUCCAGCCAUCAUCAUCACCACCAUGGACAAGUUCAACGUCXXXXX,0.4436987322893363,0,"-2.16
AUGAUGAUGGCUGGAGUGG,XXXXXXCUCUUCUUCCUCACCACUCCAGCCAUCAUCAUCACCACCAUGGACAAGUUC,0.5771812080536913,1,"2.16
GAUGAUGGCUGGAGUGGUG,XXXXXXXXCUCUUCUUCCUCACCACUCCAGCCAUCAUCAUCACCACCAUGGACAAGU,0.5234899328859061,1,"-0.24
UGGUGAGGAAGAAGAGGAG,CAAUGUCGUCCUCUUCAUCCUCCUCUUCUUCCUCACCACUCCAGCCAUCXXXXXXXX,0.5070842654735273,0,"0.87
AGGAGGAUGAAGAGGACGA,CGCUGCCUGGUCAUCAAUGUCGUCCUCUUCAUCCUCCUCUUCUXXXXXXXXXXXXXX,0.4161073825503356,0,"0.27
AGAUGAAGCCUCGGAUGGA,XXXXUACUGGGAGCACCUCUCCAUCCGAGGCUUCAUCUGGUGGCUGCGCUGCCUGGU,0.4869500372856077,0,"0.27
GGCGUGGCUCCCCACGGCA,UAAAUGCCAGGGCUGCACCUGCCGUGGGGAGCCACGCCCCUCAUCCUGCAGCGAGUC,0.4675615212527964,0,"-1.6
AUUUACACACGUUGAAGUC,XXXXXXXXUCAUCCUGAAGGACUUCAACGUGUGUAAAUGCCAGGGCUGCACCUGCCG,0.7576435495898584,1,"1.7
CACGUUGAAGUCCUUCAGG,XXXXXXXXXXXXXXXUCAUCCUGAAGGACUUCAACGUGUGUAAAUGCCAGGGCUGCA,0.6301267710663684,1,"0.7
AUAGUCUCAUUGUGGAAGG,CUUGGCAUGGCCUUUGUCACCUUCCACAAUGAGACUAUCACCGCCAUXXXXXXXXXX,0.5391498881431768,1,"2.16
UUGUGGAAGGUGACAAAGG,GAGAAGCCUCUUGGCAUGGCCUUUGUCACCUUCCACAAUGAGACUAUCACCGCCAUX,0.5533184190902312,1,"2.33
UCAAUGGCCUCCACCUGCU,XXXXXXXXXXXXXXXXXXXAGCAGGUGGAGGCCAUUGAGUACUACACAAAGCUGGAG,0.575689783743475,1,"-0.27
CCACCUGCUCACAGCCUCG,CCUCUGCUGCUGUGUGGUGCGAGGCUGUGAGCAGGUGGAGGCCAUUGAGUACUACAC,0.3146905294556301,0,"-0.9
UGAUCAUGGUAGGCACGUU,AAACCUCCAGAGCAAGGAGAACGUGCCUACCAUGAUCAACCCCAAGCCCUGXXXXXX,0.5973154362416108,1,"-0.73
GGAGGUUUGUGAAGUACAG,GAAGGCCGAGCGGGGAAAGCUGUACUUCACAAACCUCCAGAGCAAGGAGAACGUGCC,0.4280387770320656,0,"-0.73
CUCGGCCUUCUUCCUCUCU,GCCUAAUGUUCCUCGAUGCAGAGAGGAAGAAGGCCGAGCGGGGAAAGCUGUXXXXXX,0.3683818046234153,0,"-0.9
CUUCUUCCUCUCUGCAUCG,UGGCUCGCCUAAUGUUCCUCGAUGCAGAGAGGAAGAAGGCCGXXXXXXXXXXXXXXX,0.4205816554809843,0,"-0.17
AUCGAGGAACAUUAGGCGA,GCCCGUGUUACAACGUGGCUCGCCUAAUGUUCCUCGAUGXXXXXXXXXXXXXXXXXX,0.5809097688292321,1,"0.8
CGAGCCACGUUGUAACACG,ACAGUUCUCGAAGCCCGCCCGUGUUACAACGUGGCUCGCCUAAUGUUCCUCGAUGXX,0.6830723340790456,1,"0.0
AGCCACGUUGUAACACGGG,GCACAGUUCUCGAAGCCCGCCCGUGUUACAACGUGGCUCGCCUAAUGUUCCUCGAUG,0.5652498135719612,1,"1.63
UGUGCAGUUGGGGUAGGCU,UCAAGAAGCAUUUUGAGGAAGCCUACCCCAACUGCACAGUUCUCGXXXXXXXXXXXX,0.5272184936614467,1,"-0.03
CAAAAUGCUUCUUGAUCUU,XXXXXXXXXXXAGUCAGAAAAGAUCAAGAAGCAUUUUGAGGAAGCCUACCCCAACUG,0.4601043997017151,0,"-1.63
GCAUAUUUGGAGAUUCCAU,AAGCGGACCCUCUUCAUCAAUGGAAUCUCCAAAUAUGCAGAGUCAGXXXXXXXXXXX,0.586875466070097,1,"-2.32
GAUCAUCCUCCUUGUAGCG,XXXXXXXACCUCCAAGAUGCGCUACAAGGAGGAUGAUCUGGUGAAGCGGACCCUCUU,0.5913497390007457,1,"-0.44
UGGAGGUGUGUCUACGCAU,GCUGCUCACCGUCUACAGCAUGCGUAGACACACCUCCAAGAUGCGCUACAAGGAGGA,0.5727069351230425,1,"-0.56
GACGGUGAGCAGCAGAUAC,ACACCUCCUUCGCCUUCCUGUAUCUGCUGCUCACCGUCUACAGCAUGCGUAXXXXXX,0.4876957494407159,0,"-0.11
GUUGUUCCCUGAUUUCAAG,GGAGAACCACCAUUGCCAACUUGAAAUCAGGGAACAACCUGCXXXXXXXXXXXXXXX,0.5302013422818792,1,"-0.16
AUGGUGGUUCUCCCAAAGC,XXXXAGAACAAUGCCUACAGCUUUGGGAGAACCACCAUUGCCAACUUGAAAUCAGGG,0.5652498135719612,1,"2.32
GUUCUCCCAAAGCUGUAGG,XXXXXXXXXXAGAACAAUGCCUACAGCUUUGGGAGAACCACCAUUGCCAACUUGAAA,0.610738255033557,1,"0.57
GCACGAUGCCUACGGAGAG,GCUGGUGGUUGUGGGCGUCCUCUCCGUAGGCAUCGUGCUGCCXXXXXXXXXXXXXXX,0.5652498135719612,1,"-0.89
CAGCAGCCCGAUGAUGUGC,ACUACCUGUCCUUUCAGCGGCACAUCAUCGGGCUGCUGGUGGUUGXXXXXXXXXXXX,0.5212527964205816,0,"0.86
AAGGACAGGUAGUGCACGG,XXXXXXXXXXXXXGCGAUGCCGUGCACUACCUGUCCUUUCAGCGGCACAUCAUCGGG,0.6472781506338553,1,"2.33
GUCCCGGAUCUCAUCAUCC,CAGCCAUCUUCAGGAUAAAGGAUGAUGAGAUCCGGGACAAAUGUGGGGGCGAUXXXX,0.6659209545115585,1,"0.57
CGGAUCUCAUCAUCCUUUA,CUGACAGCCAUCUUCAGGAUAAAGGAUGAUGAGAUCCGGGACAAAUGUGGGGGCGAU,0.1841909023117076,0,"-1.03
UGUCCCUUUGGUCAAAGUC,CUCUGUCUCCAGCUCCGUUGACUUUGACCAAAGGGACAAUGGUUUCUXXXXXXXXXX,0.6674123788217748,1,"1.14
UUGGUCAAAGUCAACGGAG,GUCUCACCUCUGUCUCCAGCUCCGUUGACUUUGACCAAAGGGACAAUGGUUUCUXXX,0.7352721849366145,1,"1.6
AGUCAACGGAGCUGGAGAC,XXXXXAGCGUCUCACCUCUGUCUCCAGCUCCGUUGACUUUGACCAAAGGGACAAUGG,0.5182699478001491,0,"1.06
CUGGAGACAGAGGUGAGAC,XXXXXXXXXXXXXXXXAGCGUCUCACCUCUGUCUCCAGCUCCGUUGACUUUGACCAA,0.6607009694258017,1,"0.16
UGAGACGCUCAUACCGGUC,UAUGCACGGGGACAGCCAUGACCGGUAUGAGCGUCUCACCUCUGUCUCCXXXXXXXX,0.7382550335570469,1,"1.14
UCAUACCGGUCAUGGCUGU,GCUUCAGCUAUGCACGGGGACAGCCAUGACCGGUAUGAGCGUCUXXXXXXXXXXXXX,0.4205816554809843,0,"-0.11
GGCUGUCCCCGUGCAUAGC,XXAGGAAUAUGUGGCUUCAGCUAUGCACGGGGACAGCCAUGACCGGUAUGAGCGUCU,0.5458612975391499,1,"0.16
GGAAGUCUGUGUCCGUGAG,GCUGAUGCCACCCGACGCCCUCACGGACACAGACUUCCAGUCXXXXXXXXXXXXXXX,0.4601043997017151,0,"-0.73
GUGAGGGCGUCGGGUGGCA,CAAGAUGAGGAGUUGCUGAUGCCACCCGACGCCCUCACGGACACAGACUUXXXXXXX,0.0947054436987323,0,"-1.03
CGUCGGGUGGCAUCAGCAA,CUCAUCCCAAGAUGAGGAGUUGCUGAUGCCACCCGACGCCXXXXXXXXXXXXXXXXX,0.2960477255779269,0,"-1.43
AACUCCUCAUCUUGGGAUG,GAUGAGCCCCCAUCAUCCUCAUCCCAAGAUGAGGAGUUGCUGAUGCCACCCGACGCC,0.395227442207308,0,"1.63
AUCCCCUGAGCUCCCAGGA,ACGGGGAUGGGGAUGGGGCUCCUGGGAGCUCAGGGGAUGAGCCCCCAUCAUCCUCAU,0.3877703206562267,0,"0.8
GUCCUGCAGCACCUGAGCG,CCAAAUCUGCGAAAUACAUCGCUCAGGUGCUGCAGGACUCAGXXXXXXXXXXXXXXX,0.3445190156599553,0,"-0.33
CCUGAGCGAUGUAUUUCGC,UGCUGCUGUCCCCAAAUCUGCGAAAUACAUCGCUCAGGUGCUGCAGGACUCAGXXXX,0.2997762863534676,0,"0.16
AGCGAUGUAUUUCGCAGAU,CUGCUGCUGCUGUCCCCAAAUCUGCGAAAUACAUCGCUCAGGUGCUGCAGGACUCAG,0.3765846383296047,0,"-0.53
UUCUGGGGUCCACAGUAUC,GAUUGAGCACACGGAGACAGAUACUGUGGACCCCAGAAGCAAUGGACGGCCCCCCAC,0.5503355704697986,1,"1.87
AGUUGUGGGCACUGAGGUA,CUGCUUUGGACACUUCAAAUACCUCAGUGCCCACAACUACAAGAUUGAGCACACGGA,0.3825503355704698,0,"-0.3
UGACGAUGGUGAUGACCAG,UAUGUUCACAUUUGUGGUCCUGGUCAUCACCAUCGUCAUCUGUCUCUGCCACGUCUG,0.4996271439224459,0,"0.87
CGUGCGCAUGGUGGAAAAG,GCCUCUUCUGGCUGCUCUUCUUUUCCACCAUGCGCACGGGGUUCCUAGCUCCCAXXX,0.0,0,"0.17
GCGCAUGGUGGAAAAGAAG,UCUGCCUCUUCUGGCUGCUCUUCUUUUCCACCAUGCGCACGGGGUUCCUAGCUCCCA,0.2960477255779269,0,"-0.89
GAGGAUGGGCGCGGCCACC,CGGGGGCUGUGAACCAGGUGGUGGCCGCGCCCAUCCUCUGCCUCUUCUGGXXXXXXX,0.3683818046234153,0,"0.46
GGAUGGGCGCGGCCACCAC,CUCGGGGGCUGUGAACCAGGUGGUGGCCGCGCCCAUCCUCUGCCUCUUCUGGXXXXX,0.3452647278150634,0,"-0.57
GGCGCGGCCACCACCUGGU,AUCCACUCGGGGGCUGUGAACCAGGUGGUGGCCGCGCCCAUCCUCUGCCUCUUCUGG,0.4295302013422818,0,"-1.47
GCAGGUAGGCGUAGUAGAG,CCUGGUAGACAGGUACAAUCUCUACUACGCCUACCUGCCGGCCAAGCUGGACAAGAA,0.4205816554809843,0,"-0.89
ACGAUGAUGGGGCAGGUGA,GUGGUCAUGACCUACAGUAUCACCUGCCCCAUCAUCGUGCCCXXXXXXXXXXXXXXX,0.5443698732289336,1,"0.11
GGUGAUACUGUAGGUCAUG,UGUGCGUCUUCACGGUGGUCAUGACCUACAGUAUCACCUGCCCCAUCAUCGUGCCCX,0.4392244593586875,0,"-0.7
GUGAUACUGUAGGUCAUGA,AUGUGCGUCUUCACGGUGGUCAUGACCUACAGUAUCACCUGCCCCAUCAUCGUGCCC,0.4489187173750932,0,"-0.79
ACAUCAUCCAGGCGUAGGC,CGAGUUCCAGUUUGGCGCAGCCUACGCCUGGAUGAUGUGCGUCUUCACGGUGGUCAU,0.5391498881431768,1,"1.63
CCGCUUCACGUUGCGCCUC,UGGCGCGCUCGGCCGCCGAGAGGCGCAACGUGAAGCGGCAUCAGGCCUACXXXXXXX,0.4436987322893363,0,"-0.46
CGCUUCACGUUGCGCCUCU,CUGGCGCGCUCGGCCGCCGAGAGGCGCAACGUGAAGCGGCAUCAGGCCUACXXXXXX,0.2662192393736017,0,"-0.73
ACGUUGCGCCUCUCGGCGG,CUCUGCCUGGCGCGCUCGGCCGCCGAGAGGCGCAACGUGAAGCGGCAUCAGGCCUAC,0.1625652498135719,0,"1.47
GCAGAGCCGGAUCAUGUAC,GCAUCCCAGGCCUGCUCAUGUACAUGAUCCGGCUCUGCCUGGCGXXXXXXXXXXXXX,0.3489932885906041,0,"-0.73
GAUCAUGUACAUGAGCAGG,ACCUGCUGCGCAUCCCAGGCCUGCUCAUGUACAUGAUCCGGCUCUGXXXXXXXXXXX,0.5451155853840417,1,"0.46
AUGUACAUGAGCAGGCCUG,AUGGACCUGCUGCGCAUCCCAGGCCUGCUCAUGUACAUGAUCCGGCUCUGXXXXXXX,0.5376584638329605,1,"1.46
UGAGCAGGCCUGGGAUGCG,CAACGCCAUGGACCUGCUGCGCAUCCCAGGCCUGCUCAUXXXXXXXXXXXXXXXXXX,0.5585384041759881,1,"0.7
GCAGCAGGUCCAUGGCGUU,UGCCUCAGCCUUUAUCGGCAACGCCAUGGACCUGCUGCGCAUCCCAGGXXXXXXXXX,0.2028337061894109,0,"-2.49
CCAUGGCGUUGCCGAUAAA,CUACGUCAUUGCCUCAGCCUUUAUCGGCAACGCCAUGGACCUGCUGCGCAUCCCAGG,0.273676360924683,0,"-2.33
ACCAUGAAGAUGAGGAAAG,ACCAUGCACAAGUGCUACACUUUCCUCAUCUUCAUGGUGCUGCUCCUACCCUCGCUG,0.5421327367636093,1,"0.74
CUUGUGCAUGGUUGUCCUG,GGACACGCUCUGGGGAGAACAGGACAACCAUGCACAAGUGCUXXXXXXXXXXXXXXX,0.4586129753914988,0,"0.03
AUGGUUGUCCUGUUCUCCC,GCCCACUGGACACGCUCUGGGGAGAACAGGACAACCAUGCACAAGUGCUXXXXXXXX,0.4914243102162565,0,"2.16
UUGUCCUGUUCUCCCCAGA,UGAAGCCCACUGGACACGCUCUGGGGAGAACAGGACAACCAUGCACAAGUGCUXXXX,0.5070842654735273,0,"0.97
CCUGUUCUCCCCAGAGCGU,UCUUUGAAGCCCACUGGACACGCUCUGGGGAGAACAGGACAACCAUGCACAAGUGCU,0.3601789709172259,0,"-1.47
AGCACCACAGCAGCAGGGU,CAUCACCCAGUUCUUCCCCACCCUGCUGCUGUGGUGCUUCUCGGCCCUCCUUCCCAC,0.436241610738255,0,"0.16
AGAACUGGGUGAUGAUGGG,UGUGGAGUACCUCAACAACCCCAUCAUCACCCAGUUCUUCCCCACCCUGCUGCUGUG,0.5123042505592842,0,"1.63
AACUUGUCCAUGGUGGUGA,ACCACUCCAGCCAUCAUCAUCACCACCAUGGACAAGUUCAACGUCXXXXXXXXXXXX,0.5048471290082028,0,"0.97
GUGGUGAUGAUGAUGGCUG,CUCUUCUUCCUCACCACUCCAGCCAUCAUCAUCACCACCAUGGACAAGUUCAACGUC,0.5540641312453393,1,"-0.13
AAGAAGAGGAGGAUGAAGA,CUGGUCAUCAAUGUCGUCCUCUUCAUCCUCCUCUUCUUCCUCACXXXXXXXXXXXXX,0.4354958985831468,0,"0.97
UGAAGAGGACGACAUUGAU,GUGGCUGCGCUGCCUGGUCAUCAAUGUCGUCCUCUUCAUCCUXXXXXXXXXXXXXXX,0.3668903803131991,0,"-0.56
GACGACAUUGAUGACCAGG,UCAUCUGGUGGCUGCGCUGCCUGGUCAUCAAUGUCGUCCXXXXXXXXXXXXXXXXXX,0.4504101416853094,0,"0.46
UGAUGACCAGGCAGCGCAG,CCGAGGCUUCAUCUGGUGGCUGCGCUGCCUGGUCAUCAAUGUCGUCCXXXXXXXXXX,0.4929157345264728,0,"0.87
GCAGCGCAGCCACCAGAUG,ACCUCUCCAUCCGAGGCUUCAUCUGGUGGCUGCGCUGCCUGGUCAUCXXXXXXXXXX,0.2184936614466815,0,"-0.86
CACCAGAUGAAGCCUCGGA,UACUGGGAGCACCUCUCCAUCCGAGGCUUCAUCUGGUGGCUGCGCUGCCUGGUCAUC,0.2177479492915734,0,"-0.66
UGUGCAGGGACUCGCUGCA,GGAGCCACGCCCCUCAUCCUGCAGCGAGUCCCUGCACAUCUCCAACUGGACCGUGUC,0.1931394481730052,0,"0.0
CAGCCCUGGCAUUUACACA,AUCCUGAAGGACUUCAACGUGUGUAAAUGCCAGGGCUGCACCUGCCGUGGGGAGCXX,0.4981357196122297,0,"-0.9
GCCCUGGCAUUUACACACG,UCAUCCUGAAGGACUUCAACGUGUGUAAAUGCCAGGGCUGCACCUGCCGUGGGGAGC,0.3885160328113348,0,"-1.06
UGUGGAAGGUGACAAAGGC,UGAGAAGCCUCUUGGCAUGGCCUUUGUCACCUUCCACAAUGAGACUAUCACCGCCAU,0.540641312453393,1,"1.76
CCAAGAGGCUUCUCAUUCA,AAGCGGGAGAAGGAGAAGGUGAAUGAGAAGCCUCUUGGCAUGGCCUUUGUCACCUUX,0.2945563012677107,0,"-1.6
CAAGAGGCUUCUCAUUCAC,CAAGCGGGAGAAGGAGAAGGUGAAUGAGAAGCCUCUUGGCAUGGCCUUUGUCACCUU,0.5167785234899328,0,"0.13
UCCUUCUCCCGCUUGUAGU,GAGCAGAAGCUGAAGGAAGACUACAAGCGGGAGAAGGAGAAGGUGAAUGAGAAGCCU,0.5369127516778524,1,"-0.11
CUCCAGCUUUGUGUAGUAC,AGCAGGUGGAGGCCAUUGAGUACUACACAAAGCUGGAGCAGAAGCUGAAGGAAGACU,0.4354958985831468,0,"0.16
GGGGUUGAUCAUGGUAGGC,UCCAGAGCAAGGAGAACGUGCCUACCAUGAUCAACCCCAAGCCCUGXXXXXXXXXXX,0.2953020134228188,0,"0.16
UGGUAGGCACGUUCUCCUU,CUUCACAAACCUCCAGAGCAAGGAGAACGUGCCUACCAUGAUCAACCCCAAGCCCUG,0.5234899328859061,1,"-0.73
GGGUAGGCUUCCUCAAAAU,UCAGAAAAGAUCAAGAAGCAUUUUGAGGAAGCCUACCCCAACUGCACAGUUCUCGXX,0.2073079791200597,0,"-2.16
GUAGGCUUCCUCAAAAUGC,AGUCAGAAAAGAUCAAGAAGCAUUUUGAGGAAGCCUACCCCAACUGCACAGUUCUCG,0.651006711409396,1,"0.73
GAUUCCAUUGAUGAAGAGG,AUGAUCUGGUGAAGCGGACCCUCUUCAUCAAUGGAAUCUCCAAAUAUGCAGAGUCAG,0.5510812826249067,1,"0.46
CCGCUUCACCAGAUCAUCC,CCAAGAUGCGCUACAAGGAGGAUGAUCUGGUGAAGCGGACCCUCUUCAUCAAUXXXX,0.476510067114094,0,"0.0
UUCACCAGAUCAUCCUCCU,ACCUCCAAGAUGCGCUACAAGGAGGAUGAUCUGGUGAAGCGGACCCUCUUCAUCAAU,0.5771812080536913,1,"0.7
GAGCAGCAGAUACAGGAAG,GGCUGCACACCUCCUUCGCCUUCCUGUAUCUGCUGCUCACCGUCUACAGCAUGCGUA,0.5652498135719612,1,"-0.27
UUGUUCCCUGAUUUCAAGU,GGGAGAACCACCAUUGCCAACUUGAAAUCAGGGAACAACCUGCXXXXXXXXXXXXXX,0.2565249813571961,0,"0.86
CAAGUUGGCAAUGGUGGUU,AUGCCUACAGCUUUGGGAGAACCACCAUUGCCAACUUGAAAUCAGGGAACAXXXXXX,0.2550335570469799,0,"-1.63
GGCAAUGGUGGUUCUCCCA,AGAACAAUGCCUACAGCUUUGGGAGAACCACCAUUGCCAACUUGAAAUCAGGGAACA,0.3266219239373601,0,"-1.6
GAGAAGUUGACAGGCAGCA,GUCCUCUCCGUAGGCAUCGUGCUGCCUGUCAACUUCUCAGGGGACCUGCUGGAGAAC,0.4511558538404175,0,"-1.14
AGAGGACGCCCACAACCAC,GCACAUCAUCGGGCUGCUGGUGGUUGUGGGCGUCCUCUCCGUAGGCAUCGUGCUGCC,0.3989560029828486,0,"1.06
GAUGUGCCGCUGAAAGGAC,GCGAUGCCGUGCACUACCUGUCCUUUCAGCGGCACAUCAUCGGGCUGCUGGUGGUUG,0.4854586129753915,0,"-0.11
ACCAUUGUCCCUUUGGUCA,UCUCCAGCUCCGUUGACUUUGACCAAAGGGACAAUGGUUUCUXXXXXXXXXXXXXXX,0.5287099179716629,1,"-0.13
GUCAAAGUCAACGGAGCUG,AGCGUCUCACCUCUGUCUCCAGCUCCGUUGACUUUGACCAAAGGGACAAUGGUUUCU,0.6293810589112603,1,"-0.13
CAGCACACGAAUCAAGGAA,XXXXXXXXACACUUGUCAAUUCCUUGAUUCGUGUGCUGCAGACAUUGCAGGAGUUCA,0.1648023862788963,0,"-1.63
AGCCAGCAGGGCAAUCCAG,GAGAUCACCUCCUACACCACUGGAUUGCCCUGCUGGCUGACUGCCCCAUCACUGCAC,0.4750186428038777,0,"0.9
UAAUGUCUCAUAAUAGGUU,AUUUCCUGGAAAAAGCACAAACCUAUUAUGAGACAUUAGAGAAGAAUGAAGUAGUCC,0.494407158836689,0,"-0.4
CUCCACAGAGCAACAGCGU,GAAAGAGCGAGGCAGUCUGACGCUGUUGCUCUGUGGAGAGUGUGGCCUUGUCUCGGC,0.4526472781506338,0,"-0.74
CUCAGGCUUAUGGAAGUGC,CAGUCAAUGGCAUUGUGAAGCACUUCCAUAAGCCUGAGAAAGAXXXXXXXXXXXXXX,0.586875466070097,1,"0.89
GCUGGGAUGUGAGCAGCUC,GGAGCGGAUCCUAGUUGGGGAGCUGCUCACAUCCCAGCCUGAGGXXXXXXXXXXXXX,0.3176733780760626,0,"-0.62
CACAUACUCCACCAGCCAU,ACUCUGGGCUGUAUGCCAAAUGGCUGGUGGAGUAUGUGAUGGUCAGGAAUXXXXXXX,0.5361670395227442,1,"-1.46
GUAAGCUUCCCCAAGUUCU,GAGAUGACCUUCGAGUGCCAGAACUUGGGGAAGCUUACUACUGUCCAGAUUGXXXXX,0.6577181208053692,1,"-1.06
CUUCCCCAAGUUCUGGCAC,UGCUAGAGAUGACCUUCGAGUGCCAGAACUUGGGGAAGCUUACUACUGUCCAGAUUG,0.3124533929903057,0,"0.16
UGUCUCACCCAAUUCUCCU,ACCCAUGGAUCUGUAUAUCAGGAGAAUUGGGUGAGACACAGAUCAUGCAGAUUCCCA,0.5257270693512304,1,"-0.03
UCUUGCUUGGUACGAUCAG,CCUGAUCCCGUACCACAUUCUGAUCGUACCAAGCAAGAAGCUGGGGGGCUCCAUGUU,0.4079045488441462,0,"0.63
UAAUCGACGGCAUUGAAAG,UUCCUCUAUCACCUCCUGUCUUUCAAUGCCGUCGAUUACUUUUXXXXXXXXXXXXXX,0.5727069351230425,1,"1.2
CGACGGCAUUGAAAGACAG,GCAGUUCCUCUAUCACCUCCUGUCUUUCAAUGCCGUCGAUUACUUUUXXXXXXXXXX,0.3534675615212528,0,"0.17
UCCCCGAUGUUCUGGAUGU,CUGAUUCAGGAUAUGAGGCACAUCCAGAACAUCGGGGAAAUCAAXXXXXXXXXXXXX,0.3310961968680089,0,"-0.11
GAAUCAGGGAGAUCCUCAG,XXXXXXXXXXXXXXXXXXCCUGAGGAUCUCCCUGAUUCAGGAUAUGAGGCACAUCCA,0.4519015659955257,0,"-0.27
GGGACCAUAAGGCUGAUUU,XXXXXXXGUGAAACAGGGGAAAUCAGCCUUAUGGUCCCACCUGUUACAUUAUCAGGA,0.3124533929903057,0,"-2.33
ACCAUAAGGCUGAUUUCCC,XXXXXXXXXXGUGAAACAGGGGAAAUCAGCCUUAUGGUCCCACCUGUUACAUUAUCA,0.4556301267710663,0,"1.47
UUAUUGCGGCAUUCCUUCA,XXXXXXXXAGAGGGCCUGCUGAAGGAAUGCCGCAAUAAGACCAAGAGGAUGCUGGUG,0.5794183445190156,1,"0.73
ACAGUUUGGGCUGGCGGAU,CAGGACUAUGGGCAGCACUAUCCGCCAGCCCAAACUGUCCAACCUCUCUCCAUCAGU,0.3049962714392244,0,"-0.69
UGGAUGUACUUCUCCCUCU,CUGCGUUUAGAUAAUGACCAGAGGGAGAAGUACAUCCAGGAAXXXXXXXXXXXXXXX,0.6017897091722596,1,"-0.03
CACUUGUUGCUGGCUGGCC,UCUGAUGUACUUUCCACUGGGCCAGCCAGCAACAAGUGXXXXXXXXXXXXXXXXXXX,0.5495898583146905,1,"0.7
CCUUGUCCAAUCUUCAUGU,AUUCACCCACAUUUACUUGACAUGAAGAUUGGACAAGGGAAAUAUGAGCCGGGCUUC,0.5257270693512304,1,"-1.47
GAAUUGCAGUAUGGUCAAU,UGAGCUGCGUCUGGCAAAAAUUGACCAUACUGCAAUUCACCCACAUUUACUUGACAU,0.3422818791946309,0,"-1.7
GAUGUACGGAGAGUAGGUG,AGGCUGUUGAAUGUUCGGACACCUACUCUCCGUACAUCCAUGUACXXXXXXXXXXXX,0.4079045488441462,0,"-0.24
GUAGGUGUCCGAACAUUCA,GUUGACAAGAUCAGGCUGUUGAAUGUUCGGACACCUACUCUCCXXXXXXXXXXXXXX,0.3653989560029828,0,"-1.03
UUAUUUUGUUGUCAAUGAA,GACCCAGAUGUUUGCAUCUUUCAUUGACAACAAAAUAAXXXXXXXXXXXXXXXXXXX,0.7293064876957495,1,"0.0
UGAAAGAUGCAAACAUCUG,CUCAAGAUUCCUGGAGACCCAGAUGUUUGCAUCUUUCAXXXXXXXXXXXXXXXXXXX,0.5615212527964206,1,"0.9
AGAUGCAAACAUCUGGGUC,UCCUCUCAAGAUUCCUGGAGACCCAGAUGUUUGCAUCUUUCAXXXXXXXXXXXXXXX,0.5361670395227442,1,"1.17
CUUGAGAGGAAGGGCAGGU,XXXXXXXXXXXXXAGCCCUACCUGCCCUUCCUCUCAAGAUUCCUGGAGACCCAGAUG,0.3967188665175242,0,"-0.74
GUUUUGCAUUUGCUCCCUG,XXXXXXXXXXXUUUACCAACAGGGAGCAAAUGCAAAACUUUGAUAAAGCAUCUUUUC,0.5063385533184191,0,"-0.13
UUUGCAUUUGCUCCCUGUU,XXXXXXXXXXXXXUUUACCAACAGGGAGCAAAUGCAAAACUUUGAUAAAGCAUCUUU,0.3668903803131991,0,"0.0
UAUCCUGGCUGGGUUGGAU,AGAUUAUGAGGCGUUUGUCAUCCAACCCAGCCAGGAUAAGGAXXXXXXXXXXXXXXX,0.3862788963460105,0,"-0.23
GUAAAUCCUGAGUUCUUCU,UCAAAGUUCAGUGUGAUGAAGAAGAACUCAGGAUUUACCAGCUAAXXXXXXXXXXXX,0.3333333333333333,0,"-1.06
UUUCCAGGCUCACCCCAGU,XXXXXXXXXXXXXXAGAGAACUGGGGUGAGCCUGGAAAAGUUGGAAGUGCGUGAAGA,0.2766592095451156,0,"0.86
UUCCAGGCUCACCCCAGUU,XXXXXXXXXXXXXXXAGAGAACUGGGGUGAGCCUGGAAAAGUUGGAAGUGCGUGAAG,0.4354958985831468,0,"0.0
CAAGGCUUGCAGCCGGGCA,UUAAGGAGAAUGAAACUAUUGCCCGGCUGCAAGCCUUGGUCAAGAGAACUGGGGUGA,0.4205816554809843,0,"-0.9
CGUAGGAAUGCAAAGGGGA,GAAUGGGAACAUUGCUGGCUCCCCUUUGCAUUCCUACGXXXXXXXXXXXXXXXXXXX,0.3333333333333333,0,"-0.46
GGCCCGCAGCCUCUUCAGC,GCAGUGAGAGUGCCUCCAAGCUGAAGAGGCUGCGGGCCUCUGAGCUUGUCUCGGACX,0.27889634601044,0,"0.16
UUCAGCUUGGAGGCACUCU,XXXXXXXXXXXXUGCAGUGAGAGUGCCUCCAAGCUGAAGAGGCUGCGGGCCUCUGAG,0.4988814317673378,0,"0.7
GUUGGGGAACUGUGGCAAG,XXXXXXXGUUGCCAGAGGACUUGCCACAGUUCCCCAACAAAUUGGAGUUUGUCCAGG,0.3773303504847129,0,"-0.16
GGCAAGUCCUCUGGCAACU,AUUGACAACCACUUCAUUGAGUUGCCAGAGGACUUGCCXXXXXXXXXXXXXXXXXXX,0.5346756152125279,1,"-1.63
CACAAAGCAGAGGUUAGCC,AGCUGGAGCUGCCUCAAGAGGCUAACCUCUGCUUUGUGGACAUUGACAACXXXXXXX,0.5234899328859061,1,"0.7
CAGAGGUUAGCCUCUUGAG,CGGUCAAAGCUGGAGCUGCCUCAAGAGGCUAACCUCUGCUUUGUGGACAUUGACAAC,0.3900074571215511,0,"-0.03
AGUCAUCAGUCUCUGGUAA,UCCUGCUCUACUCACAGCAUUACCAGAGACUGAUGACUGUGGCGGAGACGAUUACAG,0.2147651006711409,0,"-0.7
UGGCCCAUAGACCCCAGAA,XXXGCCGGUCCUUGAAGUUUUCUGGGGUCUAUGGGCCAAUAAUCUGCCAGAGACCAA,0.47129008202833705,0,"-0.73
AGGAGGUGGGAGCGGCACC,XXUACAACGUACUCUACGAGGUGCCGCUCCCACCUCCUGGCCGGUCCUUGAAGUUUU,0.29082774049217,0,"1.63
UGCCUGGUGGAGUUGCUCC,AGGCAUGUCGGAGCGUGCUGGAGCAACUCCACCAGGCAGUCXXXXXXXXXXXXXXXX,0.4630872483221476,0,"1.6
UCCAGCACGCUCCGACAUG,CCCAUGUCUUUCAUGAAGGCAUGUCGGAGCGUGCUGGAGCAACUCCACCAGGCAGUC,0.45339299030574204,0,"0.66
UGCACUUAGAGACGUAGAG,UGACAUUAGCCGGGACACUCUCUACGUCUCUAAGUGCAUCUGCCUCAUCACACCCAU,0.5093214019388517,0,"0.87
UGUGAGGGCAAACCCAAAU,GGGAGGAUGGCUCUCGGACAUUUGGGUUUGCCCUCACAUUXXXXXXXXXXXXXXXXX,0.5384041759880686,1,"-0.56
UGUGAUAAUAAAGGCAUGG,AUCCCAGGGAGCCCCAAUUCCAUGCCUUUAUUAUCACAAGGGAGGAUXXXXXXXXXX,0.540641312453393,1,"1.6
AAGGCAUGGAAUUGGGGCU,ACCCAGGCUGAUCCCAGGGAGCCCCAAUUCCAUGCCUUUAUUXXXXXXXXXXXXXXX,0.4295302013422818,0,"0.7
CUGGGAUCAGCCUGGGUCU,CCGAAAGGGCUGGCAUUCAAGACCCAGGCUGAUCCCAGGGAGCCCXXXXXXXXXXXX,0.5600298284862043,1,"-0.9
CCUACUGCAUCUUGGUCAA,AACGUAGAAUGGAAUCCCUUUGACCAAGAUGCAGUAGGAAUGCUAUGUAUGCCGAAA,0.4317673378076062,0,"-2.33
AAAAUUUUCUCCUUCAGUC,GCCCUUUCAUUUCAAGUACGACUGAAGGAGAAAAUUUUGAGCAGACACCAUUGAGAA,0.6771066368381805,1,"1.87
AAGGGCUGGCACCAUCCCU,CAUACAGGCUUCUAAAGCCAGGGAUGGUGCCAGCCCUUUCAUUUCAXXXXXXXXXXX,0.6241610738255033,1,"0.7
CCAUCCCUGGCUUUAGAAG,UUAUGCCAGUACAUACAGGCUUCUAAAGCCAGGGAUGGUGCCAGCCCUUUCAUUUCA,0.3460104399701715,0,"-0.73
ACUGGCAUAAUGCCGACAG,CGGGCUGGAGCCGGACGAGCUGUCGGCAUUAUGCCAGUACAUACAGGCUUCUXXXXX,0.5443698732289336,1,"0.74
GUGAUGUUGAACUCCUGCA,AUUCGUGUGCUGCAGACAUUGCAGGAGUUCAACAUCACXXXXXXXXXXXXXXXXXXX,0.4660700969425801,0,"-1.03
AAUGUCUGCAGCACACGAA,ACACUUGUCAAUUCCUUGAUUCGUGUGCUGCAGACAUUGCAGGAGUUCAACAUCACX,0.2997762863534676,0,"0.0
GAGGUGAUCUCUGGCUCCC,UUCAGAUGCUGGUGUGCUUGGGAGCCAGAGAUCACCUCCUACACCACUGGAUUGCCC,0.3706189410887398,0,"0.46
AUCGGCAGAAGUUCCGGGC,GGAAAACUGGCAUACAAGAGCCCGGAACUUCUGCCGAUUUGUCACUGCAAUCAACAA,0.5287099179716629,1,"2.32
AGUGCUUCACAAUGCCAUU,GUCCAUCGGGGAGGCAGUCAAUGGCAUUGUGAAGCACUUCCAUAAGCCUGAGAAAGA,0.4511558538404175,0,"-0.7
GACUGCUGCAGCGGCGGGG,GAUGAGAGGCCAUGCCGGACCCCGCCGCUGCAGCAGUCXXXXXXXXXXXXXXXXXXX,0.4608501118568233,0,"0.46
UCCGGCAUGGCCUCUCAUC,CACAUCCCAGCCUGAGGUGGAUGAGAGGCCAUGCCGGACCCCGCCGCUGCAXXXXXX,0.4697986577181208,0,"0.9
AUGGCCUCUCAUCCACCUC,GCUGCUCACAUCCCAGCCUGAGGUGGAUGAGAGGCCAUGCCGGACCCCGCCGCUGCA,0.5548098434004475,1,"1.7
CAGCUCCCCAACUAGGAUC,AUGAUGGAAGCCUGGAGCGGAUCCUAGUUGGGGAGCUGCUCACAUCCCAGCCUGAGG,0.4966442953020135,0,"0.24
GCUUCCAUCAUCCAUGCCC,GUGGCCGGUGGUUAGGGAAGGGCAUGGAUGAUGGAAGCCUGGAGCGGAUCCUAGUUG,0.4056674123788218,0,"-0.16
UCCACCAGCCAUUUGGCAU,CAUGAUAACUCUGGGCUGUAUGCCAAAUGGCUGGUGGAGUAUGUGAUGGUCAGGAAU,0.5182699478001491,0,"-0.8
AUCCAUGGGUUGGCAGUGA,AAGCUGGGGGGCUCCAUGUUCACUGCCAACCCAUGGAUCUGUAUAUCAGGAGAAUUG,0.4310216256524981,0,"0.8
AAUCGACGGCAUUGAAAGA,GUUCCUCUAUCACCUCCUGUCUUUCAAUGCCGUCGAUUACUUUUXXXXXXXXXXXXX,0.3929903057419836,0,"0.97
GAAAGACAGGAGGUGAUAG,ACGAGAAGGAGCAGUUCCUCUAUCACCUCCUGUCUUUCAAUGCCGUCGAUUACUUUU,0.4705443698732289,0,"-0.27
GGAUGUGCCUCAUAUCCUG,CCUGAGGAUCUCCCUGAUUCAGGAUAUGAGGCACAUCCAGAACAUCGGGGAAAUCAA,0.3482475764354959,0,"-0.7
GGAGGCAUGAGUGAGCUGG,GAACGUAGGAAGUCUGAUGCCAGCUCACUCAUGCCUCCCCUGAGGAUCUCCCUGAUU,0.4802386278896346,0,"0.0
CCUACGUUCUGAAUCAAGA,UCAGUACCUCAGGAAUACUUCUUGAUUCAGAACGUAGGAAGUCUGAUGCCAGCUCAC,0.2170022371364653,0,"-1.36
UUUCUCUGCCGGUUGUCCU,UCCCACCUGUUACAUUAUCAGGACAACCGGCAGAGAAAACUCACAUCAGGAAGCCUC,0.4996271439224459,0,"0.7
AACAGGUGGGACCAUAAGG,GUGAAACAGGGGAAAUCAGCCUUAUGGUCCCACCUGUUACAUUAUCAGGACAACCGG,0.4660700969425801,0,"2.33
GAUCCUUUCCAGGAGAUCA,CCCUGAUUGCCAGCCUUUGUGAUCUCCUGGAAAGGAUCUGGAGXXXXXXXXXXXXXX,0.3288590604026846,0,"-1.14
UUUCCAGGAGAUCACAAAG,GAACACCCUGAUUGCCAGCCUUUGUGAUCUCCUGGAAAGGAUCUGGAGXXXXXXXXX,0.4906785980611484,0,"1.6
AGGAGAUCACAAAGGCUGG,GAAGAGAACACCCUGAUUGCCAGCCUUUGUGAUCUCCUGGAAAGGAUCUGGAGXXXX,0.3512304250559284,0,"1.63
GAUCACAAAGGCUGGCAAU,GGUGGAAGAGAACACCCUGAUUGCCAGCCUUUGUGAUCUCCUGGAAAGGAUCUGGAG,0.3616703952274422,0,"-1.7
UCUUGGUCUUAUUGCGGCA,AGAGGGCCUGCUGAAGGAAUGCCGCAAUAAGACCAAGAGGAUGCUGGUGGAAAAGAU,0.5167785234899328,0,"-0.24
GAUGUACUUCUCCCUCUGG,ACCUGCGUUUAGAUAAUGACCAGAGGGAGAAGUACAUCCAGGAAXXXXXXXXXXXXX,0.2572706935123042,0,"0.46
CUCUGGUCAUUAUCUAAAC,CAGCACACAGAACACCUGCGUUUAGAUAAUGACCAGAGGGAGAAGUACAUCCAGGAA,0.3832960477255779,0,"0.16
CAGUGGAAAGUACAUCAGA,CUUCUUCCCUAAGCUGCAGUCUGAUGUACUUUCCACUGGGCCAGCCAGCAACAAGUG,0.3571961222967934,0,"-0.66
AUUCAACAGCCUGAUCUUG,UAUUUGAUUCCCGAGUUGACAAGAUCAGGCUGUUGAAUGUUCGGACACCUACUCUCC,0.4153616703952275,0,"1.46
GGUCUCCAGGAAUCUUGAG,AGCCCUACCUGCCCUUCCUCUCAAGAUUCCUGGAGACCCAGAUGUUUGCAUCUUUCA,0.4817300521998509,0,"-0.73
GCUUUAUCAAAGUUUUGCA,UUUACCAACAGGGAGCAAAUGCAAAACUUUGAUAAAGCAUCUUUUCUGUCAGAUCAG,0.343027591349739,0,"-1.76
GGAUGACAAACGCCUCAUA,CACUCAGAUGUUUGCAGAUUAUGAGGCGUUUGUCAUCCAACCCAGCXXXXXXXXXXX,0.3348247576435496,0,"-1.93
GCCUCAUAAUCUGCAAACA,GCAAAUCGUUUCACUCAGAUGUUUGCAGAUUAUGAGGCGUUUGUCAXXXXXXXXXXX,0.2870991797166294,0,"-1.76
UGCAAACAUCUGAGUGAAA,GGGAAGUUUUUGCAAAUCGUUUCACUCAGAUGUUUGCAGAUUAUGAGGCGUUUGUCA,0.3161819537658464,0,"-0.73
AACUUCCCGGAUCUGAAUG,UCAGGAUUUACCAGCUAAACAUUCAGAUCCGGGAAGUUUUUGCAAAUCGUUUCACUC,0.5570469798657718,1,"1.63
UUCUUCUUCAUCACACUGA,GCAAUAAGGAUCUCAAAGUUCAGUGUGAUGAAGAAGAAXXXXXXXXXXXXXXXXXXX,0.5607755406413124,1,"0.97
ACUUUGAGAUCCUUAUUGC,GUGCGUGAAGACCCCAGCAGCAAUAAGGAUCUCAAAGUUCAGUGUGAUXXXXXXXXX,0.4936614466815809,0,"1.63
UCCUUAUUGCUGCUGGGGU,AAGUUGGAAGUGCGUGAAGACCCCAGCAGCAAUAAGGAUCUCAAAGUUCAGUGUGAU,0.4839671886651752,0,"-0.11
ACGCACUUCCAACUUUUCC,AGAGAACUGGGGUGAGCCUGGAAAAGUUGGAAGUGCGUGAAGACCCCAGCAGCAAUA,0.45339299030574204,0,"1.47
CUUAAGAAGCUCGUAGGAA,UUGCUGGCUCCCCUUUGCAUUCCUACGAGCUUCUUAAGGAGAAUGAAACUAUXXXXX,0.4459358687546607,0,"-1.6
UUAAGAAGCUCGUAGGAAU,AUUGCUGGCUCCCCUUUGCAUUCCUACGAGCUUCUUAAGGAGAAUGAAACUAUXXXX,0.4876957494407159,0,"0.17
GAAGCUCGUAGGAAUGCAA,GAACAUUGCUGGCUCCCCUUUGCAUUCCUACGAGCUUCUUAAGGAGAAUGAAACUAU,0.3788217747949292,0,"-1.87
AGCCAGCAAUGUUCCCAUU,GCUUGUCUCGGACAAGAGGAAUGGGAACAUUGCUGGCUCCCCUUUGCAUUCXXXXXX,0.3251304996271439,0,"-0.7
GCCAGCAAUGUUCCCAUUC,AGCUUGUCUCGGACAAGAGGAAUGGGAACAUUGCUGGCUCCCCUUUGCAUUCXXXXX,0.3378076062639821,0,"-0.62
GCAAUGUUCCCAUUCCUCU,UCUGAGCUUGUCUCGGACAAGAGGAAUGGGAACAUUGCUGGCUCCCCUUUGCAUUCX,0.3997017151379567,0,"-1.79
CAAUGUUCCCAUUCCUCUU,CUCUGAGCUUGUCUCGGACAAGAGGAAUGGGAACAUUGCUGGCUCCCCUUUGCAUUC,0.3728560775540641,0,"-1.63
GCCCGCAGCCUCUUCAGCU,UGCAGUGAGAGUGCCUCCAAGCUGAAGAGGCUGCGGGCCUCUGAGCUUGUCUCGGAC,0.4093959731543624,0,"-1.79
CCAAUUUGUUGGGGAACUG,GUUGCCAGAGGACUUGCCACAGUUCCCCAACAAAUUGGAGUUUGUCCAGGAAGUCUC,0.5063385533184191,0,"-0.7
CAAUGAAGUGGUUGUCAAU,UAACCUCUGCUUUGUGGACAUUGACAACCACUUCAUUGAGUUGCCAGAGGACUUGCC,0.3631618195376584,0,"-1.46
AGCUUUGACCGGUCAUCCA,GGUUUGCAUUCCAAUGGCCUGGAUGACCGGUCAAAGCUGGAGCUGCCUCAAGAGGCU,0.5048471290082028,0,"0.03
AUCUAAGAAAUGCAGGAGA,UCCCUAUUCUCCCAGCUUCUCUCCUGCAUUUCUUAGAUGCUCCUGUUCCAUACCUGA,0.3825503355704698,0,"0.8
UUUGACAGGAAAGUCAAAU,GUACCAAUGAGCUUCCCCUAUUUGACUUUCCUGUCAAAGAGGUUUUUGAACUGCUCG,0.4004474272930649,0,"0.17
UAUUGGCCCAUAGACCCCA,GCCGGUCCUUGAAGUUUUCUGGGGUCUAUGGGCCAAUAAUCUGCCAGAGACCAAGUA,0.4973900074571216,0,"0.33
CCAGGAGGUGGGAGCGGCA,UACAACGUACUCUACGAGGUGCCGCUCCCACCUCCUGGCCGGUCCUUGAAGUUUUCU,0.1856823266219239,0,"-1.6
UGUAUAUGUAGCUCUCAAG,UCAGCCCCCUCCACUGCCCCUUGAGAGCUACAUAUACAACGUACUCUACGAGGUGCC,0.5533184190902312,1,"0.87
CAUAGGAGUUGAAGCGCUG,CACUCCUGUGACCAAACUGCAGCGCUUCAACUCCUAUGACXXXXXXXXXXXXXXXXX,0.37211036539895603,0,"0.0
UGCAGUUUGGUCACAGGAG,AUGGAGGAUGGUGAAGACACUCCUGUGACCAAACUGCAGCGCUUXXXXXXXXXXXXX,0.6002982848620433,1,"0.87
CAGGAGUGUCUUCACCAUC,AGACCAGAGCAGCAUGGAGGAUGGUGAAGACACUCCUGUGACCAAACUGCAGCGCUU,0.6181953765846383,1,"0.24
ACUCAGCAUUGUGCAUGUG,UGCAAUGCAGACCCUCUACCACAUGCACAAUGCUGAGUAUGAUGUCCUACXXXXXXX,0.5190156599552572,0,"0.77
AUUGUGCAUGUGGUAGAGG,UCUGCAGUGCAAUGCAGACCCUCUACCACAUGCACAAUGCUGAGUAUGAUGUCCUAC,0.5093214019388517,0,"2.16
GCAUUGCACUGCAGAUCUG,UGAAGAGGUGACUAGCAAGCAGAUCUGCAGUGCAAUGCXXXXXXXXXXXXXXXXXXX,0.4198359433258761,0,"-0.86
CUUGCUAGUCACCUCUUCA,GGUUUGCCCUCACAUUUUAUGAAGAGGUGACUAGCAAGCAGAUCUGCAGUGCAAUGC,0.5115585384041761,0,"-0.87
AUGUGAGGGCAAACCCAAA,GGAGGAUGGCUCUCGGACAUUUGGGUUUGCCCUCACAUUXXXXXXXXXXXXXXXXXX,0.5473527218493661,1,"-0.17
AUGUCCGAGAGCCAUCCUC,UGCCUUUAUUAUCACAAGGGAGGAUGGCUCUCGGACAUUUGGGUUUGCCCUCACAUU,0.4168530947054437,0,"1.7
GGCUCCCUGGGAUCAGCCU,GGGCUGGCAUUCAAGACCCAGGCUGAUCCCAGGGAGCCCXXXXXXXXXXXXXXXXXX,0.4280387770320656,0,"-1.63
UGGGUCUUGAAUGCCAGCC,AUGCUAUGUAUGCCGAAAGGGCUGGCAUUCAAGACCCAGGCUGAUCCCAGGGAGCCC,0.5652498135719612,1,"1.6
AUUUGAAUGUUCUUCUCAA,AAAUUUUGAGCAGACACCAUUGAGAAGAACAUUCAAAUCUAAGGUCCUUGCACGAUA,0.4079045488441462,0,"-0.17
CAUAAUGCCGACAGCUCGU,GAGACCGGGCUGGAGCCGGACGAGCUGUCGGCAUUAUGCCAGUACAUACAGGCUUCU,0.4034302759134974,0,"-0.77
CGGUCUCCGUGUCCAGUCC,CGACUACUUUGUCAUCUGCGGACUGGACACGGAGACCGGGCUGGAGCCGGACGAGCU,0.4504101416853094,0,"0.9
AGAGUAUUCUUCAGCUAGG,AGCACCCGCUUCGGGCUGACCUAGCUGAAGAAUACUCUXXXXXXXXXXXXXXXXXXX,0.476510067114094,0,"1.63
AGUAUUCUUCAGCUAGGUC,UGAGCACCCGCUUCGGGCUGACCUAGCUGAAGAAUACUCUXXXXXXXXXXXXXXXXX,0.7576435495898584,1,"1.17
AUUCUUCAGCUAGGUCAGC,GCCUGAGCACCCGCUUCGGGCUGACCUAGCUGAAGAAUACXXXXXXXXXXXXXXXXX,0.5227442207307978,1,"2.32
CUUCAGCUAGGUCAGCCCG,CCAGCCUGAGCACCCGCUUCGGGCUGACCUAGCUGAAGAXXXXXXXXXXXXXXXXXX,0.4571215510812826,0,"-0.17
UCAGCUAGGUCAGCCCGAA,CCCCAGCCUGAGCACCCGCUUCGGGCUGACCUAGCUGAAGAXXXXXXXXXXXXXXXX,0.3653989560029828,0,"-0.97
UAGGUCAGCCCGAAGCGGG,AUGACCCCCAGCCUGAGCACCCGCUUCGGGCUGACCUAGCUGAAGAXXXXXXXXXXX,0.4645786726323639,0,"1.93
GGUCAGCCCGAAGCGGGUG,GAAUGACCCCCAGCCUGAGCACCCGCUUCGGGCUGACCUAGCUGAAGAXXXXXXXXX,0.4474272930648769,0,"-0.7
UCAGCCCGAAGCGGGUGCU,GUGAAUGACCCCCAGCCUGAGCACCCGCUUCGGGCUGACCUAGCUGAAGAXXXXXXX,0.2803877703206562,0,"-0.27
GCCCGAAGCGGGUGCUCAG,CUGGUGAAUGACCCCCAGCCUGAGCACCCGCUUCGGGCUGACCUAGCUGAAGAXXXX,0.3855331841909023,0,"-0.89
CGAAGCGGGUGCUCAGGCU,GCACUGGUGAAUGACCCCCAGCCUGAGCACCCGCUUCGGGCUGACCUAGCUGAAGAX,0.3452647278150634,0,"-0.73
GAAGCGGGUGCUCAGGCUG,AGCACUGGUGAAUGACCCCCAGCCUGAGCACCCGCUUCGGGCUGACCUAGCUGAAGA,0.2766592095451156,0,"-0.24
GUCAUUCACCAGUGCUAUG,ACCAAGUAAUCCAGUCCCUCAUAGCACUGGUGAAUGACXXXXXXXXXXXXXXXXXXX,0.6032811334824758,1,"-0.13
UCAUUCACCAGUGCUAUGA,GACCAAGUAAUCCAGUCCCUCAUAGCACUGGUGAAUGACXXXXXXXXXXXXXXXXXX,0.5779269202087994,1,"0.0
CAUUCACCAGUGCUAUGAG,CGACCAAGUAAUCCAGUCCCUCAUAGCACUGGUGAAUGACXXXXXXXXXXXXXXXXX,0.5749440715883669,1,"-0.03
GAGGGACUGGAUUACUUGG,AGCCAGCAACCAAAACCGACCAAGUAAUCCAGUCCCUCAUAXXXXXXXXXXXXXXXX,0.4578672632363907,0,"0.46
AGGGACUGGAUUACUUGGU,AAGCCAGCAACCAAAACCGACCAAGUAAUCCAGUCCCUXXXXXXXXXXXXXXXXXXX,0.651006711409396,1,"0.16
CUGGAUUACUUGGUCGGUU,ACUGGAAGCCAGCAACCAAAACCGACCAAGUAAUCCAGUCCXXXXXXXXXXXXXXXX,0.4966442953020135,0,"-1.6
GAUUACUUGGUCGGUUUUG,AAAACUGGAAGCCAGCAACCAAAACCGACCAAGUAAUCCAXXXXXXXXXXXXXXXXX,0.4190902311707681,0,"-0.24
AUUACUUGGUCGGUUUUGG,GAAAACUGGAAGCCAGCAACCAAAACCGACCAAGUAAUCCAXXXXXXXXXXXXXXXX,0.6308724832214765,1,"2.16
ACUUGGUCGGUUUUGGUUG,GCCGAAAACUGGAAGCCAGCAACCAAAACCGACCAAGUAAUCCAXXXXXXXXXXXXX,0.6487695749440716,1,"0.77
UGGUCGGUUUUGGUUGCUG,AGUGCCGAAAACUGGAAGCCAGCAACCAAAACCGACCAAGUAAUCCAXXXXXXXXXX,0.4474272930648769,0,"0.9
CGGUUUUGGUUGCUGGCUU,AAUUAGUGCCGAAAACUGGAAGCCAGCAACCAAAACCGACCAAGUAAUCCAXXXXXX,0.3109619686800894,0,"-1.43
GUUUUGGUUGCUGGCUUCC,GUAAUUAGUGCCGAAAACUGGAAGCCAGCAACCAAAACCGACCAAGUAAUCCAXXXX,0.5443698732289336,1,"0.57
UGGUUGCUGGCUUCCAGUU,GCCAGUAAUUAGUGCCGAAAACUGGAAGCCAGCAACCAAXXXXXXXXXXXXXXXXXX,0.5354213273676359,1,"-0.73
UUUCGGCACUAAUUACUGG,AAAGGGGCAGGUCUGUCUGCCAGUAAUUAGUGCCGAAAACUGGAXXXXXXXXXXXXX,0.6174496644295302,1,"2.33
CACUAAUUACUGGCAGACA,CGACGAAAAGGGGCAGGUCUGUCUGCCAGUAAUUAGUGCCGAAAACUGGAXXXXXXX,0.3855331841909023,0,"-0.9
ACUAAUUACUGGCAGACAG,UCGACGAAAAGGGGCAGGUCUGUCUGCCAGUAAUUAGUGCCGAAAACUGGAXXXXXX,0.3914988814317673,0,"0.74
UAAUUACUGGCAGACAGAC,CAUCGACGAAAAGGGGCAGGUCUGUCUGCCAGUAAUUAGXXXXXXXXXXXXXXXXXX,0.6785980611483967,1,"1.36
AAUUACUGGCAGACAGACC,ACAUCGACGAAAAGGGGCAGGUCUGUCUGCCAGUAAUUXXXXXXXXXXXXXXXXXXX,0.5540641312453393,1,"2.33
UACUGGCAGACAGACCUGC,CAAACAUCGACGAAAAGGGGCAGGUCUGUCUGCCAGUAAUUXXXXXXXXXXXXXXXX,0.3929903057419836,0,"2.09
CCUGCCCCUUUUCGUCGAU,AAAGAUCUAUCACCCAAACAUCGACGAAAAGGGGCAGGUCXXXXXXXXXXXXXXXXX,0.23862788963460102,0,"-2.16
UGCCCCUUUUCGUCGAUGU,ACAAAGAUCUAUCACCCAAACAUCGACGAAAAGGGGCAGXXXXXXXXXXXXXXXXXX,0.4809843400447428,0,"0.13
CCUUUUCGUCGAUGUUUGG,UAAAACAAAGAUCUAUCACCCAAACAUCGACGAAAAGGGGXXXXXXXXXXXXXXXXX,0.4429530201342281,0,"0.0
CGUCGAUGUUUGGGUGAUA,CACAUUUAAAACAAAGAUCUAUCACCCAAACAUCGACGAAAXXXXXXXXXXXXXXXX,0.4250559284116331,0,"-1.03
AUGUUUGGGUGAUAGAUCU,AAGAUCACAUUUAAAACAAAGAUCUAUCACCCAAACAUCGACGAAAXXXXXXXXXXX,0.5451155853840417,1,"0.53
UUUGGGUGAUAGAUCUUUG,CCGAAGAUCACAUUUAAAACAAAGAUCUAUCACCCAAAXXXXXXXXXXXXXXXXXXX,0.6174496644295302,1,"1.63
GGGUGAUAGAUCUUUGUUU,CCACCGAAGAUCACAUUUAAAACAAAGAUCUAUCACCCAAAXXXXXXXXXXXXXXXX,0.3736017897091722,0,"-2.33
AUAGAUCUUUGUUUUAAAU,UCAAACCACCGAAGAUCACAUUUAAAACAAAGAUCUAUCACCCAAAXXXXXXXXXXX,0.48844146159582397,0,"0.0
UUUUAAAUGUGAUCUUCGG,AGAGUACCCAUUCAAACCACCGAAGAUCACAUUUAAAACAAAXXXXXXXXXXXXXXX,0.6219239373601789,1,"2.33
UGAUCUUCGGUGGUUUGAA,CUUUCCAGCAGAGUACCCAUUCAAACCACCGAAGAUCACAUUUXXXXXXXXXXXXXX,0.4914243102162565,0,"-0.73
UCGGUGGUUUGAAUGGGUA,AAUCAACUUUCCAGCAGAGUACCCAUUCAAACCACCGAAGAUCACAUUUXXXXXXXX,0.5354213273676359,1,"-0.57
UUGAAUGGGUACUCUGCUG,AGAAUCGAAAUCAACUUUCCAGCAGAGUACCCAUUCAAACCACCGAAGAUCACAUUU,0.6711409395973155,1,"1.63
UCUGAAGGCUCCCUUAUCA,UUCCUGACAACCCUCCAUAUGAUAAGGGAGCCUUCAGAAXXXXXXXXXXXXXXXXXX,0.8195376584638331,1,"-0.24
CUCCCUUAUCAUAUGGAGG,GCUUAUUGUUCCUGACAACCCUCCAUAUGAUAAGGGAGCCUUCAGAAXXXXXXXXXX,0.6055182699478002,1,"0.73
AUAUGGAGGGUUGUCAGGA,CUUGGCAAGGGCUUAUUGUUCCUGACAACCCUCCAUAUGAUXXXXXXXXXXXXXXXX,0.5197613721103653,0,"0.8
GGAACAAUAAGCCCUUGCC,GAAGCUAAUUUAUUGACUUGGCAAGGGCUUAUUGUUCCUGAXXXXXXXXXXXXXXXX,0.5920954511558538,1,"0.0
UAAGCCCUUGCCAAGUCAA,GGUUGAUGAAGCUAAUUUAUUGACUUGGCAAGGGCUUAUUGUUCCUGAXXXXXXXXX,0.4615958240119314,0,"-0.4
AAGCCCUUGCCAAGUCAAU,AGGUUGAUGAAGCUAAUUUAUUGACUUGGCAAGGGCUUAUUGUUCCUGAXXXXXXXX,0.4377330350484713,0,"0.17
AGCCCUUGCCAAGUCAAUA,CAGGUUGAUGAAGCUAAUUUAUUGACUUGGCAAGGGCUXXXXXXXXXXXXXXXXXXX,0.5615212527964206,1,"-0.3
GCCAAGUCAAUAAAUUAGC,UAACAUCCAGGUUGAUGAAGCUAAUUUAUUGACUUGGCAAGGGXXXXXXXXXXXXXX,0.3445190156599553,0,"0.0
AAUUAGCUUCAUCAACCUG,GAAAAACUUCCGUAACAUCCAGGUUGAUGAAGCUAAUUUAUUGACUUXXXXXXXXXX,0.72110365398956,1,"1.63
UUAGCUUCAUCAACCUGGA,AUGAAAAACUUCCGUAACAUCCAGGUUGAUGAAGCUAAUUUAUUGACUUXXXXXXXX,0.8314690529455631,1,"0.97
AUCAACCUGGAUGUUACGG,XXXXUGGGAUGAAAAACUUCCGUAACAUCCAGGUUGAUGAAGCUAAUUUAUUGACUU,0.4578672632363907,0,"2.16
UUUGGCAGUAAAUCGUGUA,CCCAGCUCAAGCAGAGGCCUACACGAUUUACUGCCAAAACAXXXXXXXXXXXXXXXX,0.6927665920954512,1,"0.4
GGCAGUAAAUCGUGUAGGC,AGACCCAGCUCAAGCAGAGGCCUACACGAUUUACUGCCAAAACAXXXXXXXXXXXXX,0.505592841163311,0,"0.16
UAAAUCGUGUAGGCCUCUG,AUCCAAGACCCAGCUCAAGCAGAGGCCUACACGAUUUACUGXXXXXXXXXXXXXXXX,0.6249067859806114,1,"1.23
GUAGGCCUCUGCUUGAGCU,AACCAAAUAUCCAAGACCCAGCUCAAGCAGAGGCCUACXXXXXXXXXXXXXXXXXXX,0.6674123788217748,1,"-1.06
CUGCUUGAGCUGGGUCUUG,UCUAAAUGAACCAAAUAUCCAAGACCCAGCUCAAGCAGAGGCCUACXXXXXXXXXXX,0.5652498135719612,1,"0.03
UGGGUCUUGGAUAUUUGGU,UACAGGAACUUCUAAAUGAACCAAAUAUCCAAGACCCAGCUCAAGCXXXXXXXXXXX,0.6256524981357195,1,"0.13
GGGUCUUGGAUAUUUGGUU,AUACAGGAACUUCUAAAUGAACCAAAUAUCCAAGACCCXXXXXXXXXXXXXXXXXXX,0.3646532438478747,0,"-2.33
UAUUUGGUUCAUUUAGAAG,CCUAUUAGGAAUACAGGAACUUCUAAAUGAACCAAAUAUCXXXXXXXXXXXXXXXXX,0.6621923937360179,1,"1.2
CAUUUAGAAGUUCCUGUAU,CAAACAGAUCCUAUUAGGAAUACAGGAACUUCUAAAUGAACCXXXXXXXXXXXXXXX,0.3885160328113348,0,"-1.46
AGUUCCUGUAUUCCUAAUA,AUCACAAUCAAACAGAUCCUAUUAGGAAUACAGGAACUUCXXXXXXXXXXXXXXXXX,0.5361670395227442,1,"-0.3
UGUAUUCCUAAUAGGAUCU,CCAGCCAUCACAAUCAAACAGAUCCUAUUAGGAAUACAXXXXXXXXXXXXXXXXXXX,0.674123788217748,1,"-0.03
GUAUUCCUAAUAGGAUCUG,GCCAGCCAUCACAAUCAAACAGAUCCUAUUAGGAAUACAXXXXXXXXXXXXXXXXXX,0.5548098434004475,1,"-0.13
UAGGAUCUGUUUGAUUGUG,AGGACUGGAGGCCAGCCAUCACAAUCAAACAGAUCCUAUUAGGAAUACAXXXXXXXX,0.6517524235645041,1,"1.23
CUGUUUGAUUGUGAUGGCU,AGGACAAGGACUGGAGGCCAGCCAUCACAAUCAAACAGAXXXXXXXXXXXXXXXXXX,0.4481730052199851,0,"-0.9
GUUUGAUUGUGAUGGCUGG,GGAGGACAAGGACUGGAGGCCAGCCAUCACAAUCAAACAGAXXXXXXXXXXXXXXXX,0.4175988068605519,0,"0.57
UGGCCUCCAGUCCUUGUCC,GCCUGUCCAUCUUAGAGGAGGACAAGGACUGGAGGCCAGCCAUCACAAUCAAXXXXX,0.6405667412378822,1,"1.6
UCCAGUCCUUGUCCUCCUC,AGUGUGCCUGUCCAUCUUAGAGGAGGACAAGGACUGGAGGXXXXXXXXXXXXXXXXX,0.5257270693512304,1,"0.9
UCUAAGAUGGACAGGCACA,GUGUACCCUUCGGGGACAGUGUGCCUGUCCAUCUUAGAGGAGGAXXXXXXXXXXXXX,0.5667412378821775,1,"-0.24
AAGAUGGACAGGCACACUG,AAUGUGUACCCUUCGGGGACAGUGUGCCUGUCCAUCUUXXXXXXXXXXXXXXXXXXX,0.5973154362416108,1,"1.63
AGAUGGACAGGCACACUGU,GAAUGUGUACCCUUCGGGGACAGUGUGCCUGUCCAUCUUXXXXXXXXXXXXXXXXXX,0.4414615958240119,0,"0.16
GGACAGGCACACUGUCCCC,ACCCGAAUGUGUACCCUUCGGGGACAGUGUGCCUGUCCAUCXXXXXXXXXXXXXXXX,0.3564504101416853,0,"0.0
GGCACACUGUCCCCGAAGG,AUUUCACCCGAAUGUGUACCCUUCGGGGACAGUGUGCCUGXXXXXXXXXXXXXXXXX,0.3810589112602535,0,"0.0
UCCCCGAAGGGUACACAUU,ACCACCAUUAUUUCACCCGAAUGUGUACCCUUCGGGGACAGXXXXXXXXXXXXXXXX,0.4444444444444444,0,"-0.97
CCCGAAGGGUACACAUUCG,GAACCACCAUUAUUUCACCCGAAUGUGUACCCUUCGGGGACAGXXXXXXXXXXXXXX,0.3363161819537658,0,"-0.9
GGGUACACAUUCGGGUGAA,AAAUUCGAACCACCAUUAUUUCACCCGAAUGUGUACCCUUXXXXXXXXXXXXXXXXX,0.3698732289336316,0,"-2.33
UACACAUUCGGGUGAAAUA,UGUAAAUUCGAACCACCAUUAUUUCACCCGAAUGUGUACXXXXXXXXXXXXXXXXXX,0.5883668903803132,1,"0.0
AUUCGGGUGAAAUAAUGGU,CAAAAUGUAAAUUCGAACCACCAUUAUUUCACCCGAAUGUXXXXXXXXXXXXXXXXX,0.6584638329604773,1,"0.69
GAAAUAAUGGUGGUUCGAA,UUCGCCACCAAAAUGUAAAUUCGAACCACCAUUAUUUCACCCGAXXXXXXXXXXXXX,0.4407158836689038,0,"-1.87
AAAUAAUGGUGGUUCGAAU,CUUCGCCACCAAAAUGUAAAUUCGAACCACCAUUAUUUCACCCGAXXXXXXXXXXXX,0.6040268456375839,1,"0.17
AAUGGUGGUUCGAAUUUAC,CCAUCUUCGCCACCAAAAUGUAAAUUCGAACCACCAUUAUUUCACCCGAXXXXXXXX,0.6651752423564504,1,"1.76
UGGUGGUUCGAAUUUACAU,AUCCAUCUUCGCCACCAAAAUGUAAAUUCGAACCACCAUUAUUUCACCCGAXXXXXX,0.5592841163310962,1,"-0.56
GUGGUUCGAAUUUACAUUU,UUAUCCAUCUUCGCCACCAAAAUGUAAAUUCGAACCACCAUUAUUUCACCCGAXXXX,0.4019388516032812,0,"-1.76
UUCGAAUUUACAUUUUGGU,AUGAUUAUCCAUCUUCGCCACCAAAAUGUAAAUUCGAACXXXXXXXXXXXXXXXXXX,0.6442953020134228,1,"0.86
UGGCGAAGAUGGAUAAUCA,UACGGAUGCUUUUCAAAGAUGAUUAUCCAUCUUCGCCACCXXXXXXXXXXXXXXXXX,0.4399701715137956,0,"0.0
CGAAGAUGGAUAAUCAUCU,AACUACGGAUGCUUUUCAAAGAUGAUUAUCCAUCUUCGCCACCXXXXXXXXXXXXXX,0.3929903057419836,0,"-0.73
AUGGAUAAUCAUCUUUGAA,GUUUAAACUACGGAUGCUUUUCAAAGAUGAUUAUCCAUCUXXXXXXXXXXXXXXXXX,0.4862043251304996,0,"-0.17
CAUCUUUGAAAAGCAUCCG,AGGAGGCUUGUUUAAACUACGGAUGCUUUUCAAAGAUGAXXXXXXXXXXXXXXXXXX,0.651006711409396,1,"-0.2
AAAAGCAUCCGUAGUUUAA,CCGUGGGAAGGAGGCUUGUUUAAACUACGGAUGCUUUUCAAXXXXXXXXXXXXXXXX,0.3743475018642804,0,"0.0
AGCAUCCGUAGUUUAAACA,ACUCCGUGGGAAGGAGGCUUGUUUAAACUACGGAUGCUUUXXXXXXXXXXXXXXXXX,0.5078299776286354,0,"0.03
AUCCGUAGUUUAAACAAGC,GGGACUCCGUGGGAAGGAGGCUUGUUUAAACUACGGAUGCUUUXXXXXXXXXXXXXX,0.6875466070096943,1,"2.32
CGUAGUUUAAACAAGCCUC,AAAGGGACUCCGUGGGAAGGAGGCUUGUUUAAACUACGGAXXXXXXXXXXXXXXXXX,0.5458612975391499,1,"0.44
GUAGUUUAAACAAGCCUCC,GAAAGGGACUCCGUGGGAAGGAGGCUUGUUUAAACUACXXXXXXXXXXXXXXXXXXX,0.6152125279642058,1,"0.57
UAAACAAGCCUCCUUCCCA,AGGAAAGAAAGGGACUCCGUGGGAAGGAGGCUUGUUUAAAXXXXXXXXXXXXXXXXX,0.5816554809843401,1,"0.33
CAAGCCUCCUUCCCACGGA,UUCCAGGAAAGAAAGGGACUCCGUGGGAAGGAGGCUUGUUXXXXXXXXXXXXXXXXX,0.3907531692766592,0,"-0.66
UCCUUCCCACGGAGUCCCU,GCGCCAUUCCAGGAAAGAAAGGGACUCCGUGGGAAGGAGGCUUXXXXXXXXXXXXXX,0.5376584638329605,1,"-0.27
UUCCCACGGAGUCCCUUUC,AGUGCGCCAUUCCAGGAAAGAAAGGGACUCCGUGGGAAGGAGGCUUXXXXXXXXXXX,0.6659209545115585,1,"1.87
UCCCACGGAGUCCCUUUCU,GAGUGCGCCAUUCCAGGAAAGAAAGGGACUCCGUGGGAXXXXXXXXXXXXXXXXXXX,0.4705443698732289,0,"-0.27
CCCACGGAGUCCCUUUCUU,GGAGUGCGCCAUUCCAGGAAAGAAAGGGACUCCGUGGGAXXXXXXXXXXXXXXXXXX,0.3400447427293065,0,"-2.33
CACGGAGUCCCUUUCUUUC,UGGGAGUGCGCCAUUCCAGGAAAGAAAGGGACUCCGUGGGAXXXXXXXXXXXXXXXX,0.3959731543624161,0,"0.24
GAGUCCCUUUCUUUCCUGG,GAACUGGGAGUGCGCCAUUCCAGGAAAGAAAGGGACUCCGUGGGAXXXXXXXXXXXX,0.4093959731543624,0,"0.46
UCCCUUUCUUUCCUGGAAU,CAUGAACUGGGAGUGCGCCAUUCCAGGAAAGAAAGGGACUCCGUGGGAXXXXXXXXX,0.6256524981357195,1,"-0.8
UUCCUGGAAUGGCGCACUC,GAUGAACCUCAUGAACUGGGAGUGCGCCAUUCCAGGAAAGAAXXXXXXXXXXXXXXX,0.5413870246085011,1,"1.87
GCACUCCCAGUUCAUGAGG,AUCCCGAUGGCACGAUGAACCUCAUGAACUGGGAGUGCGXXXXXXXXXXXXXXXXXX,0.5384041759880686,1,"-0.16
CACUCCCAGUUCAUGAGGU,AAUCCCGAUGGCACGAUGAACCUCAUGAACUGGGAGUGCGXXXXXXXXXXXXXXXXX,0.4384787472035794,0,"-0.77
ACUCCCAGUUCAUGAGGUU,AAAUCCCGAUGGCACGAUGAACCUCAUGAACUGGGAGUGCGXXXXXXXXXXXXXXXX,0.2572706935123042,0,"-0.86
CAGUUCAUGAGGUUCAUCG,ACAAAAAAUCCCGAUGGCACGAUGAACCUCAUGAACUGGGAGUGCGXXXXXXXXXXX,0.5831469052945564,1,"-0.2
UUCAUGAGGUUCAUCGUGC,CCAACAAAAAAUCCCGAUGGCACGAUGAACCUCAUGAACUGGGAGUGCGXXXXXXXX,0.6293810589112603,1,"2.49
AGGUUCAUCGUGCCAUCGG,GCUGUCCCAACAAAAAAUCCCGAUGGCACGAUGAACCUCAUGAACUGGGAGUGCGXX,0.6099925428784488,1,"1.63
GGUUCAUCGUGCCAUCGGG,GGCUGUCCCAACAAAAAAUCCCGAUGGCACGAUGAACCUCAUGAACUGGGAGUGCGX,0.4101416853094706,0,"0.0
GUUCAUCGUGCCAUCGGGA,UGGCUGUCCCAACAAAAAAUCCCGAUGGCACGAUGAACCUCAUGAACUGGGAGUGCG,0.3639075316927666,0,"-0.79
GACAGCCACGAAACCAAAU,XXXXXXXGAAAGACCACCCAUUUGGUUUCGUGGCUGUCCCAACAAAAAXXXXXXXXX,0.3847874720357942,0,"-1.7
GCCACGAAACCAAAUGGGU,XXXXXXXXXXXGAAAGACCACCCAUUUGGUUUCGUGGCUGUCCCAACAAAAAXXXXX,0.4243102162565249,0,"-1.63
CCACGAAACCAAAUGGGUG,XXXXXXXXXXXXGAAAGACCACCCAUUUGGUUUCGUGGCUGUCCCAACAAAAAXXXX,0.6368381804623415,1,"-0.7
GAAACCAAAUGGGUGGUCU,XXXXXXXXXXXXXXXXGAAAGACCACCCAUUUGGUUUCGUGGCUGUCCCAACAAAAA,0.5950782997762863,1,"-1.17
UUCUUAUCGCGCUCGCCAG,CCCAUGGCCAAGAAGCAUGCUGGCGAGCGCGAUAAGAAGCUGGXXXXXXXXXXXXXX,0.6144668158090977,1,"1.6
UUAUCGCGCUCGCCAGCAU,GGUCCCAUGGCCAAGAAGCAUGCUGGCGAGCGCGAUAAGAAGCUGGXXXXXXXXXXX,0.5316927665920954,1,"0.17
GCCAGCAUGCUUCUUGGCC,GAGGGGCUGAGGGUCCCAUGGCCAAGAAGCAUGCUGGCXXXXXXXXXXXXXXXXXXX,0.4265473527218493,0,"-0.16
GCCAUGGGACCCUCAGCCC,GCCCCAGGGGGCCCGGGAGGGGCUGAGGGUCCCAUGGCCAAGAAGCAUGCUGGCXXX,0.3407904548844146,0,"-0.16
CCAUGGGACCCUCAGCCCC,GGCCCCAGGGGGCCCGGGAGGGGCUGAGGGUCCCAUGGCCAAGAAGCAUGCUGGCXX,0.3191648023862788,0,"0.0
AUGGGACCCUCAGCCCCUC,GGGGCCCCAGGGGGCCCGGGAGGGGCUGAGGGUCCCAUGGCCAAGAAGCAUGCUGGC,0.3355704697986577,0,"1.7
GGCCCCAGGGUCGGUGGAG,CCAGUGGCACUGAAGCUUCCUCCACCGACCCUGGGGCCCCAGGGXXXXXXXXXXXXX,0.3281133482475764,0,"-0.73
AGGGUCGGUGGAGGAAGCU,CCCUGGCCAGUGGCACUGAAGCUUCCUCCACCGACCCUGGGGCXXXXXXXXXXXXXX,0.3683818046234153,0,"0.0
GUGGAGGAAGCUUCAGUGC,GGUCGGGCCCUGGCCAGUGGCACUGAAGCUUCCUCCACCGACXXXXXXXXXXXXXXX,0.436241610738255,0,"0.73
AAGCUUCAGUGCCACUGGC,CGAAGCCGGUCGGGCCCUGGCCAGUGGCACUGAAGCUUCCUXXXXXXXXXXXXXXXX,0.4317673378076062,0,"2.49
GUGCCACUGGCCAGGGCCC,GGCAGGGCCGAAGCCGGUCGGGCCCUGGCCAGUGGCACUGAXXXXXXXXXXXXXXXX,0.3206562266964951,0,"0.57
ACUGGCCAGGGCCCGACCG,CCAGCGGCAGGGCCGAAGCCGGUCGGGCCCUGGCCAGUGGCACUGAXXXXXXXXXXX,0.3094705443698732,0,"0.57
GGCCAGGGCCCGACCGGCU,GGCCCAGCGGCAGGGCCGAAGCCGGUCGGGCCCUGGCCAXXXXXXXXXXXXXXXXXX,0.3206562266964951,0,"-1.63
GCCCGACCGGCUUCGGCCC,GCCGGCGGGCCCAGCGGCAGGGCCGAAGCCGGUCGGGCCCUGGCCAXXXXXXXXXXX,0.2714392244593587,0,"-0.16
CCCGACCGGCUUCGGCCCU,CGCCGGCGGGCCCAGCGGCAGGGCCGAAGCCGGUCGGGCCCUGGCCAXXXXXXXXXX,0.366144668158091,0,"-1.63
UUCGGCCCUGCCGCUGGGC,UCCACGGGGGCGCCGGCGGGCCCAGCGGCAGGGCCGAAGCCGGUCGGGCCCUGGCCA,0.3131991051454139,0,"2.49
CGUGGAUCUCUGUGAGCAG,GUAUGCAGCUCGGGCCCGUCUGCUCACAGAGAUCCACGXXXXXXXXXXXXXXXXXXX,0.4086502609992543,0,"0.17
AUCUCUGUGAGCAGACGGG,GAGGAGUAUGCAGCUCGGGCCCGUCUGCUCACAGAGAUXXXXXXXXXXXXXXXXXXX,0.5227442207307978,1,"2.16
GUGAGCAGACGGGCCCGAG,AACUACGAGGAGUAUGCAGCUCGGGCCCGUCUGCUCACXXXXXXXXXXXXXXXXXXX,0.4101416853094706,0,"-0.16
ACGGGCCCGAGCUGCAUAC,UCUUGGAGAACUACGAGGAGUAUGCAGCUCGGGCCCGUCUGCXXXXXXXXXXXXXXX,0.3504847129008203,0,"0.9
CGGGCCCGAGCUGCAUACU,CUCUUGGAGAACUACGAGGAGUAUGCAGCUCGGGCCCGUCUGCXXXXXXXXXXXXXX,0.3713646532438479,0,"-0.73
GGGCCCGAGCUGCAUACUC,GCUCUUGGAGAACUACGAGGAGUAUGCAGCUCGGGCCCGUCUGCXXXXXXXXXXXXX,0.3982102908277405,0,"-0.46
CCCGAGCUGCAUACUCCUC,CCUGCUCUUGGAGAACUACGAGGAGUAUGCAGCUCGGGXXXXXXXXXXXXXXXXXXX,0.4228187919463086,0,"-0.46
CUGCAUACUCCUCGUAGUU,GGGCCGCCUGCUCUUGGAGAACUACGAGGAGUAUGCAGCXXXXXXXXXXXXXXXXXX,0.2982848620432513,0,"-1.6
AUACUCCUCGUAGUUCUCC,AGGCGGGCCGCCUGCUCUUGGAGAACUACGAGGAGUAUGCAGCXXXXXXXXXXXXXX,0.4198359433258761,0,"2.16
UCGUAGUUCUCCAAGAGCA,AACGAGGAGGCGGGCCGCCUGCUCUUGGAGAACUACGAGXXXXXXXXXXXXXXXXXX,0.5801640566741239,1,"-0.24
GUAGUUCUCCAAGAGCAGG,UCAACGAGGAGGCGGGCCGCCUGCUCUUGGAGAACUACGAGXXXXXXXXXXXXXXXX,0.5272184936614467,1,"0.57
UAGUUCUCCAAGAGCAGGC,CUCAACGAGGAGGCGGGCCGCCUGCUCUUGGAGAACUACGAGXXXXXXXXXXXXXXX,0.5667412378821775,1,"2.09
UCUCCAAGAGCAGGCGGCC,UGCACUCAACGAGGAGGCGGGCCGCCUGCUCUUGGAGAAXXXXXXXXXXXXXXXXXX,0.517524235645041,0,"1.36
AGGCGGCCCGCCUCCUCGU,AACCCCGAGUCUGCACUCAACGAGGAGGCGGGCCGCCUGCUCUXXXXXXXXXXXXXX,0.3303504847129008,0,"0.16
CCGCCUCCUCGUUGAGUGC,CCACCCUAACCCCGAGUCUGCACUCAACGAGGAGGCGGGCCGCCXXXXXXXXXXXXX,0.3616703952274422,0,"0.16
CCUCGUUGAGUGCAGACUC,GCUGAUCCACCCUAACCCCGAGUCUGCACUCAACGAGGAGGCGXXXXXXXXXXXXXX,0.5331841909023117,1,"-0.46
CUCGUUGAGUGCAGACUCG,UGCUGAUCCACCCUAACCCCGAGUCUGCACUCAACGAGGAGGCGXXXXXXXXXXXXX,0.5264727815063386,1,"-0.17
GAGUGCAGACUCGGGGUUA,AGUGCCUGCUGAUCCACCCUAACCCCGAGUCUGCACUCXXXXXXXXXXXXXXXXXXX,0.2945563012677107,0,"-1.47
GACUCGGGGUUAGGGUGGA,ACCAUCAAGUGCCUGCUGAUCCACCCUAACCCCGAGUCUGCACXXXXXXXXXXXXXX,0.2938105891126025,0,"-0.9
GGGUGGAUCAGCAGGCACU,CACGUACUGCUGACCAUCAAGUGCCUGCUGAUCCACCCUAACCCCGAGUCUGCACXX,0.4153616703952275,0,"-1.63
GUGGAUCAGCAGGCACUUG,GACACGUACUGCUGACCAUCAAGUGCCUGCUGAUCCACXXXXXXXXXXXXXXXXXXX,0.4735272184936615,0,"-0.13
GAUGGUCAGCAGUACGUGU,CGGCUGAGCUGGGCAUCCGACACGUACUGCUGACCAUCAAGUGCCUGCUGAUCCACX,0.44220730797912,0,"-1.01
AUGGUCAGCAGUACGUGUC,ACGGCUGAGCUGGGCAUCCGACACGUACUGCUGACCAUXXXXXXXXXXXXXXXXXXX,0.6375838926174496,1,"1.7
GGAUGCCCAGCUCAGCCGU,CGUGCUCAAGAGGGACUGGACGGCUGAGCUGGGCAUCCGACACGUACUGCUGACCAU,0.3900074571215511,0,"-1.47
CCUCUUGAGCACGUUGACG,GCGCCAAUGGCGAGAUCUGCGUCAACGUGCUCAAGAGGGACUGGAXXXXXXXXXXXX,0.4705443698732289,0,"-0.9
UCUUGAGCACGUUGACGCA,GGGCGCCAAUGGCGAGAUCUGCGUCAACGUGCUCAAGAGGGACUGGAXXXXXXXXXX,0.5555555555555556,1,"-0.24
CUUGAGCACGUUGACGCAG,UGGGCGCCAAUGGCGAGAUCUGCGUCAACGUGCUCAAGAGGGACUGGAXXXXXXXXX,0.505592841163311,0,"0.0
GUUGACGCAGAUCUCGCCA,ACCCGAACGUGGGCGCCAAUGGCGAGAUCUGCGUCAACGUXXXXXXXXXXXXXXXXX,0.6383296047725577,1,"-1.03
UCUCGCCAUUGGCGCCCAC,CAAGAUCUUCCACCCGAACGUGGGCGCCAAUGGCGAGAUXXXXXXXXXXXXXXXXXX,0.4056674123788218,0,"0.79
CAUUGGCGCCCACGUUCGG,CCUGACCAAGAUCUUCCACCCGAACGUGGGCGCCAAUGGCGAGAUXXXXXXXXXXXX,0.3348247576435496,0,"0.7
CCACGUUCGGGUGGAAGAU,GGGCUACUUCCUGACCAAGAUCUUCCACCCGAACGUGGGXXXXXXXXXXXXXXXXXX,0.2356450410141685,0,"-2.16
CGUUCGGGUGGAAGAUCUU,CAAGGGCUACUUCCUGACCAAGAUCUUCCACCCGAACGUGGGXXXXXXXXXXXXXXX,0.4504101416853094,0,"-1.43
UCUUGGUCAGGAAGUAGCC,CCCUGCCUCCCCACCCAAGGGCUACUUCCUGACCAAGAUCUUXXXXXXXXXXXXXXX,0.6838180462341537,1,"1.36
AGGAAGUAGCCCUUGGGUG,AAGGACUUCCCUGCCUCCCCACCCAAGGGCUACUUCCUGXXXXXXXXXXXXXXXXXX,0.6077554064131245,1,"0.93
GGAAGUAGCCCUUGGGUGG,GAAGGACUUCCCUGCCUCCCCACCCAAGGGCUACUUCCUGXXXXXXXXXXXXXXXXX,0.4079045488441462,0,"0.0
AGUAGCCCUUGGGUGGGGA,GGGGAAGGACUUCCCUGCCUCCCCACCCAAGGGCUACUUCCUGXXXXXXXXXXXXXX,0.3646532438478747,0,"0.27
AGCCCUUGGGUGGGGAGGC,GCUGGGGAAGGACUUCCCUGCCUCCCCACCCAAGGGCUXXXXXXXXXXXXXXXXXXX,0.3452647278150634,0,"1.79
GGGGAGGCAGGGAAGUCCU,AUGAAACUCCUGCUGGGGAAGGACUUCCCUGCCUCCCCAXXXXXXXXXXXXXXXXXX,0.4116331096196868,0,"-1.63
CAGGGAAGUCCUUCCCCAG,GUUCCGCAUGAAACUCCUGCUGGGGAAGGACUUCCCUGCCUCCCCAXXXXXXXXXXX,0.3012677106636838,0,"-0.03
AGGGAAGUCCUUCCCCAGC,UGUUCCGCAUGAAACUCCUGCUGGGGAAGGACUUCCCUGCCUCCCCAXXXXXXXXXX,0.4019388516032812,0,"1.79
UUCCCCAGCAGGAGUUUCA,GCUGGAGGUCUGUUCCGCAUGAAACUCCUGCUGGGGAAGGXXXXXXXXXXXXXXXXX,0.4026845637583893,0,"0.73
GAGUUUCAUGCGGAACAGA,GGACCCCAUAUGCUGGAGGUCUGUUCCGCAUGAAACUCCUXXXXXXXXXXXXXXXXX,0.3154362416107382,0,"-0.9
CAUGCGGAACAGACCUCCA,CUGAGGGGACCCCAUAUGCUGGAGGUCUGUUCCGCAUGAAAXXXXXXXXXXXXXXXX,0.436241610738255,0,"-0.9
GACCUCCAGCAUAUGGGGU,CAUCGAGGGCCCUGAGGGGACCCCAUAUGCUGGAGGUCUGUUXXXXXXXXXXXXXXX,0.37211036539895603,0,"-1.01
CCAGCAUAUGGGGUCCCCU,GUCACCAUCGAGGGCCCUGAGGGGACCCCAUAUGCUGGXXXXXXXXXXXXXXXXXXX,0.2721849366144668,0,"-1.63
CAUAUGGGGUCCCCUCAGG,CCAGGUCACCAUCGAGGGCCCUGAGGGGACCCCAUAUGCUGGXXXXXXXXXXXXXXX,0.1879194630872483,0,"0.7
AUAUGGGGUCCCCUCAGGG,UCCAGGUCACCAUCGAGGGCCCUGAGGGGACCCCAUAUGCUGGXXXXXXXXXXXXXX,0.3467561521252796,0,"2.16
GGGUCCCCUCAGGGCCCUC,CGACCUCCAGGUCACCAUCGAGGGCCCUGAGGGGACCCCAUAUGCUGGXXXXXXXXX,0.3325876211782252,0,"-0.46
UCAGGGCCCUCGAUGGUGA,GACCUCACCGACCUCCAGGUCACCAUCGAGGGCCCUGAGGGGACCCCAUAUGCUGGX,0.26771066368381796,0,"0.0
CAGGGCCCUCGAUGGUGAC,GGACCUCACCGACCUCCAGGUCACCAUCGAGGGCCCUGAGGGGACCCCAUAUGCUGG,0.3363161819537658,0,"0.13
UGAGGUCCUCCUCGUUGGG,CGAUGGCAUCAAGGUCUUUCCCAACGAGGAGGACCUCACCXXXXXXXXXXXXXXXXX,0.4026845637583893,0,"1.6
GAGGUCCUCCUCGUUGGGA,CCGAUGGCAUCAAGGUCUUUCCCAACGAGGAGGACCUCACCXXXXXXXXXXXXXXXX,0.2662192393736017,0,"-0.9
AGGUCCUCCUCGUUGGGAA,CCCGAUGGCAUCAAGGUCUUUCCCAACGAGGAGGACCUCACCXXXXXXXXXXXXXXX,0.3102162565249813,0,"-0.7
GUCCUCCUCGUUGGGAAAG,CACCCGAUGGCAUCAAGGUCUUUCCCAACGAGGAGGACCXXXXXXXXXXXXXXXXXX,0.2527964205816555,0,"-0.16
CCUCGUUGGGAAAGACCUU,AGACCCACCCGAUGGCAUCAAGGUCUUUCCCAACGAGGAXXXXXXXXXXXXXXXXXX,0.395227442207308,0,"-2.33
UGGGAAAGACCUUGAUGCC,GACCGCAGACCCACCCGAUGGCAUCAAGGUCUUUCCCAACGXXXXXXXXXXXXXXXX,0.4272930648769574,0,"1.6
GGAAAGACCUUGAUGCCAU,CUGACCGCAGACCCACCCGAUGGCAUCAAGGUCUUUCCCAACGXXXXXXXXXXXXXX,0.4213273676360924,0,"-2.16
GACCUUGAUGCCAUCGGGU,CGACACUGACCGCAGACCCACCCGAUGGCAUCAAGGUCUUUCXXXXXXXXXXXXXXX,0.4951528709917972,0,"-1.01
CCUUGAUGCCAUCGGGUGG,GACGACACUGACCGCAGACCCACCCGAUGGCAUCAAGGUCUUUCXXXXXXXXXXXXX,0.3519761372110365,0,"0.0
UGAUGCCAUCGGGUGGGUC,GGUGACGACACUGACCGCAGACCCACCCGAUGGCAUCAXXXXXXXXXXXXXXXXXXX,0.4601043997017151,0,"1.14
GCCAUCGGGUGGGUCUGCG,AGGAGGUGACGACACUGACCGCAGACCCACCCGAUGGCAUCAXXXXXXXXXXXXXXX,0.384041759880686,0,"-1.06
GGGUGGGUCUGCGGUCAGU,XXXXCAAGGAGGUGACGACACUGACCGCAGACCCACCCGAUGGCAUCAXXXXXXXXX,0.3251304996271439,0,"-1.47
UGCGGUCAGUGUCGUCACC,XXXXXXXXXXXXXCAAGGAGGUGACGACACUGACCGCAGACCCACCCGAUGGCAUCA,0.6614466815809098,1,"1.6
UCCGAAUCGGAGGGUGAAC,UCAGAAAGAAUGCCGAAGAGUUCACCCUCCGAUUCGGAGUGXXXXXXXXXXXXXXXX,0.4556301267710663,0,"0.79
CCGAAUCGGAGGGUGAACU,UUCAGAAAGAAUGCCGAAGAGUUCACCCUCCGAUUCGGXXXXXXXXXXXXXXXXXXX,0.4123788217747949,0,"-1.63
CGGAGGGUGAACUCUUCGG,GAGCUGUUCAGAAAGAAUGCCGAAGAGUUCACCCUCCGAUUCGGXXXXXXXXXXXXX,0.4668158090976883,0,"0.9
GAGGGUGAACUCUUCGGCA,CGGAGCUGUUCAGAAAGAAUGCCGAAGAGUUCACCCUCCXXXXXXXXXXXXXXXXXX,0.4466815809097688,0,"-1.14
GGGUGAACUCUUCGGCAUU,UCCGGAGCUGUUCAGAAAGAAUGCCGAAGAGUUCACCCUCCXXXXXXXXXXXXXXXX,0.3847874720357942,0,"-2.33
CUUCGGCAUUCUUUCUGAA,GACACAGAAUCCGGAGCUGUUCAGAAAGAAUGCCGAAGAXXXXXXXXXXXXXXXXXX,0.43027591349739003,0,"-1.6
AUUCUUUCUGAACAGCUCC,ACCUGCUGACACAGAAUCCGGAGCUGUUCAGAAAGAAUGCCGAXXXXXXXXXXXXXX,0.8031319910514542,1,"2.16
AACAGCUCCGGAUUCUGUG,GACCUCGCUGACCUGCUGACACAGAAUCCGGAGCUGUUCXXXXXXXXXXXXXXXXXX,0.7293064876957495,1,"1.63
ACAGCUCCGGAUUCUGUGU,GGACCUCGCUGACCUGCUGACACAGAAUCCGGAGCUGUUCXXXXXXXXXXXXXXXXX,0.6368381804623415,1,"0.0
AGCUCCGGAUUCUGUGUCA,AUGGACCUCGCUGACCUGCUGACACAGAAUCCGGAGCUXXXXXXXXXXXXXXXXXXX,0.4086502609992543,0,"0.03
GCUCCGGAUUCUGUGUCAG,GAUGGACCUCGCUGACCUGCUGACACAGAAUCCGGAGCUXXXXXXXXXXXXXXXXXX,0.5935868754660701,1,"-0.89
GUCAGCAGGUCAGCGAGGU,AGGGAGCCCCUGCGGAUGGACCUCGCUGACCUGCUGACXXXXXXXXXXXXXXXXXXX,0.4369873228933631,0,"-0.9
GCAGGUCAGCGAGGUCCAU,UAUCAGGGAGCCCCUGCGGAUGGACCUCGCUGACCUGCUGACXXXXXXXXXXXXXXX,0.3266219239373601,0,"-2.32
AGGUCAGCGAGGUCCAUCC,AAUAUCAGGGAGCCCCUGCGGAUGGACCUCGCUGACCUGCUGACXXXXXXXXXXXXX,0.6002982848620433,1,"1.63
GGUCAGCGAGGUCCAUCCG,GAAUAUCAGGGAGCCCCUGCGGAUGGACCUCGCUGACCUGCUGACXXXXXXXXXXXX,0.5339299030574198,1,"-0.9
AGCGAGGUCCAUCCGCAGG,GACCGAAUAUCAGGGAGCCCCUGCGGAUGGACCUCGCUGAXXXXXXXXXXXXXXXXX,0.6099925428784488,1,"1.63
GCGAGGUCCAUCCGCAGGG,AGACCGAAUAUCAGGGAGCCCCUGCGGAUGGACCUCGCUGAXXXXXXXXXXXXXXXX,0.4451901565995526,0,"-0.16
GGUCCAUCCGCAGGGGCUC,GAAUAGACCGAAUAUCAGGGAGCCCCUGCGGAUGGACCUCGCUGAXXXXXXXXXXXX,0.4168530947054437,0,"-0.46
CCAUCCGCAGGGGCUCCCU,GGUGAAUAGACCGAAUAUCAGGGAGCCCCUGCGGAUGGAXXXXXXXXXXXXXXXXXX,0.4481730052199851,0,"-1.63
GGGGCUCCCUGAUAUUCGG,CAAUGUGCUGGUGAAUAGACCGAAUAUCAGGGAGCCCCUGCXXXXXXXXXXXXXXXX,0.3728560775540641,0,"0.0
UGAUAUUCGGUCUAUUCAC,GGAGGCCCUCAAUGUGCUGGUGAAUAGACCGAAUAUCAGGGAGCCCXXXXXXXXXXX,0.6703952274422074,1,"1.03
CGGUCUAUUCACCAGCACA,AAGUCCUGGAGGCCCUCAAUGUGCUGGUGAAUAGACCGAAUXXXXXXXXXXXXXXXX,0.4399701715137956,0,"-0.7
CUAUUCACCAGCACAUUGA,UGCCAAGUCCUGGAGGCCCUCAAUGUGCUGGUGAAUAGACCGAAUXXXXXXXXXXXX,0.5152870991797166,0,"-0.63
GCACAUUGAGGGCCUCCAG,CACCAAGACUUGCCAAGUCCUGGAGGCCCUCAAUGUGCUGGUGAAXXXXXXXXXXXX,0.3594332587621178,0,"-0.89
ACAUUGAGGGCCUCCAGGA,UGCACCAAGACUUGCCAAGUCCUGGAGGCCCUCAAUGUGCUGGUGAAXXXXXXXXXX,0.5533184190902312,1,"0.11
CCUCCAGGACUUGGCAAGU,CUGGAAGCCUUGCACCAAGACUUGCCAAGUCCUGGAGGCXXXXXXXXXXXXXXXXXX,0.2371364653243848,0,"-1.47
UGGCAAGUCUUGGUGCAAG,AGCAGUGAGAACUGGAAGCCUUGCACCAAGACUUGCCAAGUCCUGGAXXXXXXXXXX,0.668158090976883,1,"0.87
UCUUGGUGCAAGGCUUCCA,CAUCAUCAGCAGUGAGAACUGGAAGCCUUGCACCAAGACUXXXXXXXXXXXXXXXXX,0.5794183445190156,1,"-0.24
UGGUGCAAGGCUUCCAGUU,GCCCAUCAUCAGCAGUGAGAACUGGAAGCCUUGCACCAAXXXXXXXXXXXXXXXXXX,0.5801640566741239,1,"-0.73
CUUCCAGUUCUCACUGCUG,AGAUUUGCCUGCCCAUCAUCAGCAGUGAGAACUGGAAGCXXXXXXXXXXXXXXXXXX,0.5585384041759881,1,"0.03
UCCAGUUCUCACUGCUGAU,ACAGAUUUGCCUGCCCAUCAUCAGCAGUGAGAACUGGAAGCXXXXXXXXXXXXXXXX,0.6181953765846383,1,"-0.8
CCAGUUCUCACUGCUGAUG,GACAGAUUUGCCUGCCCAUCAUCAGCAGUGAGAACUGGAAGCXXXXXXXXXXXXXXX,0.4899328859060403,0,"-0.7
CAGUUCUCACUGCUGAUGA,GGACAGAUUUGCCUGCCCAUCAUCAGCAGUGAGAACUGGAAGCXXXXXXXXXXXXXX,0.4571215510812826,0,"-0.66
UCUCACUGCUGAUGAUGGG,GAACGGACAGAUUUGCCUGCCCAUCAUCAGCAGUGAGAACUGGAAGCXXXXXXXXXX,0.5518269947800151,1,"1.36
GAUGAUGGGCAGGCAAAUC,ACGUGGACGAGAACGGACAGAUUUGCCUGCCCAUCAUCAGCAGUGAGAACUGGAAGC,0.5316927665920954,1,"0.0
CUCGUCCACGUUGGGGUGG,AAUUCACAACCAAGAUCUACCACCCCAACGUGGACGAGAXXXXXXXXXXXXXXXXXX,0.5041014168530947,0,"0.73
UCGUCCACGUUGGGGUGGU,AAAUUCACAACCAAGAUCUACCACCCCAACGUGGACGAGAXXXXXXXXXXXXXXXXX,0.4839671886651752,0,"-0.11
CGUCCACGUUGGGGUGGUA,CAAAUUCACAACCAAGAUCUACCACCCCAACGUGGACGXXXXXXXXXXXXXXXXXXX,0.27889634601044,0,"-1.03
UCCACGUUGGGGUGGUAGA,AUCAAAUUCACAACCAAGAUCUACCACCCCAACGUGGACGXXXXXXXXXXXXXXXXX,0.395227442207308,0,"0.0
UGGGGUGGUAGAUCUUGGU,UCCCAUGAUCAAAUUCACAACCAAGAUCUACCACCCCAAXXXXXXXXXXXXXXXXXX,0.6771066368381805,1,"0.13
GGGGUGGUAGAUCUUGGUU,CUCCCAUGAUCAAAUUCACAACCAAGAUCUACCACCCCAAXXXXXXXXXXXXXXXXX,0.3251304996271439,0,"-2.33
GUGGUAGAUCUUGGUUGUG,AGCCUCCCAUGAUCAAAUUCACAACCAAGAUCUACCACCCCAAXXXXXXXXXXXXXX,0.3415361670395228,0,"-0.13
GUAGAUCUUGGUUGUGAAU,UCAAGCCUCCCAUGAUCAAAUUCACAACCAAGAUCUACXXXXXXXXXXXXXXXXXXX,0.3803131991051454,0,"-1.59
GAUCUUGGUUGUGAAUUUG,CGUUCAAGCCUCCCAUGAUCAAAUUCACAACCAAGAUCUAXXXXXXXXXXXXXXXXX,0.6405667412378822,1,"-0.24
UUGUGAAUUUGAUCAUGGG,GGAGUAUCCGUUCAAGCCUCCCAUGAUCAAAUUCACAAXXXXXXXXXXXXXXXXXXX,0.7099179716629381,1,"2.33
UUGAUCAUGGGAGGCUUGA,UUCCCGCCGGAGUAUCCGUUCAAGCCUCCCAUGAUCAAXXXXXXXXXXXXXXXXXXX,0.6465324384787472,1,"0.97
UGAUCAUGGGAGGCUUGAA,CUUCCCGCCGGAGUAUCCGUUCAAGCCUCCCAUGAUCAXXXXXXXXXXXXXXXXXXX,0.5309470544369873,1,"-0.73
GGAGGCUUGAACGGAUACU,CGCAUCAGCUUCCCGCCGGAGUAUCCGUUCAAGCCUCCCAUXXXXXXXXXXXXXXXX,0.4004474272930649,0,"-1.63
AGGCUUGAACGGAUACUCC,UGCGCAUCAGCUUCCCGCCGGAGUAUCCGUUCAAGCCUCCCAUXXXXXXXXXXXXXX,0.6308724832214765,1,"1.63
ACGGAUACUCCGGCGGGAA,CUUCAACCUGCGCAUCAGCUUCCCGCCGGAGUAUCCGUUCAAXXXXXXXXXXXXXXX,0.3206562266964951,0,"-0.86
CGGAUACUCCGGCGGGAAG,CCUUCAACCUGCGCAUCAGCUUCCCGCCGGAGUAUCCGUUCAAXXXXXXXXXXXXXX,0.2841163310961969,0,"0.17
ACUCCGGCGGGAAGCUGAU,GAAAGCCUUCAACCUGCGCAUCAGCUUCCCGCCGGAGUAXXXXXXXXXXXXXXXXXX,0.3900074571215511,0,"-0.69
GGGAAGCUGAUGCGCAGGU,UACCACCUGAAAGCCUUCAACCUGCGCAUCAGCUUCCCGCCGGAGUAXXXXXXXXXX,0.5287099179716629,1,"-1.47
GGAAGCUGAUGCGCAGGUU,CUACCACCUGAAAGCCUUCAACCUGCGCAUCAGCUUCCCGCCGGAGUAXXXXXXXXX,0.3847874720357942,0,"-2.33
UGCGCAGGUUGAAGGCUUU,CCAACCUCCCUACCACCUGAAAGCCUUCAACCUGCGCAUCAGCUUCCCGCCGGAGUA,0.5205070842654735,0,"-0.73
GUAGGGAGGUUGGUCGGGU,UGUGGCACGCUCUCCUCCUACCCGACCAACCUCCCUACCXXXXXXXXXXXXXXXXXX,0.4772557792692021,0,"-0.9
GGGAGGUUGGUCGGGUAGG,UGGUGUGGCACGCUCUCCUCCUACCCGACCAACCUCCCXXXXXXXXXXXXXXXXXXX,0.4146159582401194,0,"0.0
GAGGUUGGUCGGGUAGGAG,CCUGGUGUGGCACGCUCUCCUCCUACCCGACCAACCUCCCXXXXXXXXXXXXXXXXX,0.4735272184936615,0,"-0.27
GGUUGGUCGGGUAGGAGGA,GUCCUGGUGUGGCACGCUCUCCUCCUACCCGACCAACCXXXXXXXXXXXXXXXXXXX,0.3691275167785235,0,"-1.36
UUGGUCGGGUAGGAGGAGA,AUGUCCUGGUGUGGCACGCUCUCCUCCUACCCGACCAACCXXXXXXXXXXXXXXXXX,0.5958240119313946,1,"0.97
GUCGGGUAGGAGGAGAGCG,CCAAUGUCCUGGUGUGGCACGCUCUCCUCCUACCCGACCAACCXXXXXXXXXXXXXX,0.5495898583146905,1,"-0.33
GGUAGGAGGAGAGCGUGCC,GAUGCCAAUGUCCUGGUGUGGCACGCUCUCCUCCUACCCGACCAACCXXXXXXXXXX,0.4660700969425801,0,"0.0
UAGGAGGAGAGCGUGCCAC,AUGAUGCCAAUGUCCUGGUGUGGCACGCUCUCCUCCUACCCGACCAACCXXXXXXXX,0.7225950782997763,1,"1.36
AGGAGAGCGUGCCACACCA,AGCGAUGAUGCCAAUGUCCUGGUGUGGCACGCUCUCCUXXXXXXXXXXXXXXXXXXX,0.6674123788217748,1,"0.03
GAGCGUGCCACACCAGGAC,GUCCAGCGAUGAUGCCAAUGUCCUGGUGUGGCACGCUCUCCUXXXXXXXXXXXXXXX,0.5533184190902312,1,"-0.11
CAGGACAUUGGCAUCAUCG,ACCUGCGGAACCUGUCCAGCGAUGAUGCCAAUGUCCUGXXXXXXXXXXXXXXXXXXX,0.7240865026099925,1,"-0.2
AGGACAUUGGCAUCAUCGC,UACCUGCGGAACCUGUCCAGCGAUGAUGCCAAUGUCCUGXXXXXXXXXXXXXXXXXX,0.7994034302759135,1,"1.79
GGACAUUGGCAUCAUCGCU,AUACCUGCGGAACCUGUCCAGCGAUGAUGCCAAUGUCCUGXXXXXXXXXXXXXXXXX,0.651006711409396,1,"-1.63
GGCAUCAUCGCUGGACAGG,CUCCCCCAUACCUGCGGAACCUGUCCAGCGAUGAUGCCAAUGUXXXXXXXXXXXXXX,0.5786726323639075,1,"0.0
CGCUGGACAGGUUCCGCAG,XXXXXXGCCUCCCCCAUACCUGCGGAACCUGUCCAGCGAUGAUGCCAAUGUXXXXXX,0.5674869500372857,1,"0.17
CUGGACAGGUUCCGCAGGU,XXXXXXXXGCCUCCCCCAUACCUGCGGAACCUGUCCAGCGAUGAUGCCAAUGUXXXX,0.5503355704697986,1,"-0.74
ACAGGUUCCGCAGGUAUGG,XXXXXXXXXXXXGCCUCCCCCAUACCUGCGGAACCUGUCCAGCGAUGAUGCCAAUGU,0.6584638329604773,1,"1.47
AUUUCUCUUUGUGUUGGAU,UCUGAUUCAGAAGGGCGUCAUCCAACACAAAGAGAAAUGCAACCAXXXXXXXXXXXX,0.5152870991797166,0,"0.0
UUCUCUUUGUGUUGGAUGA,GAUCUGAUUCAGAAGGGCGUCAUCCAACACAAAGAGAAAUGCAACCAXXXXXXXXXX,0.6935123042505593,1,"0.97
CUCUUUGUGUUGGAUGACG,CUGAUCUGAUUCAGAAGGGCGUCAUCCAACACAAAGAGXXXXXXXXXXXXXXXXXXX,0.6435495898583147,1,"-0.17
UUGUGUUGGAUGACGCCCU,AUCCCUGAUCUGAUUCAGAAGGGCGUCAUCCAACACAAAGAGXXXXXXXXXXXXXXX,0.7986577181208053,1,"0.7
CCCUUCUGAAUCAGAUCAG,UGGCUGGCAGUGGAAAUCCCUGAUCUGAUUCAGAAGGGCGXXXXXXXXXXXXXXXXX,0.5458612975391499,1,"-0.73
UGAAUCAGAUCAGGGAUUU,GGUCCAUGGCUGGCAGUGGAAAUCCCUGAUCUGAUUCAGAAGGGCGXXXXXXXXXXX,0.6040268456375839,1,"-0.73
UCAGGGAUUUCCACUGCCA,CUGGGGCUGGGUCCAUGGCUGGCAGUGGAAAUCCCUGAUCUGAUXXXXXXXXXXXXX,0.5324384787472035,1,"-0.24
AGGGAUUUCCACUGCCAGC,CUCUGGGGCUGGGUCCAUGGCUGGCAGUGGAAAUCCCUGAUCUGAUXXXXXXXXXXX,0.3616703952274422,0,"1.79
ACUGCCAGCCAUGGACCCA,CAUCUCAUGGCUCUGGGGCUGGGUCCAUGGCUGGCAGUGXXXXXXXXXXXXXXXXXX,0.2624906785980611,0,"-0.13
CUGCCAGCCAUGGACCCAG,UCAUCUCAUGGCUCUGGGGCUGGGUCCAUGGCUGGCAGUGXXXXXXXXXXXXXXXXX,0.4511558538404175,0,"0.0
UGGACCCAGCCCCAGAGCC,UUGGACUAGCUCAUCUCAUGGCUCUGGGGCUGGGUCCAUGXXXXXXXXXXXXXXXXX,0.5212527964205816,0,"1.6
AGCCCCAGAGCCAUGAGAU,CCCAAAUUUGGACUAGCUCAUCUCAUGGCUCUGGGGCUGGGUCCAUGXXXXXXXXXX,0.401193139448173,0,"-0.53
AGCCAUGAGAUGAGCUAGU,GGAAUGUGCCCAAAUUUGGACUAGCUCAUCUCAUGGCUCXXXXXXXXXXXXXXXXXX,0.401193139448173,0,"0.16
CCAUGAGAUGAGCUAGUCC,CAGGAAUGUGCCCAAAUUUGGACUAGCUCAUCUCAUGGCUCXXXXXXXXXXXXXXXX,0.4601043997017151,0,"0.0
UCCAAAUUUGGGCACAUUC,UCAAACCUUUGUGGGCCAGGAAUGUGCCCAAAUUUGGACUAGXXXXXXXXXXXXXXX,0.5063385533184191,0,"0.9
AUUUGGGCACAUUCCUGGC,UCAUUUCAAACCUUUGUGGGCCAGGAAUGUGCCCAAAUUUGGACUAGXXXXXXXXXX,0.575689783743475,1,"2.32
AUUCCUGGCCCACAAAGGU,GCCUGACGGAUCAUUUCAAACCUUUGUGGGCCAGGAAUXXXXXXXXXXXXXXXXXXX,0.4243102162565249,0,"0.69
ACAAAGGUUUGAAAUGAUC,UGGCAAAAUAUGCCUGACGGAUCAUUUCAAACCUUUGUGXXXXXXXXXXXXXXXXXX,0.7367636092468307,1,"1.01
AAGGUUUGAAAUGAUCCGU,GGGUGGCAAAAUAUGCCUGACGGAUCAUUUCAAACCUUUGUGXXXXXXXXXXXXXXX,0.790454884414616,1,"0.86
AGGUUUGAAAUGAUCCGUC,GGGGUGGCAAAAUAUGCCUGACGGAUCAUUUCAAACCUUUGUGXXXXXXXXXXXXXX,0.9149888143176734,1,"1.17
GUUUGAAAUGAUCCGUCAG,CAGGGGUGGCAAAAUAUGCCUGACGGAUCAUUUCAAACCUUUGUGXXXXXXXXXXXX,0.4899328859060403,0,"-0.16
UUGAAAUGAUCCGUCAGGC,UACAGGGGUGGCAAAAUAUGCCUGACGGAUCAUUUCAAACCUUUGUGXXXXXXXXXX,0.8747203579418344,1,"2.49
CCGUCAGGCAUAUUUUGCC,AGCAAAGAUGUACAGGGGUGGCAAAAUAUGCCUGACGGAXXXXXXXXXXXXXXXXXX,0.7449664429530202,1,"0.0
UGCCACCCCUGUACAUCUU,GCUGGAUGGAAAGACAGCAAAGAUGUACAGGGGUGGCAAAAXXXXXXXXXXXXXXXX,0.4645786726323639,0,"-0.73
CACCCCUGUACAUCUUUGC,UGAGCUGGAUGGAAAGACAGCAAAGAUGUACAGGGGUGGCAAAAXXXXXXXXXXXXX,0.8061148396718867,1,"0.86
CCUGUACAUCUUUGCUGUC,UUCCUGAGCUGGAUGGAAAGACAGCAAAGAUGUACAGGGGXXXXXXXXXXXXXXXXX,0.3736017897091722,0,"-0.46
UGUACAUCUUUGCUGUCUU,AGUUCCUGAGCUGGAUGGAAAGACAGCAAAGAUGUACAGGGGXXXXXXXXXXXXXXX,0.8396718866517523,1,"-0.73
AUCUUUGCUGUCUUUCCAU,AUUGCAGUUCCUGAGCUGGAUGGAAAGACAGCAAAGAUXXXXXXXXXXXXXXXXXXX,0.5212527964205816,0,"0.0
CUUUGCUGUCUUUCCAUCC,AAAUUGCAGUUCCUGAGCUGGAUGGAAAGACAGCAAAGAUXXXXXXXXXXXXXXXXX,0.7651006711409396,1,"0.73
UCUUUCCAUCCAGCUCAGG,UGCCCCAGAAAUUGCAGUUCCUGAGCUGGAUGGAAAGAXXXXXXXXXXXXXXXXXXX,0.8956002982848621,1,"1.36
CAUCCAGCUCAGGAACUGC,UACUACUGCCCCAGAAAUUGCAGUUCCUGAGCUGGAUGGAAXXXXXXXXXXXXXXXX,0.5973154362416108,1,"0.86
CCAGCUCAGGAACUGCAAU,UCCUACUACUGCCCCAGAAAUUGCAGUUCCUGAGCUGGAUGGAAXXXXXXXXXXXXX,0.459358687546607,0,"-2.16
GAACUGCAAUUUCUGGGGC,UAUCACAUAUCCUACUACUGCCCCAGAAAUUGCAGUUCCXXXXXXXXXXXXXXXXXX,0.4601043997017151,0,"0.62
AACUGCAAUUUCUGGGGCA,CUAUCACAUAUCCUACUACUGCCCCAGAAAUUGCAGUUCCXXXXXXXXXXXXXXXXX,0.3348247576435496,0,"0.73
UGCAAUUUCUGGGGCAGUA,UUCCUAUCACAUAUCCUACUACUGCCCCAGAAAUUGCAGUUCCXXXXXXXXXXXXXX,0.3892617449664429,0,"-0.33
UGGGGCAGUAGUAGGAUAU,AGUUUGACAUUCCUAUCACAUAUCCUACUACUGCCCCAGAAAXXXXXXXXXXXXXXX,0.5831469052945564,1,"-0.56
CAGUAGUAGGAUAUGUGAU,CAUCGAGUUUGACAUUCCUAUCACAUAUCCUACUACUGCCCXXXXXXXXXXXXXXXX,0.5160328113348247,0,"-1.46
AUAUGUGAUAGGAAUGUCA,AUGAGUUUGACAUCGAGUUUGACAUUCCUAUCACAUAUCCUXXXXXXXXXXXXXXXX,0.8545861297539149,1,"0.56
GAUAGGAAUGUCAAACUCG,UGAAAUAUGAGUUUGACAUCGAGUUUGACAUUCCUAUCXXXXXXXXXXXXXXXXXXX,0.7136465324384788,1,"-0.44
UCAAACUCGAUGUCAAACU,CAUGACCUCCUGAAAUAUGAGUUUGACAUCGAGUUUGACAUUXXXXXXXXXXXXXXX,0.9067859806114841,1,"-0.27
GAUGUCAAACUCAUAUUUC,GGUAUAUCCAUGACCUCCUGAAAUAUGAGUUUGACAUCGXXXXXXXXXXXXXXXXXX,0.4988814317673378,0,"0.0
AUGUCAAACUCAUAUUUCA,UGGUAUAUCCAUGACCUCCUGAAAUAUGAGUUUGACAUXXXXXXXXXXXXXXXXXXX,0.5615212527964206,1,"0.56
AACUCAUAUUUCAGGAGGU,AAAUGCUGGUAUAUCCAUGACCUCCUGAAAUAUGAGUUUGACAUXXXXXXXXXXXXX,0.3243847874720358,0,"0.86
CAGGAGGUCAUGGAUAUAC,GGUGGUUUGGAAAAUGCUGGUAUAUCCAUGACCUCCUGAAAUAUXXXXXXXXXXXXX,0.7158836689038031,1,"0.13
GGAGGUCAUGGAUAUACCA,UCGGUGGUUUGGAAAAUGCUGGUAUAUCCAUGACCUCCUGAAAUAUXXXXXXXXXXX,0.2341536167039522,0,"-1.6
AUAUACCAGCAUUUUCCAA,AAGGAAGGAACUCGGUGGUUUGGAAAAUGCUGGUAUAUCXXXXXXXXXXXXXXXXXX,0.4235645041014168,0,"-0.17
UUUCCAAACCACCGAGUUC,CUGGAGUCCAACAAGGAAGGAACUCGGUGGUUUGGAAAXXXXXXXXXXXXXXXXXXX,0.7285607755406414,1,"1.87
CCAAACCACCGAGUUCCUU,CGACUGGAGUCCAACAAGGAAGGAACUCGGUGGUUUGGAAAXXXXXXXXXXXXXXXX,0.2401193139448173,0,"-2.33
AACCACCGAGUUCCUUCCU,UUCCGACUGGAGUCCAACAAGGAAGGAACUCGGUGGUUUGGAAAXXXXXXXXXXXXX,0.4608501118568233,0,"0.7
GUUCCUUCCUUGUUGGACU,AACGAUUGGUUCCGACUGGAGUCCAACAAGGAAGGAACUCGGUGXXXXXXXXXXXXX,0.622669649515287,1,"-1.06
CUUCCUUGUUGGACUCCAG,UGACAACGAUUGGUUCCGACUGGAGUCCAACAAGGAAGXXXXXXXXXXXXXXXXXXX,0.494407158836689,0,"0.0
UGGACUCCAGUCGGAACCA,CAAGAAUGCUGACAACGAUUGGUUCCGACUGGAGUCCAACAAGGAXXXXXXXXXXXX,0.5361670395227442,1,"0.0
UCGGAACCAAUCGUUGUCA,UGGAGAACAACAAGAAUGCUGACAACGAUUGGUUCCGACUGGAGXXXXXXXXXXXXX,0.5674869500372857,1,"-0.24
GGAACCAAUCGUUGUCAGC,UGUGGAGAACAACAAGAAUGCUGACAACGAUUGGUUCCGXXXXXXXXXXXXXXXXXX,0.5816554809843401,1,"0.16
CGUUGUCAGCAUUCUUGUU,UAUCCGGUAUGUGGAGAACAACAAGAAUGCUGACAACGAUUXXXXXXXXXXXXXXXX,0.3228933631618195,0,"-1.43
UUGUCAGCAUUCUUGUUGU,CUUAUCCGGUAUGUGGAGAACAACAAGAAUGCUGACAAXXXXXXXXXXXXXXXXXXX,0.6442953020134228,1,"0.86
CAUUCUUGUUGUUCUCCAC,UCAGUCCCUUAUCCGGUAUGUGGAGAACAACAAGAAUGXXXXXXXXXXXXXXXXXXX,0.5137956748695003,0,"0.13
GUUGUUCUCCACAUACCGG,AGGAAUAUCAGUCCCUUAUCCGGUAUGUGGAGAACAACAAGAAUXXXXXXXXXXXXX,0.5391498881431768,1,"0.57
UCUCCACAUACCGGAUAAG,GAAGGAGGAAUAUCAGUCCCUUAUCCGGUAUGUGGAGAACAACAAGAAUXXXXXXXX,0.5846383296047726,1,"0.63
ACAUACCGGAUAAGGGACU,CGACUGAAGGAGGAAUAUCAGUCCCUUAUCCGGUAUGUGGXXXXXXXXXXXXXXXXX,0.5563012677106637,1,"-0.16
CAUACCGGAUAAGGGACUG,GCGACUGAAGGAGGAAUAUCAGUCCCUUAUCCGGUAUGXXXXXXXXXXXXXXXXXXX,0.5876211782252051,1,"0.0
AUACCGGAUAAGGGACUGA,AGCGACUGAAGGAGGAAUAUCAGUCCCUUAUCCGGUAUXXXXXXXXXXXXXXXXXXX,0.6629381058911259,1,"0.8
UACCGGAUAAGGGACUGAU,CAGCGACUGAAGGAGGAAUAUCAGUCCCUUAUCCGGUAXXXXXXXXXXXXXXXXXXX,0.7390007457121551,1,"-0.23
CUGAUAUUCCUCCUUCAGU,GUGAGUUGUGGGUGCAGCGACUGAAGGAGGAAUAUCAGUCCXXXXXXXXXXXXXXXX,0.5607755406413124,1,"-0.74
AUAUUCCUCCUUCAGUCGC,AUCGUGAGUUGUGGGUGCAGCGACUGAAGGAGGAAUAUCAGUCCXXXXXXXXXXXXX,0.7949291573452648,1,"2.32
UAUUCCUCCUUCAGUCGCU,GAUCGUGAGUUGUGGGUGCAGCGACUGAAGGAGGAAUAUCAGUCCXXXXXXXXXXXX,0.6942580164056674,1,"0.3
AUUCCUCCUUCAGUCGCUG,AGAUCGUGAGUUGUGGGUGCAGCGACUGAAGGAGGAAUAUCAGUCCXXXXXXXXXXX,0.7494407158836688,1,"1.46
UCCUUCAGUCGCUGCACCC,CCCCGAGAUCGUGAGUUGUGGGUGCAGCGACUGAAGGAGGAAUAUCAGUCCXXXXXX,0.6405667412378822,1,"1.36
AGUCGCUGCACCCACAACU,GCCGGACCCCGAGAUCGUGAGUUGUGGGUGCAGCGACUGXXXXXXXXXXXXXXXXXX,0.5995525727069352,1,"0.0
UCACGAUCUCGGGGUCCGG,XXXXXXXXXXXGACUAACGCCGGACCCCGAGAUCGUGAGUUGUGGGUGCAGCGACUG,0.4220730797912005,0,"1.36
UUUCUUUUCUAUGCCUACU,AAAGGAAGGCCAGUCAGCUAGUAGGCAUAGAAAAGAAAUUUXXXXXXXXXXXXXXXX,0.7576435495898584,1,"0.7
CUUUUCUAUGCCUACUAGC,AGAAAAGGAAGGCCAGUCAGCUAGUAGGCAUAGAAAAGAAAUUUXXXXXXXXXXXXX,0.790454884414616,1,"0.89
UACUAGCUGACUGGCCUUC,ACAACUCAACACAGAAAAGGAAGGCCAGUCAGCUAGUAGGCAUXXXXXXXXXXXXXX,0.6853094705443699,1,"1.47
CCUUCCUUUUCUGUGUUGA,UGACUCCAGAGUACACAACUCAACACAGAAAAGGAAGGCCAGUCXXXXXXXXXXXXX,0.48844146159582397,0,"-1.36
UGUUGAGUUGUGUACUCUG,UACCAGAGGCUGGUGACUCCAGAGUACACAACUCAACACAGAAAAGGAXXXXXXXXX,0.6189410887397464,1,"0.9
UUGUGUACUCUGGAGUCAC,GAUAAUCUACCAGAGGCUGGUGACUCCAGAGUACACAACUCAXXXXXXXXXXXXXXX,0.8053691275167786,1,"1.76
GUGUACUCUGGAGUCACCA,UUGAUAAUCUACCAGAGGCUGGUGACUCCAGAGUACACAACUCAXXXXXXXXXXXXX,0.5988068605518271,1,"-1.03
GUCACCAGCCUCUGGUAGA,AGGAAGAGAUGCUUGAUAAUCUACCAGAGGCUGGUGACXXXXXXXXXXXXXXXXXXX,0.4735272184936615,0,"-0.79
UCACCAGCCUCUGGUAGAU,GAGGAAGAGAUGCUUGAUAAUCUACCAGAGGCUGGUGACXXXXXXXXXXXXXXXXXX,0.7233407904548844,1,"-0.8
CUCUGGUAGAUUAUCAAGC,AGGCUGAUGAGGAAGAGAUGCUUGAUAAUCUACCAGAGGCXXXXXXXXXXXXXXXXX,0.7531692766592095,1,"0.89
AGAUUAUCAAGCAUCUCUU,AAACAAAAGGCUGAUGAGGAAGAGAUGCUUGAUAAUCUACCAGAGGCXXXXXXXXXX,0.7412378821774795,1,"-0.7
GAUUAUCAAGCAUCUCUUC,GAAACAAAAGGCUGAUGAGGAAGAGAUGCUUGAUAAUCUACCAGAGGCXXXXXXXXX,0.6405667412378822,1,"0.0
UUAUCAAGCAUCUCUUCCU,CAGAAACAAAAGGCUGAUGAGGAAGAGAUGCUUGAUAAUCUACCAGAGGCXXXXXXX,0.8426547352721848,1,"0.7
AUCAAGCAUCUCUUCCUCA,GACAGAAACAAAAGGCUGAUGAGGAAGAGAUGCUUGAUAAUCUACCAGAGGCXXXXX,0.6830723340790456,1,"0.56
CAAGCAUCUCUUCCUCAUC,AAGACAGAAACAAAAGGCUGAUGAGGAAGAGAUGCUUGAUAAUCUACCAGAGGCXXX,0.7091722595078299,1,"0.24
GCAUCUCUUCCUCAUCAGC,UGCAAGACAGAAACAAAAGGCUGAUGAGGAAGAGAUGCUUGAUAAUCUACCAGAGGC,0.5503355704697986,1,"0.0
UUUCUGUCUUGCAUGCUUC,AUGCCAGACAGUGGACAGAGAAGCAUGCAAGACAGAAACAAAAGGCUGAUGAGGAAG,0.7240865026099925,1,"1.87
CUGUCCACUGUCUGGCAUU,UAAGCCAGCCUUCCUCAAGAAUGCCAGACAGUGGACAGAGAAGCAUGXXXXXXXXXX,0.5779269202087994,1,"-1.6
GUCCACUGUCUGGCAUUCU,AAUAAGCCAGCCUUCCUCAAGAAUGCCAGACAGUGGACAGAGAAGCAUGXXXXXXXX,0.7084265473527218,1,"-1.06
UCUGGCAUUCUUGAGGAAG,UUAAAUAUAAUAAGCCAGCCUUCCUCAAGAAUGCCAGACAGUGGACAGAGAAGCAUG,0.5667412378821775,1,"0.63
AUUAUAUUUAAAUUCUGAG,CGCUCAUGGCUGACAUAUCCUCAGAAUUUAAAUAUAAUAAGCCAGCCUUCXXXXXXX,0.6405667412378822,1,"1.43
UUAAAUUCUGAGGAUAUGU,GAUGACCCGCUCAUGGCUGACAUAUCCUCAGAAUUUAAAUAUAAUAAGCCAGCCUUC,0.8501118568232662,1,"0.86
AGCCAUGAGCGGGUCAUCA,UCAUGUCAGAACCCAACCCUGAUGACCCGCUCAUGGCUGACAUAUCCXXXXXXXXXX,0.5637583892617449,1,"0.03
CCAUGAGCGGGUCAUCAGG,GCUCAUGUCAGAACCCAACCCUGAUGACCCGCUCAUGGCUGACAUAUCCXXXXXXXX,0.622669649515287,1,"0.0
CAUGAGCGGGUCAUCAGGG,UGCUCAUGUCAGAACCCAACCCUGAUGACCCGCUCAUGGCUGACAUAUCCXXXXXXX,0.6800894854586129,1,"0.7
AUGAGCGGGUCAUCAGGGU,CUGCUCAUGUCAGAACCCAACCCUGAUGACCCGCUCAUXXXXXXXXXXXXXXXXXXX,0.7509321401938851,1,"0.69
GGGUCAUCAGGGUUGGGUU,AUUCAGCUGCUCAUGUCAGAACCCAACCCUGAUGACCCGCUCXXXXXXXXXXXXXXX,0.3929903057419836,0,"-2.33
UGGGUUCUGACAUGAGCAG,UGUGUUGACCUCUAUUCAGCUGCUCAUGUCAGAACCCAACCCXXXXXXXXXXXXXXX,0.7792692020879941,1,"0.87
GGUUCUGACAUGAGCAGCU,ACUGUGUUGACCUCUAUUCAGCUGCUCAUGUCAGAACCCAACCCXXXXXXXXXXXXX,0.5920954511558538,1,"-1.63
GCAGCUGAAUAGAGGUCAA,CCUCAACAUCGCAACUGUGUUGACCUCUAUUCAGCUGCUCXXXXXXXXXXXXXXXXX,0.3668903803131991,0,"-2.49
UAGAGGUCAACACAGUUGC,GAGACCAUCCCUCAACAUCGCAACUGUGUUGACCUCUAUUCAGCUGXXXXXXXXXXX,0.8538404175988069,1,"2.09
GGUCAACACAGUUGCGAUG,CUUGGAGACCAUCCCUCAACAUCGCAACUGUGUUGACCUCUAUUCAGCUGXXXXXXX,0.6323639075316928,1,"-0.7
AACACAGUUGCGAUGUUGA,GGUGCUUGGAGACCAUCCCUCAACAUCGCAACUGUGUUXXXXXXXXXXXXXXXXXXX,0.7651006711409396,1,"0.97
ACAGUUGCGAUGUUGAGGG,AAAGGUGCUUGGAGACCAUCCCUCAACAUCGCAACUGUGXXXXXXXXXXXXXXXXXX,0.7919463087248323,1,"1.47
GGGAUGGUCUCCAAGCACC,UCUCAAAUUGCCACCAAAAGGUGCUUGGAGACCAUCCCUXXXXXXXXXXXXXXXXXX,0.5995525727069352,1,"0.0
GGAUGGUCUCCAAGCACCU,UUCUCAAAUUGCCACCAAAAGGUGCUUGGAGACCAUCCCUXXXXXXXXXXXXXXXXX,0.4891871737509322,0,"-1.63
GAUGGUCUCCAAGCACCUU,GUUCUCAAAUUGCCACCAAAAGGUGCUUGGAGACCAUCCCUXXXXXXXXXXXXXXXX,0.4511558538404175,0,"-1.87
GUCUCCAAGCACCUUUUGG,GGAUGUUCUCAAAUUGCCACCAAAAGGUGCUUGGAGACCAUXXXXXXXXXXXXXXXX,0.6331096196868009,1,"0.57
AGCACCUUUUGGUGGCAAU,UUUGUCUGGAUGUUCUCAAAUUGCCACCAAAAGGUGCUUGGAXXXXXXXXXXXXXXX,0.3266219239373601,0,"-0.53
CUUUUGGUGGCAAUUUGAG,AAGGAUUUGUCUGGAUGUUCUCAAAUUGCCACCAAAAGXXXXXXXXXXXXXXXXXXX,0.5108128262490679,0,"0.0
UGGUGGCAAUUUGAGAACA,CUGGAAGGAUUUGUCUGGAUGUUCUCAAAUUGCCACCAAAXXXXXXXXXXXXXXXXX,0.3974645786726324,0,"0.0
GGCAAUUUGAGAACAUCCA,UCUGCUGGAAGGAUUUGUCUGGAUGUUCUCAAAUUGCCXXXXXXXXXXXXXXXXXXX,0.5361670395227442,1,"-1.6
CAAUUUGAGAACAUCCAGA,AUUCUGCUGGAAGGAUUUGUCUGGAUGUUCUCAAAUUGCCXXXXXXXXXXXXXXXXX,0.6025354213273677,1,"-0.66
GAGAACAUCCAGACAAAUC,ACAUUGAUUCUGCUGGAAGGAUUUGUCUGGAUGUUCUCAAAUXXXXXXXXXXXXXXX,0.5592841163310962,1,"0.0
AACAUCCAGACAAAUCCUU,CAAACAUUGAUUCUGCUGGAAGGAUUUGUCUGGAUGUUCUCAAAUXXXXXXXXXXXX,0.5958240119313946,1,"0.0
CAUCCAGACAAAUCCUUCC,UCCAAACAUUGAUUCUGCUGGAAGGAUUUGUCUGGAUGUUCUCAAAUXXXXXXXXXX,0.7166293810589113,1,"0.7
GACAAAUCCUUCCAGCAGA,UUAUCAUCCAAACAUUGAUUCUGCUGGAAGGAUUUGUCUXXXXXXXXXXXXXXXXXX,0.6547352721849367,1,"-0.9
AAUCCUUCCAGCAGAAUCA,CAAUUUAUCAUCCAAACAUUGAUUCUGCUGGAAGGAUUUGUCUXXXXXXXXXXXXXX,0.7114093959731543,1,"0.73
AAUCAAUGUUUGGAUGAUA,CCGAUUUCUCACUCCAAUUUAUCAUCCAAACAUUGAUUCXXXXXXXXXXXXXXXXXX,0.5026099925428785,0,"0.4
UGUUUGGAUGAUAAAUUGG,UCAGAUCCGAUUUCUCACUCCAAUUUAUCAUCCAAACAUUGAUXXXXXXXXXXXXXX,0.7554064131245338,1,"1.6
UUUGGAUGAUAAAUUGGAG,CCUCAGAUCCGAUUUCUCACUCCAAUUUAUCAUCCAAACAUUGAUXXXXXXXXXXXX,0.7986577181208053,1,"1.6
GGAUGAUAAAUUGGAGUGA,CCUCCUCAGAUCCGAUUUCUCACUCCAAUUUAUCAUCCAAACAUUGAUXXXXXXXXX,0.4235645041014168,0,"-1.36
AAAUUGGAGUGAGAAAUCG,AUUUGAACCUCCUCAGAUCCGAUUUCUCACUCCAAUUUAUXXXXXXXXXXXXXXXXX,0.796420581655481,1,"1.43
AUUGGAGUGAGAAAUCGGA,CCAUUUGAACCUCCUCAGAUCCGAUUUCUCACUCCAAUUUAUXXXXXXXXXXXXXXX,0.8150633855331841,1,"0.8
AAAUCGGAUCUGAGGAGGU,CUGAGAGGUACCCAUUUGAACCUCCUCAGAUCCGAUUUCXXXXXXXXXXXXXXXXXX,0.7486950037285608,1,"0.86
UCGGAUCUGAGGAGGUUCA,UUCCUGAGAGGUACCCAUUUGAACCUCCUCAGAUCCGAUUXXXXXXXXXXXXXXXXX,0.7837434750186427,1,"-0.24
CGGAUCUGAGGAGGUUCAA,AUUCCUGAGAGGUACCCAUUUGAACCUCCUCAGAUCCGXXXXXXXXXXXXXXXXXXX,0.4213273676360924,0,"-1.43
GAGGUUCAAAUGGGUACCU,AGAAGUUAUCAUUCCUGAGAGGUACCCAUUUGAACCUCCUXXXXXXXXXXXXXXXXX,0.4705443698732289,0,"-1.17
UUCAAAUGGGUACCUCUCA,AGCUAGAAGUUAUCAUUCCUGAGAGGUACCCAUUUGAACCUCCUXXXXXXXXXXXXX,0.6517524235645041,1,"0.73
CAAAUGGGUACCUCUCAGG,UAAGCUAGAAGUUAUCAUUCCUGAGAGGUACCCAUUUGAACCUCCUXXXXXXXXXXX,0.5853840417598807,1,"0.7
AUGGGUACCUCUCAGGAAU,UUUUAAGCUAGAAGUUAUCAUUCCUGAGAGGUACCCAUUUXXXXXXXXXXXXXXXXX,0.8508575689783744,1,"0.0
ACCUCUCAGGAAUGAUAAC,AGGUGUUUUUAAGCUAGAAGUUAUCAUUCCUGAGAGGUACCCAUUUXXXXXXXXXXX,0.5622669649515287,1,"0.9
CUCUCAGGAAUGAUAACUU,AAAGGUGUUUUUAAGCUAGAAGUUAUCAUUCCUGAGAGGUACCCAUUUXXXXXXXXX,0.5920954511558538,1,"-1.6
AUGAUAACUUCUAGCUUAA,CCUUAUGAGAAAGGUGUUUUUAAGCUAGAAGUUAUCAUUXXXXXXXXXXXXXXXXXX,0.6703952274422074,1,"-0.17
AAAACACCUUUCUCAUAAG,UUAGGUGGAGCCAACACACCUUAUGAGAAAGGUGUUUUUAAGCUAGAAGUUXXXXXX,0.6897837434750187,1,"1.6
CCUUUCUCAUAAGGUGUGU,CAAAUAUUAGGUGGAGCCAACACACCUUAUGAGAAAGGUGUUXXXXXXXXXXXXXXX,0.5570469798657718,1,"-1.47
GUGUUGGCUCCACCUAAUA,GAUGACCUGCGAGCUCAAAUAUUAGGUGGAGCCAACACACCXXXXXXXXXXXXXXXX,0.4280387770320656,0,"-1.36
CUCCACCUAAUAUUUGAGC,CCAAAUGGAUGACCUGCGAGCUCAAAUAUUAGGUGGAGXXXXXXXXXXXXXXXXXXX,0.6495152870991797,1,"0.89
CACCUAAUAUUUGAGCUCG,AGACCAAAUGGAUGACCUGCGAGCUCAAAUAUUAGGUGGAGXXXXXXXXXXXXXXXX,0.6711409395973155,1,"-0.2
ACCUAAUAUUUGAGCUCGC,AAGACCAAAUGGAUGACCUGCGAGCUCAAAUAUUAGGUGGAGXXXXXXXXXXXXXXX,0.5339299030574198,1,"1.63
UAAUAUUUGAGCUCGCAGG,AUAAAGACCAAAUGGAUGACCUGCGAGCUCAAAUAUUAGXXXXXXXXXXXXXXXXXX,0.7613721103653989,1,"1.93
AUAUUUGAGCUCGCAGGUC,AGAUAAAGACCAAAUGGAUGACCUGCGAGCUCAAAUAUUAGXXXXXXXXXXXXXXXX,0.7516778523489933,1,"1.7
UCGCAGGUCAUCCAUUUGG,CAUGUUGGCAAGAUAAAGACCAAAUGGAUGACCUGCGAGCXXXXXXXXXXXXXXXXX,0.7106636838180462,1,"1.36
GUCAUCCAUUUGGUCUUUA,GCAUCACAUGUUGGCAAGAUAAAGACCAAAUGGAUGACCUGCGAGCXXXXXXXXXXX,0.47129008202833705,0,"-1.36
GGUCUUUAUCUUGCCAACA,GCCACCCCCAGGCAUCACAUGUUGGCAAGAUAAAGACCAAAUGGAUXXXXXXXXXXX,0.5652498135719612,1,"-1.6
CUUGCCAACAUGUGAUGCC,XXXXXXXXXGCCACCCCCAGGCAUCACAUGUUGGCAAGAUAAAGACCAAAUGGAUXX,0.651006711409396,1,"0.73
UGCCAACAUGUGAUGCCUG,XXXXXXXXXXXGCCACCCCCAGGCAUCACAUGUUGGCAAGAUAAAGACCAAAUGGAU,0.6771066368381805,1,"0.9
ACCAUUUUGUUUUCUUUGG,GCGAACAUGUAACAAGAAUCCAAAGAAAACAAAAUGGUGGUAUCAUXXXXXXXXXXX,0.7554064131245338,1,"1.47
UUUGUUUUCUUUGGAUUCU,UAUGUGCGAACAUGUAACAAGAAUCCAAAGAAAACAAAAXXXXXXXXXXXXXXXXXX,0.7882177479492916,1,"0.7
UUUCUUUGGAUUCUUGUUA,CUUUUUAUGUGCGAACAUGUAACAAGAAUCCAAAGAAAACAAAAXXXXXXXXXXXXX,0.8545861297539149,1,"0.4
UUCUUGUUACAUGUUCGCA,CCGGAUAAUUCUUUUUAUGUGCGAACAUGUAACAAGAAUCCAAAGAAAACAAAAXXX,0.7747949291573453,1,"0.73
UCUUGUUACAUGUUCGCAC,ACCGGAUAAUUCUUUUUAUGUGCGAACAUGUAACAAGAAUCCAAAGAAAACAAAAXX,0.9336316181953764,1,"0.79
UUGUUACAUGUUCGCACAU,CCACCGGAUAAUUCUUUUUAUGUGCGAACAUGUAACAAGAAUCCAAAGAAAACAAAA,0.6614466815809098,1,"0.17
AAAAGAAUUAUCCGGUGGU,GCUGCAAGGAAAAGAGACGACCACCGGAUAAUUCUUUUUAUXXXXXXXXXXXXXXXX,0.72110365398956,1,"0.86
AAAGAAUUAUCCGGUGGUC,AGCUGCAAGGAAAAGAGACGACCACCGGAUAAUUCUUUUUAUXXXXXXXXXXXXXXX,0.7188665175242356,1,"1.87
UAUCCGGUGGUCGUCUCUU,GCUUUCCAGCUGCAAGGAAAAGAGACGACCACCGGAUAAXXXXXXXXXXXXXXXXXX,0.6167039522744221,1,"-0.4
UGGUCGUCUCUUUUCCUUG,UUAGCAUGCUUUCCAGCUGCAAGGAAAAGAGACGACCACCGGAUXXXXXXXXXXXXX,0.8187919463087249,1,"0.9
GGUCGUCUCUUUUCCUUGC,AUUAGCAUGCUUUCCAGCUGCAAGGAAAAGAGACGACCXXXXXXXXXXXXXXXXXXX,0.8359433258762118,1,"0.16
UUUCCUUGCAGCUGGAAAG,UCUUAGCAUUAUUAGCAUGCUUUCCAGCUGCAAGGAAAAGAGXXXXXXXXXXXXXXX,0.7680835197613721,1,"1.6
UCCUUGCAGCUGGAAAGCA,UGUCUUAGCAUUAUUAGCAUGCUUUCCAGCUGCAAGGAAAAGAGXXXXXXXXXXXXX,0.8225205070842655,1,"-0.24
AGCUGGAAAGCAUGCUAAU,AUCAGUUUGUCUUAGCAUUAUUAGCAUGCUUUCCAGCUXXXXXXXXXXXXXXXXXXX,0.5033557046979866,0,"-0.53
GGAAAGCAUGCUAAUAAUG,UCCAAUCAGUUUGUCUUAGCAUUAUUAGCAUGCUUUCCXXXXXXXXXXXXXXXXXXX,0.6950037285607756,1,"-0.7
AAAGCAUGCUAAUAAUGCU,AGUCCAAUCAGUUUGUCUUAGCAUUAUUAGCAUGCUUUCCXXXXXXXXXXXXXXXXX,0.6323639075316928,1,"0.7
AAUGCUAAGACAAACUGAU,CCCCAGCGCUCUCAGUCCAAUCAGUUUGUCUUAGCAUUAUUAGXXXXXXXXXXXXXX,0.7979120059656973,1,"0.17
AUGCUAAGACAAACUGAUU,UCCCCAGCGCUCUCAGUCCAAUCAGUUUGUCUUAGCAUUAUUAGXXXXXXXXXXXXX,0.7770320656226697,1,"-0.17
CUAAGACAAACUGAUUGGA,UGGUCCCCAGCGCUCUCAGUCCAAUCAGUUUGUCUUAGCAUUAUUAGXXXXXXXXXX,0.6338553318419089,1,"-0.63
AGACAAACUGAUUGGACUG,GACUGGUCCCCAGCGCUCUCAGUCCAAUCAGUUUGUCUUXXXXXXXXXXXXXXXXXX,0.9060402684563761,1,"0.93
CUGAUUGGACUGAGAGCGC,AACAGAAGACUGGUCCCCAGCGCUCUCAGUCCAAUCAGUUUXXXXXXXXXXXXXXXX,0.8113348247576436,1,"0.89
GAGAGCGCUGGGGACCAGU,UUAUCCAUUCUAACAGAAGACUGGUCCCCAGCGCUCUCAXXXXXXXXXXXXXXXXXX,0.6942580164056674,1,"-1.01
GCGCUGGGGACCAGUCUUC,CUGUUUAUCCAUUCUAACAGAAGACUGGUCCCCAGCGCUXXXXXXXXXXXXXXXXXX,0.6002982848620433,1,"-0.62
CGCUGGGGACCAGUCUUCU,UCUGUUUAUCCAUUCUAACAGAAGACUGGUCCCCAGCGCUXXXXXXXXXXXXXXXXX,0.6592095451155854,1,"-0.73
GGGGACCAGUCUUCUGUUA,CAUAUCUGUUUAUCCAUUCUAACAGAAGACUGGUCCCCAGXXXXXXXXXXXXXXXXX,0.482475764354959,0,"-1.93
GGACCAGUCUUCUGUUAGA,GUCAUAUCUGUUUAUCCAUUCUAACAGAAGACUGGUCCCCAGXXXXXXXXXXXXXXX,0.546607009694258,1,"-1.36
AGUCUUCUGUUAGAAUGGA,CAAUGGUCAUAUCUGUUUAUCCAUUCUAACAGAAGACUGGUCCCCAGXXXXXXXXXX,0.4780014914243102,0,"0.27
UCUUCUGUUAGAAUGGAUA,AGCAAUGGUCAUAUCUGUUUAUCCAUUCUAACAGAAGACUGGUCCCCAGXXXXXXXX,0.6256524981357195,1,"-0.57
CUGUUAGAAUGGAUAAACA,UUAUAGCAAUGGUCAUAUCUGUUUAUCCAUUCUAACAGAAGACUGGUCCCCAGXXXX,0.4936614466815809,0,"-0.87
UUAGAAUGGAUAAACAGAU,UGUUUAUAGCAAUGGUCAUAUCUGUUUAUCCAUUCUAACAGAAGACUGGUCCCCAGX,0.7203579418344519,1,"0.17
UAGAAUGGAUAAACAGAUA,AUGUUUAUAGCAAUGGUCAUAUCUGUUUAUCCAUUCUAXXXXXXXXXXXXXXXXXXX,0.6405667412378822,1,"0.0
UGACCAUUGCUAUAAACAU,AAUAUUCCUGUUCAUCCUCAUGUUUAUAGCAAUGGUCAUAXXXXXXXXXXXXXXXXX,0.7173750932140194,1,"-0.56
UUGCUAUAAACAUGAGGAU,GGUGAAAAUAUUCCUGUUCAUCCUCAUGUUUAUAGCAAUXXXXXXXXXXXXXXXXXX,0.7777777777777777,1,"0.17
GCUAUAAACAUGAGGAUGA,CUGGUGAAAAUAUUCCUGUUCAUCCUCAUGUUUAUAGCXXXXXXXXXXXXXXXXXXX,0.5876211782252051,1,"-1.52
UAUAAACAUGAGGAUGAAC,UACUGGUGAAAAUAUUCCUGUUCAUCCUCAUGUUUAUAXXXXXXXXXXXXXXXXXXX,0.7859806114839673,1,"1.36
UAAACAUGAGGAUGAACAG,UUUACUGGUGAAAAUAUUCCUGUUCAUCCUCAUGUUUAXXXXXXXXXXXXXXXXXXX,0.8396718866517523,1,"1.2
AACAUGAGGAUGAACAGGA,UGUUUACUGGUGAAAAUAUUCCUGUUCAUCCUCAUGUUUAXXXXXXXXXXXXXXXXX,0.8076062639821029,1,"0.97
ACAUGAGGAUGAACAGGAA,AUGUUUACUGGUGAAAAUAUUCCUGUUCAUCCUCAUGUUUAXXXXXXXXXXXXXXXX,0.5443698732289336,1,"-0.86
AUGAGGAUGAACAGGAAUA,UCAUGUUUACUGGUGAAAAUAUUCCUGUUCAUCCUCAUGUUUAXXXXXXXXXXXXXX,0.7755406413124535,1,"0.23
GGAUGAACAGGAAUAUUUU,CAGGUCAUGUUUACUGGUGAAAAUAUUCCUGUUCAUCCUCXXXXXXXXXXXXXXXXX,0.3989560029828486,0,"-2.33
UGAACAGGAAUAUUUUCAC,CCUCAGGUCAUGUUUACUGGUGAAAAUAUUCCUGUUCAUCCUCXXXXXXXXXXXXXX,0.6114839671886652,1,"1.03
AACAGGAAUAUUUUCACCA,CUCCUCAGGUCAUGUUUACUGGUGAAAAUAUUCCUGUUCAUCCUCXXXXXXXXXXXX,0.8583146905294556,1,"0.73
ACAGGAAUAUUUUCACCAG,UCUCCUCAGGUCAUGUUUACUGGUGAAAAUAUUCCUGUUCAUCCUCXXXXXXXXXXX,0.8038777032065624,1,"0.74
AGGAAUAUUUUCACCAGUA,ACUCUCCUCAGGUCAUGUUUACUGGUGAAAAUAUUCCUGUUCAUCCUCXXXXXXXXX,0.7039522744220731,1,"-0.3
GAAUAUUUUCACCAGUAAA,UGACUCUCCUCAGGUCAUGUUUACUGGUGAAAAUAUUCCUGUUCAUCCUCXXXXXXX,0.6800894854586129,1,"-1.87
UUCACCAGUAAACAUGACC,AUCCUUUUGACUCUCCUCAGGUCAUGUUUACUGGUGAAAXXXXXXXXXXXXXXXXXX,0.7695749440715884,1,"2.33
GACCUGAGGAGAGUCAAAA,AAUUUAGUAGUCGAUAUCCUUUUGACUCUCCUCAGGUCAUGUUXXXXXXXXXXXXXX,0.7084265473527218,1,"-1.87
CUGAGGAGAGUCAAAAGGA,UUAAAUUUAGUAGUCGAUAUCCUUUUGACUCUCCUCAGXXXXXXXXXXXXXXXXXXX,0.5846383296047726,1,"-0.63
GAGAGUCAAAAGGAUAUCG,UCUAUUUAAAUUUAGUAGUCGAUAUCCUUUUGACUCUCCXXXXXXXXXXXXXXXXXX,0.639075316927666,1,"-0.44
AGAGUCAAAAGGAUAUCGA,UUCUAUUUAAAUUUAGUAGUCGAUAUCCUUUUGACUCUCCXXXXXXXXXXXXXXXXX,0.5570469798657718,1,"0.27
AGUCAAAAGGAUAUCGACU,ACUUCUAUUUAAAUUUAGUAGUCGAUAUCCUUUUGACUCUCCXXXXXXXXXXXXXXX,0.6070096942580163,1,"0.0
CAAAAGGAUAUCGACUACU,UCAACUUCUAUUUAAAUUUAGUAGUCGAUAUCCUUUUGACXXXXXXXXXXXXXXXXX,0.9209545115585384,1,"-0.93
UAUCGACUACUAAAUUUAA,GAAAAAUUUCAACUUCUAUUUAAAUUUAGUAGUCGAUAUCCUXXXXXXXXXXXXXXX,0.5958240119313946,1,"-0.4
AUCGACUACUAAAUUUAAA,GGAAAAAUUUCAACUUCUAUUUAAAUUUAGUAGUCGAUAUCCUXXXXXXXXXXXXXX,0.6562266964951529,1,"-0.17
GACUACUAAAUUUAAAUAG,AGGGGAAAAAUUUCAACUUCUAUUUAAAUUUAGUAGUCGAUAUCCUXXXXXXXXXXX,0.622669649515287,1,"-0.27
CUAAAUUUAAAUAGAAGUU,UAUGAAGGGGAAAAAUUUCAACUUCUAUUUAAAUUUAGUAGUCGAUAUCCUXXXXXX,0.7166293810589113,1,"-1.6
UUAAAUAGAAGUUGAAAUU,ACCUUAUAUGAAGGGGAAAAAUUUCAACUUCUAUUUAAAUUUAGUAGUCGAUAUCCU,0.727069351230425,1,"0.0
UUCCCCUUCAUAUAAGGUA,ACAUGGAAGGUGCACCAGGUACCUUAUAUGAAGGGGAAAAXXXXXXXXXXXXXXXXX,0.8284862043251305,1,"0.4
AUAUAAGGUACCUGGUGCA,GGAUUGUAGACAUGGAAGGUGCACCAGGUACCUUAUAUGAAGGGXXXXXXXXXXXXX,0.5816554809843401,1,"0.56
UAAGGUACCUGGUGCACCU,AGUGGAUUGUAGACAUGGAAGGUGCACCAGGUACCUUAUAUGAAGGGXXXXXXXXXX,0.6950037285607756,1,"0.3
UACCUGGUGCACCUUCCAU,UACACAGUGGAUUGUAGACAUGGAAGGUGCACCAGGUACXXXXXXXXXXXXXXXXXX,0.6420581655480985,1,"-0.23
CUGGUGCACCUUCCAUGUC,AAUUACACAGUGGAUUGUAGACAUGGAAGGUGCACCAGXXXXXXXXXXXXXXXXXXX,0.7076808351976137,1,"0.27
GGUGCACCUUCCAUGUCUA,UCAAUUACACAGUGGAUUGUAGACAUGGAAGGUGCACCAGXXXXXXXXXXXXXXXXX,0.2900820283370619,0,"-1.93
CAUGUCUACAAUCCACUGU,GUGUUCAAAAUUCAAUUACACAGUGGAUUGUAGACAUGGAXXXXXXXXXXXXXXXXX,0.8232662192393737,1,"-0.77
AUGUCUACAAUCCACUGUG,AGUGUUCAAAAUUCAAUUACACAGUGGAUUGUAGACAUGGAXXXXXXXXXXXXXXXX,0.8590604026845637,1,"1.46
UGUCUACAAUCCACUGUGU,GAGUGUUCAAAAUUCAAUUACACAGUGGAUUGUAGACAUGGAXXXXXXXXXXXXXXX,0.7404921700223713,1,"0.13
UCUACAAUCCACUGUGUAA,AAGAGUGUUCAAAAUUCAAUUACACAGUGGAUUGUAGAXXXXXXXXXXXXXXXXXXX,0.6905294556301268,1,"-0.97
UACAAUCCACUGUGUAAUU,AGAAGAGUGUUCAAAAUUCAAUUACACAGUGGAUUGUAGAXXXXXXXXXXXXXXXXX,0.8337061894108875,1,"-0.4
CACUGUGUAAUUGAAUUUU,UUAAAUGAGAAGAGUGUUCAAAAUUCAAUUACACAGUGGAUUGUXXXXXXXXXXXXX,0.5727069351230425,1,"-1.63
GUGUAAUUGAAUUUUGAAC,GACCUUAAAUGAGAAGAGUGUUCAAAAUUCAAUUACACAGUGGAUUGUXXXXXXXXX,0.5488441461595824,1,"0.0
AUUGAAUUUUGAACACUCU,GGAAUGACCUUAAAUGAGAAGAGUGUUCAAAAUUCAAUUACXXXXXXXXXXXXXXXX,0.8135719612229679,1,"0.53
UUGAAUUUUGAACACUCUU,UGGAAUGACCUUAAAUGAGAAGAGUGUUCAAAAUUCAAXXXXXXXXXXXXXXXXXXX,0.8463832960477256,1,"0.0
AAUUUUGAACACUCUUCUC,UCCUGGAAUGACCUUAAAUGAGAAGAGUGUUCAAAAUUCAAXXXXXXXXXXXXXXXX,0.8620432513049963,1,"1.87
CUCUUCUCAUUUAAGGUCA,XXUGACCCACCUCCUGGAAUGACCUUAAAUGAGAAGAGUGUUCAAAAXXXXXXXXXX,0.5592841163310962,1,"-0.87
UCUUCUCAUUUAAGGUCAU,XXXUGACCCACCUCCUGGAAUGACCUUAAAUGAGAAGAGUGUUCAAAAXXXXXXXXX,0.5137956748695003,0,"-0.8
CUCAUUUAAGGUCAUUCCA,XXXXXXXUGACCCACCUCCUGGAAUGACCUUAAAUGAGAAGAGUGUUCAAAAXXXXX,0.7188665175242356,1,"-0.87
UUUAAGGUCAUUCCAGGAG,XXXXXXXXXXXUGACCCACCUCCUGGAAUGACCUUAAAUGAGAAGAGUGUUCAAAAX,0.7479492915734526,1,"1.6
UUAAGGUCAUUCCAGGAGG,XXXXXXXXXXXXUGACCCACCUCCUGGAAUGACCUUAAAUGAGAAGAGUGUUCAAAA,0.7404921700223713,1,"2.33
AAUAUGUAUUCGUUUGCCA,AUAUUCCGACGAAUAUAUCUGGCAAACGAAUACAUAUUUXXXXXXXXXXXXXXXXXX,0.8202833706189412,1,"0.73
UGUAUUCGUUUGCCAGAUA,UCUUAUAUUCCGACGAAUAUAUCUGGCAAACGAAUACAUAUUUXXXXXXXXXXXXXX,0.6830723340790456,1,"-0.33
AUUCGUUUGCCAGAUAUAU,AGCUCUUAUAUUCCGACGAAUAUAUCUGGCAAACGAAUACXXXXXXXXXXXXXXXXX,0.715137956748695,1,"0.0
AUUCGUCGGAAUAUAAGAG,CUGACUUUGGCAUUGGCAGCUCUUAUAUUCCGACGAAUXXXXXXXXXXXXXXXXXXX,0.7367636092468307,1,"1.43
CUGCCAAUGCCAAAGUCAG,AGCUGUACUGAUUGUCAUCCUGACUUUGGCAUUGGCAGCXXXXXXXXXXXXXXXXXX,0.56972408650261,1,"0.0
GGAUGACAAUCAGUACAGC,CACUGAUCAUGGUGGGUCAGCUGUACUGAUUGUCAUCCUGACUUUGGXXXXXXXXXX,0.465324384787472,0,"0.16
CAGUACAGCUGACCCACCA,GAGACAACCACACUGAUCAUGGUGGGUCAGCUGUACUGAUUGUCAUCCUGACUUUGG,0.6219239373601789,1,"-0.9
GGUUGUCUCUUGGCUGGUG,ACCAGAUGUAAUCCAGGGCCACCAGCCAAGAGACAACCACACUGAUCAXXXXXXXXX,0.4161073825503356,0,"-0.7
UUGGCUGGUGGCCCUGGAU,GUCUACUUCACCAGAUGUAAUCCAGGGCCACCAGCCAAGAGACAACCACACUGAUCA,0.5667412378821775,1,"0.17
ACAUCUGGUGAAGUAGACA,CAGCAGAGUCAGAGAAGGUUGUCUACUUCACCAGAUGUAAUCCAGGGCXXXXXXXXX,0.5451155853840417,1,"-0.13
GAAGUAGACAACCUUCUCU,CGGGCCCAGCAGCAGAGUCAGAGAAGGUUGUCUACUUCACCAGAUGUAAUCCAGGGC,0.5876211782252051,1,"-1.17
ACUCUGCUGCUGGGCCCGG,CCAUGAGCCCUCGACAGCGCCGGGCCCAGCAGCAGAGUCAGAGAAGGUUGUCUAXXX,0.3534675615212528,0,"1.47
CUGCUGCUGGGCCCGGCGC,CCUCCAUGAGCCCUCGACAGCGCCGGGCCCAGCAGCAGAGUCAGAGAAGGUUGUCUA,0.2632363907531693,0,"0.89
UUCUUAGCUACAGGUUGGG,GCAUCCUUUCAUCAACCUACCCAACCUGUAGCUAAGAAUACCXXXXXXXXXXXXXXX,0.5853840417598807,1,"2.33
AGGUUGGGUAGGUUGAUGA,AUUCCUCAGCAGCAUCCUUUCAUCAACCUACCCAACCUGUAGCUAAGAAUACCXXXX,0.3571961222967934,0,"0.27
UGGGUAGGUUGAUGAAAGG,CAGAAUUCCUCAGCAGCAUCCUUUCAUCAACCUACCCAACCUGUAGCUAAGAAUACC,0.4190902311707681,0,"1.6
UGGCCGUAGCACCCUGGAA,AGAUGAUAUACCUACAACAUUCCAGGGUGCUACGGCCAGUACAUCGUACGGACUCCA,0.5600298284862043,1,"-0.73
GGUAUAUCAUCUUGUAAAU,CACUCUUUUUCACUAACUGAUUUACAAGAUGAUAUACCUACAACAUXXXXXXXXXXX,0.354958985831469,0,"-2.16
UUGUAAAUCAGUUAGUGAA,CAGACUUAAACCACUCUUUUUCACUAACUGAUUUACAAGAUGAUAUACCUACAACAU,0.5033557046979866,0,"0.0
AGUGGUUUAAGUCUGACUC,AUCUGGAAAGACUAUCUCUGAGUCAGACUUAAACCACUCUUUUUCACUAACUGAUUU,0.6614466815809098,1,"1.17
UUCCAGAUGAAUUGACUUC,GCAAAUAAGCUUUAAGGCAGAAGUCAAUUCAUCUGGAAAXXXXXXXXXXXXXXXXXX,0.5615212527964206,1,"1.87
UCCAGAUGAAUUGACUUCU,GGCAAAUAAGCUUUAAGGCAGAAGUCAAUUCAUCUGGAAAXXXXXXXXXXXXXXXXX,0.5935868754660701,1,"-0.27
CCAGAUGAAUUGACUUCUG,AGGCAAAUAAGCUUUAAGGCAGAAGUCAAUUCAUCUGGAAAXXXXXXXXXXXXXXXX,0.4511558538404175,0,"-0.7
CAGAUGAAUUGACUUCUGC,UAGGCAAAUAAGCUUUAAGGCAGAAGUCAAUUCAUCUGGAAAXXXXXXXXXXXXXXX,0.4056674123788218,0,"0.86
CUGCCUUAAAGCUUAUUUG,AGCCAAAGAACUGGCUAGGCAAAUAAGCUUUAAGGCAGAAGUCAAUUCAUCUGGAAA,0.4175988068605519,0,"0.03
GUUCUUUGGCUUCUUGGUC,AAGCGAUUCAAGCCAAGCUGACCAAGAAGCCAAAGAACUGGCUAGGCAAAUAAGCXX,0.4228187919463086,0,"0.11
UCUUUGGCUUCUUGGUCAG,GGAAGCGAUUCAAGCCAAGCUGACCAAGAAGCCAAAGAACUGGCUAGGCAAAUAAGC,0.5451155853840417,1,"0.63
GCUUCCAGAUUUUAAAGGC,CCAUGAAGGAUGUCCUGUUGCCUUUAAAAUCUGGAAGCGAUUCAAGCCAAGCUGXXX,0.3758389261744966,0,"0.0
UUCCAGAUUUUAAAGGCAA,UGCCAUGAAGGAUGUCCUGUUGCCUUUAAAAUCUGGAAGCGAUUCAAGCCAAGCUGX,0.5257270693512304,1,"0.0
UCCAGAUUUUAAAGGCAAC,CUGCCAUGAAGGAUGUCCUGUUGCCUUUAAAAUCUGGAAGCGAUUCAAGCCAAGCUG,0.4116331096196868,0,"0.79
GCAAGUGCUCUUCUUUCCU,UCUCUAGAUUACACUCCUGAGGAAAGAAGAGCACUUGCCAAAAAAUCACAAGAUUUC,0.5272184936614467,1,"-1.79
AACCUAUGGCUCCCUCUCC,UGGGUUUAUGCCAACAAAAGGAGAGGGAGCCAUAGGUUCUCUAGAUXXXXXXXXXXX,0.4548844146159582,0,"2.33
UGGCUCCCUCUCCUUUUGU,CAUCAUUGGGUUUAUGCCAACAAAAGGAGAGGGAGCCAUAGGUUCUCUAGAUXXXXX,0.3109619686800894,0,"0.13
CCCUCUCCUUUUGUUGGCA,UUAGCCAUCAUUGGGUUUAUGCCAACAAAAGGAGAGGGAGCCAUAGGUUCUCUAGAU,0.2140193885160328,0,"-1.6
UGAUGGCUAAUAAUGCUGU,GCCUUCGUGGAGUAUAAGGACAGCAUUAUUAGCCAUCAUUGGGUUUAXXXXXXXXXX,0.4079045488441462,0,"0.13
UGGCUAAUAAUGCUGUCCU,GCAGCCUUCGUGGAGUAUAAGGACAGCAUUAUUAGCCAUCAUUGGGUUUAXXXXXXX,0.55779269202088,1,"-0.03
UAAUGCUGUCCUUAUACUC,AAACUUGGCAGCCUUCGUGGAGUAUAAGGACAGCAUUAUUAGCCAUCAUUGGGUUUA,0.6815809097688292,1,"1.47
AGGAUGAUGGCCUGAGAUG,GCAAGAAAAUCUGUUUGAGCAUCUCAGGCCAUCAUCCUGAAACUUGGXXXXXXXXXX,0.482475764354959,0,"0.93
AUGAUGGCCUGAGAUGCUC,UGGGCAAGAAAAUCUGUUUGAGCAUCUCAGGCCAUCAUCCUGAAACUUGGXXXXXXX,0.4780014914243102,0,"1.7
UGGCCUGAGAUGCUCAAAC,GAAGUGGGCAAGAAAAUCUGUUUGAGCAUCUCAGGCCAUCAUCCUGAAACUUGGXXX,0.5413870246085011,1,"1.03
CCUGAGAUGCUCAAACAGA,UUUGAAGUGGGCAAGAAAAUCUGUUUGAGCAUCUCAGGCCAUCAUCCUGAAACUUGG,0.4175988068605519,0,"-1.36
CCCACUUCAAAUCGACCAU,AUUAUUCUCCUAACGGCUAAUGGUCGAUUUGAAGUGGGCAAGAAAAUCXXXXXXXXX,0.4198359433258761,0,"-2.16
CACUUCAAAUCGACCAUUA,GCAUUAUUCUCCUAACGGCUAAUGGUCGAUUUGAAGUGGGCAAGAAAAUCXXXXXXX,0.3452647278150634,0,"-1.23
AAUCGACCAUUAGCCGUUA,CCACCAAGCAUUAUUCUCCUAACGGCUAAUGGUCGAUUUGAAGUGGGCAAGAAAAUC,0.6263982102908278,1,"0.4
UAAUGCUUGGUGGUUUCAU,ACUGCCACCAGAGUAUCCCAUGAAACCACCAAGCAUUAUUCXXXXXXXXXXXXXXXX,0.5078299776286354,0,"-0.23
CAUGGGAUACUCUGGUGGC,AUCACGGGCGGAUAGUACUGCCACCAGAGUAUCCCAUGAAACCACCAAGCAUUAUUC,0.3997017151379567,0,"0.86
ACUAUCCGCCCGUGAUAAA,UCCGAUUUUGAUGGAGGAGUUUAUCACGGGCGGAUAGUAXXXXXXXXXXXXXXXXXX,0.3862788963460105,0,"-0.86
ACUCCUCCAUCAAAAUCGG,GUUAGAGGGCCCCCAGACUCCGAUUUUGAUGGAGGAGUUUAUCACGGGCGGAUAGUA,0.3579418344519015,0,"1.47
GGCUGCGCAUGGUAAUGAU,GAAUUGAAAGAUCCAACAGAUCAUUACCAUGCGCAGCCUUUAGAGGAUAACCUUUUU,0.4116331096196868,0,"-2.16
GAGCUGUCUGUUUGAACAU,GUACAAACAAAAUCCCGAAAUGUUCAAACAGACAGCUCXXXXXXXXXXXXXXXXXXX,0.4817300521998509,0,"-1.7
CUGUCUGUUUGAACAUUUC,UCAGUACAAACAAAAUCCCGAAAUGUUCAAACAGACAGCXXXXXXXXXXXXXXXXXX,0.5712155108128263,1,"0.27
UCUGUUUGAACAUUUCGGG,AAAUCAGUACAAACAAAAUCCCGAAAUGUUCAAACAGACAGCXXXXXXXXXXXXXXX,0.6912751677852349,1,"1.36
UUUGAACAUUUCGGGAUUU,UAGCAAAUCAGUACAAACAAAAUCCCGAAAUGUUCAAACXXXXXXXXXXXXXXXXXX,0.5503355704697986,1,"0.0
UUUCGGGAUUUUGUUUGUA,UGCUGUAGUAGCAAAUCAGUACAAACAAAAUCCCGAAAUXXXXXXXXXXXXXXXXXX,0.4929157345264728,0,"0.4
UUCGGGAUUUUGUUUGUAC,AUGCUGUAGUAGCAAAUCAGUACAAACAAAAUCCCGAAAUXXXXXXXXXXXXXXXXX,0.5510812826249067,1,"1.76
CGGGAUUUUGUUUGUACUG,GGAUGCUGUAGUAGCAAAUCAGUACAAACAAAAUCCCGAXXXXXXXXXXXXXXXXXX,0.5227442207307978,1,"0.2
UUGUUUGUACUGAUUUGCU,AUCCACAGGAUGCUGUAGUAGCAAAUCAGUACAAACAAAAUCXXXXXXXXXXXXXXX,0.5801640566741239,1,"0.7
UUGUACUGAUUUGCUACUA,GAUGAUCCACAGGAUGCUGUAGUAGCAAAUCAGUACAAACAXXXXXXXXXXXXXXXX,0.6554809843400448,1,"0.4
UGUACUGAUUUGCUACUAC,AGAUGAUCCACAGGAUGCUGUAGUAGCAAAUCAGUACAXXXXXXXXXXXXXXXXXXX,0.6868008948545862,1,"1.03
ACUGAUUUGCUACUACAGC,GCCAGAUGAUCCACAGGAUGCUGUAGUAGCAAAUCAGUXXXXXXXXXXXXXXXXXXX,0.6517524235645041,1,"1.63
GAUUUGCUACUACAGCAUC,AGAGCCAGAUGAUCCACAGGAUGCUGUAGUAGCAAAUCAGUXXXXXXXXXXXXXXXX,0.48844146159582397,0,"0.0
UUUGCUACUACAGCAUCCU,GCAGAGCCAGAUGAUCCACAGGAUGCUGUAGUAGCAAAUXXXXXXXXXXXXXXXXXX,0.6868008948545862,1,"0.7
UUGCUACUACAGCAUCCUG,UGCAGAGCCAGAUGAUCCACAGGAUGCUGUAGUAGCAAAUXXXXXXXXXXXXXXXXX,0.6935123042505593,1,"1.63
UGCUACUACAGCAUCCUGU,CUGCAGAGCCAGAUGAUCCACAGGAUGCUGUAGUAGCAAAUXXXXXXXXXXXXXXXX,0.6703952274422074,1,"0.13
CUACAGCAUCCUGUGGAUC,GGCAGCUGCAGAGCCAGAUGAUCCACAGGAUGCUGUAGXXXXXXXXXXXXXXXXXXX,0.5041014168530947,0,"0.27
AGCAUCCUGUGGAUCAUCU,UAUUGGCAGCUGCAGAGCCAGAUGAUCCACAGGAUGCUGXXXXXXXXXXXXXXXXXX,0.5070842654735273,0,"0.0
CAUCCUGUGGAUCAUCUGG,ACUAUUGGCAGCUGCAGAGCCAGAUGAUCCACAGGAUGXXXXXXXXXXXXXXXXXXX,0.4973900074571216,0,"0.7
AUCCUGUGGAUCAUCUGGC,CACUAUUGGCAGCUGCAGAGCCAGAUGAUCCACAGGAUGXXXXXXXXXXXXXXXXXX,0.5585384041759881,1,"2.32
UGUGGAUCAUCUGGCUCUG,CAAGCACUAUUGGCAGCUGCAGAGCCAGAUGAUCCACAGGAUGXXXXXXXXXXXXXX,0.6152125279642058,1,"0.9
AUCUGGCUCUGCAGCUGCC,UGUCAUUGCAAGCACUAUUGGCAGCUGCAGAGCCAGAUGAUCCACAGGAUGXXXXXX,0.6099925428784488,1,"2.16
UGGCUCUGCAGCUGCCAAU,UAUUGUCAUUGCAAGCACUAUUGGCAGCUGCAGAGCCAXXXXXXXXXXXXXXXXXXX,0.6338553318419089,1,"-0.56
CUCUGCAGCUGCCAAUAGU,UAUUAUUGUCAUUGCAAGCACUAUUGGCAGCUGCAGAGCCAXXXXXXXXXXXXXXXX,0.4623415361670395,0,"-0.74
UAGUGCUUGCAAUGACAAU,UGACUCUCCGCACGGUAUUAUUGUCAUUGCAAGCACUAUUGGCAGXXXXXXXXXXXX,0.6368381804623415,1,"-0.23
AGUGCUUGCAAUGACAAUA,AUGACUCUCCGCACGGUAUUAUUGUCAUUGCAAGCACUXXXXXXXXXXXXXXXXXXX,0.6651752423564504,1,"-0.3
UGACAAUAAUACCGUGCGG,GGGCAGCUGCAAUGACUCUCCGCACGGUAUUAUUGUCAUXXXXXXXXXXXXXXXXXX,0.4720357941834452,0,"1.6
AUACCGUGCGGAGAGUCAU,AGAUCAAUGGGCAGCUGCAAUGACUCUCCGCACGGUAUUAXXXXXXXXXXXXXXXXX,0.639075316927666,1,"0.0
UGCGGAGAGUCAUUGCAGC,CCUGAAAGAUCAAUGGGCAGCUGCAAUGACUCUCCGCACXXXXXXXXXXXXXXXXXX,0.6495152870991797,1,"1.76
GGAGAGUCAUUGCAGCUGC,UAUCCUGAAAGAUCAAUGGGCAGCUGCAAUGACUCUCCGCACXXXXXXXXXXXXXXX,0.3534675615212528,0,"0.16
GAGAGUCAUUGCAGCUGCC,AUAUCCUGAAAGAUCAAUGGGCAGCUGCAAUGACUCUCCGCACXXXXXXXXXXXXXX,0.4295302013422818,0,"0.46
GAGUCAUUGCAGCUGCCCA,GGAUAUCCUGAAAGAUCAAUGGGCAGCUGCAAUGACUCUCCGCACXXXXXXXXXXXX,0.3296047725577927,0,"-1.14
AUUGCAGCUGCCCAUUGAU,UGUUUGGAUAUCCUGAAAGAUCAAUGGGCAGCUGCAAUXXXXXXXXXXXXXXXXXXX,0.360924683072334,0,"0.0
GCUGCCCAUUGAUCUUUCA,GCUAUUUGUUUGGAUAUCCUGAAAGAUCAAUGGGCAGCUGCAXXXXXXXXXXXXXXX,0.4272930648769574,0,"-1.76
CUGCCCAUUGAUCUUUCAG,GGCUAUUUGUUUGGAUAUCCUGAAAGAUCAAUGGGCAGCUGCAXXXXXXXXXXXXXX,0.5906040268456376,1,"0.0
UCUUUCAGGAUAUCCAAAC,UCCGUCACAGGGGCUAUUUGUUUGGAUAUCCUGAAAGAUCAAUGGGXXXXXXXXXXX,0.6495152870991797,1,"0.79
CUUUCAGGAUAUCCAAACA,UUCCGUCACAGGGGCUAUUUGUUUGGAUAUCCUGAAAGXXXXXXXXXXXXXXXXXXX,0.4377330350484713,0,"-0.87
UUCAGGAUAUCCAAACAAA,AGUUCCGUCACAGGGGCUAUUUGUUUGGAUAUCCUGAAAGXXXXXXXXXXXXXXXXX,0.5883668903803132,1,"0.0
UAUCCAAACAAAUAGCCCC,UAAUAUUAGUUCCGUCACAGGGGCUAUUUGUUUGGAUAUCCUGAAAGXXXXXXXXXX,0.6055182699478002,1,"1.93
AUCCAAACAAAUAGCCCCU,CUAAUAUUAGUUCCGUCACAGGGGCUAUUUGUUUGGAUAUCCUGAAAGXXXXXXXXX,0.529455630126771,1,"0.53
AAUAGCCCCUGUGACGGAA,UAUGGCAUCCUAAUAUUAGUUCCGUCACAGGGGCUAUUUGXXXXXXXXXXXXXXXXX,0.4138702460850112,0,"0.0
UGACGGAACUAAUAUUAGG,UAUCACUAAAAUAUGGCAUCCUAAUAUUAGUUCCGUCACAGGXXXXXXXXXXXXXXX,0.5585384041759881,1,"1.6
ACGGAACUAAUAUUAGGAU,UUUAUCACUAAAAUAUGGCAUCCUAAUAUUAGUUCCGUCACAGGXXXXXXXXXXXXX,0.3967188665175242,0,"-0.69
AACUAAUAUUAGGAUGCCA,CCGGUUUAUCACUAAAAUAUGGCAUCCUAAUAUUAGUUXXXXXXXXXXXXXXXXXXX,0.459358687546607,0,"0.73
UAUUAGGAUGCCAUAUUUU,UAAGGUCCGGUUUAUCACUAAAAUAUGGCAUCCUAAUAUUAGUXXXXXXXXXXXXXX,0.5018642803877703,0,"-0.4
UAGGAUGCCAUAUUUUAGU,CCCUAAGGUCCGGUUUAUCACUAAAAUAUGGCAUCCUAAUAUUAGUXXXXXXXXXXX,0.5667412378821775,1,"0.46
CAUAUUUUAGUGAUAAACC,UUUAAUCCCCCUAAGGUCCGGUUUAUCACUAAAAUAUGGCAUCCUAAUAUUAGUXXX,0.6055182699478002,1,"0.7
UAUUUUAGUGAUAAACCGG,CAUUUAAUCCCCCUAAGGUCCGGUUUAUCACUAAAAUAUGGCAUCCUAAUAUUAGUX,0.6689038031319909,1,"1.93
AUUUUAGUGAUAAACCGGA,CCAUUUAAUCCCCCUAAGGUCCGGUUUAUCACUAAAAUAUGGCAUCCUAAUAUUAGU,0.5443698732289336,1,"0.8
AUUAAAUGGGUAUGUUUCU,AACUAGAGAUAAAAAUACCAGAAACAUACCCAUUUAAUCCCCCUAAGGUCCGXXXXX,0.5391498881431768,1,"0.53
UAAAUGGGUAUGUUUCUGG,CCAACUAGAGAUAAAAAUACCAGAAACAUACCCAUUUAAUCCCCCUAAGGUCCGXXX,0.5398956002982849,1,"1.93
AUGGGUAUGUUUCUGGUAU,AUACCAACUAGAGAUAAAAAUACCAGAAACAUACCCAUXXXXXXXXXXXXXXXXXXX,0.5689783743475019,1,"0.0
UUUUAUCUCUAGUUGGUAU,CACCAUAUGAAGGAGGAAGAUACCAACUAGAGAUAAAAXXXXXXXXXXXXXXXXXXX,0.5853840417598807,1,"0.17
UCUAGUUGGUAUCUUCCUC,CCAGACACACCAUAUGAAGGAGGAAGAUACCAACUAGAGXXXXXXXXXXXXXXXXXX,0.5913497390007457,1,"0.9
UAGUUGGUAUCUUCCUCCU,CUCCAGACACACCAUAUGAAGGAGGAAGAUACCAACUAGXXXXXXXXXXXXXXXXXX,0.5622669649515287,1,"0.3
AGUUGGUAUCUUCCUCCUU,CCUCCAGACACACCAUAUGAAGGAGGAAGAUACCAACUXXXXXXXXXXXXXXXXXXX,0.5078299776286354,0,"-0.7
UUGGUAUCUUCCUCCUUCA,GACCUCCAGACACACCAUAUGAAGGAGGAAGAUACCAACUXXXXXXXXXXXXXXXXX,0.6167039522744221,1,"0.73
CUUCCUCCUUCAUAUGGUG,AUAGCAGGACCUCCAGACACACCAUAUGAAGGAGGAAGXXXXXXXXXXXXXXXXXXX,0.5182699478001491,0,"0.03
CUCCUUCAUAUGGUGUGUC,AGAAAUAGCAGGACCUCCAGACACACCAUAUGAAGGAGGAXXXXXXXXXXXXXXXXX,0.4787472035794183,0,"0.27
UCCUUCAUAUGGUGUGUCU,GAGAAAUAGCAGGACCUCCAGACACACCAUAUGAAGGAGGAXXXXXXXXXXXXXXXX,0.6040268456375839,1,"-0.27
CCUUCAUAUGGUGUGUCUG,GGAGAAAUAGCAGGACCUCCAGACACACCAUAUGAAGGAGGAXXXXXXXXXXXXXXX,0.5428784489187174,1,"-0.7
UUCAUAUGGUGUGUCUGGA,GAGGAGAAAUAGCAGGACCUCCAGACACACCAUAUGAAXXXXXXXXXXXXXXXXXXX,0.5510812826249067,1,"0.97
CAUAUGGUGUGUCUGGAGG,AAGAGGAGAAAUAGCAGGACCUCCAGACACACCAUAUGAAXXXXXXXXXXXXXXXXX,0.4988814317673378,0,"0.7
UGGUGUGUCUGGAGGUCCU,AAUUAAGAGGAGAAAUAGCAGGACCUCCAGACACACCAUAUGAAXXXXXXXXXXXXX,0.5563012677106637,1,"-0.03
UGUCUGGAGGUCCUGCUAU,UACAGAAUUAAGAGGAGAAAUAGCAGGACCUCCAGACACACCXXXXXXXXXXXXXXX,0.5205070842654735,0,"-0.56
GUCUGGAGGUCCUGCUAUU,UUACAGAAUUAAGAGGAGAAAUAGCAGGACCUCCAGACACACCXXXXXXXXXXXXXX,0.41834451901566,0,"-1.76
UCUGGAGGUCCUGCUAUUU,UUUACAGAAUUAAGAGGAGAAAUAGCAGGACCUCCAGACACACCXXXXXXXXXXXXX,0.4876957494407159,0,"-0.97
AGGUCCUGCUAUUUCUCCU,AGAAUUUUACAGAAUUAAGAGGAGAAAUAGCAGGACCUCCAGXXXXXXXXXXXXXXX,0.517524235645041,0,"0.0
GGUCCUGCUAUUUCUCCUC,GAGAAUUUUACAGAAUUAAGAGGAGAAAUAGCAGGACCUCCAGXXXXXXXXXXXXXX,0.4086502609992543,0,"-0.46
CUAUUUCUCCUCUUAAUUC,UGUAGAUGAGAAUUUUACAGAAUUAAGAGGAGAAAUAGXXXXXXXXXXXXXXXXXXX,0.5533184190902312,1,"0.27
UCCUCUUAAUUCUGUAAAA,UAGAUCUUGUAGAUGAGAAUUUUACAGAAUUAAGAGGAXXXXXXXXXXXXXXXXXXX,0.354958985831469,0,"-0.97
UGUAAAAUUCUCAUCUACA,AUCAAAUUAAAGUAGAUCUUGUAGAUGAGAAUUUUACAGAAUUXXXXXXXXXXXXXX,0.6674123788217748,1,"0.0
GUAAAAUUCUCAUCUACAA,AAUCAAAUUAAAGUAGAUCUUGUAGAUGAGAAUUUUACAGAAUUXXXXXXXXXXXXX,0.4108873974645787,0,"-1.76
UAAAAUUCUCAUCUACAAG,AAAUCAAAUUAAAGUAGAUCUUGUAGAUGAGAAUUUUACAGAAUUXXXXXXXXXXXX,0.6808351976137211,1,"1.2
AAAAUUCUCAUCUACAAGA,AAAAUCAAAUUAAAGUAGAUCUUGUAGAUGAGAAUUUUACAGAAUUXXXXXXXXXXX,0.6293810589112603,1,"0.97
AAAUUCUCAUCUACAAGAU,AAAAAUCAAAUUAAAGUAGAUCUUGUAGAUGAGAAUUUUACAGAAUUXXXXXXXXXX,0.6062639821029082,1,"0.17
UUCUCAUCUACAAGAUCUA,AGCAAAAAUCAAAUUAAAGUAGAUCUUGUAGAUGAGAAUUUUACAGAAUUXXXXXXX,0.639075316927666,1,"0.4
CUCAUCUACAAGAUCUACU,CGAGCAAAAAUCAAAUUAAAGUAGAUCUUGUAGAUGAGAAUUUUACAGAAUUXXXXX,0.6577181208053692,1,"-0.9
UCAUCUACAAGAUCUACUU,ACGAGCAAAAAUCAAAUUAAAGUAGAUCUUGUAGAUGAGAAUUUUACAGAAUUXXXX,0.6629381058911259,1,"-0.97
CUACAAGAUCUACUUUAAU,GGAGACGAGCAAAAAUCAAAUUAAAGUAGAUCUUGUAGAUGAGAAUUUUACAGAAUU,0.3415361670395228,0,"-1.43
GGUCUUUGUCCCAUAUGCU,GUGGUGGACACACUUGGCCAGCAUAUGGGACAAAGACCUCCUGUCCCUGAXXXXXXX,0.3959731543624161,0,"-1.63
GUCUUUGUCCCAUAUGCUG,GGUGGUGGACACACUUGGCCAGCAUAUGGGACAAAGACXXXXXXXXXXXXXXXXXXX,0.3855331841909023,0,"-0.13
GUCCCAUAUGCUGGCCAAG,UGAGCAGGUGGUGGACACACUUGGCCAGCAUAUGGGACAAAGACXXXXXXXXXXXXX,0.3877703206562267,0,"-0.16
GCCAAGUGUGUCCACCACC,UCUCUGCUCUGACUGAGCAGGUGGUGGACACACUUGGCCAGCAUXXXXXXXXXXXXX,0.3892617449664429,0,"-0.16
ACCACCUGCUCAGUCAGAG,CGGCCUUGCUCCAUCUCUGCUCUGACUGAGCAGGUGGUGGACACACUUGXXXXXXXX,0.3489932885906041,0,"0.74
CUCAGUCAGAGCAGAGAUG,AGUCUCCUCGGCCUUGCUCCAUCUCUGCUCUGACUGAGCAGGUGGUGGACACACUUG,0.3184190902311707,0,"0.03
CGAGGAGACUGGACAGCCA,GAAGGGGCAGAGCUACCACUGGCUGUCCAGUCUCCUCGGCCUUGCUCCAUCUCUGCU,0.5026099925428785,0,"-0.7
UGAUGGAGGGCUGGGUGGC,GUCACUACUCCCAGGAUCAGCCACCCAGCCCUCCAUCAGGXXXXXXXXXXXXXXXXX,0.45339299030574204,0,"1.76
UGGAGGGCUGGGUGGCUGA,CUAGUCACUACUCCCAGGAUCAGCCACCCAGCCCUCCAUCXXXXXXXXXXXXXXXXX,0.3818046234153617,0,"0.24
GGUGGCUGAUCCUGGGAGU,CCUCCCCCACCUAGUCACUACUCCCAGGAUCAGCCACCCAGCCCUCCAUCXXXXXXX,0.3333333333333333,0,"-1.47
GCUGAUCCUGGGAGUAGUG,GAUCCCUCCCCCACCUAGUCACUACUCCCAGGAUCAGCCACCCAGCCCUCCAUCXXX,0.3460104399701715,0,"-0.86
GAUCCUGGGAGUAGUGACU,CCAGAUCCCUCCCCCACCUAGUCACUACUCCCAGGAUCAGCCACCCAGCCCUCCAUC,0.4817300521998509,0,"-1.17
CUGGCCCAAGACAAGGGCA,GUAGAUGGCCUGUGACCCUUGCCCUUGUCUUGGGCCAGAUCCCUCCCCCAXXXXXXX,0.2759134973900075,0,"-0.87
AAGACAAGGGCAAGGGUCA,CCCUCAAGUAGAUGGCCUGUGACCCUUGCCCUUGUCUUGGGXXXXXXXXXXXXXXXX,0.4019388516032812,0,"0.73
UCACAGGCCAUCUACUUGA,GCGUACUCCAAAGCAUCCCUCAAGUAGAUGGCCUGUGACCCUUGCCCUUGUCUUGGG,0.5003728560775541,0,"0.0
UUGUCGAACUUCUUAUGGC,AACAAAAACAAGCUCUACAGCCAUAAGAAGUUCGACAAGGUGCGXXXXXXXXXXXXX,0.6607009694258017,1,"2.49
UAUGGCUGUAGAGCUUGUU,GUUAACGUUCAUGAACAAAAACAAGCUCUACAGCCAUAAGAAGUUCGACAAGGUGCG,0.5712155108128263,1,"-0.4
CCAGUCACACAGGAAGGAG,UGACCUCCAUCGGGGUGGGCUCCUUCCUGUGUGACUGGAUUUXXXXXXXXXXXXXXX,0.3542132736763609,0,"-0.73
GGAGCCCACCCCGAUGGAG,AUCUGGCCACUGCUCUGACCUCCAUCGGGGUGGGCUCCUUCXXXXXXXXXXXXXXXX,0.2870991797166294,0,"-0.73
GAGGUCAGAGCAGUGGCCA,AUUCCCACCAUCAUCAAUCUGGCCACUGCUCUGACCUCCAUCGGGGUGXXXXXXXXX,0.4250559284116331,0,"-1.14
GCAGUGGCCAGAUUGAUGA,UUCAGUCUCAUUCCCACCAUCAUCAAUCUGGCCACUGCUCUGACCUCCAUCGGGGUG,0.3214019388516033,0,"-1.52
GGGAAUGAGACUGAAUUUC,UCGUGCAUGGACAGGCAGGGAAAUUCAGUCUCAUUCCCACCAUCAUCAAUCXXXXXX,0.2960477255779269,0,"-0.46
GAAUGAGACUGAAUUUCCC,UAUCGUGCAUGGACAGGCAGGGAAAUUCAGUCUCAUUCCCACCAUCAUCAAUCXXXX,0.5413870246085011,1,"0.46
GAGACUGAAUUUCCCUGCC,AUGUUAUCGUGCAUGGACAGGCAGGGAAAUUCAGUCUCAUUCCCACCAUCAUCAAUC,0.384041759880686,0,"0.46
CCAUGCACGAUAACAUCGA,AAAGCCUAUGGGAUUCGAAUCGAUGUUAUCGUGCAUGGAXXXXXXXXXXXXXXXXXX,0.4280387770320656,0,"-1.36
AUUCGAAUCCCAUAGGCUU,ACCACUCGAACUCUCAUCAAAGCCUAUGGGAUUCGAAUCGAUGUUAUCGUGCAUGGA,0.5667412378821775,1,"-0.17
GAUGAGAGUUCGAGUGGUG,ACAAGAUAAACGGCACUACCACCACUCGAACUCUCAUCXXXXXXXXXXXXXXXXXXX,0.482475764354959,0,"-0.24
GAGUUCGAGUGGUGGUAGU,GUAUUACAAGAUAAACGGCACUACCACCACUCGAACUCUCAUCXXXXXXXXXXXXXX,0.3251304996271439,0,"-1.01
GUAGUGCCGUUUAUCUUGU,UUCAGGUUUGCCAAGUAUUACAAGAUAAACGGCACUACCACCACUXXXXXXXXXXXX,0.3773303504847129,0,"-0.9
UAUCUUGUAAUACUUGGCA,CAGGCUACAACUUCAGGUUUGCCAAGUAUUACAAGAUAAACGGCACUACCACCACUX,0.5727069351230425,1,"0.33
AUCUUGUAAUACUUGGCAA,UCAGGCUACAACUUCAGGUUUGCCAAGUAUUACAAGAUAAACGGCACUACCACCACU,0.4228187919463086,0,"-0.17
GGCAAACCUGAAGUUGUAG,AAAGCAGCGUGUCCCCAGGCUACAACUUCAGGUUUGCCAAGUACUACAAAAUGXXXX,0.4250559284116331,0,"-0.73
AGCCUGAGGAGGCAGGGUC,GAGGCUCGACCCCAAGUAUGACCCUGCCUCCUCAGGCUACAACUUCAGGUUUGCCAA,0.4615958240119314,0,"1.17
UUGCACUCUGAUUCAGACA,UGGAACUGUGACCUGGACUUGUCUGAAUCAGAGUGCAACCCXXXXXXXXXXXXXXXX,0.6032811334824758,1,"0.73
ACAAGUCCAGGUCACAGUU,UGGAGUCAUCAUCAACUGGAACUGUGACCUGGACUUGUCUGXXXXXXXXXXXXXXXX,0.2878448918717375,0,"-0.86
GUCCAGGUCACAGUUCCAG,UCAUUGGAGUCAUCAUCAACUGGAACUGUGACCUGGACUUGUCUGXXXXXXXXXXXX,0.5242356450410142,1,"-0.16
GUUCCAGUUGAUGAUGACU,ACAAGGGCGGUGUCAUUGGAGUCAUCAUCAACUGGAACUGUGACCUGXXXXXXXXXX,0.2513049962714392,0,"-1.06
AUGAUGACUCCAAUGACAC,GAACUGGCACACAAGGGCGGUGUCAUUGGAGUCAUCAUCAACUGGAACUGUGACCUG,0.4399701715137956,0,"1.59
GUUCUGUGAAGUUCUCUCC,UUUCAUUGUUGAGAAGGCAGGAGAGAACUUCACAGAACUGGXXXXXXXXXXXXXXXX,0.4601043997017151,0,"0.57
GUUCUCUCCUGCCUUCUCA,UCAGGCUGGGUUUCAUUGUUGAGAAGGCAGGAGAGAACUUXXXXXXXXXXXXXXXXX,0.2408650260999254,0,"-1.03
UCCUGCCUUCUCAACAAUG,CCAUCUUCAGGCUGGGUUUCAUUGUUGAGAAGGCAGGAGAGAACUUXXXXXXXXXXX,0.4578672632363907,0,"0.66
CAACAAUGAAACCCAGCCU,CCCAUACUGUCCCAUCUUCAGGCUGGGUUUCAUUGUUGAGAAGGCAGGAGAGAACUU,0.4839671886651752,0,"-0.93
AUGGGUCAGAGUCCUGAUC,CCUCAAGCAUUGCACAUUUGAUCAGGACUCUGACCCAUACUGUCCCAUCUUCAGGCU,0.6062639821029082,1,"1.7
AUGUGCAAUGCUUGAGGUA,UGCAAGCCAGAAGAGUGACUACCUCAAGCAUUGCACAUUUGAUCAGGACUCUGACCC,0.5391498881431768,1,"0.23
UCACUCUUCUGGCUUGCAA,AAGUUCUCAAAGGGCAACAUUGCAAGCCAGAAGAGUGACUACCUCAAGCAUUGCACA,0.5428784489187174,1,"-0.97
GAACUUGAACUUGGGGUAG,UCAUCAAGAACAGCAUCCACUACCCCAAGUUCAAGUUCXXXXXXXXXXXXXXXXXXX,0.4683072334079045,0,"-0.27
UGGAUGCUGUUCUUGAUGA,GCCCCAAAUUUCACCAUCCUCAUCAAGAACAGCAUCCACUACCXXXXXXXXXXXXXX,0.4004474272930649,0,"0.24
GAUGAGGAUGGUGAAAUUU,UUCUGGGUAAAAUGGCCCCAAAUUUCACCAUCCUCAUCAAGAACAGCAUCCACUACC,0.1759880686055182,0,"-1.87
CCCAGAAAAUGGUUGUCAG,CCGGUGGAGGAUGGAACUUCUGACAACCAUUUUCUGGGUAAAAUGGCCCCAAAXXXX,0.3005219985085757,0,"-0.73
GAAAAUGGUUGUCAGAAGU,GUGCCCGGUGGAGGAUGGAACUUCUGACAACCAUUUUCUGXXXXXXXXXXXXXXXXX,0.2498135719612229,0,"-1.01
GUUCCAUCCUCCACCGGGC,UGCGAGGUGUCAGCCUGGUGCCCGGUGGAGGAUGGAACUUCUGACAACCAUUUUCUG,0.360924683072334,0,"0.73
GACACCUCGCAGGUCUUGG,CCCUAUUACCAUGGGGACUCCAAGACCUGCGAGGUGUCAGCCUGGUGCCCGGUGGAG,0.5123042505592842,0,"0.46
AUAGGGUACACAGUGCCCU,AAGGCAAUGGGAUUCGCACAGGGCACUGUGUACCCUAUUACCAUGGXXXXXXXXXXX,0.4101416853094706,0,"0.53
AGUGCCCUGUGCGAAUCCC,GCUGGACAUGCAAGGCAAUGGGAUUCGCACAGGGCACUGXXXXXXXXXXXXXXXXXX,0.4921700223713647,0,"1.63
UGCGAAUCCCAUUGCCUUG,UGCCGGACAGCUGGACAUGCAAGGCAAUGGGAUUCGCACAGGGXXXXXXXXXXXXXX,0.4802386278896346,0,"0.9
CAUUGCCUUGCAUGUCCAG,CGACUGUAUUGCCGGACAGCUGGACAUGCAAGGCAAUGGGAUUCGCACAGGGXXXXX,0.4116331096196868,0,"-0.03
CCUUGCAUGUCCAGCUGUC,GACGACGACUGUAUUGCCGGACAGCUGGACAUGCAAGGCAAUGGGAUUCGCACAGGG,0.2632363907531693,0,"-0.46
UCUGAAUGGCAGGUAGAGC,GAGAGCAUGAGGGUUCACAGCUCUACCUGCCAUUCAGACGACGACUGUAUUXXXXXX,0.5920954511558538,1,"1.52
GAAUGGCAGGUAGAGCUGU,CCAGAGAGCAUGAGGGUUCACAGCUCUACCUGCCAUUCAGACGACGACUGUAUUXXX,0.3154362416107382,0,"-1.01
UGGCAGGUAGAGCUGUGAA,UGCCCAGAGAGCAUGAGGGUUCACAGCUCUACCUGCCAUUCAGACGACGACUGUAUU,0.3855331841909023,0,"-0.73
AUGUUCCCAAGGUCUGGGA,CAGGAUCGAGGUUACCCCUUCCCAGACCUUGGGAACAUGXXXXXXXXXXXXXXXXXX,0.3758389261744966,0,"0.8
AAGGGGUAACCUCGAUCCU,UGUAGUCAGCAUCAUCACCAGGAUCGAGGUUACCCCUUCCCAGACCXXXXXXXXXXX,0.5727069351230425,1,"0.7
UCGAUCCUGGUGAUGAUGC,GAGGGGGGCAGUGUAGUCAGCAUCAUCACCAGGAUCGAGGUUACCCXXXXXXXXXXX,0.5853840417598807,1,"1.52
GAUGAUGCUGACUACACUG,UAAAGCCCCCGGAGGGGGGCAGUGUAGUCAGCAUCAUCACCAGGAUCGAGGUUACCC,0.5846383296047726,1,"-0.24
GGGGCUUUACGUAUUCCUC,AGACAAAGUGUGGGACGUGGAGGAAUACGUAAAGCCCCCGGAGGGGGGCAGUGUAGU,0.2602535421327367,0,"-0.46
GUCCCACACUUUGUCUUCC,UCAAGGGGAUCACCAUGUCGGAAGACAAAGUGUGGGACGUGGAGGAAUACGUAAAGX,0.5182699478001491,0,"0.57
UCCCACACUUUGUCUUCCG,GUCAAGGGGAUCACCAUGUCGGAAGACAAAGUGUGGGACGUGGAGGAAUACGUAAAG,0.4817300521998509,0,"0.46
UGGUGAUCCCCUUGACUUU,GGAGAGCUCCAUCAUCACCAAAGUCAAGGGGAUCACCAUGUCGGAAGXXXXXXXXXX,0.4936614466815809,0,"-0.73
CUUGACUUUGGUGAUGAUG,AGACCGGACCGGAGAGCUCCAUCAUCACCAAAGUCAAGGGGAUCACXXXXXXXXXXX,0.5331841909023117,1,"0.03
UGAUGAUGGAGCUCUCCGG,CCAGGACAGCGAGACCGGACCGGAGAGCUCCAUCAUCACCAAAGUCAAGGGGAUCAC,0.4041759880686055,0,"1.6
CCGGUCUCGCUGUCCUGGU,UUCAUCGUGCAGAAAAGCUACCAGGACAGCGAGACCGGACCGXXXXXXXXXXXXXXX,0.3691275167785235,0,"-1.47
GUCUCGCUGUCCUGGUAGC,GUCUUCAUCGUGCAGAAAAGCUACCAGGACAGCGAGACCGGACCGXXXXXXXXXXXX,0.4511558538404175,0,"0.73
CUGGUAGCUUUUCUGCACG,UCGUGUGGUACGUCUUCAUCGUGCAGAAAAGCUACCAGGACAGCGAGXXXXXXXXXX,0.6002982848620433,1,"-0.17
UGGUAGCUUUUCUGCACGA,UUCGUGUGGUACGUCUUCAUCGUGCAGAAAAGCUACCAGGACAGCGAGXXXXXXXXX,0.5533184190902312,1,"0.24
UUCUGCACGAUGAAGACGU,CUGCUUUACUUCGUGUGGUACGUCUUCAUCGUGCAGAAAAGCUACCAGGACAGCGAG,0.6353467561521253,1,"0.86
GAAGUAAAGCAGGAUGAGA,UGCACCGCAUGGUGCAGCUUCUCAUCCUGCUUUACUUCGUGUGGUACGUCUUCAUCG,0.4571215510812826,0,"-0.9
CAGGCGCCGAUUCCGCACC,XGACGCCUAAGGUGAUCGUGGUGCGGAAUCGGCGCCUGGGAUUCGUGCACCGCAUGG,0.5167785234899328,0,"0.7
UAGCCUAGUCCAUGCUCUA,CCCAAGCCAUAGAAACAGCUAGAGCAUGGACUAGGCUAXXXXXXXXXXXXXXXXXXX,0.5503355704697986,1,"0.0
UCCAUGCUCUAGCUGUUUC,CAACGAAGCCCAAGCCAUAGAAACAGCUAGAGCAUGGAXXXXXXXXXXXXXXXXXXX,0.7479492915734526,1,"0.9
AUGCUCUAGCUGUUUCUAU,GACCAACGAAGCCCAAGCCAUAGAAACAGCUAGAGCAUGGAXXXXXXXXXXXXXXXX,0.6845637583892618,1,"0.0
UGCUCUAGCUGUUUCUAUG,AGACCAACGAAGCCCAAGCCAUAGAAACAGCUAGAGCAUGGAXXXXXXXXXXXXXXX,0.7106636838180462,1,"0.9
CUAGCUGUUUCUAUGGCUU,UGGAAGACCAACGAAGCCCAAGCCAUAGAAACAGCUAGAGXXXXXXXXXXXXXXXXX,0.674123788217748,1,"-1.6
GCUGUUUCUAUGGCUUGGG,CAGUGGAAGACCAACGAAGCCCAAGCCAUAGAAACAGCXXXXXXXXXXXXXXXXXXX,0.4489187173750932,0,"-0.16
UGUUUCUAUGGCUUGGGCU,AGCAGUGGAAGACCAACGAAGCCCAAGCCAUAGAAACAGCXXXXXXXXXXXXXXXXX,0.6838180462341537,1,"-0.03
GUUUCUAUGGCUUGGGCUU,GAGCAGUGGAAGACCAACGAAGCCCAAGCCAUAGAAACAGCXXXXXXXXXXXXXXXX,0.4556301267710663,0,"-1.76
UUUCUAUGGCUUGGGCUUC,GGAGCAGUGGAAGACCAACGAAGCCCAAGCCAUAGAAACAGCXXXXXXXXXXXXXXX,0.6733780760626399,1,"1.87
UUCUAUGGCUUGGGCUUCG,CGGAGCAGUGGAAGACCAACGAAGCCCAAGCCAUAGAAACAGCXXXXXXXXXXXXXX,0.6271439224459359,1,"1.43
UCUAUGGCUUGGGCUUCGU,GCGGAGCAGUGGAAGACCAACGAAGCCCAAGCCAUAGAAACAGCXXXXXXXXXXXXX,0.5779269202087994,1,"-0.11
UAUGGCUUGGGCUUCGUUG,UAGCGGAGCAGUGGAAGACCAACGAAGCCCAAGCCAUAXXXXXXXXXXXXXXXXXXX,0.7009694258016406,1,"1.23
UUGGGCUUCGUUGGUCUUC,AUGAUGUAGCGGAGCAGUGGAAGACCAACGAAGCCCAAGCCAUAXXXXXXXXXXXXX,0.6368381804623415,1,"1.87
CUUCGUUGGUCUUCCACUG,AGCAAAUGAUGUAGCGGAGCAGUGGAAGACCAACGAAGCXXXXXXXXXXXXXXXXXX,0.5816554809843401,1,"0.03
GGUCUUCCACUGCUCCGCU,AUCCAUUAGCAAAUGAUGUAGCGGAGCAGUGGAAGACCAAXXXXXXXXXXXXXXXXX,0.3273676360924683,0,"-1.63
GUCUUCCACUGCUCCGCUA,GAUCCAUUAGCAAAUGAUGUAGCGGAGCAGUGGAAGACXXXXXXXXXXXXXXXXXXX,0.2997762863534676,0,"-1.36
CUGCUCCGCUACAUCAUUU,AUCCAGAUGAUCCAUUAGCAAAUGAUGUAGCGGAGCAGUXXXXXXXXXXXXXXXXXX,0.3221476510067114,0,"-1.6
UGCUCCGCUACAUCAUUUG,AAUCCAGAUGAUCCAUUAGCAAAUGAUGUAGCGGAGCAGUXXXXXXXXXXXXXXXXX,0.4787472035794183,0,"0.9
GCUCCGCUACAUCAUUUGC,CAAUCCAGAUGAUCCAUUAGCAAAUGAUGUAGCGGAGCAGUXXXXXXXXXXXXXXXX,0.3713646532438479,0,"0.0
CGCUACAUCAUUUGCUAAU,CUCCCAAUCCAGAUGAUCCAUUAGCAAAUGAUGUAGCGXXXXXXXXXXXXXXXXXXX,0.2550335570469799,0,"-1.26
GCUACAUCAUUUGCUAAUG,GCUCCCAAUCCAGAUGAUCCAUUAGCAAAUGAUGUAGCGXXXXXXXXXXXXXXXXXX,0.2252050708426547,0,"-0.86
CUACAUCAUUUGCUAAUGG,UGCUCCCAAUCCAGAUGAUCCAUUAGCAAAUGAUGUAGCGXXXXXXXXXXXXXXXXX,0.5809097688292321,1,"0.73
CAUCAUUUGCUAAUGGAUC,AAGUGCUCCCAAUCCAGAUGAUCCAUUAGCAAAUGAUGUAGCGXXXXXXXXXXXXXX,0.4571215510812826,0,"0.24
AUCAUUUGCUAAUGGAUCA,UAAGUGCUCCCAAUCCAGAUGAUCCAUUAGCAAAUGAUGUAGCGXXXXXXXXXXXXX,0.5234899328859061,1,"0.56
UGCUAAUGGAUCAUCUGGA,CCUUGUUAAGUGCUCCCAAUCCAGAUGAUCCAUUAGCAAAUGAUGUAGCGXXXXXXX,0.6405667412378822,1,"0.24
UGGAUCAUCUGGAUUGGGA,UCCAGGCCUUGUUAAGUGCUCCCAAUCCAGAUGAUCCAUUAGCAAAUGAUGUAGCGX,0.5846383296047726,1,"0.24
GGAUCAUCUGGAUUGGGAG,AUCCAGGCCUUGUUAAGUGCUCCCAAUCCAGAUGAUCCAUUAGCAAAUGAUGUAGCG,0.4377330350484713,0,"-0.73
GAUAGCAGAACUGUGCGGA,UGGUCCCCAGCACUGCAGAUCCGCACAGUUCUGCUAUCGXXXXXXXXXXXXXXXXXX,0.4735272184936615,0,"-0.9
AUAGCAGAACUGUGCGGAU,GUGGUCCCCAGCACUGCAGAUCCGCACAGUUCUGCUAUXXXXXXXXXXXXXXXXXXX,0.4041759880686055,0,"0.0
CAGAACUGUGCGGAUCUGC,AUAAGUGGUCCCCAGCACUGCAGAUCCGCACAGUUCUGCUXXXXXXXXXXXXXXXXX,0.6435495898583147,1,"0.86
AUCUGCAGUGCUGGGGACC,GAUAUUUUGAAAGAUAAGUGGUCCCCAGCACUGCAGAUCCGCXXXXXXXXXXXXXXX,0.4638329604772558,0,"2.16
CUGCAGUGCUGGGGACCAC,UAGAUAUUUUGAAAGAUAAGUGGUCCCCAGCACUGCAGXXXXXXXXXXXXXXXXXXX,0.4429530201342281,0,"0.16
GCAGUGCUGGGGACCACUU,UCUAGAUAUUUUGAAAGAUAAGUGGUCCCCAGCACUGCAXXXXXXXXXXXXXXXXXX,0.3594332587621178,0,"-2.49
GGGGACCACUUAUCUUUCA,AGAAUAUGUCUAGAUAUUUUGAAAGAUAAGUGGUCCCCAGCACXXXXXXXXXXXXXX,0.2572706935123042,0,"-1.6
GACCACUUAUCUUUCAAAA,GGAAGAAUAUGUCUAGAUAUUUUGAAAGAUAAGUGGUCCCCAGCACXXXXXXXXXXX,0.2647278150633855,0,"-1.87
CUUAUCUUUCAAAAUAUCU,AGUUGGGAAGAAUAUGUCUAGAUAUUUUGAAAGAUAAGUGXXXXXXXXXXXXXXXXX,0.4258016405667412,0,"-0.9
UUAUCUUUCAAAAUAUCUA,AAGUUGGGAAGAAUAUGUCUAGAUAUUUUGAAAGAUAAGUGXXXXXXXXXXXXXXXX,0.6010439970171514,1,"0.4
UAUCUUUCAAAAUAUCUAG,CAAGUUGGGAAGAAUAUGUCUAGAUAUUUUGAAAGAUAAGUGXXXXXXXXXXXXXXX,0.6383296047725577,1,"1.2
UUUCAAAAUAUCUAGACAU,UAGACAAGUUGGGAAGAAUAUGUCUAGAUAUUUUGAAAGAUAAGUGXXXXXXXXXXX,0.5659955257270693,1,"0.17
CUAGACAUAUUCUUCCCAA,UCAUCCUAAUGUAGACAAGUUGGGAAGAAUAUGUCUAGAUAUXXXXXXXXXXXXXXX,0.3937360178970917,0,"-1.6
UUCUUCCCAACUUGUCUAC,CAAAAUUUAUCAUCCUAAUGUAGACAAGUUGGGAAGAAUAUGXXXXXXXXXXXXXXX,0.7009694258016406,1,"1.76
UUCCCAACUUGUCUACAUU,GACCAAAAUUUAUCAUCCUAAUGUAGACAAGUUGGGAAGXXXXXXXXXXXXXXXXXX,0.6994780014914243,1,"0.0
CCAACUUGUCUACAUUAGG,CAUGACCAAAAUUUAUCAUCCUAAUGUAGACAAGUUGGGAAGXXXXXXXXXXXXXXX,0.517524235645041,0,"0.0
UUGUCUACAUUAGGAUGAU,CGUUUCAUGACCAAAAUUUAUCAUCCUAAUGUAGACAAXXXXXXXXXXXXXXXXXXX,0.3460104399701715,0,"0.17
CUACAUUAGGAUGAUAAAU,AGUACGUUUCAUGACCAAAAUUUAUCAUCCUAAUGUAGACAXXXXXXXXXXXXXXXX,0.3668903803131991,0,"-1.43
UAGGAUGAUAAAUUUUGGU,CCCUAAAGUACGUUUCAUGACCAAAAUUUAUCAUCCUAAUXXXXXXXXXXXXXXXXX,0.6085011185682326,1,"0.46
AAAUUUUGGUCAUGAAACG,AAUGGCAGCCCCUAAAGUACGUUUCAUGACCAAAAUUUAUCAUCCUAAUXXXXXXXX,0.7457121551081283,1,"1.43
AAUUUUGGUCAUGAAACGU,CAAUGGCAGCCCCUAAAGUACGUUUCAUGACCAAAAUUUAUCAUCCUAAUXXXXXXX,0.6868008948545862,1,"0.86
GUCAUGAAACGUACUUUAG,GAAUACCCAAUGGCAGCCCCUAAAGUACGUUUCAUGACCAAAXXXXXXXXXXXXXXX,0.592841163310962,1,"-0.16
UUAGGGGCUGCCAUUGGGU,CUAUUCCUUCCAGAAGAAUACCCAAUGGCAGCCCCUAAAXXXXXXXXXXXXXXXXXX,0.4772557792692021,0,"0.86
GGCUGCCAUUGGGUAUUCU,UUGAACUAUUCCUUCCAGAAGAAUACCCAAUGGCAGCCCCXXXXXXXXXXXXXXXXX,0.3333333333333333,0,"-1.63
GGGUAUUCUUCUGGAAGGA,ACUUUUAAACUUGAACUAUUCCUUCCAGAAGAAUACCCAAUXXXXXXXXXXXXXXXX,0.2751677852348993,0,"-1.36
UAUUCUUCUGGAAGGAAUA,GGGACUUUUAAACUUGAACUAUUCCUUCCAGAAGAAUACXXXXXXXXXXXXXXXXXX,0.6189410887397464,1,"0.0
CUUCUGGAAGGAAUAGUUC,GGGAGGGACUUUUAAACUUGAACUAUUCCUUCCAGAAGAAUACXXXXXXXXXXXXXX,0.6524981357196122,1,"0.27
CUGGAAGGAAUAGUUCAAG,UGAGGGAGGGACUUUUAAACUUGAACUAUUCCUUCCAGAAGAAUACXXXXXXXXXXX,0.6323639075316928,1,"0.0
UGGAAGGAAUAGUUCAAGU,UUGAGGGAGGGACUUUUAAACUUGAACUAUUCCUUCCAGAAGAAUACXXXXXXXXXX,0.7166293810589113,1,"0.13
GAAGGAAUAGUUCAAGUUU,CUUUGAGGGAGGGACUUUUAAACUUGAACUAUUCCUUCXXXXXXXXXXXXXXXXXXX,0.3251304996271439,0,"-1.87
GGAAUAGUUCAAGUUUAAA,CCCCUUUGAGGGAGGGACUUUUAAACUUGAACUAUUCCUUCXXXXXXXXXXXXXXXX,0.2229679343773303,0,"-2.33
AGUUCAAGUUUAAAAGUCC,GAUUCCCCCUUUGAGGGAGGGACUUUUAAACUUGAACUAUUCCUUCXXXXXXXXXXX,0.6502609992542878,1,"1.63
AAAAGUCCCUCCCUCAAAG,CUGGCCCUCAGGAUUCCCCCUUUGAGGGAGGGACUUUUAAACUUGAACUAUUCCUUC,0.5264727815063386,1,"1.6
GAAUCCUGAGGGCCAGCAA,CGUUAUUUUCAUGUGGUCAUUGCUGGCCCUCAGGAUUCCCCCXXXXXXXXXXXXXXX,0.3743475018642804,0,"-1.87
GAGGGCCAGCAAUGACCAC,CAACGCCCGUUAUUUUCAUGUGGUCAUUGCUGGCCCUCXXXXXXXXXXXXXXXXXXX,0.4034302759134974,0,"-0.11
GGGCCAGCAAUGACCACAU,AGCAACGCCCGUUAUUUUCAUGUGGUCAUUGCUGGCCCUCXXXXXXXXXXXXXXXXX,0.3512304250559284,0,"-2.16
GCCAGCAAUGACCACAUGA,AGAGCAACGCCCGUUAUUUUCAUGUGGUCAUUGCUGGCCCUCXXXXXXXXXXXXXXX,0.3773303504847129,0,"-1.52
CCAGCAAUGACCACAUGAA,GAGAGCAACGCCCGUUAUUUUCAUGUGGUCAUUGCUGGCCCUCXXXXXXXXXXXXXX,0.2945563012677107,0,"-2.33
CAGCAAUGACCACAUGAAA,UGAGAGCAACGCCCGUUAUUUUCAUGUGGUCAUUGCUGGCCCUCXXXXXXXXXXXXX,0.29679343773303496,0,"-1.63
GCAAUGACCACAUGAAAAU,GAUGAGAGCAACGCCCGUUAUUUUCAUGUGGUCAUUGCUGGCCCUCXXXXXXXXXXX,0.3512304250559284,0,"-2.32
ACAUGAAAAUAACGGGCGU,GCCGAACCAGAUGAGAGCAACGCCCGUUAUUUUCAUGUXXXXXXXXXXXXXXXXXXX,0.465324384787472,0,"0.0
AUGAAAAUAACGGGCGUUG,AAGCCGAACCAGAUGAGAGCAACGCCCGUUAUUUUCAUXXXXXXXXXXXXXXXXXXX,0.6495152870991797,1,"1.46
GGGCGUUGCUCUCAUCUGG,UCCUGGCAUCAAAGCCGAACCAGAUGAGAGCAACGCCCGUUXXXXXXXXXXXXXXXX,0.4906785980611484,0,"0.0
UGCUCUCAUCUGGUUCGGC,ACCAGUUCCUGGCAUCAAAGCCGAACCAGAUGAGAGCAXXXXXXXXXXXXXXXXXXX,0.6159582401193139,1,"1.76
CUCUCAUCUGGUUCGGCUU,GAACCAGUUCCUGGCAUCAAAGCCGAACCAGAUGAGAGXXXXXXXXXXXXXXXXXXX,0.6584638329604773,1,"-1.6
AUCUGGUUCGGCUUUGAUG,UGGCAGAACCAGUUCCUGGCAUCAAAGCCGAACCAGAUGAGAXXXXXXXXXXXXXXX,0.6316181953765846,1,"1.46
UGGUUCGGCUUUGAUGCCA,XGCUGGCAGAACCAGUUCCUGGCAUCAAAGCCGAACCAGAUGAGAXXXXXXXXXXXX,0.6085011185682326,1,"0.0
CGGCUUUGAUGCCAGGAAC,XXXXXXGCUGGCAGAACCAGUUCCUGGCAUCAAAGCCGAACCAGAUGAGAXXXXXXX,0.5831469052945564,1,"0.33
GCUUUGAUGCCAGGAACUG,XXXXXXXXGCUGGCAGAACCAGUUCCUGGCAUCAAAGCCGAACCAGAUGAGAXXXXX,0.4578672632363907,0,"-0.86
UUUGAUGCCAGGAACUGGU,XXXXXXXXXXGCUGGCAGAACCAGUUCCUGGCAUCAAAGCCGAACCAGAUGAGAXXX,0.7263236390753169,1,"0.86
UGAUGCCAGGAACUGGUUC,XXXXXXXXXXXXGCUGGCAGAACCAGUUCCUGGCAUCAAAGCCGAACCAGAUGAGAX,0.2684563758389262,0,"1.14
GAUGCCAGGAACUGGUUCU,XXXXXXXXXXXXXGCUGGCAGAACCAGUUCCUGGCAUCAAAGCCGAACCAGAUGAGA,0.4526472781506338,0,"-1.17
UUUUCUUACACAGCGGGCA,GAGAAUUUAAAAGAAAAGUUGCCCGCUGUGUAAGAAAAXXXXXXXXXXXXXXXXXXX,0.7032065622669649,1,"0.73
CUUACACAGCGGGCAACUU,AAUGGAGAAUUUAAAAGAAAAGUUGCCCGCUGUGUAAGAAXXXXXXXXXXXXXXXXX,0.5891126025354214,1,"-1.6
UUACACAGCGGGCAACUUU,AAAUGGAGAAUUUAAAAGAAAAGUUGCCCGCUGUGUAAGAAXXXXXXXXXXXXXXXX,0.7002237136465324,1,"0.0
GGGCAACUUUUCUUUUAAA,GGAAGAUAGAAAUGGAGAAUUUAAAAGAAAAGUUGCCCGCUXXXXXXXXXXXXXXXX,0.3243847874720358,0,"-2.33
ACUUUUCUUUUAAAUUCUC,UGGAGGGAAGAUAGAAAUGGAGAAUUUAAAAGAAAAGUUGCCCGCUXXXXXXXXXXX,0.4205816554809843,0,"1.01
UUUUCUUUUAAAUUCUCCA,AAUGGAGGGAAGAUAGAAAUGGAGAAUUUAAAAGAAAAXXXXXXXXXXXXXXXXXXX,0.5533184190902312,1,"0.73
AAAUUCUCCAUUUCUAUCU,CUGCGAAAGAAUGGAGGGAAGAUAGAAAUGGAGAAUUUAXXXXXXXXXXXXXXXXXX,0.7606263982102909,1,"0.7
UUUCUAUCUUCCCUCCAUU,AAUGUUGAUGCUGCGAAAGAAUGGAGGGAAGAUAGAAAXXXXXXXXXXXXXXXXXXX,0.6405667412378822,1,"0.0
UUCCCUCCAUUCUUUCGCA,CACCUGCUAAUGUUGAUGCUGCGAAAGAAUGGAGGGAAGXXXXXXXXXXXXXXXXXX,0.5421327367636093,1,"0.73
CCCUCCAUUCUUUCGCAGC,CUCACCUGCUAAUGUUGAUGCUGCGAAAGAAUGGAGGGAAGXXXXXXXXXXXXXXXX,0.4757643549589858,0,"0.16
CCUCCAUUCUUUCGCAGCA,ACUCACCUGCUAAUGUUGAUGCUGCGAAAGAAUGGAGGGAAGXXXXXXXXXXXXXXX,0.2565249813571961,0,"-1.6
UCUUUCGCAGCAUCAACAU,AAUGGAGACUCACCUGCUAAUGUUGAUGCUGCGAAAGAAUGGAXXXXXXXXXXXXXX,0.7770320656226697,1,"-0.8
CUUUCGCAGCAUCAACAUU,UAAUGGAGACUCACCUGCUAAUGUUGAUGCUGCGAAAGAAUGGAXXXXXXXXXXXXX,0.6972408650260999,1,"-1.6
CAGCAUCAACAUUAGCAGG,AGACCCUAAUGGAGACUCACCUGCUAAUGUUGAUGCUGXXXXXXXXXXXXXXXXXXX,0.727069351230425,1,"0.7
AGCAUCAACAUUAGCAGGU,CAGACCCUAAUGGAGACUCACCUGCUAAUGUUGAUGCUGXXXXXXXXXXXXXXXXXX,0.7002237136465324,1,"0.16
AACAUUAGCAGGUGAGUCU,UGCUGGCAGACCCUAAUGGAGACUCACCUGCUAAUGUUGAUGCUGXXXXXXXXXXXX,0.6047725577926921,1,"0.7
GCAGGUGAGUCUCCAUUAG,AUUUCUAUGCUGGCAGACCCUAAUGGAGACUCACCUGCUAXXXXXXXXXXXXXXXXX,0.5361670395227442,1,"-0.89
UGAGUCUCCAUUAGGGUCU,GUGUCAUUUCUAUGCUGGCAGACCCUAAUGGAGACUCACCUGCUAXXXXXXXXXXXX,0.6696495152870992,1,"-0.03
AGGGUCUGCCAGCAUAGAA,CCAUCAUGAUUAGUGUCAUUUCUAUGCUGGCAGACCCUAAUGGAXXXXXXXXXXXXX,0.4548844146159582,0,"-0.7
CCAGCAUAGAAAUGACACU,UGUGGAAACCAUCAUGAUUAGUGUCAUUUCUAUGCUGGCAGXXXXXXXXXXXXXXXX,0.354958985831469,0,"-1.63
AGCAUAGAAAUGACACUAA,ACUGUGGAAACCAUCAUGAUUAGUGUCAUUUCUAUGCUGGCAGXXXXXXXXXXXXXX,0.4026845637583893,0,"-0.7
AUAGAAAUGACACUAAUCA,CACACUGUGGAAACCAUCAUGAUUAGUGUCAUUUCUAUGXXXXXXXXXXXXXXXXXX,0.5853840417598807,1,"0.56
GACACUAAUCAUGAUGGUU,UCCCUAUCCACACUGUGGAAACCAUCAUGAUUAGUGUCXXXXXXXXXXXXXXXXXXX,0.4876957494407159,0,"-1.87
ACACUAAUCAUGAUGGUUU,CUCCCUAUCCACACUGUGGAAACCAUCAUGAUUAGUGUXXXXXXXXXXXXXXXXXXX,0.4988814317673378,0,"-0.86
ACUAAUCAUGAUGGUUUCC,GGCUCCCUAUCCACACUGUGGAAACCAUCAUGAUUAGUGUXXXXXXXXXXXXXXXXX,0.4056674123788218,0,"1.47
AUGAUGGUUUCCACAGUGU,GAACGCUGGCUCCCUAUCCACACUGUGGAAACCAUCAUGAUUXXXXXXXXXXXXXXX,0.6659209545115585,1,"0.69
GAUGGUUUCCACAGUGUGG,AGGAACGCUGGCUCCCUAUCCACACUGUGGAAACCAUCAUGAUUXXXXXXXXXXXXX,0.6420581655480985,1,"0.46
AUGGUUUCCACAGUGUGGA,GAGGAACGCUGGCUCCCUAUCCACACUGUGGAAACCAUCAUGAUUXXXXXXXXXXXX,0.6360924683072334,1,"0.8
GGUUUCCACAGUGUGGAUA,CAGAGGAACGCUGGCUCCCUAUCCACACUGUGGAAACCXXXXXXXXXXXXXXXXXXX,0.3072334079045488,0,"-1.93
UCCACAGUGUGGAUAGGGA,AAGCCAGAGGAACGCUGGCUCCCUAUCCACACUGUGGAXXXXXXXXXXXXXXXXXXX,0.4630872483221476,0,"0.0
CCACAGUGUGGAUAGGGAG,AAAGCCAGAGGAACGCUGGCUCCCUAUCCACACUGUGGAXXXXXXXXXXXXXXXXXX,0.4690529455630127,0,"-0.73
GUGUGGAUAGGGAGCCAGC,UAUGAAAAGCCAGAGGAACGCUGGCUCCCUAUCCACACUGXXXXXXXXXXXXXXXXX,0.4772557792692021,0,"0.73
GGGAGCCAGCGUUCCUCUG,AAGUAUGGUUAUGAAAAGCCAGAGGAACGCUGGCUCCCUAUXXXXXXXXXXXXXXXX,0.3169276659209545,0,"-0.7
AGCCAGCGUUCCUCUGGCU,GAUAAGUAUGGUUAUGAAAAGCCAGAGGAACGCUGGCUXXXXXXXXXXXXXXXXXXX,0.2818791946308724,0,"0.0
GCCAGCGUUCCUCUGGCUU,AGAUAAGUAUGGUUAUGAAAAGCCAGAGGAACGCUGGCUXXXXXXXXXXXXXXXXXX,0.26771066368381796,0,"-2.49
CAGCGUUCCUCUGGCUUUU,GAAGAUAAGUAUGGUUAUGAAAAGCCAGAGGAACGCUGGCUXXXXXXXXXXXXXXXX,0.2431021625652498,0,"-1.63
GCGUUCCUCUGGCUUUUCA,GGGAAGAUAAGUAUGGUUAUGAAAAGCCAGAGGAACGCUGGCUXXXXXXXXXXXXXX,0.26771066368381796,0,"-1.76
UCCUCUGGCUUUUCAUAAC,CCUGGGGAAGAUAAGUAUGGUUAUGAAAAGCCAGAGGAAXXXXXXXXXXXXXXXXXX,0.3676360924683072,0,"0.79
UCUGGCUUUUCAUAACCAU,GAGCCUGGGGAAGAUAAGUAUGGUUAUGAAAAGCCAGAGXXXXXXXXXXXXXXXXXX,0.2923191648023863,0,"-0.8
CUGGCUUUUCAUAACCAUA,UGAGCCUGGGGAAGAUAAGUAUGGUUAUGAAAAGCCAGAGXXXXXXXXXXXXXXXXX,0.2371364653243848,0,"-1.2
UUUUCAUAACCAUACUUAU,CUUCAUGAGCCUGGGGAAGAUAAGUAUGGUUAUGAAAAGCXXXXXXXXXXXXXXXXX,0.5167785234899328,0,"0.17
UUUCAUAACCAUACUUAUC,UCUUCAUGAGCCUGGGGAAGAUAAGUAUGGUUAUGAAAAGCXXXXXXXXXXXXXXXX,0.6539895600298284,1,"1.87
CCAUACUUAUCUUCCCCAG,AUUUCUAUUCUUCAUGAGCCUGGGGAAGAUAAGUAUGGUXXXXXXXXXXXXXXXXXX,0.4101416853094706,0,"-0.73
UACUUAUCUUCCCCAGGCU,UGCAUUUCUAUUCUUCAUGAGCCUGGGGAAGAUAAGUAUGGUXXXXXXXXXXXXXXX,0.5861297539149889,1,"0.3
UAUCUUCCCCAGGCUCAUG,UGUGUGCAUUUCUAUUCUUCAUGAGCCUGGGGAAGAUAAGUAUGGUXXXXXXXXXXX,0.5667412378821775,1,"1.23
AUCUUCCCCAGGCUCAUGA,AUGUGUGCAUUUCUAUUCUUCAUGAGCCUGGGGAAGAUAAGUAUGGUXXXXXXXXXX,0.56972408650261,1,"0.8
GGCUCAUGAAGAAUAGAAA,AAAAAUGGUGAUGUGUGCAUUUCUAUUCUUCAUGAGCCUGGGGXXXXXXXXXXXXXX,0.2199850857568978,0,"-2.33
AAUAGAAAUGCACACAUCA,CAAAUGUUGAUAAAAAUGGUGAUGUGUGCAUUUCUAUUCUUCAUGAGCCUGGGGXXX,0.55779269202088,1,"0.73
UAGAAAUGCACACAUCACC,CCCAAAUGUUGAUAAAAAUGGUGAUGUGUGCAUUUCUAUUCUUCAUGAGCCUGGGGX,0.7061894108873974,1,"1.93
AGAAAUGCACACAUCACCA,ACCCAAAUGUUGAUAAAAAUGGUGAUGUGUGCAUUUCUAUUCUUCAUGAGCCUGGGG,0.6338553318419089,1,"0.03
UUUUAUCAACAUUUGGGUG,AUUCAUUACAGAAAUCUGGCACCCAAAUGUUGAUAAAAAUGXXXXXXXXXXXXXXXX,0.5451155853840417,1,"1.63
UCAACAUUUGGGUGCCAGA,AUGAAAUUCAUUACAGAAAUCUGGCACCCAAAUGUUGAUXXXXXXXXXXXXXXXXXX,0.5473527218493661,1,"0.0
AACAUUUGGGUGCCAGAUU,AAAUGAAAUUCAUUACAGAAAUCUGGCACCCAAAUGUUGAUXXXXXXXXXXXXXXXX,0.5473527218493661,1,"0.0
GUGCCAGAUUUCUGUAAUG,GACCUCCUAAAAUGAAAUUCAUUACAGAAAUCUGGCACCXXXXXXXXXXXXXXXXXX,0.3736017897091722,0,"-0.13
AUUUCUGUAAUGAAUUUCA,CCCCUCCGACCUCCUAAAAUGAAAUUCAUUACAGAAAUCXXXXXXXXXXXXXXXXXX,0.459358687546607,0,"0.56
UAAUGAAUUUCAUUUUAGG,AGAUUAUCCCCUCCGACCUCCUAAAAUGAAAUUCAUUAXXXXXXXXXXXXXXXXXXX,0.5190156599552572,0,"1.93
AUGAAUUUCAUUUUAGGAG,AAAGAUUAUCCCCUCCGACCUCCUAAAAUGAAAUUCAUUAXXXXXXXXXXXXXXXXX,0.6554809843400448,1,"1.43
GAAUUUCAUUUUAGGAGGU,CAAAAGAUUAUCCCCUCCGACCUCCUAAAAUGAAAUUCAUUAXXXXXXXXXXXXXXX,0.2945563012677107,0,"-1.01
AUUUUAGGAGGUCGGAGGG,ACUUUCCCAAAAGAUUAUCCCCUCCGACCUCCUAAAAUGAAAUUCAUUAXXXXXXXX,0.465324384787472,0,"2.16
GAGGUCGGAGGGGAUAAUC,UCAUCUUACUUUCCCAAAAGAUUAUCCCCUCCGACCUCCUAAAAUGAAAUUCAUUAX,0.6316181953765846,1,"0.0
AGGUCGGAGGGGAUAAUCU,CUCAUCUUACUUUCCCAAAAGAUUAUCCCCUCCGACCUCCUAAAAUGAAAUUCAUUA,0.6278896346010439,1,"0.0
CACCUUCAUAAAGUGUAUC,CCUUAUUAUUGGCCCUCCAGAUACACUUUAUGAAGGUGGUGUUUUXXXXXXXXXXXX,0.4921700223713647,0,"0.24
ACCUUCAUAAAGUGUAUCU,UCCUUAUUAUUGGCCCUCCAGAUACACUUUAUGAAGGUXXXXXXXXXXXXXXXXXXX,0.586875466070097,1,"-0.16
UAAAGUGUAUCUGGAGGGC,UGGGAAGUCCUUAUUAUUGGCCCUCCAGAUACACUUUAUGXXXXXXXXXXXXXXXXX,0.5607755406413124,1,"2.09
GUGUAUCUGGAGGGCCAAU,CCGAUGGGAAGUCCUUAUUAUUGGCCCUCCAGAUACACUUUAUGXXXXXXXXXXXXX,0.2692020879940343,0,"-1.59
GGAGGGCCAAUAAUAAGGA,GAUCUCUACCGAUGGGAAGUCCUUAUUAUUGGCCCUCCAXXXXXXXXXXXXXXXXXX,0.3333333333333333,0,"-1.36
GGCCAAUAAUAAGGACUUC,CAAUGAUCUCUACCGAUGGGAAGUCCUUAUUAUUGGCCXXXXXXXXXXXXXXXXXXX,0.6532438478747203,1,"-0.46
GCCAAUAAUAAGGACUUCC,ACAAUGAUCUCUACCGAUGGGAAGUCCUUAUUAUUGGCCXXXXXXXXXXXXXXXXXX,0.529455630126771,1,"-0.16
UAAGGACUUCCCAUCGGUA,AAUAGAUGACAAUGAUCUCUACCGAUGGGAAGUCCUUAUUAUUXXXXXXXXXXXXXX,0.6942580164056674,1,"0.0
GGACUUCCCAUCGGUAGAG,UUUAAUAGAUGACAAUGAUCUCUACCGAUGGGAAGUCCUUAUUAUUXXXXXXXXXXX,0.5093214019388517,0,"-0.73
ACUUCCCAUCGGUAGAGAU,GGUUUAAUAGAUGACAAUGAUCUCUACCGAUGGGAAGUCCUUAUUAUUXXXXXXXXX,0.5048471290082028,0,"-0.69
CCAUCGGUAGAGAUCAUUG,CUGCAGGUUUAAUAGAUGACAAUGAUCUCUACCGAUGGGAAXXXXXXXXXXXXXXXX,0.6465324384787472,1,"-0.7
AUCGGUAGAGAUCAUUGUC,UUCUGCAGGUUUAAUAGAUGACAAUGAUCUCUACCGAUGXXXXXXXXXXXXXXXXXX,0.7695749440715884,1,"1.7
CGGUAGAGAUCAUUGUCAU,UUUUCUGCAGGUUUAAUAGAUGACAAUGAUCUCUACCGAXXXXXXXXXXXXXXXXXX,0.3020134228187919,0,"-1.26
UUGUCAUCUAUUAAACCUG,CCAGUGGAAGGCUUUUCUGCAGGUUUAAUAGAUGACAAUGAUCUCUAXXXXXXXXXX,0.727069351230425,1,"1.63
CAUCUAUUAAACCUGCAGA,AAAUCCAGUGGAAGGCUUUUCUGCAGGUUUAAUAGAUGACXXXXXXXXXXXXXXXXX,0.4519015659955257,0,"-0.66
UCUAUUAAACCUGCAGAAA,AAAAAUCCAGUGGAAGGCUUUUCUGCAGGUUUAAUAGAUGACXXXXXXXXXXXXXXX,0.3855331841909023,0,"-0.97
UUAAACCUGCAGAAAAGCC,CAACAAAAAUCCAGUGGAAGGCUUUUCUGCAGGUUUAAUAGAUGACXXXXXXXXXXX,0.6211782252050708,1,"2.33
GAAAAGCCUUCCACUGGAU,XXXXXAGAACUCAACAAAAAUCCAGUGGAAGGCUUUUCUGCAGGUUUAAUAGAUGAC,0.4876957494407159,0,"-1.7
CACUGUCUGGCUAUCCUGU,ACCAACAGAGCAGAACACGACAGGAUAGCCAGACAGUGGXXXXXXXXXXXXXXXXXX,0.4116331096196868,0,"-0.77
CUGUCUGGCUAUCCUGUCG,UGACCAACAGAGCAGAACACGACAGGAUAGCCAGACAGUGGXXXXXXXXXXXXXXXX,0.5816554809843401,1,"-0.17
UGUCGUGUUCUGCUCUGUU,AGCCACUCAGUAUUUGACCAACAGAGCAGAACACGACAGXXXXXXXXXXXXXXXXXX,0.5734526472781507,1,"-0.73
UCGUGUUCUGCUCUGUUGG,AUAGCCACUCAGUAUUUGACCAACAGAGCAGAACACGAXXXXXXXXXXXXXXXXXXX,0.6621923937360179,1,"1.36
GUUGGUCAAAUACUGAGUG,CUCUGGUUGGAAGCAUAGCCACUCAGUAUUUGACCAACAGAGCAGAACACGAXXXXX,0.6495152870991797,1,"-0.13
UGGUCAAAUACUGAGUGGC,UCCUCUGGUUGGAAGCAUAGCCACUCAGUAUUUGACCAACAGAGCAGAACACGAXXX,0.6778523489932886,1,"1.76
UCAAAUACUGAGUGGCUAU,GGAUCCUCUGGUUGGAAGCAUAGCCACUCAGUAUUUGAXXXXXXXXXXXXXXXXXXX,0.6614466815809098,1,"-0.8
GCUUCCAACCAGAGGAUCC,UGACAGACUGCAACCCUGCGGAUCCUCUGGUUGGAAGCAUAGCCXXXXXXXXXXXXX,0.4459358687546607,0,"-0.16
UCCAACCAGAGGAUCCGCA,UUUUGACAGACUGCAACCCUGCGGAUCCUCUGGUUGGAXXXXXXXXXXXXXXXXXXX,0.5652498135719612,1,"-0.24
CAGAGGAUCCGCAGGGUUG,GUUCCCUUUUGACAGACUGCAACCCUGCGGAUCCUCUGGUUGGAXXXXXXXXXXXXX,0.4198359433258761,0,"0.0
GGAUCCGCAGGGUUGCAGU,AUUUGUUCCCUUUUGACAGACUGCAACCCUGCGGAUCCXXXXXXXXXXXXXXXXXXX,0.5302013422818792,1,"-1.47
GGGUUGCAGUCUGUCAAAA,UUGCUGUCUAUUUGUUCCCUUUUGACAGACUGCAACCCUXXXXXXXXXXXXXXXXXX,0.3750932140193885,0,"-2.33
CUGUCAAAAGGGAACAAAU,UUCAAAGGUUUUGCUGUCUAUUUGUUCCCUUUUGACAGACXXXXXXXXXXXXXXXXX,0.3564504101416853,0,"-1.43
UGUCAAAAGGGAACAAAUA,UUUCAAAGGUUUUGCUGUCUAUUUGUUCCCUUUUGACAGACXXXXXXXXXXXXXXXX,0.337061894108874,0,"-0.33
AAAAGGGAACAAAUAGACA,ACUAUUUCAAAGGUUUUGCUGUCUAUUUGUUCCCUUUUXXXXXXXXXXXXXXXXXXX,0.6413124533929903,1,"0.73
AGGGAACAAAUAGACAGCA,UUGACUAUUUCAAAGGUUUUGCUGUCUAUUUGUUCCCUUUUXXXXXXXXXXXXXXXX,0.5473527218493661,1,"0.03
ACAAAUAGACAGCAAAACC,CCGCUUUGACUAUUUCAAAGGUUUUGCUGUCUAUUUGUUCCCUUUUXXXXXXXXXXX,0.7069351230425056,1,"1.47
AUAGACAGCAAAACCUUUG,AGUCCCGCUUUGACUAUUUCAAAGGUUUUGCUGUCUAUXXXXXXXXXXXXXXXXXXX,0.6890380313199106,1,"1.46
GCAAAACCUUUGAAAUAGU,CAACUGGAGUCCCGCUUUGACUAUUUCAAAGGUUUUGCUGUXXXXXXXXXXXXXXXX,0.255779269202088,0,"-1.63
AAAUAGUCAAAGCGGGACU,CAUCCUUAAAGACAACUGGAGUCCCGCUUUGACUAUUUCAAXXXXXXXXXXXXXXXX,0.4228187919463086,0,"0.7
AUAGUCAAAGCGGGACUCC,GACAUCCUUAAAGACAACUGGAGUCCCGCUUUGACUAUUUCAAXXXXXXXXXXXXXX,0.5160328113348247,0,"2.16
AGUCAAAGCGGGACUCCAG,UGGACAUCCUUAAAGACAACUGGAGUCCCGCUUUGACUAUUUCAAXXXXXXXXXXXX,0.5369127516778524,1,"0.9
GGGACUCCAGUUGUCUUUA,UCAUCUGUCUGGACAUCCUUAAAGACAACUGGAGUCCCGCUUUGACUAUUUCAAXXX,0.3266219239373601,0,"-1.93
ACUCCAGUUGUCUUUAAGG,GAGUCAUCUGUCUGGACAUCCUUAAAGACAACUGGAGUCCXXXXXXXXXXXXXXXXX,0.4392244593586875,0,"1.47
GGAUGUCCAGACAGAUGAC,CAACAUCAACAGUCAGGGAGUCAUCUGUCUGGACAUCCUUXXXXXXXXXXXXXXXXX,0.3266219239373601,0,"-0.57
UGUCCAGACAGAUGACUCC,CUGCAACAUCAACAGUCAGGGAGUCAUCUGUCUGGACAUCXXXXXXXXXXXXXXXXX,0.5637583892617449,1,"1.6
CAGACAGAUGACUCCCUGA,AUCACUGCAACAUCAACAGUCAGGGAGUCAUCUGUCUGXXXXXXXXXXXXXXXXXXX,0.3653989560029828,0,"-0.66
AGACAGAUGACUCCCUGAC,UAUCACUGCAACAUCAACAGUCAGGGAGUCAUCUGUCUGXXXXXXXXXXXXXXXXXX,0.6219239373601789,1,"1.06
AGAUGACUCCCUGACUGUU,AAUCUAUCACUGCAACAUCAACAGUCAGGGAGUCAUCUGUCUGXXXXXXXXXXXXXX,0.436241610738255,0,"-0.7
AUGACUCCCUGACUGUUGA,AGAAUCUAUCACUGCAACAUCAACAGUCAGGGAGUCAUCUGUCUGXXXXXXXXXXXX,0.5570469798657718,1,"0.8
UGACUCCCUGACUGUUGAU,CAGAAUCUAUCACUGCAACAUCAACAGUCAGGGAGUCAUCUGUCUGXXXXXXXXXXX,0.5257270693512304,1,"-0.56
ACUCCCUGACUGUUGAUGU,ACCAGAAUCUAUCACUGCAACAUCAACAGUCAGGGAGUCAUCUGUCUGXXXXXXXXX,0.5212527964205816,0,"0.0
CCCUGACUGUUGAUGUUGC,CGCACCAGAAUCUAUCACUGCAACAUCAACAGUCAGGGXXXXXXXXXXXXXXXXXXX,0.4929157345264728,0,"0.16
CUGUUGAUGUUGCAGUGAU,ACUUUCCGCACCAGAAUCUAUCACUGCAACAUCAACAGUCAXXXXXXXXXXXXXXXX,0.5197613721103653,0,"-1.43
AGUGAUAGAUUCUGGUGCG,GCCACCAAAGGUUACUUUCCGCACCAGAAUCUAUCACUGCXXXXXXXXXXXXXXXXX,0.5473527218493661,1,"0.73
GAUAGAUUCUGGUGCGGAA,UAAGCCACCAAAGGUUACUUUCCGCACCAGAAUCUAUCACUGCXXXXXXXXXXXXXX,0.3169276659209545,0,"-1.87
GAUUCUGGUGCGGAAAGUA,CAUUUAAGCCACCAAAGGUUACUUUCCGCACCAGAAUCUXXXXXXXXXXXXXXXXXX,0.3668903803131991,0,"-1.47
UCUGGUGCGGAAAGUAACC,AUCCAUUUAAGCCACCAAAGGUUACUUUCCGCACCAGAAUCUXXXXXXXXXXXXXXX,0.6815809097688292,1,"1.36
GGUGCGGAAAGUAACCUUU,AUUAUCCAUUUAAGCCACCAAAGGUUACUUUCCGCACCAXXXXXXXXXXXXXXXXXX,0.378076062639821,0,"-2.33
CGGAAAGUAACCUUUGGUG,UCAGAUUAUCCAUUUAAGCCACCAAAGGUUACUUUCCGXXXXXXXXXXXXXXXXXXX,0.4384787472035794,0,"0.2
AACCUUUGGUGGCUUAAAU,CAUUUUCAUCAGAUUAUCCAUUUAAGCCACCAAAGGUUACUUUCCGXXXXXXXXXXX,0.4787472035794183,0,"0.17
UGGUGGCUUAAAUGGAUAA,AUAUCACAUUUUCAUCAGAUUAUCCAUUUAAGCCACCAAAGGUUACUUUCCGXXXXX,0.2140193885160328,0,"-0.73
GCUUAAAUGGAUAAUCUGA,UCUGGAUAUCACAUUUUCAUCAGAUUAUCCAUUUAAGCXXXXXXXXXXXXXXXXXXX,0.284862043251305,0,"-1.52
CUGAUGAAAAUGUGAUAUC,AGGUGGUGUGUUUUUUCUGGAUAUCACAUUUUCAUCAGAUUAUCCAUUUAAGCXXXX,0.4295302013422818,0,"0.27
UGAAAAUGUGAUAUCCAGA,AUGAAGGUGGUGUGUUUUUUCUGGAUAUCACAUUUUCAUCAGAUUAUCCAUUUAAGC,0.5130499627143922,0,"0.24
AAAACACACCACCUUCAUA,UGGUCCACCGGGUUCUGUAUAUGAAGGUGGUGUGUUUUUUCUGGAUAUCACAXXXXX,0.3736017897091722,0,"0.4
ACACCACCUUCAUAUACAG,AUACUUGGUCCACCGGGUUCUGUAUAUGAAGGUGGUGUGUUXXXXXXXXXXXXXXXX,0.2744220730797912,0,"0.74
CAGAACCCGGUGGACCAAG,UGAAUGGAGAUCAACUAUACUUGGUCCACCGGGUUCUGXXXXXXXXXXXXXXXXXXX,0.5100671140939598,0,"-0.03
UGGACCAAGUAUAGUUGAU,AUAACAUUUAUGAAUGGAGAUCAACUAUACUUGGUCCACCGGGUUCUGXXXXXXXXX,0.4436987322893363,0,"-0.56
GACCAAGUAUAGUUGAUCU,AGAUAACAUUUAUGAAUGGAGAUCAACUAUACUUGGUCCACCGGGUUCUGXXXXXXX,0.3937360178970917,0,"-1.17
UAUAGUUGAUCUCCAUUCA,CUAAAGGAGAUAACAUUUAUGAAUGGAGAUCAACUAUACUUXXXXXXXXXXXXXXXX,0.6748695003728561,1,"0.33
AUUCAUAAAUGUUAUCUCC,UUGCAGUGCUGGGCCUAAAGGAGAUAACAUUUAUGAAUGGAXXXXXXXXXXXXXXXX,0.5652498135719612,1,"2.16
UCAUAAAUGUUAUCUCCUU,AAUUGCAGUGCUGGGCCUAAAGGAGAUAACAUUUAUGAAUGGAXXXXXXXXXXXXXX,0.3877703206562267,0,"-0.97
UAUCUCCUUUAGGCCCAGC,UCCUCCUCCUAAUUGCAGUGCUGGGCCUAAAGGAGAUAAXXXXXXXXXXXXXXXXXX,0.5011185682326622,0,"2.09
UCCUUUAGGCCCAGCACUG,UUGAUCCUCCUCCUAAUUGCAGUGCUGGGCCUAAAGGAGAUAAXXXXXXXXXXXXXX,0.5458612975391499,1,"0.66
AGGCCCAGCACUGCAAUUA,UAACCCUUGAUCCUCCUCCUAAUUGCAGUGCUGGGCCUAAAGXXXXXXXXXXXXXXX,0.3527218493661446,0,"-0.3
CCAGCACUGCAAUUAGGAG,GAAAUAACCCUUGAUCCUCCUCCUAAUUGCAGUGCUGGGCCUAAAGXXXXXXXXXXX,0.3810589112602535,0,"-0.73
GCACUGCAAUUAGGAGGAG,GCUGAAAUAACCCUUGAUCCUCCUCCUAAUUGCAGUGCUGGGCCUAAAGXXXXXXXX,0.255779269202088,0,"-0.89
CACUGCAAUUAGGAGGAGG,AGCUGAAAUAACCCUUGAUCCUCCUCCUAAUUGCAGUGXXXXXXXXXXXXXXXXXXX,0.4668158090976883,0,"0.7
AUUAGGAGGAGGAUCAAGG,AGGAGCUAGCUGAAAUAACCCUUGAUCCUCCUCCUAAUUXXXXXXXXXXXXXXXXXX,0.6085011185682326,1,"2.16
AUCAAGGGUUAUUUCAGCU,AAAGAAUUCAGAAGGAGCUAGCUGAAAUAACCCUUGAUCCUCXXXXXXXXXXXXXXX,0.6114839671886652,1,"0.53
GGUUAUUUCAGCUAGCUCC,GUGCUAAAAGAAUUCAGAAGGAGCUAGCUGAAAUAACCXXXXXXXXXXXXXXXXXXX,0.6002982848620433,1,"0.0
UAUUUCAGCUAGCUCCUUC,CUAGUGCUAAAAGAAUUCAGAAGGAGCUAGCUGAAAUAACCXXXXXXXXXXXXXXXX,0.6599552572706935,1,"1.47
UUCAGCUAGCUCCUUCUGA,CCACUAGUGCUAAAAGAAUUCAGAAGGAGCUAGCUGAAAUAACCXXXXXXXXXXXXX,0.6517524235645041,1,"0.97
CAGCUAGCUCCUUCUGAAU,AUCCACUAGUGCUAAAAGAAUUCAGAAGGAGCUAGCUGAAAUAACCXXXXXXXXXXX,0.3154362416107382,0,"-1.46
AGCUAGCUCCUUCUGAAUU,UAUCCACUAGUGCUAAAAGAAUUCAGAAGGAGCUAGCUGAAAUAACCXXXXXXXXXX,0.5309470544369873,1,"-0.7
UUCUGAAUUCUUUUAGCAC,ACUGCUAAGUUAUCCACUAGUGCUAAAAGAAUUCAGAAGGXXXXXXXXXXXXXXXXX,0.6077554064131245,1,"1.76
ACUAGUGGAUAACUUAGCA,AACUCUCUAGCAAAACCACUGCUAAGUUAUCCACUAGUXXXXXXXXXXXXXXXXXXX,0.6174496644295302,1,"-0.13
GCAGUGGUUUUGCUAGAGA,CAGAAGAAAAACACCAAACUCUCUAGCAAAACCACUGCUAAGUUAUCCXXXXXXXXX,0.26771066368381796,0,"-1.52
GUGGUUUUGCUAGAGAGUU,CAGCAGAAGAAAAACACCAAACUCUCUAGCAAAACCACUGCUAAGUUAUCCXXXXXX,0.3907531692766592,0,"-1.76
GUUUUGCUAGAGAGUUUGG,ACCCAGCAGAAGAAAAACACCAAACUCUCUAGCAAAACCACUGCUAAGUUAUCCXXX,0.5205070842654735,0,"0.57
UUUGCUAGAGAGUUUGGUG,CCACCCAGCAGAAGAAAAACACCAAACUCUCUAGCAAAACCACUGCUAAGUUAUCCX,0.6278896346010439,1,"1.63
UUGCUAGAGAGUUUGGUGU,GCCACCCAGCAGAAGAAAAACACCAAACUCUCUAGCAAAACCACUGCUAAGUUAUCC,0.6718866517524236,1,"0.86
CUGGGUGGCAGAAGGUUUU,CUGAAGAACAAGAGGAAAGAAAACCUUCUGCCACCCAGCXXXXXXXXXXXXXXXXXX,0.2393736017897091,0,"-1.6
UCUUUCCUCUUGUUCUUCA,ACCCAGCCGCUCCAGAGCCUGAAGAACAAGAGGAAAGAAAACCUUCUGCCACCXXXX,0.6659209545115585,1,"-0.24
UCCUCUUGUUCUUCAGGCU,CGAGACCCAGCCGCUCCAGAGCCUGAAGAACAAGAGGAAAGAAAACCUUCUGCCACC,0.6636838180462342,1,"-0.27
UGGAGCGGCUGGGUCUCGC,GCAGUUCAGAUGCGGACCAGCGAGACCCAGCCGCUCCAGAGCCUGAAGAACAXXXXX,0.5160328113348247,0,"1.76
CGGCUGGGUCUCGCUGGUC,CAGUGGCAGUUCAGAUGCGGACCAGCGAGACCCAGCCGXXXXXXXXXXXXXXXXXXX,0.4079045488441462,0,"0.44
CGCAUCUGAACUGCCACUG,XXXXXXXXXXXXXXXXCAGCAGUGGCAGUUCAGAUGCGGACCAGCGAGACCCAGCCG,0.395227442207308,0,"0.2
GUCCUUCGGGCGGCUGAGG,UAAAGAAAAUAUGAAACUCCCUCAGCCGCCCGAAGGACAGXXXXXXXXXXXXXXXXX,0.4116331096196868,0,"0.57
CCUUCGGGCGGCUGAGGGA,UCUAAAGAAAAUAUGAAACUCCCUCAGCCGCCCGAAGGACAGXXXXXXXXXXXXXXX,0.3475018642803878,0,"-1.36
UUUCAUAUUUUCUUUAGAC,AGCUUCGGCGCCUAAUGAUGUCUAAAGAAAAUAUGAAACUCCXXXXXXXXXXXXXXX,0.5615212527964206,1,"1.76
UUCUUUAGACAUCAUUAGG,UCCUGCAAGAGCUUCGGCGCCUAAUGAUGUCUAAAGAAAAUAXXXXXXXXXXXXXXX,0.7091722595078299,1,"2.33
UCUUUAGACAUCAUUAGGC,GUCCUGCAAGAGCUUCGGCGCCUAAUGAUGUCUAAAGAAAAUAXXXXXXXXXXXXXX,0.7046979865771812,1,"1.52
AGACAUCAUUAGGCGCCGA,AAGUUGUCCUGCAAGAGCUUCGGCGCCUAAUGAUGUCUAAAXXXXXXXXXXXXXXXX,0.5876211782252051,1,"0.27
UUAGGCGCCGAAGCUCUUG,UAGCAUCAAAGUUGUCCUGCAAGAGCUUCGGCGCCUAAUGAUGXXXXXXXXXXXXXX,0.6271439224459359,1,"1.63
UAGGCGCCGAAGCUCUUGC,AUAGCAUCAAAGUUGUCCUGCAAGAGCUUCGGCGCCUAAUGAUGXXXXXXXXXXXXX,0.6159582401193139,1,"2.09
CGAAGCUCUUGCAGGACAA,AAUUCAUAUAGCAUCAAAGUUGUCCUGCAAGAGCUUCGXXXXXXXXXXXXXXXXXXX,0.3870246085011186,0,"-1.43
CUCUUGCAGGACAACUUUG,GGCAGAAUUCAUAUAGCAUCAAAGUUGUCCUGCAAGAGCXXXXXXXXXXXXXXXXXX,0.5331841909023117,1,"0.03
UCUUGCAGGACAACUUUGA,UGGCAGAAUUCAUAUAGCAUCAAAGUUGUCCUGCAAGAXXXXXXXXXXXXXXXXXXX,0.6696495152870992,1,"0.0
GGACAACUUUGAUGCUAUA,AGCAAAAUGGCAGAAUUCAUAUAGCAUCAAAGUUGUCCUGCAAGAXXXXXXXXXXXX,0.3504847129008203,0,"-1.93
ACAACUUUGAUGCUAUAUG,CUAGCAAAAUGGCAGAAUUCAUAUAGCAUCAAAGUUGUCXXXXXXXXXXXXXXXXXX,0.5794183445190156,1,"0.77
CAACUUUGAUGCUAUAUGA,GCUAGCAAAAUGGCAGAAUUCAUAUAGCAUCAAAGUUGUCXXXXXXXXXXXXXXXXX,0.3653989560029828,0,"-0.66
CUUUGAUGCUAUAUGAAUU,AGUGCUAGCAAAAUGGCAGAAUUCAUAUAGCAUCAAAGUUXXXXXXXXXXXXXXXXX,0.5219985085756897,1,"-1.6
UGAUGCUAUAUGAAUUCUG,AUCAGUGCUAGCAAAAUGGCAGAAUUCAUAUAGCAUCAAAXXXXXXXXXXXXXXXXX,0.6711409395973155,1,"0.9
GAUGCUAUAUGAAUUCUGC,UAUCAGUGCUAGCAAAAUGGCAGAAUUCAUAUAGCAUCAAAXXXXXXXXXXXXXXXX,0.6114839671886652,1,"0.62
UGCUAUAUGAAUUCUGCCA,CAUAUCAGUGCUAGCAAAAUGGCAGAAUUCAUAUAGCAUCAAAXXXXXXXXXXXXXX,0.6689038031319909,1,"0.0
GAAUUCUGCCAUUUUGCUA,CCAAGAGCCAUAUCAGUGCUAGCAAAAUGGCAGAAUUCAUXXXXXXXXXXXXXXXXX,0.4697986577181208,0,"-1.47
UUCUGCCAUUUUGCUAGCA,GACCCAAGAGCCAUAUCAGUGCUAGCAAAAUGGCAGAAUUCAUXXXXXXXXXXXXXX,0.5324384787472035,1,"0.73
UGCCAUUUUGCUAGCACUG,GUGGACCCAAGAGCCAUAUCAGUGCUAGCAAAAUGGCAGAAUUCAUXXXXXXXXXXX,0.6524981357196122,1,"0.9
UUGCUAGCACUGAUAUGGC,UGGAGUGGUGGACCCAAGAGCCAUAUCAGUGCUAGCAAAAUGGCXXXXXXXXXXXXX,0.6868008948545862,1,"2.49
GCUAGCACUGAUAUGGCUC,AAUGGAGUGGUGGACCCAAGAGCCAUAUCAGUGCUAGCXXXXXXXXXXXXXXXXXXX,0.6778523489932886,1,"-0.62
CUAGCACUGAUAUGGCUCU,UAAUGGAGUGGUGGACCCAAGAGCCAUAUCAGUGCUAGCXXXXXXXXXXXXXXXXXX,0.6733780760626399,1,"-0.9
UAGCACUGAUAUGGCUCUU,CUAAUGGAGUGGUGGACCCAAGAGCCAUAUCAGUGCUAGCXXXXXXXXXXXXXXXXX,0.6293810589112603,1,"-0.4
UAUGGCUCUUGGGUCCACC,UAAAUAGUUCUAAUGGAGUGGUGGACCCAAGAGCCAUAUCAGUXXXXXXXXXXXXXX,0.6271439224459359,1,"1.93
UUGGGUCCACCACUCCAUU,GAAUGGAGUAAAUAGUUCUAAUGGAGUGGUGGACCCAAGAGCCAUAUCAGUXXXXXX,0.622669649515287,1,"0.0
CCACCACUCCAUUAGAACU,UAAUAUGAAUGGAGUAAAUAGUUCUAAUGGAGUGGUGGACCCAAGAGCCAUAUCAGU,0.4235645041014168,0,"-1.63
GUUACAAAUCUUACAAAGG,AAAUACCCAGAAGCACCCCCCUUUGUAAGAUUUGUAACAAAAAUUAAUAUGAAUGGA,0.4757643549589858,0,"0.57
GGUCCACAUUCUAUUUUAA,GAAAACCGAAUAUACAGCCUUAAAAUAGAAUGUGGACCUAAXXXXXXXXXXXXXXXX,0.2893363161819537,0,"-2.33
UAUUUUAAGGCUGUAUAUU,GAACAAUUUAUGAAAACCGAAUAUACAGCCUUAAAAUAGAAUGUGGACCUAAXXXXX,0.6181953765846383,1,"-0.4
UUUUAAGGCUGUAUAUUCG,AAGAACAAUUUAUGAAAACCGAAUAUACAGCCUUAAAAUAGAAUGUGGACCUAAXXX,0.6666666666666667,1,"1.43
UAAGGCUGUAUAUUCGGUU,UCCAAGAACAAUUUAUGAAAACCGAAUAUACAGCCUUAAAAUAGAAUGUGGACCUAA,0.7166293810589113,1,"-0.4
CAUAAAUUGUUCUUGGAGG,GACAGGGAUGAUAAUUGGGCCUCCAAGAACAAUUUAUGAAAACXXXXXXXXXXXXXX,0.4705443698732289,0,"0.7
AUAAAUUGUUCUUGGAGGC,GGACAGGGAUGAUAAUUGGGCCUCCAAGAACAAUUUAUGAAAACXXXXXXXXXXXXX,0.5704697986577182,1,"2.32
AAUUGUUCUUGGAGGCCCA,GAUGGACAGGGAUGAUAAUUGGGCCUCCAAGAACAAUUUAUGAAAACXXXXXXXXXX,0.4258016405667412,0,"0.73
GGAGGCCCAAUUAUCAUCC,ACACUUACAAGAUGGACAGGGAUGAUAAUUGGGCCUCCAAGAAXXXXXXXXXXXXXX,0.5257270693512304,1,"0.0
UUAUCAUCCCUGUCCAUCU,CGAAGACAUGACACUUACAAGAUGGACAGGGAUGAUAAUUGGGCCUCCAAGAAXXXX,0.6711409395973155,1,"0.7
CAUCCCUGUCCAUCUUGUA,AUGACGAAGACAUGACACUUACAAGAUGGACAGGGAUGAUAAUUGGGCCUCCAAGAA,0.3929903057419836,0,"-1.23
UCAUGUCUUCGUCAUCUUC,CACAGUUAGCUGGGGUCUAGAAGAUGACGAAGACAUGACACUUAXXXXXXXXXXXXX,0.7084265473527218,1,"0.9
UGUCUUCGUCAUCUUCUAG,UGGCACAGUUAGCUGGGGUCUAGAAGAUGACGAAGACAUGACACUUAXXXXXXXXXX,0.6621923937360179,1,"0.87
GUCUUCGUCAUCUUCUAGA,AUGGCACAGUUAGCUGGGGUCUAGAAGAUGACGAAGACAUGACACUUAXXXXXXXXX,0.4325130499627144,0,"-0.79
UCUUCGUCAUCUUCUAGAC,GAUGGCACAGUUAGCUGGGGUCUAGAAGAUGACGAAGACAUGACACUUAXXXXXXXX,0.6860551826994781,1,"0.79
UUCGUCAUCUUCUAGACCC,GAGAUGGCACAGUUAGCUGGGGUCUAGAAGAUGACGAAGACAUGACACUUAXXXXXX,0.7181208053691275,1,"2.33
CGUCAUCUUCUAGACCCCA,AGGAGAUGGCACAGUUAGCUGGGGUCUAGAAGAUGACGXXXXXXXXXXXXXXXXXXX,0.2893363161819537,0,"-0.7
CAUCUUCUAGACCCCAGCU,AGUAGGAGAUGGCACAGUUAGCUGGGGUCUAGAAGAUGAXXXXXXXXXXXXXXXXXX,0.5443698732289336,1,"-0.93
AUCUUCUAGACCCCAGCUA,GAGUAGGAGAUGGCACAGUUAGCUGGGGUCUAGAAGAUGAXXXXXXXXXXXXXXXXX,0.6174496644295302,1,"0.23
GCUAACUGUGCCAUCUCCU,AAGAAGGCCAGAAAGGAGUAGGAGAUGGCACAGUUAGCUXXXXXXXXXXXXXXXXXX,0.4541387024608501,0,"-1.79
UAACUGUGCCAUCUCCUAC,CGAAGAAGGCCAGAAAGGAGUAGGAGAUGGCACAGUUAGCUXXXXXXXXXXXXXXXX,0.6621923937360179,1,"1.36
UGUGCCAUCUCCUACUCCU,AACUCGAAGAAGGCCAGAAAGGAGUAGGAGAUGGCACAGUUAGCUXXXXXXXXXXXX,0.6882923191648024,1,"-0.03
CCAUCUCCUACUCCUUUCU,GAAGAACUCGAAGAAGGCCAGAAAGGAGUAGGAGAUGGXXXXXXXXXXXXXXXXXXX,0.4369873228933631,0,"-1.63
UACUCCUUUCUGGCCUUCU,GACUGUUGGAAGAACUCGAAGAAGGCCAGAAAGGAGUAGGAGAUXXXXXXXXXXXXX,0.6420581655480985,1,"0.3
GGCCUUCUUCGAGUUCUUC,UCGCAAUUUCCGACUGUUGGAAGAACUCGAAGAAGGCCXXXXXXXXXXXXXXXXXXX,0.401193139448173,0,"-0.46
CCUUCUUCGAGUUCUUCCA,CCUCGCAAUUUCCGACUGUUGGAAGAACUCGAAGAAGGCCXXXXXXXXXXXXXXXXX,0.4466815809097688,0,"-1.6
GUUCUUCCAACAGUCGGAA,AGUAAAAGUCCCUCGCAAUUUCCGACUGUUGGAAGAACXXXXXXXXXXXXXXXXXXX,0.3900074571215511,0,"-1.76
UUCCAACAGUCGGAAAUUG,AAGGAGUAAAAGUCCCUCGCAAUUUCCGACUGUUGGAAGAXXXXXXXXXXXXXXXXX,0.7106636838180462,1,"1.63
CAACAGUCGGAAAUUGCGA,GCAAAGGAGUAAAAGUCCCUCGCAAUUUCCGACUGUUGGAXXXXXXXXXXXXXXXXX,0.6383296047725577,1,"-0.66
CAGUCGGAAAUUGCGAGGG,ACUGCAAAGGAGUAAAAGUCCCUCGCAAUUUCCGACUGUUGGAXXXXXXXXXXXXXX,0.6301267710663684,1,"0.7
UCGGAAAUUGCGAGGGACU,UUCACUGCAAAGGAGUAAAAGUCCCUCGCAAUUUCCGAXXXXXXXXXXXXXXXXXXX,0.7158836689038031,1,"-0.27
AUUGCGAGGGACUUUUACU,GAAAAUUUCACUGCAAAGGAGUAAAAGUCCCUCGCAAUXXXXXXXXXXXXXXXXXXX,0.6785980611483967,1,"0.53
UGCGAGGGACUUUUACUCC,UAGAAAAUUUCACUGCAAAGGAGUAAAAGUCCCUCGCAAUXXXXXXXXXXXXXXXXX,0.6614466815809098,1,"1.6
GAGGGACUUUUACUCCUUU,ACCUAGAAAAUUUCACUGCAAAGGAGUAAAAGUCCCUCXXXXXXXXXXXXXXXXXXX,0.4891871737509322,0,"-1.87
UUUACUCCUUUGCAGUGAA,AGACUUGAACCUAGAAAAUUUCACUGCAAAGGAGUAAAXXXXXXXXXXXXXXXXXXX,0.6070096942580163,1,"0.0
UACUCCUUUGCAGUGAAAU,GAAGACUUGAACCUAGAAAAUUUCACUGCAAAGGAGUAAAXXXXXXXXXXXXXXXXX,0.7084265473527218,1,"-0.23
CUCCUUUGCAGUGAAAUUU,AGGAAGACUUGAACCUAGAAAAUUUCACUGCAAAGGAGXXXXXXXXXXXXXXXXXXX,0.3415361670395228,0,"-1.6
CCUUUGCAGUGAAAUUUUC,GAAGGAAGACUUGAACCUAGAAAAUUUCACUGCAAAGGAGXXXXXXXXXXXXXXXXX,0.6241610738255033,1,"-0.46
UUGCAGUGAAAUUUUCUAG,GAUGAAGGAAGACUUGAACCUAGAAAAUUUCACUGCAAAGGAGXXXXXXXXXXXXXX,0.7158836689038031,1,"1.6
GCAGUGAAAUUUUCUAGGU,GUGAUGAAGGAAGACUUGAACCUAGAAAAUUUCACUGCAAAGGAGXXXXXXXXXXXX,0.2721849366144668,0,"-1.63
CAGUGAAAUUUUCUAGGUU,AGUGAUGAAGGAAGACUUGAACCUAGAAAAUUUCACUGCAAAGGAGXXXXXXXXXXX,0.3683818046234153,0,"-1.63
GUGAAAUUUUCUAGGUUCA,UGAGUGAUGAAGGAAGACUUGAACCUAGAAAAUUUCACXXXXXXXXXXXXXXXXXXX,0.3206562266964951,0,"-1.03
GAAAUUUUCUAGGUUCAAG,ACUGAGUGAUGAAGGAAGACUUGAACCUAGAAAAUUUCACXXXXXXXXXXXXXXXXX,0.3989560029828486,0,"-0.27
AUUUUCUAGGUUCAAGUCU,XXXACUGAGUGAUGAAGGAAGACUUGAACCUAGAAAAUUUCACXXXXXXXXXXXXXX,0.5324384787472035,1,"0.53
UCUAGGUUCAAGUCUUCCU,XXXXXXXACUGAGUGAUGAAGGAAGACUUGAACCUAGAAAAUUUCACXXXXXXXXXX,0.5816554809843401,1,"-0.27
AGUCUUCCUUCAUCACUCA,XXXXXXXXXXXXXXXXXACUGAGUGAUGAAGGAAGACUUGAACCUAGAAAAUUUCAC,0.4645786726323639,0,"0.03
GCUUGGUUCGUUUCCAAGG,CCACCUGCCCAUUGUGUUCCCUUGGAAACGAACCAAGCCAXXXXXXXXXXXXXXXXX,0.6398210290827739,1,"-0.16
CAAGGGAACACAAUGGGCA,CACCAGAGCCUGCCCCACCUGCCCAUUGUGUUCCCUUGXXXXXXXXXXXXXXXXXXX,0.7114093959731543,1,"-0.9
GGUGGGGCAGGCUCUGGUG,UCACCAGAGUGGAAACUCACACCAGAGCCUGCCCCACCUXXXXXXXXXXXXXXXXXX,0.674123788217748,1,"-0.7
GUGGGGCAGGCUCUGGUGU,GUCACCAGAGUGGAAACUCACACCAGAGCCUGCCCCACCUXXXXXXXXXXXXXXXXX,0.5428784489187174,1,"-0.9
GUGUGAGUUUCCACUCUGG,CUACGGGAGUCAAAGGUCACCAGAGUGGAAACUCACACCAGAGCXXXXXXXXXXXXX,0.7106636838180462,1,"0.57
GUGAGUUUCCACUCUGGUG,GCCUACGGGAGUCAAAGGUCACCAGAGUGGAAACUCACXXXXXXXXXXXXXXXXXXX,0.6920208799403431,1,"-0.13
GUUUCCACUCUGGUGACCU,AAACGCCUACGGGAGUCAAAGGUCACCAGAGUGGAAACXXXXXXXXXXXXXXXXXXX,0.7032065622669649,1,"-1.06
CUCUGGUGACCUUUGACUC,UGGAUGCAAACGCCUACGGGAGUCAAAGGUCACCAGAGUGGAAACXXXXXXXXXXXX,0.6405667412378822,1,"0.27
ACCUUUGACUCCCGUAGGC,CACACCCGUGGAUGCAAACGCCUACGGGAGUCAAAGGUCACCAGAGUGGAAACXXXX,0.6823266219239374,1,"1.63
UUGACUCCCGUAGGCGUUU,UAUGCACACCCGUGGAUGCAAACGCCUACGGGAGUCAAAGGUCACCAGAGUGGAAAC,0.6979865771812082,1,"0.0
CACGGGUGUGCAUACCCUG,GGGCAGCGGGAGAGAGCAACAGGGUAUGCACACCCGUGGXXXXXXXXXXXXXXXXXX,0.5264727815063386,1,"0.0
GGUGUGCAUACCCUGUUGC,UCAGGGGCAGCGGGAGAGAGCAACAGGGUAUGCACACCCXXXXXXXXXXXXXXXXXX,0.540641312453393,1,"0.16
CAUACCCUGUUGCUCUCUC,AAXGGUUCAGGGGCAGCGGGAGAGAGCAACAGGGUAUGCACACCCXXXXXXXXXXXX,0.6375838926174496,1,"0.24
CCUGUUGCUCUCUCCCGCU,GCUGGAAXGGUUCAGGGGCAGCGGGAGAGAGCAACAGGGUAUGCACACCCXXXXXXX,0.3243847874720358,0,"-1.63
GUUGCUCUCUCCCGCUGCC,AGGGCUGGAAXGGUUCAGGGGCAGCGGGAGAGAGCAACAGGGUAUGCACACCCXXXX,0.4615958240119314,0,"0.57
CUCUCUCCCGCUGCCCCUG,GGAGAGGGCUGGAAXGGUUCAGGGGCAGCGGGAGAGAGCAACAGGGUAUGCACACCC,0.4936614466815809,0,"0.03
CACUCCGACCCCUGACAGG,CUACAGUUUCUUUCCCCUGCCUGUCAGGGGUCGGAGUGGAGAGGGCUGGAXXXXXXX,0.540641312453393,1,"0.7
ACCCCUGACAGGCAGGGGA,UGGCAGACUACAGUUUCUUUCCCCUGCCUGUCAGGGGUCXXXXXXXXXXXXXXXXXX,0.3146905294556301,0,"0.11
GGGAAAGAAACUGUAGUCU,ACAUGGUGUGGAAUCUGGCAGACUACAGUUUCUUUCCCCUGCCUGUCAGXXXXXXXX,0.4146159582401194,0,"-1.63
AAAGAAACUGUAGUCUGCC,GCCACAUGGUGUGGAAUCUGGCAGACUACAGUUUCUUUCXXXXXXXXXXXXXXXXXX,0.6413124533929903,1,"2.33
AACUGUAGUCUGCCAGAUU,UCUCUGCCACAUGGUGUGGAAUCUGGCAGACUACAGUUUCUUUCXXXXXXXXXXXXX,0.6092468307233407,1,"0.0
CAGAUUCCACACCAUGUGG,CGGUGGCUCUGUCUCUCUGCCACAUGGUGUGGAAUCUGGXXXXXXXXXXXXXXXXXX,0.2997762863534676,0,"0.7
CACACCAUGUGGCAGAGAG,AGGGUGCCGGUGGCUCUGUCUCUCUGCCACAUGGUGUGGAAUCUGGXXXXXXXXXXX,0.3482475764354959,0,"-0.03
AUGUGGCAGAGAGACAGAG,GCAGGCAGGGUGCCGGUGGCUCUGUCUCUCUGCCACAUGGUGUGGAAUCUGGXXXXX,0.4645786726323639,0,"1.43
GUGGCAGAGAGACAGAGCC,CAGCAGGCAGGGUGCCGGUGGCUCUGUCUCUCUGCCACAUGGUGUGGAAUCUGGXXX,0.3415361670395228,0,"0.57
UGGCAGAGAGACAGAGCCA,GCAGCAGGCAGGGUGCCGGUGGCUCUGUCUCUCUGCCACAUGGUGUGGAAUCUGGXX,0.5704697986577182,1,"0.0
GCAGAGAGACAGAGCCACC,AGGCAGCAGGCAGGGUGCCGGUGGCUCUGUCUCUCUGCCACAUGGUGUGGAAUCUGG,0.5331841909023117,1,"-0.16
CCUGCUGCCUGUCCCCUGG,GUCUGUGGCAGGAGAUAGCCCAGGGGACAGGCAGCAGGCAGGGUXXXXXXXXXXXXX,0.3400447427293065,0,"0.0
CCCUGGGCUAUCUCCUGCC,UUCUCUGAAGCUGGUCUGUGGCAGGAGAUAGCCCAGGGGACAGXXXXXXXXXXXXXX,0.5048471290082028,0,"0.0
CUGCCACAGACCAGCUUCA,AGAGGACUCCUUCCUUCUCUGAAGCUGGUCUGUGGCAGGXXXXXXXXXXXXXXXXXX,0.3310961968680089,0,"-0.87
CUUCAGAGAAGGAAGGAGU,CCAAUUCAUCUGACAGAGGACUCCUUCCUUCUCUGAAGCUGGUCUGUGGCAGGXXXX,0.378076062639821,0,"-0.74
AGAGAAGGAAGGAGUCCUC,UAGCCCAAUUCAUCUGACAGAGGACUCCUUCCUUCUCUGAAGCUGGUCUGUGGCAGG,0.6055182699478002,1,"1.17
GCUAGAGAUGGAAGUCUCA,CAUCCACCUUCCCUGCUUCUGAGACUUCCAUCUCUAGCCCAAUUCAUXXXXXXXXXX,0.2453392990305742,0,"-1.76
GAAGUCUCAGAAGCAGGGA,CUUCUGCCUUCAUCCACCUUCCCUGCUUCUGAGACUUCCAUCUXXXXXXXXXXXXXX,0.5063385533184191,0,"-0.9
AGGGAAGGUGGAUGAAGGC,UAGGCUUUGGAGCCCUUCUGCCUUCAUCCACCUUCCCUGCXXXXXXXXXXXXXXXXX,0.639075316927666,1,"1.79
GCAGAAGGGCUCCAAAGCC,UCUGAGCAAUAUCCCCAUAGGCUUUGGAGCCCUUCUGCCUUCAUCCACCXXXXXXXX,0.5495898583146905,1,"-0.16
GCUCCAAAGCCUAUGGGGA,ACUUAACUUCUGAGCAAUAUCCCCAUAGGCUUUGGAGCXXXXXXXXXXXXXXXXXXX,0.2669649515287099,0,"-1.52
UGGGGAUAUUGCUCAGAAG,GAAUGAGCUCCUUACUUAACUUCUGAGCAAUAUCCCCAUXXXXXXXXXXXXXXXXXX,0.6935123042505593,1,"0.87
UAUUGCUCAGAAGUUAAGU,UCUGAGGAAUGAGCUCCUUACUUAACUUCUGAGCAAUAUCCCCAUXXXXXXXXXXXX,0.6763609246830724,1,"0.46
GUUAAGUAAGGAGCUCAUU,GGAAUUCUUGCCUCUGAGGAAUGAGCUCCUUACUUAACUUCUGAXXXXXXXXXXXXX,0.5279642058165548,1,"-1.76
CUCAUUCCUCAGAGGCAAG,UACAGAACACCCAGGAAUUCUUGCCUCUGAGGAAUGAGCUCXXXXXXXXXXXXXXXX,0.4459358687546607,0,"0.0
AAGAAUUCCUGGGUGUUCU,AAUCCGCCCCACCCUUUACAGAACACCCAGGAAUUCUUGCCUCUGAGGXXXXXXXXX,0.6301267710663684,1,"0.7
UGGGUGUUCUGUAAAGGGU,AGGAGUCCCAAUCCGCCCCACCCUUUACAGAACACCCAGGAAUUCUXXXXXXXXXXX,0.645041014168531,1,"0.13
UAAAGGGUGGGGCGGAUUG,GGUGCCCACUUAGGAGUCCCAAUCCGCCCCACCCUUUACAGAACACCCAGGAAUUCU,0.5980611483967189,1,"1.23
CCUAAGUGGGCACCCUAAA,CUCCAGGCCUCCUUUUUCUUUUAGGGUGCCCACUUAGGAGUCCCAAUCCGCCCCACC,0.3639075316927666,0,"-2.33
AGACGCCUCAAGGGAGGCA,UGCAGUUGGAGAUUCAGAUUGCCUCCCUUGAGGCGUCUGCCCUCCAGGCCUCCUUUX,0.2542878448918718,0,"0.03
GACGCCUCAAGGGAGGCAA,UUGCAGUUGGAGAUUCAGAUUGCCUCCCUUGAGGCGUCUGCCCUCCAGGCCUCCUUU,0.2781506338553318,0,"-1.87
CUGAAUCUCCAACUGCAAA,CACCAGUUUAGAAGGUCCGUUUGCAGUUGGAGAUUCAGAUUGCCUCCCUUGAGGCGU,0.3624161073825503,0,"-1.6
CUUCUAAACUGGUGGAAUC,UGAGAAGAAACUUGCUCCAGAUUCCACCAGUUUAGAAGGUXXXXXXXXXXXXXXXXX,0.6263982102908278,1,"0.27
AAUCUGGAGCAAGUUUCUU,GUUCCUUGUGGACUCUGAGAAGAAACUUGCUCCAGAUUCCACCAXXXXXXXXXXXXX,0.5891126025354214,1,"0.0
UCUGGAGCAAGUUUCUUCU,AUGUUCCUUGUGGACUCUGAGAAGAAACUUGCUCCAGAUXXXXXXXXXXXXXXXXXX,0.6711409395973155,1,"-0.27
UUUCUUCUCAGAGUCCACA,CCUCUUCACUGAUGUUCCUUGUGGACUCUGAGAAGAAACUUGCUCXXXXXXXXXXXX,0.6375838926174496,1,"0.73
UCAGAGUCCACAAGGAACA,UUCGUACCCUCUUCACUGAUGUUCCUUGUGGACUCUGAGAAGAAACUUGCUCXXXXX,0.7032065622669649,1,"-0.24
GUCCACAAGGAACAUCAGU,GAAAGUUCGUACCCUCUUCACUGAUGUUCCUUGUGGACUCUGAGAAGAAACUUGCUC,0.4116331096196868,0,"-0.9
ACGAACUUUCUCAGCCCCG,CAGGAGUCCCCAGUGAUCCCGGGGCUGAGAAAGUUCGUACCCUCUUCACXXXXXXXX,0.7099179716629381,1,"0.57
GAACUUUCUCAGCCCCGGG,GGCAGGAGUCCCCAGUGAUCCCGGGGCUGAGAAAGUUCGUACCCUCUUCACXXXXXX,0.6368381804623415,1,"0.46
UCUCAGCCCCGGGAUCACU,ACCGAGGGCAGGAGUCCCCAGUGAUCCCGGGGCUGAGAAAGUUCGUACCCUCUUCAC,0.7076808351976137,1,"-0.27
GGUACAACUCUCCCUCAAG,CCCUCUUUCUGGAUUUAGGCUUGAGGGAGAGUUGUACCGAGGGCAGGXXXXXXXXXX,0.4727815063385533,0,"-0.73
CAACUCUCCCUCAAGCCUA,AGUCCCCUCUUUCUGGAUUUAGGCUUGAGGGAGAGUUGUACCGAGGGCAGGXXXXXX,0.5719612229679344,1,"-1.23
UCUCCCUCAAGCCUAAAUC,CCUUAGUCCCCUCUUUCUGGAUUUAGGCUUGAGGGAGAGXXXXXXXXXXXXXXXXXX,0.6771066368381805,1,"0.9
UCCCUCAAGCCUAAAUCCA,GCCCUUAGUCCCCUCUUUCUGGAUUUAGGCUUGAGGGAGAGXXXXXXXXXXXXXXXX,0.6070096942580163,1,"-0.24
CCAGAAAGAGGGGACUAAG,UCCCCGUCCCUGAGGAGCCCUUAGUCCCCUCUUUCUGGAUUUAXXXXXXXXXXXXXX,0.6524981357196122,1,"-0.73
CUAAGGGCUCCUCAGGGAC,UGCUCUCUGGAGUCUCCCCGUCCCUGAGGAGCCCUUAGUCCCCUCUUUCUGGAUUUA,0.6398210290827739,1,"0.16
GGGAGACUCCAGAGAGCAA,CUGUGACCUCCAUCUACUCUUGCUCUCUGGAGUCUCCCCXXXXXXXXXXXXXXXXXX,0.4354958985831468,0,"-2.33
ACUCCAGAGAGCAAGAGUA,CCCUCCUGUGACCUCCAUCUACUCUUGCUCUCUGGAGUCUCCCCXXXXXXXXXXXXX,0.4317673378076062,0,"-0.46
AGAGUAGAUGGAGGUCACA,UCAGCACCUUGUGCCCUCCUGUGACCUCCAUCUACUCUUGCUCUCUGGAGXXXXXXX,0.7218493661446681,1,"0.03
AUGGAGGUCACAGGAGGGC,GCCACCGUCAGCACCUUGUGCCCUCCUGUGACCUCCAUCUACUCUUGCUCUCUGGAG,0.6636838180462342,1,"2.32
AUGGGAGAGGAAGCACACA,UUUCAUUGUUCCUGUGAACUGUGUGCUUCCUCUCCCAUGCXXXXXXXXXXXXXXXXX,0.7770320656226697,1,"0.56
CACAGUUCACAGGAACAAU,GGUCGUUCGUGGUCGUUUCAUUGUUCCUGUGAACUGUGUXXXXXXXXXXXXXXXXXX,0.5734526472781507,1,"-1.46
CAGUUCACAGGAACAAUGA,XUGGUCGUUCGUGGUCGUUUCAUUGUUCCUGUGAACUGUGUXXXXXXXXXXXXXXXX,0.4973900074571216,0,"-0.66
UCACAGGAACAAUGAAACG,XXXXXUGGUCGUUCGUGGUCGUUUCAUUGUUCCUGUGAACUGUGUXXXXXXXXXXXX,0.4041759880686055,0,"0.46
UGAAACGACCACGAACGAC,XXXXXXXXXXXXXXXXXUGGUCGUUCGUGGUCGUUUCAUUGUUCCUGUGAACUGUGU,0.2930648769574944,0,"1.03
UUUGUUUUCAACAUGGUAA,GCAUUUGAGGUCAAAACCCUUACCAUGUUGAAAACAAAAUCXXXXXXXXXXXXXXXX,0.6808351976137211,1,"0.0
CAACAUGGUAAGGGUUUUG,CCUGAUAAGCAUUUGAGGUCAAAACCCUUACCAUGUUGAAAACAAAAUCXXXXXXXX,0.5242356450410142,1,"0.0
CAUGGUAAGGGUUUUGACC,AGACCUGAUAAGCAUUUGAGGUCAAAACCCUUACCAUGUUGAAAACAAAAUCXXXXX,0.6301267710663684,1,"0.7
AUGGUAAGGGUUUUGACCU,CAGACCUGAUAAGCAUUUGAGGUCAAAACCCUUACCAUGUUGAAAACAAAAUCXXXX,0.639075316927666,1,"0.53
CCUCAAAUGCUUAUCAGGU,XXXXXXXXXXXXGUGGCAGACCUGAUAAGCAUUUGAGGUCAAAACCCUUACCAUGUU,0.3489932885906041,0,"-1.47
CGCCUCUUCCUUGAAGUUU,AAAACCUGCAAUGGACCCAAAACUUCAAGGAAGAGGCGUCUUXXXXXXXXXXXXXXX,0.494407158836689,0,"-1.43
AUUGCAGGUUUUCCUUCUC,XXXXXXXXXXXUGUGUACUGAGAAGGAAAACCUGCAAUGGACCCAAAACUUCAAGGA,0.5898583146905295,1,"1.7
ACACAAAGGGUAUUGCAAG,GGGCGUAAAAUGAAAGAUCCUUGCAAUACCCUUUGUGUACUGAGAAGGAXXXXXXXX,0.5525727069351231,1,"0.74
CAAAGGGUAUUGCAAGGAU,CCUGGGCGUAAAAUGAAAGAUCCUUGCAAUACCCUUUGUGUACUGAGAAGGAXXXXX,0.494407158836689,0,"-1.46
CCUCAAAUAUAUGGGGAUA,GUUCGUCUGUACAAGUUGGUAUCCCCAUAUAUUUGAGGAGAUCCUGGGCXXXXXXXX,0.3624161073825503,0,"-1.93
UCAAAUAUAUGGGGAUACC,UUGUUCGUCUGUACAAGUUGGUAUCCCCAUAUAUUUGAGGAGAUCCUGGGCXXXXXX,0.5689783743475019,1,"1.36
CAACUUGUACAGACGAACA,XXXXXXXXXXXXGAGGUCUUGUUCGUCUGUACAAGUUGGUAUCCCCAUAUAUUUGAG,0.6323639075316928,1,"-0.9
AACUUGUACAGACGAACAA,XXXXXXXXXXXXXGAGGUCUUGUUCGUCUGUACAAGUUGGUAUCCCCAUAUAUUUGA,0.4138702460850112,0,"0.0
ACUUGUACAGACGAACAAG,XXXXXXXXXXXXXXGAGGUCUUGUUCGUCUGUACAAGUUGGUAUCCCCAUAUAUUUG,0.4049217002237136,0,"0.74
UACAGACGAACAAGACCUC,XXXXXXXXXXXXXXXXXXXGAGGUCUUGUUCGUCUGUACAAGUUGGUAUCCCCAUAU,0.5421327367636093,1,"1.47
GACCUCAUCUCCCAUACCG,UUUUAAAUGAAACGGAACCCGGUAUGGGAGAUGAGGUCUUGUUCGUCUGUXXXXXXX,0.6323639075316928,1,"-0.44
UCUCCCAUACCGGGUUCCG,AACUCAUUUUUAAAUGAAACGGAACCCGGUAUGGGAGAUGAGGUCUUGUUCGUCUGU,0.3713646532438479,0,"0.46
AAAAUGAGUUAGGCUGUCC,CUGCCUGAUGAGUUUGUUGGGACAGCCUAACUCAUUUUUAAAUGAAACGGAAXXXXX,0.4683072334079045,0,"2.33
CAAACUCAUCAGGCAGGUU,GUGCUACACUAUCUAUUAUAACCUGCCUGAUGAGUUUGUUGGGACAXXXXXXXXXXX,0.3877703206562267,0,"-1.63
GCAGGUUAUAAUAGAUAGU,XUUAAAUUUUAUGUGCUACACUAUCUAUUAUAACCUGCCUGAUGAGUUUGUUGGGAC,0.3146905294556301,0,"-1.63
AGUGUAGCACAUAAAAUUU,XXXXXXXXXXXXXXXXXUUAAAUUUUAUGUGCUACACUAUCUAUUAUAACCUGCCUG,0.3489932885906041,0,"-0.7
AUACAUCUCUCCUCCUUUG,UUUAAUUUCUGUGUGAGACCAAAGGAGGAGAGAUGUAUUUUGUGCAAAXXXXXXXXX,0.7397464578672632,1,"1.46
UCCUCCUUUGGUCUCACAC,UGGGGGGACUUUAAUUUCUGUGUGAGACCAAAGGAGGAGAGAUGUAUUUUGUGCAAA,0.7307979120059657,1,"0.79
AGAAACAAUACAAUCCUCC,XXXACCUGGGAGAAGGGUCGGAGGAUUGUAUUGUUUCUAUGGGGGGACUUUAAUUUC,0.7807606263982102,1,"1.63
AAACAAUACAAUCCUCCGA,XXXXXACCUGGGAGAAGGGUCGGAGGAUUGUAUUGUUUCUAUGGGGGGACUUUAAUU,0.4079045488441462,0,"0.97
UCCGACCCUUCUCCCAGGU,UACACGGCUAGGACUGAUGACCUGGGAGAAGGGUCGGAXXXXXXXXXXXXXXXXXXX,0.5786726323639075,1,"-0.11
CCCUUCUCCCAGGUCAUCA,GGCCUUACACGGCUAGGACUGAUGACCUGGGAGAAGGGUCGGAXXXXXXXXXXXXXX,0.2475764354958986,0,"-1.6
GUCCUAGCCGUGUAAGGCC,XXXXXUGGGACUGUGGAUGGGCCUUACACGGCUAGGACUGAUGACCUGGGAGAAGGG,0.4474272930648769,0,"0.57
AUUGCUGCAUGGAGUCCUC,AGCUGCGUUAAUUCUAGAAGAGGACUCCAUGCAGCAAUGGCAGAAGAAGGGCXXXXX,0.3340790454884415,0,"1.7
GGUGAGCUCCAACUCCAAG,GGUCCCUGUGACACUGAGACUUGGAGUUGGAGCUCACCGCCUCUGAAAGXXXXXXXX,0.4116331096196868,0,"-0.73
UCCAACUCCAAGUCUCAGU,AACUUUGGGUCCCUGUGACACUGAGACUUGGAGUUGGAGCUCACCGCCUCUGAAAGX,0.6614466815809098,1,"-0.11
AAGUCUCAGUGUCACAGGG,AGCUCCCUGAACUUUGGGUCCCUGUGACACUGAGACUUGGAXXXXXXXXXXXXXXXX,0.4914243102162565,0,"2.33
GUCUCAGUGUCACAGGGAC,AUAGCUCCCUGAACUUUGGGUCCCUGUGACACUGAGACUUGGAXXXXXXXXXXXXXX,0.3206562266964951,0,"0.0
AGUGUCACAGGGACCCAAA,ACCUGAUAGCUCCCUGAACUUUGGGUCCCUGUGACACUXXXXXXXXXXXXXXXXXXX,0.3788217747949292,0,"-0.7
GUCACAGGGACCCAAAGUU,GUGACCUGAUAGCUCCCUGAACUUUGGGUCCCUGUGACACUXXXXXXXXXXXXXXXX,0.1998508575689783,0,"-1.76
GCACCUCAAAUUCAGGAAC,UCAUUCCUGGCUUUGGUGUGUUCCUGAAUUUGAGGUGCXXXXXXXXXXXXXXXXXXX,0.1722595078299776,0,"-0.73
CUCAAAUUCAGGAACACAC,ACGUUCAUUCCUGGCUUUGGUGUGUUCCUGAAUUUGAGGUGCXXXXXXXXXXXXXXX,0.2438478747203579,0,"0.16
CCAGGAAUGAACGUUAUUC,XXXXXXXXXCUGUGCCAGUGAAUAACGUUCAUUCCUGGCUUUGGUGUGUUCCUGAAU,0.4981357196122297,0,"-0.46
AUGUGAGCGCAUUUUCCAA,UGGGGAAAAUAACUUUGAUUUGGAAAAUGCGCUCACAUACGGGAAUUAAGGCXXXXX,0.2885906040268456,0,"-0.17
UGUGAGCGCAUUUUCCAAA,UUGGGGAAAAUAACUUUGAUUUGGAAAAUGCGCUCACAUACGGGAAUUAAGGCXXXX,0.354958985831469,0,"-0.73
CAUUUUCCAAAUCAAAGUU,XXXXUUGXUUGGGGAAAAUAACUUUGAUUUGGAAAAUGCGCUCACAUACGGGAAUUA,0.3750932140193885,0,"-1.63
UUCCAAAUCAAAGUUAUUU,XXXXXXXXUUGXUUGGGGAAAAUAACUUUGAUUUGGAAAAUGCGCUCACAUACGGGA,0.5234899328859061,1,"0.0
UCCAAAUCAAAGUUAUUUU,XXXXXXXXXUUGXUUGGGGAAAAUAACUUUGAUUUGGAAAAUGCGCUCACAUACGGG,0.5212527964205816,0,"-0.97
AAACUCAUAUCGAGGUCGU,CUGCUAUGGUCUGCGGXUGACGACCUCGAUAUGAGUUUUUGAUUAUUCAGUGGUUCC,0.5219985085756897,1,"0.86
AGACCAUAGCAGAAACGUA,ACUCUGUUCUCACUGACACUACGUUUCUGCUAUGGUCUGCGGXXXXXXXXXXXXXXX,0.4675615212527964,0,"-0.3
GAAGACAGAGGGGAAAAGA,XXXXXXCUUUAUUUUUUUUUCUUUUCCCCUCUGUCUUCACUCUGUUCUCACUGACAC,0.2632363907531693,0,"-0.9
GAAAACAAAGGCUCUCUGG,CACCCUGGAGAAGCUGAAACCAGAGAGCCUUUGUUUUCCUUUUUUCUUUCUUUXXXX,0.668158090976883,1,"0.46
AAGGCUCUCUGGUUUCAGC,XXXAUGACACCCUGGAGAAGCUGAAACCAGAGAGCCUUUGUUUUCCUUUUUUCUUUC,0.7606263982102909,1,"2.49
UUUCAGCUUCUCCAGGGUG,XXXXXXXXXXXXXXXAUGACACCCUGGAGAAGCUGAAACCAGAGAGCCUUUGUUUUC,0.4973900074571216,0,"1.63
AGGGUGUCAUGUCAGCCAA,UCUGGUUGAGUGAUGGCGAUUGGCUGACAUGACACCCUGGAGAAGCXXXXXXXXXXX,0.4876957494407159,0,"-0.7
UCGCCAUCACUCAACCAGA,XXXXXXXXAGCCAAUGGAUUCUGGUUGAGUGAUGGCGAUUGGCUGACAUGACACCCU,0.5645041014168531,1,"0.0
UGGAAACCGCGGACGGCUC,GAGAAGAGCGAGUCUUCGUGAGCCGUCCGCGGUUUCCAGCCAAUGGAUUCXXXXXXX,0.5227442207307978,1,"1.14
GAAACCGCGGACGGCUCAC,UAGAGAAGAGCGAGUCUUCGUGAGCCGUCCGCGGUUUCCAGCCAAUGGAUUCXXXXX,0.5384041759880686,1,"-0.11
CGCGGACGGCUCACGAAGA,GCGGAUAGAGAAGAGCGAGUCUUCGUGAGCCGUCCGCGGUUUCCAGCCAAUGGAUUC,0.2639821029082774,0,"-0.46
AUCCGCCGCACGAGCUGCA,AAGAUGGCCGAGAUGCUGGUGCAGCUCGUGCGGCGGAUAGAGAAGAGCGAGUCUUXX,0.2513049962714392,0,"0.56
CGAGCUGCACCAGCAUCUC,GGAGAUGGCGAAGAUGGCCGAGAUGCUGGUGCAGCUCGUGCGXXXXXXXXXXXXXXX,0.2401193139448173,0,"0.44
CCAGCAUCUCGGCCAUCUU,GAAGGCGCAGGAGAUGGCGAAGAUGGCCGAGAUGCUGGUGCAGCUCGUGCGXXXXXX,0.2468307233407904,0,"-2.33
GGCCAUCUUCGCCAUCUCC,XXXXCGACGAGAAGGCGCAGGAGAUGGCGAAGAUGGCCGAGAUGCUGGUGCAGCUCG,0.5398956002982849,1,"0.0
CCAUCUUCGCCAUCUCCUG,GAAGGCCGACGAGAAGGCGCAGGAGAUGGCGAAGAUGGCXXXXXXXXXXXXXXXXXX,0.610738255033557,1,"-0.7
CGCCCUGCAGGUGGUUGAG,XXXXXXXXAGGAGAGCGCUCUCAACCACCUGCAGGGCGCGGGCGGCGCCGAGCCCCG,0.3221476510067114,0,"0.17
GAGAGCGCUCUCCUCAGAG,UCAAGACGCAGGUAGAGGCCUCUGAGGAGAGCGCUCUCAXXXXXXXXXXXXXXXXXX,0.3639075316927666,0,"-0.27
GCUCUCCUCAGAGGCCUCU,UCCAGAUCAAGACGCAGGUAGAGGCCUCUGAGGAGAGCGCUCXXXXXXXXXXXXXXX,0.5167785234899328,0,"-1.79
ACCUGCGUCUUGAUCUGGA,GAGAUGGACAAUAUGCUGAUCCAGAUCAAGACGCAGGUAGAGXXXXXXXXXXXXXXX,0.4071588366890381,0,"0.11
CAUAUUGUCCAUCUCCCAC,UGCGCAACCGGGGCAAGCUGUGGGAGAUGGACAAUAUGCUGAUCCAGAUXXXXXXXX,0.5943325876211782,1,"0.13
UCUCCCACAGCUUGCCCCG,ACGCGCGCCCGUGCGCAACCGGGGCAAGCUGUGGGAGAUGGAXXXXXXXXXXXXXXX,0.5190156599552572,0,"0.46
CUCCCACAGCUUGCCCCGG,GACGCGCGCCCGUGCGCAACCGGGGCAAGCUGUGGGAGAUGGAXXXXXXXXXXXXXX,0.3348247576435496,0,"0.73
GCGCACGGGCGCGCGUCCG,XXXXXXXGACGCGCGAGCGCGGACGCGCGCCCGUGCGCAACCGGGGCAAGCUGUGGG,0.1469052945563012,0,"-1.06
CGCGCUCGCGCGUCAGCGA,GAUGCGCGAGGACAUCGCGUCGCUGACGCGCGAGCGCGGACGCGCXXXXXXXXXXXX,0.1043997017151379,0,"-0.46
UCUCGUGGAUGACGGGCAG,GGACUUCGAGCAGUUUCUGCUGCCCGUCAUCCACGAGAUGCXXXXXXXXXXXXXXXX,0.5279642058165548,1,"0.63
AUGACGGGCAGCAGAAACU,CCGGAGGAGGACUUCGAGCAGUUUCUGCUGCCCGUCAUCCACGAGAUGCXXXXXXXX,0.4936614466815809,0,"0.53
AGCAGAAACUGCUCGAAGU,XUGCUGGAGCCGGAGGAGGACUUCGAGCAGUUUCUGCUGCCCGUCAUCCACGAGAUG,0.3832960477255779,0,"0.16
AGCACCUCCACCUCCUCGG,XXXXXXXXXCUGGCGGAGCCCGAGGAGGUGGAGGUGCUGGAGCCGGAGGAGGACUUC,0.4392244593586875,0,"1.63
GCCGCAUCUCCGCUGCUUU,GAGUGUCGUGCAGACAAGCAAAGCAGCGGAGAUGCGGCXXXXXXXXXXXXXXXXXXX,0.2654735272184936,0,"-2.49
CGCAUCUCCGCUGCUUUGC,CUGAGUGUCGUGCAGACAAGCAAAGCAGCGGAGAUGCGGCXXXXXXXXXXXXXXXXX,0.55779269202088,1,"1.06
UCUCCGCUGCUUUGCUUGU,GUCACUGAGUGUCGUGCAGACAAGCAAAGCAGCGGAGAUGCGGCXXXXXXXXXXXXX,0.4668158090976883,0,"-0.11
UAUUAACAUGUAAGAUUUU,CCCUUACCAUGUUGAAAACAAAAUCUUACAUGUUAAUAAAAGUAUCGUUUGXXXXXX,0.5704697986577182,1,"-0.4
UAAGGGUUUUGACCUCAAA,GUGGCAGACCUGAUAAGCAUUUGAGGUCAAAACCCUUACCAUGUUGAAAACAAAAUC,0.6159582401193139,1,"-0.4
ACAUUUAUAGCUUGACUAC,GCGUCUUCAAGGUUCAUAUGUAGUCAAGCUAUAAAUGUGUGGCAGAXXXXXXXXXXX,0.6584638329604773,1,"0.9
UAUAGCUUGACUACAUAUG,AAGAGGCGUCUUCAAGGUUCAUAUGUAGUCAAGCUAUAAAUGUGUGGCAGAXXXXXX,0.7554064131245338,1,"1.23
UUGACUACAUAUGAACCUU,UCAAGGAAGAGGCGUCUUCAAGGUUCAUAUGUAGUCAAGCUAUAAAUGUGUGGCAGA,0.6368381804623415,1,"0.0
GACGCCUCUUCCUUGAAGU,AACCUGCAAUGGACCCAAAACUUCAAGGAAGAGGCGUCUUXXXXXXXXXXXXXXXXX,0.6152125279642058,1,"-1.01
GUUUUGGGUCCAUUGCAGG,UGUGUACUGAGAAGGAAAACCUGCAAUGGACCCAAAACUUCAAGGAAGAGGCGUCUU,0.6428038777032066,1,"0.57
GGUAUUGCAAGGAUCUUUC,GAGAUCCUGGGCGUAAAAUGAAAGAUCCUUGCAAUACCCUUUGUGUACUGAGAAGGA,0.6159582401193139,1,"-0.46
AUAUGGGGAUACCAACUUG,GAGGUCUUGUUCGUCUGUACAAGUUGGUAUCCCCAUAUAUUUGAGGAGAUCCUGGGC,0.4660700969425801,0,"1.46
GAGUUAGGCUGUCCCAACA,AUAACCUGCCUGAUGAGUUUGUUGGGACAGCCUAACUCAUUUUUAAAUGAAACGGAA,0.6383296047725577,1,"-1.14
AUCAGGCAGGUUAUAAUAG,AUUUUAUGUGCUACACUAUCUAUUAUAACCUGCCUGAUGAGUUUGUUGGGACAXXXX,0.6562266964951529,1,"1.43
GGCAGGUUAUAAUAGAUAG,UUAAAUUUUAUGUGCUACACUAUCUAUUAUAACCUGCCUGAUGAGUUUGUUGGGACA,0.674123788217748,1,"-0.73
CAUAGAAACAAUACAAUCC,ACCUGGGAGAAGGGUCGGAGGAUUGUAUUGUUUCUAUGGGGGGACUUUAAUUUCUGU,0.6957494407158837,1,"0.7
UCCCAGGUCAUCAGUCCUA,UGGAUGGGCCUUACACGGCUAGGACUGAUGACCUGGGAGAAGGGUCGGAXXXXXXXX,0.5249813571961223,1,"-0.57
CCCAGGUCAUCAGUCCUAG,GUGGAUGGGCCUUACACGGCUAGGACUGAUGACCUGGGAGAAGGGUCGGAXXXXXXX,0.4705443698732289,0,"-0.73
CAUCAGUCCUAGCCGUGUA,UGGGACUGUGGAUGGGCCUUACACGGCUAGGACUGAUGACCUGGGAGAAGGGUCGGA,0.4608501118568233,0,"-1.23
CACAGUCCCAGAUGAAGUC,AUGGCAGAAGAAGGGCCCAGACUUCAUCUGGGACUGUGGAUGGGCCUUACACGGCUA,0.6144668158090977,1,"0.24
UUCUUCUGCCAUUGCUGCA,AUUCUAGAAGAGGACUCCAUGCAGCAAUGGCAGAAGAAGGGCXXXXXXXXXXXXXXX,0.5436241610738255,1,"0.73
CUUCUGCCAUUGCUGCAUG,UAAUUCUAGAAGAGGACUCCAUGCAGCAAUGGCAGAAGAAGGGCXXXXXXXXXXXXX,0.5898583146905295,1,"0.03
UGCAUGGAGUCCUCUUCUA,GAAGAAGCUGCGUUAAUUCUAGAAGAGGACUCCAUGCAGCAAUGGCAGAAGAAGGGC,0.5115585384041761,0,"-0.33
GAACUUUCAGAGGCGGUGA,UGAGACUUGGAGUUGGAGCUCACCGCCUCUGAAAGUUCUGAAGAAGXXXXXXXXXXX,0.3392990305741983,0,"-0.9
GGCGGUGAGCUCCAACUCC,CCCUGUGACACUGAGACUUGGAGUUGGAGCUCACCGCCUCUGAAAGXXXXXXXXXXX,0.3728560775540641,0,"0.0
CUCCAACUCCAAGUCUCAG,ACUUUGGGUCCCUGUGACACUGAGACUUGGAGUUGGAGCUCACCGCCUCUGAAAGXX,0.6077554064131245,1,"0.0
CCAACUCCAAGUCUCAGUG,GAACUUUGGGUCCCUGUGACACUGAGACUUGGAGUUGGAGCUCACCGCCUCUGAAAG,0.5786726323639075,1,"-0.7
GGGACCCAAAGUUCAGGGA,UCUUGGGUGACCUGAUAGCUCCCUGAACUUUGGGUCCCXXXXXXXXXXXXXXXXXXX,0.3974645786726324,0,"-1.36
GUUCAGGGAGCUAUCAGGU,CUUUGCUCUUUCUUGGGUGACCUGAUAGCUCCCUGAACUUUGXXXXXXXXXXXXXXX,0.5108128262490679,0,"-0.9
GGGAGCUAUCAGGUCACCC,AGGUGCUUUGCUCUUUCUUGGGUGACCUGAUAGCUCCCUGAACUUUGXXXXXXXXXX,0.6495152870991797,1,"0.0
GCUAUCAGGUCACCCAAGA,UUUGAGGUGCUUUGCUCUUUCUUGGGUGACCUGAUAGCUCCCUGAACUUUGXXXXXX,0.3400447427293065,0,"-1.52
AGGUCACCCAAGAAAGAGC,CCUGAAUUUGAGGUGCUUUGCUCUUUCUUGGGUGACCUGAUAGCUCCCUGAACUUUG,0.7143922445935869,1,"1.79
GAACACACCAAAGCCAGGA,GCCAGUGAAUAACGUUCAUUCCUGGCUUUGGUGUGUUCCUGAAUUUGAGGUGCXXXX,0.4988814317673378,0,"-0.9
ACACCAAAGCCAGGAAUGA,CUGUGCCAGUGAAUAACGUUCAUUCCUGGCUUUGGUGUGUUCCUGAAUUUGAGGUGC,0.3922445935868754,0,"0.11
GUAUGUGAGCGCAUUUUCC,GGGAAAAUAACUUUGAUUUGGAAAAUGCGCUCACAUACGGGAAUUAAGGCXXXXXXX,0.6465324384787472,1,"0.57
AGCGCAUUUUCCAAAUCAA,UUGXUUGGGGAAAAUAACUUUGAUUUGGAAAAUGCGCUCACAUACGGGAAUUAAGGC,0.5078299776286354,0,"-0.7
CCAUAGCAGAAACGUAGUG,UUCACUCUGUUCUCACUGACACUACGUUUCUGCUAUGGUCUGCGGXXXXXXXXXXXX,0.4325130499627144,0,"-0.7
AGCAGAAACGUAGUGUCAG,UGUCUUCACUCUGUUCUCACUGACACUACGUUUCUGCUAUGGUCUGCGGXXXXXXXX,0.7404921700223713,1,"0.9
AACGUAGUGUCAGUGAGAA,CCCCUCUGUCUUCACUCUGUUCUCACUGACACUACGUUXXXXXXXXXXXXXXXXXXX,0.5384041759880686,1,"0.0
CGUAGUGUCAGUGAGAACA,UUCCCCUCUGUCUUCACUCUGUUCUCACUGACACUACGUUXXXXXXXXXXXXXXXXX,0.5137956748695003,0,"-0.7
CAGAGUGAAGACAGAGGGG,CUUUAUUUUUUUUUCUUUUCCCCUCUGUCUUCACUCUGUUCUCACUGACACUACGUU,0.6524981357196122,1,"0.7
AAGGAAAACAAAGGCUCUC,CCUGGAGAAGCUGAAACCAGAGAGCCUUUGUUUUCCUUUUUUCUUUCUUUXXXXXXX,0.7934377330350485,1,"1.87
ACAAAGGCUCUCUGGUUUC,AUGACACCCUGGAGAAGCUGAAACCAGAGAGCCUUUGUUUUCCUUUUUUCUUUCUUU,0.6413124533929903,1,"1.01
UCAGCCAAUCGCCAUCACU,AGCCAAUGGAUUCUGGUUGAGUGAUGGCGAUUGGCUGACAUGACACCCUGGAGAAGC,0.6398210290827739,1,"-0.27
UUCUCUAUCCGCCGCACGA,GCCGAGAUGCUGGUGCAGCUCGUGCGGCGGAUAGAGAAGAGCGAGUCUUXXXXXXXX,0.6502609992542878,1,"0.97
UCUAUCCGCCGCACGAGCU,AUGGCCGAGAUGCUGGUGCAGCUCGUGCGGCGGAUAGAGAAGAGCGAGUCUUXXXXX,0.5943325876211782,1,"-0.27
CCGCCGCACGAGCUGCACC,CGAAGAUGGCCGAGAUGCUGGUGCAGCUCGUGCGGCGGAUAGAGAAGAGCGAGUCUU,0.6592095451155854,1,"0.0
UCUCGGCCAUCUUCGCCAU,CGACGAGAAGGCGCAGGAGAUGGCGAAGAUGGCCGAGAUGCUGGUGCAGCUCGUGCG,0.586875466070097,1,"-0.8
GCGCCUUCUCGUCGGCCUU,CCGCGGCCCCAGGGCGGAGAAGGCCGACGAGAAGGCGCAGGAGAUXXXXXXXXXXXX,0.4705443698732289,0,"-2.49
CGUCGGCCUUCUCCGCCCU,CGCCGAGCCCCGCGGCCCCAGGGCGGAGAAGGCCGACGAGAAGGCGCAGGAGAUXXX,0.1782252050708426,0,"-0.73
CGGCCUUCUCCGCCCUGGG,CGGCGCCGAGCCCCGCGGCCCCAGGGCGGAGAAGGCCGACGAGAAGGCGCAGGAGAU,0.4891871737509322,0,"0.9
GCGGGGCUCGGCGCCGCCC,UCAACCACCUGCAGGGCGCGGGCGGCGCCGAGCCCCGCGGCCCCAXXXXXXXXXXXX,0.5585384041759881,1,"-0.16
GCCGCCCGCGCCCUGCAGG,AGGAGAGCGCUCUCAACCACCUGCAGGGCGCGGGCGGCGCCGAGCCCCGCGGCCCCA,0.4541387024608501,0,"-0.16
GGCCUCUACCUGCGUCUUG,ACAAUAUGCUGAUCCAGAUCAAGACGCAGGUAGAGGCCUCUGAGGAGAGCGCUCXXX,0.5458612975391499,1,"-0.7
CUCUACCUGCGUCUUGAUC,UGGACAAUAUGCUGAUCCAGAUCAAGACGCAGGUAGAGXXXXXXXXXXXXXXXXXXX,0.5369127516778524,1,"0.27
UGGAUCAGCAUAUUGUCCA,CGGGGCAAGCUGUGGGAGAUGGACAAUAUGCUGAUCCAGAUXXXXXXXXXXXXXXXX,0.6823266219239374,1,"0.0
UAUUGUCCAUCUCCCACAG,CGUGCGCAACCGGGGCAAGCUGUGGGAGAUGGACAAUAUGCUGAUCCAGAUXXXXXX,0.6181953765846383,1,"1.2
CCAUCUCCCACAGCUUGCC,CGCGCCCGUGCGCAACCGGGGCAAGCUGUGGGAGAUGGAXXXXXXXXXXXXXXXXXX,0.6040268456375839,1,"0.0
CCCGGUUGCGCACGGGCGC,GACGCGCGAGCGCGGACGCGCGCCCGUGCGCAACCGGGGCAAGCUGUGGGAGAUGGA,0.4123788217747949,0,"0.16
UCAGCGACGCGAUGUCCUC,CGUCAUCCACGAGAUGCGCGAGGACAUCGCGUCGCUGACGCGCGAGCGCGGACGCGC,0.5809097688292321,1,"0.9
CGUGGAUGACGGGCAGCAG,GGAGGACUUCGAGCAGUUUCUGCUGCCCGUCAUCCACGAGAUGCXXXXXXXXXXXXX,0.2945563012677107,0,"0.17
GUGGAUGACGGGCAGCAGA,AGGAGGACUUCGAGCAGUUUCUGCUGCCCGUCAUCCACGAGAUGCXXXXXXXXXXXX,0.2632363907531693,0,"-0.79
CAGCAGAAACUGCUCGAAG,UGCUGGAGCCGGAGGAGGACUUCGAGCAGUUUCUGCUGCCCGUCAUCCACGAGAUGC,0.4466815809097688,0,"-0.03
UCCGGCUCCAGCACCUCCA,CUGGCGGAGCCCGAGGAGGUGGAGGUGCUGGAGCCGGAGGAGGACUUCGAGCAGUUU,0.5152870991797166,0,"-0.24
UCCGCCAGCUCCACUGCGU,GCGGAGAUGCGGCCCCUGGACGCAGUGGAGCUGGCGGAGCCCGAGGAGGUGGAGGUX,0.56972408650261,1,"-0.11
CCGCCAGCUCCACUGCGUC,AGCGGAGAUGCGGCCCCUGGACGCAGUGGAGCUGGCGGAGCCCGAGGAGGUGGAGGU,0.48844146159582397,0,"-0.46
GGCCGCAUCUCCGCUGCUU,AGUGUCGUGCAGACAAGCAAAGCAGCGGAGAUGCGGCCCCUGXXXXXXXXXXXXXXX,0.3191648023862788,0,"-2.33
GCUUUGCUUGUCUGCACGA,CGAGCUCGGUCACUGAGUGUCGUGCAGACAAGCAAAGCAGCGGAGAUGCGGCXXXXX,0.5041014168530947,0,"-1.52
GCUUGUCUGCACGACACUC,CGGCCCGAGCUCGGUCACUGAGUGUCGUGCAGACAAGCAAAGCAGCGGAGAUGCGGC,0.4832214765100671,0,"-0.62
GACCGAGCUCGGGCCGAGU,AGCGGCGGAAGUUUUGAAGACUCGGCCCGAGCUCGGUCACXXXXXXXXXXXXXXXXX,0.4586129753914988,0,"-1.01
GUCUUCAAAACUUCCGCCG,AGGCAGAAAGUUGGAACAGCGGCGGAAGUUUUGAAGACUCGGCCCGAGCUCXXXXXX,0.7069351230425056,1,"-0.33
AAAACUUCCGCCGCUGUUC,XXUCCGAGGCAGAAAGUUGGAACAGCGGCGGAAGUUUUGAAGACUCGGCCCGAGCUC,0.6286353467561521,1,"1.87
CUGCCUCUCAGCGGAUGUA,GGGCUGGGGACAAGGCGUCUACAUCCGCUGAGAGGCAGGGGCAGUUCUGGGAGAGAA,0.2945563012677107,0,"-1.2
CAGCCCUCCAGCUCAUUCU,CCGGUUCUGGGGCGCAAUAAGAAUGAGCUGGAGGGCUGGGGACAAGGCGUCUACAUX,0.5615212527964206,1,"-0.93
AGCCCUCCAGCUCAUUCUU,GCCGGUUCUGGGGCGCAAUAAGAAUGAGCUGGAGGGCUGGGGACAAGGCGUCUACAU,0.4041759880686055,0,"-0.7
UUGCGCCCCAGAACCGGCC,UACUGUGCGGAGGGUGGUGGGCCGGUUCUGGGGCGCAAUAAGXXXXXXXXXXXXXXX,0.5935868754660701,1,"2.33
GGCCCACCACCCUCCGCAC,CGGAAUAAGGCCCGCUACUGUGCGGAGGGUGGUGGGCCGGUUCUGGGGCGCAAUAAG,0.3907531692766592,0,"-0.57
CCUCCUCUUCCCAGGAGCC,UACACCACCAGCUCGGCAGGGCUCCUGGGAAGAGGAGGAAGAUUAUGAGGAGGAGAU,0.3482475764354959,0,"0.0
GAGUCUCCUGGCUCCGUGU,GGGAGCCGAAACUCUGUCUACACGGAGCCAGGAGACUCGUGUGUXXXXXXXXXXXXX,0.3639075316927666,0,"-1.01
AGUCUCCUGGCUCCGUGUA,CGGGAGCCGAAACUCUGUCUACACGGAGCCAGGAGACUCGUGUGUXXXXXXXXXXXX,0.4093959731543624,0,"-0.3
CCGUGUAGACAGAGUUUCG,UGCUGACACCCCCGGGAGCCGAAACUCUGUCUACACGGAGCCAGGAGACUCGUGUGU,0.3281133482475764,0,"-0.9
UCAAAGGUGUCUUGGCGGG,GGCACCCUGUGGGCGCUAUCCCGCCAAGACACCUUUGAUGCUGACACCCCCGGXXXX,0.4295302013422818,0,"1.36
AGGUGUCUUGGCGGGAUAG,GGCAGGCACCCUGUGGGCGCUAUCCCGCCAAGACACCUUUGAUGCUGACACCCCCGG,0.5272184936614467,1,"0.9
GGCCAGGUGGGUGGUUGCU,GCCCCCAGGCCUUUACCCCAGCAACCACCCACCUGGCCGGGCAGGCACCCUGUGGGC,0.2356450410141685,0,"-1.63
GGGGCUGGCCCAGCUCCCC,CAGUGUGCACGAGUACCCCGGGGAGCUGGGCCAGCCCCCAGGCCUUUACCCCAGCAA,0.1431767337807606,0,"0.0
GGUAGCCAUGGUGCGGUUC,CGCCACCCAAUCCGCUGCUGAACCGCACCAUGGCUACCGCXXXXXXXXXXXXXXXXX,0.3653989560029828,0,"-0.46
UCAGCAGCGGAUUGGGUGG,ACACCCGCCUAGCAGGACGCCACCCAAUCCGCUGCUGAACCGCACCAUGGCUACCGC,0.6077554064131245,1,"1.36
CUUCCAGUAGGCUUCCAAG,GCGAGCACCUGGCGGAGUACUUGGAAGCCUACUGGAAGGCCACACACCCGCCUAGCA,0.4541387024608501,0,"0.0
AGGCAUCUUCCAAUUGGUU,UGACAUAAUCCUGGACGAGAACCAAUUGGAAGAUGCCUGCGAGCACCXXXXXXXXXX,0.3728560775540641,0,"-0.7
CAAUUGGUUCUCGUCCAGG,CCGAAAUGUUUGACAUAAUCCUGGACGAGAACCAAUUGGAAGAUGCCUGCGAGCACC,0.5980611483967189,1,"0.7
UGAUGAGCCUCUGCAGUAC,CAAGAUCACAUCCCCCAAGGUACUGCAGAGGCUCAUCAAAUCCCGAGGGAAGUCUCA,0.5488441461595824,1,"1.03
AGCGAGGUUUUAGAGAGCU,ACCAUCAACCACCCAGCCCAGCUCUCUAAAACCUCGCUGGCCCCCAUCAUUGUUUAC,0.41834451901566,0,"0.0
GAUCCGCUCGAUUUCACUC,CCAGCCUGGCUGAGGUACAGAGUGAAAUCGAGCGGAUCUUCGAXXXXXXXXXXXXXX,0.6331096196868009,1,"0.0
AUUUCACUCUGUACCUCAG,AACACUCGCUCCAGCCUGGCUGAGGUACAGAGUGAAAUCGAGCGGAUCUUCGAXXXX,0.4407158836689038,0,"1.43
CACUCUGUACCUCAGCCAG,CUCCAACACUCGCUCCAGCCUGGCUGAGGUACAGAGUGAAAUCGAGCGGAUCUUCGA,0.2595078299776286,0,"-0.03
GCGAGUGUUGGAGCGCUCG,CCAGCAAACACAUUAUCAUCGAGCGCUCCAACACUCGCUCCAGCCUGGCUGAGGUAC,0.1133482475764355,0,"-1.06
AUAAUGUGUUUGCUGGGGU,AAGCGCUCGGUCCUCAACAACCCCAGCAAACACAUUAUCAUCGAGCGCUCCAACACU,0.4727815063385533,0,"0.69
UUGAGCGAUGGUCCCACCA,UCCAUGAGGCCCAUCAUCCUGGUGGGACCAUCGCUCAAGGGCUAUGAGGUAACUGAC,0.5309470544369873,1,"0.73
GGGGCACGUGCUCUGUCGA,UGCCAAACAGAAGCAGAAGUCGACAGAGCACGUGCCCCCCUAUGACGUGGUGCCUUC,0.2975391498881432,0,"-1.36
UUCUGCUUCUGUUUGGCAC,CGCCCCACACCCCCCGCCAGUGCCAAACAGAAGCAGAAGUCGACAGAGCACGUGCCC,0.6122296793437733,1,"1.76
UGCUGGAGCUGAGGCGGUU,GGAACAGACGCUGCGCCAAAACCGCCUCAGCUCCAGCAAGUCAGGUGACAACXXXXX,0.3445190156599553,0,"-0.73
GAGCUGAGGCGGUUUUGGC,CUGCAGGAACAGACGCUGCGCCAAAACCGCCUCAGCUCCAGCAAGUCAGGUGACAAC,0.4034302759134974,0,"0.62
AGCAGGCGAAGGCUGUCCA,AUCCCCAGCCCUGUCAAACUGGACAGCCUUCGCCUGCUGCAGGAACAGACGCUGCGC,0.2945563012677107,0,"0.03
GACAGGGCUGGGGAUGAAA,AGGAAGGCUGUGAGGUUGGUUUCAUCCCCAGCCCUGUCAAACUGGACAGCCUUCGCC,0.122296793437733,0,"-1.87
UCCUUCACCAGCCUCCCGA,UACAAUAAUGACUGGUGGAUCGGGAGGCUGGUGAAGGAAGGCUGUGAGGXXXXXXXX,0.5495898583146905,1,"0.0
CAGCCUCCCGAUCCACCAG,AGGAGAAAUACAAUAAUGACUGGUGGAUCGGGAGGCUGGUGAAGGAAGGCUGUGAGG,0.3035048471290081,0,"-0.03
UUCUCCUUGAUGUGCAGGA,ACCUUUGAGCCCAAGGACUUCCUGCACAUCAAGGAGAAAUACAAUAAUXXXXXXXXX,0.7009694258016406,1,"0.97
AUGUGCAGGAAGUCCUUGG,GUGGCCAUCACCUUUGAGCCCAAGGACUUCCUGCACAUCAAGGAGAAAUACAAUAAU,0.47129008202833705,0,"2.16
ACUGGCACCUCAUCUCCUG,GUUGGCUACAAUCCGUCUCCAGGAGAUGAGGUGCCAGUGCAGGGAGUGGCCAUCACC,0.6219239373601789,1,"0.77
ACGGAUUGUAGCCAACAUU,GGCCUUUGCUGUUCGGACAAAUGUUGGCUACAAUCCGUCUCCAGGAGAUGAGGUGCC,0.6778523489932886,1,"-0.86
CUUUCUCGAGCUGGGCUAA,GGAGGCAGAGCGCCAGGCCUUAGCCCAGCUCGAGAAAGCCAAGACCAAACCAGUGXX,0.4750186428038777,0,"-1.6
UUCUCGAGCUGGGCUAAGG,AAGGAGGCAGAGCGCCAGGCCUUAGCCCAGCUCGAGAAAGCCAAGACCAAACCAGUG,0.5727069351230425,1,"2.33
GACACGUCGGAGUCUGACG,GAGUCCUACACGAGCCGGCCGUCAGACUCCGACGUGUCCCUGGAGGAGGAXXXXXXX,0.5741983594332588,1,"-0.44
CGGAGUCUGACGGCCGGCU,CUCAGCAGAGUCCUACACGAGCCGGCCGUCAGACUCCGACGUXXXXXXXXXXXXXXX,0.3296047725577927,0,"-0.73
GGCUCGUGUAGGACUCUGC,CUUUGUCCGUCAGGGCUCAGCAGAGUCCUACACGAGCCGGCCGUCAGACUCCGACGU,0.5920954511558538,1,"0.16
GACCUUUUGAACCGCCCUU,GGCAAAUACAGCAAGAGGAAAGGGCGGUUCAAAAGGUCAGAUGGGAGCACCUCCUCA,0.43027591349739003,0,"-1.87
CUGUAUUUGCCCUGUGGGC,AUGGAGGUCUUCGACCCCAGCCCACAGGGCAAAUACAGCAAGAGGAAAGGGCGGUUC,0.5652498135719612,1,"0.89
AGACCUCCAUAGGGAUCUC,XXXXXXXXCACCUUCCCAAGAGAUCCCUAUGGAGGUCUUCGACCCCAGCCCACAGGG,0.5331841909023117,1,"1.17
UGUCGUCCUUUGUAAGACU,AGAUCAUUCAGAAGACUUCAGUCUUACAAAGGACGACAXXXXXXXXXXXXXXXXXXX,0.7360178970917226,1,"-0.03
UCCUUUGUAAGACUGAAGU,CAAGGAGAUCAUUCAGAAGACUUCAGUCUUACAAAGGACGACAXXXXXXXXXXXXXX,0.8344519015659956,1,"-0.11
CCUUUGUAAGACUGAAGUC,UCAAGGAGAUCAUUCAGAAGACUUCAGUCUUACAAAGGACGACAXXXXXXXXXXXXX,0.6927665920954512,1,"-0.46
AAGACUGAAGUCUUCUGAA,CUACCUAUCAAGGAGAUCAUUCAGAAGACUUCAGUCUUXXXXXXXXXXXXXXXXXXX,0.6897837434750187,1,"0.0
ACUGAAGUCUUCUGAAUGA,ACCCUACCUAUCAAGGAGAUCAUUCAGAAGACUUCAGUCXXXXXXXXXXXXXXXXXX,0.4079045488441462,0,"0.11
UGAAUGAUCUCCUUGAUAG,GUUCUGUGAUGUACCCUACCUAUCAAGGAGAUCAUUCAXXXXXXXXXXXXXXXXXXX,0.859806114839672,1,"0.87
UGAUCUCCUUGAUAGGUAG,CCCAGUUCUGUGAUGUACCCUACCUAUCAAGGAGAUCAUUCXXXXXXXXXXXXXXXX,0.8530947054436987,1,"0.87
AUCUCCUUGAUAGGUAGGG,UUCCCAGUUCUGUGAUGUACCCUACCUAUCAAGGAGAUCAUUCXXXXXXXXXXXXXX,0.7643549589858314,1,"2.16
AUAGGUAGGGUACAUCACA,ACUCUUCUGUUCCCAGUUCUGUGAUGUACCCUACCUAUXXXXXXXXXXXXXXXXXXX,0.8008948545861299,1,"0.56
AGGUAGGGUACAUCACAGA,UCACUCUUCUGUUCCCAGUUCUGUGAUGUACCCUACCUAUXXXXXXXXXXXXXXXXX,0.4116331096196868,0,"0.27
GUAGGGUACAUCACAGAAC,GGUCACUCUUCUGUUCCCAGUUCUGUGAUGUACCCUACCUAUXXXXXXXXXXXXXXX,0.7815063385533184,1,"0.0
UAGGGUACAUCACAGAACU,GGGUCACUCUUCUGUUCCCAGUUCUGUGAUGUACCCUACCUAUXXXXXXXXXXXXXX,0.8680089485458613,1,"0.3
UCACAGAACUGGGAACAGA,UCUGGGUCUGGGUCACUCUUCUGUUCCCAGUUCUGUGAUXXXXXXXXXXXXXXXXXX,0.7427293064876958,1,"0.0
GAACUGGGAACAGAAGAGU,CACUCUCUGGGUCUGGGUCACUCUUCUGUUCCCAGUUCUXXXXXXXXXXXXXXXXXX,0.6070096942580163,1,"-1.01
CAGAAGAGUGACCCAGACC,UGAACUUGGCCACUCUCUGGGUCUGGGUCACUCUUCUGUUCCCAGXXXXXXXXXXXX,0.5503355704697986,1,"0.7
AAGAGUGACCCAGACCCAG,UCAUGAACUUGGCCACUCUCUGGGUCUGGGUCACUCUUCUGUUCCCAGXXXXXXXXX,0.6532438478747203,1,"1.6
GUGACCCAGACCCAGAGAG,CCACUCAUGAACUUGGCCACUCUCUGGGUCUGGGUCACUCUUCUGUUCCCAGXXXXX,0.5451155853840417,1,"-0.16
UGACCCAGACCCAGAGAGU,GCCACUCAUGAACUUGGCCACUCUCUGGGUCUGGGUCAXXXXXXXXXXXXXXXXXXX,0.4608501118568233,0,"0.13
CCCAGACCCAGAGAGUGGC,GUUGCCACUCAUGAACUUGGCCACUCUCUGGGUCUGGGUCAXXXXXXXXXXXXXXXX,0.4720357941834452,0,"0.16
CCAGACCCAGAGAGUGGCC,UGUUGCCACUCAUGAACUUGGCCACUCUCUGGGUCUGGGUCAXXXXXXXXXXXXXXX,0.3087248322147651,0,"0.0
GGCCAAGUUCAUGAGUGGC,CGUGAACUUCCUGUUUGUUGCCACUCAUGAACUUGGCCACXXXXXXXXXXXXXXXXX,0.4638329604772558,0,"0.16
UCAUGAGUGGCAACAAACA,GACUCAGGCGUGAACUUCCUGUUUGUUGCCACUCAUGAAXXXXXXXXXXXXXXXXXX,0.7815063385533184,1,"-0.24
GAGUGGCAACAAACAGGAA,UGAGGACUCAGGCGUGAACUUCCUGUUUGUUGCCACUCAUGXXXXXXXXXXXXXXXX,0.2803877703206562,0,"-1.87
GGCAACAAACAGGAAGUUC,AUGGUGAGGACUCAGGCGUGAACUUCCUGUUUGUUGCCXXXXXXXXXXXXXXXXXXX,0.3997017151379567,0,"-0.46
GCAACAAACAGGAAGUUCA,GAUGGUGAGGACUCAGGCGUGAACUUCCUGUUUGUUGCXXXXXXXXXXXXXXXXXXX,0.2513049962714392,0,"-1.76
AAACAGGAAGUUCACGCCU,GGACGGAUGGUGAGGACUCAGGCGUGAACUUCCUGUUUXXXXXXXXXXXXXXXXXXX,0.6793437733035049,1,"0.7
AGGAAGUUCACGCCUGAGU,UACUGGACGGAUGGUGAGGACUCAGGCGUGAACUUCCUXXXXXXXXXXXXXXXXXXX,0.5451155853840417,1,"0.16
GAAGUUCACGCCUGAGUCC,AGUACUGGACGGAUGGUGAGGACUCAGGCGUGAACUUCXXXXXXXXXXXXXXXXXXX,0.5249813571961223,1,"0.46
UUCACGCCUGAGUCCUCAC,GAUGAGUACUGGACGGAUGGUGAGGACUCAGGCGUGAAXXXXXXXXXXXXXXXXXXX,0.6666666666666667,1,"1.76
UCACGCCUGAGUCCUCACC,GGAUGAGUACUGGACGGAUGGUGAGGACUCAGGCGUGAAXXXXXXXXXXXXXXXXXX,0.7054436987322893,1,"1.36
CACGCCUGAGUCCUCACCA,AGGAUGAGUACUGGACGGAUGGUGAGGACUCAGGCGUGAAXXXXXXXXXXXXXXXXX,0.5205070842654735,0,"-0.9
ACGCCUGAGUCCUCACCAU,AAGGAUGAGUACUGGACGGAUGGUGAGGACUCAGGCGUXXXXXXXXXXXXXXXXXXX,0.4899328859060403,0,"-0.69
CGCCUGAGUCCUCACCAUC,CAAGGAUGAGUACUGGACGGAUGGUGAGGACUCAGGCGUXXXXXXXXXXXXXXXXXX,0.4608501118568233,0,"0.44
GAGUCCUCACCAUCCGUCC,UUUGACAAGGAUGAGUACUGGACGGAUGGUGAGGACUCAGGCGUXXXXXXXXXXXXX,0.6047725577926921,1,"0.46
AGUCCUCACCAUCCGUCCA,CUUUGACAAGGAUGAGUACUGGACGGAUGGUGAGGACUCAGGCGUXXXXXXXXXXXX,0.3914988814317673,0,"0.03
UCCUCACCAUCCGUCCAGU,CACUUUGACAAGGAUGAGUACUGGACGGAUGGUGAGGACUCAGGCGUXXXXXXXXXX,0.3467561521252796,0,"-0.11
CCUCACCAUCCGUCCAGUA,UCACUUUGACAAGGAUGAGUACUGGACGGAUGGUGAGGACUCAGGCGUXXXXXXXXX,0.2431021625652498,0,"-1.93
UCACCAUCCGUCCAGUACU,GCUCACUUUGACAAGGAUGAGUACUGGACGGAUGGUGAXXXXXXXXXXXXXXXXXXX,0.6748695003728561,1,"-0.27
ACCAUCCGUCCAGUACUCA,AUGCUCACUUUGACAAGGAUGAGUACUGGACGGAUGGUGAXXXXXXXXXXXXXXXXX,0.4705443698732289,0,"-0.13
CCAUCCGUCCAGUACUCAU,GAUGCUCACUUUGACAAGGAUGAGUACUGGACGGAUGGUGAXXXXXXXXXXXXXXXX,0.3124533929903057,0,"-2.16
CAUCCGUCCAGUACUCAUC,AGAUGCUCACUUUGACAAGGAUGAGUACUGGACGGAUGGUGAXXXXXXXXXXXXXXX,0.6517524235645041,1,"0.24
CCGUCCAGUACUCAUCCUU,CGGAGAUGCUCACUUUGACAAGGAUGAGUACUGGACGGAUGGUGAXXXXXXXXXXXX,0.5652498135719612,1,"-2.33
CAUCCUUGUCAAAGUGAGC,GCCAGGCCUCGGCGGAGAUGCUCACUUUGACAAGGAUGXXXXXXXXXXXXXXXXXXX,0.7583892617449663,1,"0.86
UCAAAGUGAGCAUCUCCGC,GCACCGGGGCCAGGCCUCGGCGGAGAUGCUCACUUUGACAXXXXXXXXXXXXXXXXX,0.8090976882923191,1,"1.52
AAAGUGAGCAUCUCCGCCG,UUGCACCGGGGCCAGGCCUCGGCGGAGAUGCUCACUUUGACAXXXXXXXXXXXXXXX,0.8829231916480238,1,"1.43
GUGAGCAUCUCCGCCGAGG,CCUUUGCACCGGGGCCAGGCCUCGGCGGAGAUGCUCACUUUGACAXXXXXXXXXXXX,0.5376584638329605,1,"0.57
UGAGCAUCUCCGCCGAGGC,GCCUUUGCACCGGGGCCAGGCCUCGGCGGAGAUGCUCAXXXXXXXXXXXXXXXXXXX,0.6726323639075317,1,"1.76
AGCAUCUCCGCCGAGGCCU,AUGCCUUUGCACCGGGGCCAGGCCUCGGCGGAGAUGCUCXXXXXXXXXXXXXXXXXX,0.5108128262490679,0,"0.0
AUCUCCGCCGAGGCCUGGC,GCCAUGCCUUUGCACCGGGGCCAGGCCUCGGCGGAGAUGCUCXXXXXXXXXXXXXXX,0.2692020879940343,0,"2.32
UCCGCCGAGGCCUGGCCCC,UAGGCCAUGCCUUUGCACCGGGGCCAGGCCUCGGCGGAGAUGCUCXXXXXXXXXXXX,0.3788217747949292,0,"1.36
GCCGAGGCCUGGCCCCGGU,CUCUAGGCCAUGCCUUUGCACCGGGGCCAGGCCUCGGCGGAGAUGCUCXXXXXXXXX,0.0820283370618941,0,"-1.63
CUGGCCCCGGUGCAAAGGC,AGGAAACACUCUAGGCCAUGCCUUUGCACCGGGGCCAGGXXXXXXXXXXXXXXXXXX,0.2431021625652498,0,"0.89
UGGCCCCGGUGCAAAGGCA,CAGGAAACACUCUAGGCCAUGCCUUUGCACCGGGGCCAGGXXXXXXXXXXXXXXXXX,0.4407158836689038,0,"0.0
AAAGGCAUGGCCUAGAGUG,CAUUUGAUGGGCCAGGAAACACUCUAGGCCAUGCCUUUGXXXXXXXXXXXXXXXXXX,0.7516778523489933,1,"1.63
GCAUGGCCUAGAGUGUUUC,UUCCCAUUUGAUGGGCCAGGAAACACUCUAGGCCAUGCCUUUGXXXXXXXXXXXXXX,0.4004474272930649,0,"-0.62
CAUGGCCUAGAGUGUUUCC,CUUCCCAUUUGAUGGGCCAGGAAACACUCUAGGCCAUGXXXXXXXXXXXXXXXXXXX,0.6689038031319909,1,"0.7
GGCCUAGAGUGUUUCCUGG,CAACUUCCCAUUUGAUGGGCCAGGAAACACUCUAGGCCAXXXXXXXXXXXXXXXXXX,0.2520507084265473,0,"0.0
CCUAGAGUGUUUCCUGGCC,GACAACUUCCCAUUUGAUGGGCCAGGAAACACUCUAGGCCAXXXXXXXXXXXXXXXX,0.4064131245339299,0,"0.0
CUAGAGUGUUUCCUGGCCC,AGACAACUUCCCAUUUGAUGGGCCAGGAAACACUCUAGGCCAXXXXXXXXXXXXXXX,0.622669649515287,1,"0.73
GUUUCCUGGCCCAUCAAAU,AUCACGGAGACAACUUCCCAUUUGAUGGGCCAGGAAACACUCUAGGCCAXXXXXXXX,0.0782997762863534,0,"-1.59
UGGCCCAUCAAAUGGGAAG,GGGGAGAUCACGGAGACAACUUCCCAUUUGAUGGGCCAGXXXXXXXXXXXXXXXXXX,0.6338553318419089,1,"0.87
GCCCAUCAAAUGGGAAGUU,AAGGGGAGAUCACGGAGACAACUUCCCAUUUGAUGGGCCXXXXXXXXXXXXXXXXXX,0.0014914243102162,0,"-2.49
GUUGUCUCCGUGAUCUCCC,UCAUAAUUGGCUUCGCAAGGGGAGAUCACGGAGACAACXXXXXXXXXXXXXXXXXXX,0.7024608501118568,1,"0.57
UGUCUCCGUGAUCUCCCCU,CAUCAUAAUUGGCUUCGCAAGGGGAGAUCACGGAGACAACXXXXXXXXXXXXXXXXX,0.7591349739000746,1,"-0.03
CUCCGUGAUCUCCCCUUGC,AGACAUCAUAAUUGGCUUCGCAAGGGGAGAUCACGGAGXXXXXXXXXXXXXXXXXXX,0.6748695003728561,1,"0.89
UCCGUGAUCUCCCCUUGCG,CAGACAUCAUAAUUGGCUUCGCAAGGGGAGAUCACGGAXXXXXXXXXXXXXXXXXXX,0.7255779269202088,1,"0.46
CGUGAUCUCCCCUUGCGAA,UGCAGACAUCAUAAUUGGCUUCGCAAGGGGAGAUCACGGXXXXXXXXXXXXXXXXXX,0.1998508575689783,0,"-1.43
UGAUCUCCCCUUGCGAAGC,ACUGCAGACAUCAUAAUUGGCUUCGCAAGGGGAGAUCACGGXXXXXXXXXXXXXXXX,0.785234899328859,1,"1.76
CCUUGCGAAGCCAAUUAUG,GUUGGGGGACUGCAGACAUCAUAAUUGGCUUCGCAAGGGGAGAUCACGGXXXXXXXX,0.4705443698732289,0,"-0.7
CUUGCGAAGCCAAUUAUGA,AGUUGGGGGACUGCAGACAUCAUAAUUGGCUUCGCAAGGGGAGAUCACGGXXXXXXX,0.5630126771066368,1,"-0.63
GAAGCCAAUUAUGAUGUCU,GGGUUAGUUGGGGGACUGCAGACAUCAUAAUUGGCUUCGCAAGGGGAGAUCACGGXX,0.7412378821774795,1,"-1.17
AAGCCAAUUAUGAUGUCUG,AGGGUUAGUUGGGGGACUGCAGACAUCAUAAUUGGCUUCGCAAGGGGAGAUCACGGX,0.7658463832960477,1,"1.63
AGCCAAUUAUGAUGUCUGC,GAGGGUUAGUUGGGGGACUGCAGACAUCAUAAUUGGCUUCGCAAGGGGAGAUCACGG,0.715137956748695,1,"1.79
CCCCAACUAACCCUCUUGA,UGCAAAUCCCACUGXAACUUCAAGAGGGUUAGUUGGGGGACUGCAGACAUCAUAAUU,0.3042505592841163,0,"-1.36
AGUGGGAUUUGCAUACUCC,XXXXXXXXXXXXXXAAUGUGGAGUAUGCAAAUCCCACUGXAACUUCAAGAGGGUUAG,0.72110365398956,1,"1.63
CUGGAAUGCCACUUAGGAC,UUCUCACUAAUGCCAAACAGUCCUAAGUGGCAUUCCAGAACXXXXXXXXXXXXXXXX,0.8165548098434005,1,"0.16
GAAUGCCACUUAGGACUGU,GAAUUCUCACUAAUGCCAAACAGUCCUAAGUGGCAUUCCAGAACXXXXXXXXXXXXX,0.4899328859060403,0,"-1.01
UGCCACUUAGGACUGUUUG,GCAGAAUUCUCACUAAUGCCAAACAGUCCUAAGUGGCAXXXXXXXXXXXXXXXXXXX,0.6055182699478002,1,"0.9
UUAGGACUGUUUGGCAUUA,GAUGUUGCAGAAUUCUCACUAAUGCCAAACAGUCCUAAXXXXXXXXXXXXXXXXXXX,0.7829977628635347,1,"0.4
UGGCAUUAGUGAGAAUUCU,GUGGAGUGCCAGAUGUUGCAGAAUUCUCACUAAUGCCAAXXXXXXXXXXXXXXXXXX,0.7971662938105891,1,"-0.03
GCAUUAGUGAGAAUUCUGC,GUGUGGAGUGCCAGAUGUUGCAGAAUUCUCACUAAUGCXXXXXXXXXXXXXXXXXXX,0.7032065622669649,1,"0.0
CAUUAGUGAGAAUUCUGCA,GGUGUGGAGUGCCAGAUGUUGCAGAAUUCUCACUAAUGCXXXXXXXXXXXXXXXXXX,0.5436241610738255,1,"-0.9
UUAGUGAGAAUUCUGCAAC,CAGGUGUGGAGUGCCAGAUGUUGCAGAAUUCUCACUAAUGCXXXXXXXXXXXXXXXX,0.9105145413870248,1,"1.76
AGUGAGAAUUCUGCAACAU,CCCAGGUGUGGAGUGCCAGAUGUUGCAGAAUUCUCACUXXXXXXXXXXXXXXXXXXX,0.5980611483967189,1,"-0.53
GUGAGAAUUCUGCAACAUC,GCCCAGGUGUGGAGUGCCAGAUGUUGCAGAAUUCUCACUXXXXXXXXXXXXXXXXXX,0.8903803131991052,1,"0.11
GAAUUCUGCAACAUCUGGC,AGAAGCCCAGGUGUGGAGUGCCAGAUGUUGCAGAAUUCUXXXXXXXXXXXXXXXXXX,0.7464578672632363,1,"0.62
UUCUGCAACAUCUGGCACU,UGCAGAAGCCCAGGUGUGGAGUGCCAGAUGUUGCAGAAXXXXXXXXXXXXXXXXXXX,0.8575689783743474,1,"0.7
UCUGCAACAUCUGGCACUC,AUGCAGAAGCCCAGGUGUGGAGUGCCAGAUGUUGCAGAAXXXXXXXXXXXXXXXXXX,0.7755406413124535,1,"0.9
UGCAACAUCUGGCACUCCA,UAAUGCAGAAGCCCAGGUGUGGAGUGCCAGAUGUUGCAGXXXXXXXXXXXXXXXXXX,0.6808351976137211,1,"0.0
AACAUCUGGCACUCCACAC,AGAUAAUGCAGAAGCCCAGGUGUGGAGUGCCAGAUGUUGCAGXXXXXXXXXXXXXXX,0.7002237136465324,1,"1.76
UCUGGCACUCCACACCUGG,AUGGAGAUAAUGCAGAAGCCCAGGUGUGGAGUGCCAGAUGUUGCAGXXXXXXXXXXX,0.6383296047725577,1,"1.36
CUGGCACUCCACACCUGGG,CAUGGAGAUAAUGCAGAAGCCCAGGUGUGGAGUGCCAGXXXXXXXXXXXXXXXXXXX,0.4526472781506338,0,"0.73
GCACUCCACACCUGGGCUU,UGUCAUGGAGAUAAUGCAGAAGCCCAGGUGUGGAGUGCCXXXXXXXXXXXXXXXXXX,0.3542132736763609,0,"-2.49
CACUCCACACCUGGGCUUC,GUGUCAUGGAGAUAAUGCAGAAGCCCAGGUGUGGAGUGXXXXXXXXXXXXXXXXXXX,0.7009694258016406,1,"0.24
CCACACCUGGGCUUCUGCA,CCCCGUGUCAUGGAGAUAAUGCAGAAGCCCAGGUGUGGAGUGXXXXXXXXXXXXXXX,0.4571215510812826,0,"-1.6
ACACCUGGGCUUCUGCAUU,CCCCCCGUGUCAUGGAGAUAAUGCAGAAGCCCAGGUGUGGAGUGXXXXXXXXXXXXX,0.6420581655480985,1,"-0.86
CUUCUGCAUUAUCUCCAUG,GAAAGCUGUCCCCCCGUGUCAUGGAGAUAAUGCAGAAGCCCAGGUGUGGAGUGXXXX,0.727069351230425,1,"0.03
UCUGCAUUAUCUCCAUGAC,UGGAAAGCUGUCCCCCCGUGUCAUGGAGAUAAUGCAGAAGCCCAGGUGUGGAGUGXX,0.8575689783743474,1,"0.79
UGCAUUAUCUCCAUGACAC,ACUGGAAAGCUGUCCCCCCGUGUCAUGGAGAUAAUGCAGAAGCCCAGGUGUGGAGUG,0.83668903803132,1,"1.03
GGACAGCUUUCCAGUCUCC,AGAAGUUCUUCGGUUUGCCGGAGACUGGAAAGCUGUCCCCXXXXXXXXXXXXXXXXX,0.6614466815809098,1,"0.0
GCUUUCCAGUCUCCGGCAA,AAUGCAGAAGUUCUUCGGUUUGCCGGAGACUGGAAAGCUGUCCCCXXXXXXXXXXXX,0.0141685309470544,0,"-2.49
UUCCAGUCUCCGGCAAACC,GGAAAUGCAGAAGUUCUUCGGUUUGCCGGAGACUGGAAAGCUGUCCCCXXXXXXXXX,0.7665920954511559,1,"2.33
UCCGGCAAACCGAAGAACU,AAACUGAGGGAAAUGCAGAAGUUCUUCGGUUUGCCGGAXXXXXXXXXXXXXXXXXXX,0.401193139448173,0,"-0.27
CCGGCAAACCGAAGAACUU,CAAACUGAGGGAAAUGCAGAAGUUCUUCGGUUUGCCGGAXXXXXXXXXXXXXXXXXX,0.0134228187919463,0,"-2.33
GAACUUCUGCAUUUCCCUC,CCAGUGCAGUGGACAAACUGAGGGAAAUGCAGAAGUUCUXXXXXXXXXXXXXXXXXX,0.727069351230425,1,"0.0
AACUUCUGCAUUUCCCUCA,ACCAGUGCAGUGGACAAACUGAGGGAAAUGCAGAAGUUCUXXXXXXXXXXXXXXXXX,0.773303504847129,1,"0.73
ACUUCUGCAUUUCCCUCAG,CACCAGUGCAGUGGACAAACUGAGGGAAAUGCAGAAGUUCUXXXXXXXXXXXXXXXX,0.6219239373601789,1,"0.74
UCUGCAUUUCCCUCAGUUU,GGCCACCAGUGCAGUGGACAAACUGAGGGAAAUGCAGAAGUUCUXXXXXXXXXXXXX,0.8657718120805369,1,"-0.97
CAUUUCCCUCAGUUUGUCC,AGAAGGCCACCAGUGCAGUGGACAAACUGAGGGAAAUGCAXXXXXXXXXXXXXXXXX,0.6189410887397464,1,"0.7
CCCUCAGUUUGUCCACUGC,AACAAAGAAGGCCACCAGUGCAGUGGACAAACUGAGGGXXXXXXXXXXXXXXXXXXX,0.2408650260999254,0,"0.16
UCAGUUUGUCCACUGCACU,UAAAACAAAGAAGGCCACCAGUGCAGUGGACAAACUGAGXXXXXXXXXXXXXXXXXX,0.8210290827740492,1,"-0.27
CAGUUUGUCCACUGCACUG,CUAAAACAAAGAAGGCCACCAGUGCAGUGGACAAACUGAGXXXXXXXXXXXXXXXXX,0.7457121551081283,1,"0.0
CCACUGCACUGGUGGCCUU,UCACGACUCUAAAACAAAGAAGGCCACCAGUGCAGUGGXXXXXXXXXXXXXXXXXXX,0.1662938105891126,0,"-2.33
GCACUGGUGGCCUUCUUUG,UACCUUCACGACUCUAAAACAAAGAAGGCCACCAGUGCXXXXXXXXXXXXXXXXXXX,0.284862043251305,0,"-0.86
ACUGGUGGCCUUCUUUGUU,UUUACCUUCACGACUCUAAAACAAAGAAGGCCACCAGUXXXXXXXXXXXXXXXXXXX,0.6495152870991797,1,"-0.86
UGGUGGCCUUCUUUGUUUU,AUUUUACCUUCACGACUCUAAAACAAAGAAGGCCACCAGUXXXXXXXXXXXXXXXXX,0.3407904548844146,0,"-0.73
UGGCCUUCUUUGUUUUAGA,GAAAUUUUACCUUCACGACUCUAAAACAAAGAAGGCCACXXXXXXXXXXXXXXXXXX,0.7136465324384788,1,"0.24
CUUCUUUGUUUUAGAGUCG,UUAGGAAAUUUUACCUUCACGACUCUAAAACAAAGAAGGXXXXXXXXXXXXXXXXXX,0.8448918717375093,1,"-0.17
CUUUGUUUUAGAGUCGUGA,AUCUUAGGAAAUUUUACCUUCACGACUCUAAAACAAAGXXXXXXXXXXXXXXXXXXX,0.8053691275167786,1,"-0.63
UGUUUUAGAGUCGUGAAGG,AUUAUCUUAGGAAAUUUUACCUUCACGACUCUAAAACAAAXXXXXXXXXXXXXXXXX,0.9410887397464579,1,"1.6
UUUUAGAGUCGUGAAGGUA,GAAUUAUCUUAGGAAAUUUUACCUUCACGACUCUAAAAXXXXXXXXXXXXXXXXXXX,0.8202833706189412,1,"0.4
UUUAGAGUCGUGAAGGUAA,AGAAUUAUCUUAGGAAAUUUUACCUUCACGACUCUAAAAXXXXXXXXXXXXXXXXXX,0.9753914988814318,1,"0.0
UUAGAGUCGUGAAGGUAAA,CAGAAUUAUCUUAGGAAAUUUUACCUUCACGACUCUAAAAXXXXXXXXXXXXXXXXX,0.8202833706189412,1,"0.0
GAGUCGUGAAGGUAAAAUU,GCGCAGAAUUAUCUUAGGAAAUUUUACCUUCACGACUCUAXXXXXXXXXXXXXXXXX,0.5674869500372857,1,"-1.87
AGUCGUGAAGGUAAAAUUU,GGCGCAGAAUUAUCUUAGGAAAUUUUACCUUCACGACUXXXXXXXXXXXXXXXXXXX,0.5548098434004475,1,"-0.7
UCGUGAAGGUAAAAUUUCC,CAGGCGCAGAAUUAUCUUAGGAAAUUUUACCUUCACGACXXXXXXXXXXXXXXXXXX,0.9463087248322148,1,"1.36
GUGAAGGUAAAAUUUCCUA,AACAGGCGCAGAAUUAUCUUAGGAAAUUUUACCUUCACGXXXXXXXXXXXXXXXXXX,0.6428038777032066,1,"-1.36
AGGUAAAAUUUCCUAAGAU,UGGGAACAGGCGCAGAAUUAUCUUAGGAAAUUUUACCUXXXXXXXXXXXXXXXXXXX,0.5935868754660701,1,"-0.53
GGUAAAAUUUCCUAAGAUA,GUGGGAACAGGCGCAGAAUUAUCUUAGGAAAUUUUACCUXXXXXXXXXXXXXXXXXX,0.2117822520507084,0,"-1.93
AAAUUUCCUAAGAUAAUUC,UUCAGUGGGAACAGGCGCAGAAUUAUCUUAGGAAAUUUUACCUXXXXXXXXXXXXXX,0.8665175242356451,1,"1.87
UUUCCUAAGAUAAUUCUGC,CACUUCAGUGGGAACAGGCGCAGAAUUAUCUUAGGAAAUUUUACCUXXXXXXXXXXX,0.9813571961222968,1,"2.49
CCUAAGAUAAUUCUGCGCC,CCGCACUUCAGUGGGAACAGGCGCAGAAUUAUCUUAGGXXXXXXXXXXXXXXXXXXX,1.0,1,"0.0
CUAAGAUAAUUCUGCGCCU,ACCGCACUUCAGUGGGAACAGGCGCAGAAUUAUCUUAGGXXXXXXXXXXXXXXXXXX,0.4921700223713647,0,"-0.9
AAGAUAAUUCUGCGCCUGU,UGACCGCACUUCAGUGGGAACAGGCGCAGAAUUAUCUUAGGXXXXXXXXXXXXXXXX,0.5637583892617449,1,"0.86
AUAAUUCUGCGCCUGUUCC,AAGUGACCGCACUUCAGUGGGAACAGGCGCAGAAUUAUXXXXXXXXXXXXXXXXXXX,0.7762863534675615,1,"2.16
UAAUUCUGCGCCUGUUCCC,GAAGUGACCGCACUUCAGUGGGAACAGGCGCAGAAUUAXXXXXXXXXXXXXXXXXXX,0.6979865771812082,1,"1.93
AAUUCUGCGCCUGUUCCCA,AGAAGUGACCGCACUUCAGUGGGAACAGGCGCAGAAUUXXXXXXXXXXXXXXXXXXX,0.3489932885906041,0,"0.73
CUGUUCCCACUGAAGUGCG,AGGAAGCCGGAGAAGUGACCGCACUUCAGUGGGAACAGGXXXXXXXXXXXXXXXXXX,0.6793437733035049,1,"-0.17
UGUUCCCACUGAAGUGCGG,CAGGAAGCCGGAGAAGUGACCGCACUUCAGUGGGAACAGGXXXXXXXXXXXXXXXXX,0.6830723340790456,1,"1.6
CACUGAAGUGCGGUCACUU,CUGUCCCAGGAAGCCGGAGAAGUGACCGCACUUCAGUGGGAAXXXXXXXXXXXXXXX,0.5943325876211782,1,"-1.63
ACUGAAGUGCGGUCACUUC,ACUGUCCCAGGAAGCCGGAGAAGUGACCGCACUUCAGUGGGAAXXXXXXXXXXXXXX,0.3020134228187919,0,"1.01
CUGAAGUGCGGUCACUUCU,CACUGUCCCAGGAAGCCGGAGAAGUGACCGCACUUCAGUGGGAAXXXXXXXXXXXXX,0.2453392990305742,0,"-0.9
AGUGCGGUCACUUCUCCGG,CUGCCACUGUCCCAGGAAGCCGGAGAAGUGACCGCACUUCXXXXXXXXXXXXXXXXX,0.7039522744220731,1,"1.63
GGUCACUUCUCCGGCUUCC,UGGCCCUGCCACUGUCCCAGGAAGCCGGAGAAGUGACCXXXXXXXXXXXXXXXXXXX,0.6189410887397464,1,"0.0
CACUUCUCCGGCUUCCUGG,GCCUGGCCCUGCCACUGUCCCAGGAAGCCGGAGAAGUGACCXXXXXXXXXXXXXXXX,0.5384041759880686,1,"0.7
ACUUCUCCGGCUUCCUGGG,UGCCUGGCCCUGCCACUGUCCCAGGAAGCCGGAGAAGUGACCXXXXXXXXXXXXXXX,0.4787472035794183,0,"1.47
GGCUUCCUGGGACAGUGGC,XXXCAGGCUGCCUGGCCCUGCCACUGUCCCAGGAAGCCGGAGAAXXXXXXXXXXXXX,0.4921700223713647,0,"0.16
UUCCUGGGACAGUGGCAGG,XXXXXXCAGGCUGCCUGGCCCUGCCACUGUCCCAGGAAGCCGGAGAAXXXXXXXXXX,0.5063385533184191,0,"2.33
UGGGACAGUGGCAGGGCCA,XXXXXXXXXXCAGGCUGCCUGGCCCUGCCACUGUCCCAGGAAGCCGGAGAAXXXXXX,0.6979865771812082,1,"0.0
AGUGGCAGGGCCAGGCAGC,XXXXXXXXXXXXXXXXCAGGCUGCCUGGCCCUGCCACUGUCCCAGGAAGCCGGAGAA,0.4794929157345265,0,"1.79
GGCCGAGCGGCCUCGGUCC,UCGGAGCUCAAGGACUUCGGGACCGAGGCCGCUCGGCCXXXXXXXXXXXXXXXXXXX,0.378076062639821,0,"0.0
GGCCUCGGUCCCGAAGUCC,ACAACCAGUCGGAGCUCAAGGACUUCGGGACCGAGGCCGCUCGGCCXXXXXXXXXXX,0.401193139448173,0,"0.0
CCUCGGUCCCGAAGUCCUU,CCACAACCAGUCGGAGCUCAAGGACUUCGGGACCGAGGXXXXXXXXXXXXXXXXXXX,0.4377330350484713,0,"-2.33
UCGGUCCCGAAGUCCUUGA,UUCCACAACCAGUCGGAGCUCAAGGACUUCGGGACCGAGGXXXXXXXXXXXXXXXXX,0.4571215510812826,0,"0.0
CGGUCCCGAAGUCCUUGAG,CUUCCACAACCAGUCGGAGCUCAAGGACUUCGGGACCGAGGXXXXXXXXXXXXXXXX,0.4668158090976883,0,"0.17
GUCCCGAAGUCCUUGAGCU,CGCUUCCACAACCAGUCGGAGCUCAAGGACUUCGGGACCGAGGXXXXXXXXXXXXXX,0.482475764354959,0,"-1.06
CCCGAAGUCCUUGAGCUCC,CCCGCUUCCACAACCAGUCGGAGCUCAAGGACUUCGGGACCGAGGXXXXXXXXXXXX,0.5592841163310962,1,"0.0
CGAAGUCCUUGAGCUCCGA,CACCCGCUUCCACAACCAGUCGGAGCUCAAGGACUUCGGGACCGAGGXXXXXXXXXX,0.4608501118568233,0,"-0.46
GAGCUCCGACUGGUUGUGG,GCAAGCGCCUCACCCGCUUCCACAACCAGUCGGAGCUCAAGGACUUCGGGACCGAGG,0.6025354213273677,1,"0.46
AGCGGGUGAGGCGCUUGCA,CCUGGUGGCCUCGUGCAAGUGCAAGCGCCUCACCCGCUUXXXXXXXXXXXXXXXXXX,0.4936614466815809,0,"0.03
GGUGAGGCGCUUGCACUUG,UGCGCCUGGUGGCCUCGUGCAAGUGCAAGCGCCUCACCCGCUUXXXXXXXXXXXXXX,0.5130499627143922,0,"-0.7
ACUUGCACGAGGCCACCAG,GCGCGCGCGCAAGGUGCGCCUGGUGGCCUCGUGCAAGUGCAAXXXXXXXXXXXXXXX,0.3914988814317673,0,"0.74
GAGGCCACCAGGCGCACCU,GAGGCGCCGCGCGCGCGCAAGGUGCGCCUGGUGGCCUCGUGCAXXXXXXXXXXXXXX,0.5309470544369873,1,"-1.17
CCAGGCGCACCUUGCGCGC,CGGUGGUGAGGCGCCGCGCGCGCGCAAGGUGCGCCUGGUGXXXXXXXXXXXXXXXXX,0.3079791200596569,0,"0.16
CGCACCUUGCGCGCGCGCG,UGUCCCGGUGGUGAGGCGCCGCGCGCGCGCAAGGUGCGCCUGXXXXXXXXXXXXXXX,0.4519015659955257,0,"0.0
CACCUUGCGCGCGCGCGGC,UGUGUCCCGGUGGUGAGGCGCCGCGCGCGCGCAAGGUGCXXXXXXXXXXXXXXXXXX,0.4258016405667412,0,"0.86
GCGCGCGCGGCGCCUCACC,GCAGCUGCUGUGUCCCGGUGGUGAGGCGCCGCGCGCGCGCXXXXXXXXXXXXXXXXX,0.1938851603281133,0,"-0.16
GCGCGCGGCGCCUCACCAC,GUGCAGCUGCUGUGUCCCGGUGGUGAGGCGCCGCGCGCGCGCXXXXXXXXXXXXXXX,0.4862043251304996,0,"-0.73
CGCGGCGCCUCACCACCGG,CGCGUGCAGCUGCUGUGUCCCGGUGGUGAGGCGCCGCGCGCGCGCXXXXXXXXXXXX,0.2669649515287099,0,"0.9
CGCCUCACCACCGGGACAC,CGCAGCGCGUGCAGCUGCUGUGUCCCGGUGGUGAGGCGCCGCGCGCGCGCXXXXXXX,0.4690529455630127,0,"0.33
CCACCGGGACACAGCAGCU,UACCGCGCGCAGCGCGUGCAGCUGCUGUGUCCCGGUGGUGAGGCGCCGCGCGCGCGC,0.4921700223713647,0,"-1.63
CACGCGCUGCGCGCGGUAG,UCCGCUGCAUCCCCGACCGCUACCGCGCGCAGCGCGUGCAGCUGCUGUGUCCCGGUX,0.3765846383296047,0,"-0.03
ACGCGCUGCGCGCGGUAGC,UUCCGCUGCAUCCCCGACCGCUACCGCGCGCAGCGCGUGCAGCUGCUGUGUCCCGGU,0.3862788963460105,0,"1.63
GUCGGGCCCACUAGGUCGC,UCGGCCGCGGCAAGUGGUGGCGACCUAGUGGGCCCGACXXXXXXXXXXXXXXXXXXX,0.4921700223713647,0,"0.73
CCACUAGGUCGCCACCACU,AACGCCAUCGGCCGCGGCAAGUGGUGGCGACCUAGUGGGCCCGACXXXXXXXXXXXX,0.5883668903803132,1,"-1.63
ACUAGGUCGCCACCACUUG,CCAACGCCAUCGGCCGCGGCAAGUGGUGGCGACCUAGUGGGCCCGACXXXXXXXXXX,0.4809843400447428,0,"0.77
CACCACUUGCCGCGGCCGA,CGCCUGCUGCCCAACGCCAUCGGCCGCGGCAAGUGGUGXXXXXXXXXXXXXXXXXXX,0.4921700223713647,0,"-0.66
GCGGCCGAUGGCGUUGGGC,GCGGCCCGGCGCGCCUGCUGCCCAACGCCAUCGGCCGCGGCAAGXXXXXXXXXXXXX,0.4794929157345265,0,"0.0
UGGCGUUGGGCAGCAGGCG,CGGCCAGUGCGGCCCGGCGCGCCUGCUGCCCAACGCCAUCGGCCGXXXXXXXXXXXX,0.4817300521998509,0,"0.7
UUGGGCAGCAGGCGCGCCG,UGCUCCGGCCAGUGCGGCCCGGCGCGCCUGCUGCCCAACXXXXXXXXXXXXXXXXXX,0.6308724832214765,1,"1.43
GCAGGCGCGCCGGGCCGCA,GCUGGUGUGCUCCGGCCAGUGCGGCCCGGCGCGCCUGCUGCCCAACXXXXXXXXXXX,0.3885160328113348,0,"-1.76
GGGCCGCACUGGCCGGAGC,CCGGUCACCGAGCUGGUGUGCUCCGGCCAGUGCGGCCCGXXXXXXXXXXXXXXXXXX,0.395227442207308,0,"0.16
CACACCAGCUCGGUGACCG,CCGUGCCGCAGCGCCAAGCCGGUCACCGAGCUGGUGUGXXXXXXXXXXXXXXXXXXX,0.3892617449664429,0,"-0.2
CUCGGUGACCGGCUUGGCG,CCGAUGGGCCGUGCCGCAGCGCCAAGCCGGUCACCGAGXXXXXXXXXXXXXXXXXXX,0.4407158836689038,0,"-0.17
GGUGACCGGCUUGGCGCUG,UGACCGAUGGGCCGUGCCGCAGCGCCAAGCCGGUCACCGAGXXXXXXXXXXXXXXXX,0.3765846383296047,0,"-0.7
GACCGGCUUGGCGCUGCGG,ACGUGACCGAUGGGCCGUGCCGCAGCGCCAAGCCGGUCACCGAGXXXXXXXXXXXXX,0.3825503355704698,0,"0.46
CGGCUUGGCGCUGCGGCAC,GCUACGUGACCGAUGGGCCGUGCCGCAGCGCCAAGCCGGUCACCGAGXXXXXXXXXX,0.3698732289336316,0,"0.33
GCUUGGCGCUGCGGCACGG,CCGCUACGUGACCGAUGGGCCGUGCCGCAGCGCCAAGCXXXXXXXXXXXXXXXXXXX,0.3765846383296047,0,"-0.16
GCUGCGGCACGGCCCAUCG,ACUUCACCCGCUACGUGACCGAUGGGCCGUGCCGCAGCGXXXXXXXXXXXXXXXXXX,0.3803131991051454,0,"-1.06
CUGCGGCACGGCCCAUCGG,CACUUCACCCGCUACGUGACCGAUGGGCCGUGCCGCAGCGXXXXXXXXXXXXXXXXX,0.4049217002237136,0,"0.73
CCCAUCGGUCACGUAGCGG,GCCGCGAGCUGCACUUCACCCGCUACGUGACCGAUGGGCXXXXXXXXXXXXXXXXXX,0.482475764354959,0,"0.0
CCAUCGGUCACGUAGCGGG,UGCCGCGAGCUGCACUUCACCCGCUACGUGACCGAUGGGCXXXXXXXXXXXXXXXXX,0.5786726323639075,1,"0.0
CGGUCACGUAGCGGGUGAA,CAGCUGCCGCGAGCUGCACUUCACCCGCUACGUGACCGAUGGGCXXXXXXXXXXXXX,0.4287844891871737,0,"-1.43
GGUCACGUAGCGGGUGAAG,ACAGCUGCCGCGAGCUGCACUUCACCCGCUACGUGACCGAUGGGCXXXXXXXXXXXX,0.4429530201342281,0,"-0.73
GUAGCGGGUGAAGUGCAGC,CCGAGUACAGCUGCCGCGAGCUGCACUUCACCCGCUACGUGACCGAUGGGCXXXXXX,0.5622669649515287,1,"0.73
GGGUGAAGUGCAGCUCGCG,CGUGUCCGAGUACAGCUGCCGCGAGCUGCACUUCACCCXXXXXXXXXXXXXXXXXXX,0.4086502609992543,0,"-0.9
GGUGAAGUGCAGCUCGCGG,ACGUGUCCGAGUACAGCUGCCGCGAGCUGCACUUCACCXXXXXXXXXXXXXXXXXXX,0.4981357196122297,0,"0.0
GCAGCUGUACUCGGACACG,ACCCCUUUGAGACCAAAGACGUGUCCGAGUACAGCUGCCGCGAGCUGCACUUCXXXX,0.4086502609992543,0,"-1.06
CAGCUGUACUCGGACACGU,CACCCCUUUGAGACCAAAGACGUGUCCGAGUACAGCUGXXXXXXXXXXXXXXXXXXX,0.5585384041759881,1,"-0.77
AGCUGUACUCGGACACGUC,CCACCCCUUUGAGACCAAAGACGUGUCCGAGUACAGCUGXXXXXXXXXXXXXXXXXX,0.5652498135719612,1,"1.17
CUGUACUCGGACACGUCUU,CACCACCCCUUUGAGACCAAAGACGUGUCCGAGUACAGCUGXXXXXXXXXXXXXXXX,0.6495152870991797,1,"-1.6
CUUUGGUCUCAAAGGGGUG,CGGAGGGCGGCCUCCCCACCACCCCUUUGAGACCAAAGACGUXXXXXXXXXXXXXXX,0.5384041759880686,1,"0.03
GGUGGUGGGGAGGCCGCCC,GAACCGGGCGGAGAACGGAGGGCGGCCUCCCCACCACCCCUUUGAGACCAXXXXXXX,0.4794929157345265,0,"0.0
GGGAGGCCGCCCUCCGUUC,AGACCAUGAACCGGGCGGAGAACGGAGGGCGGCCUCCCXXXXXXXXXXXXXXXXXXX,0.3922445935868754,0,"-0.46
UCUCCGCCCGGUUCAUGGU,GGAGCUGGAGAACAACAAGACCAUGAACCGGGCGGAGAACGGAGGGCGGXXXXXXXX,0.5182699478001491,0,"-0.11
UCCGCCCGGUUCAUGGUCU,CCGGAGCUGGAGAACAACAAGACCAUGAACCGGGCGGAGAACGGAGGGCGGXXXXXX,0.5876211782252051,1,"-0.27
CCCGGUUCAUGGUCUUGUU,UCCACCGGAGCUGGAGAACAACAAGACCAUGAACCGGGCXXXXXXXXXXXXXXXXXX,0.5197613721103653,0,"-2.33
CGGUUCAUGGUCUUGUUGU,CCUCCACCGGAGCUGGAGAACAACAAGACCAUGAACCGXXXXXXXXXXXXXXXXXXX,0.3892617449664429,0,"-0.57
GUUGUUCUCCAGCUCCGGU,GAGAGUACCCCGAGCCUCCACCGGAGCUGGAGAACAACAAGACCAUGAACCGXXXXX,0.6211782252050708,1,"-0.9
UGUUCUCCAGCUCCGGUGG,CGGAGAGUACCCCGAGCCUCCACCGGAGCUGGAGAACAACAAGACCAUGAACCGXXX,0.6465324384787472,1,"1.6
UCUCCAGCUCCGGUGGAGG,GCUCGGAGAGUACCCCGAGCCUCCACCGGAGCUGGAGAAXXXXXXXXXXXXXXXXXX,0.5130499627143922,0,"1.36
GCUCGGGGUACUCUCCGAG,CACGGAAAUCAUCCCCGAGCUCGGAGAGUACCCCGAGCCUCCAXXXXXXXXXXXXXX,0.3310961968680089,0,"-0.89
CUCUCCGAGCUCGGGGAUG,AGAAUGAUGCCACGGAAAUCAUCCCCGAGCUCGGAGAGUACCCCGAGCCUCCAXXXX,0.3795674869500373,0,"0.03
CCGAGCUCGGGGAUGAUUU,UUCAAGAAUGAUGCCACGGAAAUCAUCCCCGAGCUCGGAXXXXXXXXXXXXXXXXXX,0.3713646532438479,0,"-2.33
UCCGUGGCAUCAUUCUUGA,GGCCAGGGGUGGCAGGCGUUCAAGAAUGAUGCCACGGAAXXXXXXXXXXXXXXXXXX,0.5123042505592842,0,"0.0
UGGCAUCAUUCUUGAACGC,GGAGGGCCAGGGGUGGCAGGCGUUCAAGAAUGAUGCCACXXXXXXXXXXXXXXXXXX,0.6964951528709918,1,"1.76
CAUCAUUCUUGAACGCCUG,AGUGGAGGGCCAGGGGUGGCAGGCGUUCAAGAAUGAUGCXXXXXXXXXXXXXXXXXX,0.6144668158090977,1,"0.0
CUUGAACGCCUGCCACCCC,UCCGUGUAGUGGAGGGCCAGGGGUGGCAGGCGUUCAAGAXXXXXXXXXXXXXXXXXX,0.3631618195376584,0,"0.73
AACGCCUGCCACCCCUGGC,XXCUUCCGUGUAGUGGAGGGCCAGGGGUGGCAGGCGUUCAAGAXXXXXXXXXXXXXX,0.5794183445190156,1,"2.49
CCUGCCACCCCUGGCCCUC,XXXXXXCUUCCGUGUAGUGGAGGGCCAGGGGUGGCAGGCGUUCAAGAXXXXXXXXXX,0.5302013422818792,1,"-0.46
GCCACCCCUGGCCCUCCAC,XXXXXXXXXCUUCCGUGUAGUGGAGGGCCAGGGGUGGCAGGCGUUCAAGAXXXXXXX,0.3937360178970917,0,"-0.73
CACCCCUGGCCCUCCACUA,XXXXXXXXXXXCUUCCGUGUAGUGGAGGGCCAGGGGUGGCAGGCGUUCAAGAXXXXX,0.5369127516778524,1,"-1.23
ACCCCUGGCCCUCCACUAC,XXXXXXXXXXXXCUUCCGUGUAGUGGAGGGCCAGGGGUGGCAGGCGUUCAAGAXXXX,0.4735272184936615,0,"0.9
CCUGGCCCUCCACUACACG,XXXXXXXXXXXXXXXCUUCCGUGUAGUGGAGGGCCAGGGGUGGCAGGCGUUCAAGAX,0.4526472781506338,0,"-0.9
CUGGCCCUCCACUACACGG,XXXXXXXXXXXXXXXXCUUCCGUGUAGUGGAGGGCCAGGGGUGGCAGGCGUUCAAGA,0.4116331096196868,0,"0.73
CUGACAGCGCCACCGCAGC,AGUCCGUGCACCUCACGGUGCUGCGGUGGCGCUGUCAGCGGCGCGGXXXXXXXXXXX,0.6002982848620433,1,"0.89
CCACCGCAGCACCGUGAGG,AGCCGUCCAAGUCCGUGCACCUCACGGUGCUGCGGUGGCXXXXXXXXXXXXXXXXXX,0.5227442207307978,1,"0.0
ACCGCAGCACCGUGAGGUG,CAAGCCGUCCAAGUCCGUGCACCUCACGGUGCUGCGGUGGCXXXXXXXXXXXXXXXX,0.4198359433258761,0,"0.77
GAGGUGCACGGACUUGGAC,AGGGCAUGGUGUGCAAGCCGUCCAAGUCCGUGCACCUCXXXXXXXXXXXXXXXXXXX,0.4153616703952275,0,"-0.11
GUGCACGGACUUGGACGGC,CCGAGGGCAUGGUGUGCAAGCCGUCCAAGUCCGUGCACCUCXXXXXXXXXXXXXXXX,0.4929157345264728,0,"0.73
GGACUUGGACGGCUUGCAC,CCGUGCCCGAGGGCAUGGUGUGCAAGCCGUCCAAGUCCGUGCACCUCXXXXXXXXXX,0.5622669649515287,1,"-0.57
UGGACGGCUUGCACACCAU,GUGCUCCGUGCCCGAGGGCAUGGUGUGCAAGCCGUCCAAGUCCGUGCACCUCXXXXX,0.6428038777032066,1,"-0.56
ACGGCUUGCACACCAUGCC,CUCGUGCUCCGUGCCCGAGGGCAUGGUGUGCAAGCCGUCCAAGUCCGUGCACCUCXX,0.5898583146905295,1,"1.47
GGCUUGCACACCAUGCCCU,CGCUCGUGCUCCGUGCCCGAGGGCAUGGUGUGCAAGCCGUCCAAGUCCGUGCACCUC,0.5645041014168531,1,"-1.63
CGGAGCACGAGCGCUUACU,GAAGGUGGGCAGCUGCUUCAGUAAGCGCUCGUGCUCCGUGCCCGAGXXXXXXXXXXX,0.3803131991051454,0,"-0.73
CACGAGCGCUUACUGAAGC,UACGUGAAGGUGGGCAGCUGCUUCAGUAAGCGCUCGUGCUCCGUGCCCGAGXXXXXX,0.6316181953765846,1,"0.86
GCGCUUACUGAAGCAGCUG,CGCGCUACGUGAAGGUGGGCAGCUGCUUCAGUAAGCGCUCGUGCUCCGUGCCCGAGX,0.4213273676360924,0,"-0.86
CGCUUACUGAAGCAGCUGC,CCGCGCUACGUGAAGGUGGGCAGCUGCUUCAGUAAGCGCUCGUGCUCCGUGCCCGAG,0.4705443698732289,0,"1.06
CGCGGCCAAAAGCGGCUGC,UACGCGUGGAACGACCUGGGCAGCCGCUUUUGGCCGCGXXXXXXXXXXXXXXXXXXX,0.3460104399701715,0,"1.06
AAAAGCGGCUGCCCAGGUC,CGUGCUGUACGCGUGGAACGACCUGGGCAGCCGCUUUUGGXXXXXXXXXXXXXXXXX,0.5749440715883669,1,"1.87
AAGCGGCUGCCCAGGUCGU,CCCGUGCUGUACGCGUGGAACGACCUGGGCAGCCGCUUXXXXXXXXXXXXXXXXXXX,0.3810589112602535,0,"0.86
GCGGCUGCCCAGGUCGUUC,GCCCCGUGCUGUACGCGUGGAACGACCUGGGCAGCCGCUUXXXXXXXXXXXXXXXXX,0.4407158836689038,0,"-0.62
CGGCUGCCCAGGUCGUUCC,UGCCCCGUGCUGUACGCGUGGAACGACCUGGGCAGCCGCUUXXXXXXXXXXXXXXXX,0.384041759880686,0,"0.9
CCAGGUCGUUCCACGCGUA,GACAUUCUGCCCCGUGCUGUACGCGUGGAACGACCUGGGXXXXXXXXXXXXXXXXXX,0.3862788963460105,0,"-1.93
UCGUUCCACGCGUACAGCA,UCGCAGACAUUCUGCCCCGUGCUGUACGCGUGGAACGAXXXXXXXXXXXXXXXXXXX,0.6353467561521253,1,"-0.24
UCCACGCGUACAGCACGGG,GUGGUCGCAGACAUUCUGCCCCGUGCUGUACGCGUGGAAXXXXXXXXXXXXXXXXXX,0.4496644295302013,0,"1.36
GCGUACAGCACGGGGCAGA,UGGCUGUGGUCGCAGACAUUCUGCCCCGUGCUGUACGCGUGGXXXXXXXXXXXXXXX,0.4548844146159582,0,"-1.52
GUACAGCACGGGGCAGAAU,UGUGGCUGUGGUCGCAGACAUUCUGCCCCGUGCUGUACGXXXXXXXXXXXXXXXXXX,0.3803131991051454,0,"-1.59
ACAGCACGGGGCAGAAUGU,GAUGUGGCUGUGGUCGCAGACAUUCUGCCCCGUGCUGUXXXXXXXXXXXXXXXXXXX,0.4474272930648769,0,"0.0
ACGGGGCAGAAUGUCUGCG,UUACAGAUGUGGCUGUGGUCGCAGACAUUCUGCCCCGUGCUGUXXXXXXXXXXXXXX,0.395227442207308,0,"0.57
CGGGGCAGAAUGUCUGCGA,GUUACAGAUGUGGCUGUGGUCGCAGACAUUCUGCCCCGUGCUGUXXXXXXXXXXXXX,0.354958985831469,0,"-0.46
GGCAGAAUGUCUGCGACCA,GAAGUUACAGAUGUGGCUGUGGUCGCAGACAUUCUGCCCCGUGCUGUXXXXXXXXXX,0.3020134228187919,0,"-1.6
CAGAAUGUCUGCGACCACA,AGGAAGUUACAGAUGUGGCUGUGGUCGCAGACAUUCUGCCCCGUGCUGUXXXXXXXX,0.4287844891871737,0,"-0.9
UGUCUGCGACCACAGCCAC,UGCGGAGGAAGUUACAGAUGUGGCUGUGGUCGCAGACAUUCUGCCCCGUGCUGUXXX,0.6211782252050708,1,"1.03
CUGCGACCACAGCCACAUC,AGCUGCGGAGGAAGUUACAGAUGUGGCUGUGGUCGCAGACAUUCUGCCCCGUGCUGU,0.6092468307233407,1,"0.27
UAACUUCCUCCGCAGCUUC,AGAAGCAGCGCCUAAGCAAGAAGCUGCGGAGGAAGUUACXXXXXXXXXXXXXXXXXX,0.7606263982102909,1,"1.47
UCCUCCGCAGCUUCUUGCU,GGGCAAGAAGCAGCGCCUAAGCAAGAAGCUGCGGAGGAXXXXXXXXXXXXXXXXXXX,0.7285607755406414,1,"-0.27
CGCAGCUUCUUGCUUAGGC,GCCCAGGGCAAGAAGCAGCGCCUAAGCAAGAAGCUGCGGAGGAXXXXXXXXXXXXXX,0.639075316927666,1,"1.06
GCUUCUUGCUUAGGCGCUG,CUUGGCCCAGGGCAAGAAGCAGCGCCUAAGCAAGAAGCUXXXXXXXXXXXXXXXXXX,0.4668158090976883,0,"-0.86
CUUGCUUAGGCGCUGCUUC,AGGGCUUGGCCCAGGGCAAGAAGCAGCGCCUAAGCAAGAAGCUXXXXXXXXXXXXXX,0.6189410887397464,1,"0.27
UUAGGCGCUGCUUCUUGCC,CUCCGAGGGCUUGGCCCAGGGCAAGAAGCAGCGCCUAAGCAAGAAGCUXXXXXXXXX,0.6808351976137211,1,"2.33
UAGGCGCUGCUUCUUGCCC,UCUCCGAGGGCUUGGCCCAGGGCAAGAAGCAGCGCCUAAGCAAGAAGCUXXXXXXXX,0.6957494407158837,1,"1.93
GCUUCUUGCCCUGGGCCAA,GCUAGAGUUCUCCGAGGGCUUGGCCCAGGGCAAGAAGCAGCXXXXXXXXXXXXXXXX,0.3064876957494407,0,"-2.49
CAAGCCCUCGGAGAACUCU,CGAGCGAGAUCAAAGGGCUAGAGUUCUCCGAGGGCUUGGCCXXXXXXXXXXXXXXXX,0.4108873974645787,0,"-0.93
GAACUCUAGCCCUUUGAUC,CGGGGGCCAUGCCGAGCGAGAUCAAAGGGCUAGAGUUCUCCGAGGGCUUGGCCXXXX,0.5838926174496645,1,"0.0
UCUAGCCCUUUGAUCUCGC,CCGUCGGGGGCCAUGCCGAGCGAGAUCAAAGGGCUAGAGUUCUCCGAGGGCUUGGCC,0.72110365398956,1,"1.52
CCCCGACGGCCGCUGCCGC,CGGAGCUGGACCAGCUGCUGCGGCAGCGGCCGUCGGGGGCXXXXXXXXXXXXXXXXX,0.5257270693512304,1,"0.16
CCGCUGCCGCAGCAGCUGG,AGGACCUGGCGGAGCUGGACCAGCUGCUGCGGCAGCGGCCGUCXXXXXXXXXXXXXX,0.5838926174496645,1,"0.0
GCUGCCGCAGCAGCUGGUC,GGAGGACCUGGCGGAGCUGGACCAGCUGCUGCGGCAGCGGCCGUCXXXXXXXXXXXX,0.4116331096196868,0,"-0.62
GCAGCAGCUGGUCCAGCUC,GGGCGCGGAGGACCUGGCGGAGCUGGACCAGCUGCUGCGGCAGCGGCCGUCXXXXXX,0.5354213273676359,1,"-0.62
GCUGGUCCAGCUCCGCCAG,AGCUGGGGGCGCGGAGGACCUGGCGGAGCUGGACCAGCUGCUGCGGCAGCGGCCGUC,0.4377330350484713,0,"-0.89
GCGAGGUGGCCAUGAAGCC,CGGGGGCCACUACGACCCAGGCUUCAUGGCCACCUCGCCCCCCGAGGACCGXXXXXX,0.4817300521998509,0,"-0.16
UGGCCAUGAAGCCUGGGUC,GCUGCUCGGGGGCCACUACGACCCAGGCUUCAUGGCCACCUCGCCCCCCGAGGACCG,0.6159582401193139,1,"1.14
CCCGAGCAGCGAGCGCAGC,AGGAUCUGAACGAGACGCUGCUGCGCUCGCUGCUCGGGGGCCAXXXXXXXXXXXXXX,0.5003728560775541,0,"0.16
GAGCAGCGAGCGCAGCAGC,AAAAGGAUCUGAACGAGACGCUGCUGCGCUCGCUGCUCGGGGGCCAXXXXXXXXXXX,0.5876211782252051,1,"0.62
AGCAGCGAGCGCAGCAGCG,GAAAAGGAUCUGAACGAGACGCUGCUGCGCUCGCUGCUCGGGGGCCAXXXXXXXXXX,0.5473527218493661,1,"0.73
CAGCGAGCGCAGCAGCGUC,AGGAAAAGGAUCUGAACGAGACGCUGCUGCGCUCGCUGCUCGGGGGCCAXXXXXXXX,0.5287099179716629,1,"0.24
GCGCAGCAGCGUCUCGUUC,ACCCCAAGGAAAAGGAUCUGAACGAGACGCUGCUGCGCUCGCXXXXXXXXXXXXXXX,0.5525727069351231,1,"-0.62
GCAGCAGCGUCUCGUUCAG,UGACCCCAAGGAAAAGGAUCUGAACGAGACGCUGCUGCGCUCGCXXXXXXXXXXXXX,0.3497390007457121,0,"-0.89
GUUCAGAUCCUUUUCCUUG,CAGACCCUAUCUUUGACCCCAAGGAAAAGGAUCUGAACXXXXXXXXXXXXXXXXXXX,0.7091722595078299,1,"-0.13
CCUUGGGGUCAAAGAUAGG,CCUCAUCGAACACCCAGACCCUAUCUUUGACCCCAAGGXXXXXXXXXXXXXXXXXXX,0.6644295302013423,1,"0.0
GGGUCAAAGAUAGGGUCUG,GUGGACCUCAUCGAACACCCAGACCCUAUCUUUGACCCCAAGXXXXXXXXXXXXXXX,0.6621923937360179,1,"-0.7
GGGUCUGGGUGUUCGAUGA,AACCUGCCCCUGGUGGACCUCAUCGAACACCCAGACCCUAUCUUUGXXXXXXXXXXX,0.505592841163311,0,"-1.36
GUCUGGGUGUUCGAUGAGG,ACAACCUGCCCCUGGUGGACCUCAUCGAACACCCAGACCCUAUCUUUGXXXXXXXXX,0.5913497390007457,1,"0.57
UCUGGGUGUUCGAUGAGGU,GACAACCUGCCCCUGGUGGACCUCAUCGAACACCCAGACCCUAUCUUUGXXXXXXXX,0.7591349739000746,1,"-0.11
UGUUCGAUGAGGUCCACCA,CCCAGCGACAACCUGCCCCUGGUGGACCUCAUCGAACAXXXXXXXXXXXXXXXXXXX,0.7188665175242356,1,"0.0
UUCGAUGAGGUCCACCAGG,CACCCAGCGACAACCUGCCCCUGGUGGACCUCAUCGAACAXXXXXXXXXXXXXXXXX,0.6092468307233407,1,"2.33
GGGGCAGGUUGUCGCUGGG,UCUCCACAUCCGCCCGGCACCCAGCGACAACCUGCCCCUGGXXXXXXXXXXXXXXXX,0.5078299776286354,0,"0.0
UUGUCGCUGGGUGCCGGGC,CAGCACUAUCUCCACAUCCGCCCGGCACCCAGCGACAACCUGXXXXXXXXXXXXXXX,0.6592095451155854,1,"2.49
UCGCUGGGUGCCGGGCGGA,GGCCAGCACUAUCUCCACAUCCGCCCGGCACCCAGCGACAACCUGXXXXXXXXXXXX,0.5369127516778524,1,"0.0
CGCUGGGUGCCGGGCGGAU,CGGCCAGCACUAUCUCCACAUCCGCCCGGCACCCAGCGACAACCUGXXXXXXXXXXX,0.3184190902311707,0,"-1.26
GGGUGCCGGGCGGAUGUGG,CCGGCGGCCAGCACUAUCUCCACAUCCGCCCGGCACCCAGXXXXXXXXXXXXXXXXX,0.3832960477255779,0,"0.0
GCCGGGCGGAUGUGGAGAU,XCGGCCGGCGGCCAGCACUAUCUCCACAUCCGCCCGGCACCXXXXXXXXXXXXXXXX,0.4489187173750932,0,"-2.32
GGGCGGAUGUGGAGAUAGU,XXXXCGGCCGGCGGCCAGCACUAUCUCCACAUCCGCCCGGCACCXXXXXXXXXXXXX,0.3937360178970917,0,"-1.47
GGAGAUAGUGCUGGCCGCC,XXXXXXXXXXXXXXCGGCCGGCGGCCAGCACUAUCUCCACAUCCGCCCGGCACCXXX,0.6517524235645041,1,"0.0
GAUAGUGCUGGCCGCCGGC,XXXXXXXXXXXXXXXXXCGGCCGGCGGCCAGCACUAUCUCCACAUCCGCCCGGCACC,0.6129753914988814,1,"0.62
UUCCAGAGCUCGGCAGCAU,GAUAGUCCCUUGAACACACAUGCUGCCGAGCUCUGGAAAAXXXXXXXXXXXXXXXXX,0.6301267710663684,1,"0.17
UCCAGAGCUCGGCAGCAUG,UGAUAGUCCCUUGAACACACAUGCUGCCGAGCUCUGGAAAAXXXXXXXXXXXXXXXX,0.6748695003728561,1,"0.66
AGCUCGGCAGCAUGUGUGU,AACAUUGAUAGUCCCUUGAACACACAUGCUGCCGAGCUXXXXXXXXXXXXXXXXXXX,0.5816554809843401,1,"0.16
CUCGGCAGCAUGUGUGUUC,CCAACAUUGAUAGUCCCUUGAACACACAUGCUGCCGAGCUXXXXXXXXXXXXXXXXX,0.668158090976883,1,"0.27
UCGGCAGCAUGUGUGUUCA,CCCAACAUUGAUAGUCCCUUGAACACACAUGCUGCCGAGCUXXXXXXXXXXXXXXXX,0.645041014168531,1,"-0.24
AUGUGUGUUCAAGGGACUA,UAGGAGAACCCAACAUUGAUAGUCCCUUGAACACACAUGXXXXXXXXXXXXXXXXXX,0.5674869500372857,1,"0.23
UUCAAGGGACUAUCAAUGU,AGCCUUCUAGGAGAACCCAACAUUGAUAGUCCCUUGAACXXXXXXXXXXXXXXXXXX,0.6771066368381805,1,"0.86
UCAAGGGACUAUCAAUGUU,GAGCCUUCUAGGAGAACCCAACAUUGAUAGUCCCUUGAACXXXXXXXXXXXXXXXXX,0.6942580164056674,1,"-0.97
CUAUCAAUGUUGGGUUCUC,UCCAUCCAGAGCCUUCUAGGAGAACCCAACAUUGAUAGUCXXXXXXXXXXXXXXXXX,0.494407158836689,0,"0.27
AUCAAUGUUGGGUUCUCCU,UCUCCAUCCAGAGCCUUCUAGGAGAACCCAACAUUGAUAXXXXXXXXXXXXXXXXXX,0.7024608501118568,1,"0.53
AAUGUUGGGUUCUCCUAGA,UGCUCUCCAUCCAGAGCCUUCUAGGAGAACCCAACAUUGAUAXXXXXXXXXXXXXXX,0.6621923937360179,1,"0.97
UGUUGGGUUCUCCUAGAAG,UCUGCUCUCCAUCCAGAGCCUUCUAGGAGAACCCAACAUUGAUAXXXXXXXXXXXXX,0.6420581655480985,1,"0.87
UUGGGUUCUCCUAGAAGGC,AUUCUGCUCUCCAUCCAGAGCCUUCUAGGAGAACCCAACAUUGAUAXXXXXXXXXXX,0.6920208799403431,1,"2.49
GUUCUCCUAGAAGGCUCUG,GACCAUUCUGCUCUCCAUCCAGAGCCUUCUAGGAGAACCCAXXXXXXXXXXXXXXXX,0.5630126771066368,1,"-0.13
UCCUAGAAGGCUCUGGAUG,UCAGGACCAUUCUGCUCUCCAUCCAGAGCCUUCUAGGAGXXXXXXXXXXXXXXXXXX,0.5861297539149889,1,"0.66
UAGAAGGCUCUGGAUGGAG,AUGUCAGGACCAUUCUGCUCUCCAUCCAGAGCCUUCUAXXXXXXXXXXXXXXXXXXX,0.610738255033557,1,"1.2
CUGGAUGGAGAGCAGAAUG,CCCUGUAUGAUGUCAGGACCAUUCUGCUCUCCAUCCAGAXXXXXXXXXXXXXXXXXX,0.5943325876211782,1,"0.03
GGAGAGCAGAAUGGUCCUG,GGUCUGCCCUGUAUGAUGUCAGGACCAUUCUGCUCUCCXXXXXXXXXXXXXXXXXXX,0.3385533184190902,0,"-0.7
AGCAGAAUGGUCCUGACAU,AAGUGGUCUGCCCUGUAUGAUGUCAGGACCAUUCUGCUCXXXXXXXXXXXXXXXXXX,0.4213273676360924,0,"-0.53
GCAGAAUGGUCCUGACAUC,AAAGUGGUCUGCCCUGUAUGAUGUCAGGACCAUUCUGCUCXXXXXXXXXXXXXXXXX,0.3639075316927666,0,"-0.62
GAAUGGUCCUGACAUCAUA,GGAAAAGUGGUCUGCCCUGUAUGAUGUCAGGACCAUUCUGCUCXXXXXXXXXXXXXX,0.2393736017897091,0,"-1.47
GGUCCUGACAUCAUACAGG,UGAAGGAAAAGUGGUCUGCCCUGUAUGAUGUCAGGACCAXXXXXXXXXXXXXXXXXX,0.3131991051454139,0,"0.0
CCUGACAUCAUACAGGGCA,UCCUGAAGGAAAAGUGGUCUGCCCUGUAUGAUGUCAGGXXXXXXXXXXXXXXXXXXX,0.3788217747949292,0,"-1.6
ACAUCAUACAGGGCAGACC,GACAUCCUGAAGGAAAAGUGGUCUGCCCUGUAUGAUGUCXXXXXXXXXXXXXXXXXX,0.4138702460850112,0,"1.47
CAUCAUACAGGGCAGACCA,GGACAUCCUGAAGGAAAAGUGGUCUGCCCUGUAUGAUGUCXXXXXXXXXXXXXXXXX,0.2132736763609246,0,"-0.9
UCAUACAGGGCAGACCACU,CUGGACAUCCUGAAGGAAAAGUGGUCUGCCCUGUAUGAUGUCXXXXXXXXXXXXXXX,0.4556301267710663,0,"-0.27
GGCAGACCACUUUUCCUUC,ACAUAUGCCUGGACAUCCUGAAGGAAAAGUGGUCUGCCXXXXXXXXXXXXXXXXXXX,0.4720357941834452,0,"-0.46
GACCACUUUUCCUUCAGGA,GGUAACAUAUGCCUGGACAUCCUGAAGGAAAAGUGGUCUGCCXXXXXXXXXXXXXXX,0.5354213273676359,1,"-0.9
CACUUUUCCUUCAGGAUGU,CAGGGUAACAUAUGCCUGGACAUCCUGAAGGAAAAGUGGUCUGCCXXXXXXXXXXXX,0.3445190156599553,0,"-0.77
UUCCUUCAGGAUGUCCAGG,ACACCCAGGGUAACAUAUGCCUGGACAUCCUGAAGGAAAAXXXXXXXXXXXXXXXXX,0.5533184190902312,1,"2.33
UCCUUCAGGAUGUCCAGGC,GACACCCAGGGUAACAUAUGCCUGGACAUCCUGAAGGAAAAXXXXXXXXXXXXXXXX,0.6398210290827739,1,"1.52
CCUUCAGGAUGUCCAGGCA,GGACACCCAGGGUAACAUAUGCCUGGACAUCCUGAAGGAAAAXXXXXXXXXXXXXXX,0.3668903803131991,0,"-1.6
AGGAUGUCCAGGCAUAUGU,AACGUGGACACCCAGGGUAACAUAUGCCUGGACAUCCUGXXXXXXXXXXXXXXXXXX,0.5645041014168531,1,"0.16
GGCAUAUGUUACCCUGGGU,CUAUCACCCCAACGUGGACACCCAGGGUAACAUAUGCCXXXXXXXXXXXXXXXXXXX,0.2953020134228188,0,"-1.47
UUACCCUGGGUGUCCACGU,ACGCCCUGCUAUCACCCCAACGUGGACACCCAGGGUAACAXXXXXXXXXXXXXXXXX,0.6189410887397464,1,"0.86
GGGUGUCCACGUUGGGGUG,GUUCCUCACGCCCUGCUAUCACCCCAACGUGGACACCCAGGGUAACAXXXXXXXXXX,0.0865026099925428,0,"-0.7
GUCCACGUUGGGGUGAUAG,UGAAGUUCCUCACGCCCUGCUAUCACCCCAACGUGGACAXXXXXXXXXXXXXXXXXX,0.575689783743475,1,"-0.16
UCCACGUUGGGGUGAUAGC,GUGAAGUUCCUCACGCCCUGCUAUCACCCCAACGUGGACAXXXXXXXXXXXXXXXXX,0.6666666666666667,1,"1.52
CGUUGGGGUGAUAGCAGGG,CACAGUGAAGUUCCUCACGCCCUGCUAUCACCCCAACGUGGACAXXXXXXXXXXXXX,0.3959731543624161,0,"0.9
GUUGGGGUGAUAGCAGGGC,CCACAGUGAAGUUCCUCACGCCCUGCUAUCACCCCAACXXXXXXXXXXXXXXXXXXX,0.4727815063385533,0,"0.73
UAGCAGGGCGUGAGGAACU,UACAAUGCGCCCACAGUGAAGUUCCUCACGCCCUGCUAUXXXXXXXXXXXXXXXXXX,0.6293810589112603,1,"0.3
AGCAGGGCGUGAGGAACUU,UUACAAUGCGCCCACAGUGAAGUUCCUCACGCCCUGCUAUXXXXXXXXXXXXXXXXX,0.3803131991051454,0,"-0.7
GCAGGGCGUGAGGAACUUC,CUUACAAUGCGCCCACAGUGAAGUUCCUCACGCCCUGCUAUXXXXXXXXXXXXXXXX,0.3049962714392244,0,"-0.62
GUGAGGAACUUCACUGUGG,GGCUACCCUUACAAUGCGCCCACAGUGAAGUUCCUCACGCCCXXXXXXXXXXXXXXX,0.5540641312453393,1,"0.57
GAGGAACUUCACUGUGGGC,GUGGCUACCCUUACAAUGCGCCCACAGUGAAGUUCCUCXXXXXXXXXXXXXXXXXXX,0.3482475764354959,0,"0.62
GGAACUUCACUGUGGGCGC,CAGUGGCUACCCUUACAAUGCGCCCACAGUGAAGUUCCUXXXXXXXXXXXXXXXXXX,0.5287099179716629,1,"0.16
ACUUCACUGUGGGCGCAUU,CCCCAGUGGCUACCCUUACAAUGCGCCCACAGUGAAGUXXXXXXXXXXXXXXXXXXX,0.4295302013422818,0,"-0.86
UUCACUGUGGGCGCAUUGU,UUCCCCAGUGGCUACCCUUACAAUGCGCCCACAGUGAAGUXXXXXXXXXXXXXXXXX,0.6987322893363163,1,"0.86
GUGGGCGCAUUGUAAGGGU,CUAGAGUUCCCCAGUGGCUACCCUUACAAUGCGCCCACAXXXXXXXXXXXXXXXXXX,0.3534675615212528,0,"-0.9
CGCAUUGUAAGGGUAGCCA,UCUCGCUAGAGUUCCCCAGUGGCUACCCUUACAAUGCGCCCXXXXXXXXXXXXXXXX,0.4571215510812826,0,"-0.7
GCAUUGUAAGGGUAGCCAC,CUCUCGCUAGAGUUCCCCAGUGGCUACCCUUACAAUGCGCCCXXXXXXXXXXXXXXX,0.6547352721849367,1,"-0.73
CAUUGUAAGGGUAGCCACU,GCUCUCGCUAGAGUUCCCCAGUGGCUACCCUUACAAUGCGCCCXXXXXXXXXXXXXX,0.5734526472781507,1,"-0.93
UGUAAGGGUAGCCACUGGG,UAAGCUCUCGCUAGAGUUCCCCAGUGGCUACCCUUACAXXXXXXXXXXXXXXXXXXX,0.639075316927666,1,"1.6
GUAAGGGUAGCCACUGGGG,AUAAGCUCUCGCUAGAGUUCCCCAGUGGCUACCCUUACAXXXXXXXXXXXXXXXXXX,0.5048471290082028,0,"0.57
GUAGCCACUGGGGAACUCU,UGAGGUAUAAGCUCUCGCUAGAGUUCCCCAGUGGCUACXXXXXXXXXXXXXXXXXXX,0.6487695749440716,1,"-1.06
UAGCCACUGGGGAACUCUA,CUGAGGUAUAAGCUCUCGCUAGAGUUCCCCAGUGGCUAXXXXXXXXXXXXXXXXXXX,0.5011185682326622,0,"0.0
GCCACUGGGGAACUCUAGC,ACCUGAGGUAUAAGCUCUCGCUAGAGUUCCCCAGUGGCXXXXXXXXXXXXXXXXXXX,0.5145413870246085,0,"0.0
CCACUGGGGAACUCUAGCG,GACCUGAGGUAUAAGCUCUCGCUAGAGUUCCCCAGUGGCXXXXXXXXXXXXXXXXXX,0.6480238627889635,1,"-0.9
GAACUCUAGCGAGAGCUUA,UAUAUGAAGACCUGAGGUAUAAGCUCUCGCUAGAGUUCCCCAGUXXXXXXXXXXXXX,0.4489187173750932,0,"-1.47
UCUAGCGAGAGCUUAUACC,ACAGUAUAUGAAGACCUGAGGUAUAAGCUCUCGCUAGAXXXXXXXXXXXXXXXXXXX,0.6808351976137211,1,"1.36
CUAGCGAGAGCUUAUACCU,AACAGUAUAUGAAGACCUGAGGUAUAAGCUCUCGCUAGAXXXXXXXXXXXXXXXXXX,0.6890380313199106,1,"-0.9
AGCGAGAGCUUAUACCUCA,GGAACAGUAUAUGAAGACCUGAGGUAUAAGCUCUCGCUAXXXXXXXXXXXXXXXXXX,0.6010439970171514,1,"0.03
GCGAGAGCUUAUACCUCAG,UGGAACAGUAUAUGAAGACCUGAGGUAUAAGCUCUCGCUAXXXXXXXXXXXXXXXXX,0.5652498135719612,1,"-0.89
GAGAGCUUAUACCUCAGGU,GCUGGAACAGUAUAUGAAGACCUGAGGUAUAAGCUCUCXXXXXXXXXXXXXXXXXXX,0.6032811334824758,1,"-1.01
GAGCUUAUACCUCAGGUCU,CAGCUGGAACAGUAUAUGAAGACCUGAGGUAUAAGCUCUXXXXXXXXXXXXXXXXXX,0.5346756152125279,1,"-1.17
AGCUUAUACCUCAGGUCUU,GCAGCUGGAACAGUAUAUGAAGACCUGAGGUAUAAGCUCUXXXXXXXXXXXXXXXXX,0.3460104399701715,0,"-0.7
CCUCAGGUCUUCAUAUACU,UCCAUGGAGCAGCUGGAACAGUAUAUGAAGACCUGAGGUAUXXXXXXXXXXXXXXXX,0.575689783743475,1,"-1.63
CUCAGGUCUUCAUAUACUG,AUCCAUGGAGCAGCUGGAACAGUAUAUGAAGACCUGAGGUAUXXXXXXXXXXXXXXX,0.6129753914988814,1,"0.03
UCAGGUCUUCAUAUACUGU,CAUCCAUGGAGCAGCUGGAACAGUAUAUGAAGACCUGAGGUAUXXXXXXXXXXXXXX,0.656972408650261,1,"-0.11
AGGUCUUCAUAUACUGUUC,ACCAUCCAUGGAGCAGCUGGAACAGUAUAUGAAGACCUXXXXXXXXXXXXXXXXXXX,0.6480238627889635,1,"1.17
CUUCAUAUACUGUUCCAGC,XGGGACCAUCCAUGGAGCAGCUGGAACAGUAUAUGAAGACCUXXXXXXXXXXXXXXX,0.674123788217748,1,"0.89
UUCAUAUACUGUUCCAGCU,XXGGGACCAUCCAUGGAGCAGCUGGAACAGUAUAUGAAGACCUXXXXXXXXXXXXXX,0.727069351230425,1,"0.7
UAUACUGUUCCAGCUGCUC,XXXXXXGGGACCAUCCAUGGAGCAGCUGGAACAGUAUAUGAAGACCUXXXXXXXXXX,0.6353467561521253,1,"1.47
ACUGUUCCAGCUGCUCCAU,XXXXXXXXXGGGACCAUCCAUGGAGCAGCUGGAACAGUAUAUGAAGACCUXXXXXXX,0.6301267710663684,1,"-0.69
CCAGCUGCUCCAUGGAUGG,XXXXXXXXXXXXXXXGGGACCAUCCAUGGAGCAGCUGGAACAGUAUAUGAAGACCUX,0.6017897091722596,1,"0.0
CAGCUGCUCCAUGGAUGGU,XXXXXXXXXXXXXXXXGGGACCAUCCAUGGAGCAGCUGGAACAGUAUAUGAAGACCU,0.4630872483221476,0,"-0.77
UGGGUUGGUCAAAGCCGCG,AUGAGACUACGCUGAAAAUCGCGGCUUUGACCAACCCAGUGXXXXXXXXXXXXXXXX,0.6293810589112603,1,"0.7
CACUCCCACAGAAGUAAAG,UCAUCAGCUCUGUGGCGGCCUUUACUUCUGUGGGAGUGGGAACUGUUCUCUGXXXXX,0.5048471290082028,0,"-0.03
AAGCCUUCAGGAGGGUGCG,GGAAAAUGGCAGUGAGUACCGCACCCUCCUGAAGGCUUUUGGCAUCCGCUUCGXXXX,0.5063385533184191,0,"1.43
AACCUGAAGUUGUAGCCUG,GAGAAAAGCAGCGUGUCCCCAGGCUACAACUUCAGGUUXXXXXXXXXXXXXXXXXXX,0.7121551081282624,1,"1.63
AAACGCUGUCGAGCCGGGU,XXUCCCCAAAUACUCCUUCACCCGGCUCGACAGCGUUUCUGAGAAAAGCAGCGUGUC,0.7017151379567487,1,"0.86
UCGAGCCGGGUGAAGGAGU,GACCAGUGCAUCCCCAAAUACUCCUUCACCCGGCUCGACAGCGUXXXXXXXXXXXXX,0.5980611483967189,1,"-0.11
CCCAGGCCUUGUCCAAGUC,UAAGAUCGGCUGGGUGUGCGACUUGGACAAGGCCUGGGACCAGXXXXXXXXXXXXXX,0.6935123042505593,1,"-0.46
UUGACCACGUCCCCUACCC,CCUUUCUGCCCCAUCUUGCGGGUAGGGGACGUGGUCAAGUXXXXXXXXXXXXXXXXX,0.7076808351976137,1,"2.33
AGAUGGGGCAGAAAGGGUC,XXXXXUCCACCCGGACAAGGACCCUUUCUGCCCCAUCUUGCGGGUAGGGGACGUGGU,0.4906785980611484,0,"1.17
UGUCCGGGUGGAAGCGGCA,AGCCAGGGACAUGAAGACCUGCCGCUUCCACCCGGACAAGGACCCUUUCUGXXXXXX,0.6987322893363163,1,"0.0
AACGGAUGCUGUUCUUGAU,UGAGAACUUCACUAUUUUCAUCAAGAACAGCAUCCGUUUCCCCCUCXXXXXXXXXXX,0.5264727815063386,1,"0.17
UUGAUGAAAAUAGUGAAGU,AUCAUGAUGGAAGCUGAGAACUUCACUAUUUUCAUCAAGAACAGCAUXXXXXXXXXX,0.6927665920954512,1,"0.86
CAUCAUGAUGGGCGUUUCC,XCACGGAGGUGGACACAGUGGAAACGCCCAUCAUGAUGGAAGCUGAGAACUUCACUA,0.55779269202088,1,"0.7
GUUUCCACUGUGUCCACCU,XXXXXXXXXXXXXXCACGGAGGUGGACACAGUGGAAACGCCCAUCAUGAUGGAAGCU,0.6815809097688292,1,"-1.06
CCACCUCCGUGGGGCACCA,GACCUGUGAGAUCCAGGGCUGGUGCCCCACGGAGGUGGAXXXXXXXXXXXXXXXXXX,0.1006711409395973,0,"-1.6
GCCCGCACUGGCUGUCUGA,GGAGAAAUACCGCUGUGUAUCAGACAGCCAGUGCGGGCCUGAGCGCUUGCCAGGUGG,0.1774794929157345,0,"-1.52
ACACAGCGGUAUUUCUCCU,GGAUUCUGCCCAGAGAGUGAGGAGAAAUACCGCUGUGUAXXXXXXXXXXXXXXXXXX,0.5354213273676359,1,"-0.16
CACAGCGGUAUUUCUCCUC,AGGAUUCUGCCCAGAGAGUGAGGAGAAAUACCGCUGUGUAXXXXXXXXXXXXXXXXX,0.5026099925428785,0,"0.24
CCUCACUCUCUGGGCAGAA,UGAAAAUCAGAUGCAAGGAUUCUGCCCAGAGAGUGAGGAGAAXXXXXXXXXXXXXXX,0.3303504847129008,0,"-2.33
UCACUCUCUGGGCAGAAUC,ACUGAAAAUCAGAUGCAAGGAUUCUGCCCAGAGAGUGAGXXXXXXXXXXXXXXXXXX,0.7225950782997763,1,"0.9
UCUCUGGGCAGAAUCCUUG,UGUUACUGAAAAUCAGAUGCAAGGAUUCUGCCCAGAGAGUGAGXXXXXXXXXXXXXX,0.7591349739000746,1,"0.66
AGAAUCCUUGCAUCUGAUU,CAAGAUGAUUGUUACUGAAAAUCAGAUGCAAGGAUUCUGCCCAGAXXXXXXXXXXXX,0.5906040268456376,1,"-0.7
UCAGUAACAAUCAUCUUGG,UCGGUCUUUGUCAUCAUCACCAAGAUGAUUGUUACUGAXXXXXXXXXXXXXXXXXXX,0.7375093214019388,1,"1.36
AUGACAAAGACCGAGGUGC,UACGUGACGCCACCUCAGGGCACCUCGGUCUUUGUCAUCAUCACXXXXXXXXXXXXX,0.6405667412378822,1,"2.32
GAGGUGCCCUGAGGUGGCG,GAUGUGUCUGAUUACGUGACGCCACCUCAGGGCACCUCGGUCUUUXXXXXXXXXXXX,0.0969425801640566,0,"-0.44
GGCGUCACGUAAUCAGACA,XXXAACAGAGUCAUGGAUGUGUCUGAUUACGUGACGCCACCUCAGGGCACCUCGGUC,0.3214019388516033,0,"-1.6
GUCACGUAAUCAGACACAU,UACGCCAACAGAGUCAUGGAUGUGUCUGAUUACGUGACGXXXXXXXXXXXXXXXXXX,0.2527964205816555,0,"-1.59
CAUGACUCUGUUGGCGUAG,AGGUGAAGGGCUCCGGACUCUACGCCAACAGAGUCAUGGAUGUGUCUXXXXXXXXXX,0.3982102908277405,0,"-0.03
AAUGGCUGUGUCCCGUACC,UGCACGAGAAGGCUUACCAGGUACGGGACACAGCCAUUGAGUCCUCGGUGGUAACCA,0.4563758389261745,0,"2.33
UGCAAGAAAACCCACCCUA,CUGAUCAUCUCCUACUUUGUAGGGUGGGUUUUCUUGCACGAGAAGGCUUACXXXXXX,0.6129753914988814,1,"-0.33
GAGAUGAUCAGAAGCUGAA,GGGAUCAUCAACCGAGUAGUUCAGCUUCUGAUCAUCUCCUACUUUGUXXXXXXXXXX,0.3489932885906041,0,"-1.87
CUGAACUACUCGGUUGAUG,AGAGCUGGACCAUCGGGAUCAUCAACCGAGUAGUUCAGCUUCXXXXXXXXXXXXXXX,0.5570469798657718,1,"0.03
CUCGGUUGAUGAUCCCGAU,GGUUGUGAAGAGCUGGACCAUCGGGAUCAUCAACCGAGUAGUUCAGCUUCXXXXXXX,0.2930648769574944,0,"-1.43
GGUUGAUGAUCCCGAUGGU,GGUGGUUGUGAAGAGCUGGACCAUCGGGAUCAUCAACCGAGUAGUUCAGCUUCXXXX,0.1871737509321402,0,"-1.47
CUCUUCACAACCACCGACU,XXXXXXXXXXXXXXXXXXXAGUCGGUGGUUGUGAAGAGCUGGACCAUCGGGAUCAUC,0.4839671886651752,0,"-0.9
CGGUGGACUGCUUCUCCGC,CCCCAGCGACCAGACCACAGCGGAGAAGCAGUCCACCGXXXXXXXXXXXXXXXXXXX,0.6099925428784488,1,"1.06
GACUGCUUCUCCGCUGUGG,GUGUACCCCAGCGACCAGACCACAGCGGAGAAGCAGUCCACCGXXXXXXXXXXXXXX,0.4675615212527964,0,"0.46
GCGAUUUUCAGCGUAGUCU,AAGUUUGAGGAGGUGAAUGAGACUACGCUGAAAAUCGCGGCUUUGACCAXXXXXXXX,0.5749440715883669,1,"-1.79
CAGCGUAGUCUCAUUCACC,AAGCCAAGAAGUUUGAGGAGGUGAAUGAGACUACGCUGAAAAUCGCGGCUUUGACCA,0.651006711409396,1,"0.7
AACUUCUUGGCUUUGUACU,UUCCUCAAGGGGGCCGACCAGUACAAAGCCAAGAAGUUUGAGGAGGUGAXXXXXXXX,0.7419835943325876,1,"0.7
UUCUUGGCUUUGUACUGGU,AACUUCCUCAAGGGGGCCGACCAGUACAAAGCCAAGAAGUUUGAGGAGGUGAXXXXX,0.6181953765846383,1,"0.86
GGCUUUGUACUGGUCGGCC,UGCUCAACUUCCUCAAGGGGGCCGACCAGUACAAAGCCAAGAAGUUUGAGGAGGUGA,0.5070842654735273,0,"0.0
UUGAGGAAGUUGAGCAGGA,ACUGUUCUCUGUGACAUCAUCCUGCUCAACUUCCUCAAGGGGGCCGACCAGUACAAA,0.6733780760626399,1,"0.97
UCCCACAGAAGUAAAGGCC,CCAUCAUCAGCUCUGUGGCGGCCUUUACUUCUGUGGGAGUGGGAACUGUUCUCUGXX,0.5980611483967189,1,"1.36
CCACAGAAGUAAAGGCCGC,CACCAUCAUCAGCUCUGUGGCGGCCUUUACUUCUGUGGGAGUGGGAACUGUUCUCUG,0.4578672632363907,0,"0.16
GAUGAUGGUGGGGAUGAUG,GGAAUGCUGGCAAGUUCAACAUCAUCCCCACCAUCAUCAGCUCUGUGGCGGCCUUUA,0.2870991797166294,0,"-0.24
CUUCAGGAGGGUGCGGUAC,AAAUGGAAAAUGGCAGUGAGUACCGCACCCUCCUGAAGGCUUUUGGCAUCCGCUUCG,0.2766592095451156,0,"0.16
GGGACACGCUGCUUUUCUC,CCGGCUCGACAGCGUUUCUGAGAAAAGCAGCGUGUCCCXXXXXXXXXXXXXXXXXXX,0.5093214019388517,0,"-0.46
UCUCAGAAACGCUGUCGAG,CAAAUACUCCUUCACCCGGCUCGACAGCGUUUCUGAGAAAAGCAGCGUGUCCCXXXX,0.4787472035794183,0,"0.63
CAGAAACGCUGUCGAGCCG,CCCCAAAUACUCCUUCACCCGGCUCGACAGCGUUUCUGAGAAAAGCAGCGUGUCCCX,0.6413124533929903,1,"-0.2
AGAAACGCUGUCGAGCCGG,UCCCCAAAUACUCCUUCACCCGGCUCGACAGCGUUUCUGAGAAAAGCAGCGUGUCCC,0.7307979120059657,1,"1.63
AGGAGUAUUUGGGGAUGCA,GGACAAGGCCUGGGACCAGUGCAUCCCCAAAUACUCCUUCACCCGGCUCGACAGCGU,0.4198359433258761,0,"0.03
AAGUCGCACACCCAGCCGA,GGAGUUCUGGGCAUUAAGAUCGGCUGGGUGUGCGACUUGGACAAGGXXXXXXXXXXX,0.5749440715883669,1,"0.97
CACACCCAGCCGAUCUUAA,ACGGGGGGAGUUCUGGGCAUUAAGAUCGGCUGGGUGUGCGACUUGGACAAGGXXXXX,0.4131245339299031,0,"-1.63
CCAGCCGAUCUUAAUGCCC,CGCGCACGGGGGGAGUUCUGGGCAUUAAGAUCGGCUGGGUGUGCGACUUGGACAAGG,0.4451901565995526,0,"0.0
UGCGCGCCAGUUUGGCAAA,CAAGUUUGCGGGGCAGGAUUUUGCCAAACUGGCGCGCACGGGGXXXXXXXXXXXXXX,0.2781506338553318,0,"-0.73
UGGCAAAAUCCUGCCCCGC,AGGGGACGUGGUCAAGUUUGCGGGGCAGGAUUUUGCCAAACUGGCGCGCACGGGGXX,0.505592841163311,0,"1.76
GCAAAAUCCUGCCCCGCAA,GUAGGGGACGUGGUCAAGUUUGCGGGGCAGGAUUUUGCCAAACUGGCGCGCACGGGG,0.2490678598061148,0,"-2.49
GACCACGUCCCCUACCCGC,ACCCUUUCUGCCCCAUCUUGCGGGUAGGGGACGUGGUCAAGUXXXXXXXXXXXXXXX,0.2774049217002237,0,"0.62
ACGUCCCCUACCCGCAAGA,AAGGACCCUUUCUGCCCCAUCUUGCGGGUAGGGGACGUGGUCAAGUXXXXXXXXXXX,0.5659955257270693,1,"0.11
CCGCAAGAUGGGGCAGAAA,UCCACCCGGACAAGGACCCUUUCUGCCCCAUCUUGCGGGUAGGGGACGUGGUCAAGU,0.2624906785980611,0,"-2.33
GGUGGAAGCGGCAGGUCUU,CCUGACAGCCAGGGACAUGAAGACCUGCCGCUUCCACCXXXXXXXXXXXXXXXXXXX,0.2975391498881432,0,"-2.33
UCUUCAUGUCCCUGGCUGU,AAACCUCCUUCCCAACCUGACAGCCAGGGACAUGAAGACCUGCCGXXXXXXXXXXXX,0.5824011931394482,1,"-0.11
UUCAUGUCCCUGGCUGUCA,GGAAACCUCCUUCCCAACCUGACAGCCAGGGACAUGAAGACCUGCCGXXXXXXXXXX,0.6748695003728561,1,"0.73
CAUGUCCCUGGCUGUCAGG,AGGGAAACCUCCUUCCCAACCUGACAGCCAGGGACAUGAAGACCUGCCGXXXXXXXX,0.2490678598061148,0,"0.7
UGGCUGUCAGGUUGGGAAG,CUUUGAGAAGGGAAACCUCCUUCCCAACCUGACAGCCAGGGACAUGAAGACCUGCCG,0.494407158836689,0,"0.87
UUCUUGAUGAAAAUAGUGA,AUGAUGGAAGCUGAGAACUUCACUAUUUUCAUCAAGAACAGCAUXXXXXXXXXXXXX,0.5935868754660701,1,"0.97
UAGUGAAGUUCUCAGCUUC,GGAAACGCCCAUCAUGAUGGAAGCUGAGAACUUCACUAUXXXXXXXXXXXXXXXXXX,0.6621923937360179,1,"1.47
CCAUCAUGAUGGGCGUUUC,CACGGAGGUGGACACAGUGGAAACGCCCAUCAUGAUGGAAGCUGAGAACUUCACUAU,0.3631618195376584,0,"-0.46
AGCCCUGGAUCUCACAGGU,CUACAGCUCUGUGCUCCGGACCUGUGAGAUCCAGGGCUGGXXXXXXXXXXXXXXXXX,0.3743475018642804,0,"0.16
ACAGGUCCGGAGCACAGAG,GCCGCUGCGUGAACUACAGCUCUGUGCUCCGGACCUGUGAGAUCCXXXXXXXXXXXX,0.3124533929903057,0,"0.74
GUCCGGAGCACAGAGCUGU,ACUGGCCGCUGCGUGAACUACAGCUCUGUGCUCCGGACCUGXXXXXXXXXXXXXXXX,0.4414615958240119,0,"-0.9
CACAGAGCUGUAGUUCACG,GGAUCCUCACUGGCCGCUGCGUGAACUACAGCUCUGUGCUCXXXXXXXXXXXXXXXX,0.3131991051454139,0,"-0.2
UGUAGUUCACGCAGCGGCC,AGGUGGGGGGAUCCUCACUGGCCGCUGCGUGAACUACAGCUCUGUGCUCXXXXXXXX,0.5391498881431768,1,"1.6
ACGCAGCGGCCAGUGAGGA,CGCUUGCCAGGUGGGGGGAUCCUCACUGGCCGCUGCGUGAACUACAGCUCUGUGCUC,0.122296793437733,0,"0.11
CCUUGCAUCUGAUUUUCAG,AUCACCAAGAUGAUUGUUACUGAAAAUCAGAUGCAAGGAUUCUGCCCAGAXXXXXXX,0.6375838926174496,1,"-0.73
AUCUGAUUUUCAGUAACAA,GUCAUCAUCACCAAGAUGAUUGUUACUGAAAAUCAGAUGCAAGGAUUCUGCCCAGAX,0.4034302759134974,0,"-0.17
UCUGAUUUUCAGUAACAAU,UGUCAUCAUCACCAAGAUGAUUGUUACUGAAAAUCAGAUGCAAGGAUUCUGCCCAGA,0.5563012677106637,1,"-0.8
UGAUGAUGACAAAGACCGA,GACGCCACCUCAGGGCACCUCGGUCUUUGUCAUCAUCACXXXXXXXXXXXXXXXXXX,0.5428784489187174,1,"0.24
CCGAGGUGCCCUGAGGUGG,UGUGUCUGAUUACGUGACGCCACCUCAGGGCACCUCGGUCUUUXXXXXXXXXXXXXX,0.5234899328859061,1,"0.0
AGGUGCCCUGAGGUGGCGU,GGAUGUGUCUGAUUACGUGACGCCACCUCAGGGCACCUCGGUCUUUXXXXXXXXXXX,0.06413124533929901,0,"0.16
GGUGGCGUCACGUAAUCAG,AACAGAGUCAUGGAUGUGUCUGAUUACGUGACGCCACCUCAGGGCACCUCGGUCUUU,0.3728560775540641,0,"-0.73
UCCAUGACUCUGUUGGCGU,GUGAAGGGCUCCGGACUCUACGCCAACAGAGUCAUGGAUGUGUCUXXXXXXXXXXXX,0.6651752423564504,1,"-0.11
UUGGCGUAGAGUCCGGAGC,GUGGUAACCAAGGUGAAGGGCUCCGGACUCUACGCCAACAGAXXXXXXXXXXXXXXX,0.651006711409396,1,"2.49
GAGCCCUUCACCUUGGUUA,GCCAUUGAGUCCUCGGUGGUAACCAAGGUGAAGGGCUCCGGACUCUACGCCAACAGA,0.1208053691275167,0,"-1.47
AAAACCCACCCUACAAAGU,CAGCUUCUGAUCAUCUCCUACUUUGUAGGGUGGGUUUUCUUGCACGAGAAGGCUUAC,0.6666666666666667,1,"0.86
GAUGAUCAGAAGCUGAACU,UCGGGAUCAUCAACCGAGUAGUUCAGCUUCUGAUCAUCUCCUACUUUGUXXXXXXXX,0.5391498881431768,1,"-1.17
AUCAGAAGCUGAACUACUC,ACCAUCGGGAUCAUCAACCGAGUAGUUCAGCUUCUGAUCAUCUCCUACUUUGUXXXX,0.6845637583892618,1,"1.7
GAAGCUGAACUACUCGGUU,CUGGACCAUCGGGAUCAUCAACCGAGUAGUUCAGCUUCXXXXXXXXXXXXXXXXXXX,0.4623415361670395,0,"-1.87
GAUGAUCCCGAUGGUCCAG,AGUCGGUGGUUGUGAAGAGCUGGACCAUCGGGAUCAUCAACCGAGUAGUUCAGCUUC,0.4526472781506338,0,"-0.27
